LaBraM fine-tuning starting...
Loading dataset configuration (this may take a moment)...
Age_Regression baseline dataset loaded
  HDF5 directory: /home/mojtabam/scratch/processed_eeg_data_hdf5
  Segment length: 4s
  Task type: both
  Random seed: 42
  Note: Using pre-split HDF5 files (train/val/test splits from preprocessing)
  Note: IterableDataset size is unknown until iteration
MASTER_ADDR was unset or empty: set to 127.0.0.1 for distributed rendezvous.
MASTER_PORT was unset or empty: set to 29500 for distributed rendezvous.
| distributed init (rank 0): env://, gpu 0
[rank0]:[W513 12:28:42.240044457 ProcessGroupNCCL.cpp:4115] [PG ID 0 PG GUID 0 Rank 0]  using GPU 0 to perform barrier as devices used by this process are currently unknown. This can potentially cause a hang if this rank to GPU mapping is incorrect.Specify device_ids in barrier() to force use of a particular device,or call init_process_group() with a device_id.
libibverbs: Warning: couldn't load driver 'libvmw_pvrdma-rdmav34.so': libvmw_pvrdma-rdmav34.so: cannot open shared object file: No such file or directory
Namespace(batch_size=256, epochs=50, update_freq=1, save_ckpt_freq=5, robust_test=None, model='labram_base_patch200_200', qkv_bias=True, rel_pos_bias=True, abs_pos_emb=True, layer_scale_init_value=0.1, input_size=200, drop=0.0, attn_drop_rate=0.0, drop_path=0.1, disable_eval_during_finetuning=False, model_ema=True, model_ema_decay=0.996, model_ema_force_cpu=False, opt='adamw', opt_eps=1e-08, opt_betas=[0.9, 0.98], clip_grad=3.0, momentum=0.9, weight_decay=0.05, weight_decay_end=None, lr=0.0005, layer_decay=0.65, warmup_lr=1e-06, min_lr=1e-05, warmup_epochs=5, warmup_steps=-1, smoothing=0.0, reprob=0.25, remode='pixel', recount=1, resplit=False, finetune='/home/mojtabam/projects/aip-aghodsib/mojtabam/EEG/LaBraM/checkpoints/labram-base.pth', model_key='model|module', model_prefix='', model_filter_name='gzp', init_scale=0.001, use_mean_pooling=True, disable_weight_decay_on_rel_pos_bias=False, nb_classes=1, output_dir='/home/mojtabam/projects/aip-aghodsib/mojtabam/EEG/final_logs/LaBraM/LABRAM_base_age_regression_4s/output', log_dir='/home/mojtabam/projects/aip-aghodsib/mojtabam/EEG/final_logs/LaBraM/LABRAM_base_age_regression_4s/logs', device='cuda', seed=42, resume='', auto_resume=True, save_ckpt=True, start_epoch=0, eval=False, dist_eval=False, num_workers=10, pin_mem=True, aggregate_by_participant='majority_vote', world_size=1, local_rank=-1, dist_on_itp=False, dist_url='env://', enable_deepspeed=False, dataset='age_regression_baseline', segment_length='4s', data_path='/home/mojtabam/scratch/processed_eeg_data_hdf5', class_weight_power=1.0, is_cross_validation=False, cv_folds=None, rank=0, gpu=0, distributed=True, dist_backend='nccl')
Using device: cuda (1 GPU(s): ['NVIDIA L40S'])
Age_Regression baseline dataset loaded
  HDF5 directory: /home/mojtabam/scratch/processed_eeg_data_hdf5
  Segment length: 4s
  Task type: both
  Random seed: 42
  Note: Using pre-split HDF5 files (train/val/test splits from preprocessing)
  Note: IterableDataset size is unknown until iteration
Using IterableDataset - DataLoader will iterate directly (no sampler)
Distributed training: 1 tasks, rank 0
DataLoader num_workers: 4 (segment_length=4s, num_gpus=1)
Patch size = 200
Load ckpt from /home/mojtabam/projects/aip-aghodsib/mojtabam/EEG/LaBraM/checkpoints/labram-base.pth
Load state_dict by model_key = model
Weights of NeuralTransformer not initialized from pretrained model: ['blocks.0.attn.q_bias', 'blocks.0.attn.v_bias', 'blocks.1.attn.q_bias', 'blocks.1.attn.v_bias', 'blocks.2.attn.q_bias', 'blocks.2.attn.v_bias', 'blocks.3.attn.q_bias', 'blocks.3.attn.v_bias', 'blocks.4.attn.q_bias', 'blocks.4.attn.v_bias', 'blocks.5.attn.q_bias', 'blocks.5.attn.v_bias', 'blocks.6.attn.q_bias', 'blocks.6.attn.v_bias', 'blocks.7.attn.q_bias', 'blocks.7.attn.v_bias', 'blocks.8.attn.q_bias', 'blocks.8.attn.v_bias', 'blocks.9.attn.q_bias', 'blocks.9.attn.v_bias', 'blocks.10.attn.q_bias', 'blocks.10.attn.v_bias', 'blocks.11.attn.q_bias', 'blocks.11.attn.v_bias', 'fc_norm.weight', 'fc_norm.bias', 'head.weight', 'head.bias']
Weights from pretrained model not used in NeuralTransformer: ['mask_token', 'lm_head.weight', 'lm_head.bias', 'norm.weight', 'norm.bias']
Using EMA with decay = 0.99600000
Model = NeuralTransformer(
  (patch_embed): TemporalConv(
    (conv1): Conv2d(1, 8, kernel_size=(1, 15), stride=(1, 8), padding=(0, 7))
    (gelu1): GELU(approximate='none')
    (norm1): GroupNorm(4, 8, eps=1e-05, affine=True)
    (conv2): Conv2d(8, 8, kernel_size=(1, 3), stride=(1, 1), padding=(0, 1))
    (gelu2): GELU(approximate='none')
    (norm2): GroupNorm(4, 8, eps=1e-05, affine=True)
    (conv3): Conv2d(8, 8, kernel_size=(1, 3), stride=(1, 1), padding=(0, 1))
    (norm3): GroupNorm(4, 8, eps=1e-05, affine=True)
    (gelu3): GELU(approximate='none')
  )
  (pos_drop): Dropout(p=0.0, inplace=False)
  (blocks): ModuleList(
    (0): Block(
      (norm1): LayerNorm((200,), eps=1e-06, elementwise_affine=True)
      (attn): Attention(
        (qkv): Linear(in_features=200, out_features=600, bias=False)
        (q_norm): LayerNorm((20,), eps=1e-06, elementwise_affine=True)
        (k_norm): LayerNorm((20,), eps=1e-06, elementwise_affine=True)
        (attn_drop): Dropout(p=0.0, inplace=False)
        (proj): Linear(in_features=200, out_features=200, bias=True)
        (proj_drop): Dropout(p=0.0, inplace=False)
      )
      (drop_path): Identity()
      (norm2): LayerNorm((200,), eps=1e-06, elementwise_affine=True)
      (mlp): Mlp(
        (fc1): Linear(in_features=200, out_features=800, bias=True)
        (act): GELU(approximate='none')
        (fc2): Linear(in_features=800, out_features=200, bias=True)
        (drop): Dropout(p=0.0, inplace=False)
      )
    )
    (1): Block(
      (norm1): LayerNorm((200,), eps=1e-06, elementwise_affine=True)
      (attn): Attention(
        (qkv): Linear(in_features=200, out_features=600, bias=False)
        (q_norm): LayerNorm((20,), eps=1e-06, elementwise_affine=True)
        (k_norm): LayerNorm((20,), eps=1e-06, elementwise_affine=True)
        (attn_drop): Dropout(p=0.0, inplace=False)
        (proj): Linear(in_features=200, out_features=200, bias=True)
        (proj_drop): Dropout(p=0.0, inplace=False)
      )
      (drop_path): DropPath(p=0.00909090880304575)
      (norm2): LayerNorm((200,), eps=1e-06, elementwise_affine=True)
      (mlp): Mlp(
        (fc1): Linear(in_features=200, out_features=800, bias=True)
        (act): GELU(approximate='none')
        (fc2): Linear(in_features=800, out_features=200, bias=True)
        (drop): Dropout(p=0.0, inplace=False)
      )
    )
    (2): Block(
      (norm1): LayerNorm((200,), eps=1e-06, elementwise_affine=True)
      (attn): Attention(
        (qkv): Linear(in_features=200, out_features=600, bias=False)
        (q_norm): LayerNorm((20,), eps=1e-06, elementwise_affine=True)
        (k_norm): LayerNorm((20,), eps=1e-06, elementwise_affine=True)
        (attn_drop): Dropout(p=0.0, inplace=False)
        (proj): Linear(in_features=200, out_features=200, bias=True)
        (proj_drop): Dropout(p=0.0, inplace=False)
      )
      (drop_path): DropPath(p=0.0181818176060915)
      (norm2): LayerNorm((200,), eps=1e-06, elementwise_affine=True)
      (mlp): Mlp(
        (fc1): Linear(in_features=200, out_features=800, bias=True)
        (act): GELU(approximate='none')
        (fc2): Linear(in_features=800, out_features=200, bias=True)
        (drop): Dropout(p=0.0, inplace=False)
      )
    )
    (3): Block(
      (norm1): LayerNorm((200,), eps=1e-06, elementwise_affine=True)
      (attn): Attention(
        (qkv): Linear(in_features=200, out_features=600, bias=False)
        (q_norm): LayerNorm((20,), eps=1e-06, elementwise_affine=True)
        (k_norm): LayerNorm((20,), eps=1e-06, elementwise_affine=True)
        (attn_drop): Dropout(p=0.0, inplace=False)
        (proj): Linear(in_features=200, out_features=200, bias=True)
        (proj_drop): Dropout(p=0.0, inplace=False)
      )
      (drop_path): DropPath(p=0.027272727340459824)
      (norm2): LayerNorm((200,), eps=1e-06, elementwise_affine=True)
      (mlp): Mlp(
        (fc1): Linear(in_features=200, out_features=800, bias=True)
        (act): GELU(approximate='none')
        (fc2): Linear(in_features=800, out_features=200, bias=True)
        (drop): Dropout(p=0.0, inplace=False)
      )
    )
    (4): Block(
      (norm1): LayerNorm((200,), eps=1e-06, elementwise_affine=True)
      (attn): Attention(
        (qkv): Linear(in_features=200, out_features=600, bias=False)
        (q_norm): LayerNorm((20,), eps=1e-06, elementwise_affine=True)
        (k_norm): LayerNorm((20,), eps=1e-06, elementwise_affine=True)
        (attn_drop): Dropout(p=0.0, inplace=False)
        (proj): Linear(in_features=200, out_features=200, bias=True)
        (proj_drop): Dropout(p=0.0, inplace=False)
      )
      (drop_path): DropPath(p=0.036363635212183)
      (norm2): LayerNorm((200,), eps=1e-06, elementwise_affine=True)
      (mlp): Mlp(
        (fc1): Linear(in_features=200, out_features=800, bias=True)
        (act): GELU(approximate='none')
        (fc2): Linear(in_features=800, out_features=200, bias=True)
        (drop): Dropout(p=0.0, inplace=False)
      )
    )
    (5): Block(
      (norm1): LayerNorm((200,), eps=1e-06, elementwise_affine=True)
      (attn): Attention(
        (qkv): Linear(in_features=200, out_features=600, bias=False)
        (q_norm): LayerNorm((20,), eps=1e-06, elementwise_affine=True)
        (k_norm): LayerNorm((20,), eps=1e-06, elementwise_affine=True)
        (attn_drop): Dropout(p=0.0, inplace=False)
        (proj): Linear(in_features=200, out_features=200, bias=True)
        (proj_drop): Dropout(p=0.0, inplace=False)
      )
      (drop_path): DropPath(p=0.045454543083906174)
      (norm2): LayerNorm((200,), eps=1e-06, elementwise_affine=True)
      (mlp): Mlp(
        (fc1): Linear(in_features=200, out_features=800, bias=True)
        (act): GELU(approximate='none')
        (fc2): Linear(in_features=800, out_features=200, bias=True)
        (drop): Dropout(p=0.0, inplace=False)
      )
    )
    (6): Block(
      (norm1): LayerNorm((200,), eps=1e-06, elementwise_affine=True)
      (attn): Attention(
        (qkv): Linear(in_features=200, out_features=600, bias=False)
        (q_norm): LayerNorm((20,), eps=1e-06, elementwise_affine=True)
        (k_norm): LayerNorm((20,), eps=1e-06, elementwise_affine=True)
        (attn_drop): Dropout(p=0.0, inplace=False)
        (proj): Linear(in_features=200, out_features=200, bias=True)
        (proj_drop): Dropout(p=0.0, inplace=False)
      )
      (drop_path): DropPath(p=0.054545458406209946)
      (norm2): LayerNorm((200,), eps=1e-06, elementwise_affine=True)
      (mlp): Mlp(
        (fc1): Linear(in_features=200, out_features=800, bias=True)
        (act): GELU(approximate='none')
        (fc2): Linear(in_features=800, out_features=200, bias=True)
        (drop): Dropout(p=0.0, inplace=False)
      )
    )
    (7): Block(
      (norm1): LayerNorm((200,), eps=1e-06, elementwise_affine=True)
      (attn): Attention(
        (qkv): Linear(in_features=200, out_features=600, bias=False)
        (q_norm): LayerNorm((20,), eps=1e-06, elementwise_affine=True)
        (k_norm): LayerNorm((20,), eps=1e-06, elementwise_affine=True)
        (attn_drop): Dropout(p=0.0, inplace=False)
        (proj): Linear(in_features=200, out_features=200, bias=True)
        (proj_drop): Dropout(p=0.0, inplace=False)
      )
      (drop_path): DropPath(p=0.06363636255264282)
      (norm2): LayerNorm((200,), eps=1e-06, elementwise_affine=True)
      (mlp): Mlp(
        (fc1): Linear(in_features=200, out_features=800, bias=True)
        (act): GELU(approximate='none')
        (fc2): Linear(in_features=800, out_features=200, bias=True)
        (drop): Dropout(p=0.0, inplace=False)
      )
    )
    (8): Block(
      (norm1): LayerNorm((200,), eps=1e-06, elementwise_affine=True)
      (attn): Attention(
        (qkv): Linear(in_features=200, out_features=600, bias=False)
        (q_norm): LayerNorm((20,), eps=1e-06, elementwise_affine=True)
        (k_norm): LayerNorm((20,), eps=1e-06, elementwise_affine=True)
        (attn_drop): Dropout(p=0.0, inplace=False)
        (proj): Linear(in_features=200, out_features=200, bias=True)
        (proj_drop): Dropout(p=0.0, inplace=False)
      )
      (drop_path): DropPath(p=0.0727272778749466)
      (norm2): LayerNorm((200,), eps=1e-06, elementwise_affine=True)
      (mlp): Mlp(
        (fc1): Linear(in_features=200, out_features=800, bias=True)
        (act): GELU(approximate='none')
        (fc2): Linear(in_features=800, out_features=200, bias=True)
        (drop): Dropout(p=0.0, inplace=False)
      )
    )
    (9): Block(
      (norm1): LayerNorm((200,), eps=1e-06, elementwise_affine=True)
      (attn): Attention(
        (qkv): Linear(in_features=200, out_features=600, bias=False)
        (q_norm): LayerNorm((20,), eps=1e-06, elementwise_affine=True)
        (k_norm): LayerNorm((20,), eps=1e-06, elementwise_affine=True)
        (attn_drop): Dropout(p=0.0, inplace=False)
        (proj): Linear(in_features=200, out_features=200, bias=True)
        (proj_drop): Dropout(p=0.0, inplace=False)
      )
      (drop_path): DropPath(p=0.08181818574666977)
      (norm2): LayerNorm((200,), eps=1e-06, elementwise_affine=True)
      (mlp): Mlp(
        (fc1): Linear(in_features=200, out_features=800, bias=True)
        (act): GELU(approximate='none')
        (fc2): Linear(in_features=800, out_features=200, bias=True)
        (drop): Dropout(p=0.0, inplace=False)
      )
    )
    (10): Block(
      (norm1): LayerNorm((200,), eps=1e-06, elementwise_affine=True)
      (attn): Attention(
        (qkv): Linear(in_features=200, out_features=600, bias=False)
        (q_norm): LayerNorm((20,), eps=1e-06, elementwise_affine=True)
        (k_norm): LayerNorm((20,), eps=1e-06, elementwise_affine=True)
        (attn_drop): Dropout(p=0.0, inplace=False)
        (proj): Linear(in_features=200, out_features=200, bias=True)
        (proj_drop): Dropout(p=0.0, inplace=False)
      )
      (drop_path): DropPath(p=0.09090909361839294)
      (norm2): LayerNorm((200,), eps=1e-06, elementwise_affine=True)
      (mlp): Mlp(
        (fc1): Linear(in_features=200, out_features=800, bias=True)
        (act): GELU(approximate='none')
        (fc2): Linear(in_features=800, out_features=200, bias=True)
        (drop): Dropout(p=0.0, inplace=False)
      )
    )
    (11): Block(
      (norm1): LayerNorm((200,), eps=1e-06, elementwise_affine=True)
      (attn): Attention(
        (qkv): Linear(in_features=200, out_features=600, bias=False)
        (q_norm): LayerNorm((20,), eps=1e-06, elementwise_affine=True)
        (k_norm): LayerNorm((20,), eps=1e-06, elementwise_affine=True)
        (attn_drop): Dropout(p=0.0, inplace=False)
        (proj): Linear(in_features=200, out_features=200, bias=True)
        (proj_drop): Dropout(p=0.0, inplace=False)
      )
      (drop_path): DropPath(p=0.10000000149011612)
      (norm2): LayerNorm((200,), eps=1e-06, elementwise_affine=True)
      (mlp): Mlp(
        (fc1): Linear(in_features=200, out_features=800, bias=True)
        (act): GELU(approximate='none')
        (fc2): Linear(in_features=800, out_features=200, bias=True)
        (drop): Dropout(p=0.0, inplace=False)
      )
    )
  )
  (norm): Identity()
  (fc_norm): LayerNorm((200,), eps=1e-06, elementwise_affine=True)
  (head): Linear(in_features=200, out_features=1, bias=True)
)
number of params: 5824937
LR = 0.00050000
Batch size = 256
Update frequent = 1
Number of training examples = Unknown (IterableDataset)
Number of training steps per epoch = Determined during training (IterableDataset)
Note: LR schedule uses placeholder value - actual steps determined by iterator exhaustion
Assigned values = [0.003697205891018715, 0.005688009063105715, 0.008750783174008792, 0.013462743344628911, 0.02071191283789063, 0.03186448128906251, 0.049022278906250015, 0.07541889062500001, 0.11602906250000002, 0.17850625000000003, 0.274625, 0.42250000000000004, 0.65, 1.0]
Skip weight decay name marked in model: {'pos_embed', 'cls_token', 'time_embed'}
Param groups = {
  "layer_0_no_decay": {
    "weight_decay": 0.0,
    "params": [
      "cls_token",
      "pos_embed",
      "patch_embed.conv1.bias",
      "patch_embed.norm1.weight",
      "patch_embed.norm1.bias",
      "patch_embed.conv2.bias",
      "patch_embed.norm2.weight",
      "patch_embed.norm2.bias",
      "patch_embed.conv3.bias",
      "patch_embed.norm3.weight",
      "patch_embed.norm3.bias"
    ],
    "lr_scale": 0.003697205891018715
  },
  "layer_13_no_decay": {
    "weight_decay": 0.0,
    "params": [
      "time_embed",
      "fc_norm.weight",
      "fc_norm.bias",
      "head.bias"
    ],
    "lr_scale": 1.0
  },
  "layer_0_decay": {
    "weight_decay": 0.05,
    "params": [
      "patch_embed.conv1.weight",
      "patch_embed.conv2.weight",
      "patch_embed.conv3.weight"
    ],
    "lr_scale": 0.003697205891018715
  },
  "layer_1_no_decay": {
    "weight_decay": 0.0,
    "params": [
      "blocks.0.gamma_1",
      "blocks.0.gamma_2",
      "blocks.0.norm1.weight",
      "blocks.0.norm1.bias",
      "blocks.0.attn.q_bias",
      "blocks.0.attn.v_bias",
      "blocks.0.attn.q_norm.weight",
      "blocks.0.attn.q_norm.bias",
      "blocks.0.attn.k_norm.weight",
      "blocks.0.attn.k_norm.bias",
      "blocks.0.attn.proj.bias",
      "blocks.0.norm2.weight",
      "blocks.0.norm2.bias",
      "blocks.0.mlp.fc1.bias",
      "blocks.0.mlp.fc2.bias"
    ],
    "lr_scale": 0.005688009063105715
  },
  "layer_1_decay": {
    "weight_decay": 0.05,
    "params": [
      "blocks.0.attn.qkv.weight",
      "blocks.0.attn.proj.weight",
      "blocks.0.mlp.fc1.weight",
      "blocks.0.mlp.fc2.weight"
    ],
    "lr_scale": 0.005688009063105715
  },
  "layer_2_no_decay": {
    "weight_decay": 0.0,
    "params": [
      "blocks.1.gamma_1",
      "blocks.1.gamma_2",
      "blocks.1.norm1.weight",
      "blocks.1.norm1.bias",
      "blocks.1.attn.q_bias",
      "blocks.1.attn.v_bias",
      "blocks.1.attn.q_norm.weight",
      "blocks.1.attn.q_norm.bias",
      "blocks.1.attn.k_norm.weight",
      "blocks.1.attn.k_norm.bias",
      "blocks.1.attn.proj.bias",
      "blocks.1.norm2.weight",
      "blocks.1.norm2.bias",
      "blocks.1.mlp.fc1.bias",
      "blocks.1.mlp.fc2.bias"
    ],
    "lr_scale": 0.008750783174008792
  },
  "layer_2_decay": {
    "weight_decay": 0.05,
    "params": [
      "blocks.1.attn.qkv.weight",
      "blocks.1.attn.proj.weight",
      "blocks.1.mlp.fc1.weight",
      "blocks.1.mlp.fc2.weight"
    ],
    "lr_scale": 0.008750783174008792
  },
  "layer_3_no_decay": {
    "weight_decay": 0.0,
    "params": [
      "blocks.2.gamma_1",
      "blocks.2.gamma_2",
      "blocks.2.norm1.weight",
      "blocks.2.norm1.bias",
      "blocks.2.attn.q_bias",
      "blocks.2.attn.v_bias",
      "blocks.2.attn.q_norm.weight",
      "blocks.2.attn.q_norm.bias",
      "blocks.2.attn.k_norm.weight",
      "blocks.2.attn.k_norm.bias",
      "blocks.2.attn.proj.bias",
      "blocks.2.norm2.weight",
      "blocks.2.norm2.bias",
      "blocks.2.mlp.fc1.bias",
      "blocks.2.mlp.fc2.bias"
    ],
    "lr_scale": 0.013462743344628911
  },
  "layer_3_decay": {
    "weight_decay": 0.05,
    "params": [
      "blocks.2.attn.qkv.weight",
      "blocks.2.attn.proj.weight",
      "blocks.2.mlp.fc1.weight",
      "blocks.2.mlp.fc2.weight"
    ],
    "lr_scale": 0.013462743344628911
  },
  "layer_4_no_decay": {
    "weight_decay": 0.0,
    "params": [
      "blocks.3.gamma_1",
      "blocks.3.gamma_2",
      "blocks.3.norm1.weight",
      "blocks.3.norm1.bias",
      "blocks.3.attn.q_bias",
      "blocks.3.attn.v_bias",
      "blocks.3.attn.q_norm.weight",
      "blocks.3.attn.q_norm.bias",
      "blocks.3.attn.k_norm.weight",
      "blocks.3.attn.k_norm.bias",
      "blocks.3.attn.proj.bias",
      "blocks.3.norm2.weight",
      "blocks.3.norm2.bias",
      "blocks.3.mlp.fc1.bias",
      "blocks.3.mlp.fc2.bias"
    ],
    "lr_scale": 0.02071191283789063
  },
  "layer_4_decay": {
    "weight_decay": 0.05,
    "params": [
      "blocks.3.attn.qkv.weight",
      "blocks.3.attn.proj.weight",
      "blocks.3.mlp.fc1.weight",
      "blocks.3.mlp.fc2.weight"
    ],
    "lr_scale": 0.02071191283789063
  },
  "layer_5_no_decay": {
    "weight_decay": 0.0,
    "params": [
      "blocks.4.gamma_1",
      "blocks.4.gamma_2",
      "blocks.4.norm1.weight",
      "blocks.4.norm1.bias",
      "blocks.4.attn.q_bias",
      "blocks.4.attn.v_bias",
      "blocks.4.attn.q_norm.weight",
      "blocks.4.attn.q_norm.bias",
      "blocks.4.attn.k_norm.weight",
      "blocks.4.attn.k_norm.bias",
      "blocks.4.attn.proj.bias",
      "blocks.4.norm2.weight",
      "blocks.4.norm2.bias",
      "blocks.4.mlp.fc1.bias",
      "blocks.4.mlp.fc2.bias"
    ],
    "lr_scale": 0.03186448128906251
  },
  "layer_5_decay": {
    "weight_decay": 0.05,
    "params": [
      "blocks.4.attn.qkv.weight",
      "blocks.4.attn.proj.weight",
      "blocks.4.mlp.fc1.weight",
      "blocks.4.mlp.fc2.weight"
    ],
    "lr_scale": 0.03186448128906251
  },
  "layer_6_no_decay": {
    "weight_decay": 0.0,
    "params": [
      "blocks.5.gamma_1",
      "blocks.5.gamma_2",
      "blocks.5.norm1.weight",
      "blocks.5.norm1.bias",
      "blocks.5.attn.q_bias",
      "blocks.5.attn.v_bias",
      "blocks.5.attn.q_norm.weight",
      "blocks.5.attn.q_norm.bias",
      "blocks.5.attn.k_norm.weight",
      "blocks.5.attn.k_norm.bias",
      "blocks.5.attn.proj.bias",
      "blocks.5.norm2.weight",
      "blocks.5.norm2.bias",
      "blocks.5.mlp.fc1.bias",
      "blocks.5.mlp.fc2.bias"
    ],
    "lr_scale": 0.049022278906250015
  },
  "layer_6_decay": {
    "weight_decay": 0.05,
    "params": [
      "blocks.5.attn.qkv.weight",
      "blocks.5.attn.proj.weight",
      "blocks.5.mlp.fc1.weight",
      "blocks.5.mlp.fc2.weight"
    ],
    "lr_scale": 0.049022278906250015
  },
  "layer_7_no_decay": {
    "weight_decay": 0.0,
    "params": [
      "blocks.6.gamma_1",
      "blocks.6.gamma_2",
      "blocks.6.norm1.weight",
      "blocks.6.norm1.bias",
      "blocks.6.attn.q_bias",
      "blocks.6.attn.v_bias",
      "blocks.6.attn.q_norm.weight",
      "blocks.6.attn.q_norm.bias",
      "blocks.6.attn.k_norm.weight",
      "blocks.6.attn.k_norm.bias",
      "blocks.6.attn.proj.bias",
      "blocks.6.norm2.weight",
      "blocks.6.norm2.bias",
      "blocks.6.mlp.fc1.bias",
      "blocks.6.mlp.fc2.bias"
    ],
    "lr_scale": 0.07541889062500001
  },
  "layer_7_decay": {
    "weight_decay": 0.05,
    "params": [
      "blocks.6.attn.qkv.weight",
      "blocks.6.attn.proj.weight",
      "blocks.6.mlp.fc1.weight",
      "blocks.6.mlp.fc2.weight"
    ],
    "lr_scale": 0.07541889062500001
  },
  "layer_8_no_decay": {
    "weight_decay": 0.0,
    "params": [
      "blocks.7.gamma_1",
      "blocks.7.gamma_2",
      "blocks.7.norm1.weight",
      "blocks.7.norm1.bias",
      "blocks.7.attn.q_bias",
      "blocks.7.attn.v_bias",
      "blocks.7.attn.q_norm.weight",
      "blocks.7.attn.q_norm.bias",
      "blocks.7.attn.k_norm.weight",
      "blocks.7.attn.k_norm.bias",
      "blocks.7.attn.proj.bias",
      "blocks.7.norm2.weight",
      "blocks.7.norm2.bias",
      "blocks.7.mlp.fc1.bias",
      "blocks.7.mlp.fc2.bias"
    ],
    "lr_scale": 0.11602906250000002
  },
  "layer_8_decay": {
    "weight_decay": 0.05,
    "params": [
      "blocks.7.attn.qkv.weight",
      "blocks.7.attn.proj.weight",
      "blocks.7.mlp.fc1.weight",
      "blocks.7.mlp.fc2.weight"
    ],
    "lr_scale": 0.11602906250000002
  },
  "layer_9_no_decay": {
    "weight_decay": 0.0,
    "params": [
      "blocks.8.gamma_1",
      "blocks.8.gamma_2",
      "blocks.8.norm1.weight",
      "blocks.8.norm1.bias",
      "blocks.8.attn.q_bias",
      "blocks.8.attn.v_bias",
      "blocks.8.attn.q_norm.weight",
      "blocks.8.attn.q_norm.bias",
      "blocks.8.attn.k_norm.weight",
      "blocks.8.attn.k_norm.bias",
      "blocks.8.attn.proj.bias",
      "blocks.8.norm2.weight",
      "blocks.8.norm2.bias",
      "blocks.8.mlp.fc1.bias",
      "blocks.8.mlp.fc2.bias"
    ],
    "lr_scale": 0.17850625000000003
  },
  "layer_9_decay": {
    "weight_decay": 0.05,
    "params": [
      "blocks.8.attn.qkv.weight",
      "blocks.8.attn.proj.weight",
      "blocks.8.mlp.fc1.weight",
      "blocks.8.mlp.fc2.weight"
    ],
    "lr_scale": 0.17850625000000003
  },
  "layer_10_no_decay": {
    "weight_decay": 0.0,
    "params": [
      "blocks.9.gamma_1",
      "blocks.9.gamma_2",
      "blocks.9.norm1.weight",
      "blocks.9.norm1.bias",
      "blocks.9.attn.q_bias",
      "blocks.9.attn.v_bias",
      "blocks.9.attn.q_norm.weight",
      "blocks.9.attn.q_norm.bias",
      "blocks.9.attn.k_norm.weight",
      "blocks.9.attn.k_norm.bias",
      "blocks.9.attn.proj.bias",
      "blocks.9.norm2.weight",
      "blocks.9.norm2.bias",
      "blocks.9.mlp.fc1.bias",
      "blocks.9.mlp.fc2.bias"
    ],
    "lr_scale": 0.274625
  },
  "layer_10_decay": {
    "weight_decay": 0.05,
    "params": [
      "blocks.9.attn.qkv.weight",
      "blocks.9.attn.proj.weight",
      "blocks.9.mlp.fc1.weight",
      "blocks.9.mlp.fc2.weight"
    ],
    "lr_scale": 0.274625
  },
  "layer_11_no_decay": {
    "weight_decay": 0.0,
    "params": [
      "blocks.10.gamma_1",
      "blocks.10.gamma_2",
      "blocks.10.norm1.weight",
      "blocks.10.norm1.bias",
      "blocks.10.attn.q_bias",
      "blocks.10.attn.v_bias",
      "blocks.10.attn.q_norm.weight",
      "blocks.10.attn.q_norm.bias",
      "blocks.10.attn.k_norm.weight",
      "blocks.10.attn.k_norm.bias",
      "blocks.10.attn.proj.bias",
      "blocks.10.norm2.weight",
      "blocks.10.norm2.bias",
      "blocks.10.mlp.fc1.bias",
      "blocks.10.mlp.fc2.bias"
    ],
    "lr_scale": 0.42250000000000004
  },
  "layer_11_decay": {
    "weight_decay": 0.05,
    "params": [
      "blocks.10.attn.qkv.weight",
      "blocks.10.attn.proj.weight",
      "blocks.10.mlp.fc1.weight",
      "blocks.10.mlp.fc2.weight"
    ],
    "lr_scale": 0.42250000000000004
  },
  "layer_12_no_decay": {
    "weight_decay": 0.0,
    "params": [
      "blocks.11.gamma_1",
      "blocks.11.gamma_2",
      "blocks.11.norm1.weight",
      "blocks.11.norm1.bias",
      "blocks.11.attn.q_bias",
      "blocks.11.attn.v_bias",
      "blocks.11.attn.q_norm.weight",
      "blocks.11.attn.q_norm.bias",
      "blocks.11.attn.k_norm.weight",
      "blocks.11.attn.k_norm.bias",
      "blocks.11.attn.proj.bias",
      "blocks.11.norm2.weight",
      "blocks.11.norm2.bias",
      "blocks.11.mlp.fc1.bias",
      "blocks.11.mlp.fc2.bias"
    ],
    "lr_scale": 0.65
  },
  "layer_12_decay": {
    "weight_decay": 0.05,
    "params": [
      "blocks.11.attn.qkv.weight",
      "blocks.11.attn.proj.weight",
      "blocks.11.mlp.fc1.weight",
      "blocks.11.mlp.fc2.weight"
    ],
    "lr_scale": 0.65
  },
  "layer_13_decay": {
    "weight_decay": 0.05,
    "params": [
      "head.weight"
    ],
    "lr_scale": 1.0
  }
}
Optimizer config: {'lr': 0.0005, 'weight_decay': 0.0, 'eps': 1e-08, 'betas': [0.9, 0.98]}
Use step level LR scheduler!
Set warmup steps = 500000
Set warmup steps = 0
Max WD = 0.0500000, Min WD = 0.0500000
criterion = MSELoss() (age regression, targets in [0, 1])
criterion = MSELoss()
Auto resume checkpoint: 
Start training for 50 epochs

============================================================
Counting task types in validation and test sets...
============================================================
  Validation: 20,949 active, 113,222 passive samples
  Test: 21,241 active, 111,273 passive samples
============================================================

  Counting task types in training dataset...
  Training dataset: 98,351 active, 526,789 passive samples
[rank0]:[W513 13:51:53.475705086 reducer.cpp:1400] Warning: find_unused_parameters=True was specified in DDP constructor, but did not find any unused parameters in the forward pass. This flag results in an extra traversal of the autograd graph every iteration,  which can adversely affect performance. If your model indeed never has any unused parameters in the forward pass, consider turning this flag off. Note that this warning may be a false positive if your model has flow control causing later iterations to have unused parameters. (function operator())
Epoch: [0]  [     0/?]  eta: ?  lr: 0.000000  min_lr: 0.000000  loss: 0.0745 (0.0745)  class_acc: 0.8072 (0.8072)  loss_scale: 65536.0000 (65536.0000)  weight_decay: 0.0500 (0.0500)  grad_norm: 1.1755 (1.1755)  time: 28.5599  data: 25.1620  max mem: 20625
Epoch: [0]  [   500/?]  eta: ?  lr: 0.000001  min_lr: 0.000000  loss: 0.0703 (0.0733)  class_acc: 0.8116 (0.8092)  loss_scale: 65536.0000 (65536.0000)  weight_decay: 0.0500 (0.0500)  grad_norm: 1.0788 (1.1291)  time: 0.5000  data: 0.0002  max mem: 20673
Epoch: [0]  [  1000/?]  eta: ?  lr: 0.000001  min_lr: 0.000000  loss: 0.0676 (0.0719)  class_acc: 0.8149 (0.8107)  loss_scale: 65536.0000 (65536.0000)  weight_decay: 0.0500 (0.0500)  grad_norm: 0.9896 (1.0868)  time: 0.5023  data: 0.0002  max mem: 20673
Epoch: [0]  [  1500/?]  eta: ?  lr: 0.000002  min_lr: 0.000000  loss: 0.0582 (0.0691)  class_acc: 0.8267 (0.8141)  loss_scale: 65536.0000 (65536.0000)  weight_decay: 0.0500 (0.0500)  grad_norm: 0.8697 (1.0418)  time: 0.5003  data: 0.0002  max mem: 20673
Epoch: [0]  [  2000/?]  eta: ?  lr: 0.000002  min_lr: 0.000000  loss: 0.0479 (0.0653)  class_acc: 0.8419 (0.8189)  loss_scale: 65536.0000 (65601.5032)  weight_decay: 0.0500 (0.0500)  grad_norm: 0.6239 (0.9689)  time: 0.4977  data: 0.0002  max mem: 20673
Epoch: [0] Total time: 0:20:47 (0.5113 s / it)

============================================================
  DIAGNOSTIC: Epoch 0 Summary
============================================================
  Processed: 624,640 samples in 2,440 batches
  Batch size: 256
  Expected batches: ~2,440 (samples ÷ batch_size)
  Average samples per batch: 256.00

  Comparison with CNN (baseline):
    CNN: ~1,792,000 samples (~7,000 batches, batch_size=256)
    LaBraM: 624,640 samples (2,440 batches, batch_size=256)
    Ratio: 0.35x samples (fewer than CNN)
    ⚠️  WARNING: Significant difference from CNN dataset size!
    This suggests a serious issue with data loading or participant splits!
    Possible causes:
      1. Different participant splits (check random_seed and split ratios)
      2. Data duplication in IterableDataset (samples yielded multiple times)
      3. Different task_type usage (CNN might use 'active' or 'passive' instead of 'both')
      4. Different number of participants in train split
      5. LaBraM iterating through dataset multiple times
    Action: Check participant counts and verify no duplication in __iter__ methods
============================================================

Val:  [     0/?]  eta: ?  loss: 0.1087 (0.1087)  time: 19.7104  data: 19.1508  max mem: 20673
Val:  [    10/?]  eta: ?  loss: 0.0230 (0.0424)  time: 1.9926  data: 1.7614  max mem: 20673
Val:  [    20/?]  eta: ?  loss: 0.0345 (0.0464)  time: 0.2451  data: 0.0468  max mem: 20673
Val:  [    30/?]  eta: ?  loss: 0.0322 (0.0417)  time: 0.2557  data: 0.0575  max mem: 20673
Val:  [    40/?]  eta: ?  loss: 0.0405 (0.0441)  time: 0.2632  data: 0.0650  max mem: 20673
Val:  [    50/?]  eta: ?  loss: 0.0511 (0.0491)  time: 0.2734  data: 0.0752  max mem: 20673
Val:  [    60/?]  eta: ?  loss: 0.0517 (0.0491)  time: 0.2703  data: 0.0721  max mem: 20673
Val:  [    70/?]  eta: ?  loss: 0.0357 (0.0464)  time: 0.2721  data: 0.0738  max mem: 20673
Val:  [    80/?]  eta: ?  loss: 0.0318 (0.0469)  time: 0.2666  data: 0.0684  max mem: 20673
Val:  [    90/?]  eta: ?  loss: 0.0431 (0.0467)  time: 0.2538  data: 0.0556  max mem: 20673
Val:  [   100/?]  eta: ?  loss: 0.0382 (0.0454)  time: 0.2521  data: 0.0537  max mem: 20673
Val:  [   110/?]  eta: ?  loss: 0.0362 (0.0453)  time: 0.2633  data: 0.0650  max mem: 20673
Val:  [   120/?]  eta: ?  loss: 0.0471 (0.0461)  time: 0.2741  data: 0.0758  max mem: 20673
Val:  [   130/?]  eta: ?  loss: 0.0420 (0.0452)  time: 0.2588  data: 0.0604  max mem: 20673
Val:  [   140/?]  eta: ?  loss: 0.0224 (0.0434)  time: 0.2405  data: 0.0420  max mem: 20673
Val:  [   150/?]  eta: ?  loss: 0.0214 (0.0424)  time: 0.2442  data: 0.0457  max mem: 20673
Val:  [   160/?]  eta: ?  loss: 0.0272 (0.0424)  time: 0.2522  data: 0.0538  max mem: 20673
Val:  [   170/?]  eta: ?  loss: 0.0385 (0.0425)  time: 0.2533  data: 0.0549  max mem: 20673
Val:  [   180/?]  eta: ?  loss: 0.0293 (0.0416)  time: 0.2711  data: 0.0726  max mem: 20673
Val:  [   190/?]  eta: ?  loss: 0.0317 (0.0420)  time: 0.2856  data: 0.0872  max mem: 20673
Val:  [   200/?]  eta: ?  loss: 0.0333 (0.0414)  time: 0.2893  data: 0.0908  max mem: 20673
Val:  [   210/?]  eta: ?  loss: 0.0348 (0.0426)  time: 0.2912  data: 0.0889  max mem: 20673
Val:  [   220/?]  eta: ?  loss: 0.0330 (0.0421)  time: 0.2832  data: 0.0809  max mem: 20673
Val:  [   230/?]  eta: ?  loss: 0.0197 (0.0420)  time: 0.2771  data: 0.0786  max mem: 20673
Val:  [   240/?]  eta: ?  loss: 0.0363 (0.0424)  time: 0.2795  data: 0.0811  max mem: 20673
Val:  [   250/?]  eta: ?  loss: 0.0363 (0.0423)  time: 0.2794  data: 0.0810  max mem: 20673
Val:  [   260/?]  eta: ?  loss: 0.0368 (0.0426)  time: 0.2679  data: 0.0694  max mem: 20673
Val:  [   270/?]  eta: ?  loss: 0.0410 (0.0433)  time: 0.2631  data: 0.0646  max mem: 20673
Val:  [   280/?]  eta: ?  loss: 0.0487 (0.0440)  time: 0.2768  data: 0.0783  max mem: 20673
Val:  [   290/?]  eta: ?  loss: 0.0499 (0.0438)  time: 0.2657  data: 0.0671  max mem: 20673
Val:  [   300/?]  eta: ?  loss: 0.0390 (0.0443)  time: 0.2424  data: 0.0439  max mem: 20673
Val:  [   310/?]  eta: ?  loss: 0.0370 (0.0448)  time: 0.2491  data: 0.0505  max mem: 20673
Val:  [   320/?]  eta: ?  loss: 0.0370 (0.0452)  time: 0.2581  data: 0.0596  max mem: 20673
Val:  [   330/?]  eta: ?  loss: 0.0331 (0.0451)  time: 0.2543  data: 0.0559  max mem: 20673
Val:  [   340/?]  eta: ?  loss: 0.0439 (0.0452)  time: 0.2557  data: 0.0572  max mem: 20673
Val:  [   350/?]  eta: ?  loss: 0.0482 (0.0452)  time: 0.2386  data: 0.0528  max mem: 20673
Val: Total time: 0:01:51 (0.3171 s / it)
* loss 0.045
Test:  [     0/?]  eta: ?  loss: 0.0150 (0.0150)  time: 19.6858  data: 19.4886  max mem: 20673
Test:  [    10/?]  eta: ?  loss: 0.0321 (0.0325)  time: 2.0216  data: 1.8237  max mem: 20673
Test:  [    20/?]  eta: ?  loss: 0.0348 (0.0438)  time: 0.2657  data: 0.0678  max mem: 20673
Test:  [    30/?]  eta: ?  loss: 0.0378 (0.0464)  time: 0.2624  data: 0.0645  max mem: 20673
Test:  [    40/?]  eta: ?  loss: 0.0360 (0.0456)  time: 0.2321  data: 0.0341  max mem: 20673
Test:  [    50/?]  eta: ?  loss: 0.0262 (0.0424)  time: 0.2331  data: 0.0351  max mem: 20673
Test:  [    60/?]  eta: ?  loss: 0.0308 (0.0419)  time: 0.2470  data: 0.0490  max mem: 20673
Test:  [    70/?]  eta: ?  loss: 0.0335 (0.0409)  time: 0.2474  data: 0.0493  max mem: 20673
Test:  [    80/?]  eta: ?  loss: 0.0324 (0.0399)  time: 0.2435  data: 0.0452  max mem: 20673
Test:  [    90/?]  eta: ?  loss: 0.0302 (0.0396)  time: 0.2353  data: 0.0370  max mem: 20673
Test:  [   100/?]  eta: ?  loss: 0.0430 (0.0402)  time: 0.2434  data: 0.0452  max mem: 20673
Test:  [   110/?]  eta: ?  loss: 0.0409 (0.0391)  time: 0.2523  data: 0.0542  max mem: 20673
Test:  [   120/?]  eta: ?  loss: 0.0279 (0.0387)  time: 0.2518  data: 0.0536  max mem: 20673
Test:  [   130/?]  eta: ?  loss: 0.0368 (0.0397)  time: 0.2519  data: 0.0536  max mem: 20673
Test:  [   140/?]  eta: ?  loss: 0.0565 (0.0413)  time: 0.2485  data: 0.0503  max mem: 20673
Test:  [   150/?]  eta: ?  loss: 0.0393 (0.0410)  time: 0.2625  data: 0.0642  max mem: 20673
Test:  [   160/?]  eta: ?  loss: 0.0303 (0.0408)  time: 0.2591  data: 0.0607  max mem: 20673
Test:  [   170/?]  eta: ?  loss: 0.0333 (0.0421)  time: 0.2490  data: 0.0505  max mem: 20673
Test:  [   180/?]  eta: ?  loss: 0.0363 (0.0419)  time: 0.2575  data: 0.0590  max mem: 20673
Test:  [   190/?]  eta: ?  loss: 0.0363 (0.0415)  time: 0.2473  data: 0.0489  max mem: 20673
Test:  [   200/?]  eta: ?  loss: 0.0213 (0.0414)  time: 0.2477  data: 0.0493  max mem: 20673
Test:  [   210/?]  eta: ?  loss: 0.0250 (0.0410)  time: 0.2777  data: 0.0793  max mem: 20673
Test:  [   220/?]  eta: ?  loss: 0.0253 (0.0407)  time: 0.2763  data: 0.0777  max mem: 20673
Test:  [   230/?]  eta: ?  loss: 0.0342 (0.0413)  time: 0.2639  data: 0.0653  max mem: 20673
Test:  [   240/?]  eta: ?  loss: 0.0384 (0.0414)  time: 0.2703  data: 0.0718  max mem: 20673
Test:  [   250/?]  eta: ?  loss: 0.0367 (0.0415)  time: 0.2748  data: 0.0762  max mem: 20673
Test:  [   260/?]  eta: ?  loss: 0.0405 (0.0424)  time: 0.2611  data: 0.0625  max mem: 20673
Test:  [   270/?]  eta: ?  loss: 0.0452 (0.0429)  time: 0.2600  data: 0.0615  max mem: 20673
Test:  [   280/?]  eta: ?  loss: 0.0330 (0.0423)  time: 0.2688  data: 0.0702  max mem: 20673
Test:  [   290/?]  eta: ?  loss: 0.0274 (0.0421)  time: 0.2810  data: 0.0824  max mem: 20673
Test:  [   300/?]  eta: ?  loss: 0.0347 (0.0423)  time: 0.2865  data: 0.0879  max mem: 20673
Test:  [   310/?]  eta: ?  loss: 0.0393 (0.0425)  time: 0.2724  data: 0.0737  max mem: 20673
Test:  [   320/?]  eta: ?  loss: 0.0375 (0.0428)  time: 0.2643  data: 0.0658  max mem: 20673
Test:  [   330/?]  eta: ?  loss: 0.0340 (0.0422)  time: 0.2736  data: 0.0751  max mem: 20673
Test:  [   340/?]  eta: ?  loss: 0.0247 (0.0426)  time: 0.2711  data: 0.0726  max mem: 20673
Test: Total time: 0:01:48 (0.3121 s / it)
* loss 0.043
  → Epoch   1/50 | Train Loss: 0.0617 | Val Loss: 0.0451 | Train score (1/(1+norm_MAE)): 0.8240 | Val MAE (years): 3.0015 | LR: 0.000000
Best val MAE (years): 3.0015, test MAE at best val: 2.9139
  Test segment MAE: 2.9139 | participant median MAE: 2.9608 | participant mean MAE: 2.9610
Epoch: [1]  [     0/?]  eta: ?  lr: 0.000100  min_lr: 0.000000  loss: 0.0402 (0.0402)  class_acc: 0.8553 (0.8553)  loss_scale: 131072.0000 (131072.0000)  weight_decay: 0.0500 (0.0500)  grad_norm: 0.3697 (0.3697)  time: 7.4379  data: 6.9347  max mem: 20673
Epoch: [1]  [   500/?]  eta: ?  lr: 0.000101  min_lr: 0.000000  loss: 0.0276 (0.0330)  class_acc: 0.8824 (0.8735)  loss_scale: 131072.0000 (131072.0000)  weight_decay: 0.0500 (0.0500)  grad_norm: 5.1312 (4.2495)  time: 0.5020  data: 0.0002  max mem: 20673
Epoch: [1]  [  1000/?]  eta: ?  lr: 0.000101  min_lr: 0.000000  loss: 0.0271 (0.0307)  class_acc: 0.8849 (0.8783)  loss_scale: 131072.0000 (131072.0000)  weight_decay: 0.0500 (0.0500)  grad_norm: 5.4826 (4.9631)  time: 0.5046  data: 0.0002  max mem: 20673
Epoch: [1]  [  1500/?]  eta: ?  lr: 0.000102  min_lr: 0.000000  loss: 0.0252 (0.0292)  class_acc: 0.8909 (0.8813)  loss_scale: 131072.0000 (131072.0000)  weight_decay: 0.0500 (0.0500)  grad_norm: 5.2090 (5.2889)  time: 0.5060  data: 0.0002  max mem: 20673
Epoch: [1]  [  2000/?]  eta: ?  lr: 0.000102  min_lr: 0.000000  loss: 0.0245 (0.0282)  class_acc: 0.8907 (0.8834)  loss_scale: 262144.0000 (160024.4358)  weight_decay: 0.0500 (0.0500)  grad_norm: 7.0927 (5.3324)  time: 0.5074  data: 0.0002  max mem: 20673
Epoch: [1] Total time: 0:20:34 (0.5061 s / it)
Val:  [     0/?]  eta: ?  loss: 0.0315 (0.0315)  time: 2.2312  data: 2.0327  max mem: 20673
Val:  [    10/?]  eta: ?  loss: 0.0169 (0.0224)  time: 0.4361  data: 0.2368  max mem: 20673
Val:  [    20/?]  eta: ?  loss: 0.0169 (0.0232)  time: 0.2662  data: 0.0668  max mem: 20673
Val:  [    30/?]  eta: ?  loss: 0.0179 (0.0230)  time: 0.2650  data: 0.0657  max mem: 20673
Val:  [    40/?]  eta: ?  loss: 0.0179 (0.0256)  time: 0.2714  data: 0.0721  max mem: 20673
Val:  [    50/?]  eta: ?  loss: 0.0199 (0.0267)  time: 0.2741  data: 0.0748  max mem: 20673
Val:  [    60/?]  eta: ?  loss: 0.0198 (0.0264)  time: 0.2720  data: 0.0727  max mem: 20673
Val:  [    70/?]  eta: ?  loss: 0.0128 (0.0245)  time: 0.2705  data: 0.0713  max mem: 20673
Val:  [    80/?]  eta: ?  loss: 0.0128 (0.0244)  time: 0.2680  data: 0.0689  max mem: 20673
Val:  [    90/?]  eta: ?  loss: 0.0227 (0.0248)  time: 0.2630  data: 0.0638  max mem: 20673
Val:  [   100/?]  eta: ?  loss: 0.0203 (0.0242)  time: 0.2681  data: 0.0689  max mem: 20673
Val:  [   110/?]  eta: ?  loss: 0.0205 (0.0243)  time: 0.2802  data: 0.0811  max mem: 20673
Val:  [   120/?]  eta: ?  loss: 0.0218 (0.0240)  time: 0.2734  data: 0.0743  max mem: 20673
Val:  [   130/?]  eta: ?  loss: 0.0176 (0.0240)  time: 0.2575  data: 0.0583  max mem: 20673
Val:  [   140/?]  eta: ?  loss: 0.0135 (0.0232)  time: 0.2522  data: 0.0531  max mem: 20673
Val:  [   150/?]  eta: ?  loss: 0.0125 (0.0229)  time: 0.2588  data: 0.0597  max mem: 20673
Val:  [   160/?]  eta: ?  loss: 0.0205 (0.0233)  time: 0.2545  data: 0.0554  max mem: 20673
Val:  [   170/?]  eta: ?  loss: 0.0183 (0.0230)  time: 0.2487  data: 0.0496  max mem: 20673
Val:  [   180/?]  eta: ?  loss: 0.0155 (0.0226)  time: 0.2680  data: 0.0689  max mem: 20673
Val:  [   190/?]  eta: ?  loss: 0.0166 (0.0226)  time: 0.2777  data: 0.0786  max mem: 20673
Val:  [   200/?]  eta: ?  loss: 0.0136 (0.0221)  time: 0.2706  data: 0.0716  max mem: 20673
Val:  [   210/?]  eta: ?  loss: 0.0133 (0.0230)  time: 0.2681  data: 0.0691  max mem: 20673
Val:  [   220/?]  eta: ?  loss: 0.0139 (0.0229)  time: 0.2710  data: 0.0719  max mem: 20673
Val:  [   230/?]  eta: ?  loss: 0.0130 (0.0231)  time: 0.2763  data: 0.0772  max mem: 20673
Val:  [   240/?]  eta: ?  loss: 0.0223 (0.0238)  time: 0.2804  data: 0.0814  max mem: 20673
Val:  [   250/?]  eta: ?  loss: 0.0225 (0.0237)  time: 0.2753  data: 0.0764  max mem: 20673
Val:  [   260/?]  eta: ?  loss: 0.0199 (0.0241)  time: 0.2615  data: 0.0625  max mem: 20673
Val:  [   270/?]  eta: ?  loss: 0.0199 (0.0241)  time: 0.2560  data: 0.0569  max mem: 20673
Val:  [   280/?]  eta: ?  loss: 0.0147 (0.0242)  time: 0.2708  data: 0.0718  max mem: 20673
Val:  [   290/?]  eta: ?  loss: 0.0147 (0.0240)  time: 0.2680  data: 0.0690  max mem: 20673
Val:  [   300/?]  eta: ?  loss: 0.0158 (0.0243)  time: 0.2497  data: 0.0507  max mem: 20673
Val:  [   310/?]  eta: ?  loss: 0.0165 (0.0245)  time: 0.2540  data: 0.0550  max mem: 20673
Val:  [   320/?]  eta: ?  loss: 0.0234 (0.0247)  time: 0.2600  data: 0.0610  max mem: 20673
Val:  [   330/?]  eta: ?  loss: 0.0211 (0.0249)  time: 0.2594  data: 0.0604  max mem: 20673
Val:  [   340/?]  eta: ?  loss: 0.0173 (0.0247)  time: 0.2596  data: 0.0606  max mem: 20673
Val:  [   350/?]  eta: ?  loss: 0.0172 (0.0247)  time: 0.2356  data: 0.0566  max mem: 20673
Val: Total time: 0:01:34 (0.2689 s / it)
* loss 0.025
Test:  [     0/?]  eta: ?  loss: 0.0115 (0.0115)  time: 2.1863  data: 1.9884  max mem: 20673
Test:  [    10/?]  eta: ?  loss: 0.0273 (0.0282)  time: 0.3941  data: 0.1950  max mem: 20673
Test:  [    20/?]  eta: ?  loss: 0.0252 (0.0315)  time: 0.2429  data: 0.0439  max mem: 20673
Test:  [    30/?]  eta: ?  loss: 0.0189 (0.0305)  time: 0.2536  data: 0.0547  max mem: 20673
Test:  [    40/?]  eta: ?  loss: 0.0133 (0.0269)  time: 0.2466  data: 0.0476  max mem: 20673
Test:  [    50/?]  eta: ?  loss: 0.0121 (0.0256)  time: 0.2420  data: 0.0430  max mem: 20673
Test:  [    60/?]  eta: ?  loss: 0.0127 (0.0239)  time: 0.2570  data: 0.0580  max mem: 20673
Test:  [    70/?]  eta: ?  loss: 0.0133 (0.0225)  time: 0.2760  data: 0.0771  max mem: 20673
Test:  [    80/?]  eta: ?  loss: 0.0143 (0.0218)  time: 0.2636  data: 0.0646  max mem: 20673
Test:  [    90/?]  eta: ?  loss: 0.0160 (0.0217)  time: 0.2487  data: 0.0497  max mem: 20673
Test:  [   100/?]  eta: ?  loss: 0.0175 (0.0218)  time: 0.2419  data: 0.0429  max mem: 20673
Test:  [   110/?]  eta: ?  loss: 0.0174 (0.0214)  time: 0.2374  data: 0.0383  max mem: 20673
Test:  [   120/?]  eta: ?  loss: 0.0189 (0.0215)  time: 0.2404  data: 0.0414  max mem: 20673
Test:  [   130/?]  eta: ?  loss: 0.0231 (0.0219)  time: 0.2586  data: 0.0596  max mem: 20673
Test:  [   140/?]  eta: ?  loss: 0.0269 (0.0228)  time: 0.2499  data: 0.0509  max mem: 20673
Test:  [   150/?]  eta: ?  loss: 0.0150 (0.0222)  time: 0.2600  data: 0.0610  max mem: 20673
Test:  [   160/?]  eta: ?  loss: 0.0128 (0.0225)  time: 0.2587  data: 0.0597  max mem: 20673
Test:  [   170/?]  eta: ?  loss: 0.0194 (0.0231)  time: 0.2499  data: 0.0508  max mem: 20673
Test:  [   180/?]  eta: ?  loss: 0.0197 (0.0236)  time: 0.2605  data: 0.0614  max mem: 20673
Test:  [   190/?]  eta: ?  loss: 0.0200 (0.0234)  time: 0.2600  data: 0.0609  max mem: 20673
Test:  [   200/?]  eta: ?  loss: 0.0155 (0.0232)  time: 0.2531  data: 0.0541  max mem: 20673
Test:  [   210/?]  eta: ?  loss: 0.0127 (0.0228)  time: 0.2718  data: 0.0729  max mem: 20673
Test:  [   220/?]  eta: ?  loss: 0.0144 (0.0225)  time: 0.2805  data: 0.0816  max mem: 20673
Test:  [   230/?]  eta: ?  loss: 0.0188 (0.0231)  time: 0.2626  data: 0.0636  max mem: 20673
Test:  [   240/?]  eta: ?  loss: 0.0185 (0.0229)  time: 0.2574  data: 0.0584  max mem: 20673
Test:  [   250/?]  eta: ?  loss: 0.0160 (0.0234)  time: 0.2641  data: 0.0650  max mem: 20673
Test:  [   260/?]  eta: ?  loss: 0.0181 (0.0238)  time: 0.2637  data: 0.0647  max mem: 20673
Test:  [   270/?]  eta: ?  loss: 0.0257 (0.0239)  time: 0.2683  data: 0.0694  max mem: 20673
Test:  [   280/?]  eta: ?  loss: 0.0121 (0.0235)  time: 0.2751  data: 0.0761  max mem: 20673
Test:  [   290/?]  eta: ?  loss: 0.0108 (0.0233)  time: 0.2740  data: 0.0750  max mem: 20673
Test:  [   300/?]  eta: ?  loss: 0.0108 (0.0232)  time: 0.2926  data: 0.0937  max mem: 20673
Test:  [   310/?]  eta: ?  loss: 0.0107 (0.0231)  time: 0.3100  data: 0.1111  max mem: 20673
Test:  [   320/?]  eta: ?  loss: 0.0210 (0.0232)  time: 0.2965  data: 0.0977  max mem: 20673
Test:  [   330/?]  eta: ?  loss: 0.0183 (0.0230)  time: 0.2947  data: 0.0958  max mem: 20673
Test:  [   340/?]  eta: ?  loss: 0.0121 (0.0229)  time: 0.2864  data: 0.0874  max mem: 20673
Test: Total time: 0:01:32 (0.2658 s / it)
* loss 0.023
  → Epoch   2/50 | Train Loss: 0.0274 | Val Loss: 0.0246 | Train score (1/(1+norm_MAE)): 0.8850 | Val MAE (years): 2.0243 | LR: 0.000000
Best val MAE (years): 2.0243, test MAE at best val: 1.9689
  Test segment MAE: 1.9689 | participant median MAE: 1.7481 | participant mean MAE: 1.7787
Epoch: [2]  [     0/?]  eta: ?  lr: 0.000200  min_lr: 0.000001  loss: 0.0203 (0.0203)  class_acc: 0.8974 (0.8974)  loss_scale: 262144.0000 (262144.0000)  weight_decay: 0.0500 (0.0500)  grad_norm: 6.4825 (6.4825)  time: 6.4063  data: 5.8960  max mem: 20673
Epoch: [2]  [   500/?]  eta: ?  lr: 0.000201  min_lr: 0.000001  loss: 0.0212 (0.0232)  class_acc: 0.8965 (0.8938)  loss_scale: 262144.0000 (262144.0000)  weight_decay: 0.0500 (0.0500)  grad_norm: 4.1847 (4.6950)  time: 0.4994  data: 0.0002  max mem: 20673
Epoch: [2]  [  1000/?]  eta: ?  lr: 0.000201  min_lr: 0.000001  loss: 0.0226 (0.0228)  class_acc: 0.8949 (0.8948)  loss_scale: 262144.0000 (262144.0000)  weight_decay: 0.0500 (0.0500)  grad_norm: 4.7599 (4.5255)  time: 0.4994  data: 0.0002  max mem: 20673
Epoch: [2]  [  1500/?]  eta: ?  lr: 0.000202  min_lr: 0.000001  loss: 0.0204 (0.0224)  class_acc: 0.8995 (0.8959)  loss_scale: 524288.0000 (328858.8621)  weight_decay: 0.0500 (0.0500)  grad_norm: 4.0523 (4.4290)  time: 0.4990  data: 0.0002  max mem: 20673
Epoch: [2]  [  2000/?]  eta: ?  lr: 0.000202  min_lr: 0.000001  loss: 0.0206 (0.0220)  class_acc: 0.8995 (0.8967)  loss_scale: 524288.0000 (377691.7301)  weight_decay: 0.0500 (0.0500)  grad_norm: 3.6776 (4.4116)  time: 0.5017  data: 0.0002  max mem: 20673
Epoch: [2] Total time: 0:20:32 (0.5050 s / it)
Val:  [     0/?]  eta: ?  loss: 0.0374 (0.0374)  time: 2.3363  data: 2.1379  max mem: 20673
Val:  [    10/?]  eta: ?  loss: 0.0161 (0.0221)  time: 0.4469  data: 0.2478  max mem: 20673
Val:  [    20/?]  eta: ?  loss: 0.0178 (0.0224)  time: 0.2700  data: 0.0709  max mem: 20673
Val:  [    30/?]  eta: ?  loss: 0.0194 (0.0216)  time: 0.2648  data: 0.0657  max mem: 20673
Val:  [    40/?]  eta: ?  loss: 0.0166 (0.0240)  time: 0.2696  data: 0.0705  max mem: 20673
Val:  [    50/?]  eta: ?  loss: 0.0227 (0.0254)  time: 0.2769  data: 0.0778  max mem: 20673
Val:  [    60/?]  eta: ?  loss: 0.0193 (0.0252)  time: 0.2736  data: 0.0744  max mem: 20673
Val:  [    70/?]  eta: ?  loss: 0.0140 (0.0234)  time: 0.2545  data: 0.0553  max mem: 20673
Val:  [    80/?]  eta: ?  loss: 0.0140 (0.0236)  time: 0.2343  data: 0.0351  max mem: 20673
Val:  [    90/?]  eta: ?  loss: 0.0221 (0.0242)  time: 0.2362  data: 0.0371  max mem: 20673
Val:  [   100/?]  eta: ?  loss: 0.0196 (0.0235)  time: 0.2502  data: 0.0511  max mem: 20673
Val:  [   110/?]  eta: ?  loss: 0.0178 (0.0235)  time: 0.2636  data: 0.0646  max mem: 20673
Val:  [   120/?]  eta: ?  loss: 0.0194 (0.0233)  time: 0.2732  data: 0.0742  max mem: 20673
Val:  [   130/?]  eta: ?  loss: 0.0194 (0.0231)  time: 0.2704  data: 0.0714  max mem: 20673
Val:  [   140/?]  eta: ?  loss: 0.0096 (0.0222)  time: 0.2517  data: 0.0527  max mem: 20673
Val:  [   150/?]  eta: ?  loss: 0.0096 (0.0218)  time: 0.2430  data: 0.0440  max mem: 20673
Val:  [   160/?]  eta: ?  loss: 0.0169 (0.0221)  time: 0.2446  data: 0.0455  max mem: 20673
Val:  [   170/?]  eta: ?  loss: 0.0182 (0.0219)  time: 0.2496  data: 0.0506  max mem: 20673
Val:  [   180/?]  eta: ?  loss: 0.0166 (0.0215)  time: 0.2681  data: 0.0690  max mem: 20673
Val:  [   190/?]  eta: ?  loss: 0.0166 (0.0215)  time: 0.2845  data: 0.0854  max mem: 20673
Val:  [   200/?]  eta: ?  loss: 0.0112 (0.0210)  time: 0.2790  data: 0.0800  max mem: 20673
Val:  [   210/?]  eta: ?  loss: 0.0112 (0.0220)  time: 0.2726  data: 0.0736  max mem: 20673
Val:  [   220/?]  eta: ?  loss: 0.0144 (0.0217)  time: 0.2760  data: 0.0770  max mem: 20673
Val:  [   230/?]  eta: ?  loss: 0.0091 (0.0219)  time: 0.2730  data: 0.0740  max mem: 20673
Val:  [   240/?]  eta: ?  loss: 0.0278 (0.0225)  time: 0.2801  data: 0.0812  max mem: 20673
Val:  [   250/?]  eta: ?  loss: 0.0211 (0.0223)  time: 0.2796  data: 0.0807  max mem: 20673
Val:  [   260/?]  eta: ?  loss: 0.0142 (0.0227)  time: 0.2641  data: 0.0652  max mem: 20673
Val:  [   270/?]  eta: ?  loss: 0.0186 (0.0229)  time: 0.2590  data: 0.0601  max mem: 20673
Val:  [   280/?]  eta: ?  loss: 0.0156 (0.0230)  time: 0.2703  data: 0.0712  max mem: 20673
Val:  [   290/?]  eta: ?  loss: 0.0127 (0.0228)  time: 0.2694  data: 0.0703  max mem: 20673
Val:  [   300/?]  eta: ?  loss: 0.0127 (0.0231)  time: 0.2586  data: 0.0597  max mem: 20673
Val:  [   310/?]  eta: ?  loss: 0.0147 (0.0232)  time: 0.2593  data: 0.0604  max mem: 20673
Val:  [   320/?]  eta: ?  loss: 0.0162 (0.0234)  time: 0.2519  data: 0.0530  max mem: 20673
Val:  [   330/?]  eta: ?  loss: 0.0166 (0.0237)  time: 0.2493  data: 0.0505  max mem: 20673
Val:  [   340/?]  eta: ?  loss: 0.0174 (0.0236)  time: 0.2600  data: 0.0611  max mem: 20673
Val:  [   350/?]  eta: ?  loss: 0.0184 (0.0235)  time: 0.2386  data: 0.0598  max mem: 20673
Val: Total time: 0:01:33 (0.2667 s / it)
* loss 0.023
Test:  [     0/?]  eta: ?  loss: 0.0103 (0.0103)  time: 2.3261  data: 2.1281  max mem: 20673
Test:  [    10/?]  eta: ?  loss: 0.0257 (0.0246)  time: 0.4362  data: 0.2375  max mem: 20673
Test:  [    20/?]  eta: ?  loss: 0.0226 (0.0283)  time: 0.2528  data: 0.0540  max mem: 20673
Test:  [    30/?]  eta: ?  loss: 0.0184 (0.0284)  time: 0.2588  data: 0.0599  max mem: 20673
Test:  [    40/?]  eta: ?  loss: 0.0154 (0.0256)  time: 0.2712  data: 0.0723  max mem: 20673
Test:  [    50/?]  eta: ?  loss: 0.0134 (0.0245)  time: 0.2699  data: 0.0712  max mem: 20673
Test:  [    60/?]  eta: ?  loss: 0.0134 (0.0231)  time: 0.2759  data: 0.0772  max mem: 20673
Test:  [    70/?]  eta: ?  loss: 0.0151 (0.0217)  time: 0.2610  data: 0.0622  max mem: 20673
Test:  [    80/?]  eta: ?  loss: 0.0148 (0.0209)  time: 0.2358  data: 0.0370  max mem: 20673
Test:  [    90/?]  eta: ?  loss: 0.0160 (0.0207)  time: 0.2434  data: 0.0444  max mem: 20673
Test:  [   100/?]  eta: ?  loss: 0.0173 (0.0207)  time: 0.2525  data: 0.0535  max mem: 20673
Test:  [   110/?]  eta: ?  loss: 0.0168 (0.0203)  time: 0.2635  data: 0.0647  max mem: 20673
Test:  [   120/?]  eta: ?  loss: 0.0164 (0.0205)  time: 0.2609  data: 0.0622  max mem: 20673
Test:  [   130/?]  eta: ?  loss: 0.0214 (0.0208)  time: 0.2634  data: 0.0646  max mem: 20673
Test:  [   140/?]  eta: ?  loss: 0.0222 (0.0217)  time: 0.2569  data: 0.0581  max mem: 20673
Test:  [   150/?]  eta: ?  loss: 0.0163 (0.0213)  time: 0.2597  data: 0.0609  max mem: 20673
Test:  [   160/?]  eta: ?  loss: 0.0149 (0.0215)  time: 0.2606  data: 0.0618  max mem: 20673
Test:  [   170/?]  eta: ?  loss: 0.0161 (0.0222)  time: 0.2558  data: 0.0570  max mem: 20673
Test:  [   180/?]  eta: ?  loss: 0.0175 (0.0225)  time: 0.2588  data: 0.0598  max mem: 20673
Test:  [   190/?]  eta: ?  loss: 0.0175 (0.0224)  time: 0.2460  data: 0.0470  max mem: 20673
Test:  [   200/?]  eta: ?  loss: 0.0129 (0.0222)  time: 0.2557  data: 0.0568  max mem: 20673
Test:  [   210/?]  eta: ?  loss: 0.0119 (0.0218)  time: 0.2852  data: 0.0863  max mem: 20673
Test:  [   220/?]  eta: ?  loss: 0.0132 (0.0215)  time: 0.2738  data: 0.0749  max mem: 20673
Test:  [   230/?]  eta: ?  loss: 0.0161 (0.0219)  time: 0.2579  data: 0.0590  max mem: 20673
Test:  [   240/?]  eta: ?  loss: 0.0172 (0.0217)  time: 0.2597  data: 0.0608  max mem: 20673
Test:  [   250/?]  eta: ?  loss: 0.0155 (0.0220)  time: 0.2708  data: 0.0718  max mem: 20673
Test:  [   260/?]  eta: ?  loss: 0.0166 (0.0224)  time: 0.2652  data: 0.0662  max mem: 20673
Test:  [   270/?]  eta: ?  loss: 0.0228 (0.0225)  time: 0.2730  data: 0.0740  max mem: 20673
Test:  [   280/?]  eta: ?  loss: 0.0126 (0.0221)  time: 0.2809  data: 0.0820  max mem: 20673
Test:  [   290/?]  eta: ?  loss: 0.0102 (0.0220)  time: 0.2687  data: 0.0698  max mem: 20673
Test:  [   300/?]  eta: ?  loss: 0.0118 (0.0219)  time: 0.2717  data: 0.0728  max mem: 20673
Test:  [   310/?]  eta: ?  loss: 0.0126 (0.0218)  time: 0.2693  data: 0.0704  max mem: 20673
Test:  [   320/?]  eta: ?  loss: 0.0195 (0.0221)  time: 0.2643  data: 0.0654  max mem: 20673
Test:  [   330/?]  eta: ?  loss: 0.0161 (0.0219)  time: 0.2753  data: 0.0765  max mem: 20673
Test:  [   340/?]  eta: ?  loss: 0.0114 (0.0219)  time: 0.2755  data: 0.0766  max mem: 20673
Test: Total time: 0:01:32 (0.2665 s / it)
* loss 0.022
  → Epoch   3/50 | Train Loss: 0.0217 | Val Loss: 0.0234 | Train score (1/(1+norm_MAE)): 0.8975 | Val MAE (years): 1.9889 | LR: 0.000001
Best val MAE (years): 1.9889, test MAE at best val: 1.9483
  Test segment MAE: 1.9483 | participant median MAE: 1.7914 | participant mean MAE: 1.8273
Epoch: [3]  [     0/?]  eta: ?  lr: 0.000300  min_lr: 0.000001  loss: 0.0170 (0.0170)  class_acc: 0.9035 (0.9035)  loss_scale: 524288.0000 (524288.0000)  weight_decay: 0.0500 (0.0500)  grad_norm: 4.1712 (4.1712)  time: 6.3586  data: 5.8639  max mem: 20673
Epoch: [3]  [   500/?]  eta: ?  lr: 0.000301  min_lr: 0.000001  loss: 0.0178 (0.0196)  class_acc: 0.9065 (0.9023)  loss_scale: 524288.0000 (524288.0000)  weight_decay: 0.0500 (0.0500)  grad_norm: 3.1619 (3.8914)  time: 0.5018  data: 0.0002  max mem: 20673
Epoch: [3]  [  1000/?]  eta: ?  lr: 0.000301  min_lr: 0.000001  loss: 0.0196 (0.0195)  class_acc: 0.9030 (0.9028)  loss_scale: 1048576.0000 (692940.0839)  weight_decay: 0.0500 (0.0500)  grad_norm: 3.6426 (3.9785)  time: 0.5031  data: 0.0004  max mem: 20673
Epoch: [3]  [  1500/?]  eta: ?  lr: 0.000302  min_lr: 0.000001  loss: 0.0175 (0.0192)  class_acc: 0.9057 (0.9034)  loss_scale: 1048576.0000 (811406.4117)  weight_decay: 0.0500 (0.0500)  grad_norm: 3.3808 (3.9638)  time: 0.4982  data: 0.0002  max mem: 20673
Epoch: [3]  [  2000/?]  eta: ?  lr: 0.000302  min_lr: 0.000001  loss: 0.0177 (0.0190)  class_acc: 0.9058 (0.9042)  loss_scale: 1048576.0000 (870669.1774)  weight_decay: 0.0500 (0.0500)  grad_norm: 3.5425 (3.9489)  time: 0.5014  data: 0.0003  max mem: 20673
Epoch: [3] Total time: 0:20:31 (0.5047 s / it)
Val:  [     0/?]  eta: ?  loss: 0.0391 (0.0391)  time: 2.5450  data: 2.3466  max mem: 20673
Val:  [    10/?]  eta: ?  loss: 0.0178 (0.0228)  time: 0.4586  data: 0.2594  max mem: 20673
Val:  [    20/?]  eta: ?  loss: 0.0214 (0.0230)  time: 0.2637  data: 0.0645  max mem: 20673
Val:  [    30/?]  eta: ?  loss: 0.0186 (0.0215)  time: 0.2680  data: 0.0688  max mem: 20673
Val:  [    40/?]  eta: ?  loss: 0.0172 (0.0240)  time: 0.2754  data: 0.0762  max mem: 20673
Val:  [    50/?]  eta: ?  loss: 0.0177 (0.0247)  time: 0.2744  data: 0.0753  max mem: 20673
Val:  [    60/?]  eta: ?  loss: 0.0163 (0.0243)  time: 0.2714  data: 0.0723  max mem: 20673
Val:  [    70/?]  eta: ?  loss: 0.0136 (0.0227)  time: 0.2733  data: 0.0742  max mem: 20673
Val:  [    80/?]  eta: ?  loss: 0.0136 (0.0225)  time: 0.2701  data: 0.0710  max mem: 20673
Val:  [    90/?]  eta: ?  loss: 0.0198 (0.0228)  time: 0.2658  data: 0.0668  max mem: 20673
Val:  [   100/?]  eta: ?  loss: 0.0156 (0.0221)  time: 0.2631  data: 0.0640  max mem: 20673
Val:  [   110/?]  eta: ?  loss: 0.0157 (0.0220)  time: 0.2672  data: 0.0681  max mem: 20673
Val:  [   120/?]  eta: ?  loss: 0.0156 (0.0214)  time: 0.2699  data: 0.0708  max mem: 20673
Val:  [   130/?]  eta: ?  loss: 0.0133 (0.0211)  time: 0.2561  data: 0.0570  max mem: 20673
Val:  [   140/?]  eta: ?  loss: 0.0110 (0.0207)  time: 0.2425  data: 0.0434  max mem: 20673
Val:  [   150/?]  eta: ?  loss: 0.0102 (0.0203)  time: 0.2506  data: 0.0515  max mem: 20673
Val:  [   160/?]  eta: ?  loss: 0.0187 (0.0207)  time: 0.2568  data: 0.0577  max mem: 20673
Val:  [   170/?]  eta: ?  loss: 0.0187 (0.0204)  time: 0.2506  data: 0.0515  max mem: 20673
Val:  [   180/?]  eta: ?  loss: 0.0132 (0.0200)  time: 0.2641  data: 0.0650  max mem: 20673
Val:  [   190/?]  eta: ?  loss: 0.0133 (0.0200)  time: 0.2775  data: 0.0784  max mem: 20673
Val:  [   200/?]  eta: ?  loss: 0.0133 (0.0196)  time: 0.2694  data: 0.0703  max mem: 20673
Val:  [   210/?]  eta: ?  loss: 0.0137 (0.0207)  time: 0.2614  data: 0.0624  max mem: 20673
Val:  [   220/?]  eta: ?  loss: 0.0115 (0.0205)  time: 0.2679  data: 0.0689  max mem: 20673
Val:  [   230/?]  eta: ?  loss: 0.0113 (0.0208)  time: 0.2743  data: 0.0752  max mem: 20673
Val:  [   240/?]  eta: ?  loss: 0.0200 (0.0214)  time: 0.2829  data: 0.0839  max mem: 20673
Val:  [   250/?]  eta: ?  loss: 0.0183 (0.0215)  time: 0.2762  data: 0.0771  max mem: 20673
Val:  [   260/?]  eta: ?  loss: 0.0126 (0.0221)  time: 0.2660  data: 0.0670  max mem: 20673
Val:  [   270/?]  eta: ?  loss: 0.0138 (0.0223)  time: 0.2667  data: 0.0677  max mem: 20673
Val:  [   280/?]  eta: ?  loss: 0.0115 (0.0224)  time: 0.2712  data: 0.0721  max mem: 20673
Val:  [   290/?]  eta: ?  loss: 0.0104 (0.0221)  time: 0.2648  data: 0.0657  max mem: 20673
Val:  [   300/?]  eta: ?  loss: 0.0126 (0.0225)  time: 0.2386  data: 0.0396  max mem: 20673
Val:  [   310/?]  eta: ?  loss: 0.0173 (0.0226)  time: 0.2414  data: 0.0423  max mem: 20673
Val:  [   320/?]  eta: ?  loss: 0.0211 (0.0227)  time: 0.2506  data: 0.0515  max mem: 20673
Val:  [   330/?]  eta: ?  loss: 0.0171 (0.0230)  time: 0.2502  data: 0.0511  max mem: 20673
Val:  [   340/?]  eta: ?  loss: 0.0167 (0.0229)  time: 0.2602  data: 0.0611  max mem: 20673
Val:  [   350/?]  eta: ?  loss: 0.0152 (0.0227)  time: 0.2368  data: 0.0580  max mem: 20673
Val: Total time: 0:01:34 (0.2677 s / it)
* loss 0.023
Test:  [     0/?]  eta: ?  loss: 0.0145 (0.0145)  time: 2.3230  data: 2.1250  max mem: 20673
Test:  [    10/?]  eta: ?  loss: 0.0150 (0.0203)  time: 0.4033  data: 0.2045  max mem: 20673
Test:  [    20/?]  eta: ?  loss: 0.0195 (0.0263)  time: 0.2370  data: 0.0380  max mem: 20673
Test:  [    30/?]  eta: ?  loss: 0.0195 (0.0266)  time: 0.2648  data: 0.0659  max mem: 20673
Test:  [    40/?]  eta: ?  loss: 0.0157 (0.0249)  time: 0.2492  data: 0.0503  max mem: 20673
Test:  [    50/?]  eta: ?  loss: 0.0146 (0.0235)  time: 0.2353  data: 0.0364  max mem: 20673
Test:  [    60/?]  eta: ?  loss: 0.0142 (0.0222)  time: 0.2699  data: 0.0710  max mem: 20673
Test:  [    70/?]  eta: ?  loss: 0.0122 (0.0207)  time: 0.2896  data: 0.0908  max mem: 20673
Test:  [    80/?]  eta: ?  loss: 0.0132 (0.0199)  time: 0.2659  data: 0.0670  max mem: 20673
Test:  [    90/?]  eta: ?  loss: 0.0159 (0.0198)  time: 0.2483  data: 0.0493  max mem: 20673
Test:  [   100/?]  eta: ?  loss: 0.0143 (0.0193)  time: 0.2504  data: 0.0515  max mem: 20673
Test:  [   110/?]  eta: ?  loss: 0.0139 (0.0188)  time: 0.2563  data: 0.0574  max mem: 20673
Test:  [   120/?]  eta: ?  loss: 0.0160 (0.0191)  time: 0.2556  data: 0.0567  max mem: 20673
Test:  [   130/?]  eta: ?  loss: 0.0190 (0.0194)  time: 0.2593  data: 0.0606  max mem: 20673
Test:  [   140/?]  eta: ?  loss: 0.0236 (0.0204)  time: 0.2556  data: 0.0569  max mem: 20673
Test:  [   150/?]  eta: ?  loss: 0.0178 (0.0202)  time: 0.2517  data: 0.0529  max mem: 20673
Test:  [   160/?]  eta: ?  loss: 0.0169 (0.0205)  time: 0.2474  data: 0.0485  max mem: 20673
Test:  [   170/?]  eta: ?  loss: 0.0180 (0.0214)  time: 0.2598  data: 0.0609  max mem: 20673
Test:  [   180/?]  eta: ?  loss: 0.0164 (0.0215)  time: 0.2674  data: 0.0685  max mem: 20673
Test:  [   190/?]  eta: ?  loss: 0.0126 (0.0212)  time: 0.2470  data: 0.0482  max mem: 20673
Test:  [   200/?]  eta: ?  loss: 0.0090 (0.0211)  time: 0.2465  data: 0.0477  max mem: 20673
Test:  [   210/?]  eta: ?  loss: 0.0102 (0.0207)  time: 0.2739  data: 0.0752  max mem: 20673
Test:  [   220/?]  eta: ?  loss: 0.0104 (0.0202)  time: 0.2718  data: 0.0730  max mem: 20673
Test:  [   230/?]  eta: ?  loss: 0.0113 (0.0206)  time: 0.2683  data: 0.0695  max mem: 20673
Test:  [   240/?]  eta: ?  loss: 0.0152 (0.0205)  time: 0.2689  data: 0.0702  max mem: 20673
Test:  [   250/?]  eta: ?  loss: 0.0145 (0.0208)  time: 0.2686  data: 0.0698  max mem: 20673
Test:  [   260/?]  eta: ?  loss: 0.0141 (0.0215)  time: 0.2678  data: 0.0689  max mem: 20673
Test:  [   270/?]  eta: ?  loss: 0.0199 (0.0216)  time: 0.2668  data: 0.0680  max mem: 20673
Test:  [   280/?]  eta: ?  loss: 0.0130 (0.0212)  time: 0.2711  data: 0.0722  max mem: 20673
Test:  [   290/?]  eta: ?  loss: 0.0096 (0.0211)  time: 0.2714  data: 0.0725  max mem: 20673
Test:  [   300/?]  eta: ?  loss: 0.0101 (0.0210)  time: 0.2734  data: 0.0744  max mem: 20673
Test:  [   310/?]  eta: ?  loss: 0.0101 (0.0208)  time: 0.2666  data: 0.0678  max mem: 20673
Test:  [   320/?]  eta: ?  loss: 0.0138 (0.0210)  time: 0.2611  data: 0.0623  max mem: 20673
Test:  [   330/?]  eta: ?  loss: 0.0156 (0.0208)  time: 0.2816  data: 0.0828  max mem: 20673
Test:  [   340/?]  eta: ?  loss: 0.0123 (0.0208)  time: 0.2831  data: 0.0843  max mem: 20673
Test: Total time: 0:01:32 (0.2650 s / it)
* loss 0.021
  → Epoch   4/50 | Train Loss: 0.0187 | Val Loss: 0.0227 | Train score (1/(1+norm_MAE)): 0.9049 | Val MAE (years): 1.9208 | LR: 0.000001
Best val MAE (years): 1.9208, test MAE at best val: 1.8419
  Test segment MAE: 1.8419 | participant median MAE: 1.6450 | participant mean MAE: 1.6691
Epoch: [4]  [     0/?]  eta: ?  lr: 0.000400  min_lr: 0.000001  loss: 0.0150 (0.0150)  class_acc: 0.9089 (0.9089)  loss_scale: 1048576.0000 (1048576.0000)  weight_decay: 0.0500 (0.0500)  grad_norm: 2.7629 (2.7629)  time: 6.3501  data: 5.8343  max mem: 20673
Epoch: [4]  [   500/?]  eta: ?  lr: 0.000401  min_lr: 0.000001  loss: 0.0166 (0.0171)  class_acc: 0.9096 (0.9088)  loss_scale: 2097152.0000 (1596933.1098)  weight_decay: 0.0500 (0.0500)  grad_norm: 3.1196 (3.5082)  time: 0.5033  data: 0.0002  max mem: 20673
Epoch: [4]  [  1000/?]  eta: ?  lr: 0.000401  min_lr: 0.000001  loss: 0.0167 (0.0169)  class_acc: 0.9092 (0.9093)  loss_scale: 2097152.0000 (1846792.6953)  weight_decay: 0.0500 (0.0500)  grad_norm: 3.7758 (3.5270)  time: 0.5118  data: 0.0004  max mem: 20673
Epoch: [4]  [  1500/?]  eta: ?  lr: 0.000402  min_lr: 0.000001  loss: 0.0155 (0.0167)  class_acc: 0.9103 (0.9100)  loss_scale: 2097152.0000 (1930190.1985)  weight_decay: 0.0500 (0.0500)  grad_norm: 3.6507 (3.5473)  time: 0.5017  data: 0.0002  max mem: 20673
Epoch: [4]  [  2000/?]  eta: ?  lr: 0.000402  min_lr: 0.000001  loss: 0.0156 (0.0165)  class_acc: 0.9136 (0.9106)  loss_scale: 2097152.0000 (1971909.7891)  weight_decay: 0.0500 (0.0500)  grad_norm: 2.9188 (3.5223)  time: 0.5030  data: 0.0002  max mem: 20673
Epoch: [4] Total time: 0:20:32 (0.5051 s / it)
Val:  [     0/?]  eta: ?  loss: 0.0295 (0.0295)  time: 3.4164  data: 3.1057  max mem: 20673
Val:  [    10/?]  eta: ?  loss: 0.0145 (0.0190)  time: 0.5410  data: 0.3316  max mem: 20673
Val:  [    20/?]  eta: ?  loss: 0.0155 (0.0197)  time: 0.2644  data: 0.0652  max mem: 20673
Val:  [    30/?]  eta: ?  loss: 0.0184 (0.0202)  time: 0.2628  data: 0.0635  max mem: 20673
Val:  [    40/?]  eta: ?  loss: 0.0156 (0.0226)  time: 0.2753  data: 0.0760  max mem: 20673
Val:  [    50/?]  eta: ?  loss: 0.0163 (0.0232)  time: 0.2834  data: 0.0843  max mem: 20673
Val:  [    60/?]  eta: ?  loss: 0.0163 (0.0234)  time: 0.2754  data: 0.0764  max mem: 20673
Val:  [    70/?]  eta: ?  loss: 0.0115 (0.0218)  time: 0.2757  data: 0.0767  max mem: 20673
Val:  [    80/?]  eta: ?  loss: 0.0163 (0.0219)  time: 0.2708  data: 0.0718  max mem: 20673
Val:  [    90/?]  eta: ?  loss: 0.0210 (0.0222)  time: 0.2619  data: 0.0629  max mem: 20673
Val:  [   100/?]  eta: ?  loss: 0.0178 (0.0215)  time: 0.2634  data: 0.0643  max mem: 20673
Val:  [   110/?]  eta: ?  loss: 0.0157 (0.0215)  time: 0.2675  data: 0.0684  max mem: 20673
Val:  [   120/?]  eta: ?  loss: 0.0172 (0.0212)  time: 0.2674  data: 0.0684  max mem: 20673
Val:  [   130/?]  eta: ?  loss: 0.0160 (0.0211)  time: 0.2533  data: 0.0542  max mem: 20673
Val:  [   140/?]  eta: ?  loss: 0.0119 (0.0205)  time: 0.2422  data: 0.0432  max mem: 20673
Val:  [   150/?]  eta: ?  loss: 0.0118 (0.0200)  time: 0.2512  data: 0.0523  max mem: 20673
Val:  [   160/?]  eta: ?  loss: 0.0160 (0.0206)  time: 0.2505  data: 0.0515  max mem: 20673
Val:  [   170/?]  eta: ?  loss: 0.0207 (0.0203)  time: 0.2507  data: 0.0517  max mem: 20673
Val:  [   180/?]  eta: ?  loss: 0.0120 (0.0200)  time: 0.2765  data: 0.0775  max mem: 20673
Val:  [   190/?]  eta: ?  loss: 0.0119 (0.0200)  time: 0.2850  data: 0.0861  max mem: 20673
Val:  [   200/?]  eta: ?  loss: 0.0124 (0.0197)  time: 0.2738  data: 0.0748  max mem: 20673
Val:  [   210/?]  eta: ?  loss: 0.0148 (0.0208)  time: 0.2696  data: 0.0706  max mem: 20673
Val:  [   220/?]  eta: ?  loss: 0.0178 (0.0207)  time: 0.2723  data: 0.0734  max mem: 20673
Val:  [   230/?]  eta: ?  loss: 0.0121 (0.0209)  time: 0.2843  data: 0.0853  max mem: 20673
Val:  [   240/?]  eta: ?  loss: 0.0165 (0.0215)  time: 0.2963  data: 0.0973  max mem: 20673
Val:  [   250/?]  eta: ?  loss: 0.0165 (0.0214)  time: 0.2801  data: 0.0812  max mem: 20673
Val:  [   260/?]  eta: ?  loss: 0.0140 (0.0217)  time: 0.2576  data: 0.0587  max mem: 20673
Val:  [   270/?]  eta: ?  loss: 0.0185 (0.0220)  time: 0.2596  data: 0.0606  max mem: 20673
Val:  [   280/?]  eta: ?  loss: 0.0162 (0.0221)  time: 0.2745  data: 0.0756  max mem: 20673
Val:  [   290/?]  eta: ?  loss: 0.0129 (0.0219)  time: 0.2674  data: 0.0685  max mem: 20673
Val:  [   300/?]  eta: ?  loss: 0.0129 (0.0222)  time: 0.2508  data: 0.0518  max mem: 20673
Val:  [   310/?]  eta: ?  loss: 0.0142 (0.0224)  time: 0.2548  data: 0.0559  max mem: 20673
Val:  [   320/?]  eta: ?  loss: 0.0142 (0.0225)  time: 0.2539  data: 0.0550  max mem: 20673
Val:  [   330/?]  eta: ?  loss: 0.0197 (0.0227)  time: 0.2504  data: 0.0515  max mem: 20673
Val:  [   340/?]  eta: ?  loss: 0.0196 (0.0226)  time: 0.2574  data: 0.0584  max mem: 20673
Val:  [   350/?]  eta: ?  loss: 0.0162 (0.0226)  time: 0.2378  data: 0.0589  max mem: 20673
Val: Total time: 0:01:35 (0.2726 s / it)
* loss 0.023
Test:  [     0/?]  eta: ?  loss: 0.0166 (0.0166)  time: 2.9627  data: 2.7649  max mem: 20673
Test:  [    10/?]  eta: ?  loss: 0.0226 (0.0251)  time: 0.4905  data: 0.2917  max mem: 20673
Test:  [    20/?]  eta: ?  loss: 0.0222 (0.0279)  time: 0.2485  data: 0.0497  max mem: 20673
Test:  [    30/?]  eta: ?  loss: 0.0198 (0.0280)  time: 0.2484  data: 0.0497  max mem: 20673
Test:  [    40/?]  eta: ?  loss: 0.0175 (0.0258)  time: 0.2490  data: 0.0502  max mem: 20673
Test:  [    50/?]  eta: ?  loss: 0.0148 (0.0245)  time: 0.2598  data: 0.0610  max mem: 20673
Test:  [    60/?]  eta: ?  loss: 0.0147 (0.0231)  time: 0.2527  data: 0.0539  max mem: 20673
Test:  [    70/?]  eta: ?  loss: 0.0147 (0.0219)  time: 0.2537  data: 0.0548  max mem: 20673
Test:  [    80/?]  eta: ?  loss: 0.0123 (0.0208)  time: 0.2602  data: 0.0613  max mem: 20673
Test:  [    90/?]  eta: ?  loss: 0.0136 (0.0207)  time: 0.2599  data: 0.0610  max mem: 20673
Test:  [   100/?]  eta: ?  loss: 0.0187 (0.0206)  time: 0.2383  data: 0.0393  max mem: 20673
Test:  [   110/?]  eta: ?  loss: 0.0165 (0.0203)  time: 0.2277  data: 0.0287  max mem: 20673
Test:  [   120/?]  eta: ?  loss: 0.0172 (0.0204)  time: 0.2477  data: 0.0488  max mem: 20673
Test:  [   130/?]  eta: ?  loss: 0.0180 (0.0204)  time: 0.2481  data: 0.0491  max mem: 20673
Test:  [   140/?]  eta: ?  loss: 0.0198 (0.0210)  time: 0.2431  data: 0.0442  max mem: 20673
Test:  [   150/?]  eta: ?  loss: 0.0169 (0.0206)  time: 0.2560  data: 0.0571  max mem: 20673
Test:  [   160/?]  eta: ?  loss: 0.0147 (0.0207)  time: 0.2384  data: 0.0394  max mem: 20673
Test:  [   170/?]  eta: ?  loss: 0.0175 (0.0212)  time: 0.2244  data: 0.0253  max mem: 20673
Test:  [   180/?]  eta: ?  loss: 0.0146 (0.0213)  time: 0.2447  data: 0.0457  max mem: 20673
Test:  [   190/?]  eta: ?  loss: 0.0160 (0.0212)  time: 0.2308  data: 0.0316  max mem: 20673
Test:  [   200/?]  eta: ?  loss: 0.0143 (0.0210)  time: 0.2312  data: 0.0321  max mem: 20673
Test:  [   210/?]  eta: ?  loss: 0.0110 (0.0206)  time: 0.2724  data: 0.0734  max mem: 20673
Test:  [   220/?]  eta: ?  loss: 0.0110 (0.0203)  time: 0.2633  data: 0.0642  max mem: 20673
Test:  [   230/?]  eta: ?  loss: 0.0126 (0.0205)  time: 0.2296  data: 0.0306  max mem: 20673
Test:  [   240/?]  eta: ?  loss: 0.0153 (0.0203)  time: 0.2567  data: 0.0578  max mem: 20673
Test:  [   250/?]  eta: ?  loss: 0.0153 (0.0206)  time: 0.2580  data: 0.0591  max mem: 20673
Test:  [   260/?]  eta: ?  loss: 0.0163 (0.0212)  time: 0.2395  data: 0.0405  max mem: 20673
Test:  [   270/?]  eta: ?  loss: 0.0172 (0.0213)  time: 0.2649  data: 0.0660  max mem: 20673
Test:  [   280/?]  eta: ?  loss: 0.0150 (0.0210)  time: 0.2597  data: 0.0607  max mem: 20673
Test:  [   290/?]  eta: ?  loss: 0.0126 (0.0210)  time: 0.2574  data: 0.0584  max mem: 20673
Test:  [   300/?]  eta: ?  loss: 0.0120 (0.0210)  time: 0.2739  data: 0.0748  max mem: 20673
Test:  [   310/?]  eta: ?  loss: 0.0120 (0.0209)  time: 0.2638  data: 0.0648  max mem: 20673
Test:  [   320/?]  eta: ?  loss: 0.0218 (0.0211)  time: 0.2524  data: 0.0535  max mem: 20673
Test:  [   330/?]  eta: ?  loss: 0.0155 (0.0209)  time: 0.2649  data: 0.0660  max mem: 20673
Test:  [   340/?]  eta: ?  loss: 0.0120 (0.0209)  time: 0.2673  data: 0.0682  max mem: 20673
Test: Total time: 0:01:29 (0.2563 s / it)
* loss 0.021

============================================================
Counting samples by task type...
============================================================

============================================================
Evaluating on active tasks (20,949 samples)...
============================================================
Active Test:  [     0/?]  eta: ?  loss: 0.0538 (0.0538)  time: 2.8690  data: 2.5495  max mem: 20673
Active Test:  [    10/?]  eta: ?  loss: 0.0152 (0.0229)  time: 0.2901  data: 0.2319  max mem: 20673
Active Test:  [    20/?]  eta: ?  loss: 0.0125 (0.0196)  time: 0.0366  data: 0.0055  max mem: 20673
Active Test:  [    30/?]  eta: ?  loss: 0.0144 (0.0227)  time: 0.0403  data: 0.0100  max mem: 20673
Active Test:  [    40/?]  eta: ?  loss: 0.0139 (0.0203)  time: 0.0431  data: 0.0126  max mem: 20673
Active Test:  [    50/?]  eta: ?  loss: 0.0094 (0.0192)  time: 0.0402  data: 0.0096  max mem: 20673
Active Test:  [    60/?]  eta: ?  loss: 0.0146 (0.0196)  time: 0.0382  data: 0.0077  max mem: 20673
Active Test:  [    70/?]  eta: ?  loss: 0.0191 (0.0219)  time: 0.0445  data: 0.0140  max mem: 20673
Active Test:  [    80/?]  eta: ?  loss: 0.0145 (0.0216)  time: 0.0415  data: 0.0111  max mem: 20673
Active Test:  [    90/?]  eta: ?  loss: 0.0126 (0.0207)  time: 0.0470  data: 0.0168  max mem: 20673
Active Test:  [   100/?]  eta: ?  loss: 0.0110 (0.0200)  time: 0.0509  data: 0.0208  max mem: 20673
Active Test:  [   110/?]  eta: ?  loss: 0.0111 (0.0194)  time: 0.0498  data: 0.0196  max mem: 20673
Active Test:  [   120/?]  eta: ?  loss: 0.0115 (0.0188)  time: 0.0526  data: 0.0224  max mem: 20673
Active Test:  [   130/?]  eta: ?  loss: 0.0122 (0.0191)  time: 0.0541  data: 0.0239  max mem: 20673
Active Test:  [   140/?]  eta: ?  loss: 0.0152 (0.0199)  time: 0.0484  data: 0.0180  max mem: 20673
Active Test:  [   150/?]  eta: ?  loss: 0.0124 (0.0193)  time: 0.0375  data: 0.0070  max mem: 20673
Active Test:  [   160/?]  eta: ?  loss: 0.0126 (0.0191)  time: 0.0363  data: 0.0059  max mem: 20673
Active Test:  [   170/?]  eta: ?  loss: 0.0137 (0.0191)  time: 0.0382  data: 0.0079  max mem: 20673
Active Test:  [   180/?]  eta: ?  loss: 0.0121 (0.0195)  time: 0.0462  data: 0.0159  max mem: 20673
Active Test:  [   190/?]  eta: ?  loss: 0.0138 (0.0204)  time: 0.0484  data: 0.0182  max mem: 20673
Active Test:  [   200/?]  eta: ?  loss: 0.0263 (0.0225)  time: 0.0432  data: 0.0129  max mem: 20673
Active Test:  [   210/?]  eta: ?  loss: 0.0177 (0.0223)  time: 0.0429  data: 0.0126  max mem: 20673
Active Test:  [   220/?]  eta: ?  loss: 0.0109 (0.0224)  time: 0.0431  data: 0.0128  max mem: 20673
Active Test:  [   230/?]  eta: ?  loss: 0.0135 (0.0221)  time: 0.0438  data: 0.0135  max mem: 20673
Active Test:  [   240/?]  eta: ?  loss: 0.0132 (0.0219)  time: 0.0434  data: 0.0132  max mem: 20673
Active Test:  [   250/?]  eta: ?  loss: 0.0140 (0.0217)  time: 0.0439  data: 0.0137  max mem: 20673
Active Test:  [   260/?]  eta: ?  loss: 0.0146 (0.0222)  time: 0.0449  data: 0.0147  max mem: 20673
Active Test:  [   270/?]  eta: ?  loss: 0.0103 (0.0219)  time: 0.0457  data: 0.0154  max mem: 20673
Active Test:  [   280/?]  eta: ?  loss: 0.0150 (0.0221)  time: 0.0427  data: 0.0123  max mem: 20673
Active Test:  [   290/?]  eta: ?  loss: 0.0159 (0.0218)  time: 0.0386  data: 0.0083  max mem: 20673
Active Test:  [   300/?]  eta: ?  loss: 0.0116 (0.0215)  time: 0.0424  data: 0.0122  max mem: 20673
Active Test:  [   310/?]  eta: ?  loss: 0.0099 (0.0213)  time: 0.0470  data: 0.0168  max mem: 20673
Active Test:  [   320/?]  eta: ?  loss: 0.0137 (0.0215)  time: 0.0468  data: 0.0165  max mem: 20673
Active Test: Total time: 0:00:17 (0.0535 s / it)
* loss 0.021

============================================================
Evaluating on passive tasks (113,222 samples)...
============================================================
Passive Test:  [     0/?]  eta: ?  loss: 0.0074 (0.0074)  time: 1.0333  data: 0.9997  max mem: 20673
Passive Test:  [    10/?]  eta: ?  loss: 0.0700 (0.0675)  time: 0.1345  data: 0.1039  max mem: 20673
Passive Test:  [    20/?]  eta: ?  loss: 0.0600 (0.0745)  time: 0.0458  data: 0.0155  max mem: 20673
Passive Test:  [    30/?]  eta: ?  loss: 0.0531 (0.0753)  time: 0.0439  data: 0.0135  max mem: 20673
Passive Test:  [    40/?]  eta: ?  loss: 0.0246 (0.0622)  time: 0.0421  data: 0.0117  max mem: 20673
Passive Test:  [    50/?]  eta: ?  loss: 0.0162 (0.0540)  time: 0.0423  data: 0.0121  max mem: 20673
Passive Test:  [    60/?]  eta: ?  loss: 0.0124 (0.0479)  time: 0.0406  data: 0.0105  max mem: 20673
Passive Test:  [    70/?]  eta: ?  loss: 0.0124 (0.0431)  time: 0.0449  data: 0.0148  max mem: 20673
Passive Test:  [    80/?]  eta: ?  loss: 0.0112 (0.0397)  time: 0.0459  data: 0.0158  max mem: 20673
Passive Test:  [    90/?]  eta: ?  loss: 0.0112 (0.0367)  time: 0.0444  data: 0.0141  max mem: 20673
Passive Test:  [   100/?]  eta: ?  loss: 0.0117 (0.0363)  time: 0.0441  data: 0.0138  max mem: 20673
Passive Test:  [   110/?]  eta: ?  loss: 0.0272 (0.0362)  time: 0.0436  data: 0.0134  max mem: 20673
Passive Test:  [   120/?]  eta: ?  loss: 0.0266 (0.0358)  time: 0.0437  data: 0.0134  max mem: 20673
Passive Test:  [   130/?]  eta: ?  loss: 0.0253 (0.0350)  time: 0.0447  data: 0.0143  max mem: 20673
Passive Test:  [   140/?]  eta: ?  loss: 0.0071 (0.0337)  time: 0.0435  data: 0.0128  max mem: 20673
Passive Test:  [   150/?]  eta: ?  loss: 0.0098 (0.0323)  time: 0.0433  data: 0.0128  max mem: 20673
Passive Test:  [   160/?]  eta: ?  loss: 0.0096 (0.0310)  time: 0.0458  data: 0.0156  max mem: 20673
Passive Test:  [   170/?]  eta: ?  loss: 0.0082 (0.0299)  time: 0.0472  data: 0.0169  max mem: 20673
Passive Test:  [   180/?]  eta: ?  loss: 0.0093 (0.0289)  time: 0.0461  data: 0.0158  max mem: 20673
Passive Test:  [   190/?]  eta: ?  loss: 0.0113 (0.0283)  time: 0.0433  data: 0.0131  max mem: 20673
Passive Test:  [   200/?]  eta: ?  loss: 0.0108 (0.0280)  time: 0.0412  data: 0.0110  max mem: 20673
Passive Test:  [   210/?]  eta: ?  loss: 0.0091 (0.0275)  time: 0.0400  data: 0.0098  max mem: 20673
Passive Test:  [   220/?]  eta: ?  loss: 0.0109 (0.0271)  time: 0.0442  data: 0.0140  max mem: 20673
Passive Test:  [   230/?]  eta: ?  loss: 0.0197 (0.0270)  time: 0.0493  data: 0.0189  max mem: 20673
Passive Test:  [   240/?]  eta: ?  loss: 0.0264 (0.0269)  time: 0.0476  data: 0.0173  max mem: 20673
Passive Test:  [   250/?]  eta: ?  loss: 0.0245 (0.0268)  time: 0.0477  data: 0.0175  max mem: 20673
Passive Test:  [   260/?]  eta: ?  loss: 0.0208 (0.0270)  time: 0.0481  data: 0.0179  max mem: 20673
Passive Test:  [   270/?]  eta: ?  loss: 0.0129 (0.0269)  time: 0.0456  data: 0.0154  max mem: 20673
Passive Test:  [   280/?]  eta: ?  loss: 0.0149 (0.0271)  time: 0.0454  data: 0.0153  max mem: 20673
Passive Test:  [   290/?]  eta: ?  loss: 0.0178 (0.0267)  time: 0.0468  data: 0.0168  max mem: 20673
Passive Test:  [   300/?]  eta: ?  loss: 0.0115 (0.0262)  time: 0.0461  data: 0.0161  max mem: 20673
Passive Test:  [   310/?]  eta: ?  loss: 0.0090 (0.0258)  time: 0.0434  data: 0.0135  max mem: 20673
Passive Test:  [   320/?]  eta: ?  loss: 0.0090 (0.0254)  time: 0.0439  data: 0.0139  max mem: 20673
Passive Test:  [   330/?]  eta: ?  loss: 0.0113 (0.0252)  time: 0.0452  data: 0.0151  max mem: 20673
Passive Test:  [   340/?]  eta: ?  loss: 0.0113 (0.0249)  time: 0.0438  data: 0.0138  max mem: 20673
Passive Test:  [   350/?]  eta: ?  loss: 0.0127 (0.0246)  time: 0.0484  data: 0.0183  max mem: 20673
Passive Test:  [   360/?]  eta: ?  loss: 0.0110 (0.0242)  time: 0.0510  data: 0.0208  max mem: 20673
Passive Test:  [   370/?]  eta: ?  loss: 0.0086 (0.0238)  time: 0.0493  data: 0.0191  max mem: 20673
Passive Test:  [   380/?]  eta: ?  loss: 0.0090 (0.0235)  time: 0.0486  data: 0.0184  max mem: 20673
Passive Test:  [   390/?]  eta: ?  loss: 0.0127 (0.0235)  time: 0.0460  data: 0.0158  max mem: 20673
Passive Test:  [   400/?]  eta: ?  loss: 0.0150 (0.0234)  time: 0.0450  data: 0.0148  max mem: 20673
Passive Test:  [   410/?]  eta: ?  loss: 0.0142 (0.0233)  time: 0.0438  data: 0.0137  max mem: 20673
Passive Test:  [   420/?]  eta: ?  loss: 0.0122 (0.0230)  time: 0.0450  data: 0.0149  max mem: 20673
Passive Test:  [   430/?]  eta: ?  loss: 0.0125 (0.0228)  time: 0.0437  data: 0.0136  max mem: 20673
Passive Test:  [   440/?]  eta: ?  loss: 0.0131 (0.0226)  time: 0.0442  data: 0.0142  max mem: 20673
Passive Test:  [   450/?]  eta: ?  loss: 0.0125 (0.0223)  time: 0.0452  data: 0.0152  max mem: 20673
Passive Test:  [   460/?]  eta: ?  loss: 0.0101 (0.0221)  time: 0.0446  data: 0.0145  max mem: 20673
Passive Test:  [   470/?]  eta: ?  loss: 0.0101 (0.0221)  time: 0.0484  data: 0.0181  max mem: 20673
Passive Test:  [   480/?]  eta: ?  loss: 0.0112 (0.0222)  time: 0.0500  data: 0.0198  max mem: 20673
Passive Test:  [   490/?]  eta: ?  loss: 0.0121 (0.0221)  time: 0.0520  data: 0.0219  max mem: 20673
Passive Test:  [   500/?]  eta: ?  loss: 0.0141 (0.0221)  time: 0.0503  data: 0.0202  max mem: 20673
Passive Test:  [   510/?]  eta: ?  loss: 0.0120 (0.0220)  time: 0.0457  data: 0.0155  max mem: 20673
Passive Test:  [   520/?]  eta: ?  loss: 0.0119 (0.0219)  time: 0.0462  data: 0.0159  max mem: 20673
Passive Test:  [   530/?]  eta: ?  loss: 0.0115 (0.0217)  time: 0.0484  data: 0.0182  max mem: 20673
Passive Test:  [   540/?]  eta: ?  loss: 0.0110 (0.0216)  time: 0.0489  data: 0.0187  max mem: 20673
Passive Test:  [   550/?]  eta: ?  loss: 0.0074 (0.0214)  time: 0.0478  data: 0.0176  max mem: 20673
Passive Test:  [   560/?]  eta: ?  loss: 0.0089 (0.0212)  time: 0.0459  data: 0.0156  max mem: 20673
Passive Test:  [   570/?]  eta: ?  loss: 0.0108 (0.0211)  time: 0.0438  data: 0.0136  max mem: 20673
Passive Test:  [   580/?]  eta: ?  loss: 0.0111 (0.0209)  time: 0.0415  data: 0.0113  max mem: 20673
Passive Test:  [   590/?]  eta: ?  loss: 0.0086 (0.0208)  time: 0.0442  data: 0.0139  max mem: 20673
Passive Test:  [   600/?]  eta: ?  loss: 0.0081 (0.0206)  time: 0.0455  data: 0.0153  max mem: 20673
Passive Test:  [   610/?]  eta: ?  loss: 0.0079 (0.0204)  time: 0.0448  data: 0.0147  max mem: 20673
Passive Test:  [   620/?]  eta: ?  loss: 0.0088 (0.0203)  time: 0.0460  data: 0.0158  max mem: 20673
Passive Test:  [   630/?]  eta: ?  loss: 0.0088 (0.0201)  time: 0.0439  data: 0.0137  max mem: 20673
Passive Test:  [   640/?]  eta: ?  loss: 0.0081 (0.0199)  time: 0.0423  data: 0.0122  max mem: 20673
Passive Test:  [   650/?]  eta: ?  loss: 0.0094 (0.0199)  time: 0.0447  data: 0.0146  max mem: 20673
Passive Test:  [   660/?]  eta: ?  loss: 0.0124 (0.0199)  time: 0.0465  data: 0.0164  max mem: 20673
Passive Test:  [   670/?]  eta: ?  loss: 0.0141 (0.0198)  time: 0.0460  data: 0.0158  max mem: 20673
Passive Test:  [   680/?]  eta: ?  loss: 0.0131 (0.0198)  time: 0.0462  data: 0.0161  max mem: 20673
Passive Test:  [   690/?]  eta: ?  loss: 0.0107 (0.0197)  time: 0.0485  data: 0.0184  max mem: 20673
Passive Test:  [   700/?]  eta: ?  loss: 0.0105 (0.0197)  time: 0.0487  data: 0.0185  max mem: 20673
Passive Test:  [   710/?]  eta: ?  loss: 0.0141 (0.0197)  time: 0.0468  data: 0.0165  max mem: 20673
Passive Test:  [   720/?]  eta: ?  loss: 0.0141 (0.0196)  time: 0.0469  data: 0.0167  max mem: 20673
Passive Test:  [   730/?]  eta: ?  loss: 0.0139 (0.0196)  time: 0.0468  data: 0.0166  max mem: 20673
Passive Test:  [   740/?]  eta: ?  loss: 0.0175 (0.0195)  time: 0.0460  data: 0.0158  max mem: 20673
Passive Test:  [   750/?]  eta: ?  loss: 0.0176 (0.0195)  time: 0.0453  data: 0.0152  max mem: 20673
Passive Test:  [   760/?]  eta: ?  loss: 0.0198 (0.0196)  time: 0.0447  data: 0.0146  max mem: 20673
Passive Test:  [   770/?]  eta: ?  loss: 0.0181 (0.0196)  time: 0.0442  data: 0.0141  max mem: 20673
Passive Test:  [   780/?]  eta: ?  loss: 0.0117 (0.0195)  time: 0.0443  data: 0.0141  max mem: 20673
Passive Test:  [   790/?]  eta: ?  loss: 0.0117 (0.0196)  time: 0.0453  data: 0.0151  max mem: 20673
Passive Test:  [   800/?]  eta: ?  loss: 0.0163 (0.0196)  time: 0.0457  data: 0.0155  max mem: 20673
Passive Test:  [   810/?]  eta: ?  loss: 0.0176 (0.0201)  time: 0.0456  data: 0.0153  max mem: 20673
Passive Test:  [   820/?]  eta: ?  loss: 0.0182 (0.0204)  time: 0.0462  data: 0.0158  max mem: 20673
Passive Test:  [   830/?]  eta: ?  loss: 0.0164 (0.0207)  time: 0.0448  data: 0.0145  max mem: 20673
Passive Test:  [   840/?]  eta: ?  loss: 0.0198 (0.0209)  time: 0.0452  data: 0.0149  max mem: 20673
Passive Test:  [   850/?]  eta: ?  loss: 0.0225 (0.0211)  time: 0.0447  data: 0.0144  max mem: 20673
Passive Test:  [   860/?]  eta: ?  loss: 0.0228 (0.0214)  time: 0.0449  data: 0.0146  max mem: 20673
Passive Test:  [   870/?]  eta: ?  loss: 0.0460 (0.0217)  time: 0.0462  data: 0.0157  max mem: 20673
Passive Test:  [   880/?]  eta: ?  loss: 0.0259 (0.0217)  time: 0.0460  data: 0.0157  max mem: 20673
Passive Test:  [   890/?]  eta: ?  loss: 0.0245 (0.0218)  time: 0.0468  data: 0.0166  max mem: 20673
Passive Test:  [   900/?]  eta: ?  loss: 0.0132 (0.0217)  time: 0.0455  data: 0.0153  max mem: 20673
Passive Test:  [   910/?]  eta: ?  loss: 0.0111 (0.0216)  time: 0.0453  data: 0.0150  max mem: 20673
Passive Test:  [   920/?]  eta: ?  loss: 0.0157 (0.0216)  time: 0.0448  data: 0.0146  max mem: 20673
Passive Test:  [   930/?]  eta: ?  loss: 0.0074 (0.0214)  time: 0.0556  data: 0.0254  max mem: 20673
Passive Test:  [   940/?]  eta: ?  loss: 0.0073 (0.0214)  time: 0.0571  data: 0.0269  max mem: 20673
Passive Test:  [   950/?]  eta: ?  loss: 0.0121 (0.0217)  time: 0.0464  data: 0.0161  max mem: 20673
Passive Test:  [   960/?]  eta: ?  loss: 0.0168 (0.0216)  time: 0.0461  data: 0.0158  max mem: 20673
Passive Test:  [   970/?]  eta: ?  loss: 0.0152 (0.0216)  time: 0.0470  data: 0.0167  max mem: 20673
Passive Test:  [   980/?]  eta: ?  loss: 0.0127 (0.0216)  time: 0.0485  data: 0.0183  max mem: 20673
Passive Test:  [   990/?]  eta: ?  loss: 0.0108 (0.0216)  time: 0.0467  data: 0.0165  max mem: 20673
Passive Test:  [  1000/?]  eta: ?  loss: 0.0134 (0.0215)  time: 0.0463  data: 0.0161  max mem: 20673
Passive Test:  [  1010/?]  eta: ?  loss: 0.0117 (0.0215)  time: 0.0489  data: 0.0186  max mem: 20673
Passive Test:  [  1020/?]  eta: ?  loss: 0.0119 (0.0214)  time: 0.0493  data: 0.0191  max mem: 20673
Passive Test:  [  1030/?]  eta: ?  loss: 0.0164 (0.0217)  time: 0.0479  data: 0.0177  max mem: 20673
Passive Test:  [  1040/?]  eta: ?  loss: 0.0543 (0.0227)  time: 0.0450  data: 0.0146  max mem: 20673
Passive Test:  [  1050/?]  eta: ?  loss: 0.0469 (0.0228)  time: 0.0443  data: 0.0139  max mem: 20673
Passive Test:  [  1060/?]  eta: ?  loss: 0.0121 (0.0227)  time: 0.0449  data: 0.0147  max mem: 20673
Passive Test:  [  1070/?]  eta: ?  loss: 0.0099 (0.0226)  time: 0.0463  data: 0.0160  max mem: 20673
Passive Test:  [  1080/?]  eta: ?  loss: 0.0135 (0.0227)  time: 0.0485  data: 0.0183  max mem: 20673
Passive Test:  [  1090/?]  eta: ?  loss: 0.0160 (0.0228)  time: 0.0464  data: 0.0162  max mem: 20673
Passive Test:  [  1100/?]  eta: ?  loss: 0.0192 (0.0228)  time: 0.0466  data: 0.0164  max mem: 20673
Passive Test:  [  1110/?]  eta: ?  loss: 0.0244 (0.0229)  time: 0.0512  data: 0.0209  max mem: 20673
Passive Test:  [  1120/?]  eta: ?  loss: 0.0215 (0.0229)  time: 0.0503  data: 0.0200  max mem: 20673
Passive Test:  [  1130/?]  eta: ?  loss: 0.0082 (0.0227)  time: 0.0500  data: 0.0197  max mem: 20673
Passive Test:  [  1140/?]  eta: ?  loss: 0.0088 (0.0227)  time: 0.0515  data: 0.0212  max mem: 20673
Passive Test:  [  1150/?]  eta: ?  loss: 0.0095 (0.0226)  time: 0.0511  data: 0.0207  max mem: 20673
Passive Test:  [  1160/?]  eta: ?  loss: 0.0097 (0.0225)  time: 0.0517  data: 0.0213  max mem: 20673
Passive Test:  [  1170/?]  eta: ?  loss: 0.0131 (0.0226)  time: 0.0523  data: 0.0216  max mem: 20673
Passive Test:  [  1180/?]  eta: ?  loss: 0.0311 (0.0228)  time: 0.0512  data: 0.0205  max mem: 20673
Passive Test:  [  1190/?]  eta: ?  loss: 0.0115 (0.0228)  time: 0.0471  data: 0.0168  max mem: 20673
Passive Test:  [  1200/?]  eta: ?  loss: 0.0080 (0.0227)  time: 0.0560  data: 0.0256  max mem: 20673
Passive Test:  [  1210/?]  eta: ?  loss: 0.0057 (0.0227)  time: 0.0577  data: 0.0272  max mem: 20673
Passive Test:  [  1220/?]  eta: ?  loss: 0.0148 (0.0229)  time: 0.0554  data: 0.0250  max mem: 20673
Passive Test:  [  1230/?]  eta: ?  loss: 0.0148 (0.0229)  time: 0.0552  data: 0.0249  max mem: 20673
Passive Test:  [  1240/?]  eta: ?  loss: 0.0083 (0.0227)  time: 0.0555  data: 0.0252  max mem: 20673
Passive Test:  [  1250/?]  eta: ?  loss: 0.0083 (0.0227)  time: 0.0525  data: 0.0221  max mem: 20673
Passive Test:  [  1260/?]  eta: ?  loss: 0.0114 (0.0227)  time: 0.0469  data: 0.0165  max mem: 20673
Passive Test:  [  1270/?]  eta: ?  loss: 0.0107 (0.0226)  time: 0.0470  data: 0.0167  max mem: 20673
Passive Test:  [  1280/?]  eta: ?  loss: 0.0116 (0.0225)  time: 0.0452  data: 0.0149  max mem: 20673
Passive Test:  [  1290/?]  eta: ?  loss: 0.0149 (0.0225)  time: 0.0457  data: 0.0153  max mem: 20673
Passive Test:  [  1300/?]  eta: ?  loss: 0.0151 (0.0226)  time: 0.0509  data: 0.0204  max mem: 20673
Passive Test:  [  1310/?]  eta: ?  loss: 0.0140 (0.0226)  time: 0.0519  data: 0.0215  max mem: 20673
Passive Test:  [  1320/?]  eta: ?  loss: 0.0246 (0.0227)  time: 0.0482  data: 0.0177  max mem: 20673
Passive Test:  [  1330/?]  eta: ?  loss: 0.0216 (0.0226)  time: 0.0440  data: 0.0136  max mem: 20673
Passive Test:  [  1340/?]  eta: ?  loss: 0.0086 (0.0225)  time: 0.0434  data: 0.0130  max mem: 20673
Passive Test:  [  1350/?]  eta: ?  loss: 0.0096 (0.0225)  time: 0.0475  data: 0.0170  max mem: 20673
Passive Test:  [  1360/?]  eta: ?  loss: 0.0140 (0.0225)  time: 0.0502  data: 0.0199  max mem: 20673
Passive Test:  [  1370/?]  eta: ?  loss: 0.0149 (0.0224)  time: 0.0492  data: 0.0190  max mem: 20673
Passive Test:  [  1380/?]  eta: ?  loss: 0.0123 (0.0224)  time: 0.0499  data: 0.0196  max mem: 20673
Passive Test:  [  1390/?]  eta: ?  loss: 0.0132 (0.0225)  time: 0.0505  data: 0.0202  max mem: 20673
Passive Test:  [  1400/?]  eta: ?  loss: 0.0145 (0.0224)  time: 0.0511  data: 0.0208  max mem: 20673
Passive Test:  [  1410/?]  eta: ?  loss: 0.0218 (0.0226)  time: 0.0513  data: 0.0210  max mem: 20673
Passive Test:  [  1420/?]  eta: ?  loss: 0.0286 (0.0228)  time: 0.0479  data: 0.0176  max mem: 20673
Passive Test:  [  1430/?]  eta: ?  loss: 0.0374 (0.0229)  time: 0.0432  data: 0.0128  max mem: 20673
Passive Test:  [  1440/?]  eta: ?  loss: 0.0110 (0.0229)  time: 0.0423  data: 0.0119  max mem: 20673
Passive Test:  [  1450/?]  eta: ?  loss: 0.0094 (0.0229)  time: 0.0503  data: 0.0200  max mem: 20673
Passive Test:  [  1460/?]  eta: ?  loss: 0.0128 (0.0231)  time: 0.0480  data: 0.0177  max mem: 20673
Passive Test:  [  1470/?]  eta: ?  loss: 0.0126 (0.0234)  time: 0.0431  data: 0.0126  max mem: 20673
Passive Test:  [  1480/?]  eta: ?  loss: 0.0103 (0.0233)  time: 0.0442  data: 0.0136  max mem: 20673
Passive Test:  [  1490/?]  eta: ?  loss: 0.0072 (0.0232)  time: 0.0482  data: 0.0176  max mem: 20673
Passive Test:  [  1500/?]  eta: ?  loss: 0.0055 (0.0231)  time: 0.0504  data: 0.0201  max mem: 20673
Passive Test:  [  1510/?]  eta: ?  loss: 0.0069 (0.0230)  time: 0.0522  data: 0.0218  max mem: 20673
Passive Test:  [  1520/?]  eta: ?  loss: 0.0057 (0.0230)  time: 0.0503  data: 0.0199  max mem: 20673
Passive Test:  [  1530/?]  eta: ?  loss: 0.0059 (0.0229)  time: 0.0482  data: 0.0179  max mem: 20673
Passive Test:  [  1540/?]  eta: ?  loss: 0.0076 (0.0228)  time: 0.0470  data: 0.0168  max mem: 20673
Passive Test:  [  1550/?]  eta: ?  loss: 0.0073 (0.0229)  time: 0.0480  data: 0.0177  max mem: 20673
Passive Test:  [  1560/?]  eta: ?  loss: 0.0106 (0.0229)  time: 0.0487  data: 0.0184  max mem: 20673
Passive Test:  [  1570/?]  eta: ?  loss: 0.0179 (0.0229)  time: 0.0464  data: 0.0161  max mem: 20673
Passive Test:  [  1580/?]  eta: ?  loss: 0.0113 (0.0229)  time: 0.0446  data: 0.0142  max mem: 20673
Passive Test:  [  1590/?]  eta: ?  loss: 0.0085 (0.0228)  time: 0.0438  data: 0.0135  max mem: 20673
Passive Test:  [  1600/?]  eta: ?  loss: 0.0081 (0.0228)  time: 0.0423  data: 0.0119  max mem: 20673
Passive Test:  [  1610/?]  eta: ?  loss: 0.0088 (0.0227)  time: 0.0418  data: 0.0114  max mem: 20673
Passive Test:  [  1620/?]  eta: ?  loss: 0.0057 (0.0229)  time: 0.0452  data: 0.0149  max mem: 20673
Passive Test:  [  1630/?]  eta: ?  loss: 0.0054 (0.0229)  time: 0.0506  data: 0.0202  max mem: 20673
Passive Test:  [  1640/?]  eta: ?  loss: 0.0093 (0.0229)  time: 0.0515  data: 0.0211  max mem: 20673
Passive Test:  [  1650/?]  eta: ?  loss: 0.0149 (0.0229)  time: 0.0488  data: 0.0184  max mem: 20673
Passive Test:  [  1660/?]  eta: ?  loss: 0.0113 (0.0229)  time: 0.0472  data: 0.0168  max mem: 20673
Passive Test:  [  1670/?]  eta: ?  loss: 0.0058 (0.0229)  time: 0.0474  data: 0.0170  max mem: 20673
Passive Test:  [  1680/?]  eta: ?  loss: 0.0045 (0.0229)  time: 0.0504  data: 0.0200  max mem: 20673
Passive Test:  [  1690/?]  eta: ?  loss: 0.0082 (0.0228)  time: 0.0505  data: 0.0201  max mem: 20673
Passive Test:  [  1700/?]  eta: ?  loss: 0.0094 (0.0227)  time: 0.0485  data: 0.0182  max mem: 20673
Passive Test:  [  1710/?]  eta: ?  loss: 0.0101 (0.0227)  time: 0.0491  data: 0.0187  max mem: 20673
Passive Test:  [  1720/?]  eta: ?  loss: 0.0102 (0.0227)  time: 0.0492  data: 0.0189  max mem: 20673
Passive Test:  [  1730/?]  eta: ?  loss: 0.0123 (0.0227)  time: 0.0504  data: 0.0199  max mem: 20673
Passive Test:  [  1740/?]  eta: ?  loss: 0.0123 (0.0226)  time: 0.0496  data: 0.0192  max mem: 20673
Passive Test:  [  1750/?]  eta: ?  loss: 0.0129 (0.0226)  time: 0.0482  data: 0.0178  max mem: 20673
Passive Test:  [  1760/?]  eta: ?  loss: 0.0214 (0.0227)  time: 0.0488  data: 0.0185  max mem: 20673
Passive Test: Total time: 0:01:24 (0.0477 s / it)
* loss 0.023
  ACTIVE Test MAE (years): 1.8830 (n=20,949)
  PASSIVE Test MAE (years): 1.9355 (n=113,222)
  → Epoch   5/50 | Train Loss: 0.0163 | Val Loss: 0.0225 | Train score (1/(1+norm_MAE)): 0.9112 | Val MAE (years): 1.9280 | LR: 0.000001
Best val MAE (years): 1.9208, test MAE at best val: 1.8419
  Test segment MAE: 1.8763 | participant median MAE: 1.6559 | participant mean MAE: 1.6834
Epoch: [5]  [     0/?]  eta: ?  lr: 0.000500  min_lr: 0.000002  loss: 0.0133 (0.0133)  class_acc: 0.9145 (0.9145)  loss_scale: 4194304.0000 (4194304.0000)  weight_decay: 0.0500 (0.0500)  grad_norm: 3.3404 (3.3404)  time: 3.9351  data: 3.4244  max mem: 20673
Epoch: [5]  [   500/?]  eta: ?  lr: 0.000500  min_lr: 0.000002  loss: 0.0140 (0.0150)  class_acc: 0.9166 (0.9149)  loss_scale: 4194304.0000 (4194304.0000)  weight_decay: 0.0500 (0.0500)  grad_norm: 2.5314 (3.0893)  time: 0.5187  data: 0.0005  max mem: 20673
Epoch: [5]  [  1000/?]  eta: ?  lr: 0.000500  min_lr: 0.000002  loss: 0.0143 (0.0148)  class_acc: 0.9169 (0.9155)  loss_scale: 4194304.0000 (4194304.0000)  weight_decay: 0.0500 (0.0500)  grad_norm: 3.4726 (3.0828)  time: 0.5101  data: 0.0002  max mem: 20673
Epoch: [5]  [  1500/?]  eta: ?  lr: 0.000500  min_lr: 0.000002  loss: 0.0135 (0.0147)  class_acc: 0.9199 (0.9161)  loss_scale: 4194304.0000 (4194304.0000)  weight_decay: 0.0500 (0.0500)  grad_norm: 2.9113 (3.0771)  time: 0.5048  data: 0.0002  max mem: 20673
Epoch: [5]  [  2000/?]  eta: ?  lr: 0.000500  min_lr: 0.000002  loss: 0.0136 (0.0145)  class_acc: 0.9193 (0.9168)  loss_scale: 8388608.0000 (4617716.9975)  weight_decay: 0.0500 (0.0500)  grad_norm: 2.9527 (3.0564)  time: 0.5076  data: 0.0003  max mem: 20673
Epoch: [5] Total time: 0:20:37 (0.5072 s / it)
Val:  [     0/?]  eta: ?  loss: 0.0253 (0.0253)  time: 2.8351  data: 2.6367  max mem: 20673
Val:  [    10/?]  eta: ?  loss: 0.0201 (0.0203)  time: 0.4923  data: 0.2932  max mem: 20673
Val:  [    20/?]  eta: ?  loss: 0.0193 (0.0201)  time: 0.2623  data: 0.0632  max mem: 20673
Val:  [    30/?]  eta: ?  loss: 0.0176 (0.0204)  time: 0.2684  data: 0.0693  max mem: 20673
Val:  [    40/?]  eta: ?  loss: 0.0176 (0.0225)  time: 0.2869  data: 0.0878  max mem: 20673
Val:  [    50/?]  eta: ?  loss: 0.0180 (0.0229)  time: 0.2794  data: 0.0803  max mem: 20673
Val:  [    60/?]  eta: ?  loss: 0.0182 (0.0231)  time: 0.2886  data: 0.0895  max mem: 20673
Val:  [    70/?]  eta: ?  loss: 0.0140 (0.0217)  time: 0.2931  data: 0.0941  max mem: 20673
Val:  [    80/?]  eta: ?  loss: 0.0152 (0.0218)  time: 0.2688  data: 0.0698  max mem: 20673
Val:  [    90/?]  eta: ?  loss: 0.0195 (0.0222)  time: 0.2638  data: 0.0647  max mem: 20673
Val:  [   100/?]  eta: ?  loss: 0.0162 (0.0215)  time: 0.2621  data: 0.0630  max mem: 20673
Val:  [   110/?]  eta: ?  loss: 0.0166 (0.0213)  time: 0.2600  data: 0.0608  max mem: 20673
Val:  [   120/?]  eta: ?  loss: 0.0169 (0.0209)  time: 0.2651  data: 0.0660  max mem: 20673
Val:  [   130/?]  eta: ?  loss: 0.0137 (0.0207)  time: 0.2586  data: 0.0595  max mem: 20673
Val:  [   140/?]  eta: ?  loss: 0.0122 (0.0202)  time: 0.2465  data: 0.0473  max mem: 20673
Val:  [   150/?]  eta: ?  loss: 0.0107 (0.0197)  time: 0.2476  data: 0.0485  max mem: 20673
Val:  [   160/?]  eta: ?  loss: 0.0161 (0.0202)  time: 0.2523  data: 0.0532  max mem: 20673
Val:  [   170/?]  eta: ?  loss: 0.0175 (0.0200)  time: 0.2519  data: 0.0528  max mem: 20673
Val:  [   180/?]  eta: ?  loss: 0.0133 (0.0196)  time: 0.2838  data: 0.0847  max mem: 20673
Val:  [   190/?]  eta: ?  loss: 0.0142 (0.0196)  time: 0.2936  data: 0.0946  max mem: 20673
Val:  [   200/?]  eta: ?  loss: 0.0142 (0.0192)  time: 0.2690  data: 0.0699  max mem: 20673
Val:  [   210/?]  eta: ?  loss: 0.0145 (0.0204)  time: 0.2617  data: 0.0626  max mem: 20673
Val:  [   220/?]  eta: ?  loss: 0.0171 (0.0202)  time: 0.2679  data: 0.0688  max mem: 20673
Val:  [   230/?]  eta: ?  loss: 0.0142 (0.0204)  time: 0.2736  data: 0.0745  max mem: 20673
Val:  [   240/?]  eta: ?  loss: 0.0194 (0.0210)  time: 0.2764  data: 0.0773  max mem: 20673
Val:  [   250/?]  eta: ?  loss: 0.0194 (0.0210)  time: 0.2734  data: 0.0743  max mem: 20673
Val:  [   260/?]  eta: ?  loss: 0.0123 (0.0214)  time: 0.2573  data: 0.0581  max mem: 20673
Val:  [   270/?]  eta: ?  loss: 0.0192 (0.0217)  time: 0.2622  data: 0.0631  max mem: 20673
Val:  [   280/?]  eta: ?  loss: 0.0141 (0.0216)  time: 0.2821  data: 0.0830  max mem: 20673
Val:  [   290/?]  eta: ?  loss: 0.0123 (0.0215)  time: 0.2696  data: 0.0705  max mem: 20673
Val:  [   300/?]  eta: ?  loss: 0.0162 (0.0218)  time: 0.2584  data: 0.0593  max mem: 20673
Val:  [   310/?]  eta: ?  loss: 0.0133 (0.0219)  time: 0.2668  data: 0.0677  max mem: 20673
Val:  [   320/?]  eta: ?  loss: 0.0144 (0.0219)  time: 0.2631  data: 0.0640  max mem: 20673
Val:  [   330/?]  eta: ?  loss: 0.0193 (0.0222)  time: 0.2776  data: 0.0784  max mem: 20673
Val:  [   340/?]  eta: ?  loss: 0.0174 (0.0221)  time: 0.2877  data: 0.0886  max mem: 20673
Val:  [   350/?]  eta: ?  loss: 0.0152 (0.0220)  time: 0.2437  data: 0.0648  max mem: 20673
Val: Total time: 0:01:36 (0.2739 s / it)
* loss 0.022
Test:  [     0/?]  eta: ?  loss: 0.0155 (0.0155)  time: 2.4025  data: 2.2042  max mem: 20673
Test:  [    10/?]  eta: ?  loss: 0.0214 (0.0242)  time: 0.4288  data: 0.2297  max mem: 20673
Test:  [    20/?]  eta: ?  loss: 0.0214 (0.0281)  time: 0.2369  data: 0.0377  max mem: 20673
Test:  [    30/?]  eta: ?  loss: 0.0208 (0.0285)  time: 0.2383  data: 0.0391  max mem: 20673
Test:  [    40/?]  eta: ?  loss: 0.0172 (0.0264)  time: 0.2293  data: 0.0301  max mem: 20673
Test:  [    50/?]  eta: ?  loss: 0.0166 (0.0250)  time: 0.2359  data: 0.0369  max mem: 20673
Test:  [    60/?]  eta: ?  loss: 0.0160 (0.0236)  time: 0.2549  data: 0.0558  max mem: 20673
Test:  [    70/?]  eta: ?  loss: 0.0157 (0.0225)  time: 0.2572  data: 0.0579  max mem: 20673
Test:  [    80/?]  eta: ?  loss: 0.0145 (0.0215)  time: 0.2495  data: 0.0502  max mem: 20673
Test:  [    90/?]  eta: ?  loss: 0.0145 (0.0211)  time: 0.2436  data: 0.0445  max mem: 20673
Test:  [   100/?]  eta: ?  loss: 0.0153 (0.0206)  time: 0.2606  data: 0.0614  max mem: 20673
Test:  [   110/?]  eta: ?  loss: 0.0143 (0.0203)  time: 0.2743  data: 0.0750  max mem: 20673
Test:  [   120/?]  eta: ?  loss: 0.0185 (0.0205)  time: 0.2697  data: 0.0705  max mem: 20673
Test:  [   130/?]  eta: ?  loss: 0.0182 (0.0205)  time: 0.2721  data: 0.0729  max mem: 20673
Test:  [   140/?]  eta: ?  loss: 0.0196 (0.0213)  time: 0.2676  data: 0.0684  max mem: 20673
Test:  [   150/?]  eta: ?  loss: 0.0178 (0.0210)  time: 0.2516  data: 0.0525  max mem: 20673
Test:  [   160/?]  eta: ?  loss: 0.0159 (0.0211)  time: 0.2441  data: 0.0450  max mem: 20673
Test:  [   170/?]  eta: ?  loss: 0.0171 (0.0218)  time: 0.2497  data: 0.0507  max mem: 20673
Test:  [   180/?]  eta: ?  loss: 0.0192 (0.0220)  time: 0.2568  data: 0.0578  max mem: 20673
Test:  [   190/?]  eta: ?  loss: 0.0210 (0.0219)  time: 0.2572  data: 0.0581  max mem: 20673
Test:  [   200/?]  eta: ?  loss: 0.0133 (0.0216)  time: 0.2568  data: 0.0576  max mem: 20673
Test:  [   210/?]  eta: ?  loss: 0.0094 (0.0212)  time: 0.2474  data: 0.0481  max mem: 20673
Test:  [   220/?]  eta: ?  loss: 0.0109 (0.0208)  time: 0.2492  data: 0.0498  max mem: 20673
Test:  [   230/?]  eta: ?  loss: 0.0130 (0.0211)  time: 0.2392  data: 0.0398  max mem: 20673
Test:  [   240/?]  eta: ?  loss: 0.0159 (0.0209)  time: 0.2384  data: 0.0391  max mem: 20673
Test:  [   250/?]  eta: ?  loss: 0.0151 (0.0211)  time: 0.2612  data: 0.0620  max mem: 20673
Test:  [   260/?]  eta: ?  loss: 0.0170 (0.0215)  time: 0.2565  data: 0.0573  max mem: 20673
Test:  [   270/?]  eta: ?  loss: 0.0164 (0.0217)  time: 0.2687  data: 0.0695  max mem: 20673
Test:  [   280/?]  eta: ?  loss: 0.0161 (0.0214)  time: 0.2663  data: 0.0669  max mem: 20673
Test:  [   290/?]  eta: ?  loss: 0.0121 (0.0213)  time: 0.2474  data: 0.0480  max mem: 20673
Test:  [   300/?]  eta: ?  loss: 0.0119 (0.0213)  time: 0.2424  data: 0.0430  max mem: 20673
Test:  [   310/?]  eta: ?  loss: 0.0129 (0.0211)  time: 0.2476  data: 0.0482  max mem: 20673
Test:  [   320/?]  eta: ?  loss: 0.0173 (0.0214)  time: 0.2467  data: 0.0473  max mem: 20673
Test:  [   330/?]  eta: ?  loss: 0.0153 (0.0212)  time: 0.2571  data: 0.0578  max mem: 20673
Test:  [   340/?]  eta: ?  loss: 0.0136 (0.0211)  time: 0.2629  data: 0.0637  max mem: 20673
Test: Total time: 0:01:29 (0.2562 s / it)
* loss 0.021
  → Epoch   6/50 | Train Loss: 0.0143 | Val Loss: 0.0220 | Train score (1/(1+norm_MAE)): 0.9174 | Val MAE (years): 1.9016 | LR: 0.000002
Best val MAE (years): 1.9016, test MAE at best val: 1.8726
  Test segment MAE: 1.8726 | participant median MAE: 1.5950 | participant mean MAE: 1.6326
Epoch: [6]  [     0/?]  eta: ?  lr: 0.000499  min_lr: 0.000002  loss: 0.0119 (0.0119)  class_acc: 0.9221 (0.9221)  loss_scale: 8388608.0000 (8388608.0000)  weight_decay: 0.0500 (0.0500)  grad_norm: 2.3448 (2.3448)  time: 7.5021  data: 6.9088  max mem: 20673
Epoch: [6]  [   500/?]  eta: ?  lr: 0.000499  min_lr: 0.000002  loss: 0.0112 (0.0128)  class_acc: 0.9235 (0.9219)  loss_scale: 8388608.0000 (8388608.0000)  weight_decay: 0.0500 (0.0500)  grad_norm: 2.0161 (2.6914)  time: 0.5023  data: 0.0002  max mem: 20673
Epoch: [6]  [  1000/?]  eta: ?  lr: 0.000499  min_lr: 0.000002  loss: 0.0125 (0.0126)  class_acc: 0.9228 (0.9225)  loss_scale: 8388608.0000 (8388608.0000)  weight_decay: 0.0500 (0.0500)  grad_norm: 2.9190 (2.7047)  time: 0.5062  data: 0.0002  max mem: 20673
Epoch: [6]  [  1500/?]  eta: ?  lr: 0.000499  min_lr: 0.000002  loss: 0.0113 (0.0124)  class_acc: 0.9258 (0.9233)  loss_scale: 16777216.0000 (9182200.4957)  weight_decay: 0.0500 (0.0500)  grad_norm: 2.3236 (2.6809)  time: 0.5047  data: 0.0002  max mem: 20673
Epoch: [6]  [  2000/?]  eta: ?  lr: 0.000499  min_lr: 0.000002  loss: 0.0119 (0.0123)  class_acc: 0.9262 (0.9240)  loss_scale: 16777216.0000 (11080005.4693)  weight_decay: 0.0500 (0.0500)  grad_norm: 2.3907 (2.6516)  time: 0.5024  data: 0.0002  max mem: 20673
Epoch: [6] Total time: 0:20:41 (0.5089 s / it)
Val:  [     0/?]  eta: ?  loss: 0.0284 (0.0284)  time: 2.6983  data: 2.5002  max mem: 20673
Val:  [    10/?]  eta: ?  loss: 0.0188 (0.0203)  time: 0.4851  data: 0.2858  max mem: 20673
Val:  [    20/?]  eta: ?  loss: 0.0198 (0.0210)  time: 0.2673  data: 0.0680  max mem: 20673
Val:  [    30/?]  eta: ?  loss: 0.0199 (0.0207)  time: 0.2640  data: 0.0649  max mem: 20673
Val:  [    40/?]  eta: ?  loss: 0.0157 (0.0228)  time: 0.2818  data: 0.0827  max mem: 20673
Val:  [    50/?]  eta: ?  loss: 0.0157 (0.0233)  time: 0.2818  data: 0.0827  max mem: 20673
Val:  [    60/?]  eta: ?  loss: 0.0199 (0.0236)  time: 0.2670  data: 0.0680  max mem: 20673
Val:  [    70/?]  eta: ?  loss: 0.0146 (0.0222)  time: 0.2692  data: 0.0702  max mem: 20673
Val:  [    80/?]  eta: ?  loss: 0.0160 (0.0222)  time: 0.2633  data: 0.0642  max mem: 20673
Val:  [    90/?]  eta: ?  loss: 0.0168 (0.0225)  time: 0.2541  data: 0.0549  max mem: 20673
Val:  [   100/?]  eta: ?  loss: 0.0146 (0.0217)  time: 0.2507  data: 0.0516  max mem: 20673
Val:  [   110/?]  eta: ?  loss: 0.0146 (0.0215)  time: 0.2562  data: 0.0571  max mem: 20673
Val:  [   120/?]  eta: ?  loss: 0.0178 (0.0208)  time: 0.2617  data: 0.0627  max mem: 20673
Val:  [   130/?]  eta: ?  loss: 0.0113 (0.0206)  time: 0.2505  data: 0.0515  max mem: 20673
Val:  [   140/?]  eta: ?  loss: 0.0110 (0.0205)  time: 0.2421  data: 0.0431  max mem: 20673
Val:  [   150/?]  eta: ?  loss: 0.0109 (0.0201)  time: 0.2552  data: 0.0562  max mem: 20673
Val:  [   160/?]  eta: ?  loss: 0.0165 (0.0207)  time: 0.2669  data: 0.0679  max mem: 20673
Val:  [   170/?]  eta: ?  loss: 0.0187 (0.0205)  time: 0.2592  data: 0.0601  max mem: 20673
Val:  [   180/?]  eta: ?  loss: 0.0126 (0.0200)  time: 0.2670  data: 0.0680  max mem: 20673
Val:  [   190/?]  eta: ?  loss: 0.0126 (0.0200)  time: 0.2784  data: 0.0794  max mem: 20673
Val:  [   200/?]  eta: ?  loss: 0.0128 (0.0196)  time: 0.2700  data: 0.0711  max mem: 20673
Val:  [   210/?]  eta: ?  loss: 0.0131 (0.0207)  time: 0.2629  data: 0.0640  max mem: 20673
Val:  [   220/?]  eta: ?  loss: 0.0150 (0.0205)  time: 0.2791  data: 0.0802  max mem: 20673
Val:  [   230/?]  eta: ?  loss: 0.0150 (0.0207)  time: 0.2811  data: 0.0822  max mem: 20673
Val:  [   240/?]  eta: ?  loss: 0.0182 (0.0213)  time: 0.2741  data: 0.0752  max mem: 20673
Val:  [   250/?]  eta: ?  loss: 0.0159 (0.0213)  time: 0.2771  data: 0.0781  max mem: 20673
Val:  [   260/?]  eta: ?  loss: 0.0128 (0.0218)  time: 0.2641  data: 0.0651  max mem: 20673
Val:  [   270/?]  eta: ?  loss: 0.0193 (0.0221)  time: 0.2549  data: 0.0559  max mem: 20673
Val:  [   280/?]  eta: ?  loss: 0.0148 (0.0220)  time: 0.2686  data: 0.0696  max mem: 20673
Val:  [   290/?]  eta: ?  loss: 0.0117 (0.0218)  time: 0.2646  data: 0.0657  max mem: 20673
Val:  [   300/?]  eta: ?  loss: 0.0148 (0.0222)  time: 0.2416  data: 0.0426  max mem: 20673
Val:  [   310/?]  eta: ?  loss: 0.0161 (0.0223)  time: 0.2455  data: 0.0465  max mem: 20673
Val:  [   320/?]  eta: ?  loss: 0.0161 (0.0225)  time: 0.2520  data: 0.0530  max mem: 20673
Val:  [   330/?]  eta: ?  loss: 0.0183 (0.0227)  time: 0.2467  data: 0.0478  max mem: 20673
Val:  [   340/?]  eta: ?  loss: 0.0183 (0.0226)  time: 0.2594  data: 0.0606  max mem: 20673
Val:  [   350/?]  eta: ?  loss: 0.0141 (0.0224)  time: 0.2403  data: 0.0615  max mem: 20673
Val: Total time: 0:01:34 (0.2678 s / it)
* loss 0.022
Test:  [     0/?]  eta: ?  loss: 0.0156 (0.0156)  time: 2.2332  data: 2.0352  max mem: 20673
Test:  [    10/?]  eta: ?  loss: 0.0156 (0.0200)  time: 0.3997  data: 0.2008  max mem: 20673
Test:  [    20/?]  eta: ?  loss: 0.0218 (0.0270)  time: 0.2405  data: 0.0415  max mem: 20673
Test:  [    30/?]  eta: ?  loss: 0.0218 (0.0279)  time: 0.2640  data: 0.0650  max mem: 20673
Test:  [    40/?]  eta: ?  loss: 0.0170 (0.0258)  time: 0.2699  data: 0.0709  max mem: 20673
Test:  [    50/?]  eta: ?  loss: 0.0152 (0.0244)  time: 0.2496  data: 0.0507  max mem: 20673
Test:  [    60/?]  eta: ?  loss: 0.0146 (0.0233)  time: 0.2376  data: 0.0386  max mem: 20673
Test:  [    70/?]  eta: ?  loss: 0.0145 (0.0219)  time: 0.2544  data: 0.0554  max mem: 20673
Test:  [    80/?]  eta: ?  loss: 0.0142 (0.0210)  time: 0.2689  data: 0.0700  max mem: 20673
Test:  [    90/?]  eta: ?  loss: 0.0143 (0.0206)  time: 0.2698  data: 0.0708  max mem: 20673
Test:  [   100/?]  eta: ?  loss: 0.0147 (0.0201)  time: 0.2617  data: 0.0627  max mem: 20673
Test:  [   110/?]  eta: ?  loss: 0.0133 (0.0196)  time: 0.2660  data: 0.0671  max mem: 20673
Test:  [   120/?]  eta: ?  loss: 0.0170 (0.0198)  time: 0.2676  data: 0.0686  max mem: 20673
Test:  [   130/?]  eta: ?  loss: 0.0170 (0.0198)  time: 0.2358  data: 0.0368  max mem: 20673
Test:  [   140/?]  eta: ?  loss: 0.0251 (0.0204)  time: 0.2122  data: 0.0131  max mem: 20673
Test:  [   150/?]  eta: ?  loss: 0.0163 (0.0201)  time: 0.2364  data: 0.0374  max mem: 20673
Test:  [   160/?]  eta: ?  loss: 0.0163 (0.0204)  time: 0.2460  data: 0.0470  max mem: 20673
Test:  [   170/?]  eta: ?  loss: 0.0169 (0.0209)  time: 0.2360  data: 0.0369  max mem: 20673
Test:  [   180/?]  eta: ?  loss: 0.0166 (0.0210)  time: 0.2276  data: 0.0287  max mem: 20673
Test:  [   190/?]  eta: ?  loss: 0.0166 (0.0209)  time: 0.2526  data: 0.0536  max mem: 20673
Test:  [   200/?]  eta: ?  loss: 0.0116 (0.0207)  time: 0.2527  data: 0.0537  max mem: 20673
Test:  [   210/?]  eta: ?  loss: 0.0093 (0.0204)  time: 0.2324  data: 0.0333  max mem: 20673
Test:  [   220/?]  eta: ?  loss: 0.0093 (0.0200)  time: 0.2520  data: 0.0529  max mem: 20673
Test:  [   230/?]  eta: ?  loss: 0.0110 (0.0202)  time: 0.2462  data: 0.0471  max mem: 20673
Test:  [   240/?]  eta: ?  loss: 0.0175 (0.0201)  time: 0.2369  data: 0.0379  max mem: 20673
Test:  [   250/?]  eta: ?  loss: 0.0175 (0.0205)  time: 0.2427  data: 0.0436  max mem: 20673
Test:  [   260/?]  eta: ?  loss: 0.0211 (0.0211)  time: 0.2477  data: 0.0486  max mem: 20673
Test:  [   270/?]  eta: ?  loss: 0.0168 (0.0213)  time: 0.2382  data: 0.0390  max mem: 20673
Test:  [   280/?]  eta: ?  loss: 0.0144 (0.0211)  time: 0.2329  data: 0.0337  max mem: 20673
Test:  [   290/?]  eta: ?  loss: 0.0134 (0.0209)  time: 0.2536  data: 0.0545  max mem: 20673
Test:  [   300/?]  eta: ?  loss: 0.0115 (0.0208)  time: 0.2633  data: 0.0641  max mem: 20673
Test:  [   310/?]  eta: ?  loss: 0.0127 (0.0207)  time: 0.2617  data: 0.0625  max mem: 20673
Test:  [   320/?]  eta: ?  loss: 0.0178 (0.0210)  time: 0.2476  data: 0.0483  max mem: 20673
Test:  [   330/?]  eta: ?  loss: 0.0164 (0.0208)  time: 0.2587  data: 0.0594  max mem: 20673
Test:  [   340/?]  eta: ?  loss: 0.0120 (0.0208)  time: 0.2608  data: 0.0616  max mem: 20673
Test: Total time: 0:01:27 (0.2520 s / it)
* loss 0.021
  → Epoch   7/50 | Train Loss: 0.0121 | Val Loss: 0.0224 | Train score (1/(1+norm_MAE)): 0.9245 | Val MAE (years): 1.9009 | LR: 0.000002
Best val MAE (years): 1.9009, test MAE at best val: 1.8388
  Test segment MAE: 1.8388 | participant median MAE: 1.5724 | participant mean MAE: 1.6063
Epoch: [7]  [     0/?]  eta: ?  lr: 0.000498  min_lr: 0.000002  loss: 0.0087 (0.0087)  class_acc: 0.9334 (0.9334)  loss_scale: 16777216.0000 (16777216.0000)  weight_decay: 0.0500 (0.0500)  grad_norm: 1.8427 (1.8427)  time: 7.5582  data: 7.0350  max mem: 20673
Epoch: [7]  [   500/?]  eta: ?  lr: 0.000498  min_lr: 0.000002  loss: 0.0102 (0.0108)  class_acc: 0.9317 (0.9287)  loss_scale: 16777216.0000 (16777216.0000)  weight_decay: 0.0500 (0.0500)  grad_norm: 2.0925 (2.3919)  time: 0.5075  data: 0.0002  max mem: 20673
Epoch: [7]  [  1000/?]  eta: ?  lr: 0.000498  min_lr: 0.000002  loss: 0.0103 (0.0107)  class_acc: 0.9292 (0.9293)  loss_scale: 33554432.0000 (18151573.3546)  weight_decay: 0.0500 (0.0500)  grad_norm: 2.2694 (2.3596)  time: 0.5107  data: 0.0002  max mem: 20673
Epoch: [7]  [  1500/?]  eta: ?  lr: 0.000498  min_lr: 0.000002  loss: 0.0093 (0.0105)  class_acc: 0.9321 (0.9300)  loss_scale: 33554432.0000 (23282438.9927)  weight_decay: 0.0500 (0.0500)  grad_norm: 2.0689 (2.3644)  time: 0.5040  data: 0.0002  max mem: 20673
Epoch: [7]  [  2000/?]  eta: ?  lr: 0.000498  min_lr: 0.000002  loss: 0.0098 (0.0104)  class_acc: 0.9318 (0.9306)  loss_scale: 33554432.0000 (25849153.8871)  weight_decay: 0.0500 (0.0500)  grad_norm: 2.2842 (2.3596)  time: 0.5061  data: 0.0002  max mem: 20673
Epoch: [7] Total time: 0:20:43 (0.5095 s / it)
Val:  [     0/?]  eta: ?  loss: 0.0275 (0.0275)  time: 2.5949  data: 2.3965  max mem: 20673
Val:  [    10/?]  eta: ?  loss: 0.0225 (0.0208)  time: 0.4758  data: 0.2765  max mem: 20673
Val:  [    20/?]  eta: ?  loss: 0.0206 (0.0211)  time: 0.2749  data: 0.0756  max mem: 20673
Val:  [    30/?]  eta: ?  loss: 0.0185 (0.0215)  time: 0.2723  data: 0.0732  max mem: 20673
Val:  [    40/?]  eta: ?  loss: 0.0185 (0.0237)  time: 0.2861  data: 0.0869  max mem: 20673
Val:  [    50/?]  eta: ?  loss: 0.0202 (0.0240)  time: 0.2827  data: 0.0836  max mem: 20673
Val:  [    60/?]  eta: ?  loss: 0.0170 (0.0240)  time: 0.2648  data: 0.0658  max mem: 20673
Val:  [    70/?]  eta: ?  loss: 0.0134 (0.0227)  time: 0.2678  data: 0.0689  max mem: 20673
Val:  [    80/?]  eta: ?  loss: 0.0156 (0.0228)  time: 0.2720  data: 0.0732  max mem: 20673
Val:  [    90/?]  eta: ?  loss: 0.0170 (0.0229)  time: 0.2698  data: 0.0708  max mem: 20673
Val:  [   100/?]  eta: ?  loss: 0.0147 (0.0222)  time: 0.2693  data: 0.0703  max mem: 20673
Val:  [   110/?]  eta: ?  loss: 0.0164 (0.0219)  time: 0.2687  data: 0.0697  max mem: 20673
Val:  [   120/?]  eta: ?  loss: 0.0184 (0.0214)  time: 0.2695  data: 0.0705  max mem: 20673
Val:  [   130/?]  eta: ?  loss: 0.0137 (0.0210)  time: 0.2654  data: 0.0663  max mem: 20673
Val:  [   140/?]  eta: ?  loss: 0.0132 (0.0211)  time: 0.2521  data: 0.0531  max mem: 20673
Val:  [   150/?]  eta: ?  loss: 0.0132 (0.0206)  time: 0.2494  data: 0.0504  max mem: 20673
Val:  [   160/?]  eta: ?  loss: 0.0159 (0.0211)  time: 0.2541  data: 0.0552  max mem: 20673
Val:  [   170/?]  eta: ?  loss: 0.0194 (0.0210)  time: 0.2577  data: 0.0587  max mem: 20673
Val:  [   180/?]  eta: ?  loss: 0.0131 (0.0204)  time: 0.2728  data: 0.0738  max mem: 20673
Val:  [   190/?]  eta: ?  loss: 0.0132 (0.0205)  time: 0.2900  data: 0.0911  max mem: 20673
Val:  [   200/?]  eta: ?  loss: 0.0135 (0.0201)  time: 0.2855  data: 0.0866  max mem: 20673
Val:  [   210/?]  eta: ?  loss: 0.0157 (0.0213)  time: 0.2740  data: 0.0751  max mem: 20673
Val:  [   220/?]  eta: ?  loss: 0.0172 (0.0211)  time: 0.2958  data: 0.0969  max mem: 20673
Val:  [   230/?]  eta: ?  loss: 0.0157 (0.0213)  time: 0.3020  data: 0.1032  max mem: 20673
Val:  [   240/?]  eta: ?  loss: 0.0202 (0.0219)  time: 0.2969  data: 0.0982  max mem: 20673
Val:  [   250/?]  eta: ?  loss: 0.0149 (0.0218)  time: 0.2965  data: 0.0978  max mem: 20673
Val:  [   260/?]  eta: ?  loss: 0.0127 (0.0223)  time: 0.2753  data: 0.0765  max mem: 20673
Val:  [   270/?]  eta: ?  loss: 0.0177 (0.0226)  time: 0.2656  data: 0.0668  max mem: 20673
Val:  [   280/?]  eta: ?  loss: 0.0174 (0.0225)  time: 0.2754  data: 0.0766  max mem: 20673
Val:  [   290/?]  eta: ?  loss: 0.0128 (0.0224)  time: 0.2668  data: 0.0680  max mem: 20673
Val:  [   300/?]  eta: ?  loss: 0.0128 (0.0226)  time: 0.2452  data: 0.0465  max mem: 20673
Val:  [   310/?]  eta: ?  loss: 0.0187 (0.0226)  time: 0.2533  data: 0.0545  max mem: 20673
Val:  [   320/?]  eta: ?  loss: 0.0187 (0.0226)  time: 0.2570  data: 0.0581  max mem: 20673
Val:  [   330/?]  eta: ?  loss: 0.0170 (0.0228)  time: 0.2492  data: 0.0502  max mem: 20673
Val:  [   340/?]  eta: ?  loss: 0.0168 (0.0227)  time: 0.2555  data: 0.0567  max mem: 20673
Val:  [   350/?]  eta: ?  loss: 0.0159 (0.0226)  time: 0.2354  data: 0.0566  max mem: 20673
Val: Total time: 0:01:36 (0.2746 s / it)
* loss 0.023
Test:  [     0/?]  eta: ?  loss: 0.0172 (0.0172)  time: 2.3669  data: 2.1690  max mem: 20673
Test:  [    10/?]  eta: ?  loss: 0.0182 (0.0230)  time: 0.4239  data: 0.2253  max mem: 20673
Test:  [    20/?]  eta: ?  loss: 0.0230 (0.0277)  time: 0.2598  data: 0.0611  max mem: 20673
Test:  [    30/?]  eta: ?  loss: 0.0217 (0.0278)  time: 0.2656  data: 0.0667  max mem: 20673
Test:  [    40/?]  eta: ?  loss: 0.0181 (0.0265)  time: 0.2480  data: 0.0491  max mem: 20673
Test:  [    50/?]  eta: ?  loss: 0.0181 (0.0255)  time: 0.2566  data: 0.0577  max mem: 20673
Test:  [    60/?]  eta: ?  loss: 0.0164 (0.0241)  time: 0.2520  data: 0.0531  max mem: 20673
Test:  [    70/?]  eta: ?  loss: 0.0164 (0.0230)  time: 0.2568  data: 0.0579  max mem: 20673
Test:  [    80/?]  eta: ?  loss: 0.0131 (0.0218)  time: 0.2662  data: 0.0673  max mem: 20673
Test:  [    90/?]  eta: ?  loss: 0.0143 (0.0215)  time: 0.2539  data: 0.0549  max mem: 20673
Test:  [   100/?]  eta: ?  loss: 0.0188 (0.0213)  time: 0.2567  data: 0.0576  max mem: 20673
Test:  [   110/?]  eta: ?  loss: 0.0184 (0.0208)  time: 0.2525  data: 0.0534  max mem: 20673
Test:  [   120/?]  eta: ?  loss: 0.0152 (0.0208)  time: 0.2484  data: 0.0494  max mem: 20673
Test:  [   130/?]  eta: ?  loss: 0.0152 (0.0208)  time: 0.2480  data: 0.0489  max mem: 20673
Test:  [   140/?]  eta: ?  loss: 0.0219 (0.0213)  time: 0.2484  data: 0.0493  max mem: 20673
Test:  [   150/?]  eta: ?  loss: 0.0178 (0.0212)  time: 0.2465  data: 0.0474  max mem: 20673
Test:  [   160/?]  eta: ?  loss: 0.0156 (0.0214)  time: 0.2389  data: 0.0397  max mem: 20673
Test:  [   170/?]  eta: ?  loss: 0.0169 (0.0221)  time: 0.2699  data: 0.0708  max mem: 20673
Test:  [   180/?]  eta: ?  loss: 0.0181 (0.0221)  time: 0.2783  data: 0.0792  max mem: 20673
Test:  [   190/?]  eta: ?  loss: 0.0189 (0.0221)  time: 0.2711  data: 0.0720  max mem: 20673
Test:  [   200/?]  eta: ?  loss: 0.0120 (0.0219)  time: 0.2473  data: 0.0482  max mem: 20673
Test:  [   210/?]  eta: ?  loss: 0.0117 (0.0217)  time: 0.2342  data: 0.0350  max mem: 20673
Test:  [   220/?]  eta: ?  loss: 0.0117 (0.0213)  time: 0.2494  data: 0.0502  max mem: 20673
Test:  [   230/?]  eta: ?  loss: 0.0141 (0.0215)  time: 0.2546  data: 0.0553  max mem: 20673
Test:  [   240/?]  eta: ?  loss: 0.0155 (0.0213)  time: 0.2579  data: 0.0586  max mem: 20673
Test:  [   250/?]  eta: ?  loss: 0.0155 (0.0217)  time: 0.2688  data: 0.0696  max mem: 20673
Test:  [   260/?]  eta: ?  loss: 0.0206 (0.0222)  time: 0.2652  data: 0.0660  max mem: 20673
Test:  [   270/?]  eta: ?  loss: 0.0206 (0.0222)  time: 0.2678  data: 0.0686  max mem: 20673
Test:  [   280/?]  eta: ?  loss: 0.0157 (0.0220)  time: 0.2724  data: 0.0732  max mem: 20673
Test:  [   290/?]  eta: ?  loss: 0.0141 (0.0219)  time: 0.2737  data: 0.0746  max mem: 20673
Test:  [   300/?]  eta: ?  loss: 0.0141 (0.0218)  time: 0.2578  data: 0.0586  max mem: 20673
Test:  [   310/?]  eta: ?  loss: 0.0142 (0.0217)  time: 0.2527  data: 0.0534  max mem: 20673
Test:  [   320/?]  eta: ?  loss: 0.0197 (0.0220)  time: 0.2542  data: 0.0550  max mem: 20673
Test:  [   330/?]  eta: ?  loss: 0.0162 (0.0217)  time: 0.2558  data: 0.0567  max mem: 20673
Test:  [   340/?]  eta: ?  loss: 0.0124 (0.0216)  time: 0.2590  data: 0.0598  max mem: 20673
Test: Total time: 0:01:30 (0.2604 s / it)
* loss 0.022
  → Epoch   8/50 | Train Loss: 0.0103 | Val Loss: 0.0226 | Train score (1/(1+norm_MAE)): 0.9311 | Val MAE (years): 1.9208 | LR: 0.000002
Best val MAE (years): 1.9009, test MAE at best val: 1.8388
  Test segment MAE: 1.8886 | participant median MAE: 1.6156 | participant mean MAE: 1.6535
Epoch: [8]  [     0/?]  eta: ?  lr: 0.000495  min_lr: 0.000002  loss: 0.0084 (0.0084)  class_acc: 0.9350 (0.9350)  loss_scale: 33554432.0000 (33554432.0000)  weight_decay: 0.0500 (0.0500)  grad_norm: 1.5819 (1.5819)  time: 6.4881  data: 5.9690  max mem: 20673
Epoch: [8]  [   500/?]  eta: ?  lr: 0.000495  min_lr: 0.000002  loss: 0.0085 (0.0094)  class_acc: 0.9353 (0.9342)  loss_scale: 67108864.0000 (35027880.1118)  weight_decay: 0.0500 (0.0500)  grad_norm: 1.9665 (2.1264)  time: 0.4995  data: 0.0002  max mem: 20673
Epoch: [8]  [  1000/?]  eta: ?  lr: 0.000495  min_lr: 0.000002  loss: 0.0088 (0.0093)  class_acc: 0.9367 (0.9350)  loss_scale: 67108864.0000 (51052347.5884)  weight_decay: 0.0500 (0.0500)  grad_norm: 1.8563 (2.1343)  time: 0.5081  data: 0.0003  max mem: 20673
Epoch: [8]  [  1500/?]  eta: ?  lr: 0.000495  min_lr: 0.000002  loss: 0.0083 (0.0091)  class_acc: 0.9374 (0.9356)  loss_scale: 67108864.0000 (56400953.9880)  weight_decay: 0.0500 (0.0500)  grad_norm: 1.8090 (2.1554)  time: 0.5052  data: 0.0002  max mem: 20673
Epoch: [8]  [  2000/?]  eta: ?  lr: 0.000495  min_lr: 0.000002  loss: 0.0083 (0.0090)  class_acc: 0.9380 (0.9361)  loss_scale: 67108864.0000 (59076593.6712)  weight_decay: 0.0500 (0.0500)  grad_norm: 2.0479 (2.1374)  time: 0.5063  data: 0.0002  max mem: 20673
Epoch: [8] Total time: 0:20:42 (0.5094 s / it)
Val:  [     0/?]  eta: ?  loss: 0.0318 (0.0318)  time: 2.4804  data: 2.2822  max mem: 20673
Val:  [    10/?]  eta: ?  loss: 0.0194 (0.0204)  time: 0.4637  data: 0.2647  max mem: 20673
Val:  [    20/?]  eta: ?  loss: 0.0185 (0.0203)  time: 0.2681  data: 0.0690  max mem: 20673
Val:  [    30/?]  eta: ?  loss: 0.0185 (0.0199)  time: 0.2643  data: 0.0651  max mem: 20673
Val:  [    40/?]  eta: ?  loss: 0.0189 (0.0227)  time: 0.2712  data: 0.0720  max mem: 20673
Val:  [    50/?]  eta: ?  loss: 0.0168 (0.0230)  time: 0.2709  data: 0.0718  max mem: 20673
Val:  [    60/?]  eta: ?  loss: 0.0157 (0.0227)  time: 0.2643  data: 0.0653  max mem: 20673
Val:  [    70/?]  eta: ?  loss: 0.0141 (0.0216)  time: 0.2706  data: 0.0716  max mem: 20673
Val:  [    80/?]  eta: ?  loss: 0.0141 (0.0219)  time: 0.2717  data: 0.0726  max mem: 20673
Val:  [    90/?]  eta: ?  loss: 0.0171 (0.0222)  time: 0.2710  data: 0.0720  max mem: 20673
Val:  [   100/?]  eta: ?  loss: 0.0137 (0.0217)  time: 0.2578  data: 0.0589  max mem: 20673
Val:  [   110/?]  eta: ?  loss: 0.0143 (0.0213)  time: 0.2522  data: 0.0533  max mem: 20673
Val:  [   120/?]  eta: ?  loss: 0.0148 (0.0207)  time: 0.2645  data: 0.0656  max mem: 20673
Val:  [   130/?]  eta: ?  loss: 0.0110 (0.0203)  time: 0.2550  data: 0.0561  max mem: 20673
Val:  [   140/?]  eta: ?  loss: 0.0111 (0.0203)  time: 0.2448  data: 0.0459  max mem: 20673
Val:  [   150/?]  eta: ?  loss: 0.0124 (0.0198)  time: 0.2458  data: 0.0468  max mem: 20673
Val:  [   160/?]  eta: ?  loss: 0.0143 (0.0204)  time: 0.2489  data: 0.0500  max mem: 20673
Val:  [   170/?]  eta: ?  loss: 0.0176 (0.0203)  time: 0.2533  data: 0.0544  max mem: 20673
Val:  [   180/?]  eta: ?  loss: 0.0129 (0.0199)  time: 0.2663  data: 0.0674  max mem: 20673
Val:  [   190/?]  eta: ?  loss: 0.0129 (0.0199)  time: 0.2713  data: 0.0725  max mem: 20673
Val:  [   200/?]  eta: ?  loss: 0.0122 (0.0195)  time: 0.2632  data: 0.0644  max mem: 20673
Val:  [   210/?]  eta: ?  loss: 0.0138 (0.0208)  time: 0.2597  data: 0.0609  max mem: 20673
Val:  [   220/?]  eta: ?  loss: 0.0161 (0.0206)  time: 0.2656  data: 0.0668  max mem: 20673
Val:  [   230/?]  eta: ?  loss: 0.0166 (0.0209)  time: 0.2730  data: 0.0741  max mem: 20673
Val:  [   240/?]  eta: ?  loss: 0.0202 (0.0216)  time: 0.2775  data: 0.0787  max mem: 20673
Val:  [   250/?]  eta: ?  loss: 0.0150 (0.0215)  time: 0.2707  data: 0.0718  max mem: 20673
Val:  [   260/?]  eta: ?  loss: 0.0122 (0.0221)  time: 0.2606  data: 0.0617  max mem: 20673
Val:  [   270/?]  eta: ?  loss: 0.0189 (0.0223)  time: 0.2647  data: 0.0658  max mem: 20673
Val:  [   280/?]  eta: ?  loss: 0.0144 (0.0222)  time: 0.2689  data: 0.0700  max mem: 20673
Val:  [   290/?]  eta: ?  loss: 0.0144 (0.0221)  time: 0.2546  data: 0.0556  max mem: 20673
Val:  [   300/?]  eta: ?  loss: 0.0153 (0.0222)  time: 0.2433  data: 0.0444  max mem: 20673
Val:  [   310/?]  eta: ?  loss: 0.0152 (0.0223)  time: 0.2458  data: 0.0469  max mem: 20673
Val:  [   320/?]  eta: ?  loss: 0.0152 (0.0224)  time: 0.2472  data: 0.0483  max mem: 20673
Val:  [   330/?]  eta: ?  loss: 0.0182 (0.0226)  time: 0.2469  data: 0.0479  max mem: 20673
Val:  [   340/?]  eta: ?  loss: 0.0182 (0.0225)  time: 0.2577  data: 0.0587  max mem: 20673
Val:  [   350/?]  eta: ?  loss: 0.0150 (0.0223)  time: 0.2422  data: 0.0633  max mem: 20673
Val: Total time: 0:01:33 (0.2654 s / it)
* loss 0.022
Test:  [     0/?]  eta: ?  loss: 0.0154 (0.0154)  time: 2.4316  data: 2.2338  max mem: 20673
Test:  [    10/?]  eta: ?  loss: 0.0176 (0.0222)  time: 0.4368  data: 0.2381  max mem: 20673
Test:  [    20/?]  eta: ?  loss: 0.0208 (0.0268)  time: 0.2405  data: 0.0417  max mem: 20673
Test:  [    30/?]  eta: ?  loss: 0.0218 (0.0275)  time: 0.2514  data: 0.0525  max mem: 20673
Test:  [    40/?]  eta: ?  loss: 0.0163 (0.0259)  time: 0.2581  data: 0.0592  max mem: 20673
Test:  [    50/?]  eta: ?  loss: 0.0121 (0.0244)  time: 0.2372  data: 0.0383  max mem: 20673
Test:  [    60/?]  eta: ?  loss: 0.0121 (0.0229)  time: 0.2227  data: 0.0238  max mem: 20673
Test:  [    70/?]  eta: ?  loss: 0.0150 (0.0217)  time: 0.2311  data: 0.0322  max mem: 20673
Test:  [    80/?]  eta: ?  loss: 0.0130 (0.0207)  time: 0.2381  data: 0.0394  max mem: 20673
Test:  [    90/?]  eta: ?  loss: 0.0147 (0.0205)  time: 0.2418  data: 0.0429  max mem: 20673
Test:  [   100/?]  eta: ?  loss: 0.0189 (0.0201)  time: 0.2639  data: 0.0651  max mem: 20673
Test:  [   110/?]  eta: ?  loss: 0.0156 (0.0196)  time: 0.2736  data: 0.0748  max mem: 20673
Test:  [   120/?]  eta: ?  loss: 0.0156 (0.0197)  time: 0.2606  data: 0.0618  max mem: 20673
Test:  [   130/?]  eta: ?  loss: 0.0147 (0.0195)  time: 0.2532  data: 0.0543  max mem: 20673
Test:  [   140/?]  eta: ?  loss: 0.0193 (0.0201)  time: 0.2587  data: 0.0599  max mem: 20673
Test:  [   150/?]  eta: ?  loss: 0.0183 (0.0200)  time: 0.2509  data: 0.0520  max mem: 20673
Test:  [   160/?]  eta: ?  loss: 0.0164 (0.0204)  time: 0.2495  data: 0.0506  max mem: 20673
Test:  [   170/?]  eta: ?  loss: 0.0174 (0.0209)  time: 0.2562  data: 0.0573  max mem: 20673
Test:  [   180/?]  eta: ?  loss: 0.0175 (0.0211)  time: 0.2378  data: 0.0389  max mem: 20673
Test:  [   190/?]  eta: ?  loss: 0.0205 (0.0211)  time: 0.2270  data: 0.0280  max mem: 20673
Test:  [   200/?]  eta: ?  loss: 0.0125 (0.0209)  time: 0.2351  data: 0.0362  max mem: 20673
Test:  [   210/?]  eta: ?  loss: 0.0110 (0.0206)  time: 0.2442  data: 0.0454  max mem: 20673
Test:  [   220/?]  eta: ?  loss: 0.0107 (0.0201)  time: 0.2531  data: 0.0543  max mem: 20673
Test:  [   230/?]  eta: ?  loss: 0.0121 (0.0204)  time: 0.2582  data: 0.0594  max mem: 20673
Test:  [   240/?]  eta: ?  loss: 0.0150 (0.0202)  time: 0.2551  data: 0.0564  max mem: 20673
Test:  [   250/?]  eta: ?  loss: 0.0168 (0.0206)  time: 0.2580  data: 0.0592  max mem: 20673
Test:  [   260/?]  eta: ?  loss: 0.0188 (0.0211)  time: 0.2533  data: 0.0545  max mem: 20673
Test:  [   270/?]  eta: ?  loss: 0.0141 (0.0211)  time: 0.2582  data: 0.0594  max mem: 20673
Test:  [   280/?]  eta: ?  loss: 0.0141 (0.0208)  time: 0.2605  data: 0.0616  max mem: 20673
Test:  [   290/?]  eta: ?  loss: 0.0127 (0.0206)  time: 0.2732  data: 0.0743  max mem: 20673
Test:  [   300/?]  eta: ?  loss: 0.0125 (0.0206)  time: 0.2763  data: 0.0775  max mem: 20673
Test:  [   310/?]  eta: ?  loss: 0.0125 (0.0205)  time: 0.2563  data: 0.0575  max mem: 20673
Test:  [   320/?]  eta: ?  loss: 0.0206 (0.0208)  time: 0.2495  data: 0.0507  max mem: 20673
Test:  [   330/?]  eta: ?  loss: 0.0149 (0.0206)  time: 0.2731  data: 0.0743  max mem: 20673
Test:  [   340/?]  eta: ?  loss: 0.0128 (0.0205)  time: 0.2547  data: 0.0558  max mem: 20673
Test: Total time: 0:01:28 (0.2547 s / it)
* loss 0.021
  → Epoch   9/50 | Train Loss: 0.0089 | Val Loss: 0.0223 | Train score (1/(1+norm_MAE)): 0.9366 | Val MAE (years): 1.8980 | LR: 0.000002
Best val MAE (years): 1.8980, test MAE at best val: 1.8206
  Test segment MAE: 1.8206 | participant median MAE: 1.5311 | participant mean MAE: 1.5552
Epoch: [9]  [     0/?]  eta: ?  lr: 0.000491  min_lr: 0.000002  loss: 0.0061 (0.0061)  class_acc: 0.9453 (0.9453)  loss_scale: 67108864.0000 (67108864.0000)  weight_decay: 0.0500 (0.0500)  grad_norm: 1.8253 (1.8253)  time: 7.4605  data: 6.9332  max mem: 20673
Epoch: [9]  [   500/?]  eta: ?  lr: 0.000490  min_lr: 0.000002  loss: 0.0079 (0.0081)  class_acc: 0.9390 (0.9394)  loss_scale: 134217728.0000 (128993684.6946)  weight_decay: 0.0500 (0.0500)  grad_norm: 1.8310 (1.9872)  time: 0.5046  data: 0.0002  max mem: 20673
Epoch: [9]  [  1000/?]  eta: ?  lr: 0.000490  min_lr: 0.000002  loss: 0.0076 (0.0081)  class_acc: 0.9416 (0.9400)  loss_scale: 134217728.0000 (131603096.9351)  weight_decay: 0.0500 (0.0500)  grad_norm: 1.7840 (1.9665)  time: 0.5072  data: 0.0003  max mem: 20673
Epoch: [9]  [  1500/?]  eta: ?  lr: 0.000490  min_lr: 0.000002  loss: 0.0069 (0.0080)  class_acc: 0.9433 (0.9405)  loss_scale: 134217728.0000 (132474059.9813)  weight_decay: 0.0500 (0.0500)  grad_norm: 1.6183 (1.9769)  time: 0.5058  data: 0.0003  max mem: 20673
Epoch: [9]  [  2000/?]  eta: ?  lr: 0.000490  min_lr: 0.000002  loss: 0.0077 (0.0079)  class_acc: 0.9417 (0.9409)  loss_scale: 134217728.0000 (132909759.1364)  weight_decay: 0.0500 (0.0500)  grad_norm: 1.8121 (1.9918)  time: 0.5000  data: 0.0002  max mem: 20673
Epoch: [9] Total time: 0:20:38 (0.5077 s / it)
Val:  [     0/?]  eta: ?  loss: 0.0389 (0.0389)  time: 2.8380  data: 2.6397  max mem: 20673
Val:  [    10/?]  eta: ?  loss: 0.0205 (0.0220)  time: 0.5025  data: 0.3035  max mem: 20673
Val:  [    20/?]  eta: ?  loss: 0.0201 (0.0219)  time: 0.2736  data: 0.0746  max mem: 20673
Val:  [    30/?]  eta: ?  loss: 0.0187 (0.0213)  time: 0.2651  data: 0.0660  max mem: 20673
Val:  [    40/?]  eta: ?  loss: 0.0157 (0.0238)  time: 0.2675  data: 0.0684  max mem: 20673
Val:  [    50/?]  eta: ?  loss: 0.0158 (0.0241)  time: 0.2697  data: 0.0706  max mem: 20673
Val:  [    60/?]  eta: ?  loss: 0.0158 (0.0237)  time: 0.2671  data: 0.0680  max mem: 20673
Val:  [    70/?]  eta: ?  loss: 0.0136 (0.0225)  time: 0.2723  data: 0.0732  max mem: 20673
Val:  [    80/?]  eta: ?  loss: 0.0139 (0.0226)  time: 0.2694  data: 0.0704  max mem: 20673
Val:  [    90/?]  eta: ?  loss: 0.0150 (0.0226)  time: 0.2642  data: 0.0652  max mem: 20673
Val:  [   100/?]  eta: ?  loss: 0.0143 (0.0220)  time: 0.2681  data: 0.0691  max mem: 20673
Val:  [   110/?]  eta: ?  loss: 0.0157 (0.0217)  time: 0.2687  data: 0.0697  max mem: 20673
Val:  [   120/?]  eta: ?  loss: 0.0155 (0.0210)  time: 0.2725  data: 0.0734  max mem: 20673
Val:  [   130/?]  eta: ?  loss: 0.0117 (0.0206)  time: 0.2608  data: 0.0617  max mem: 20673
Val:  [   140/?]  eta: ?  loss: 0.0120 (0.0204)  time: 0.2417  data: 0.0427  max mem: 20673
Val:  [   150/?]  eta: ?  loss: 0.0131 (0.0201)  time: 0.2430  data: 0.0440  max mem: 20673
Val:  [   160/?]  eta: ?  loss: 0.0199 (0.0207)  time: 0.2526  data: 0.0535  max mem: 20673
Val:  [   170/?]  eta: ?  loss: 0.0207 (0.0205)  time: 0.2545  data: 0.0555  max mem: 20673
Val:  [   180/?]  eta: ?  loss: 0.0128 (0.0201)  time: 0.2638  data: 0.0647  max mem: 20673
Val:  [   190/?]  eta: ?  loss: 0.0113 (0.0201)  time: 0.2771  data: 0.0781  max mem: 20673
Val:  [   200/?]  eta: ?  loss: 0.0113 (0.0197)  time: 0.2750  data: 0.0761  max mem: 20673
Val:  [   210/?]  eta: ?  loss: 0.0120 (0.0211)  time: 0.2706  data: 0.0717  max mem: 20673
Val:  [   220/?]  eta: ?  loss: 0.0176 (0.0209)  time: 0.2771  data: 0.0782  max mem: 20673
Val:  [   230/?]  eta: ?  loss: 0.0172 (0.0212)  time: 0.2787  data: 0.0799  max mem: 20673
Val:  [   240/?]  eta: ?  loss: 0.0211 (0.0218)  time: 0.2816  data: 0.0828  max mem: 20673
Val:  [   250/?]  eta: ?  loss: 0.0162 (0.0218)  time: 0.2778  data: 0.0790  max mem: 20673
Val:  [   260/?]  eta: ?  loss: 0.0132 (0.0224)  time: 0.2643  data: 0.0654  max mem: 20673
Val:  [   270/?]  eta: ?  loss: 0.0189 (0.0227)  time: 0.2664  data: 0.0676  max mem: 20673
Val:  [   280/?]  eta: ?  loss: 0.0156 (0.0227)  time: 0.2969  data: 0.0981  max mem: 20673
Val:  [   290/?]  eta: ?  loss: 0.0121 (0.0225)  time: 0.2835  data: 0.0847  max mem: 20673
Val:  [   300/?]  eta: ?  loss: 0.0118 (0.0227)  time: 0.2580  data: 0.0591  max mem: 20673
Val:  [   310/?]  eta: ?  loss: 0.0158 (0.0228)  time: 0.2728  data: 0.0740  max mem: 20673
Val:  [   320/?]  eta: ?  loss: 0.0158 (0.0229)  time: 0.2586  data: 0.0597  max mem: 20673
Val:  [   330/?]  eta: ?  loss: 0.0147 (0.0230)  time: 0.2421  data: 0.0431  max mem: 20673
Val:  [   340/?]  eta: ?  loss: 0.0147 (0.0229)  time: 0.2516  data: 0.0526  max mem: 20673
Val:  [   350/?]  eta: ?  loss: 0.0150 (0.0227)  time: 0.2322  data: 0.0535  max mem: 20673
Val: Total time: 0:01:35 (0.2716 s / it)
* loss 0.023
Test:  [     0/?]  eta: ?  loss: 0.0152 (0.0152)  time: 2.3436  data: 2.1456  max mem: 20673
Test:  [    10/?]  eta: ?  loss: 0.0152 (0.0193)  time: 0.4313  data: 0.2326  max mem: 20673
Test:  [    20/?]  eta: ?  loss: 0.0177 (0.0274)  time: 0.2610  data: 0.0622  max mem: 20673
Test:  [    30/?]  eta: ?  loss: 0.0229 (0.0288)  time: 0.2546  data: 0.0558  max mem: 20673
Test:  [    40/?]  eta: ?  loss: 0.0146 (0.0267)  time: 0.2456  data: 0.0468  max mem: 20673
Test:  [    50/?]  eta: ?  loss: 0.0146 (0.0251)  time: 0.2587  data: 0.0599  max mem: 20673
Test:  [    60/?]  eta: ?  loss: 0.0146 (0.0238)  time: 0.2454  data: 0.0465  max mem: 20673
Test:  [    70/?]  eta: ?  loss: 0.0159 (0.0226)  time: 0.2518  data: 0.0529  max mem: 20673
Test:  [    80/?]  eta: ?  loss: 0.0144 (0.0214)  time: 0.2620  data: 0.0631  max mem: 20673
Test:  [    90/?]  eta: ?  loss: 0.0144 (0.0212)  time: 0.2303  data: 0.0313  max mem: 20673
Test:  [   100/?]  eta: ?  loss: 0.0179 (0.0210)  time: 0.2241  data: 0.0251  max mem: 20673
Test:  [   110/?]  eta: ?  loss: 0.0153 (0.0205)  time: 0.2372  data: 0.0382  max mem: 20673
Test:  [   120/?]  eta: ?  loss: 0.0151 (0.0204)  time: 0.2256  data: 0.0266  max mem: 20673
Test:  [   130/?]  eta: ?  loss: 0.0152 (0.0202)  time: 0.2227  data: 0.0238  max mem: 20673
Test:  [   140/?]  eta: ?  loss: 0.0195 (0.0207)  time: 0.2251  data: 0.0261  max mem: 20673
Test:  [   150/?]  eta: ?  loss: 0.0195 (0.0207)  time: 0.2498  data: 0.0507  max mem: 20673
Test:  [   160/?]  eta: ?  loss: 0.0164 (0.0211)  time: 0.2532  data: 0.0541  max mem: 20673
Test:  [   170/?]  eta: ?  loss: 0.0180 (0.0216)  time: 0.2401  data: 0.0411  max mem: 20673
Test:  [   180/?]  eta: ?  loss: 0.0180 (0.0216)  time: 0.2618  data: 0.0628  max mem: 20673
Test:  [   190/?]  eta: ?  loss: 0.0189 (0.0215)  time: 0.2671  data: 0.0681  max mem: 20673
Test:  [   200/?]  eta: ?  loss: 0.0127 (0.0213)  time: 0.2475  data: 0.0484  max mem: 20673
Test:  [   210/?]  eta: ?  loss: 0.0098 (0.0209)  time: 0.2472  data: 0.0482  max mem: 20673
Test:  [   220/?]  eta: ?  loss: 0.0098 (0.0204)  time: 0.2457  data: 0.0466  max mem: 20673
Test:  [   230/?]  eta: ?  loss: 0.0134 (0.0208)  time: 0.2341  data: 0.0350  max mem: 20673
Test:  [   240/?]  eta: ?  loss: 0.0190 (0.0207)  time: 0.2366  data: 0.0375  max mem: 20673
Test:  [   250/?]  eta: ?  loss: 0.0148 (0.0210)  time: 0.2404  data: 0.0412  max mem: 20673
Test:  [   260/?]  eta: ?  loss: 0.0192 (0.0216)  time: 0.2464  data: 0.0472  max mem: 20673
Test:  [   270/?]  eta: ?  loss: 0.0172 (0.0217)  time: 0.2638  data: 0.0647  max mem: 20673
Test:  [   280/?]  eta: ?  loss: 0.0158 (0.0215)  time: 0.2663  data: 0.0672  max mem: 20673
Test:  [   290/?]  eta: ?  loss: 0.0153 (0.0213)  time: 0.2826  data: 0.0836  max mem: 20673
Test:  [   300/?]  eta: ?  loss: 0.0125 (0.0213)  time: 0.2826  data: 0.0836  max mem: 20673
Test:  [   310/?]  eta: ?  loss: 0.0123 (0.0212)  time: 0.2605  data: 0.0615  max mem: 20673
Test:  [   320/?]  eta: ?  loss: 0.0178 (0.0215)  time: 0.2475  data: 0.0485  max mem: 20673
Test:  [   330/?]  eta: ?  loss: 0.0162 (0.0213)  time: 0.2416  data: 0.0425  max mem: 20673
Test:  [   340/?]  eta: ?  loss: 0.0121 (0.0212)  time: 0.2425  data: 0.0434  max mem: 20673
Test: Total time: 0:01:27 (0.2519 s / it)
* loss 0.021

============================================================
Counting samples by task type...
============================================================

============================================================
Evaluating on active tasks (20,949 samples)...
============================================================
Active Test:  [     0/?]  eta: ?  loss: 0.0831 (0.0831)  time: 2.5819  data: 2.5401  max mem: 20673
Active Test:  [    10/?]  eta: ?  loss: 0.0150 (0.0271)  time: 0.2744  data: 0.2429  max mem: 20673
Active Test:  [    20/?]  eta: ?  loss: 0.0126 (0.0225)  time: 0.0404  data: 0.0100  max mem: 20673
Active Test:  [    30/?]  eta: ?  loss: 0.0188 (0.0271)  time: 0.0391  data: 0.0088  max mem: 20673
Active Test:  [    40/?]  eta: ?  loss: 0.0153 (0.0239)  time: 0.0414  data: 0.0111  max mem: 20673
Active Test:  [    50/?]  eta: ?  loss: 0.0086 (0.0218)  time: 0.0419  data: 0.0115  max mem: 20673
Active Test:  [    60/?]  eta: ?  loss: 0.0110 (0.0210)  time: 0.0419  data: 0.0114  max mem: 20673
Active Test:  [    70/?]  eta: ?  loss: 0.0189 (0.0226)  time: 0.0505  data: 0.0201  max mem: 20673
Active Test:  [    80/?]  eta: ?  loss: 0.0188 (0.0225)  time: 0.0529  data: 0.0227  max mem: 20673
Active Test:  [    90/?]  eta: ?  loss: 0.0136 (0.0216)  time: 0.0448  data: 0.0145  max mem: 20673
Active Test:  [   100/?]  eta: ?  loss: 0.0113 (0.0210)  time: 0.0417  data: 0.0115  max mem: 20673
Active Test:  [   110/?]  eta: ?  loss: 0.0099 (0.0201)  time: 0.0429  data: 0.0126  max mem: 20673
Active Test:  [   120/?]  eta: ?  loss: 0.0131 (0.0200)  time: 0.0484  data: 0.0180  max mem: 20673
Active Test:  [   130/?]  eta: ?  loss: 0.0164 (0.0200)  time: 0.0465  data: 0.0161  max mem: 20673
Active Test:  [   140/?]  eta: ?  loss: 0.0122 (0.0201)  time: 0.0403  data: 0.0100  max mem: 20673
Active Test:  [   150/?]  eta: ?  loss: 0.0116 (0.0196)  time: 0.0400  data: 0.0096  max mem: 20673
Active Test:  [   160/?]  eta: ?  loss: 0.0118 (0.0193)  time: 0.0423  data: 0.0119  max mem: 20673
Active Test:  [   170/?]  eta: ?  loss: 0.0138 (0.0192)  time: 0.0421  data: 0.0118  max mem: 20673
Active Test:  [   180/?]  eta: ?  loss: 0.0130 (0.0193)  time: 0.0480  data: 0.0178  max mem: 20673
Active Test:  [   190/?]  eta: ?  loss: 0.0136 (0.0203)  time: 0.0491  data: 0.0189  max mem: 20673
Active Test:  [   200/?]  eta: ?  loss: 0.0177 (0.0231)  time: 0.0498  data: 0.0195  max mem: 20673
Active Test:  [   210/?]  eta: ?  loss: 0.0135 (0.0227)  time: 0.0524  data: 0.0221  max mem: 20673
Active Test:  [   220/?]  eta: ?  loss: 0.0112 (0.0226)  time: 0.0521  data: 0.0219  max mem: 20673
Active Test:  [   230/?]  eta: ?  loss: 0.0086 (0.0222)  time: 0.0484  data: 0.0182  max mem: 20673
Active Test:  [   240/?]  eta: ?  loss: 0.0099 (0.0220)  time: 0.0466  data: 0.0165  max mem: 20673
Active Test:  [   250/?]  eta: ?  loss: 0.0132 (0.0218)  time: 0.0475  data: 0.0173  max mem: 20673
Active Test:  [   260/?]  eta: ?  loss: 0.0132 (0.0224)  time: 0.0444  data: 0.0142  max mem: 20673
Active Test:  [   270/?]  eta: ?  loss: 0.0118 (0.0221)  time: 0.0423  data: 0.0121  max mem: 20673
Active Test:  [   280/?]  eta: ?  loss: 0.0129 (0.0221)  time: 0.0407  data: 0.0105  max mem: 20673
Active Test:  [   290/?]  eta: ?  loss: 0.0134 (0.0218)  time: 0.0443  data: 0.0141  max mem: 20673
Active Test:  [   300/?]  eta: ?  loss: 0.0134 (0.0217)  time: 0.0467  data: 0.0166  max mem: 20673
Active Test:  [   310/?]  eta: ?  loss: 0.0144 (0.0214)  time: 0.0457  data: 0.0157  max mem: 20673
Active Test:  [   320/?]  eta: ?  loss: 0.0166 (0.0218)  time: 0.0420  data: 0.0119  max mem: 20673
Active Test: Total time: 0:00:17 (0.0536 s / it)
* loss 0.022

============================================================
Evaluating on passive tasks (113,222 samples)...
============================================================
Passive Test:  [     0/?]  eta: ?  loss: 0.0048 (0.0048)  time: 0.9896  data: 0.9573  max mem: 20673
Passive Test:  [    10/?]  eta: ?  loss: 0.0686 (0.0773)  time: 0.1284  data: 0.0979  max mem: 20673
Passive Test:  [    20/?]  eta: ?  loss: 0.0707 (0.0886)  time: 0.0390  data: 0.0085  max mem: 20673
Passive Test:  [    30/?]  eta: ?  loss: 0.0528 (0.0900)  time: 0.0394  data: 0.0089  max mem: 20673
Passive Test:  [    40/?]  eta: ?  loss: 0.0250 (0.0734)  time: 0.0386  data: 0.0081  max mem: 20673
Passive Test:  [    50/?]  eta: ?  loss: 0.0169 (0.0622)  time: 0.0369  data: 0.0064  max mem: 20673
Passive Test:  [    60/?]  eta: ?  loss: 0.0107 (0.0543)  time: 0.0398  data: 0.0094  max mem: 20673
Passive Test:  [    70/?]  eta: ?  loss: 0.0092 (0.0484)  time: 0.0446  data: 0.0143  max mem: 20673
Passive Test:  [    80/?]  eta: ?  loss: 0.0078 (0.0439)  time: 0.0479  data: 0.0177  max mem: 20673
Passive Test:  [    90/?]  eta: ?  loss: 0.0078 (0.0402)  time: 0.0457  data: 0.0155  max mem: 20673
Passive Test:  [   100/?]  eta: ?  loss: 0.0108 (0.0398)  time: 0.0400  data: 0.0098  max mem: 20673
Passive Test:  [   110/?]  eta: ?  loss: 0.0251 (0.0407)  time: 0.0375  data: 0.0073  max mem: 20673
Passive Test:  [   120/?]  eta: ?  loss: 0.0274 (0.0398)  time: 0.0405  data: 0.0104  max mem: 20673
Passive Test:  [   130/?]  eta: ?  loss: 0.0235 (0.0388)  time: 0.0421  data: 0.0120  max mem: 20673
Passive Test:  [   140/?]  eta: ?  loss: 0.0070 (0.0369)  time: 0.0400  data: 0.0098  max mem: 20673
Passive Test:  [   150/?]  eta: ?  loss: 0.0082 (0.0352)  time: 0.0397  data: 0.0095  max mem: 20673
Passive Test:  [   160/?]  eta: ?  loss: 0.0091 (0.0337)  time: 0.0428  data: 0.0126  max mem: 20673
Passive Test:  [   170/?]  eta: ?  loss: 0.0102 (0.0325)  time: 0.0432  data: 0.0131  max mem: 20673
Passive Test:  [   180/?]  eta: ?  loss: 0.0112 (0.0313)  time: 0.0418  data: 0.0117  max mem: 20673
Passive Test:  [   190/?]  eta: ?  loss: 0.0100 (0.0302)  time: 0.0379  data: 0.0077  max mem: 20673
Passive Test:  [   200/?]  eta: ?  loss: 0.0100 (0.0295)  time: 0.0389  data: 0.0086  max mem: 20673
Passive Test:  [   210/?]  eta: ?  loss: 0.0121 (0.0289)  time: 0.0421  data: 0.0119  max mem: 20673
Passive Test:  [   220/?]  eta: ?  loss: 0.0143 (0.0286)  time: 0.0411  data: 0.0109  max mem: 20673
Passive Test:  [   230/?]  eta: ?  loss: 0.0185 (0.0282)  time: 0.0414  data: 0.0111  max mem: 20673
Passive Test:  [   240/?]  eta: ?  loss: 0.0156 (0.0279)  time: 0.0422  data: 0.0120  max mem: 20673
Passive Test:  [   250/?]  eta: ?  loss: 0.0187 (0.0277)  time: 0.0466  data: 0.0163  max mem: 20673
Passive Test:  [   260/?]  eta: ?  loss: 0.0144 (0.0277)  time: 0.0444  data: 0.0141  max mem: 20673
Passive Test:  [   270/?]  eta: ?  loss: 0.0137 (0.0277)  time: 0.0381  data: 0.0079  max mem: 20673
Passive Test:  [   280/?]  eta: ?  loss: 0.0256 (0.0283)  time: 0.0373  data: 0.0070  max mem: 20673
Passive Test:  [   290/?]  eta: ?  loss: 0.0217 (0.0279)  time: 0.0414  data: 0.0113  max mem: 20673
Passive Test:  [   300/?]  eta: ?  loss: 0.0138 (0.0276)  time: 0.0444  data: 0.0142  max mem: 20673
Passive Test:  [   310/?]  eta: ?  loss: 0.0123 (0.0271)  time: 0.0397  data: 0.0095  max mem: 20673
Passive Test:  [   320/?]  eta: ?  loss: 0.0087 (0.0267)  time: 0.0402  data: 0.0100  max mem: 20673
Passive Test:  [   330/?]  eta: ?  loss: 0.0087 (0.0264)  time: 0.0424  data: 0.0121  max mem: 20673
Passive Test:  [   340/?]  eta: ?  loss: 0.0090 (0.0262)  time: 0.0415  data: 0.0112  max mem: 20673
Passive Test:  [   350/?]  eta: ?  loss: 0.0097 (0.0259)  time: 0.0445  data: 0.0142  max mem: 20673
Passive Test:  [   360/?]  eta: ?  loss: 0.0070 (0.0255)  time: 0.0429  data: 0.0127  max mem: 20673
Passive Test:  [   370/?]  eta: ?  loss: 0.0061 (0.0250)  time: 0.0410  data: 0.0108  max mem: 20673
Passive Test:  [   380/?]  eta: ?  loss: 0.0062 (0.0247)  time: 0.0421  data: 0.0120  max mem: 20673
Passive Test:  [   390/?]  eta: ?  loss: 0.0101 (0.0245)  time: 0.0439  data: 0.0138  max mem: 20673
Passive Test:  [   400/?]  eta: ?  loss: 0.0183 (0.0245)  time: 0.0471  data: 0.0169  max mem: 20673
Passive Test:  [   410/?]  eta: ?  loss: 0.0149 (0.0243)  time: 0.0491  data: 0.0187  max mem: 20673
Passive Test:  [   420/?]  eta: ?  loss: 0.0100 (0.0241)  time: 0.0495  data: 0.0192  max mem: 20673
Passive Test:  [   430/?]  eta: ?  loss: 0.0096 (0.0238)  time: 0.0544  data: 0.0242  max mem: 20673
Passive Test:  [   440/?]  eta: ?  loss: 0.0109 (0.0235)  time: 0.0514  data: 0.0212  max mem: 20673
Passive Test:  [   450/?]  eta: ?  loss: 0.0101 (0.0233)  time: 0.0473  data: 0.0171  max mem: 20673
Passive Test:  [   460/?]  eta: ?  loss: 0.0092 (0.0230)  time: 0.0479  data: 0.0177  max mem: 20673
Passive Test:  [   470/?]  eta: ?  loss: 0.0083 (0.0230)  time: 0.0479  data: 0.0178  max mem: 20673
Passive Test:  [   480/?]  eta: ?  loss: 0.0131 (0.0234)  time: 0.0496  data: 0.0195  max mem: 20673
Passive Test:  [   490/?]  eta: ?  loss: 0.0131 (0.0235)  time: 0.0512  data: 0.0210  max mem: 20673
Passive Test:  [   500/?]  eta: ?  loss: 0.0118 (0.0234)  time: 0.0497  data: 0.0196  max mem: 20673
Passive Test:  [   510/?]  eta: ?  loss: 0.0149 (0.0233)  time: 0.0465  data: 0.0163  max mem: 20673
Passive Test:  [   520/?]  eta: ?  loss: 0.0123 (0.0231)  time: 0.0479  data: 0.0177  max mem: 20673
Passive Test:  [   530/?]  eta: ?  loss: 0.0111 (0.0230)  time: 0.0469  data: 0.0167  max mem: 20673
Passive Test:  [   540/?]  eta: ?  loss: 0.0104 (0.0228)  time: 0.0477  data: 0.0174  max mem: 20673
Passive Test:  [   550/?]  eta: ?  loss: 0.0058 (0.0225)  time: 0.0459  data: 0.0157  max mem: 20673
Passive Test:  [   560/?]  eta: ?  loss: 0.0055 (0.0222)  time: 0.0468  data: 0.0165  max mem: 20673
Passive Test:  [   570/?]  eta: ?  loss: 0.0075 (0.0219)  time: 0.0456  data: 0.0154  max mem: 20673
Passive Test:  [   580/?]  eta: ?  loss: 0.0075 (0.0217)  time: 0.0456  data: 0.0153  max mem: 20673
Passive Test:  [   590/?]  eta: ?  loss: 0.0059 (0.0215)  time: 0.0463  data: 0.0161  max mem: 20673
Passive Test:  [   600/?]  eta: ?  loss: 0.0090 (0.0213)  time: 0.0465  data: 0.0163  max mem: 20673
Passive Test:  [   610/?]  eta: ?  loss: 0.0094 (0.0211)  time: 0.0458  data: 0.0156  max mem: 20673
Passive Test:  [   620/?]  eta: ?  loss: 0.0104 (0.0209)  time: 0.0429  data: 0.0127  max mem: 20673
Passive Test:  [   630/?]  eta: ?  loss: 0.0087 (0.0208)  time: 0.0432  data: 0.0130  max mem: 20673
Passive Test:  [   640/?]  eta: ?  loss: 0.0096 (0.0206)  time: 0.0428  data: 0.0126  max mem: 20673
Passive Test:  [   650/?]  eta: ?  loss: 0.0110 (0.0207)  time: 0.0461  data: 0.0158  max mem: 20673
Passive Test:  [   660/?]  eta: ?  loss: 0.0191 (0.0208)  time: 0.0456  data: 0.0153  max mem: 20673
Passive Test:  [   670/?]  eta: ?  loss: 0.0191 (0.0208)  time: 0.0468  data: 0.0166  max mem: 20673
Passive Test:  [   680/?]  eta: ?  loss: 0.0149 (0.0207)  time: 0.0475  data: 0.0173  max mem: 20673
Passive Test:  [   690/?]  eta: ?  loss: 0.0146 (0.0207)  time: 0.0464  data: 0.0162  max mem: 20673
Passive Test:  [   700/?]  eta: ?  loss: 0.0176 (0.0208)  time: 0.0543  data: 0.0241  max mem: 20673
Passive Test:  [   710/?]  eta: ?  loss: 0.0163 (0.0208)  time: 0.0528  data: 0.0226  max mem: 20673
Passive Test:  [   720/?]  eta: ?  loss: 0.0148 (0.0207)  time: 0.0470  data: 0.0167  max mem: 20673
Passive Test:  [   730/?]  eta: ?  loss: 0.0104 (0.0206)  time: 0.0434  data: 0.0131  max mem: 20673
Passive Test:  [   740/?]  eta: ?  loss: 0.0120 (0.0206)  time: 0.0430  data: 0.0127  max mem: 20673
Passive Test:  [   750/?]  eta: ?  loss: 0.0165 (0.0207)  time: 0.0453  data: 0.0150  max mem: 20673
Passive Test:  [   760/?]  eta: ?  loss: 0.0193 (0.0208)  time: 0.0487  data: 0.0184  max mem: 20673
Passive Test:  [   770/?]  eta: ?  loss: 0.0144 (0.0207)  time: 0.0505  data: 0.0203  max mem: 20673
Passive Test:  [   780/?]  eta: ?  loss: 0.0111 (0.0206)  time: 0.0525  data: 0.0223  max mem: 20673
Passive Test:  [   790/?]  eta: ?  loss: 0.0106 (0.0207)  time: 0.0513  data: 0.0210  max mem: 20673
Passive Test:  [   800/?]  eta: ?  loss: 0.0135 (0.0208)  time: 0.0492  data: 0.0188  max mem: 20673
Passive Test:  [   810/?]  eta: ?  loss: 0.0203 (0.0214)  time: 0.0491  data: 0.0188  max mem: 20673
Passive Test:  [   820/?]  eta: ?  loss: 0.0255 (0.0218)  time: 0.0436  data: 0.0133  max mem: 20673
Passive Test:  [   830/?]  eta: ?  loss: 0.0174 (0.0221)  time: 0.0399  data: 0.0096  max mem: 20673
Passive Test:  [   840/?]  eta: ?  loss: 0.0165 (0.0221)  time: 0.0413  data: 0.0111  max mem: 20673
Passive Test:  [   850/?]  eta: ?  loss: 0.0180 (0.0223)  time: 0.0469  data: 0.0168  max mem: 20673
Passive Test:  [   860/?]  eta: ?  loss: 0.0264 (0.0224)  time: 0.0499  data: 0.0197  max mem: 20673
Passive Test:  [   870/?]  eta: ?  loss: 0.0429 (0.0227)  time: 0.0501  data: 0.0199  max mem: 20673
Passive Test:  [   880/?]  eta: ?  loss: 0.0288 (0.0227)  time: 0.0467  data: 0.0165  max mem: 20673
Passive Test:  [   890/?]  eta: ?  loss: 0.0173 (0.0228)  time: 0.0488  data: 0.0186  max mem: 20673
Passive Test:  [   900/?]  eta: ?  loss: 0.0137 (0.0227)  time: 0.0483  data: 0.0180  max mem: 20673
Passive Test:  [   910/?]  eta: ?  loss: 0.0086 (0.0226)  time: 0.0467  data: 0.0163  max mem: 20673
Passive Test:  [   920/?]  eta: ?  loss: 0.0090 (0.0224)  time: 0.0482  data: 0.0178  max mem: 20673
Passive Test:  [   930/?]  eta: ?  loss: 0.0087 (0.0223)  time: 0.0487  data: 0.0184  max mem: 20673
Passive Test:  [   940/?]  eta: ?  loss: 0.0085 (0.0224)  time: 0.0453  data: 0.0150  max mem: 20673
Passive Test:  [   950/?]  eta: ?  loss: 0.0154 (0.0228)  time: 0.0423  data: 0.0120  max mem: 20673
Passive Test:  [   960/?]  eta: ?  loss: 0.0108 (0.0228)  time: 0.0438  data: 0.0135  max mem: 20673
Passive Test:  [   970/?]  eta: ?  loss: 0.0108 (0.0228)  time: 0.0454  data: 0.0152  max mem: 20673
Passive Test:  [   980/?]  eta: ?  loss: 0.0193 (0.0228)  time: 0.0457  data: 0.0154  max mem: 20673
Passive Test:  [   990/?]  eta: ?  loss: 0.0183 (0.0227)  time: 0.0479  data: 0.0175  max mem: 20673
Passive Test:  [  1000/?]  eta: ?  loss: 0.0117 (0.0226)  time: 0.0509  data: 0.0206  max mem: 20673
Passive Test:  [  1010/?]  eta: ?  loss: 0.0154 (0.0225)  time: 0.0512  data: 0.0209  max mem: 20673
Passive Test:  [  1020/?]  eta: ?  loss: 0.0145 (0.0225)  time: 0.0505  data: 0.0202  max mem: 20673
Passive Test:  [  1030/?]  eta: ?  loss: 0.0149 (0.0226)  time: 0.0511  data: 0.0209  max mem: 20673
Passive Test:  [  1040/?]  eta: ?  loss: 0.0556 (0.0235)  time: 0.0503  data: 0.0200  max mem: 20673
Passive Test:  [  1050/?]  eta: ?  loss: 0.0478 (0.0236)  time: 0.0487  data: 0.0184  max mem: 20673
Passive Test:  [  1060/?]  eta: ?  loss: 0.0169 (0.0236)  time: 0.0464  data: 0.0162  max mem: 20673
Passive Test:  [  1070/?]  eta: ?  loss: 0.0167 (0.0235)  time: 0.0461  data: 0.0158  max mem: 20673
Passive Test:  [  1080/?]  eta: ?  loss: 0.0178 (0.0237)  time: 0.0502  data: 0.0200  max mem: 20673
Passive Test:  [  1090/?]  eta: ?  loss: 0.0204 (0.0239)  time: 0.0525  data: 0.0222  max mem: 20673
Passive Test:  [  1100/?]  eta: ?  loss: 0.0204 (0.0239)  time: 0.0499  data: 0.0196  max mem: 20673
Passive Test:  [  1110/?]  eta: ?  loss: 0.0314 (0.0240)  time: 0.0513  data: 0.0210  max mem: 20673
Passive Test:  [  1120/?]  eta: ?  loss: 0.0194 (0.0240)  time: 0.0533  data: 0.0231  max mem: 20673
Passive Test:  [  1130/?]  eta: ?  loss: 0.0087 (0.0239)  time: 0.0541  data: 0.0239  max mem: 20673
Passive Test:  [  1140/?]  eta: ?  loss: 0.0124 (0.0238)  time: 0.0540  data: 0.0237  max mem: 20673
Passive Test:  [  1150/?]  eta: ?  loss: 0.0094 (0.0238)  time: 0.0529  data: 0.0225  max mem: 20673
Passive Test:  [  1160/?]  eta: ?  loss: 0.0089 (0.0237)  time: 0.0535  data: 0.0232  max mem: 20673
Passive Test:  [  1170/?]  eta: ?  loss: 0.0169 (0.0239)  time: 0.0521  data: 0.0217  max mem: 20673
Passive Test:  [  1180/?]  eta: ?  loss: 0.0389 (0.0241)  time: 0.0503  data: 0.0200  max mem: 20673
Passive Test:  [  1190/?]  eta: ?  loss: 0.0109 (0.0241)  time: 0.0479  data: 0.0176  max mem: 20673
Passive Test:  [  1200/?]  eta: ?  loss: 0.0109 (0.0240)  time: 0.0462  data: 0.0159  max mem: 20673
Passive Test:  [  1210/?]  eta: ?  loss: 0.0105 (0.0240)  time: 0.0463  data: 0.0161  max mem: 20673
Passive Test:  [  1220/?]  eta: ?  loss: 0.0101 (0.0243)  time: 0.0496  data: 0.0194  max mem: 20673
Passive Test:  [  1230/?]  eta: ?  loss: 0.0101 (0.0242)  time: 0.0492  data: 0.0189  max mem: 20673
Passive Test:  [  1240/?]  eta: ?  loss: 0.0083 (0.0241)  time: 0.0498  data: 0.0195  max mem: 20673
Passive Test:  [  1250/?]  eta: ?  loss: 0.0075 (0.0240)  time: 0.0479  data: 0.0177  max mem: 20673
Passive Test:  [  1260/?]  eta: ?  loss: 0.0161 (0.0240)  time: 0.0519  data: 0.0216  max mem: 20673
Passive Test:  [  1270/?]  eta: ?  loss: 0.0184 (0.0239)  time: 0.0499  data: 0.0196  max mem: 20673
Passive Test:  [  1280/?]  eta: ?  loss: 0.0159 (0.0239)  time: 0.0421  data: 0.0118  max mem: 20673
Passive Test:  [  1290/?]  eta: ?  loss: 0.0159 (0.0238)  time: 0.0428  data: 0.0125  max mem: 20673
Passive Test:  [  1300/?]  eta: ?  loss: 0.0139 (0.0238)  time: 0.0472  data: 0.0169  max mem: 20673
Passive Test:  [  1310/?]  eta: ?  loss: 0.0110 (0.0237)  time: 0.0479  data: 0.0176  max mem: 20673
Passive Test:  [  1320/?]  eta: ?  loss: 0.0142 (0.0237)  time: 0.0432  data: 0.0129  max mem: 20673
Passive Test:  [  1330/?]  eta: ?  loss: 0.0142 (0.0237)  time: 0.0468  data: 0.0165  max mem: 20673
Passive Test:  [  1340/?]  eta: ?  loss: 0.0072 (0.0235)  time: 0.0469  data: 0.0166  max mem: 20673
Passive Test:  [  1350/?]  eta: ?  loss: 0.0072 (0.0235)  time: 0.0452  data: 0.0149  max mem: 20673
Passive Test:  [  1360/?]  eta: ?  loss: 0.0093 (0.0235)  time: 0.0462  data: 0.0160  max mem: 20673
Passive Test:  [  1370/?]  eta: ?  loss: 0.0102 (0.0234)  time: 0.0481  data: 0.0179  max mem: 20673
Passive Test:  [  1380/?]  eta: ?  loss: 0.0125 (0.0234)  time: 0.0477  data: 0.0174  max mem: 20673
Passive Test:  [  1390/?]  eta: ?  loss: 0.0142 (0.0234)  time: 0.0471  data: 0.0168  max mem: 20673
Passive Test:  [  1400/?]  eta: ?  loss: 0.0126 (0.0233)  time: 0.0467  data: 0.0163  max mem: 20673
Passive Test:  [  1410/?]  eta: ?  loss: 0.0168 (0.0234)  time: 0.0465  data: 0.0161  max mem: 20673
Passive Test:  [  1420/?]  eta: ?  loss: 0.0228 (0.0234)  time: 0.0466  data: 0.0163  max mem: 20673
Passive Test:  [  1430/?]  eta: ?  loss: 0.0170 (0.0235)  time: 0.0448  data: 0.0146  max mem: 20673
Passive Test:  [  1440/?]  eta: ?  loss: 0.0106 (0.0235)  time: 0.0450  data: 0.0147  max mem: 20673
Passive Test:  [  1450/?]  eta: ?  loss: 0.0109 (0.0234)  time: 0.0469  data: 0.0167  max mem: 20673
Passive Test:  [  1460/?]  eta: ?  loss: 0.0139 (0.0237)  time: 0.0467  data: 0.0165  max mem: 20673
Passive Test:  [  1470/?]  eta: ?  loss: 0.0131 (0.0238)  time: 0.0452  data: 0.0150  max mem: 20673
Passive Test:  [  1480/?]  eta: ?  loss: 0.0067 (0.0237)  time: 0.0438  data: 0.0135  max mem: 20673
Passive Test:  [  1490/?]  eta: ?  loss: 0.0067 (0.0236)  time: 0.0427  data: 0.0124  max mem: 20673
Passive Test:  [  1500/?]  eta: ?  loss: 0.0077 (0.0235)  time: 0.0430  data: 0.0127  max mem: 20673
Passive Test:  [  1510/?]  eta: ?  loss: 0.0081 (0.0235)  time: 0.0420  data: 0.0118  max mem: 20673
Passive Test:  [  1520/?]  eta: ?  loss: 0.0077 (0.0235)  time: 0.0434  data: 0.0131  max mem: 20673
Passive Test:  [  1530/?]  eta: ?  loss: 0.0084 (0.0234)  time: 0.0520  data: 0.0217  max mem: 20673
Passive Test:  [  1540/?]  eta: ?  loss: 0.0084 (0.0233)  time: 0.0544  data: 0.0242  max mem: 20673
Passive Test:  [  1550/?]  eta: ?  loss: 0.0080 (0.0233)  time: 0.0513  data: 0.0210  max mem: 20673
Passive Test:  [  1560/?]  eta: ?  loss: 0.0087 (0.0233)  time: 0.0521  data: 0.0219  max mem: 20673
Passive Test:  [  1570/?]  eta: ?  loss: 0.0143 (0.0233)  time: 0.0544  data: 0.0241  max mem: 20673
Passive Test:  [  1580/?]  eta: ?  loss: 0.0125 (0.0233)  time: 0.0515  data: 0.0213  max mem: 20673
Passive Test:  [  1590/?]  eta: ?  loss: 0.0125 (0.0233)  time: 0.0473  data: 0.0171  max mem: 20673
Passive Test:  [  1600/?]  eta: ?  loss: 0.0091 (0.0232)  time: 0.0471  data: 0.0168  max mem: 20673
Passive Test:  [  1610/?]  eta: ?  loss: 0.0111 (0.0232)  time: 0.0476  data: 0.0173  max mem: 20673
Passive Test:  [  1620/?]  eta: ?  loss: 0.0111 (0.0233)  time: 0.0479  data: 0.0177  max mem: 20673
Passive Test:  [  1630/?]  eta: ?  loss: 0.0092 (0.0234)  time: 0.0429  data: 0.0127  max mem: 20673
Passive Test:  [  1640/?]  eta: ?  loss: 0.0105 (0.0233)  time: 0.0465  data: 0.0162  max mem: 20673
Passive Test:  [  1650/?]  eta: ?  loss: 0.0093 (0.0232)  time: 0.0473  data: 0.0171  max mem: 20673
Passive Test:  [  1660/?]  eta: ?  loss: 0.0098 (0.0232)  time: 0.0451  data: 0.0149  max mem: 20673
Passive Test:  [  1670/?]  eta: ?  loss: 0.0098 (0.0232)  time: 0.0437  data: 0.0133  max mem: 20673
Passive Test:  [  1680/?]  eta: ?  loss: 0.0037 (0.0232)  time: 0.0413  data: 0.0109  max mem: 20673
Passive Test:  [  1690/?]  eta: ?  loss: 0.0081 (0.0231)  time: 0.0436  data: 0.0134  max mem: 20673
Passive Test:  [  1700/?]  eta: ?  loss: 0.0100 (0.0230)  time: 0.0458  data: 0.0155  max mem: 20673
Passive Test:  [  1710/?]  eta: ?  loss: 0.0127 (0.0230)  time: 0.0505  data: 0.0201  max mem: 20673
Passive Test:  [  1720/?]  eta: ?  loss: 0.0143 (0.0230)  time: 0.0496  data: 0.0193  max mem: 20673
Passive Test:  [  1730/?]  eta: ?  loss: 0.0156 (0.0229)  time: 0.0446  data: 0.0143  max mem: 20673
Passive Test:  [  1740/?]  eta: ?  loss: 0.0118 (0.0229)  time: 0.0423  data: 0.0121  max mem: 20673
Passive Test:  [  1750/?]  eta: ?  loss: 0.0109 (0.0229)  time: 0.0442  data: 0.0139  max mem: 20673
Passive Test:  [  1760/?]  eta: ?  loss: 0.0224 (0.0229)  time: 0.0450  data: 0.0148  max mem: 20673
Passive Test: Total time: 0:01:22 (0.0468 s / it)
* loss 0.023
  ACTIVE Test MAE (years): 1.8828 (n=20,949)
  PASSIVE Test MAE (years): 1.9199 (n=113,222)
  → Epoch  10/50 | Train Loss: 0.0078 | Val Loss: 0.0227 | Train score (1/(1+norm_MAE)): 0.9413 | Val MAE (years): 1.9151 | LR: 0.000002
Best val MAE (years): 1.8980, test MAE at best val: 1.8206
  Test segment MAE: 1.8518 | participant median MAE: 1.5937 | participant mean MAE: 1.6193
Epoch: [10]  [     0/?]  eta: ?  lr: 0.000485  min_lr: 0.000002  loss: 0.0062 (0.0062)  class_acc: 0.9465 (0.9465)  loss_scale: 268435456.0000 (268435456.0000)  weight_decay: 0.0500 (0.0500)  grad_norm: 1.5272 (1.5272)  time: 3.9033  data: 3.4086  max mem: 20673
Epoch: [10]  [   500/?]  eta: ?  lr: 0.000485  min_lr: 0.000002  loss: 0.0070 (0.0072)  class_acc: 0.9442 (0.9437)  loss_scale: 268435456.0000 (268435456.0000)  weight_decay: 0.0500 (0.0500)  grad_norm: 1.6321 (1.8545)  time: 0.5054  data: 0.0002  max mem: 20673
Epoch: [10]  [  1000/?]  eta: ?  lr: 0.000485  min_lr: 0.000002  loss: 0.0068 (0.0071)  class_acc: 0.9449 (0.9442)  loss_scale: 268435456.0000 (268435456.0000)  weight_decay: 0.0500 (0.0500)  grad_norm: 1.7300 (1.8560)  time: 0.5067  data: 0.0003  max mem: 20673
Epoch: [10]  [  1500/?]  eta: ?  lr: 0.000485  min_lr: 0.000002  loss: 0.0067 (0.0070)  class_acc: 0.9460 (0.9447)  loss_scale: 268435456.0000 (268435456.0000)  weight_decay: 0.0500 (0.0500)  grad_norm: 1.7812 (1.8455)  time: 0.5044  data: 0.0002  max mem: 20673
Epoch: [10]  [  2000/?]  eta: ?  lr: 0.000485  min_lr: 0.000002  loss: 0.0067 (0.0070)  class_acc: 0.9451 (0.9450)  loss_scale: 536870912.0000 (322364018.3748)  weight_decay: 0.0500 (0.0500)  grad_norm: 1.9049 (1.8530)  time: 0.5042  data: 0.0002  max mem: 20673
Epoch: [10] Total time: 0:20:38 (0.5074 s / it)
Val:  [     0/?]  eta: ?  loss: 0.0385 (0.0385)  time: 3.2391  data: 3.0408  max mem: 20673
Val:  [    10/?]  eta: ?  loss: 0.0170 (0.0207)  time: 0.5449  data: 0.3458  max mem: 20673
Val:  [    20/?]  eta: ?  loss: 0.0177 (0.0213)  time: 0.2792  data: 0.0800  max mem: 20673
Val:  [    30/?]  eta: ?  loss: 0.0177 (0.0201)  time: 0.2641  data: 0.0649  max mem: 20673
Val:  [    40/?]  eta: ?  loss: 0.0164 (0.0231)  time: 0.2696  data: 0.0705  max mem: 20673
Val:  [    50/?]  eta: ?  loss: 0.0173 (0.0234)  time: 0.2715  data: 0.0723  max mem: 20673
Val:  [    60/?]  eta: ?  loss: 0.0170 (0.0234)  time: 0.2683  data: 0.0691  max mem: 20673
Val:  [    70/?]  eta: ?  loss: 0.0150 (0.0223)  time: 0.2766  data: 0.0775  max mem: 20673
Val:  [    80/?]  eta: ?  loss: 0.0138 (0.0224)  time: 0.2716  data: 0.0726  max mem: 20673
Val:  [    90/?]  eta: ?  loss: 0.0161 (0.0227)  time: 0.2644  data: 0.0654  max mem: 20673
Val:  [   100/?]  eta: ?  loss: 0.0157 (0.0219)  time: 0.2616  data: 0.0625  max mem: 20673
Val:  [   110/?]  eta: ?  loss: 0.0154 (0.0216)  time: 0.2667  data: 0.0678  max mem: 20673
Val:  [   120/?]  eta: ?  loss: 0.0168 (0.0213)  time: 0.2713  data: 0.0723  max mem: 20673
Val:  [   130/?]  eta: ?  loss: 0.0130 (0.0210)  time: 0.2569  data: 0.0579  max mem: 20673
Val:  [   140/?]  eta: ?  loss: 0.0126 (0.0210)  time: 0.2440  data: 0.0450  max mem: 20673
Val:  [   150/?]  eta: ?  loss: 0.0130 (0.0206)  time: 0.2552  data: 0.0561  max mem: 20673
Val:  [   160/?]  eta: ?  loss: 0.0177 (0.0211)  time: 0.2584  data: 0.0594  max mem: 20673
Val:  [   170/?]  eta: ?  loss: 0.0210 (0.0211)  time: 0.2560  data: 0.0570  max mem: 20673
Val:  [   180/?]  eta: ?  loss: 0.0145 (0.0206)  time: 0.2710  data: 0.0720  max mem: 20673
Val:  [   190/?]  eta: ?  loss: 0.0108 (0.0206)  time: 0.2772  data: 0.0782  max mem: 20673
Val:  [   200/?]  eta: ?  loss: 0.0128 (0.0203)  time: 0.2702  data: 0.0712  max mem: 20673
Val:  [   210/?]  eta: ?  loss: 0.0163 (0.0217)  time: 0.2662  data: 0.0673  max mem: 20673
Val:  [   220/?]  eta: ?  loss: 0.0174 (0.0214)  time: 0.2720  data: 0.0731  max mem: 20673
Val:  [   230/?]  eta: ?  loss: 0.0146 (0.0217)  time: 0.2739  data: 0.0750  max mem: 20673
Val:  [   240/?]  eta: ?  loss: 0.0202 (0.0224)  time: 0.2818  data: 0.0830  max mem: 20673
Val:  [   250/?]  eta: ?  loss: 0.0162 (0.0223)  time: 0.2800  data: 0.0811  max mem: 20673
Val:  [   260/?]  eta: ?  loss: 0.0116 (0.0229)  time: 0.2667  data: 0.0679  max mem: 20673
Val:  [   270/?]  eta: ?  loss: 0.0186 (0.0232)  time: 0.2594  data: 0.0605  max mem: 20673
Val:  [   280/?]  eta: ?  loss: 0.0184 (0.0232)  time: 0.2608  data: 0.0618  max mem: 20673
Val:  [   290/?]  eta: ?  loss: 0.0154 (0.0231)  time: 0.2549  data: 0.0560  max mem: 20673
Val:  [   300/?]  eta: ?  loss: 0.0130 (0.0233)  time: 0.2384  data: 0.0394  max mem: 20673
Val:  [   310/?]  eta: ?  loss: 0.0171 (0.0233)  time: 0.2430  data: 0.0441  max mem: 20673
Val:  [   320/?]  eta: ?  loss: 0.0171 (0.0235)  time: 0.2511  data: 0.0522  max mem: 20673
Val:  [   330/?]  eta: ?  loss: 0.0165 (0.0237)  time: 0.2519  data: 0.0530  max mem: 20673
Val:  [   340/?]  eta: ?  loss: 0.0164 (0.0236)  time: 0.2594  data: 0.0605  max mem: 20673
Val:  [   350/?]  eta: ?  loss: 0.0164 (0.0235)  time: 0.2370  data: 0.0582  max mem: 20673
Val: Total time: 0:01:35 (0.2704 s / it)
* loss 0.023
Test:  [     0/?]  eta: ?  loss: 0.0140 (0.0140)  time: 2.8461  data: 2.6484  max mem: 20673
Test:  [    10/?]  eta: ?  loss: 0.0169 (0.0193)  time: 0.4600  data: 0.2615  max mem: 20673
Test:  [    20/?]  eta: ?  loss: 0.0171 (0.0275)  time: 0.2315  data: 0.0328  max mem: 20673
Test:  [    30/?]  eta: ?  loss: 0.0200 (0.0289)  time: 0.2339  data: 0.0351  max mem: 20673
Test:  [    40/?]  eta: ?  loss: 0.0161 (0.0265)  time: 0.2316  data: 0.0328  max mem: 20673
Test:  [    50/?]  eta: ?  loss: 0.0172 (0.0250)  time: 0.2481  data: 0.0492  max mem: 20673
Test:  [    60/?]  eta: ?  loss: 0.0162 (0.0238)  time: 0.2568  data: 0.0580  max mem: 20673
Test:  [    70/?]  eta: ?  loss: 0.0160 (0.0227)  time: 0.2456  data: 0.0466  max mem: 20673
Test:  [    80/?]  eta: ?  loss: 0.0159 (0.0218)  time: 0.2265  data: 0.0274  max mem: 20673
Test:  [    90/?]  eta: ?  loss: 0.0165 (0.0216)  time: 0.2406  data: 0.0415  max mem: 20673
Test:  [   100/?]  eta: ?  loss: 0.0206 (0.0215)  time: 0.2513  data: 0.0525  max mem: 20673
Test:  [   110/?]  eta: ?  loss: 0.0187 (0.0209)  time: 0.2517  data: 0.0530  max mem: 20673
Test:  [   120/?]  eta: ?  loss: 0.0149 (0.0207)  time: 0.2525  data: 0.0537  max mem: 20673
Test:  [   130/?]  eta: ?  loss: 0.0153 (0.0206)  time: 0.2390  data: 0.0400  max mem: 20673
Test:  [   140/?]  eta: ?  loss: 0.0209 (0.0211)  time: 0.2317  data: 0.0327  max mem: 20673
Test:  [   150/?]  eta: ?  loss: 0.0184 (0.0208)  time: 0.2364  data: 0.0375  max mem: 20673
Test:  [   160/?]  eta: ?  loss: 0.0146 (0.0211)  time: 0.2595  data: 0.0607  max mem: 20673
Test:  [   170/?]  eta: ?  loss: 0.0190 (0.0216)  time: 0.2464  data: 0.0475  max mem: 20673
Test:  [   180/?]  eta: ?  loss: 0.0174 (0.0217)  time: 0.2301  data: 0.0311  max mem: 20673
Test:  [   190/?]  eta: ?  loss: 0.0181 (0.0216)  time: 0.2384  data: 0.0395  max mem: 20673
Test:  [   200/?]  eta: ?  loss: 0.0110 (0.0213)  time: 0.2387  data: 0.0398  max mem: 20673
Test:  [   210/?]  eta: ?  loss: 0.0094 (0.0209)  time: 0.2658  data: 0.0669  max mem: 20673
Test:  [   220/?]  eta: ?  loss: 0.0094 (0.0205)  time: 0.2649  data: 0.0660  max mem: 20673
Test:  [   230/?]  eta: ?  loss: 0.0131 (0.0209)  time: 0.2410  data: 0.0420  max mem: 20673
Test:  [   240/?]  eta: ?  loss: 0.0157 (0.0207)  time: 0.2391  data: 0.0402  max mem: 20673
Test:  [   250/?]  eta: ?  loss: 0.0157 (0.0211)  time: 0.2570  data: 0.0580  max mem: 20673
Test:  [   260/?]  eta: ?  loss: 0.0159 (0.0217)  time: 0.2545  data: 0.0555  max mem: 20673
Test:  [   270/?]  eta: ?  loss: 0.0179 (0.0216)  time: 0.2430  data: 0.0440  max mem: 20673
Test:  [   280/?]  eta: ?  loss: 0.0178 (0.0214)  time: 0.2440  data: 0.0450  max mem: 20673
Test:  [   290/?]  eta: ?  loss: 0.0177 (0.0214)  time: 0.2412  data: 0.0422  max mem: 20673
Test:  [   300/?]  eta: ?  loss: 0.0139 (0.0214)  time: 0.2428  data: 0.0438  max mem: 20673
Test:  [   310/?]  eta: ?  loss: 0.0131 (0.0213)  time: 0.2508  data: 0.0518  max mem: 20673
Test:  [   320/?]  eta: ?  loss: 0.0165 (0.0217)  time: 0.2589  data: 0.0599  max mem: 20673
Test:  [   330/?]  eta: ?  loss: 0.0134 (0.0215)  time: 0.2595  data: 0.0606  max mem: 20673
Test:  [   340/?]  eta: ?  loss: 0.0125 (0.0214)  time: 0.2492  data: 0.0503  max mem: 20673
Test: Total time: 0:01:27 (0.2501 s / it)
* loss 0.021
  → Epoch  11/50 | Train Loss: 0.0069 | Val Loss: 0.0234 | Train score (1/(1+norm_MAE)): 0.9453 | Val MAE (years): 1.9699 | LR: 0.000002
Best val MAE (years): 1.8980, test MAE at best val: 1.8206
  Test segment MAE: 1.8914 | participant median MAE: 1.6498 | participant mean MAE: 1.6789
Epoch: [11]  [     0/?]  eta: ?  lr: 0.000479  min_lr: 0.000002  loss: 0.0058 (0.0058)  class_acc: 0.9483 (0.9483)  loss_scale: 536870912.0000 (536870912.0000)  weight_decay: 0.0500 (0.0500)  grad_norm: 1.6384 (1.6384)  time: 8.8597  data: 8.3501  max mem: 20673
Epoch: [11]  [   500/?]  eta: ?  lr: 0.000479  min_lr: 0.000002  loss: 0.0061 (0.0065)  class_acc: 0.9472 (0.9470)  loss_scale: 536870912.0000 (536870912.0000)  weight_decay: 0.0500 (0.0500)  grad_norm: 1.5687 (1.7939)  time: 0.5039  data: 0.0002  max mem: 20673
Epoch: [11]  [  1000/?]  eta: ?  lr: 0.000479  min_lr: 0.000002  loss: 0.0067 (0.0064)  class_acc: 0.9471 (0.9474)  loss_scale: 536870912.0000 (536870912.0000)  weight_decay: 0.0500 (0.0500)  grad_norm: 1.5430 (1.7891)  time: 0.5102  data: 0.0002  max mem: 20673
Epoch: [11]  [  1500/?]  eta: ?  lr: 0.000479  min_lr: 0.000002  loss: 0.0061 (0.0063)  class_acc: 0.9489 (0.9479)  loss_scale: 1073741824.0000 (659195929.9241)  weight_decay: 0.0500 (0.0500)  grad_norm: 1.5982 (1.7674)  time: 0.5016  data: 0.0003  max mem: 20673
Epoch: [11]  [  2000/?]  eta: ?  lr: 0.000479  min_lr: 0.000002  loss: 0.0057 (0.0063)  class_acc: 0.9498 (0.9482)  loss_scale: 1073741824.0000 (762780611.1024)  weight_decay: 0.0500 (0.0500)  grad_norm: 1.5738 (1.7647)  time: 0.5049  data: 0.0002  max mem: 20673
Epoch: [11] Total time: 0:20:41 (0.5088 s / it)
Val:  [     0/?]  eta: ?  loss: 0.0286 (0.0286)  time: 3.1364  data: 2.9378  max mem: 20673
Val:  [    10/?]  eta: ?  loss: 0.0211 (0.0217)  time: 0.5267  data: 0.3274  max mem: 20673
Val:  [    20/?]  eta: ?  loss: 0.0189 (0.0211)  time: 0.2789  data: 0.0796  max mem: 20673
Val:  [    30/?]  eta: ?  loss: 0.0176 (0.0204)  time: 0.2728  data: 0.0734  max mem: 20673
Val:  [    40/?]  eta: ?  loss: 0.0166 (0.0231)  time: 0.2727  data: 0.0734  max mem: 20673
Val:  [    50/?]  eta: ?  loss: 0.0155 (0.0231)  time: 0.2896  data: 0.0904  max mem: 20673
Val:  [    60/?]  eta: ?  loss: 0.0155 (0.0225)  time: 0.2833  data: 0.0841  max mem: 20673
Val:  [    70/?]  eta: ?  loss: 0.0146 (0.0216)  time: 0.2656  data: 0.0666  max mem: 20673
Val:  [    80/?]  eta: ?  loss: 0.0146 (0.0218)  time: 0.2598  data: 0.0607  max mem: 20673
Val:  [    90/?]  eta: ?  loss: 0.0170 (0.0221)  time: 0.2674  data: 0.0684  max mem: 20673
Val:  [   100/?]  eta: ?  loss: 0.0152 (0.0216)  time: 0.2630  data: 0.0640  max mem: 20673
Val:  [   110/?]  eta: ?  loss: 0.0149 (0.0214)  time: 0.2439  data: 0.0448  max mem: 20673
Val:  [   120/?]  eta: ?  loss: 0.0149 (0.0208)  time: 0.2471  data: 0.0480  max mem: 20673
Val:  [   130/?]  eta: ?  loss: 0.0120 (0.0205)  time: 0.2468  data: 0.0478  max mem: 20673
Val:  [   140/?]  eta: ?  loss: 0.0113 (0.0201)  time: 0.2390  data: 0.0399  max mem: 20673
Val:  [   150/?]  eta: ?  loss: 0.0117 (0.0198)  time: 0.2416  data: 0.0425  max mem: 20673
Val:  [   160/?]  eta: ?  loss: 0.0185 (0.0205)  time: 0.2433  data: 0.0442  max mem: 20673
Val:  [   170/?]  eta: ?  loss: 0.0203 (0.0206)  time: 0.2463  data: 0.0473  max mem: 20673
Val:  [   180/?]  eta: ?  loss: 0.0160 (0.0201)  time: 0.2712  data: 0.0721  max mem: 20673
Val:  [   190/?]  eta: ?  loss: 0.0142 (0.0202)  time: 0.2825  data: 0.0835  max mem: 20673
Val:  [   200/?]  eta: ?  loss: 0.0114 (0.0198)  time: 0.2674  data: 0.0685  max mem: 20673
Val:  [   210/?]  eta: ?  loss: 0.0114 (0.0211)  time: 0.2627  data: 0.0636  max mem: 20673
Val:  [   220/?]  eta: ?  loss: 0.0155 (0.0209)  time: 0.2661  data: 0.0670  max mem: 20673
Val:  [   230/?]  eta: ?  loss: 0.0170 (0.0212)  time: 0.2678  data: 0.0688  max mem: 20673
Val:  [   240/?]  eta: ?  loss: 0.0211 (0.0220)  time: 0.2800  data: 0.0811  max mem: 20673
Val:  [   250/?]  eta: ?  loss: 0.0149 (0.0218)  time: 0.2823  data: 0.0833  max mem: 20673
Val:  [   260/?]  eta: ?  loss: 0.0126 (0.0224)  time: 0.2717  data: 0.0727  max mem: 20673
Val:  [   270/?]  eta: ?  loss: 0.0192 (0.0227)  time: 0.2670  data: 0.0680  max mem: 20673
Val:  [   280/?]  eta: ?  loss: 0.0179 (0.0226)  time: 0.2692  data: 0.0703  max mem: 20673
Val:  [   290/?]  eta: ?  loss: 0.0122 (0.0225)  time: 0.2583  data: 0.0594  max mem: 20673
Val:  [   300/?]  eta: ?  loss: 0.0131 (0.0227)  time: 0.2382  data: 0.0390  max mem: 20673
Val:  [   310/?]  eta: ?  loss: 0.0162 (0.0227)  time: 0.2410  data: 0.0418  max mem: 20673
Val:  [   320/?]  eta: ?  loss: 0.0180 (0.0228)  time: 0.2516  data: 0.0525  max mem: 20673
Val:  [   330/?]  eta: ?  loss: 0.0180 (0.0231)  time: 0.2509  data: 0.0519  max mem: 20673
Val:  [   340/?]  eta: ?  loss: 0.0171 (0.0231)  time: 0.2555  data: 0.0565  max mem: 20673
Val:  [   350/?]  eta: ?  loss: 0.0161 (0.0229)  time: 0.2346  data: 0.0558  max mem: 20673
Val: Total time: 0:01:34 (0.2679 s / it)
* loss 0.023
Test:  [     0/?]  eta: ?  loss: 0.0137 (0.0137)  time: 2.8039  data: 2.6059  max mem: 20673
Test:  [    10/?]  eta: ?  loss: 0.0200 (0.0215)  time: 0.4752  data: 0.2766  max mem: 20673
Test:  [    20/?]  eta: ?  loss: 0.0243 (0.0277)  time: 0.2633  data: 0.0646  max mem: 20673
Test:  [    30/?]  eta: ?  loss: 0.0168 (0.0287)  time: 0.2728  data: 0.0740  max mem: 20673
Test:  [    40/?]  eta: ?  loss: 0.0143 (0.0266)  time: 0.2606  data: 0.0618  max mem: 20673
Test:  [    50/?]  eta: ?  loss: 0.0137 (0.0252)  time: 0.2571  data: 0.0583  max mem: 20673
Test:  [    60/?]  eta: ?  loss: 0.0143 (0.0237)  time: 0.2616  data: 0.0628  max mem: 20673
Test:  [    70/?]  eta: ?  loss: 0.0146 (0.0224)  time: 0.2669  data: 0.0680  max mem: 20673
Test:  [    80/?]  eta: ?  loss: 0.0146 (0.0214)  time: 0.2702  data: 0.0714  max mem: 20673
Test:  [    90/?]  eta: ?  loss: 0.0151 (0.0210)  time: 0.2442  data: 0.0453  max mem: 20673
Test:  [   100/?]  eta: ?  loss: 0.0167 (0.0208)  time: 0.2349  data: 0.0360  max mem: 20673
Test:  [   110/?]  eta: ?  loss: 0.0167 (0.0204)  time: 0.2527  data: 0.0537  max mem: 20673
Test:  [   120/?]  eta: ?  loss: 0.0167 (0.0203)  time: 0.2443  data: 0.0452  max mem: 20673
Test:  [   130/?]  eta: ?  loss: 0.0129 (0.0201)  time: 0.2206  data: 0.0214  max mem: 20673
Test:  [   140/?]  eta: ?  loss: 0.0220 (0.0206)  time: 0.2277  data: 0.0285  max mem: 20673
Test:  [   150/?]  eta: ?  loss: 0.0244 (0.0207)  time: 0.2476  data: 0.0485  max mem: 20673
Test:  [   160/?]  eta: ?  loss: 0.0185 (0.0210)  time: 0.2272  data: 0.0280  max mem: 20673
Test:  [   170/?]  eta: ?  loss: 0.0178 (0.0215)  time: 0.2215  data: 0.0224  max mem: 20673
Test:  [   180/?]  eta: ?  loss: 0.0178 (0.0216)  time: 0.2413  data: 0.0423  max mem: 20673
Test:  [   190/?]  eta: ?  loss: 0.0193 (0.0217)  time: 0.2621  data: 0.0631  max mem: 20673
Test:  [   200/?]  eta: ?  loss: 0.0134 (0.0215)  time: 0.2648  data: 0.0658  max mem: 20673
Test:  [   210/?]  eta: ?  loss: 0.0111 (0.0212)  time: 0.2501  data: 0.0510  max mem: 20673
Test:  [   220/?]  eta: ?  loss: 0.0106 (0.0208)  time: 0.2540  data: 0.0549  max mem: 20673
Test:  [   230/?]  eta: ?  loss: 0.0157 (0.0211)  time: 0.2603  data: 0.0613  max mem: 20673
Test:  [   240/?]  eta: ?  loss: 0.0163 (0.0209)  time: 0.2582  data: 0.0592  max mem: 20673
Test:  [   250/?]  eta: ?  loss: 0.0183 (0.0213)  time: 0.2478  data: 0.0487  max mem: 20673
Test:  [   260/?]  eta: ?  loss: 0.0212 (0.0218)  time: 0.2281  data: 0.0290  max mem: 20673
Test:  [   270/?]  eta: ?  loss: 0.0182 (0.0220)  time: 0.2184  data: 0.0193  max mem: 20673
Test:  [   280/?]  eta: ?  loss: 0.0162 (0.0218)  time: 0.2190  data: 0.0199  max mem: 20673
Test:  [   290/?]  eta: ?  loss: 0.0149 (0.0217)  time: 0.2521  data: 0.0532  max mem: 20673
Test:  [   300/?]  eta: ?  loss: 0.0145 (0.0218)  time: 0.2723  data: 0.0734  max mem: 20673
Test:  [   310/?]  eta: ?  loss: 0.0128 (0.0217)  time: 0.2699  data: 0.0709  max mem: 20673
Test:  [   320/?]  eta: ?  loss: 0.0201 (0.0221)  time: 0.2646  data: 0.0655  max mem: 20673
Test:  [   330/?]  eta: ?  loss: 0.0178 (0.0219)  time: 0.2810  data: 0.0818  max mem: 20673
Test:  [   340/?]  eta: ?  loss: 0.0156 (0.0218)  time: 0.2820  data: 0.0831  max mem: 20673
Test: Total time: 0:01:29 (0.2565 s / it)
* loss 0.022
  → Epoch  12/50 | Train Loss: 0.0062 | Val Loss: 0.0229 | Train score (1/(1+norm_MAE)): 0.9486 | Val MAE (years): 1.9206 | LR: 0.000002
Best val MAE (years): 1.8980, test MAE at best val: 1.8206
  Test segment MAE: 1.8754 | participant median MAE: 1.5866 | participant mean MAE: 1.6129
Epoch: [12]  [     0/?]  eta: ?  lr: 0.000471  min_lr: 0.000002  loss: 0.0053 (0.0053)  class_acc: 0.9516 (0.9516)  loss_scale: 1073741824.0000 (1073741824.0000)  weight_decay: 0.0500 (0.0500)  grad_norm: 2.3089 (2.3089)  time: 6.5470  data: 6.0535  max mem: 20673
Epoch: [12]  [   500/?]  eta: ?  lr: 0.000471  min_lr: 0.000002  loss: 0.0053 (0.0057)  class_acc: 0.9511 (0.9505)  loss_scale: 1073741824.0000 (1073741824.0000)  weight_decay: 0.0500 (0.0500)  grad_norm: 1.2816 (1.6252)  time: 0.5070  data: 0.0002  max mem: 20673
Epoch: [12]  [  1000/?]  eta: ?  lr: 0.000471  min_lr: 0.000002  loss: 0.0054 (0.0057)  class_acc: 0.9509 (0.9509)  loss_scale: 2147483648.0000 (1376234525.6663)  weight_decay: 0.0500 (0.0500)  grad_norm: 1.3997 (1.6249)  time: 0.5090  data: 0.0002  max mem: 20673
Epoch: [12]  [  1500/?]  eta: ?  lr: 0.000471  min_lr: 0.000002  loss: 0.0050 (0.0057)  class_acc: 0.9530 (0.9512)  loss_scale: 2147483648.0000 (1633146291.9334)  weight_decay: 0.0500 (0.0500)  grad_norm: 1.3339 (1.6231)  time: 0.5036  data: 0.0002  max mem: 20673
Epoch: [12]  [  2000/?]  eta: ?  lr: 0.000471  min_lr: 0.000002  loss: 0.0051 (0.0057)  class_acc: 0.9530 (0.9514)  loss_scale: 2147483648.0000 (1761666370.9105)  weight_decay: 0.0500 (0.0500)  grad_norm: 1.4959 (1.6432)  time: 0.5029  data: 0.0002  max mem: 20673
Epoch: [12] Total time: 0:20:41 (0.5087 s / it)
Val:  [     0/?]  eta: ?  loss: 0.0354 (0.0354)  time: 2.9522  data: 2.7541  max mem: 20673
Val:  [    10/?]  eta: ?  loss: 0.0207 (0.0219)  time: 0.5051  data: 0.3061  max mem: 20673
Val:  [    20/?]  eta: ?  loss: 0.0207 (0.0214)  time: 0.2673  data: 0.0682  max mem: 20673
Val:  [    30/?]  eta: ?  loss: 0.0166 (0.0204)  time: 0.2695  data: 0.0703  max mem: 20673
Val:  [    40/?]  eta: ?  loss: 0.0163 (0.0231)  time: 0.2757  data: 0.0767  max mem: 20673
Val:  [    50/?]  eta: ?  loss: 0.0136 (0.0231)  time: 0.2731  data: 0.0741  max mem: 20673
Val:  [    60/?]  eta: ?  loss: 0.0139 (0.0226)  time: 0.2699  data: 0.0709  max mem: 20673
Val:  [    70/?]  eta: ?  loss: 0.0136 (0.0214)  time: 0.2704  data: 0.0715  max mem: 20673
Val:  [    80/?]  eta: ?  loss: 0.0135 (0.0216)  time: 0.2649  data: 0.0659  max mem: 20673
Val:  [    90/?]  eta: ?  loss: 0.0186 (0.0218)  time: 0.2582  data: 0.0592  max mem: 20673
Val:  [   100/?]  eta: ?  loss: 0.0143 (0.0212)  time: 0.2581  data: 0.0591  max mem: 20673
Val:  [   110/?]  eta: ?  loss: 0.0149 (0.0211)  time: 0.2605  data: 0.0615  max mem: 20673
Val:  [   120/?]  eta: ?  loss: 0.0152 (0.0205)  time: 0.2640  data: 0.0651  max mem: 20673
Val:  [   130/?]  eta: ?  loss: 0.0114 (0.0202)  time: 0.2531  data: 0.0542  max mem: 20673
Val:  [   140/?]  eta: ?  loss: 0.0118 (0.0199)  time: 0.2395  data: 0.0406  max mem: 20673
Val:  [   150/?]  eta: ?  loss: 0.0132 (0.0196)  time: 0.2438  data: 0.0449  max mem: 20673
Val:  [   160/?]  eta: ?  loss: 0.0178 (0.0202)  time: 0.2511  data: 0.0521  max mem: 20673
Val:  [   170/?]  eta: ?  loss: 0.0178 (0.0201)  time: 0.2490  data: 0.0500  max mem: 20673
Val:  [   180/?]  eta: ?  loss: 0.0142 (0.0198)  time: 0.2649  data: 0.0659  max mem: 20673
Val:  [   190/?]  eta: ?  loss: 0.0141 (0.0198)  time: 0.2752  data: 0.0762  max mem: 20673
Val:  [   200/?]  eta: ?  loss: 0.0121 (0.0194)  time: 0.2642  data: 0.0652  max mem: 20673
Val:  [   210/?]  eta: ?  loss: 0.0116 (0.0207)  time: 0.2633  data: 0.0644  max mem: 20673
Val:  [   220/?]  eta: ?  loss: 0.0161 (0.0205)  time: 0.2751  data: 0.0761  max mem: 20673
Val:  [   230/?]  eta: ?  loss: 0.0174 (0.0208)  time: 0.2770  data: 0.0781  max mem: 20673
Val:  [   240/?]  eta: ?  loss: 0.0199 (0.0214)  time: 0.2794  data: 0.0806  max mem: 20673
Val:  [   250/?]  eta: ?  loss: 0.0152 (0.0214)  time: 0.2791  data: 0.0802  max mem: 20673
Val:  [   260/?]  eta: ?  loss: 0.0129 (0.0219)  time: 0.2706  data: 0.0717  max mem: 20673
Val:  [   270/?]  eta: ?  loss: 0.0202 (0.0222)  time: 0.2747  data: 0.0758  max mem: 20673
Val:  [   280/?]  eta: ?  loss: 0.0195 (0.0221)  time: 0.2855  data: 0.0865  max mem: 20673
Val:  [   290/?]  eta: ?  loss: 0.0164 (0.0220)  time: 0.2677  data: 0.0688  max mem: 20673
Val:  [   300/?]  eta: ?  loss: 0.0144 (0.0223)  time: 0.2587  data: 0.0599  max mem: 20673
Val:  [   310/?]  eta: ?  loss: 0.0150 (0.0224)  time: 0.2639  data: 0.0650  max mem: 20673
Val:  [   320/?]  eta: ?  loss: 0.0155 (0.0225)  time: 0.2519  data: 0.0529  max mem: 20673
Val:  [   330/?]  eta: ?  loss: 0.0234 (0.0227)  time: 0.2502  data: 0.0513  max mem: 20673
Val:  [   340/?]  eta: ?  loss: 0.0172 (0.0227)  time: 0.2583  data: 0.0595  max mem: 20673
Val:  [   350/?]  eta: ?  loss: 0.0156 (0.0225)  time: 0.2353  data: 0.0566  max mem: 20673
Val: Total time: 0:01:34 (0.2697 s / it)
* loss 0.022
Test:  [     0/?]  eta: ?  loss: 0.0144 (0.0144)  time: 2.9130  data: 2.7150  max mem: 20673
Test:  [    10/?]  eta: ?  loss: 0.0178 (0.0222)  time: 0.4794  data: 0.2808  max mem: 20673
Test:  [    20/?]  eta: ?  loss: 0.0231 (0.0288)  time: 0.2416  data: 0.0428  max mem: 20673
Test:  [    30/?]  eta: ?  loss: 0.0230 (0.0297)  time: 0.2497  data: 0.0509  max mem: 20673
Test:  [    40/?]  eta: ?  loss: 0.0163 (0.0271)  time: 0.2577  data: 0.0590  max mem: 20673
Test:  [    50/?]  eta: ?  loss: 0.0137 (0.0253)  time: 0.2639  data: 0.0652  max mem: 20673
Test:  [    60/?]  eta: ?  loss: 0.0137 (0.0235)  time: 0.2518  data: 0.0530  max mem: 20673
Test:  [    70/?]  eta: ?  loss: 0.0144 (0.0222)  time: 0.2589  data: 0.0600  max mem: 20673
Test:  [    80/?]  eta: ?  loss: 0.0146 (0.0212)  time: 0.2655  data: 0.0667  max mem: 20673
Test:  [    90/?]  eta: ?  loss: 0.0163 (0.0211)  time: 0.2684  data: 0.0695  max mem: 20673
Test:  [   100/?]  eta: ?  loss: 0.0179 (0.0209)  time: 0.2626  data: 0.0638  max mem: 20673
Test:  [   110/?]  eta: ?  loss: 0.0162 (0.0204)  time: 0.2650  data: 0.0661  max mem: 20673
Test:  [   120/?]  eta: ?  loss: 0.0139 (0.0203)  time: 0.2742  data: 0.0754  max mem: 20673
Test:  [   130/?]  eta: ?  loss: 0.0145 (0.0201)  time: 0.2596  data: 0.0607  max mem: 20673
Test:  [   140/?]  eta: ?  loss: 0.0222 (0.0206)  time: 0.2459  data: 0.0470  max mem: 20673
Test:  [   150/?]  eta: ?  loss: 0.0197 (0.0208)  time: 0.2490  data: 0.0501  max mem: 20673
Test:  [   160/?]  eta: ?  loss: 0.0180 (0.0211)  time: 0.2377  data: 0.0388  max mem: 20673
Test:  [   170/?]  eta: ?  loss: 0.0197 (0.0218)  time: 0.2538  data: 0.0549  max mem: 20673
Test:  [   180/?]  eta: ?  loss: 0.0186 (0.0218)  time: 0.2831  data: 0.0842  max mem: 20673
Test:  [   190/?]  eta: ?  loss: 0.0186 (0.0218)  time: 0.2587  data: 0.0598  max mem: 20673
Test:  [   200/?]  eta: ?  loss: 0.0134 (0.0216)  time: 0.2406  data: 0.0417  max mem: 20673
Test:  [   210/?]  eta: ?  loss: 0.0103 (0.0213)  time: 0.2546  data: 0.0557  max mem: 20673
Test:  [   220/?]  eta: ?  loss: 0.0102 (0.0208)  time: 0.2572  data: 0.0583  max mem: 20673
Test:  [   230/?]  eta: ?  loss: 0.0134 (0.0212)  time: 0.2584  data: 0.0595  max mem: 20673
Test:  [   240/?]  eta: ?  loss: 0.0164 (0.0210)  time: 0.2637  data: 0.0649  max mem: 20673
Test:  [   250/?]  eta: ?  loss: 0.0159 (0.0214)  time: 0.2543  data: 0.0554  max mem: 20673
Test:  [   260/?]  eta: ?  loss: 0.0189 (0.0220)  time: 0.2544  data: 0.0555  max mem: 20673
Test:  [   270/?]  eta: ?  loss: 0.0189 (0.0220)  time: 0.2731  data: 0.0742  max mem: 20673
Test:  [   280/?]  eta: ?  loss: 0.0174 (0.0218)  time: 0.2787  data: 0.0798  max mem: 20673
Test:  [   290/?]  eta: ?  loss: 0.0121 (0.0217)  time: 0.2838  data: 0.0850  max mem: 20673
Test:  [   300/?]  eta: ?  loss: 0.0124 (0.0216)  time: 0.2861  data: 0.0872  max mem: 20673
Test:  [   310/?]  eta: ?  loss: 0.0124 (0.0215)  time: 0.2866  data: 0.0877  max mem: 20673
Test:  [   320/?]  eta: ?  loss: 0.0175 (0.0218)  time: 0.2868  data: 0.0880  max mem: 20673
Test:  [   330/?]  eta: ?  loss: 0.0161 (0.0216)  time: 0.2789  data: 0.0801  max mem: 20673
Test:  [   340/?]  eta: ?  loss: 0.0126 (0.0215)  time: 0.2614  data: 0.0626  max mem: 20673
Test: Total time: 0:01:32 (0.2667 s / it)
* loss 0.021
  → Epoch  13/50 | Train Loss: 0.0056 | Val Loss: 0.0224 | Train score (1/(1+norm_MAE)): 0.9517 | Val MAE (years): 1.9098 | LR: 0.000002
Best val MAE (years): 1.8980, test MAE at best val: 1.8206
  Test segment MAE: 1.8642 | participant median MAE: 1.6169 | participant mean MAE: 1.6249
Epoch: [13]  [     0/?]  eta: ?  lr: 0.000463  min_lr: 0.000002  loss: 0.0038 (0.0038)  class_acc: 0.9568 (0.9568)  loss_scale: 2147483648.0000 (2147483648.0000)  weight_decay: 0.0500 (0.0500)  grad_norm: 1.4703 (1.4703)  time: 7.8687  data: 7.3744  max mem: 20673
Epoch: [13]  [   500/?]  eta: ?  lr: 0.000463  min_lr: 0.000002  loss: 0.0046 (0.0052)  class_acc: 0.9558 (0.9532)  loss_scale: 4294967296.0000 (3099063228.5509)  weight_decay: 0.0500 (0.0500)  grad_norm: 1.1981 (1.5740)  time: 0.5119  data: 0.0002  max mem: 20673
Epoch: [13]  [  1000/?]  eta: ?  lr: 0.000463  min_lr: 0.000002  loss: 0.0049 (0.0052)  class_acc: 0.9551 (0.9536)  loss_scale: 4294967296.0000 (3696417907.5964)  weight_decay: 0.0500 (0.0500)  grad_norm: 1.3723 (1.5681)  time: 0.5108  data: 0.0002  max mem: 20673
Epoch: [13]  [  1500/?]  eta: ?  lr: 0.000463  min_lr: 0.000002  loss: 0.0047 (0.0052)  class_acc: 0.9560 (0.9538)  loss_scale: 4294967296.0000 (3895801448.0373)  weight_decay: 0.0500 (0.0500)  grad_norm: 1.2090 (1.5756)  time: 0.5023  data: 0.0002  max mem: 20673
Epoch: [13]  [  2000/?]  eta: ?  lr: 0.000463  min_lr: 0.000002  loss: 0.0052 (0.0052)  class_acc: 0.9524 (0.9541)  loss_scale: 4294967296.0000 (3995543039.2324)  weight_decay: 0.0500 (0.0500)  grad_norm: 1.3894 (1.5889)  time: 0.4987  data: 0.0002  max mem: 20673
Epoch: [13] Total time: 0:20:42 (0.5093 s / it)
Val:  [     0/?]  eta: ?  loss: 0.0383 (0.0383)  time: 3.0996  data: 2.9013  max mem: 20673
Val:  [    10/?]  eta: ?  loss: 0.0238 (0.0250)  time: 0.4947  data: 0.2956  max mem: 20673
Val:  [    20/?]  eta: ?  loss: 0.0231 (0.0248)  time: 0.2383  data: 0.0390  max mem: 20673
Val:  [    30/?]  eta: ?  loss: 0.0173 (0.0227)  time: 0.2442  data: 0.0448  max mem: 20673
Val:  [    40/?]  eta: ?  loss: 0.0199 (0.0259)  time: 0.2685  data: 0.0691  max mem: 20673
Val:  [    50/?]  eta: ?  loss: 0.0199 (0.0257)  time: 0.2775  data: 0.0783  max mem: 20673
Val:  [    60/?]  eta: ?  loss: 0.0156 (0.0252)  time: 0.2642  data: 0.0650  max mem: 20673
Val:  [    70/?]  eta: ?  loss: 0.0152 (0.0239)  time: 0.2648  data: 0.0656  max mem: 20673
Val:  [    80/?]  eta: ?  loss: 0.0143 (0.0238)  time: 0.2610  data: 0.0619  max mem: 20673
Val:  [    90/?]  eta: ?  loss: 0.0194 (0.0241)  time: 0.2519  data: 0.0528  max mem: 20673
Val:  [   100/?]  eta: ?  loss: 0.0156 (0.0235)  time: 0.2548  data: 0.0557  max mem: 20673
Val:  [   110/?]  eta: ?  loss: 0.0157 (0.0230)  time: 0.2527  data: 0.0536  max mem: 20673
Val:  [   120/?]  eta: ?  loss: 0.0130 (0.0222)  time: 0.2623  data: 0.0632  max mem: 20673
Val:  [   130/?]  eta: ?  loss: 0.0111 (0.0217)  time: 0.2541  data: 0.0550  max mem: 20673
Val:  [   140/?]  eta: ?  loss: 0.0122 (0.0215)  time: 0.2305  data: 0.0313  max mem: 20673
Val:  [   150/?]  eta: ?  loss: 0.0100 (0.0211)  time: 0.2257  data: 0.0265  max mem: 20673
Val:  [   160/?]  eta: ?  loss: 0.0162 (0.0216)  time: 0.2251  data: 0.0259  max mem: 20673
Val:  [   170/?]  eta: ?  loss: 0.0188 (0.0214)  time: 0.2522  data: 0.0531  max mem: 20673
Val:  [   180/?]  eta: ?  loss: 0.0154 (0.0210)  time: 0.2534  data: 0.0543  max mem: 20673
Val:  [   190/?]  eta: ?  loss: 0.0146 (0.0210)  time: 0.2537  data: 0.0546  max mem: 20673
Val:  [   200/?]  eta: ?  loss: 0.0128 (0.0206)  time: 0.2641  data: 0.0650  max mem: 20673
Val:  [   210/?]  eta: ?  loss: 0.0126 (0.0221)  time: 0.2490  data: 0.0499  max mem: 20673
Val:  [   220/?]  eta: ?  loss: 0.0162 (0.0220)  time: 0.2493  data: 0.0502  max mem: 20673
Val:  [   230/?]  eta: ?  loss: 0.0183 (0.0223)  time: 0.2486  data: 0.0494  max mem: 20673
Val:  [   240/?]  eta: ?  loss: 0.0235 (0.0229)  time: 0.2368  data: 0.0377  max mem: 20673
Val:  [   250/?]  eta: ?  loss: 0.0146 (0.0229)  time: 0.2462  data: 0.0472  max mem: 20673
Val:  [   260/?]  eta: ?  loss: 0.0137 (0.0235)  time: 0.2485  data: 0.0494  max mem: 20673
Val:  [   270/?]  eta: ?  loss: 0.0144 (0.0237)  time: 0.2607  data: 0.0615  max mem: 20673
Val:  [   280/?]  eta: ?  loss: 0.0167 (0.0235)  time: 0.2737  data: 0.0747  max mem: 20673
Val:  [   290/?]  eta: ?  loss: 0.0167 (0.0234)  time: 0.2731  data: 0.0742  max mem: 20673
Val:  [   300/?]  eta: ?  loss: 0.0118 (0.0235)  time: 0.2637  data: 0.0648  max mem: 20673
Val:  [   310/?]  eta: ?  loss: 0.0137 (0.0236)  time: 0.2596  data: 0.0606  max mem: 20673
Val:  [   320/?]  eta: ?  loss: 0.0192 (0.0237)  time: 0.2634  data: 0.0643  max mem: 20673
Val:  [   330/?]  eta: ?  loss: 0.0171 (0.0239)  time: 0.2652  data: 0.0662  max mem: 20673
Val:  [   340/?]  eta: ?  loss: 0.0169 (0.0238)  time: 0.2618  data: 0.0628  max mem: 20673
Val:  [   350/?]  eta: ?  loss: 0.0138 (0.0235)  time: 0.2152  data: 0.0362  max mem: 20673
Val: Total time: 0:01:31 (0.2597 s / it)
* loss 0.024
Test:  [     0/?]  eta: ?  loss: 0.0146 (0.0146)  time: 3.1530  data: 2.9550  max mem: 20673
Test:  [    10/?]  eta: ?  loss: 0.0146 (0.0214)  time: 0.4790  data: 0.2802  max mem: 20673
Test:  [    20/?]  eta: ?  loss: 0.0174 (0.0280)  time: 0.2311  data: 0.0323  max mem: 20673
Test:  [    30/?]  eta: ?  loss: 0.0175 (0.0297)  time: 0.2499  data: 0.0511  max mem: 20673
Test:  [    40/?]  eta: ?  loss: 0.0152 (0.0274)  time: 0.2411  data: 0.0421  max mem: 20673
Test:  [    50/?]  eta: ?  loss: 0.0126 (0.0252)  time: 0.2330  data: 0.0341  max mem: 20673
Test:  [    60/?]  eta: ?  loss: 0.0142 (0.0238)  time: 0.2357  data: 0.0368  max mem: 20673
Test:  [    70/?]  eta: ?  loss: 0.0140 (0.0222)  time: 0.2443  data: 0.0454  max mem: 20673
Test:  [    80/?]  eta: ?  loss: 0.0140 (0.0215)  time: 0.2444  data: 0.0455  max mem: 20673
Test:  [    90/?]  eta: ?  loss: 0.0149 (0.0211)  time: 0.2371  data: 0.0383  max mem: 20673
Test:  [   100/?]  eta: ?  loss: 0.0143 (0.0206)  time: 0.2453  data: 0.0463  max mem: 20673
Test:  [   110/?]  eta: ?  loss: 0.0143 (0.0199)  time: 0.2539  data: 0.0548  max mem: 20673
Test:  [   120/?]  eta: ?  loss: 0.0161 (0.0199)  time: 0.2343  data: 0.0353  max mem: 20673
Test:  [   130/?]  eta: ?  loss: 0.0181 (0.0197)  time: 0.2247  data: 0.0257  max mem: 20673
Test:  [   140/?]  eta: ?  loss: 0.0210 (0.0203)  time: 0.2430  data: 0.0439  max mem: 20673
Test:  [   150/?]  eta: ?  loss: 0.0192 (0.0203)  time: 0.2436  data: 0.0445  max mem: 20673
Test:  [   160/?]  eta: ?  loss: 0.0158 (0.0208)  time: 0.2357  data: 0.0367  max mem: 20673
Test:  [   170/?]  eta: ?  loss: 0.0188 (0.0216)  time: 0.2298  data: 0.0307  max mem: 20673
Test:  [   180/?]  eta: ?  loss: 0.0153 (0.0216)  time: 0.2384  data: 0.0393  max mem: 20673
Test:  [   190/?]  eta: ?  loss: 0.0142 (0.0214)  time: 0.2464  data: 0.0473  max mem: 20673
Test:  [   200/?]  eta: ?  loss: 0.0120 (0.0212)  time: 0.2534  data: 0.0544  max mem: 20673
Test:  [   210/?]  eta: ?  loss: 0.0117 (0.0211)  time: 0.2594  data: 0.0604  max mem: 20673
Test:  [   220/?]  eta: ?  loss: 0.0111 (0.0206)  time: 0.2549  data: 0.0559  max mem: 20673
Test:  [   230/?]  eta: ?  loss: 0.0133 (0.0210)  time: 0.2335  data: 0.0344  max mem: 20673
Test:  [   240/?]  eta: ?  loss: 0.0163 (0.0209)  time: 0.2233  data: 0.0242  max mem: 20673
Test:  [   250/?]  eta: ?  loss: 0.0162 (0.0213)  time: 0.2347  data: 0.0355  max mem: 20673
Test:  [   260/?]  eta: ?  loss: 0.0209 (0.0220)  time: 0.2355  data: 0.0364  max mem: 20673
Test:  [   270/?]  eta: ?  loss: 0.0199 (0.0220)  time: 0.2305  data: 0.0314  max mem: 20673
Test:  [   280/?]  eta: ?  loss: 0.0164 (0.0218)  time: 0.2213  data: 0.0221  max mem: 20673
Test:  [   290/?]  eta: ?  loss: 0.0135 (0.0216)  time: 0.2349  data: 0.0359  max mem: 20673
Test:  [   300/?]  eta: ?  loss: 0.0135 (0.0217)  time: 0.2494  data: 0.0504  max mem: 20673
Test:  [   310/?]  eta: ?  loss: 0.0128 (0.0215)  time: 0.2483  data: 0.0492  max mem: 20673
Test:  [   320/?]  eta: ?  loss: 0.0146 (0.0219)  time: 0.2393  data: 0.0402  max mem: 20673
Test:  [   330/?]  eta: ?  loss: 0.0154 (0.0217)  time: 0.2536  data: 0.0544  max mem: 20673
Test:  [   340/?]  eta: ?  loss: 0.0135 (0.0216)  time: 0.2519  data: 0.0527  max mem: 20673
Test: Total time: 0:01:25 (0.2461 s / it)
* loss 0.022
  → Epoch  14/50 | Train Loss: 0.0051 | Val Loss: 0.0235 | Train score (1/(1+norm_MAE)): 0.9543 | Val MAE (years): 1.9299 | LR: 0.000002
Best val MAE (years): 1.8980, test MAE at best val: 1.8206
  Test segment MAE: 1.8578 | participant median MAE: 1.5935 | participant mean MAE: 1.6028
Epoch: [14]  [     0/?]  eta: ?  lr: 0.000453  min_lr: 0.000002  loss: 0.0044 (0.0044)  class_acc: 0.9560 (0.9560)  loss_scale: 8589934592.0000 (8589934592.0000)  weight_decay: 0.0500 (0.0500)  grad_norm: 1.4241 (1.4241)  time: 6.6494  data: 6.1353  max mem: 20673
Epoch: [14]  [   500/?]  eta: ?  lr: 0.000453  min_lr: 0.000002  loss: 0.0044 (0.0047)  class_acc: 0.9568 (0.9558)  loss_scale: 8589934592.0000 (8589934592.0000)  weight_decay: 0.0500 (0.0500)  grad_norm: 1.2826 (1.5694)  time: 0.5068  data: 0.0002  max mem: 20673
Epoch: [14]  [  1000/?]  eta: ?  lr: 0.000453  min_lr: 0.000002  loss: 0.0047 (0.0048)  class_acc: 0.9571 (0.9560)  loss_scale: 8589934592.0000 (8589934592.0000)  weight_decay: 0.0500 (0.0500)  grad_norm: 1.4910 (1.5386)  time: 0.5032  data: 0.0002  max mem: 20673
Epoch: [14]  [  1500/?]  eta: ?  lr: 0.000453  min_lr: 0.000002  loss: 0.0043 (0.0047)  class_acc: 0.9578 (0.9562)  loss_scale: 8589934592.0000 (8589934592.0000)  weight_decay: 0.0500 (0.0500)  grad_norm: 0.9993 (1.5204)  time: 0.5008  data: 0.0002  max mem: 20673
Epoch: [14]  [  2000/?]  eta: ?  lr: 0.000453  min_lr: 0.000002  loss: 0.0044 (0.0047)  class_acc: 0.9576 (0.9564)  loss_scale: 17179869184.0000 (9285371575.4603)  weight_decay: 0.0500 (0.0500)  grad_norm: 1.3398 (1.5206)  time: 0.5015  data: 0.0002  max mem: 20673
Epoch: [14] Total time: 0:20:39 (0.5081 s / it)
Val:  [     0/?]  eta: ?  loss: 0.0431 (0.0431)  time: 3.2594  data: 3.0614  max mem: 20673
Val:  [    10/?]  eta: ?  loss: 0.0192 (0.0225)  time: 0.5210  data: 0.3220  max mem: 20673
Val:  [    20/?]  eta: ?  loss: 0.0188 (0.0226)  time: 0.2519  data: 0.0528  max mem: 20673
Val:  [    30/?]  eta: ?  loss: 0.0147 (0.0211)  time: 0.2623  data: 0.0631  max mem: 20673
Val:  [    40/?]  eta: ?  loss: 0.0160 (0.0243)  time: 0.2774  data: 0.0782  max mem: 20673
Val:  [    50/?]  eta: ?  loss: 0.0161 (0.0247)  time: 0.2730  data: 0.0740  max mem: 20673
Val:  [    60/?]  eta: ?  loss: 0.0165 (0.0244)  time: 0.2609  data: 0.0619  max mem: 20673
Val:  [    70/?]  eta: ?  loss: 0.0148 (0.0233)  time: 0.2585  data: 0.0595  max mem: 20673
Val:  [    80/?]  eta: ?  loss: 0.0137 (0.0233)  time: 0.2612  data: 0.0622  max mem: 20673
Val:  [    90/?]  eta: ?  loss: 0.0175 (0.0236)  time: 0.2487  data: 0.0497  max mem: 20673
Val:  [   100/?]  eta: ?  loss: 0.0159 (0.0230)  time: 0.2436  data: 0.0445  max mem: 20673
Val:  [   110/?]  eta: ?  loss: 0.0154 (0.0227)  time: 0.2501  data: 0.0511  max mem: 20673
Val:  [   120/?]  eta: ?  loss: 0.0145 (0.0221)  time: 0.2624  data: 0.0635  max mem: 20673
Val:  [   130/?]  eta: ?  loss: 0.0141 (0.0217)  time: 0.2596  data: 0.0607  max mem: 20673
Val:  [   140/?]  eta: ?  loss: 0.0141 (0.0216)  time: 0.2416  data: 0.0427  max mem: 20673
Val:  [   150/?]  eta: ?  loss: 0.0109 (0.0211)  time: 0.2428  data: 0.0439  max mem: 20673
Val:  [   160/?]  eta: ?  loss: 0.0185 (0.0216)  time: 0.2486  data: 0.0496  max mem: 20673
Val:  [   170/?]  eta: ?  loss: 0.0195 (0.0214)  time: 0.2512  data: 0.0522  max mem: 20673
Val:  [   180/?]  eta: ?  loss: 0.0143 (0.0210)  time: 0.2697  data: 0.0708  max mem: 20673
Val:  [   190/?]  eta: ?  loss: 0.0127 (0.0210)  time: 0.2823  data: 0.0834  max mem: 20673
Val:  [   200/?]  eta: ?  loss: 0.0126 (0.0205)  time: 0.2562  data: 0.0573  max mem: 20673
Val:  [   210/?]  eta: ?  loss: 0.0145 (0.0220)  time: 0.2305  data: 0.0315  max mem: 20673
Val:  [   220/?]  eta: ?  loss: 0.0167 (0.0217)  time: 0.2473  data: 0.0483  max mem: 20673
Val:  [   230/?]  eta: ?  loss: 0.0167 (0.0219)  time: 0.2623  data: 0.0634  max mem: 20673
Val:  [   240/?]  eta: ?  loss: 0.0178 (0.0227)  time: 0.2475  data: 0.0487  max mem: 20673
Val:  [   250/?]  eta: ?  loss: 0.0165 (0.0226)  time: 0.2488  data: 0.0499  max mem: 20673
Val:  [   260/?]  eta: ?  loss: 0.0141 (0.0231)  time: 0.2562  data: 0.0573  max mem: 20673
Val:  [   270/?]  eta: ?  loss: 0.0134 (0.0232)  time: 0.2446  data: 0.0458  max mem: 20673
Val:  [   280/?]  eta: ?  loss: 0.0131 (0.0232)  time: 0.2474  data: 0.0486  max mem: 20673
Val:  [   290/?]  eta: ?  loss: 0.0156 (0.0231)  time: 0.2611  data: 0.0624  max mem: 20673
Val:  [   300/?]  eta: ?  loss: 0.0142 (0.0233)  time: 0.2381  data: 0.0393  max mem: 20673
Val:  [   310/?]  eta: ?  loss: 0.0142 (0.0233)  time: 0.2307  data: 0.0318  max mem: 20673
Val:  [   320/?]  eta: ?  loss: 0.0165 (0.0233)  time: 0.2358  data: 0.0369  max mem: 20673
Val:  [   330/?]  eta: ?  loss: 0.0179 (0.0236)  time: 0.2448  data: 0.0458  max mem: 20673
Val:  [   340/?]  eta: ?  loss: 0.0180 (0.0235)  time: 0.2403  data: 0.0413  max mem: 20673
Val:  [   350/?]  eta: ?  loss: 0.0139 (0.0233)  time: 0.2148  data: 0.0359  max mem: 20673
Val: Total time: 0:01:31 (0.2589 s / it)
* loss 0.023
Test:  [     0/?]  eta: ?  loss: 0.0159 (0.0159)  time: 3.1056  data: 2.9078  max mem: 20673
Test:  [    10/?]  eta: ?  loss: 0.0159 (0.0218)  time: 0.4732  data: 0.2745  max mem: 20673
Test:  [    20/?]  eta: ?  loss: 0.0229 (0.0280)  time: 0.2402  data: 0.0415  max mem: 20673
Test:  [    30/?]  eta: ?  loss: 0.0184 (0.0289)  time: 0.2605  data: 0.0617  max mem: 20673
Test:  [    40/?]  eta: ?  loss: 0.0145 (0.0264)  time: 0.2445  data: 0.0457  max mem: 20673
Test:  [    50/?]  eta: ?  loss: 0.0130 (0.0245)  time: 0.2289  data: 0.0300  max mem: 20673
Test:  [    60/?]  eta: ?  loss: 0.0127 (0.0228)  time: 0.2474  data: 0.0484  max mem: 20673
Test:  [    70/?]  eta: ?  loss: 0.0135 (0.0214)  time: 0.2636  data: 0.0647  max mem: 20673
Test:  [    80/?]  eta: ?  loss: 0.0136 (0.0206)  time: 0.2518  data: 0.0530  max mem: 20673
Test:  [    90/?]  eta: ?  loss: 0.0142 (0.0205)  time: 0.2381  data: 0.0392  max mem: 20673
Test:  [   100/?]  eta: ?  loss: 0.0178 (0.0203)  time: 0.2343  data: 0.0354  max mem: 20673
Test:  [   110/?]  eta: ?  loss: 0.0145 (0.0196)  time: 0.2428  data: 0.0438  max mem: 20673
Test:  [   120/?]  eta: ?  loss: 0.0140 (0.0195)  time: 0.2454  data: 0.0464  max mem: 20673
Test:  [   130/?]  eta: ?  loss: 0.0153 (0.0195)  time: 0.2353  data: 0.0364  max mem: 20673
Test:  [   140/?]  eta: ?  loss: 0.0204 (0.0199)  time: 0.2351  data: 0.0362  max mem: 20673
Test:  [   150/?]  eta: ?  loss: 0.0203 (0.0196)  time: 0.2647  data: 0.0658  max mem: 20673
Test:  [   160/?]  eta: ?  loss: 0.0140 (0.0201)  time: 0.2634  data: 0.0645  max mem: 20673
Test:  [   170/?]  eta: ?  loss: 0.0175 (0.0206)  time: 0.2634  data: 0.0645  max mem: 20673
Test:  [   180/?]  eta: ?  loss: 0.0149 (0.0205)  time: 0.2753  data: 0.0764  max mem: 20673
Test:  [   190/?]  eta: ?  loss: 0.0156 (0.0204)  time: 0.2592  data: 0.0604  max mem: 20673
Test:  [   200/?]  eta: ?  loss: 0.0137 (0.0202)  time: 0.2464  data: 0.0475  max mem: 20673
Test:  [   210/?]  eta: ?  loss: 0.0106 (0.0201)  time: 0.2659  data: 0.0669  max mem: 20673
Test:  [   220/?]  eta: ?  loss: 0.0087 (0.0197)  time: 0.2711  data: 0.0722  max mem: 20673
Test:  [   230/?]  eta: ?  loss: 0.0131 (0.0200)  time: 0.2622  data: 0.0633  max mem: 20673
Test:  [   240/?]  eta: ?  loss: 0.0162 (0.0200)  time: 0.2511  data: 0.0521  max mem: 20673
Test:  [   250/?]  eta: ?  loss: 0.0166 (0.0204)  time: 0.2546  data: 0.0557  max mem: 20673
Test:  [   260/?]  eta: ?  loss: 0.0170 (0.0210)  time: 0.2626  data: 0.0636  max mem: 20673
Test:  [   270/?]  eta: ?  loss: 0.0193 (0.0210)  time: 0.2779  data: 0.0790  max mem: 20673
Test:  [   280/?]  eta: ?  loss: 0.0143 (0.0207)  time: 0.2853  data: 0.0865  max mem: 20673
Test:  [   290/?]  eta: ?  loss: 0.0138 (0.0207)  time: 0.2575  data: 0.0587  max mem: 20673
Test:  [   300/?]  eta: ?  loss: 0.0138 (0.0208)  time: 0.2500  data: 0.0510  max mem: 20673
Test:  [   310/?]  eta: ?  loss: 0.0118 (0.0207)  time: 0.2572  data: 0.0583  max mem: 20673
Test:  [   320/?]  eta: ?  loss: 0.0169 (0.0210)  time: 0.2622  data: 0.0633  max mem: 20673
Test:  [   330/?]  eta: ?  loss: 0.0144 (0.0208)  time: 0.2775  data: 0.0787  max mem: 20673
Test:  [   340/?]  eta: ?  loss: 0.0129 (0.0208)  time: 0.2687  data: 0.0698  max mem: 20673
Test: Total time: 0:01:30 (0.2610 s / it)
* loss 0.021

============================================================
Counting samples by task type...
============================================================

============================================================
Evaluating on active tasks (20,949 samples)...
============================================================
Active Test:  [     0/?]  eta: ?  loss: 0.0907 (0.0907)  time: 2.5579  data: 2.5144  max mem: 20673
Active Test:  [    10/?]  eta: ?  loss: 0.0164 (0.0295)  time: 0.2690  data: 0.2375  max mem: 20673
Active Test:  [    20/?]  eta: ?  loss: 0.0135 (0.0241)  time: 0.0389  data: 0.0086  max mem: 20673
Active Test:  [    30/?]  eta: ?  loss: 0.0169 (0.0274)  time: 0.0385  data: 0.0082  max mem: 20673
Active Test:  [    40/?]  eta: ?  loss: 0.0157 (0.0252)  time: 0.0387  data: 0.0085  max mem: 20673
Active Test:  [    50/?]  eta: ?  loss: 0.0127 (0.0227)  time: 0.0388  data: 0.0086  max mem: 20673
Active Test:  [    60/?]  eta: ?  loss: 0.0136 (0.0220)  time: 0.0405  data: 0.0103  max mem: 20673
Active Test:  [    70/?]  eta: ?  loss: 0.0226 (0.0237)  time: 0.0392  data: 0.0090  max mem: 20673
Active Test:  [    80/?]  eta: ?  loss: 0.0194 (0.0236)  time: 0.0373  data: 0.0071  max mem: 20673
Active Test:  [    90/?]  eta: ?  loss: 0.0151 (0.0229)  time: 0.0391  data: 0.0088  max mem: 20673
Active Test:  [   100/?]  eta: ?  loss: 0.0100 (0.0221)  time: 0.0380  data: 0.0078  max mem: 20673
Active Test:  [   110/?]  eta: ?  loss: 0.0078 (0.0210)  time: 0.0404  data: 0.0102  max mem: 20673
Active Test:  [   120/?]  eta: ?  loss: 0.0122 (0.0207)  time: 0.0430  data: 0.0127  max mem: 20673
Active Test:  [   130/?]  eta: ?  loss: 0.0160 (0.0208)  time: 0.0416  data: 0.0112  max mem: 20673
Active Test:  [   140/?]  eta: ?  loss: 0.0135 (0.0207)  time: 0.0410  data: 0.0104  max mem: 20673
Active Test:  [   150/?]  eta: ?  loss: 0.0099 (0.0200)  time: 0.0414  data: 0.0109  max mem: 20673
Active Test:  [   160/?]  eta: ?  loss: 0.0113 (0.0199)  time: 0.0404  data: 0.0099  max mem: 20673
Active Test:  [   170/?]  eta: ?  loss: 0.0141 (0.0198)  time: 0.0430  data: 0.0124  max mem: 20673
Active Test:  [   180/?]  eta: ?  loss: 0.0141 (0.0200)  time: 0.0451  data: 0.0148  max mem: 20673
Active Test:  [   190/?]  eta: ?  loss: 0.0160 (0.0211)  time: 0.0418  data: 0.0116  max mem: 20673
Active Test:  [   200/?]  eta: ?  loss: 0.0161 (0.0233)  time: 0.0387  data: 0.0084  max mem: 20673
Active Test:  [   210/?]  eta: ?  loss: 0.0096 (0.0228)  time: 0.0385  data: 0.0082  max mem: 20673
Active Test:  [   220/?]  eta: ?  loss: 0.0085 (0.0228)  time: 0.0379  data: 0.0077  max mem: 20673
Active Test:  [   230/?]  eta: ?  loss: 0.0091 (0.0225)  time: 0.0370  data: 0.0068  max mem: 20673
Active Test:  [   240/?]  eta: ?  loss: 0.0141 (0.0224)  time: 0.0406  data: 0.0104  max mem: 20673
Active Test:  [   250/?]  eta: ?  loss: 0.0182 (0.0223)  time: 0.0413  data: 0.0109  max mem: 20673
Active Test:  [   260/?]  eta: ?  loss: 0.0092 (0.0229)  time: 0.0532  data: 0.0227  max mem: 20673
Active Test:  [   270/?]  eta: ?  loss: 0.0081 (0.0225)  time: 0.0549  data: 0.0243  max mem: 20673
Active Test:  [   280/?]  eta: ?  loss: 0.0128 (0.0225)  time: 0.0474  data: 0.0171  max mem: 20673
Active Test:  [   290/?]  eta: ?  loss: 0.0153 (0.0223)  time: 0.0455  data: 0.0154  max mem: 20673
Active Test:  [   300/?]  eta: ?  loss: 0.0153 (0.0223)  time: 0.0418  data: 0.0117  max mem: 20673
Active Test:  [   310/?]  eta: ?  loss: 0.0153 (0.0220)  time: 0.0451  data: 0.0150  max mem: 20673
Active Test:  [   320/?]  eta: ?  loss: 0.0125 (0.0224)  time: 0.0501  data: 0.0200  max mem: 20673
Active Test: Total time: 0:00:16 (0.0507 s / it)
* loss 0.022

============================================================
Evaluating on passive tasks (113,222 samples)...
============================================================
Passive Test:  [     0/?]  eta: ?  loss: 0.0081 (0.0081)  time: 0.9952  data: 0.9629  max mem: 20673
Passive Test:  [    10/?]  eta: ?  loss: 0.0592 (0.0872)  time: 0.1272  data: 0.0968  max mem: 20673
Passive Test:  [    20/?]  eta: ?  loss: 0.0834 (0.1006)  time: 0.0426  data: 0.0122  max mem: 20673
Passive Test:  [    30/?]  eta: ?  loss: 0.0473 (0.0968)  time: 0.0425  data: 0.0122  max mem: 20673
Passive Test:  [    40/?]  eta: ?  loss: 0.0307 (0.0794)  time: 0.0395  data: 0.0092  max mem: 20673
Passive Test:  [    50/?]  eta: ?  loss: 0.0173 (0.0676)  time: 0.0382  data: 0.0079  max mem: 20673
Passive Test:  [    60/?]  eta: ?  loss: 0.0100 (0.0589)  time: 0.0392  data: 0.0088  max mem: 20673
Passive Test:  [    70/?]  eta: ?  loss: 0.0100 (0.0527)  time: 0.0407  data: 0.0104  max mem: 20673
Passive Test:  [    80/?]  eta: ?  loss: 0.0095 (0.0475)  time: 0.0419  data: 0.0117  max mem: 20673
Passive Test:  [    90/?]  eta: ?  loss: 0.0091 (0.0434)  time: 0.0420  data: 0.0117  max mem: 20673
Passive Test:  [   100/?]  eta: ?  loss: 0.0111 (0.0432)  time: 0.0386  data: 0.0083  max mem: 20673
Passive Test:  [   110/?]  eta: ?  loss: 0.0394 (0.0436)  time: 0.0400  data: 0.0098  max mem: 20673
Passive Test:  [   120/?]  eta: ?  loss: 0.0327 (0.0429)  time: 0.0390  data: 0.0088  max mem: 20673
Passive Test:  [   130/?]  eta: ?  loss: 0.0259 (0.0414)  time: 0.0387  data: 0.0086  max mem: 20673
Passive Test:  [   140/?]  eta: ?  loss: 0.0083 (0.0393)  time: 0.0411  data: 0.0109  max mem: 20673
Passive Test:  [   150/?]  eta: ?  loss: 0.0115 (0.0377)  time: 0.0391  data: 0.0088  max mem: 20673
Passive Test:  [   160/?]  eta: ?  loss: 0.0141 (0.0360)  time: 0.0389  data: 0.0086  max mem: 20673
Passive Test:  [   170/?]  eta: ?  loss: 0.0101 (0.0346)  time: 0.0387  data: 0.0084  max mem: 20673
Passive Test:  [   180/?]  eta: ?  loss: 0.0103 (0.0333)  time: 0.0395  data: 0.0093  max mem: 20673
Passive Test:  [   190/?]  eta: ?  loss: 0.0103 (0.0322)  time: 0.0405  data: 0.0104  max mem: 20673
Passive Test:  [   200/?]  eta: ?  loss: 0.0123 (0.0313)  time: 0.0429  data: 0.0127  max mem: 20673
Passive Test:  [   210/?]  eta: ?  loss: 0.0132 (0.0306)  time: 0.0461  data: 0.0160  max mem: 20673
Passive Test:  [   220/?]  eta: ?  loss: 0.0196 (0.0303)  time: 0.0460  data: 0.0158  max mem: 20673
Passive Test:  [   230/?]  eta: ?  loss: 0.0215 (0.0299)  time: 0.0447  data: 0.0145  max mem: 20673
Passive Test:  [   240/?]  eta: ?  loss: 0.0149 (0.0294)  time: 0.0471  data: 0.0169  max mem: 20673
Passive Test:  [   250/?]  eta: ?  loss: 0.0208 (0.0291)  time: 0.0484  data: 0.0181  max mem: 20673
Passive Test:  [   260/?]  eta: ?  loss: 0.0186 (0.0291)  time: 0.0497  data: 0.0194  max mem: 20673
Passive Test:  [   270/?]  eta: ?  loss: 0.0154 (0.0289)  time: 0.0487  data: 0.0184  max mem: 20673
Passive Test:  [   280/?]  eta: ?  loss: 0.0214 (0.0292)  time: 0.0465  data: 0.0163  max mem: 20673
Passive Test:  [   290/?]  eta: ?  loss: 0.0226 (0.0288)  time: 0.0454  data: 0.0152  max mem: 20673
Passive Test:  [   300/?]  eta: ?  loss: 0.0150 (0.0285)  time: 0.0455  data: 0.0154  max mem: 20673
Passive Test:  [   310/?]  eta: ?  loss: 0.0104 (0.0280)  time: 0.0450  data: 0.0149  max mem: 20673
Passive Test:  [   320/?]  eta: ?  loss: 0.0074 (0.0276)  time: 0.0462  data: 0.0161  max mem: 20673
Passive Test:  [   330/?]  eta: ?  loss: 0.0064 (0.0272)  time: 0.0469  data: 0.0168  max mem: 20673
Passive Test:  [   340/?]  eta: ?  loss: 0.0071 (0.0270)  time: 0.0460  data: 0.0158  max mem: 20673
Passive Test:  [   350/?]  eta: ?  loss: 0.0082 (0.0267)  time: 0.0469  data: 0.0167  max mem: 20673
Passive Test:  [   360/?]  eta: ?  loss: 0.0055 (0.0263)  time: 0.0480  data: 0.0178  max mem: 20673
Passive Test:  [   370/?]  eta: ?  loss: 0.0055 (0.0258)  time: 0.0461  data: 0.0159  max mem: 20673
Passive Test:  [   380/?]  eta: ?  loss: 0.0069 (0.0254)  time: 0.0439  data: 0.0137  max mem: 20673
Passive Test:  [   390/?]  eta: ?  loss: 0.0110 (0.0253)  time: 0.0455  data: 0.0153  max mem: 20673
Passive Test:  [   400/?]  eta: ?  loss: 0.0165 (0.0252)  time: 0.0484  data: 0.0182  max mem: 20673
Passive Test:  [   410/?]  eta: ?  loss: 0.0162 (0.0251)  time: 0.0461  data: 0.0159  max mem: 20673
Passive Test:  [   420/?]  eta: ?  loss: 0.0136 (0.0249)  time: 0.0435  data: 0.0132  max mem: 20673
Passive Test:  [   430/?]  eta: ?  loss: 0.0132 (0.0246)  time: 0.0435  data: 0.0132  max mem: 20673
Passive Test:  [   440/?]  eta: ?  loss: 0.0132 (0.0244)  time: 0.0428  data: 0.0125  max mem: 20673
Passive Test:  [   450/?]  eta: ?  loss: 0.0112 (0.0242)  time: 0.0427  data: 0.0124  max mem: 20673
Passive Test:  [   460/?]  eta: ?  loss: 0.0096 (0.0239)  time: 0.0438  data: 0.0135  max mem: 20673
Passive Test:  [   470/?]  eta: ?  loss: 0.0099 (0.0239)  time: 0.0473  data: 0.0170  max mem: 20673
Passive Test:  [   480/?]  eta: ?  loss: 0.0127 (0.0242)  time: 0.0546  data: 0.0243  max mem: 20673
Passive Test:  [   490/?]  eta: ?  loss: 0.0137 (0.0242)  time: 0.0576  data: 0.0272  max mem: 20673
Passive Test:  [   500/?]  eta: ?  loss: 0.0137 (0.0240)  time: 0.0538  data: 0.0234  max mem: 20673
Passive Test:  [   510/?]  eta: ?  loss: 0.0142 (0.0240)  time: 0.0496  data: 0.0193  max mem: 20673
Passive Test:  [   520/?]  eta: ?  loss: 0.0138 (0.0237)  time: 0.0488  data: 0.0186  max mem: 20673
Passive Test:  [   530/?]  eta: ?  loss: 0.0109 (0.0235)  time: 0.0479  data: 0.0177  max mem: 20673
Passive Test:  [   540/?]  eta: ?  loss: 0.0109 (0.0233)  time: 0.0483  data: 0.0180  max mem: 20673
Passive Test:  [   550/?]  eta: ?  loss: 0.0086 (0.0230)  time: 0.0530  data: 0.0228  max mem: 20673
Passive Test:  [   560/?]  eta: ?  loss: 0.0068 (0.0228)  time: 0.0563  data: 0.0260  max mem: 20673
Passive Test:  [   570/?]  eta: ?  loss: 0.0072 (0.0225)  time: 0.0522  data: 0.0219  max mem: 20673
Passive Test:  [   580/?]  eta: ?  loss: 0.0074 (0.0223)  time: 0.0487  data: 0.0185  max mem: 20673
Passive Test:  [   590/?]  eta: ?  loss: 0.0102 (0.0221)  time: 0.0480  data: 0.0177  max mem: 20673
Passive Test:  [   600/?]  eta: ?  loss: 0.0095 (0.0219)  time: 0.0475  data: 0.0172  max mem: 20673
Passive Test:  [   610/?]  eta: ?  loss: 0.0095 (0.0217)  time: 0.0482  data: 0.0179  max mem: 20673
Passive Test:  [   620/?]  eta: ?  loss: 0.0114 (0.0216)  time: 0.0445  data: 0.0143  max mem: 20673
Passive Test:  [   630/?]  eta: ?  loss: 0.0104 (0.0214)  time: 0.0423  data: 0.0121  max mem: 20673
Passive Test:  [   640/?]  eta: ?  loss: 0.0089 (0.0212)  time: 0.0439  data: 0.0137  max mem: 20673
Passive Test:  [   650/?]  eta: ?  loss: 0.0093 (0.0212)  time: 0.0479  data: 0.0176  max mem: 20673
Passive Test:  [   660/?]  eta: ?  loss: 0.0210 (0.0213)  time: 0.0517  data: 0.0213  max mem: 20673
Passive Test:  [   670/?]  eta: ?  loss: 0.0210 (0.0212)  time: 0.0508  data: 0.0203  max mem: 20673
Passive Test:  [   680/?]  eta: ?  loss: 0.0131 (0.0212)  time: 0.0494  data: 0.0189  max mem: 20673
Passive Test:  [   690/?]  eta: ?  loss: 0.0087 (0.0212)  time: 0.0507  data: 0.0204  max mem: 20673
Passive Test:  [   700/?]  eta: ?  loss: 0.0139 (0.0212)  time: 0.0553  data: 0.0250  max mem: 20673
Passive Test:  [   710/?]  eta: ?  loss: 0.0167 (0.0212)  time: 0.0541  data: 0.0239  max mem: 20673
Passive Test:  [   720/?]  eta: ?  loss: 0.0167 (0.0211)  time: 0.0473  data: 0.0171  max mem: 20673
Passive Test:  [   730/?]  eta: ?  loss: 0.0137 (0.0210)  time: 0.0444  data: 0.0142  max mem: 20673
Passive Test:  [   740/?]  eta: ?  loss: 0.0126 (0.0209)  time: 0.0445  data: 0.0143  max mem: 20673
Passive Test:  [   750/?]  eta: ?  loss: 0.0139 (0.0210)  time: 0.0472  data: 0.0170  max mem: 20673
Passive Test:  [   760/?]  eta: ?  loss: 0.0206 (0.0211)  time: 0.0511  data: 0.0208  max mem: 20673
Passive Test:  [   770/?]  eta: ?  loss: 0.0190 (0.0210)  time: 0.0538  data: 0.0236  max mem: 20673
Passive Test:  [   780/?]  eta: ?  loss: 0.0113 (0.0210)  time: 0.0574  data: 0.0271  max mem: 20673
Passive Test:  [   790/?]  eta: ?  loss: 0.0113 (0.0211)  time: 0.0567  data: 0.0264  max mem: 20673
Passive Test:  [   800/?]  eta: ?  loss: 0.0165 (0.0212)  time: 0.0520  data: 0.0218  max mem: 20673
Passive Test:  [   810/?]  eta: ?  loss: 0.0278 (0.0218)  time: 0.0494  data: 0.0191  max mem: 20673
Passive Test:  [   820/?]  eta: ?  loss: 0.0323 (0.0223)  time: 0.0495  data: 0.0193  max mem: 20673
Passive Test:  [   830/?]  eta: ?  loss: 0.0210 (0.0225)  time: 0.0481  data: 0.0178  max mem: 20673
Passive Test:  [   840/?]  eta: ?  loss: 0.0179 (0.0226)  time: 0.0464  data: 0.0161  max mem: 20673
Passive Test:  [   850/?]  eta: ?  loss: 0.0169 (0.0227)  time: 0.0472  data: 0.0170  max mem: 20673
Passive Test:  [   860/?]  eta: ?  loss: 0.0219 (0.0229)  time: 0.0469  data: 0.0167  max mem: 20673
Passive Test:  [   870/?]  eta: ?  loss: 0.0499 (0.0233)  time: 0.0479  data: 0.0177  max mem: 20673
Passive Test:  [   880/?]  eta: ?  loss: 0.0274 (0.0233)  time: 0.0474  data: 0.0172  max mem: 20673
Passive Test:  [   890/?]  eta: ?  loss: 0.0203 (0.0235)  time: 0.0466  data: 0.0164  max mem: 20673
Passive Test:  [   900/?]  eta: ?  loss: 0.0166 (0.0233)  time: 0.0488  data: 0.0186  max mem: 20673
Passive Test:  [   910/?]  eta: ?  loss: 0.0109 (0.0232)  time: 0.0495  data: 0.0192  max mem: 20673
Passive Test:  [   920/?]  eta: ?  loss: 0.0125 (0.0231)  time: 0.0485  data: 0.0182  max mem: 20673
Passive Test:  [   930/?]  eta: ?  loss: 0.0112 (0.0230)  time: 0.0483  data: 0.0180  max mem: 20673
Passive Test:  [   940/?]  eta: ?  loss: 0.0120 (0.0231)  time: 0.0508  data: 0.0206  max mem: 20673
Passive Test:  [   950/?]  eta: ?  loss: 0.0148 (0.0235)  time: 0.0525  data: 0.0222  max mem: 20673
Passive Test:  [   960/?]  eta: ?  loss: 0.0103 (0.0234)  time: 0.0499  data: 0.0196  max mem: 20673
Passive Test:  [   970/?]  eta: ?  loss: 0.0107 (0.0234)  time: 0.0491  data: 0.0187  max mem: 20673
Passive Test:  [   980/?]  eta: ?  loss: 0.0218 (0.0234)  time: 0.0476  data: 0.0173  max mem: 20673
Passive Test:  [   990/?]  eta: ?  loss: 0.0137 (0.0233)  time: 0.0458  data: 0.0154  max mem: 20673
Passive Test:  [  1000/?]  eta: ?  loss: 0.0088 (0.0232)  time: 0.0482  data: 0.0178  max mem: 20673
Passive Test:  [  1010/?]  eta: ?  loss: 0.0106 (0.0231)  time: 0.0508  data: 0.0204  max mem: 20673
Passive Test:  [  1020/?]  eta: ?  loss: 0.0168 (0.0230)  time: 0.0491  data: 0.0186  max mem: 20673
Passive Test:  [  1030/?]  eta: ?  loss: 0.0189 (0.0232)  time: 0.0487  data: 0.0183  max mem: 20673
Passive Test:  [  1040/?]  eta: ?  loss: 0.0462 (0.0239)  time: 0.0512  data: 0.0209  max mem: 20673
Passive Test:  [  1050/?]  eta: ?  loss: 0.0430 (0.0239)  time: 0.0525  data: 0.0221  max mem: 20673
Passive Test:  [  1060/?]  eta: ?  loss: 0.0190 (0.0239)  time: 0.0523  data: 0.0219  max mem: 20673
Passive Test:  [  1070/?]  eta: ?  loss: 0.0149 (0.0239)  time: 0.0516  data: 0.0211  max mem: 20673
Passive Test:  [  1080/?]  eta: ?  loss: 0.0156 (0.0240)  time: 0.0480  data: 0.0176  max mem: 20673
Passive Test:  [  1090/?]  eta: ?  loss: 0.0194 (0.0242)  time: 0.0450  data: 0.0145  max mem: 20673
Passive Test:  [  1100/?]  eta: ?  loss: 0.0182 (0.0242)  time: 0.0460  data: 0.0156  max mem: 20673
Passive Test:  [  1110/?]  eta: ?  loss: 0.0237 (0.0243)  time: 0.0460  data: 0.0157  max mem: 20673
Passive Test:  [  1120/?]  eta: ?  loss: 0.0162 (0.0242)  time: 0.0463  data: 0.0160  max mem: 20673
Passive Test:  [  1130/?]  eta: ?  loss: 0.0091 (0.0241)  time: 0.0478  data: 0.0175  max mem: 20673
Passive Test:  [  1140/?]  eta: ?  loss: 0.0106 (0.0241)  time: 0.0483  data: 0.0181  max mem: 20673
Passive Test:  [  1150/?]  eta: ?  loss: 0.0106 (0.0241)  time: 0.0497  data: 0.0195  max mem: 20673
Passive Test:  [  1160/?]  eta: ?  loss: 0.0088 (0.0240)  time: 0.0517  data: 0.0214  max mem: 20673
Passive Test:  [  1170/?]  eta: ?  loss: 0.0105 (0.0242)  time: 0.0509  data: 0.0205  max mem: 20673
Passive Test:  [  1180/?]  eta: ?  loss: 0.0352 (0.0244)  time: 0.0481  data: 0.0177  max mem: 20673
Passive Test:  [  1190/?]  eta: ?  loss: 0.0134 (0.0244)  time: 0.0485  data: 0.0181  max mem: 20673
Passive Test:  [  1200/?]  eta: ?  loss: 0.0095 (0.0243)  time: 0.0532  data: 0.0229  max mem: 20673
Passive Test:  [  1210/?]  eta: ?  loss: 0.0102 (0.0243)  time: 0.0517  data: 0.0215  max mem: 20673
Passive Test:  [  1220/?]  eta: ?  loss: 0.0113 (0.0246)  time: 0.0475  data: 0.0172  max mem: 20673
Passive Test:  [  1230/?]  eta: ?  loss: 0.0089 (0.0245)  time: 0.0463  data: 0.0160  max mem: 20673
Passive Test:  [  1240/?]  eta: ?  loss: 0.0076 (0.0243)  time: 0.0491  data: 0.0188  max mem: 20673
Passive Test:  [  1250/?]  eta: ?  loss: 0.0064 (0.0242)  time: 0.0517  data: 0.0214  max mem: 20673
Passive Test:  [  1260/?]  eta: ?  loss: 0.0095 (0.0242)  time: 0.0526  data: 0.0224  max mem: 20673
Passive Test:  [  1270/?]  eta: ?  loss: 0.0151 (0.0241)  time: 0.0496  data: 0.0193  max mem: 20673
Passive Test:  [  1280/?]  eta: ?  loss: 0.0110 (0.0240)  time: 0.0461  data: 0.0157  max mem: 20673
Passive Test:  [  1290/?]  eta: ?  loss: 0.0110 (0.0240)  time: 0.0468  data: 0.0165  max mem: 20673
Passive Test:  [  1300/?]  eta: ?  loss: 0.0138 (0.0240)  time: 0.0483  data: 0.0179  max mem: 20673
Passive Test:  [  1310/?]  eta: ?  loss: 0.0106 (0.0240)  time: 0.0479  data: 0.0174  max mem: 20673
Passive Test:  [  1320/?]  eta: ?  loss: 0.0133 (0.0240)  time: 0.0448  data: 0.0144  max mem: 20673
Passive Test:  [  1330/?]  eta: ?  loss: 0.0185 (0.0239)  time: 0.0455  data: 0.0152  max mem: 20673
Passive Test:  [  1340/?]  eta: ?  loss: 0.0069 (0.0238)  time: 0.0470  data: 0.0168  max mem: 20673
Passive Test:  [  1350/?]  eta: ?  loss: 0.0082 (0.0237)  time: 0.0497  data: 0.0195  max mem: 20673
Passive Test:  [  1360/?]  eta: ?  loss: 0.0088 (0.0237)  time: 0.0499  data: 0.0196  max mem: 20673
Passive Test:  [  1370/?]  eta: ?  loss: 0.0099 (0.0236)  time: 0.0474  data: 0.0171  max mem: 20673
Passive Test:  [  1380/?]  eta: ?  loss: 0.0120 (0.0235)  time: 0.0479  data: 0.0177  max mem: 20673
Passive Test:  [  1390/?]  eta: ?  loss: 0.0149 (0.0236)  time: 0.0482  data: 0.0180  max mem: 20673
Passive Test:  [  1400/?]  eta: ?  loss: 0.0148 (0.0235)  time: 0.0487  data: 0.0184  max mem: 20673
Passive Test:  [  1410/?]  eta: ?  loss: 0.0195 (0.0236)  time: 0.0510  data: 0.0207  max mem: 20673
Passive Test:  [  1420/?]  eta: ?  loss: 0.0291 (0.0238)  time: 0.0613  data: 0.0203  max mem: 20673
Passive Test:  [  1430/?]  eta: ?  loss: 0.0291 (0.0239)  time: 0.0522  data: 0.0112  max mem: 20673
Passive Test:  [  1440/?]  eta: ?  loss: 0.0105 (0.0238)  time: 0.0398  data: 0.0095  max mem: 20673
Passive Test:  [  1450/?]  eta: ?  loss: 0.0106 (0.0239)  time: 0.0493  data: 0.0191  max mem: 20673
Passive Test:  [  1460/?]  eta: ?  loss: 0.0233 (0.0241)  time: 0.0484  data: 0.0181  max mem: 20673
Passive Test:  [  1470/?]  eta: ?  loss: 0.0223 (0.0243)  time: 0.0460  data: 0.0157  max mem: 20673
Passive Test:  [  1480/?]  eta: ?  loss: 0.0069 (0.0242)  time: 0.0464  data: 0.0161  max mem: 20673
Passive Test:  [  1490/?]  eta: ?  loss: 0.0056 (0.0241)  time: 0.0439  data: 0.0136  max mem: 20673
Passive Test:  [  1500/?]  eta: ?  loss: 0.0073 (0.0240)  time: 0.0447  data: 0.0144  max mem: 20673
Passive Test:  [  1510/?]  eta: ?  loss: 0.0083 (0.0239)  time: 0.0525  data: 0.0223  max mem: 20673
Passive Test:  [  1520/?]  eta: ?  loss: 0.0070 (0.0239)  time: 0.0532  data: 0.0229  max mem: 20673
Passive Test:  [  1530/?]  eta: ?  loss: 0.0089 (0.0238)  time: 0.0509  data: 0.0206  max mem: 20673
Passive Test:  [  1540/?]  eta: ?  loss: 0.0079 (0.0237)  time: 0.0523  data: 0.0220  max mem: 20673
Passive Test:  [  1550/?]  eta: ?  loss: 0.0068 (0.0238)  time: 0.0524  data: 0.0221  max mem: 20673
Passive Test:  [  1560/?]  eta: ?  loss: 0.0097 (0.0237)  time: 0.0561  data: 0.0258  max mem: 20673
Passive Test:  [  1570/?]  eta: ?  loss: 0.0153 (0.0237)  time: 0.0557  data: 0.0254  max mem: 20673
Passive Test:  [  1580/?]  eta: ?  loss: 0.0119 (0.0237)  time: 0.0497  data: 0.0194  max mem: 20673
Passive Test:  [  1590/?]  eta: ?  loss: 0.0116 (0.0237)  time: 0.0453  data: 0.0150  max mem: 20673
Passive Test:  [  1600/?]  eta: ?  loss: 0.0098 (0.0236)  time: 0.0448  data: 0.0145  max mem: 20673
Passive Test:  [  1610/?]  eta: ?  loss: 0.0088 (0.0236)  time: 0.0477  data: 0.0174  max mem: 20673
Passive Test:  [  1620/?]  eta: ?  loss: 0.0078 (0.0238)  time: 0.0467  data: 0.0163  max mem: 20673
Passive Test:  [  1630/?]  eta: ?  loss: 0.0078 (0.0239)  time: 0.0423  data: 0.0119  max mem: 20673
Passive Test:  [  1640/?]  eta: ?  loss: 0.0112 (0.0238)  time: 0.0441  data: 0.0138  max mem: 20673
Passive Test:  [  1650/?]  eta: ?  loss: 0.0093 (0.0237)  time: 0.0465  data: 0.0163  max mem: 20673
Passive Test:  [  1660/?]  eta: ?  loss: 0.0075 (0.0238)  time: 0.0438  data: 0.0135  max mem: 20673
Passive Test:  [  1670/?]  eta: ?  loss: 0.0079 (0.0238)  time: 0.0439  data: 0.0135  max mem: 20673
Passive Test:  [  1680/?]  eta: ?  loss: 0.0038 (0.0237)  time: 0.0477  data: 0.0174  max mem: 20673
Passive Test:  [  1690/?]  eta: ?  loss: 0.0082 (0.0236)  time: 0.0485  data: 0.0183  max mem: 20673
Passive Test:  [  1700/?]  eta: ?  loss: 0.0098 (0.0236)  time: 0.0466  data: 0.0163  max mem: 20673
Passive Test:  [  1710/?]  eta: ?  loss: 0.0112 (0.0235)  time: 0.0429  data: 0.0126  max mem: 20673
Passive Test:  [  1720/?]  eta: ?  loss: 0.0105 (0.0235)  time: 0.0436  data: 0.0133  max mem: 20673
Passive Test:  [  1730/?]  eta: ?  loss: 0.0114 (0.0235)  time: 0.0473  data: 0.0170  max mem: 20673
Passive Test:  [  1740/?]  eta: ?  loss: 0.0096 (0.0234)  time: 0.0484  data: 0.0181  max mem: 20673
Passive Test:  [  1750/?]  eta: ?  loss: 0.0061 (0.0234)  time: 0.0483  data: 0.0180  max mem: 20673
Passive Test:  [  1760/?]  eta: ?  loss: 0.0177 (0.0235)  time: 0.0496  data: 0.0192  max mem: 20673
Passive Test: Total time: 0:01:25 (0.0482 s / it)
* loss 0.023
  ACTIVE Test MAE (years): 1.9131 (n=20,949)
  PASSIVE Test MAE (years): 1.9450 (n=113,222)
  → Epoch  15/50 | Train Loss: 0.0047 | Val Loss: 0.0232 | Train score (1/(1+norm_MAE)): 0.9566 | Val MAE (years): 1.9411 | LR: 0.000002
Best val MAE (years): 1.8980, test MAE at best val: 1.8206
  Test segment MAE: 1.8390 | participant median MAE: 1.5871 | participant mean MAE: 1.6080
Epoch: [15]  [     0/?]  eta: ?  lr: 0.000443  min_lr: 0.000002  loss: 0.0041 (0.0041)  class_acc: 0.9574 (0.9574)  loss_scale: 17179869184.0000 (17179869184.0000)  weight_decay: 0.0500 (0.0500)  grad_norm: 1.2047 (1.2047)  time: 4.1360  data: 3.6295  max mem: 20673
Epoch: [15]  [   500/?]  eta: ?  lr: 0.000443  min_lr: 0.000002  loss: 0.0042 (0.0043)  class_acc: 0.9583 (0.9581)  loss_scale: 17179869184.0000 (17179869184.0000)  weight_decay: 0.0500 (0.0500)  grad_norm: 1.0637 (1.5046)  time: 0.5051  data: 0.0002  max mem: 20673
Epoch: [15]  [  1000/?]  eta: ?  lr: 0.000443  min_lr: 0.000002  loss: 0.0046 (0.0044)  class_acc: 0.9577 (0.9581)  loss_scale: 17179869184.0000 (17179869184.0000)  weight_decay: 0.0500 (0.0500)  grad_norm: 1.2752 (1.4919)  time: 0.5018  data: 0.0002  max mem: 20673
Epoch: [15]  [  1500/?]  eta: ?  lr: 0.000443  min_lr: 0.000002  loss: 0.0039 (0.0044)  class_acc: 0.9591 (0.9584)  loss_scale: 34359738368.0000 (18347321986.6436)  weight_decay: 0.0500 (0.0500)  grad_norm: 1.0838 (1.4811)  time: 0.5080  data: 0.0003  max mem: 20673
Epoch: [15]  [  2000/?]  eta: ?  lr: 0.000442  min_lr: 0.000002  loss: 0.0041 (0.0043)  class_acc: 0.9581 (0.9586)  loss_scale: 34359738368.0000 (22348425530.2109)  weight_decay: 0.0500 (0.0500)  grad_norm: 1.3650 (1.4874)  time: 0.5033  data: 0.0002  max mem: 20673
Epoch: [15] Total time: 0:20:40 (0.5083 s / it)
Val:  [     0/?]  eta: ?  loss: 0.0478 (0.0478)  time: 3.2039  data: 3.0055  max mem: 20673
Val:  [    10/?]  eta: ?  loss: 0.0241 (0.0244)  time: 0.5258  data: 0.3266  max mem: 20673
Val:  [    20/?]  eta: ?  loss: 0.0214 (0.0236)  time: 0.2652  data: 0.0660  max mem: 20673
Val:  [    30/?]  eta: ?  loss: 0.0173 (0.0224)  time: 0.2616  data: 0.0623  max mem: 20673
Val:  [    40/?]  eta: ?  loss: 0.0173 (0.0249)  time: 0.2595  data: 0.0602  max mem: 20673
Val:  [    50/?]  eta: ?  loss: 0.0143 (0.0251)  time: 0.2712  data: 0.0719  max mem: 20673
Val:  [    60/?]  eta: ?  loss: 0.0161 (0.0246)  time: 0.2880  data: 0.0889  max mem: 20673
Val:  [    70/?]  eta: ?  loss: 0.0160 (0.0232)  time: 0.2841  data: 0.0850  max mem: 20673
Val:  [    80/?]  eta: ?  loss: 0.0142 (0.0232)  time: 0.2750  data: 0.0759  max mem: 20673
Val:  [    90/?]  eta: ?  loss: 0.0190 (0.0236)  time: 0.2674  data: 0.0683  max mem: 20673
Val:  [   100/?]  eta: ?  loss: 0.0152 (0.0231)  time: 0.2634  data: 0.0643  max mem: 20673
Val:  [   110/?]  eta: ?  loss: 0.0170 (0.0229)  time: 0.2713  data: 0.0723  max mem: 20673
Val:  [   120/?]  eta: ?  loss: 0.0155 (0.0221)  time: 0.3010  data: 0.1020  max mem: 20673
Val:  [   130/?]  eta: ?  loss: 0.0134 (0.0217)  time: 0.2755  data: 0.0764  max mem: 20673
Val:  [   140/?]  eta: ?  loss: 0.0139 (0.0215)  time: 0.2275  data: 0.0282  max mem: 20673
Val:  [   150/?]  eta: ?  loss: 0.0134 (0.0212)  time: 0.2382  data: 0.0391  max mem: 20673
Val:  [   160/?]  eta: ?  loss: 0.0199 (0.0217)  time: 0.2545  data: 0.0554  max mem: 20673
Val:  [   170/?]  eta: ?  loss: 0.0203 (0.0215)  time: 0.2480  data: 0.0490  max mem: 20673
Val:  [   180/?]  eta: ?  loss: 0.0154 (0.0211)  time: 0.2554  data: 0.0563  max mem: 20673
Val:  [   190/?]  eta: ?  loss: 0.0149 (0.0211)  time: 0.2770  data: 0.0779  max mem: 20673
Val:  [   200/?]  eta: ?  loss: 0.0136 (0.0207)  time: 0.2833  data: 0.0843  max mem: 20673
Val:  [   210/?]  eta: ?  loss: 0.0136 (0.0220)  time: 0.2757  data: 0.0766  max mem: 20673
Val:  [   220/?]  eta: ?  loss: 0.0146 (0.0218)  time: 0.2690  data: 0.0699  max mem: 20673
Val:  [   230/?]  eta: ?  loss: 0.0167 (0.0221)  time: 0.2733  data: 0.0742  max mem: 20673
Val:  [   240/?]  eta: ?  loss: 0.0193 (0.0227)  time: 0.2761  data: 0.0770  max mem: 20673
Val:  [   250/?]  eta: ?  loss: 0.0190 (0.0227)  time: 0.2783  data: 0.0793  max mem: 20673
Val:  [   260/?]  eta: ?  loss: 0.0152 (0.0235)  time: 0.2811  data: 0.0822  max mem: 20673
Val:  [   270/?]  eta: ?  loss: 0.0152 (0.0236)  time: 0.2823  data: 0.0834  max mem: 20673
Val:  [   280/?]  eta: ?  loss: 0.0152 (0.0235)  time: 0.2873  data: 0.0883  max mem: 20673
Val:  [   290/?]  eta: ?  loss: 0.0133 (0.0234)  time: 0.2791  data: 0.0801  max mem: 20673
Val:  [   300/?]  eta: ?  loss: 0.0133 (0.0236)  time: 0.2542  data: 0.0552  max mem: 20673
Val:  [   310/?]  eta: ?  loss: 0.0149 (0.0235)  time: 0.2507  data: 0.0517  max mem: 20673
Val:  [   320/?]  eta: ?  loss: 0.0223 (0.0236)  time: 0.2576  data: 0.0586  max mem: 20673
Val:  [   330/?]  eta: ?  loss: 0.0214 (0.0238)  time: 0.2586  data: 0.0596  max mem: 20673
Val:  [   340/?]  eta: ?  loss: 0.0175 (0.0237)  time: 0.2494  data: 0.0503  max mem: 20673
Val:  [   350/?]  eta: ?  loss: 0.0164 (0.0235)  time: 0.2349  data: 0.0560  max mem: 20673
Val: Total time: 0:01:36 (0.2739 s / it)
* loss 0.023
Test:  [     0/?]  eta: ?  loss: 0.0159 (0.0159)  time: 3.5694  data: 3.3715  max mem: 20673
Test:  [    10/?]  eta: ?  loss: 0.0165 (0.0219)  time: 0.5515  data: 0.3527  max mem: 20673
Test:  [    20/?]  eta: ?  loss: 0.0207 (0.0284)  time: 0.2673  data: 0.0684  max mem: 20673
Test:  [    30/?]  eta: ?  loss: 0.0202 (0.0300)  time: 0.2520  data: 0.0530  max mem: 20673
Test:  [    40/?]  eta: ?  loss: 0.0158 (0.0273)  time: 0.2141  data: 0.0150  max mem: 20673
Test:  [    50/?]  eta: ?  loss: 0.0145 (0.0250)  time: 0.2326  data: 0.0336  max mem: 20673
Test:  [    60/?]  eta: ?  loss: 0.0138 (0.0233)  time: 0.2519  data: 0.0529  max mem: 20673
Test:  [    70/?]  eta: ?  loss: 0.0138 (0.0217)  time: 0.2561  data: 0.0571  max mem: 20673
Test:  [    80/?]  eta: ?  loss: 0.0132 (0.0208)  time: 0.2477  data: 0.0487  max mem: 20673
Test:  [    90/?]  eta: ?  loss: 0.0144 (0.0206)  time: 0.2354  data: 0.0364  max mem: 20673
Test:  [   100/?]  eta: ?  loss: 0.0173 (0.0203)  time: 0.2424  data: 0.0434  max mem: 20673
Test:  [   110/?]  eta: ?  loss: 0.0151 (0.0199)  time: 0.2482  data: 0.0490  max mem: 20673
Test:  [   120/?]  eta: ?  loss: 0.0152 (0.0198)  time: 0.2481  data: 0.0489  max mem: 20673
Test:  [   130/?]  eta: ?  loss: 0.0152 (0.0197)  time: 0.2513  data: 0.0522  max mem: 20673
Test:  [   140/?]  eta: ?  loss: 0.0230 (0.0202)  time: 0.2415  data: 0.0423  max mem: 20673
Test:  [   150/?]  eta: ?  loss: 0.0205 (0.0203)  time: 0.2298  data: 0.0305  max mem: 20673
Test:  [   160/?]  eta: ?  loss: 0.0169 (0.0208)  time: 0.2263  data: 0.0270  max mem: 20673
Test:  [   170/?]  eta: ?  loss: 0.0191 (0.0215)  time: 0.2383  data: 0.0391  max mem: 20673
Test:  [   180/?]  eta: ?  loss: 0.0164 (0.0213)  time: 0.2631  data: 0.0640  max mem: 20673
Test:  [   190/?]  eta: ?  loss: 0.0164 (0.0214)  time: 0.2637  data: 0.0645  max mem: 20673
Test:  [   200/?]  eta: ?  loss: 0.0128 (0.0213)  time: 0.2464  data: 0.0474  max mem: 20673
Test:  [   210/?]  eta: ?  loss: 0.0119 (0.0212)  time: 0.2414  data: 0.0423  max mem: 20673
Test:  [   220/?]  eta: ?  loss: 0.0105 (0.0208)  time: 0.2430  data: 0.0437  max mem: 20673
Test:  [   230/?]  eta: ?  loss: 0.0142 (0.0211)  time: 0.2382  data: 0.0390  max mem: 20673
Test:  [   240/?]  eta: ?  loss: 0.0155 (0.0210)  time: 0.2340  data: 0.0349  max mem: 20673
Test:  [   250/?]  eta: ?  loss: 0.0160 (0.0213)  time: 0.2384  data: 0.0394  max mem: 20673
Test:  [   260/?]  eta: ?  loss: 0.0203 (0.0219)  time: 0.2582  data: 0.0593  max mem: 20673
Test:  [   270/?]  eta: ?  loss: 0.0188 (0.0221)  time: 0.2636  data: 0.0646  max mem: 20673
Test:  [   280/?]  eta: ?  loss: 0.0171 (0.0218)  time: 0.2350  data: 0.0359  max mem: 20673
Test:  [   290/?]  eta: ?  loss: 0.0140 (0.0217)  time: 0.2379  data: 0.0387  max mem: 20673
Test:  [   300/?]  eta: ?  loss: 0.0140 (0.0217)  time: 0.2542  data: 0.0551  max mem: 20673
Test:  [   310/?]  eta: ?  loss: 0.0133 (0.0216)  time: 0.2649  data: 0.0657  max mem: 20673
Test:  [   320/?]  eta: ?  loss: 0.0173 (0.0220)  time: 0.2738  data: 0.0747  max mem: 20673
Test:  [   330/?]  eta: ?  loss: 0.0127 (0.0218)  time: 0.2967  data: 0.0977  max mem: 20673
Test:  [   340/?]  eta: ?  loss: 0.0120 (0.0217)  time: 0.2928  data: 0.0937  max mem: 20673
Test: Total time: 0:01:29 (0.2571 s / it)
* loss 0.022
  → Epoch  16/50 | Train Loss: 0.0043 | Val Loss: 0.0235 | Train score (1/(1+norm_MAE)): 0.9587 | Val MAE (years): 1.9477 | LR: 0.000002
Best val MAE (years): 1.8980, test MAE at best val: 1.8206
  Test segment MAE: 1.8584 | participant median MAE: 1.5651 | participant mean MAE: 1.5915
Epoch: [16]  [     0/?]  eta: ?  lr: 0.000431  min_lr: 0.000002  loss: 0.0036 (0.0036)  class_acc: 0.9594 (0.9594)  loss_scale: 34359738368.0000 (34359738368.0000)  weight_decay: 0.0500 (0.0500)  grad_norm: 1.3484 (1.3484)  time: 6.2272  data: 5.7260  max mem: 20673
Epoch: [16]  [   500/?]  eta: ?  lr: 0.000431  min_lr: 0.000002  loss: 0.0038 (0.0040)  class_acc: 0.9599 (0.9597)  loss_scale: 34359738368.0000 (34359738368.0000)  weight_decay: 0.0500 (0.0500)  grad_norm: 1.1094 (1.4585)  time: 0.5067  data: 0.0002  max mem: 20673
Epoch: [16]  [  1000/?]  eta: ?  lr: 0.000431  min_lr: 0.000002  loss: 0.0036 (0.0041)  class_acc: 0.9611 (0.9600)  loss_scale: 68719476736.0000 (35801405712.1119)  weight_decay: 0.0500 (0.0500)  grad_norm: 1.1949 (1.5029)  time: 0.5084  data: 0.0002  max mem: 20673
Epoch: [16]  [  1500/?]  eta: ?  lr: 0.000431  min_lr: 0.000002  loss: 0.0041 (0.0040)  class_acc: 0.9594 (0.9602)  loss_scale: 68719476736.0000 (46766785800.0160)  weight_decay: 0.0500 (0.0500)  grad_norm: 1.2149 (1.4498)  time: 0.5080  data: 0.0003  max mem: 20673
Epoch: [16]  [  2000/?]  eta: ?  lr: 0.000431  min_lr: 0.000002  loss: 0.0036 (0.0040)  class_acc: 0.9609 (0.9604)  loss_scale: 68719476736.0000 (52252215819.0025)  weight_decay: 0.0500 (0.0500)  grad_norm: 1.1721 (1.4406)  time: 0.5049  data: 0.0002  max mem: 20673
Epoch: [16] Total time: 0:20:42 (0.5092 s / it)
Val:  [     0/?]  eta: ?  loss: 0.0512 (0.0512)  time: 3.1795  data: 2.9813  max mem: 20673
Val:  [    10/?]  eta: ?  loss: 0.0227 (0.0260)  time: 0.5033  data: 0.3041  max mem: 20673
Val:  [    20/?]  eta: ?  loss: 0.0227 (0.0254)  time: 0.2522  data: 0.0530  max mem: 20673
Val:  [    30/?]  eta: ?  loss: 0.0185 (0.0232)  time: 0.2395  data: 0.0403  max mem: 20673
Val:  [    40/?]  eta: ?  loss: 0.0177 (0.0254)  time: 0.2297  data: 0.0306  max mem: 20673
Val:  [    50/?]  eta: ?  loss: 0.0159 (0.0252)  time: 0.2740  data: 0.0750  max mem: 20673
Val:  [    60/?]  eta: ?  loss: 0.0208 (0.0249)  time: 0.2808  data: 0.0817  max mem: 20673
Val:  [    70/?]  eta: ?  loss: 0.0181 (0.0238)  time: 0.2767  data: 0.0776  max mem: 20673
Val:  [    80/?]  eta: ?  loss: 0.0159 (0.0238)  time: 0.2774  data: 0.0784  max mem: 20673
Val:  [    90/?]  eta: ?  loss: 0.0185 (0.0239)  time: 0.2795  data: 0.0806  max mem: 20673
Val:  [   100/?]  eta: ?  loss: 0.0155 (0.0231)  time: 0.2741  data: 0.0751  max mem: 20673
Val:  [   110/?]  eta: ?  loss: 0.0160 (0.0228)  time: 0.2394  data: 0.0404  max mem: 20673
Val:  [   120/?]  eta: ?  loss: 0.0152 (0.0221)  time: 0.2193  data: 0.0203  max mem: 20673
Val:  [   130/?]  eta: ?  loss: 0.0129 (0.0216)  time: 0.2255  data: 0.0265  max mem: 20673
Val:  [   140/?]  eta: ?  loss: 0.0129 (0.0215)  time: 0.2523  data: 0.0533  max mem: 20673
Val:  [   150/?]  eta: ?  loss: 0.0118 (0.0212)  time: 0.2620  data: 0.0632  max mem: 20673
Val:  [   160/?]  eta: ?  loss: 0.0178 (0.0217)  time: 0.2597  data: 0.0609  max mem: 20673
Val:  [   170/?]  eta: ?  loss: 0.0177 (0.0214)  time: 0.2552  data: 0.0563  max mem: 20673
Val:  [   180/?]  eta: ?  loss: 0.0151 (0.0210)  time: 0.2772  data: 0.0782  max mem: 20673
Val:  [   190/?]  eta: ?  loss: 0.0123 (0.0211)  time: 0.2847  data: 0.0858  max mem: 20673
Val:  [   200/?]  eta: ?  loss: 0.0123 (0.0207)  time: 0.2744  data: 0.0755  max mem: 20673
Val:  [   210/?]  eta: ?  loss: 0.0150 (0.0221)  time: 0.2726  data: 0.0736  max mem: 20673
Val:  [   220/?]  eta: ?  loss: 0.0165 (0.0219)  time: 0.2747  data: 0.0757  max mem: 20673
Val:  [   230/?]  eta: ?  loss: 0.0157 (0.0222)  time: 0.2739  data: 0.0749  max mem: 20673
Val:  [   240/?]  eta: ?  loss: 0.0201 (0.0227)  time: 0.2657  data: 0.0668  max mem: 20673
Val:  [   250/?]  eta: ?  loss: 0.0178 (0.0227)  time: 0.2618  data: 0.0630  max mem: 20673
Val:  [   260/?]  eta: ?  loss: 0.0143 (0.0233)  time: 0.2616  data: 0.0627  max mem: 20673
Val:  [   270/?]  eta: ?  loss: 0.0165 (0.0235)  time: 0.2704  data: 0.0715  max mem: 20673
Val:  [   280/?]  eta: ?  loss: 0.0181 (0.0235)  time: 0.2670  data: 0.0680  max mem: 20673
Val:  [   290/?]  eta: ?  loss: 0.0159 (0.0233)  time: 0.2535  data: 0.0545  max mem: 20673
Val:  [   300/?]  eta: ?  loss: 0.0125 (0.0236)  time: 0.2535  data: 0.0546  max mem: 20673
Val:  [   310/?]  eta: ?  loss: 0.0150 (0.0237)  time: 0.2531  data: 0.0542  max mem: 20673
Val:  [   320/?]  eta: ?  loss: 0.0218 (0.0238)  time: 0.2595  data: 0.0606  max mem: 20673
Val:  [   330/?]  eta: ?  loss: 0.0188 (0.0240)  time: 0.2620  data: 0.0630  max mem: 20673
Val:  [   340/?]  eta: ?  loss: 0.0159 (0.0239)  time: 0.2507  data: 0.0517  max mem: 20673
Val:  [   350/?]  eta: ?  loss: 0.0153 (0.0237)  time: 0.2358  data: 0.0570  max mem: 20673
Val: Total time: 0:01:34 (0.2671 s / it)
* loss 0.024
Test:  [     0/?]  eta: ?  loss: 0.0152 (0.0152)  time: 3.3141  data: 3.1161  max mem: 20673
Test:  [    10/?]  eta: ?  loss: 0.0194 (0.0228)  time: 0.5271  data: 0.3284  max mem: 20673
Test:  [    20/?]  eta: ?  loss: 0.0225 (0.0303)  time: 0.2729  data: 0.0742  max mem: 20673
Test:  [    30/?]  eta: ?  loss: 0.0186 (0.0313)  time: 0.2747  data: 0.0759  max mem: 20673
Test:  [    40/?]  eta: ?  loss: 0.0158 (0.0285)  time: 0.2387  data: 0.0398  max mem: 20673
Test:  [    50/?]  eta: ?  loss: 0.0138 (0.0260)  time: 0.2239  data: 0.0251  max mem: 20673
Test:  [    60/?]  eta: ?  loss: 0.0125 (0.0242)  time: 0.2445  data: 0.0457  max mem: 20673
Test:  [    70/?]  eta: ?  loss: 0.0125 (0.0226)  time: 0.2561  data: 0.0573  max mem: 20673
Test:  [    80/?]  eta: ?  loss: 0.0143 (0.0217)  time: 0.2369  data: 0.0380  max mem: 20673
Test:  [    90/?]  eta: ?  loss: 0.0161 (0.0215)  time: 0.2146  data: 0.0156  max mem: 20673
Test:  [   100/?]  eta: ?  loss: 0.0152 (0.0211)  time: 0.2073  data: 0.0081  max mem: 20673
Test:  [   110/?]  eta: ?  loss: 0.0141 (0.0204)  time: 0.2233  data: 0.0243  max mem: 20673
Test:  [   120/?]  eta: ?  loss: 0.0167 (0.0203)  time: 0.2458  data: 0.0469  max mem: 20673
Test:  [   130/?]  eta: ?  loss: 0.0175 (0.0203)  time: 0.2541  data: 0.0552  max mem: 20673
Test:  [   140/?]  eta: ?  loss: 0.0232 (0.0210)  time: 0.2479  data: 0.0490  max mem: 20673
Test:  [   150/?]  eta: ?  loss: 0.0207 (0.0210)  time: 0.2566  data: 0.0577  max mem: 20673
Test:  [   160/?]  eta: ?  loss: 0.0140 (0.0215)  time: 0.2479  data: 0.0490  max mem: 20673
Test:  [   170/?]  eta: ?  loss: 0.0169 (0.0221)  time: 0.2172  data: 0.0181  max mem: 20673
Test:  [   180/?]  eta: ?  loss: 0.0139 (0.0220)  time: 0.2299  data: 0.0310  max mem: 20673
Test:  [   190/?]  eta: ?  loss: 0.0146 (0.0219)  time: 0.2558  data: 0.0570  max mem: 20673
Test:  [   200/?]  eta: ?  loss: 0.0146 (0.0218)  time: 0.2480  data: 0.0491  max mem: 20673
Test:  [   210/?]  eta: ?  loss: 0.0101 (0.0216)  time: 0.2661  data: 0.0672  max mem: 20673
Test:  [   220/?]  eta: ?  loss: 0.0101 (0.0211)  time: 0.2702  data: 0.0713  max mem: 20673
Test:  [   230/?]  eta: ?  loss: 0.0139 (0.0215)  time: 0.2573  data: 0.0584  max mem: 20673
Test:  [   240/?]  eta: ?  loss: 0.0171 (0.0214)  time: 0.2675  data: 0.0685  max mem: 20673
Test:  [   250/?]  eta: ?  loss: 0.0158 (0.0217)  time: 0.2761  data: 0.0771  max mem: 20673
Test:  [   260/?]  eta: ?  loss: 0.0196 (0.0224)  time: 0.2577  data: 0.0588  max mem: 20673
Test:  [   270/?]  eta: ?  loss: 0.0250 (0.0226)  time: 0.2588  data: 0.0599  max mem: 20673
Test:  [   280/?]  eta: ?  loss: 0.0164 (0.0223)  time: 0.2725  data: 0.0736  max mem: 20673
Test:  [   290/?]  eta: ?  loss: 0.0150 (0.0222)  time: 0.2700  data: 0.0712  max mem: 20673
Test:  [   300/?]  eta: ?  loss: 0.0153 (0.0222)  time: 0.2728  data: 0.0740  max mem: 20673
Test:  [   310/?]  eta: ?  loss: 0.0148 (0.0221)  time: 0.2603  data: 0.0614  max mem: 20673
Test:  [   320/?]  eta: ?  loss: 0.0152 (0.0225)  time: 0.2434  data: 0.0445  max mem: 20673
Test:  [   330/?]  eta: ?  loss: 0.0148 (0.0223)  time: 0.2522  data: 0.0533  max mem: 20673
Test:  [   340/?]  eta: ?  loss: 0.0124 (0.0222)  time: 0.2417  data: 0.0427  max mem: 20673
Test: Total time: 0:01:29 (0.2561 s / it)
* loss 0.022
  → Epoch  17/50 | Train Loss: 0.0040 | Val Loss: 0.0236 | Train score (1/(1+norm_MAE)): 0.9606 | Val MAE (years): 1.9538 | LR: 0.000002
Best val MAE (years): 1.8980, test MAE at best val: 1.8206
  Test segment MAE: 1.8878 | participant median MAE: 1.6525 | participant mean MAE: 1.6719
Epoch: [17]  [     0/?]  eta: ?  lr: 0.000419  min_lr: 0.000002  loss: 0.0032 (0.0032)  class_acc: 0.9640 (0.9640)  loss_scale: 68719476736.0000 (68719476736.0000)  weight_decay: 0.0500 (0.0500)  grad_norm: 1.2457 (1.2457)  time: 6.9012  data: 6.3833  max mem: 20673
Epoch: [17]  [   500/?]  eta: ?  lr: 0.000419  min_lr: 0.000002  loss: 0.0034 (0.0037)  class_acc: 0.9630 (0.9617)  loss_scale: 68719476736.0000 (68719476736.0000)  weight_decay: 0.0500 (0.0500)  grad_norm: 1.0014 (1.3775)  time: 0.5071  data: 0.0002  max mem: 20673
Epoch: [17]  [  1000/?]  eta: ?  lr: 0.000419  min_lr: 0.000002  loss: 0.0037 (0.0038)  class_acc: 0.9612 (0.9618)  loss_scale: 137438953472.0000 (101809174824.6633)  weight_decay: 0.0500 (0.0500)  grad_norm: 1.2202 (1.3944)  time: 0.5057  data: 0.0002  max mem: 20673
Epoch: [17]  [  1500/?]  eta: ?  lr: 0.000419  min_lr: 0.000002  loss: 0.0031 (0.0037)  class_acc: 0.9636 (0.9619)  loss_scale: 137438953472.0000 (113677855253.4897)  weight_decay: 0.0500 (0.0500)  grad_norm: 1.1615 (1.4189)  time: 0.5049  data: 0.0003  max mem: 20673
Epoch: [17]  [  2000/?]  eta: ?  lr: 0.000419  min_lr: 0.000002  loss: 0.0037 (0.0037)  class_acc: 0.9618 (0.9621)  loss_scale: 137438953472.0000 (119615161155.1664)  weight_decay: 0.0500 (0.0500)  grad_norm: 1.2951 (1.4273)  time: 0.5088  data: 0.0002  max mem: 20673
Epoch: [17] Total time: 0:20:45 (0.5106 s / it)
Val:  [     0/?]  eta: ?  loss: 0.0435 (0.0435)  time: 3.0662  data: 2.8682  max mem: 20673
Val:  [    10/?]  eta: ?  loss: 0.0233 (0.0254)  time: 0.5135  data: 0.3146  max mem: 20673
Val:  [    20/?]  eta: ?  loss: 0.0202 (0.0239)  time: 0.2600  data: 0.0609  max mem: 20673
Val:  [    30/?]  eta: ?  loss: 0.0188 (0.0221)  time: 0.2567  data: 0.0574  max mem: 20673
Val:  [    40/?]  eta: ?  loss: 0.0188 (0.0249)  time: 0.2666  data: 0.0674  max mem: 20673
Val:  [    50/?]  eta: ?  loss: 0.0161 (0.0247)  time: 0.2667  data: 0.0675  max mem: 20673
Val:  [    60/?]  eta: ?  loss: 0.0155 (0.0242)  time: 0.2621  data: 0.0629  max mem: 20673
Val:  [    70/?]  eta: ?  loss: 0.0155 (0.0232)  time: 0.2677  data: 0.0685  max mem: 20673
Val:  [    80/?]  eta: ?  loss: 0.0153 (0.0233)  time: 0.2622  data: 0.0631  max mem: 20673
Val:  [    90/?]  eta: ?  loss: 0.0181 (0.0238)  time: 0.2510  data: 0.0519  max mem: 20673
Val:  [   100/?]  eta: ?  loss: 0.0145 (0.0233)  time: 0.2330  data: 0.0339  max mem: 20673
Val:  [   110/?]  eta: ?  loss: 0.0158 (0.0232)  time: 0.2291  data: 0.0300  max mem: 20673
Val:  [   120/?]  eta: ?  loss: 0.0158 (0.0224)  time: 0.2312  data: 0.0321  max mem: 20673
Val:  [   130/?]  eta: ?  loss: 0.0134 (0.0220)  time: 0.2479  data: 0.0488  max mem: 20673
Val:  [   140/?]  eta: ?  loss: 0.0134 (0.0218)  time: 0.2503  data: 0.0511  max mem: 20673
Val:  [   150/?]  eta: ?  loss: 0.0133 (0.0216)  time: 0.2456  data: 0.0464  max mem: 20673
Val:  [   160/?]  eta: ?  loss: 0.0225 (0.0221)  time: 0.2489  data: 0.0498  max mem: 20673
Val:  [   170/?]  eta: ?  loss: 0.0176 (0.0219)  time: 0.2582  data: 0.0591  max mem: 20673
Val:  [   180/?]  eta: ?  loss: 0.0153 (0.0214)  time: 0.2605  data: 0.0615  max mem: 20673
Val:  [   190/?]  eta: ?  loss: 0.0132 (0.0214)  time: 0.2686  data: 0.0695  max mem: 20673
Val:  [   200/?]  eta: ?  loss: 0.0126 (0.0209)  time: 0.2756  data: 0.0766  max mem: 20673
Val:  [   210/?]  eta: ?  loss: 0.0120 (0.0225)  time: 0.2662  data: 0.0672  max mem: 20673
Val:  [   220/?]  eta: ?  loss: 0.0170 (0.0223)  time: 0.2563  data: 0.0573  max mem: 20673
Val:  [   230/?]  eta: ?  loss: 0.0177 (0.0225)  time: 0.2581  data: 0.0592  max mem: 20673
Val:  [   240/?]  eta: ?  loss: 0.0207 (0.0232)  time: 0.2726  data: 0.0738  max mem: 20673
Val:  [   250/?]  eta: ?  loss: 0.0168 (0.0231)  time: 0.2623  data: 0.0633  max mem: 20673
Val:  [   260/?]  eta: ?  loss: 0.0152 (0.0236)  time: 0.2680  data: 0.0691  max mem: 20673
Val:  [   270/?]  eta: ?  loss: 0.0160 (0.0238)  time: 0.2782  data: 0.0793  max mem: 20673
Val:  [   280/?]  eta: ?  loss: 0.0172 (0.0238)  time: 0.2736  data: 0.0746  max mem: 20673
Val:  [   290/?]  eta: ?  loss: 0.0172 (0.0237)  time: 0.2605  data: 0.0616  max mem: 20673
Val:  [   300/?]  eta: ?  loss: 0.0141 (0.0240)  time: 0.2583  data: 0.0595  max mem: 20673
Val:  [   310/?]  eta: ?  loss: 0.0141 (0.0240)  time: 0.2650  data: 0.0662  max mem: 20673
Val:  [   320/?]  eta: ?  loss: 0.0181 (0.0240)  time: 0.2552  data: 0.0563  max mem: 20673
Val:  [   330/?]  eta: ?  loss: 0.0180 (0.0242)  time: 0.2499  data: 0.0510  max mem: 20673
Val:  [   340/?]  eta: ?  loss: 0.0171 (0.0241)  time: 0.2553  data: 0.0563  max mem: 20673
Val:  [   350/?]  eta: ?  loss: 0.0159 (0.0239)  time: 0.2431  data: 0.0642  max mem: 20673
Val: Total time: 0:01:33 (0.2649 s / it)
* loss 0.024
Test:  [     0/?]  eta: ?  loss: 0.0158 (0.0158)  time: 3.1941  data: 2.9961  max mem: 20673
Test:  [    10/?]  eta: ?  loss: 0.0158 (0.0204)  time: 0.5085  data: 0.3099  max mem: 20673
Test:  [    20/?]  eta: ?  loss: 0.0186 (0.0286)  time: 0.2461  data: 0.0473  max mem: 20673
Test:  [    30/?]  eta: ?  loss: 0.0186 (0.0309)  time: 0.2487  data: 0.0498  max mem: 20673
Test:  [    40/?]  eta: ?  loss: 0.0156 (0.0284)  time: 0.2380  data: 0.0391  max mem: 20673
Test:  [    50/?]  eta: ?  loss: 0.0129 (0.0256)  time: 0.2291  data: 0.0302  max mem: 20673
Test:  [    60/?]  eta: ?  loss: 0.0129 (0.0243)  time: 0.2221  data: 0.0232  max mem: 20673
Test:  [    70/?]  eta: ?  loss: 0.0151 (0.0227)  time: 0.2454  data: 0.0465  max mem: 20673
Test:  [    80/?]  eta: ?  loss: 0.0145 (0.0219)  time: 0.2596  data: 0.0606  max mem: 20673
Test:  [    90/?]  eta: ?  loss: 0.0165 (0.0217)  time: 0.2559  data: 0.0568  max mem: 20673
Test:  [   100/?]  eta: ?  loss: 0.0143 (0.0212)  time: 0.2559  data: 0.0569  max mem: 20673
Test:  [   110/?]  eta: ?  loss: 0.0155 (0.0206)  time: 0.2594  data: 0.0605  max mem: 20673
Test:  [   120/?]  eta: ?  loss: 0.0155 (0.0204)  time: 0.2611  data: 0.0621  max mem: 20673
Test:  [   130/?]  eta: ?  loss: 0.0155 (0.0203)  time: 0.2398  data: 0.0408  max mem: 20673
Test:  [   140/?]  eta: ?  loss: 0.0200 (0.0207)  time: 0.2335  data: 0.0345  max mem: 20673
Test:  [   150/?]  eta: ?  loss: 0.0179 (0.0205)  time: 0.2382  data: 0.0392  max mem: 20673
Test:  [   160/?]  eta: ?  loss: 0.0141 (0.0209)  time: 0.2291  data: 0.0301  max mem: 20673
Test:  [   170/?]  eta: ?  loss: 0.0167 (0.0215)  time: 0.2306  data: 0.0316  max mem: 20673
Test:  [   180/?]  eta: ?  loss: 0.0149 (0.0214)  time: 0.2378  data: 0.0388  max mem: 20673
Test:  [   190/?]  eta: ?  loss: 0.0149 (0.0213)  time: 0.2428  data: 0.0438  max mem: 20673
Test:  [   200/?]  eta: ?  loss: 0.0140 (0.0212)  time: 0.2508  data: 0.0518  max mem: 20673
Test:  [   210/?]  eta: ?  loss: 0.0100 (0.0210)  time: 0.2582  data: 0.0592  max mem: 20673
Test:  [   220/?]  eta: ?  loss: 0.0089 (0.0206)  time: 0.2570  data: 0.0580  max mem: 20673
Test:  [   230/?]  eta: ?  loss: 0.0155 (0.0210)  time: 0.2565  data: 0.0575  max mem: 20673
Test:  [   240/?]  eta: ?  loss: 0.0155 (0.0209)  time: 0.2599  data: 0.0609  max mem: 20673
Test:  [   250/?]  eta: ?  loss: 0.0152 (0.0212)  time: 0.2735  data: 0.0745  max mem: 20673
Test:  [   260/?]  eta: ?  loss: 0.0175 (0.0220)  time: 0.2591  data: 0.0601  max mem: 20673
Test:  [   270/?]  eta: ?  loss: 0.0173 (0.0219)  time: 0.2407  data: 0.0417  max mem: 20673
Test:  [   280/?]  eta: ?  loss: 0.0146 (0.0217)  time: 0.2421  data: 0.0431  max mem: 20673
Test:  [   290/?]  eta: ?  loss: 0.0146 (0.0216)  time: 0.2491  data: 0.0501  max mem: 20673
Test:  [   300/?]  eta: ?  loss: 0.0167 (0.0216)  time: 0.2668  data: 0.0679  max mem: 20673
Test:  [   310/?]  eta: ?  loss: 0.0125 (0.0215)  time: 0.2700  data: 0.0711  max mem: 20673
Test:  [   320/?]  eta: ?  loss: 0.0156 (0.0219)  time: 0.2544  data: 0.0555  max mem: 20673
Test:  [   330/?]  eta: ?  loss: 0.0148 (0.0217)  time: 0.2523  data: 0.0533  max mem: 20673
Test:  [   340/?]  eta: ?  loss: 0.0128 (0.0216)  time: 0.2454  data: 0.0464  max mem: 20673
Test: Total time: 0:01:28 (0.2540 s / it)
* loss 0.022
  → Epoch  18/50 | Train Loss: 0.0037 | Val Loss: 0.0238 | Train score (1/(1+norm_MAE)): 0.9623 | Val MAE (years): 1.9613 | LR: 0.000002
Best val MAE (years): 1.8980, test MAE at best val: 1.8206
  Test segment MAE: 1.8575 | participant median MAE: 1.6136 | participant mean MAE: 1.6135
Epoch: [18]  [     0/?]  eta: ?  lr: 0.000406  min_lr: 0.000002  loss: 0.0029 (0.0029)  class_acc: 0.9637 (0.9637)  loss_scale: 137438953472.0000 (137438953472.0000)  weight_decay: 0.0500 (0.0500)  grad_norm: 0.6130 (0.6130)  time: 6.1318  data: 5.6157  max mem: 20673
Epoch: [18]  [   500/?]  eta: ?  lr: 0.000406  min_lr: 0.000002  loss: 0.0030 (0.0034)  class_acc: 0.9646 (0.9634)  loss_scale: 274877906944.0000 (253205896316.6786)  weight_decay: 0.0500 (0.0500)  grad_norm: 1.0602 (1.3248)  time: 0.5044  data: 0.0002  max mem: 20673
Epoch: [18]  [  1000/?]  eta: ?  lr: 0.000406  min_lr: 0.000001  loss: 0.0033 (0.0035)  class_acc: 0.9630 (0.9634)  loss_scale: 274877906944.0000 (264031076450.2058)  weight_decay: 0.0500 (0.0500)  grad_norm: 1.1529 (1.3524)  time: 0.4987  data: 0.0002  max mem: 20673
Epoch: [18]  [  1500/?]  eta: ?  lr: 0.000406  min_lr: 0.000001  loss: 0.0028 (0.0034)  class_acc: 0.9648 (0.9636)  loss_scale: 274877906944.0000 (267644277813.8947)  weight_decay: 0.0500 (0.0500)  grad_norm: 0.9221 (1.3445)  time: 0.5116  data: 0.0002  max mem: 20673
Epoch: [18]  [  2000/?]  eta: ?  lr: 0.000406  min_lr: 0.000001  loss: 0.0033 (0.0034)  class_acc: 0.9633 (0.9637)  loss_scale: 274877906944.0000 (269451781344.6557)  weight_decay: 0.0500 (0.0500)  grad_norm: 1.0198 (1.3746)  time: 0.5070  data: 0.0002  max mem: 20673
Epoch: [18] Total time: 0:20:42 (0.5091 s / it)
Val:  [     0/?]  eta: ?  loss: 0.0419 (0.0419)  time: 3.2142  data: 3.0157  max mem: 20673
Val:  [    10/?]  eta: ?  loss: 0.0201 (0.0247)  time: 0.4844  data: 0.2849  max mem: 20673
Val:  [    20/?]  eta: ?  loss: 0.0194 (0.0238)  time: 0.2314  data: 0.0320  max mem: 20673
Val:  [    30/?]  eta: ?  loss: 0.0172 (0.0222)  time: 0.2359  data: 0.0366  max mem: 20673
Val:  [    40/?]  eta: ?  loss: 0.0159 (0.0250)  time: 0.2365  data: 0.0373  max mem: 20673
Val:  [    50/?]  eta: ?  loss: 0.0153 (0.0250)  time: 0.2634  data: 0.0643  max mem: 20673
Val:  [    60/?]  eta: ?  loss: 0.0146 (0.0244)  time: 0.2557  data: 0.0565  max mem: 20673
Val:  [    70/?]  eta: ?  loss: 0.0146 (0.0233)  time: 0.2400  data: 0.0408  max mem: 20673
Val:  [    80/?]  eta: ?  loss: 0.0136 (0.0234)  time: 0.2370  data: 0.0379  max mem: 20673
Val:  [    90/?]  eta: ?  loss: 0.0154 (0.0236)  time: 0.2362  data: 0.0370  max mem: 20673
Val:  [   100/?]  eta: ?  loss: 0.0153 (0.0231)  time: 0.2360  data: 0.0368  max mem: 20673
Val:  [   110/?]  eta: ?  loss: 0.0161 (0.0228)  time: 0.2395  data: 0.0404  max mem: 20673
Val:  [   120/?]  eta: ?  loss: 0.0141 (0.0221)  time: 0.2540  data: 0.0548  max mem: 20673
Val:  [   130/?]  eta: ?  loss: 0.0135 (0.0217)  time: 0.2453  data: 0.0460  max mem: 20673
Val:  [   140/?]  eta: ?  loss: 0.0135 (0.0215)  time: 0.2294  data: 0.0301  max mem: 20673
Val:  [   150/?]  eta: ?  loss: 0.0120 (0.0214)  time: 0.2232  data: 0.0239  max mem: 20673
Val:  [   160/?]  eta: ?  loss: 0.0225 (0.0220)  time: 0.2202  data: 0.0208  max mem: 20673
Val:  [   170/?]  eta: ?  loss: 0.0207 (0.0219)  time: 0.2423  data: 0.0430  max mem: 20673
Val:  [   180/?]  eta: ?  loss: 0.0154 (0.0214)  time: 0.2411  data: 0.0419  max mem: 20673
Val:  [   190/?]  eta: ?  loss: 0.0139 (0.0214)  time: 0.2404  data: 0.0412  max mem: 20673
Val:  [   200/?]  eta: ?  loss: 0.0138 (0.0210)  time: 0.2530  data: 0.0538  max mem: 20673
Val:  [   210/?]  eta: ?  loss: 0.0138 (0.0224)  time: 0.2320  data: 0.0328  max mem: 20673
Val:  [   220/?]  eta: ?  loss: 0.0179 (0.0222)  time: 0.2368  data: 0.0377  max mem: 20673
Val:  [   230/?]  eta: ?  loss: 0.0193 (0.0225)  time: 0.2541  data: 0.0550  max mem: 20673
Val:  [   240/?]  eta: ?  loss: 0.0239 (0.0232)  time: 0.2632  data: 0.0640  max mem: 20673
Val:  [   250/?]  eta: ?  loss: 0.0185 (0.0232)  time: 0.2591  data: 0.0600  max mem: 20673
Val:  [   260/?]  eta: ?  loss: 0.0155 (0.0238)  time: 0.2531  data: 0.0539  max mem: 20673
Val:  [   270/?]  eta: ?  loss: 0.0190 (0.0240)  time: 0.2362  data: 0.0370  max mem: 20673
Val:  [   280/?]  eta: ?  loss: 0.0167 (0.0239)  time: 0.2400  data: 0.0408  max mem: 20673
Val:  [   290/?]  eta: ?  loss: 0.0164 (0.0238)  time: 0.2678  data: 0.0687  max mem: 20673
Val:  [   300/?]  eta: ?  loss: 0.0152 (0.0240)  time: 0.2526  data: 0.0535  max mem: 20673
Val:  [   310/?]  eta: ?  loss: 0.0154 (0.0240)  time: 0.2624  data: 0.0633  max mem: 20673
Val:  [   320/?]  eta: ?  loss: 0.0211 (0.0241)  time: 0.2545  data: 0.0554  max mem: 20673
Val:  [   330/?]  eta: ?  loss: 0.0174 (0.0243)  time: 0.2356  data: 0.0364  max mem: 20673
Val:  [   340/?]  eta: ?  loss: 0.0190 (0.0242)  time: 0.2313  data: 0.0321  max mem: 20673
Val:  [   350/?]  eta: ?  loss: 0.0180 (0.0240)  time: 0.1888  data: 0.0096  max mem: 20673
Val: Total time: 0:01:27 (0.2485 s / it)
* loss 0.024
Test:  [     0/?]  eta: ?  loss: 0.0136 (0.0136)  time: 3.2503  data: 3.0523  max mem: 20673
Test:  [    10/?]  eta: ?  loss: 0.0180 (0.0198)  time: 0.5117  data: 0.3128  max mem: 20673
Test:  [    20/?]  eta: ?  loss: 0.0184 (0.0280)  time: 0.2541  data: 0.0551  max mem: 20673
Test:  [    30/?]  eta: ?  loss: 0.0212 (0.0305)  time: 0.2636  data: 0.0646  max mem: 20673
Test:  [    40/?]  eta: ?  loss: 0.0167 (0.0278)  time: 0.2498  data: 0.0507  max mem: 20673
Test:  [    50/?]  eta: ?  loss: 0.0125 (0.0255)  time: 0.2277  data: 0.0286  max mem: 20673
Test:  [    60/?]  eta: ?  loss: 0.0126 (0.0240)  time: 0.2352  data: 0.0361  max mem: 20673
Test:  [    70/?]  eta: ?  loss: 0.0136 (0.0226)  time: 0.2499  data: 0.0508  max mem: 20673
Test:  [    80/?]  eta: ?  loss: 0.0146 (0.0219)  time: 0.2397  data: 0.0406  max mem: 20673
Test:  [    90/?]  eta: ?  loss: 0.0165 (0.0217)  time: 0.2264  data: 0.0274  max mem: 20673
Test:  [   100/?]  eta: ?  loss: 0.0151 (0.0212)  time: 0.2292  data: 0.0301  max mem: 20673
Test:  [   110/?]  eta: ?  loss: 0.0151 (0.0208)  time: 0.2413  data: 0.0422  max mem: 20673
Test:  [   120/?]  eta: ?  loss: 0.0168 (0.0206)  time: 0.2453  data: 0.0462  max mem: 20673
Test:  [   130/?]  eta: ?  loss: 0.0174 (0.0206)  time: 0.2412  data: 0.0421  max mem: 20673
Test:  [   140/?]  eta: ?  loss: 0.0219 (0.0210)  time: 0.2386  data: 0.0395  max mem: 20673
Test:  [   150/?]  eta: ?  loss: 0.0197 (0.0209)  time: 0.2353  data: 0.0362  max mem: 20673
Test:  [   160/?]  eta: ?  loss: 0.0160 (0.0213)  time: 0.2302  data: 0.0310  max mem: 20673
Test:  [   170/?]  eta: ?  loss: 0.0191 (0.0219)  time: 0.2545  data: 0.0553  max mem: 20673
Test:  [   180/?]  eta: ?  loss: 0.0168 (0.0219)  time: 0.2627  data: 0.0636  max mem: 20673
Test:  [   190/?]  eta: ?  loss: 0.0168 (0.0219)  time: 0.2451  data: 0.0460  max mem: 20673
Test:  [   200/?]  eta: ?  loss: 0.0117 (0.0217)  time: 0.2311  data: 0.0320  max mem: 20673
Test:  [   210/?]  eta: ?  loss: 0.0103 (0.0215)  time: 0.2428  data: 0.0437  max mem: 20673
Test:  [   220/?]  eta: ?  loss: 0.0100 (0.0211)  time: 0.2380  data: 0.0389  max mem: 20673
Test:  [   230/?]  eta: ?  loss: 0.0162 (0.0215)  time: 0.2334  data: 0.0343  max mem: 20673
Test:  [   240/?]  eta: ?  loss: 0.0176 (0.0214)  time: 0.2479  data: 0.0488  max mem: 20673
Test:  [   250/?]  eta: ?  loss: 0.0166 (0.0217)  time: 0.2569  data: 0.0578  max mem: 20673
Test:  [   260/?]  eta: ?  loss: 0.0186 (0.0224)  time: 0.2489  data: 0.0497  max mem: 20673
Test:  [   270/?]  eta: ?  loss: 0.0215 (0.0224)  time: 0.2355  data: 0.0364  max mem: 20673
Test:  [   280/?]  eta: ?  loss: 0.0160 (0.0222)  time: 0.2360  data: 0.0369  max mem: 20673
Test:  [   290/?]  eta: ?  loss: 0.0151 (0.0220)  time: 0.2494  data: 0.0502  max mem: 20673
Test:  [   300/?]  eta: ?  loss: 0.0144 (0.0220)  time: 0.2648  data: 0.0657  max mem: 20673
Test:  [   310/?]  eta: ?  loss: 0.0144 (0.0219)  time: 0.2625  data: 0.0634  max mem: 20673
Test:  [   320/?]  eta: ?  loss: 0.0188 (0.0223)  time: 0.2428  data: 0.0436  max mem: 20673
Test:  [   330/?]  eta: ?  loss: 0.0188 (0.0221)  time: 0.2395  data: 0.0404  max mem: 20673
Test:  [   340/?]  eta: ?  loss: 0.0151 (0.0220)  time: 0.2456  data: 0.0466  max mem: 20673
Test: Total time: 0:01:26 (0.2497 s / it)
* loss 0.022
  → Epoch  19/50 | Train Loss: 0.0034 | Val Loss: 0.0240 | Train score (1/(1+norm_MAE)): 0.9639 | Val MAE (years): 1.9732 | LR: 0.000001
Best val MAE (years): 1.8980, test MAE at best val: 1.8206
  Test segment MAE: 1.8906 | participant median MAE: 1.6302 | participant mean MAE: 1.6186
Epoch: [19]  [     0/?]  eta: ?  lr: 0.000392  min_lr: 0.000001  loss: 0.0031 (0.0031)  class_acc: 0.9658 (0.9658)  loss_scale: 549755813888.0000 (549755813888.0000)  weight_decay: 0.0500 (0.0500)  grad_norm: 1.4037 (1.4037)  time: 6.9815  data: 6.4827  max mem: 20673
Epoch: [19]  [   500/?]  eta: ?  lr: 0.000392  min_lr: 0.000001  loss: 0.0026 (0.0032)  class_acc: 0.9659 (0.9649)  loss_scale: 549755813888.0000 (549755813888.0000)  weight_decay: 0.0500 (0.0500)  grad_norm: 0.9260 (1.2902)  time: 0.5069  data: 0.0004  max mem: 20673
Epoch: [19]  [  1000/?]  eta: ?  lr: 0.000392  min_lr: 0.000001  loss: 0.0030 (0.0032)  class_acc: 0.9654 (0.9650)  loss_scale: 549755813888.0000 (549755813888.0000)  weight_decay: 0.0500 (0.0500)  grad_norm: 1.4485 (1.3347)  time: 0.5047  data: 0.0002  max mem: 20673
Epoch: [19]  [  1500/?]  eta: ?  lr: 0.000392  min_lr: 0.000001  loss: 0.0029 (0.0032)  class_acc: 0.9665 (0.9650)  loss_scale: 549755813888.0000 (549755813888.0000)  weight_decay: 0.0500 (0.0500)  grad_norm: 1.0426 (1.3568)  time: 0.5038  data: 0.0004  max mem: 20673
Epoch: [19]  [  2000/?]  eta: ?  lr: 0.000392  min_lr: 0.000001  loss: 0.0028 (0.0032)  class_acc: 0.9665 (0.9652)  loss_scale: 1099511627776.0000 (649211888164.5897)  weight_decay: 0.0500 (0.0500)  grad_norm: 0.9602 (1.3631)  time: 0.5064  data: 0.0002  max mem: 20673
Epoch: [19] Total time: 0:20:43 (0.5097 s / it)
Val:  [     0/?]  eta: ?  loss: 0.0429 (0.0429)  time: 3.2442  data: 3.0461  max mem: 20673
Val:  [    10/?]  eta: ?  loss: 0.0210 (0.0233)  time: 0.5024  data: 0.3034  max mem: 20673
Val:  [    20/?]  eta: ?  loss: 0.0196 (0.0225)  time: 0.2316  data: 0.0325  max mem: 20673
Val:  [    30/?]  eta: ?  loss: 0.0154 (0.0213)  time: 0.2497  data: 0.0505  max mem: 20673
Val:  [    40/?]  eta: ?  loss: 0.0153 (0.0244)  time: 0.2572  data: 0.0579  max mem: 20673
Val:  [    50/?]  eta: ?  loss: 0.0143 (0.0245)  time: 0.2718  data: 0.0727  max mem: 20673
Val:  [    60/?]  eta: ?  loss: 0.0161 (0.0240)  time: 0.2853  data: 0.0863  max mem: 20673
Val:  [    70/?]  eta: ?  loss: 0.0144 (0.0230)  time: 0.2879  data: 0.0890  max mem: 20673
Val:  [    80/?]  eta: ?  loss: 0.0134 (0.0231)  time: 0.2755  data: 0.0766  max mem: 20673
Val:  [    90/?]  eta: ?  loss: 0.0181 (0.0233)  time: 0.2855  data: 0.0865  max mem: 20673
Val:  [   100/?]  eta: ?  loss: 0.0154 (0.0230)  time: 0.2846  data: 0.0857  max mem: 20673
Val:  [   110/?]  eta: ?  loss: 0.0161 (0.0227)  time: 0.2364  data: 0.0374  max mem: 20673
Val:  [   120/?]  eta: ?  loss: 0.0144 (0.0220)  time: 0.2261  data: 0.0270  max mem: 20673
Val:  [   130/?]  eta: ?  loss: 0.0128 (0.0216)  time: 0.2389  data: 0.0399  max mem: 20673
Val:  [   140/?]  eta: ?  loss: 0.0131 (0.0212)  time: 0.2513  data: 0.0523  max mem: 20673
Val:  [   150/?]  eta: ?  loss: 0.0111 (0.0209)  time: 0.2627  data: 0.0637  max mem: 20673
Val:  [   160/?]  eta: ?  loss: 0.0168 (0.0214)  time: 0.2518  data: 0.0528  max mem: 20673
Val:  [   170/?]  eta: ?  loss: 0.0193 (0.0212)  time: 0.2479  data: 0.0488  max mem: 20673
Val:  [   180/?]  eta: ?  loss: 0.0152 (0.0208)  time: 0.2525  data: 0.0535  max mem: 20673
Val:  [   190/?]  eta: ?  loss: 0.0136 (0.0208)  time: 0.2615  data: 0.0625  max mem: 20673
Val:  [   200/?]  eta: ?  loss: 0.0129 (0.0204)  time: 0.2732  data: 0.0742  max mem: 20673
Val:  [   210/?]  eta: ?  loss: 0.0141 (0.0219)  time: 0.2689  data: 0.0700  max mem: 20673
Val:  [   220/?]  eta: ?  loss: 0.0175 (0.0216)  time: 0.2642  data: 0.0653  max mem: 20673
Val:  [   230/?]  eta: ?  loss: 0.0175 (0.0219)  time: 0.2626  data: 0.0637  max mem: 20673
Val:  [   240/?]  eta: ?  loss: 0.0178 (0.0225)  time: 0.2586  data: 0.0597  max mem: 20673
Val:  [   250/?]  eta: ?  loss: 0.0157 (0.0225)  time: 0.2596  data: 0.0607  max mem: 20673
Val:  [   260/?]  eta: ?  loss: 0.0140 (0.0234)  time: 0.2589  data: 0.0600  max mem: 20673
Val:  [   270/?]  eta: ?  loss: 0.0180 (0.0235)  time: 0.2630  data: 0.0641  max mem: 20673
Val:  [   280/?]  eta: ?  loss: 0.0163 (0.0234)  time: 0.2687  data: 0.0698  max mem: 20673
Val:  [   290/?]  eta: ?  loss: 0.0133 (0.0233)  time: 0.2783  data: 0.0794  max mem: 20673
Val:  [   300/?]  eta: ?  loss: 0.0137 (0.0234)  time: 0.2677  data: 0.0688  max mem: 20673
Val:  [   310/?]  eta: ?  loss: 0.0149 (0.0234)  time: 0.2583  data: 0.0594  max mem: 20673
Val:  [   320/?]  eta: ?  loss: 0.0208 (0.0235)  time: 0.2739  data: 0.0750  max mem: 20673
Val:  [   330/?]  eta: ?  loss: 0.0170 (0.0237)  time: 0.2793  data: 0.0806  max mem: 20673
Val:  [   340/?]  eta: ?  loss: 0.0170 (0.0236)  time: 0.2733  data: 0.0746  max mem: 20673
Val:  [   350/?]  eta: ?  loss: 0.0149 (0.0233)  time: 0.2181  data: 0.0394  max mem: 20673
Val: Total time: 0:01:34 (0.2677 s / it)
* loss 0.023
Test:  [     0/?]  eta: ?  loss: 0.0148 (0.0148)  time: 3.4017  data: 3.2038  max mem: 20673
Test:  [    10/?]  eta: ?  loss: 0.0174 (0.0237)  time: 0.5401  data: 0.3415  max mem: 20673
Test:  [    20/?]  eta: ?  loss: 0.0261 (0.0298)  time: 0.2685  data: 0.0699  max mem: 20673
Test:  [    30/?]  eta: ?  loss: 0.0202 (0.0316)  time: 0.2744  data: 0.0757  max mem: 20673
Test:  [    40/?]  eta: ?  loss: 0.0145 (0.0287)  time: 0.2690  data: 0.0703  max mem: 20673
Test:  [    50/?]  eta: ?  loss: 0.0145 (0.0266)  time: 0.2711  data: 0.0725  max mem: 20673
Test:  [    60/?]  eta: ?  loss: 0.0145 (0.0248)  time: 0.2856  data: 0.0870  max mem: 20673
Test:  [    70/?]  eta: ?  loss: 0.0145 (0.0231)  time: 0.2797  data: 0.0811  max mem: 20673
Test:  [    80/?]  eta: ?  loss: 0.0147 (0.0221)  time: 0.2713  data: 0.0727  max mem: 20673
Test:  [    90/?]  eta: ?  loss: 0.0159 (0.0218)  time: 0.2595  data: 0.0608  max mem: 20673
Test:  [   100/?]  eta: ?  loss: 0.0155 (0.0214)  time: 0.2518  data: 0.0530  max mem: 20673
Test:  [   110/?]  eta: ?  loss: 0.0144 (0.0208)  time: 0.2604  data: 0.0616  max mem: 20673
Test:  [   120/?]  eta: ?  loss: 0.0170 (0.0205)  time: 0.2606  data: 0.0619  max mem: 20673
Test:  [   130/?]  eta: ?  loss: 0.0170 (0.0204)  time: 0.2531  data: 0.0543  max mem: 20673
Test:  [   140/?]  eta: ?  loss: 0.0185 (0.0208)  time: 0.2499  data: 0.0512  max mem: 20673
Test:  [   150/?]  eta: ?  loss: 0.0185 (0.0208)  time: 0.2523  data: 0.0535  max mem: 20673
Test:  [   160/?]  eta: ?  loss: 0.0150 (0.0212)  time: 0.2473  data: 0.0485  max mem: 20673
Test:  [   170/?]  eta: ?  loss: 0.0183 (0.0219)  time: 0.2453  data: 0.0465  max mem: 20673
Test:  [   180/?]  eta: ?  loss: 0.0146 (0.0218)  time: 0.2664  data: 0.0676  max mem: 20673
Test:  [   190/?]  eta: ?  loss: 0.0152 (0.0218)  time: 0.2800  data: 0.0813  max mem: 20673
Test:  [   200/?]  eta: ?  loss: 0.0138 (0.0216)  time: 0.2653  data: 0.0666  max mem: 20673
Test:  [   210/?]  eta: ?  loss: 0.0104 (0.0214)  time: 0.2511  data: 0.0523  max mem: 20673
Test:  [   220/?]  eta: ?  loss: 0.0103 (0.0210)  time: 0.2605  data: 0.0618  max mem: 20673
Test:  [   230/?]  eta: ?  loss: 0.0146 (0.0213)  time: 0.2762  data: 0.0774  max mem: 20673
Test:  [   240/?]  eta: ?  loss: 0.0166 (0.0211)  time: 0.2858  data: 0.0870  max mem: 20673
Test:  [   250/?]  eta: ?  loss: 0.0159 (0.0214)  time: 0.2745  data: 0.0757  max mem: 20673
Test:  [   260/?]  eta: ?  loss: 0.0183 (0.0220)  time: 0.2541  data: 0.0553  max mem: 20673
Test:  [   270/?]  eta: ?  loss: 0.0209 (0.0221)  time: 0.2471  data: 0.0483  max mem: 20673
Test:  [   280/?]  eta: ?  loss: 0.0156 (0.0218)  time: 0.2558  data: 0.0569  max mem: 20673
Test:  [   290/?]  eta: ?  loss: 0.0131 (0.0217)  time: 0.2582  data: 0.0594  max mem: 20673
Test:  [   300/?]  eta: ?  loss: 0.0139 (0.0217)  time: 0.2428  data: 0.0439  max mem: 20673
Test:  [   310/?]  eta: ?  loss: 0.0144 (0.0216)  time: 0.2523  data: 0.0534  max mem: 20673
Test:  [   320/?]  eta: ?  loss: 0.0165 (0.0220)  time: 0.2673  data: 0.0685  max mem: 20673
Test:  [   330/?]  eta: ?  loss: 0.0178 (0.0218)  time: 0.2641  data: 0.0653  max mem: 20673
Test:  [   340/?]  eta: ?  loss: 0.0148 (0.0218)  time: 0.2553  data: 0.0564  max mem: 20673
Test: Total time: 0:01:33 (0.2683 s / it)
* loss 0.022

============================================================
Counting samples by task type...
============================================================

============================================================
Evaluating on active tasks (20,949 samples)...
============================================================
Active Test:  [     0/?]  eta: ?  loss: 0.0941 (0.0941)  time: 2.6823  data: 2.6373  max mem: 20673
Active Test:  [    10/?]  eta: ?  loss: 0.0146 (0.0302)  time: 0.2807  data: 0.2489  max mem: 20673
Active Test:  [    20/?]  eta: ?  loss: 0.0144 (0.0240)  time: 0.0424  data: 0.0120  max mem: 20673
Active Test:  [    30/?]  eta: ?  loss: 0.0150 (0.0271)  time: 0.0412  data: 0.0109  max mem: 20673
Active Test:  [    40/?]  eta: ?  loss: 0.0170 (0.0247)  time: 0.0462  data: 0.0158  max mem: 20673
Active Test:  [    50/?]  eta: ?  loss: 0.0113 (0.0226)  time: 0.0503  data: 0.0200  max mem: 20673
Active Test:  [    60/?]  eta: ?  loss: 0.0121 (0.0225)  time: 0.0488  data: 0.0187  max mem: 20673
Active Test:  [    70/?]  eta: ?  loss: 0.0222 (0.0241)  time: 0.0495  data: 0.0194  max mem: 20673
Active Test:  [    80/?]  eta: ?  loss: 0.0166 (0.0237)  time: 0.0458  data: 0.0157  max mem: 20673
Active Test:  [    90/?]  eta: ?  loss: 0.0151 (0.0231)  time: 0.0445  data: 0.0143  max mem: 20673
Active Test:  [   100/?]  eta: ?  loss: 0.0134 (0.0222)  time: 0.0474  data: 0.0173  max mem: 20673
Active Test:  [   110/?]  eta: ?  loss: 0.0082 (0.0210)  time: 0.0483  data: 0.0182  max mem: 20673
Active Test:  [   120/?]  eta: ?  loss: 0.0104 (0.0205)  time: 0.0517  data: 0.0215  max mem: 20673
Active Test:  [   130/?]  eta: ?  loss: 0.0123 (0.0203)  time: 0.0508  data: 0.0207  max mem: 20673
Active Test:  [   140/?]  eta: ?  loss: 0.0122 (0.0204)  time: 0.0523  data: 0.0222  max mem: 20673
Active Test:  [   150/?]  eta: ?  loss: 0.0102 (0.0198)  time: 0.0514  data: 0.0213  max mem: 20673
Active Test:  [   160/?]  eta: ?  loss: 0.0121 (0.0197)  time: 0.0466  data: 0.0165  max mem: 20673
Active Test:  [   170/?]  eta: ?  loss: 0.0145 (0.0195)  time: 0.0481  data: 0.0179  max mem: 20673
Active Test:  [   180/?]  eta: ?  loss: 0.0132 (0.0197)  time: 0.0518  data: 0.0217  max mem: 20673
Active Test:  [   190/?]  eta: ?  loss: 0.0140 (0.0209)  time: 0.0505  data: 0.0204  max mem: 20673
Active Test:  [   200/?]  eta: ?  loss: 0.0153 (0.0234)  time: 0.0499  data: 0.0199  max mem: 20673
Active Test:  [   210/?]  eta: ?  loss: 0.0074 (0.0228)  time: 0.0503  data: 0.0202  max mem: 20673
Active Test:  [   220/?]  eta: ?  loss: 0.0107 (0.0229)  time: 0.0460  data: 0.0159  max mem: 20673
Active Test:  [   230/?]  eta: ?  loss: 0.0124 (0.0226)  time: 0.0449  data: 0.0148  max mem: 20673
Active Test:  [   240/?]  eta: ?  loss: 0.0128 (0.0226)  time: 0.0448  data: 0.0147  max mem: 20673
Active Test:  [   250/?]  eta: ?  loss: 0.0133 (0.0224)  time: 0.0467  data: 0.0166  max mem: 20673
Active Test:  [   260/?]  eta: ?  loss: 0.0133 (0.0230)  time: 0.0476  data: 0.0176  max mem: 20673
Active Test:  [   270/?]  eta: ?  loss: 0.0136 (0.0227)  time: 0.0462  data: 0.0161  max mem: 20673
Active Test:  [   280/?]  eta: ?  loss: 0.0148 (0.0227)  time: 0.0467  data: 0.0165  max mem: 20673
Active Test:  [   290/?]  eta: ?  loss: 0.0148 (0.0225)  time: 0.0473  data: 0.0172  max mem: 20673
Active Test:  [   300/?]  eta: ?  loss: 0.0145 (0.0224)  time: 0.0476  data: 0.0175  max mem: 20673
Active Test:  [   310/?]  eta: ?  loss: 0.0145 (0.0222)  time: 0.0480  data: 0.0178  max mem: 20673
Active Test:  [   320/?]  eta: ?  loss: 0.0173 (0.0225)  time: 0.0517  data: 0.0215  max mem: 20673
Active Test: Total time: 0:00:18 (0.0570 s / it)
* loss 0.022

============================================================
Evaluating on passive tasks (113,222 samples)...
============================================================
Passive Test:  [     0/?]  eta: ?  loss: 0.0140 (0.0140)  time: 1.0540  data: 1.0181  max mem: 20673
Passive Test:  [    10/?]  eta: ?  loss: 0.0582 (0.0789)  time: 0.1335  data: 0.1026  max mem: 20673
Passive Test:  [    20/?]  eta: ?  loss: 0.0843 (0.0955)  time: 0.0456  data: 0.0152  max mem: 20673
Passive Test:  [    30/?]  eta: ?  loss: 0.0580 (0.0939)  time: 0.0477  data: 0.0174  max mem: 20673
Passive Test:  [    40/?]  eta: ?  loss: 0.0324 (0.0771)  time: 0.0462  data: 0.0159  max mem: 20673
Passive Test:  [    50/?]  eta: ?  loss: 0.0226 (0.0660)  time: 0.0420  data: 0.0118  max mem: 20673
Passive Test:  [    60/?]  eta: ?  loss: 0.0128 (0.0574)  time: 0.0367  data: 0.0065  max mem: 20673
Passive Test:  [    70/?]  eta: ?  loss: 0.0112 (0.0513)  time: 0.0372  data: 0.0070  max mem: 20673
Passive Test:  [    80/?]  eta: ?  loss: 0.0109 (0.0466)  time: 0.0415  data: 0.0114  max mem: 20673
Passive Test:  [    90/?]  eta: ?  loss: 0.0093 (0.0426)  time: 0.0423  data: 0.0121  max mem: 20673
Passive Test:  [   100/?]  eta: ?  loss: 0.0151 (0.0436)  time: 0.0409  data: 0.0107  max mem: 20673
Passive Test:  [   110/?]  eta: ?  loss: 0.0384 (0.0447)  time: 0.0470  data: 0.0168  max mem: 20673
Passive Test:  [   120/?]  eta: ?  loss: 0.0359 (0.0437)  time: 0.0479  data: 0.0177  max mem: 20673
Passive Test:  [   130/?]  eta: ?  loss: 0.0251 (0.0424)  time: 0.0460  data: 0.0159  max mem: 20673
Passive Test:  [   140/?]  eta: ?  loss: 0.0114 (0.0402)  time: 0.0441  data: 0.0139  max mem: 20673
Passive Test:  [   150/?]  eta: ?  loss: 0.0116 (0.0386)  time: 0.0416  data: 0.0113  max mem: 20673
Passive Test:  [   160/?]  eta: ?  loss: 0.0093 (0.0369)  time: 0.0416  data: 0.0113  max mem: 20673
Passive Test:  [   170/?]  eta: ?  loss: 0.0090 (0.0353)  time: 0.0417  data: 0.0114  max mem: 20673
Passive Test:  [   180/?]  eta: ?  loss: 0.0090 (0.0340)  time: 0.0404  data: 0.0102  max mem: 20673
Passive Test:  [   190/?]  eta: ?  loss: 0.0095 (0.0329)  time: 0.0407  data: 0.0105  max mem: 20673
Passive Test:  [   200/?]  eta: ?  loss: 0.0116 (0.0321)  time: 0.0435  data: 0.0133  max mem: 20673
Passive Test:  [   210/?]  eta: ?  loss: 0.0116 (0.0312)  time: 0.0461  data: 0.0159  max mem: 20673
Passive Test:  [   220/?]  eta: ?  loss: 0.0139 (0.0308)  time: 0.0459  data: 0.0157  max mem: 20673
Passive Test:  [   230/?]  eta: ?  loss: 0.0183 (0.0304)  time: 0.0453  data: 0.0151  max mem: 20673
Passive Test:  [   240/?]  eta: ?  loss: 0.0179 (0.0301)  time: 0.0445  data: 0.0143  max mem: 20673
Passive Test:  [   250/?]  eta: ?  loss: 0.0174 (0.0297)  time: 0.0433  data: 0.0131  max mem: 20673
Passive Test:  [   260/?]  eta: ?  loss: 0.0157 (0.0297)  time: 0.0443  data: 0.0141  max mem: 20673
Passive Test:  [   270/?]  eta: ?  loss: 0.0174 (0.0295)  time: 0.0461  data: 0.0159  max mem: 20673
Passive Test:  [   280/?]  eta: ?  loss: 0.0216 (0.0298)  time: 0.0448  data: 0.0146  max mem: 20673
Passive Test:  [   290/?]  eta: ?  loss: 0.0216 (0.0295)  time: 0.0427  data: 0.0126  max mem: 20673
Passive Test:  [   300/?]  eta: ?  loss: 0.0192 (0.0292)  time: 0.0423  data: 0.0121  max mem: 20673
Passive Test:  [   310/?]  eta: ?  loss: 0.0113 (0.0287)  time: 0.0409  data: 0.0107  max mem: 20673
Passive Test:  [   320/?]  eta: ?  loss: 0.0089 (0.0283)  time: 0.0410  data: 0.0108  max mem: 20673
Passive Test:  [   330/?]  eta: ?  loss: 0.0091 (0.0278)  time: 0.0483  data: 0.0181  max mem: 20673
Passive Test:  [   340/?]  eta: ?  loss: 0.0084 (0.0276)  time: 0.0509  data: 0.0208  max mem: 20673
Passive Test:  [   350/?]  eta: ?  loss: 0.0105 (0.0274)  time: 0.0467  data: 0.0166  max mem: 20673
Passive Test:  [   360/?]  eta: ?  loss: 0.0046 (0.0269)  time: 0.0445  data: 0.0144  max mem: 20673
Passive Test:  [   370/?]  eta: ?  loss: 0.0046 (0.0263)  time: 0.0427  data: 0.0125  max mem: 20673
Passive Test:  [   380/?]  eta: ?  loss: 0.0068 (0.0260)  time: 0.0432  data: 0.0129  max mem: 20673
Passive Test:  [   390/?]  eta: ?  loss: 0.0110 (0.0258)  time: 0.0463  data: 0.0161  max mem: 20673
Passive Test:  [   400/?]  eta: ?  loss: 0.0147 (0.0256)  time: 0.0482  data: 0.0181  max mem: 20673
Passive Test:  [   410/?]  eta: ?  loss: 0.0145 (0.0255)  time: 0.0476  data: 0.0174  max mem: 20673
Passive Test:  [   420/?]  eta: ?  loss: 0.0159 (0.0253)  time: 0.0454  data: 0.0152  max mem: 20673
Passive Test:  [   430/?]  eta: ?  loss: 0.0115 (0.0250)  time: 0.0422  data: 0.0119  max mem: 20673
Passive Test:  [   440/?]  eta: ?  loss: 0.0102 (0.0247)  time: 0.0398  data: 0.0095  max mem: 20673
Passive Test:  [   450/?]  eta: ?  loss: 0.0108 (0.0245)  time: 0.0394  data: 0.0091  max mem: 20673
Passive Test:  [   460/?]  eta: ?  loss: 0.0126 (0.0242)  time: 0.0435  data: 0.0133  max mem: 20673
Passive Test:  [   470/?]  eta: ?  loss: 0.0111 (0.0243)  time: 0.0438  data: 0.0135  max mem: 20673
Passive Test:  [   480/?]  eta: ?  loss: 0.0104 (0.0244)  time: 0.0441  data: 0.0139  max mem: 20673
Passive Test:  [   490/?]  eta: ?  loss: 0.0127 (0.0244)  time: 0.0466  data: 0.0164  max mem: 20673
Passive Test:  [   500/?]  eta: ?  loss: 0.0124 (0.0243)  time: 0.0456  data: 0.0154  max mem: 20673
Passive Test:  [   510/?]  eta: ?  loss: 0.0123 (0.0243)  time: 0.0477  data: 0.0175  max mem: 20673
Passive Test:  [   520/?]  eta: ?  loss: 0.0109 (0.0241)  time: 0.0475  data: 0.0172  max mem: 20673
Passive Test:  [   530/?]  eta: ?  loss: 0.0093 (0.0239)  time: 0.0469  data: 0.0165  max mem: 20673
Passive Test:  [   540/?]  eta: ?  loss: 0.0095 (0.0236)  time: 0.0480  data: 0.0178  max mem: 20673
Passive Test:  [   550/?]  eta: ?  loss: 0.0080 (0.0233)  time: 0.0469  data: 0.0167  max mem: 20673
Passive Test:  [   560/?]  eta: ?  loss: 0.0059 (0.0230)  time: 0.0447  data: 0.0145  max mem: 20673
Passive Test:  [   570/?]  eta: ?  loss: 0.0063 (0.0227)  time: 0.0401  data: 0.0098  max mem: 20673
Passive Test:  [   580/?]  eta: ?  loss: 0.0085 (0.0225)  time: 0.0403  data: 0.0100  max mem: 20673
Passive Test:  [   590/?]  eta: ?  loss: 0.0071 (0.0222)  time: 0.0441  data: 0.0139  max mem: 20673
Passive Test:  [   600/?]  eta: ?  loss: 0.0065 (0.0219)  time: 0.0466  data: 0.0166  max mem: 20673
Passive Test:  [   610/?]  eta: ?  loss: 0.0069 (0.0217)  time: 0.0433  data: 0.0131  max mem: 20673
Passive Test:  [   620/?]  eta: ?  loss: 0.0104 (0.0216)  time: 0.0445  data: 0.0142  max mem: 20673
Passive Test:  [   630/?]  eta: ?  loss: 0.0125 (0.0214)  time: 0.0462  data: 0.0159  max mem: 20673
Passive Test:  [   640/?]  eta: ?  loss: 0.0122 (0.0213)  time: 0.0446  data: 0.0143  max mem: 20673
Passive Test:  [   650/?]  eta: ?  loss: 0.0123 (0.0213)  time: 0.0423  data: 0.0120  max mem: 20673
Passive Test:  [   660/?]  eta: ?  loss: 0.0179 (0.0213)  time: 0.0411  data: 0.0107  max mem: 20673
Passive Test:  [   670/?]  eta: ?  loss: 0.0149 (0.0213)  time: 0.0419  data: 0.0116  max mem: 20673
Passive Test:  [   680/?]  eta: ?  loss: 0.0122 (0.0213)  time: 0.0415  data: 0.0112  max mem: 20673
Passive Test:  [   690/?]  eta: ?  loss: 0.0123 (0.0212)  time: 0.0448  data: 0.0145  max mem: 20673
Passive Test:  [   700/?]  eta: ?  loss: 0.0166 (0.0213)  time: 0.0431  data: 0.0129  max mem: 20673
Passive Test:  [   710/?]  eta: ?  loss: 0.0175 (0.0213)  time: 0.0417  data: 0.0115  max mem: 20673
Passive Test:  [   720/?]  eta: ?  loss: 0.0162 (0.0212)  time: 0.0429  data: 0.0126  max mem: 20673
Passive Test:  [   730/?]  eta: ?  loss: 0.0142 (0.0211)  time: 0.0435  data: 0.0131  max mem: 20673
Passive Test:  [   740/?]  eta: ?  loss: 0.0168 (0.0211)  time: 0.0428  data: 0.0124  max mem: 20673
Passive Test:  [   750/?]  eta: ?  loss: 0.0190 (0.0211)  time: 0.0421  data: 0.0118  max mem: 20673
Passive Test:  [   760/?]  eta: ?  loss: 0.0233 (0.0212)  time: 0.0427  data: 0.0125  max mem: 20673
Passive Test:  [   770/?]  eta: ?  loss: 0.0214 (0.0212)  time: 0.0427  data: 0.0124  max mem: 20673
Passive Test:  [   780/?]  eta: ?  loss: 0.0110 (0.0212)  time: 0.0440  data: 0.0137  max mem: 20673
Passive Test:  [   790/?]  eta: ?  loss: 0.0102 (0.0213)  time: 0.0452  data: 0.0149  max mem: 20673
Passive Test:  [   800/?]  eta: ?  loss: 0.0219 (0.0214)  time: 0.0439  data: 0.0136  max mem: 20673
Passive Test:  [   810/?]  eta: ?  loss: 0.0289 (0.0219)  time: 0.0457  data: 0.0153  max mem: 20673
Passive Test:  [   820/?]  eta: ?  loss: 0.0289 (0.0222)  time: 0.0466  data: 0.0163  max mem: 20673
Passive Test:  [   830/?]  eta: ?  loss: 0.0239 (0.0225)  time: 0.0434  data: 0.0130  max mem: 20673
Passive Test:  [   840/?]  eta: ?  loss: 0.0199 (0.0226)  time: 0.0430  data: 0.0126  max mem: 20673
Passive Test:  [   850/?]  eta: ?  loss: 0.0101 (0.0225)  time: 0.0442  data: 0.0138  max mem: 20673
Passive Test:  [   860/?]  eta: ?  loss: 0.0130 (0.0226)  time: 0.0435  data: 0.0132  max mem: 20673
Passive Test:  [   870/?]  eta: ?  loss: 0.0284 (0.0229)  time: 0.0446  data: 0.0144  max mem: 20673
Passive Test:  [   880/?]  eta: ?  loss: 0.0251 (0.0229)  time: 0.0473  data: 0.0170  max mem: 20673
Passive Test:  [   890/?]  eta: ?  loss: 0.0244 (0.0231)  time: 0.0478  data: 0.0176  max mem: 20673
Passive Test:  [   900/?]  eta: ?  loss: 0.0178 (0.0230)  time: 0.0462  data: 0.0158  max mem: 20673
Passive Test:  [   910/?]  eta: ?  loss: 0.0092 (0.0229)  time: 0.0483  data: 0.0178  max mem: 20673
Passive Test:  [   920/?]  eta: ?  loss: 0.0090 (0.0227)  time: 0.0479  data: 0.0176  max mem: 20673
Passive Test:  [   930/?]  eta: ?  loss: 0.0074 (0.0226)  time: 0.0485  data: 0.0182  max mem: 20673
Passive Test:  [   940/?]  eta: ?  loss: 0.0076 (0.0226)  time: 0.0495  data: 0.0191  max mem: 20673
Passive Test:  [   950/?]  eta: ?  loss: 0.0166 (0.0230)  time: 0.0475  data: 0.0172  max mem: 20673
Passive Test:  [   960/?]  eta: ?  loss: 0.0166 (0.0230)  time: 0.0474  data: 0.0170  max mem: 20673
Passive Test:  [   970/?]  eta: ?  loss: 0.0089 (0.0229)  time: 0.0490  data: 0.0186  max mem: 20673
Passive Test:  [   980/?]  eta: ?  loss: 0.0195 (0.0229)  time: 0.0520  data: 0.0216  max mem: 20673
Passive Test:  [   990/?]  eta: ?  loss: 0.0130 (0.0228)  time: 0.0517  data: 0.0212  max mem: 20673
Passive Test:  [  1000/?]  eta: ?  loss: 0.0086 (0.0227)  time: 0.0497  data: 0.0192  max mem: 20673
Passive Test:  [  1010/?]  eta: ?  loss: 0.0137 (0.0226)  time: 0.0489  data: 0.0185  max mem: 20673
Passive Test:  [  1020/?]  eta: ?  loss: 0.0137 (0.0226)  time: 0.0486  data: 0.0180  max mem: 20673
Passive Test:  [  1030/?]  eta: ?  loss: 0.0193 (0.0228)  time: 0.0455  data: 0.0150  max mem: 20673
Passive Test:  [  1040/?]  eta: ?  loss: 0.0644 (0.0234)  time: 0.0433  data: 0.0128  max mem: 20673
Passive Test:  [  1050/?]  eta: ?  loss: 0.0438 (0.0234)  time: 0.0438  data: 0.0133  max mem: 20673
Passive Test:  [  1060/?]  eta: ?  loss: 0.0142 (0.0234)  time: 0.0426  data: 0.0122  max mem: 20673
Passive Test:  [  1070/?]  eta: ?  loss: 0.0112 (0.0233)  time: 0.0454  data: 0.0151  max mem: 20673
Passive Test:  [  1080/?]  eta: ?  loss: 0.0168 (0.0235)  time: 0.0468  data: 0.0165  max mem: 20673
Passive Test:  [  1090/?]  eta: ?  loss: 0.0260 (0.0236)  time: 0.0442  data: 0.0138  max mem: 20673
Passive Test:  [  1100/?]  eta: ?  loss: 0.0248 (0.0236)  time: 0.0448  data: 0.0144  max mem: 20673
Passive Test:  [  1110/?]  eta: ?  loss: 0.0276 (0.0237)  time: 0.0450  data: 0.0145  max mem: 20673
Passive Test:  [  1120/?]  eta: ?  loss: 0.0186 (0.0237)  time: 0.0457  data: 0.0153  max mem: 20673
Passive Test:  [  1130/?]  eta: ?  loss: 0.0077 (0.0235)  time: 0.0469  data: 0.0165  max mem: 20673
Passive Test:  [  1140/?]  eta: ?  loss: 0.0096 (0.0236)  time: 0.0465  data: 0.0162  max mem: 20673
Passive Test:  [  1150/?]  eta: ?  loss: 0.0098 (0.0235)  time: 0.0442  data: 0.0139  max mem: 20673
Passive Test:  [  1160/?]  eta: ?  loss: 0.0091 (0.0235)  time: 0.0444  data: 0.0141  max mem: 20673
Passive Test:  [  1170/?]  eta: ?  loss: 0.0173 (0.0237)  time: 0.0427  data: 0.0124  max mem: 20673
Passive Test:  [  1180/?]  eta: ?  loss: 0.0387 (0.0242)  time: 0.0493  data: 0.0190  max mem: 20673
Passive Test:  [  1190/?]  eta: ?  loss: 0.0113 (0.0242)  time: 0.0529  data: 0.0226  max mem: 20673
Passive Test:  [  1200/?]  eta: ?  loss: 0.0074 (0.0241)  time: 0.0571  data: 0.0269  max mem: 20673
Passive Test:  [  1210/?]  eta: ?  loss: 0.0104 (0.0242)  time: 0.0578  data: 0.0276  max mem: 20673
Passive Test:  [  1220/?]  eta: ?  loss: 0.0136 (0.0245)  time: 0.0562  data: 0.0259  max mem: 20673
Passive Test:  [  1230/?]  eta: ?  loss: 0.0098 (0.0244)  time: 0.0567  data: 0.0264  max mem: 20673
Passive Test:  [  1240/?]  eta: ?  loss: 0.0073 (0.0243)  time: 0.0555  data: 0.0252  max mem: 20673
Passive Test:  [  1250/?]  eta: ?  loss: 0.0085 (0.0242)  time: 0.0527  data: 0.0225  max mem: 20673
Passive Test:  [  1260/?]  eta: ?  loss: 0.0149 (0.0242)  time: 0.0509  data: 0.0207  max mem: 20673
Passive Test:  [  1270/?]  eta: ?  loss: 0.0159 (0.0242)  time: 0.0524  data: 0.0221  max mem: 20673
Passive Test:  [  1280/?]  eta: ?  loss: 0.0149 (0.0241)  time: 0.0514  data: 0.0211  max mem: 20673
Passive Test:  [  1290/?]  eta: ?  loss: 0.0181 (0.0241)  time: 0.0499  data: 0.0195  max mem: 20673
Passive Test:  [  1300/?]  eta: ?  loss: 0.0174 (0.0241)  time: 0.0507  data: 0.0204  max mem: 20673
Passive Test:  [  1310/?]  eta: ?  loss: 0.0106 (0.0240)  time: 0.0532  data: 0.0229  max mem: 20673
Passive Test:  [  1320/?]  eta: ?  loss: 0.0199 (0.0241)  time: 0.0538  data: 0.0235  max mem: 20673
Passive Test:  [  1330/?]  eta: ?  loss: 0.0109 (0.0240)  time: 0.0505  data: 0.0201  max mem: 20673
Passive Test:  [  1340/?]  eta: ?  loss: 0.0065 (0.0239)  time: 0.0495  data: 0.0192  max mem: 20673
Passive Test:  [  1350/?]  eta: ?  loss: 0.0075 (0.0238)  time: 0.0505  data: 0.0203  max mem: 20673
Passive Test:  [  1360/?]  eta: ?  loss: 0.0108 (0.0238)  time: 0.0485  data: 0.0182  max mem: 20673
Passive Test:  [  1370/?]  eta: ?  loss: 0.0131 (0.0237)  time: 0.0489  data: 0.0186  max mem: 20673
Passive Test:  [  1380/?]  eta: ?  loss: 0.0146 (0.0237)  time: 0.0507  data: 0.0205  max mem: 20673
Passive Test:  [  1390/?]  eta: ?  loss: 0.0146 (0.0237)  time: 0.0509  data: 0.0206  max mem: 20673
Passive Test:  [  1400/?]  eta: ?  loss: 0.0118 (0.0237)  time: 0.0490  data: 0.0187  max mem: 20673
Passive Test:  [  1410/?]  eta: ?  loss: 0.0176 (0.0237)  time: 0.0470  data: 0.0167  max mem: 20673
Passive Test:  [  1420/?]  eta: ?  loss: 0.0311 (0.0238)  time: 0.0455  data: 0.0152  max mem: 20673
Passive Test:  [  1430/?]  eta: ?  loss: 0.0196 (0.0240)  time: 0.0442  data: 0.0139  max mem: 20673
Passive Test:  [  1440/?]  eta: ?  loss: 0.0090 (0.0239)  time: 0.0452  data: 0.0149  max mem: 20673
Passive Test:  [  1450/?]  eta: ?  loss: 0.0089 (0.0239)  time: 0.0452  data: 0.0149  max mem: 20673
Passive Test:  [  1460/?]  eta: ?  loss: 0.0121 (0.0241)  time: 0.0442  data: 0.0139  max mem: 20673
Passive Test:  [  1470/?]  eta: ?  loss: 0.0101 (0.0242)  time: 0.0446  data: 0.0143  max mem: 20673
Passive Test:  [  1480/?]  eta: ?  loss: 0.0073 (0.0241)  time: 0.0465  data: 0.0162  max mem: 20673
Passive Test:  [  1490/?]  eta: ?  loss: 0.0045 (0.0240)  time: 0.0479  data: 0.0176  max mem: 20673
Passive Test:  [  1500/?]  eta: ?  loss: 0.0066 (0.0239)  time: 0.0469  data: 0.0166  max mem: 20673
Passive Test:  [  1510/?]  eta: ?  loss: 0.0073 (0.0238)  time: 0.0454  data: 0.0151  max mem: 20673
Passive Test:  [  1520/?]  eta: ?  loss: 0.0067 (0.0238)  time: 0.0437  data: 0.0134  max mem: 20673
Passive Test:  [  1530/?]  eta: ?  loss: 0.0082 (0.0237)  time: 0.0424  data: 0.0121  max mem: 20673
Passive Test:  [  1540/?]  eta: ?  loss: 0.0087 (0.0236)  time: 0.0430  data: 0.0127  max mem: 20673
Passive Test:  [  1550/?]  eta: ?  loss: 0.0088 (0.0236)  time: 0.0457  data: 0.0154  max mem: 20673
Passive Test:  [  1560/?]  eta: ?  loss: 0.0124 (0.0236)  time: 0.0542  data: 0.0239  max mem: 20673
Passive Test:  [  1570/?]  eta: ?  loss: 0.0145 (0.0236)  time: 0.0558  data: 0.0254  max mem: 20673
Passive Test:  [  1580/?]  eta: ?  loss: 0.0165 (0.0236)  time: 0.0504  data: 0.0199  max mem: 20673
Passive Test:  [  1590/?]  eta: ?  loss: 0.0151 (0.0237)  time: 0.0502  data: 0.0199  max mem: 20673
Passive Test:  [  1600/?]  eta: ?  loss: 0.0109 (0.0236)  time: 0.0510  data: 0.0207  max mem: 20673
Passive Test:  [  1610/?]  eta: ?  loss: 0.0101 (0.0236)  time: 0.0501  data: 0.0198  max mem: 20673
Passive Test:  [  1620/?]  eta: ?  loss: 0.0194 (0.0238)  time: 0.0494  data: 0.0190  max mem: 20673
Passive Test:  [  1630/?]  eta: ?  loss: 0.0169 (0.0239)  time: 0.0480  data: 0.0176  max mem: 20673
Passive Test:  [  1640/?]  eta: ?  loss: 0.0146 (0.0238)  time: 0.0483  data: 0.0179  max mem: 20673
Passive Test:  [  1650/?]  eta: ?  loss: 0.0115 (0.0238)  time: 0.0514  data: 0.0210  max mem: 20673
Passive Test:  [  1660/?]  eta: ?  loss: 0.0090 (0.0238)  time: 0.0501  data: 0.0198  max mem: 20673
Passive Test:  [  1670/?]  eta: ?  loss: 0.0090 (0.0238)  time: 0.0471  data: 0.0167  max mem: 20673
Passive Test:  [  1680/?]  eta: ?  loss: 0.0044 (0.0237)  time: 0.0455  data: 0.0152  max mem: 20673
Passive Test:  [  1690/?]  eta: ?  loss: 0.0075 (0.0236)  time: 0.0447  data: 0.0144  max mem: 20673
Passive Test:  [  1700/?]  eta: ?  loss: 0.0104 (0.0236)  time: 0.0463  data: 0.0160  max mem: 20673
Passive Test:  [  1710/?]  eta: ?  loss: 0.0103 (0.0235)  time: 0.0470  data: 0.0167  max mem: 20673
Passive Test:  [  1720/?]  eta: ?  loss: 0.0118 (0.0235)  time: 0.0471  data: 0.0168  max mem: 20673
Passive Test:  [  1730/?]  eta: ?  loss: 0.0173 (0.0235)  time: 0.0492  data: 0.0189  max mem: 20673
Passive Test:  [  1740/?]  eta: ?  loss: 0.0158 (0.0234)  time: 0.0486  data: 0.0183  max mem: 20673
Passive Test:  [  1750/?]  eta: ?  loss: 0.0114 (0.0234)  time: 0.0459  data: 0.0155  max mem: 20673
Passive Test:  [  1760/?]  eta: ?  loss: 0.0199 (0.0235)  time: 0.0464  data: 0.0160  max mem: 20673
Passive Test: Total time: 0:01:22 (0.0468 s / it)
* loss 0.023
  ACTIVE Test MAE (years): 1.9068 (n=20,949)
  PASSIVE Test MAE (years): 1.9454 (n=113,222)
  → Epoch  20/50 | Train Loss: 0.0032 | Val Loss: 0.0233 | Train score (1/(1+norm_MAE)): 0.9653 | Val MAE (years): 1.9404 | LR: 0.000001
Best val MAE (years): 1.8980, test MAE at best val: 1.8206
  Test segment MAE: 1.8732 | participant median MAE: 1.6382 | participant mean MAE: 1.6445
Epoch: [20]  [     0/?]  eta: ?  lr: 0.000378  min_lr: 0.000001  loss: 0.0026 (0.0026)  class_acc: 0.9681 (0.9681)  loss_scale: 1099511627776.0000 (1099511627776.0000)  weight_decay: 0.0500 (0.0500)  grad_norm: 0.6753 (0.6753)  time: 3.9138  data: 3.4181  max mem: 20673
Epoch: [20]  [   500/?]  eta: ?  lr: 0.000377  min_lr: 0.000001  loss: 0.0025 (0.0030)  class_acc: 0.9666 (0.9662)  loss_scale: 1099511627776.0000 (1099511627776.0000)  weight_decay: 0.0500 (0.0500)  grad_norm: 1.0532 (1.3128)  time: 0.5065  data: 0.0003  max mem: 20673
Epoch: [20]  [  1000/?]  eta: ?  lr: 0.000377  min_lr: 0.000001  loss: 0.0030 (0.0030)  class_acc: 0.9664 (0.9663)  loss_scale: 1099511627776.0000 (1099511627776.0000)  weight_decay: 0.0500 (0.0500)  grad_norm: 1.2308 (1.3222)  time: 0.5057  data: 0.0003  max mem: 20673
Epoch: [20]  [  1500/?]  eta: ?  lr: 0.000377  min_lr: 0.000001  loss: 0.0024 (0.0030)  class_acc: 0.9684 (0.9665)  loss_scale: 2199023255552.0000 (1320732488261.2444)  weight_decay: 0.0500 (0.0500)  grad_norm: 0.9531 (1.3132)  time: 0.5084  data: 0.0002  max mem: 20673
Epoch: [20]  [  2000/?]  eta: ?  lr: 0.000377  min_lr: 0.000001  loss: 0.0029 (0.0029)  class_acc: 0.9666 (0.9666)  loss_scale: 2199023255552.0000 (1540195448603.7622)  weight_decay: 0.0500 (0.0500)  grad_norm: 1.2402 (1.3123)  time: 0.5093  data: 0.0002  max mem: 20673
Epoch: [20] Total time: 0:20:41 (0.5089 s / it)
Val:  [     0/?]  eta: ?  loss: 0.0469 (0.0469)  time: 2.5910  data: 2.3930  max mem: 20673
Val:  [    10/?]  eta: ?  loss: 0.0200 (0.0220)  time: 0.4614  data: 0.2622  max mem: 20673
Val:  [    20/?]  eta: ?  loss: 0.0194 (0.0226)  time: 0.2582  data: 0.0589  max mem: 20673
Val:  [    30/?]  eta: ?  loss: 0.0167 (0.0213)  time: 0.2636  data: 0.0644  max mem: 20673
Val:  [    40/?]  eta: ?  loss: 0.0162 (0.0242)  time: 0.2745  data: 0.0753  max mem: 20673
Val:  [    50/?]  eta: ?  loss: 0.0162 (0.0245)  time: 0.2741  data: 0.0749  max mem: 20673
Val:  [    60/?]  eta: ?  loss: 0.0176 (0.0241)  time: 0.2671  data: 0.0680  max mem: 20673
Val:  [    70/?]  eta: ?  loss: 0.0136 (0.0229)  time: 0.2570  data: 0.0579  max mem: 20673
Val:  [    80/?]  eta: ?  loss: 0.0130 (0.0229)  time: 0.2541  data: 0.0550  max mem: 20673
Val:  [    90/?]  eta: ?  loss: 0.0167 (0.0232)  time: 0.2559  data: 0.0569  max mem: 20673
Val:  [   100/?]  eta: ?  loss: 0.0147 (0.0228)  time: 0.2500  data: 0.0510  max mem: 20673
Val:  [   110/?]  eta: ?  loss: 0.0173 (0.0227)  time: 0.2596  data: 0.0605  max mem: 20673
Val:  [   120/?]  eta: ?  loss: 0.0173 (0.0221)  time: 0.2627  data: 0.0637  max mem: 20673
Val:  [   130/?]  eta: ?  loss: 0.0117 (0.0217)  time: 0.2505  data: 0.0515  max mem: 20673
Val:  [   140/?]  eta: ?  loss: 0.0129 (0.0214)  time: 0.2422  data: 0.0433  max mem: 20673
Val:  [   150/?]  eta: ?  loss: 0.0126 (0.0209)  time: 0.2311  data: 0.0321  max mem: 20673
Val:  [   160/?]  eta: ?  loss: 0.0152 (0.0214)  time: 0.2237  data: 0.0246  max mem: 20673
Val:  [   170/?]  eta: ?  loss: 0.0203 (0.0213)  time: 0.2486  data: 0.0496  max mem: 20673
Val:  [   180/?]  eta: ?  loss: 0.0151 (0.0208)  time: 0.2538  data: 0.0547  max mem: 20673
Val:  [   190/?]  eta: ?  loss: 0.0127 (0.0209)  time: 0.2630  data: 0.0639  max mem: 20673
Val:  [   200/?]  eta: ?  loss: 0.0129 (0.0205)  time: 0.2738  data: 0.0747  max mem: 20673
Val:  [   210/?]  eta: ?  loss: 0.0165 (0.0220)  time: 0.2730  data: 0.0740  max mem: 20673
Val:  [   220/?]  eta: ?  loss: 0.0177 (0.0217)  time: 0.2736  data: 0.0746  max mem: 20673
Val:  [   230/?]  eta: ?  loss: 0.0138 (0.0219)  time: 0.2676  data: 0.0687  max mem: 20673
Val:  [   240/?]  eta: ?  loss: 0.0180 (0.0225)  time: 0.2602  data: 0.0613  max mem: 20673
Val:  [   250/?]  eta: ?  loss: 0.0176 (0.0225)  time: 0.2580  data: 0.0590  max mem: 20673
Val:  [   260/?]  eta: ?  loss: 0.0157 (0.0230)  time: 0.2522  data: 0.0531  max mem: 20673
Val:  [   270/?]  eta: ?  loss: 0.0164 (0.0233)  time: 0.2572  data: 0.0582  max mem: 20673
Val:  [   280/?]  eta: ?  loss: 0.0164 (0.0232)  time: 0.2665  data: 0.0675  max mem: 20673
Val:  [   290/?]  eta: ?  loss: 0.0130 (0.0230)  time: 0.2789  data: 0.0799  max mem: 20673
Val:  [   300/?]  eta: ?  loss: 0.0103 (0.0232)  time: 0.2646  data: 0.0656  max mem: 20673
Val:  [   310/?]  eta: ?  loss: 0.0156 (0.0231)  time: 0.2520  data: 0.0530  max mem: 20673
Val:  [   320/?]  eta: ?  loss: 0.0184 (0.0232)  time: 0.2624  data: 0.0634  max mem: 20673
Val:  [   330/?]  eta: ?  loss: 0.0179 (0.0234)  time: 0.2719  data: 0.0730  max mem: 20673
Val:  [   340/?]  eta: ?  loss: 0.0188 (0.0233)  time: 0.2773  data: 0.0783  max mem: 20673
Val:  [   350/?]  eta: ?  loss: 0.0173 (0.0231)  time: 0.2292  data: 0.0504  max mem: 20673
Val: Total time: 0:01:32 (0.2642 s / it)
* loss 0.023
Test:  [     0/?]  eta: ?  loss: 0.0116 (0.0116)  time: 3.1610  data: 2.9632  max mem: 20673
Test:  [    10/?]  eta: ?  loss: 0.0219 (0.0232)  time: 0.5223  data: 0.3237  max mem: 20673
Test:  [    20/?]  eta: ?  loss: 0.0234 (0.0285)  time: 0.2706  data: 0.0719  max mem: 20673
Test:  [    30/?]  eta: ?  loss: 0.0231 (0.0300)  time: 0.2749  data: 0.0762  max mem: 20673
Test:  [    40/?]  eta: ?  loss: 0.0162 (0.0271)  time: 0.2743  data: 0.0756  max mem: 20673
Test:  [    50/?]  eta: ?  loss: 0.0150 (0.0249)  time: 0.2769  data: 0.0782  max mem: 20673
Test:  [    60/?]  eta: ?  loss: 0.0142 (0.0234)  time: 0.2876  data: 0.0889  max mem: 20673
Test:  [    70/?]  eta: ?  loss: 0.0142 (0.0217)  time: 0.2807  data: 0.0820  max mem: 20673
Test:  [    80/?]  eta: ?  loss: 0.0137 (0.0209)  time: 0.2752  data: 0.0765  max mem: 20673
Test:  [    90/?]  eta: ?  loss: 0.0161 (0.0206)  time: 0.2670  data: 0.0683  max mem: 20673
Test:  [   100/?]  eta: ?  loss: 0.0182 (0.0206)  time: 0.2592  data: 0.0605  max mem: 20673
Test:  [   110/?]  eta: ?  loss: 0.0167 (0.0201)  time: 0.2727  data: 0.0739  max mem: 20673
Test:  [   120/?]  eta: ?  loss: 0.0167 (0.0199)  time: 0.2667  data: 0.0680  max mem: 20673
Test:  [   130/?]  eta: ?  loss: 0.0159 (0.0197)  time: 0.2538  data: 0.0551  max mem: 20673
Test:  [   140/?]  eta: ?  loss: 0.0210 (0.0202)  time: 0.2603  data: 0.0616  max mem: 20673
Test:  [   150/?]  eta: ?  loss: 0.0218 (0.0203)  time: 0.2572  data: 0.0585  max mem: 20673
Test:  [   160/?]  eta: ?  loss: 0.0191 (0.0207)  time: 0.2447  data: 0.0460  max mem: 20673
Test:  [   170/?]  eta: ?  loss: 0.0182 (0.0213)  time: 0.2457  data: 0.0469  max mem: 20673
Test:  [   180/?]  eta: ?  loss: 0.0150 (0.0214)  time: 0.2645  data: 0.0657  max mem: 20673
Test:  [   190/?]  eta: ?  loss: 0.0172 (0.0214)  time: 0.2779  data: 0.0791  max mem: 20673
Test:  [   200/?]  eta: ?  loss: 0.0136 (0.0212)  time: 0.2630  data: 0.0641  max mem: 20673
Test:  [   210/?]  eta: ?  loss: 0.0103 (0.0210)  time: 0.2479  data: 0.0491  max mem: 20673
Test:  [   220/?]  eta: ?  loss: 0.0106 (0.0206)  time: 0.2534  data: 0.0545  max mem: 20673
Test:  [   230/?]  eta: ?  loss: 0.0143 (0.0208)  time: 0.2642  data: 0.0654  max mem: 20673
Test:  [   240/?]  eta: ?  loss: 0.0166 (0.0207)  time: 0.2691  data: 0.0704  max mem: 20673
Test:  [   250/?]  eta: ?  loss: 0.0159 (0.0209)  time: 0.2639  data: 0.0650  max mem: 20673
Test:  [   260/?]  eta: ?  loss: 0.0159 (0.0216)  time: 0.2499  data: 0.0511  max mem: 20673
Test:  [   270/?]  eta: ?  loss: 0.0243 (0.0217)  time: 0.2419  data: 0.0431  max mem: 20673
Test:  [   280/?]  eta: ?  loss: 0.0145 (0.0214)  time: 0.2491  data: 0.0502  max mem: 20673
Test:  [   290/?]  eta: ?  loss: 0.0137 (0.0214)  time: 0.2509  data: 0.0520  max mem: 20673
Test:  [   300/?]  eta: ?  loss: 0.0137 (0.0214)  time: 0.2416  data: 0.0427  max mem: 20673
Test:  [   310/?]  eta: ?  loss: 0.0154 (0.0214)  time: 0.2523  data: 0.0534  max mem: 20673
Test:  [   320/?]  eta: ?  loss: 0.0184 (0.0218)  time: 0.2636  data: 0.0648  max mem: 20673
Test:  [   330/?]  eta: ?  loss: 0.0185 (0.0216)  time: 0.2554  data: 0.0565  max mem: 20673
Test:  [   340/?]  eta: ?  loss: 0.0151 (0.0215)  time: 0.2571  data: 0.0581  max mem: 20673
Test: Total time: 0:01:32 (0.2672 s / it)
* loss 0.022
  → Epoch  21/50 | Train Loss: 0.0029 | Val Loss: 0.0231 | Train score (1/(1+norm_MAE)): 0.9668 | Val MAE (years): 1.9490 | LR: 0.000001
Best val MAE (years): 1.8980, test MAE at best val: 1.8206
  Test segment MAE: 1.8825 | participant median MAE: 1.6597 | participant mean MAE: 1.6738
Epoch: [21]  [     0/?]  eta: ?  lr: 0.000362  min_lr: 0.000001  loss: 0.0025 (0.0025)  class_acc: 0.9682 (0.9682)  loss_scale: 2199023255552.0000 (2199023255552.0000)  weight_decay: 0.0500 (0.0500)  grad_norm: 1.6110 (1.6110)  time: 7.8573  data: 7.3552  max mem: 20673
Epoch: [21]  [   500/?]  eta: ?  lr: 0.000362  min_lr: 0.000001  loss: 0.0026 (0.0028)  class_acc: 0.9674 (0.9673)  loss_scale: 2199023255552.0000 (2199023255552.0000)  weight_decay: 0.0500 (0.0500)  grad_norm: 0.9227 (1.2895)  time: 0.5046  data: 0.0002  max mem: 20673
Epoch: [21]  [  1000/?]  eta: ?  lr: 0.000362  min_lr: 0.000001  loss: 0.0025 (0.0028)  class_acc: 0.9687 (0.9677)  loss_scale: 4398046511104.0000 (2730655251399.7363)  weight_decay: 0.0500 (0.0500)  grad_norm: 1.0373 (1.2803)  time: 0.5114  data: 0.0002  max mem: 20673
Epoch: [21]  [  1500/?]  eta: ?  lr: 0.000362  min_lr: 0.000001  loss: 0.0022 (0.0028)  class_acc: 0.9697 (0.9678)  loss_scale: 4398046511104.0000 (3286082053433.1353)  weight_decay: 0.0500 (0.0500)  grad_norm: 0.9707 (1.2624)  time: 0.5024  data: 0.0002  max mem: 20673
Epoch: [21]  [  2000/?]  eta: ?  lr: 0.000362  min_lr: 0.000001  loss: 0.0024 (0.0027)  class_acc: 0.9674 (0.9679)  loss_scale: 4398046511104.0000 (3563934241756.6895)  weight_decay: 0.0500 (0.0500)  grad_norm: 1.2775 (1.2684)  time: 0.5019  data: 0.0002  max mem: 20673
Epoch: [21] Total time: 0:20:44 (0.5099 s / it)
Val:  [     0/?]  eta: ?  loss: 0.0420 (0.0420)  time: 2.6514  data: 2.4531  max mem: 20673
Val:  [    10/?]  eta: ?  loss: 0.0211 (0.0250)  time: 0.4566  data: 0.2575  max mem: 20673
Val:  [    20/?]  eta: ?  loss: 0.0201 (0.0250)  time: 0.2523  data: 0.0531  max mem: 20673
Val:  [    30/?]  eta: ?  loss: 0.0171 (0.0231)  time: 0.2700  data: 0.0709  max mem: 20673
Val:  [    40/?]  eta: ?  loss: 0.0170 (0.0258)  time: 0.2693  data: 0.0702  max mem: 20673
Val:  [    50/?]  eta: ?  loss: 0.0150 (0.0256)  time: 0.2878  data: 0.0887  max mem: 20673
Val:  [    60/?]  eta: ?  loss: 0.0189 (0.0250)  time: 0.2805  data: 0.0815  max mem: 20673
Val:  [    70/?]  eta: ?  loss: 0.0172 (0.0238)  time: 0.2507  data: 0.0517  max mem: 20673
Val:  [    80/?]  eta: ?  loss: 0.0127 (0.0238)  time: 0.2527  data: 0.0538  max mem: 20673
Val:  [    90/?]  eta: ?  loss: 0.0179 (0.0239)  time: 0.2714  data: 0.0724  max mem: 20673
Val:  [   100/?]  eta: ?  loss: 0.0151 (0.0234)  time: 0.2660  data: 0.0672  max mem: 20673
Val:  [   110/?]  eta: ?  loss: 0.0156 (0.0231)  time: 0.2555  data: 0.0566  max mem: 20673
Val:  [   120/?]  eta: ?  loss: 0.0148 (0.0223)  time: 0.2563  data: 0.0573  max mem: 20673
Val:  [   130/?]  eta: ?  loss: 0.0127 (0.0220)  time: 0.2632  data: 0.0642  max mem: 20673
Val:  [   140/?]  eta: ?  loss: 0.0138 (0.0215)  time: 0.2672  data: 0.0683  max mem: 20673
Val:  [   150/?]  eta: ?  loss: 0.0106 (0.0212)  time: 0.2610  data: 0.0621  max mem: 20673
Val:  [   160/?]  eta: ?  loss: 0.0186 (0.0217)  time: 0.2547  data: 0.0557  max mem: 20673
Val:  [   170/?]  eta: ?  loss: 0.0167 (0.0215)  time: 0.2518  data: 0.0528  max mem: 20673
Val:  [   180/?]  eta: ?  loss: 0.0131 (0.0210)  time: 0.2503  data: 0.0513  max mem: 20673
Val:  [   190/?]  eta: ?  loss: 0.0125 (0.0210)  time: 0.2620  data: 0.0630  max mem: 20673
Val:  [   200/?]  eta: ?  loss: 0.0134 (0.0206)  time: 0.2723  data: 0.0734  max mem: 20673
Val:  [   210/?]  eta: ?  loss: 0.0140 (0.0220)  time: 0.2644  data: 0.0656  max mem: 20673
Val:  [   220/?]  eta: ?  loss: 0.0153 (0.0218)  time: 0.2586  data: 0.0597  max mem: 20673
Val:  [   230/?]  eta: ?  loss: 0.0165 (0.0220)  time: 0.2550  data: 0.0561  max mem: 20673
Val:  [   240/?]  eta: ?  loss: 0.0201 (0.0226)  time: 0.2543  data: 0.0554  max mem: 20673
Val:  [   250/?]  eta: ?  loss: 0.0179 (0.0226)  time: 0.2631  data: 0.0641  max mem: 20673
Val:  [   260/?]  eta: ?  loss: 0.0168 (0.0231)  time: 0.2586  data: 0.0597  max mem: 20673
Val:  [   270/?]  eta: ?  loss: 0.0164 (0.0233)  time: 0.2690  data: 0.0701  max mem: 20673
Val:  [   280/?]  eta: ?  loss: 0.0164 (0.0233)  time: 0.2914  data: 0.0926  max mem: 20673
Val:  [   290/?]  eta: ?  loss: 0.0136 (0.0231)  time: 0.2827  data: 0.0839  max mem: 20673
Val:  [   300/?]  eta: ?  loss: 0.0125 (0.0234)  time: 0.2551  data: 0.0563  max mem: 20673
Val:  [   310/?]  eta: ?  loss: 0.0168 (0.0235)  time: 0.2425  data: 0.0436  max mem: 20673
Val:  [   320/?]  eta: ?  loss: 0.0203 (0.0236)  time: 0.2665  data: 0.0676  max mem: 20673
Val:  [   330/?]  eta: ?  loss: 0.0194 (0.0239)  time: 0.2810  data: 0.0820  max mem: 20673
Val:  [   340/?]  eta: ?  loss: 0.0185 (0.0239)  time: 0.2728  data: 0.0739  max mem: 20673
Val:  [   350/?]  eta: ?  loss: 0.0138 (0.0236)  time: 0.2283  data: 0.0496  max mem: 20673
Val: Total time: 0:01:34 (0.2679 s / it)
* loss 0.024
Test:  [     0/?]  eta: ?  loss: 0.0120 (0.0120)  time: 3.3697  data: 3.1719  max mem: 20673
Test:  [    10/?]  eta: ?  loss: 0.0195 (0.0218)  time: 0.5519  data: 0.3533  max mem: 20673
Test:  [    20/?]  eta: ?  loss: 0.0273 (0.0295)  time: 0.2891  data: 0.0905  max mem: 20673
Test:  [    30/?]  eta: ?  loss: 0.0162 (0.0315)  time: 0.2857  data: 0.0871  max mem: 20673
Test:  [    40/?]  eta: ?  loss: 0.0162 (0.0287)  time: 0.2659  data: 0.0672  max mem: 20673
Test:  [    50/?]  eta: ?  loss: 0.0151 (0.0263)  time: 0.2651  data: 0.0664  max mem: 20673
Test:  [    60/?]  eta: ?  loss: 0.0151 (0.0248)  time: 0.2662  data: 0.0676  max mem: 20673
Test:  [    70/?]  eta: ?  loss: 0.0134 (0.0231)  time: 0.2654  data: 0.0668  max mem: 20673
Test:  [    80/?]  eta: ?  loss: 0.0149 (0.0221)  time: 0.2688  data: 0.0701  max mem: 20673
Test:  [    90/?]  eta: ?  loss: 0.0166 (0.0220)  time: 0.2584  data: 0.0596  max mem: 20673
Test:  [   100/?]  eta: ?  loss: 0.0141 (0.0215)  time: 0.2535  data: 0.0547  max mem: 20673
Test:  [   110/?]  eta: ?  loss: 0.0137 (0.0208)  time: 0.2602  data: 0.0614  max mem: 20673
Test:  [   120/?]  eta: ?  loss: 0.0170 (0.0205)  time: 0.2662  data: 0.0674  max mem: 20673
Test:  [   130/?]  eta: ?  loss: 0.0170 (0.0204)  time: 0.2576  data: 0.0588  max mem: 20673
Test:  [   140/?]  eta: ?  loss: 0.0175 (0.0209)  time: 0.2545  data: 0.0556  max mem: 20673
Test:  [   150/?]  eta: ?  loss: 0.0169 (0.0208)  time: 0.2579  data: 0.0591  max mem: 20673
Test:  [   160/?]  eta: ?  loss: 0.0150 (0.0212)  time: 0.2433  data: 0.0445  max mem: 20673
Test:  [   170/?]  eta: ?  loss: 0.0153 (0.0219)  time: 0.2386  data: 0.0398  max mem: 20673
Test:  [   180/?]  eta: ?  loss: 0.0137 (0.0218)  time: 0.2583  data: 0.0596  max mem: 20673
Test:  [   190/?]  eta: ?  loss: 0.0182 (0.0218)  time: 0.2709  data: 0.0721  max mem: 20673
Test:  [   200/?]  eta: ?  loss: 0.0136 (0.0215)  time: 0.2629  data: 0.0641  max mem: 20673
Test:  [   210/?]  eta: ?  loss: 0.0108 (0.0214)  time: 0.2615  data: 0.0627  max mem: 20673
Test:  [   220/?]  eta: ?  loss: 0.0123 (0.0209)  time: 0.2676  data: 0.0688  max mem: 20673
Test:  [   230/?]  eta: ?  loss: 0.0134 (0.0212)  time: 0.2708  data: 0.0721  max mem: 20673
Test:  [   240/?]  eta: ?  loss: 0.0152 (0.0212)  time: 0.2737  data: 0.0750  max mem: 20673
Test:  [   250/?]  eta: ?  loss: 0.0160 (0.0214)  time: 0.2603  data: 0.0615  max mem: 20673
Test:  [   260/?]  eta: ?  loss: 0.0162 (0.0222)  time: 0.2406  data: 0.0418  max mem: 20673
Test:  [   270/?]  eta: ?  loss: 0.0218 (0.0223)  time: 0.2374  data: 0.0386  max mem: 20673
Test:  [   280/?]  eta: ?  loss: 0.0179 (0.0221)  time: 0.2465  data: 0.0477  max mem: 20673
Test:  [   290/?]  eta: ?  loss: 0.0146 (0.0220)  time: 0.2499  data: 0.0511  max mem: 20673
Test:  [   300/?]  eta: ?  loss: 0.0146 (0.0220)  time: 0.2446  data: 0.0457  max mem: 20673
Test:  [   310/?]  eta: ?  loss: 0.0187 (0.0220)  time: 0.2551  data: 0.0562  max mem: 20673
Test:  [   320/?]  eta: ?  loss: 0.0198 (0.0225)  time: 0.2655  data: 0.0667  max mem: 20673
Test:  [   330/?]  eta: ?  loss: 0.0160 (0.0222)  time: 0.2587  data: 0.0599  max mem: 20673
Test:  [   340/?]  eta: ?  loss: 0.0148 (0.0222)  time: 0.2528  data: 0.0539  max mem: 20673
Test: Total time: 0:01:32 (0.2660 s / it)
* loss 0.022
  → Epoch  22/50 | Train Loss: 0.0027 | Val Loss: 0.0236 | Train score (1/(1+norm_MAE)): 0.9680 | Val MAE (years): 1.9521 | LR: 0.000001
Best val MAE (years): 1.8980, test MAE at best val: 1.8206
  Test segment MAE: 1.8854 | participant median MAE: 1.6752 | participant mean MAE: 1.6715
Epoch: [22]  [     0/?]  eta: ?  lr: 0.000347  min_lr: 0.000001  loss: 0.0033 (0.0033)  class_acc: 0.9662 (0.9662)  loss_scale: 4398046511104.0000 (4398046511104.0000)  weight_decay: 0.0500 (0.0500)  grad_norm: 1.7334 (1.7334)  time: 6.4461  data: 5.9339  max mem: 20673
Epoch: [22]  [   500/?]  eta: ?  lr: 0.000347  min_lr: 0.000001  loss: 0.0025 (0.0026)  class_acc: 0.9691 (0.9688)  loss_scale: 8796093022208.0000 (5995740054059.9443)  weight_decay: 0.0500 (0.0500)  grad_norm: 1.1047 (1.2011)  time: 0.5010  data: 0.0002  max mem: 20673
Epoch: [22]  [  1000/?]  eta: ?  lr: 0.000347  min_lr: 0.000001  loss: 0.0025 (0.0026)  class_acc: 0.9693 (0.9689)  loss_scale: 8796093022208.0000 (7394517760427.6045)  weight_decay: 0.0500 (0.0500)  grad_norm: 0.9594 (1.2203)  time: 0.5077  data: 0.0002  max mem: 20673
Epoch: [22]  [  1500/?]  eta: ?  lr: 0.000347  min_lr: 0.000001  loss: 0.0020 (0.0026)  class_acc: 0.9706 (0.9690)  loss_scale: 8796093022208.0000 (7861398260687.5625)  weight_decay: 0.0500 (0.0500)  grad_norm: 0.7315 (1.2094)  time: 0.5067  data: 0.0003  max mem: 20673
Epoch: [22]  [  2000/?]  eta: ?  lr: 0.000346  min_lr: 0.000001  loss: 0.0027 (0.0026)  class_acc: 0.9685 (0.9691)  loss_scale: 8796093022208.0000 (8094955172611.7100)  weight_decay: 0.0500 (0.0500)  grad_norm: 1.0089 (1.2205)  time: 0.5062  data: 0.0002  max mem: 20673
Epoch: [22] Total time: 0:20:43 (0.5096 s / it)
Val:  [     0/?]  eta: ?  loss: 0.0412 (0.0412)  time: 2.5701  data: 2.3718  max mem: 20673
Val:  [    10/?]  eta: ?  loss: 0.0205 (0.0227)  time: 0.4625  data: 0.2633  max mem: 20673
Val:  [    20/?]  eta: ?  loss: 0.0205 (0.0233)  time: 0.2463  data: 0.0472  max mem: 20673
Val:  [    30/?]  eta: ?  loss: 0.0175 (0.0215)  time: 0.2433  data: 0.0442  max mem: 20673
Val:  [    40/?]  eta: ?  loss: 0.0138 (0.0245)  time: 0.2598  data: 0.0607  max mem: 20673
Val:  [    50/?]  eta: ?  loss: 0.0143 (0.0246)  time: 0.3031  data: 0.1041  max mem: 20673
Val:  [    60/?]  eta: ?  loss: 0.0157 (0.0245)  time: 0.3058  data: 0.1069  max mem: 20673
Val:  [    70/?]  eta: ?  loss: 0.0170 (0.0234)  time: 0.2837  data: 0.0849  max mem: 20673
Val:  [    80/?]  eta: ?  loss: 0.0148 (0.0233)  time: 0.2614  data: 0.0625  max mem: 20673
Val:  [    90/?]  eta: ?  loss: 0.0173 (0.0236)  time: 0.2552  data: 0.0563  max mem: 20673
Val:  [   100/?]  eta: ?  loss: 0.0158 (0.0230)  time: 0.2631  data: 0.0641  max mem: 20673
Val:  [   110/?]  eta: ?  loss: 0.0155 (0.0227)  time: 0.2578  data: 0.0588  max mem: 20673
Val:  [   120/?]  eta: ?  loss: 0.0139 (0.0220)  time: 0.2520  data: 0.0530  max mem: 20673
Val:  [   130/?]  eta: ?  loss: 0.0116 (0.0217)  time: 0.2573  data: 0.0583  max mem: 20673
Val:  [   140/?]  eta: ?  loss: 0.0116 (0.0216)  time: 0.2559  data: 0.0569  max mem: 20673
Val:  [   150/?]  eta: ?  loss: 0.0104 (0.0212)  time: 0.2449  data: 0.0458  max mem: 20673
Val:  [   160/?]  eta: ?  loss: 0.0196 (0.0220)  time: 0.2419  data: 0.0430  max mem: 20673
Val:  [   170/?]  eta: ?  loss: 0.0217 (0.0218)  time: 0.2518  data: 0.0528  max mem: 20673
Val:  [   180/?]  eta: ?  loss: 0.0137 (0.0214)  time: 0.2644  data: 0.0655  max mem: 20673
Val:  [   190/?]  eta: ?  loss: 0.0121 (0.0213)  time: 0.2736  data: 0.0748  max mem: 20673
Val:  [   200/?]  eta: ?  loss: 0.0122 (0.0208)  time: 0.2787  data: 0.0799  max mem: 20673
Val:  [   210/?]  eta: ?  loss: 0.0146 (0.0223)  time: 0.2642  data: 0.0654  max mem: 20673
Val:  [   220/?]  eta: ?  loss: 0.0176 (0.0220)  time: 0.2541  data: 0.0553  max mem: 20673
Val:  [   230/?]  eta: ?  loss: 0.0153 (0.0223)  time: 0.2529  data: 0.0542  max mem: 20673
Val:  [   240/?]  eta: ?  loss: 0.0194 (0.0229)  time: 0.2757  data: 0.0771  max mem: 20673
Val:  [   250/?]  eta: ?  loss: 0.0168 (0.0229)  time: 0.2800  data: 0.0812  max mem: 20673
Val:  [   260/?]  eta: ?  loss: 0.0146 (0.0236)  time: 0.2706  data: 0.0718  max mem: 20673
Val:  [   270/?]  eta: ?  loss: 0.0178 (0.0239)  time: 0.2603  data: 0.0617  max mem: 20673
Val:  [   280/?]  eta: ?  loss: 0.0184 (0.0238)  time: 0.2611  data: 0.0625  max mem: 20673
Val:  [   290/?]  eta: ?  loss: 0.0136 (0.0237)  time: 0.2564  data: 0.0576  max mem: 20673
Val:  [   300/?]  eta: ?  loss: 0.0107 (0.0240)  time: 0.2526  data: 0.0538  max mem: 20673
Val:  [   310/?]  eta: ?  loss: 0.0168 (0.0241)  time: 0.2651  data: 0.0664  max mem: 20673
Val:  [   320/?]  eta: ?  loss: 0.0211 (0.0242)  time: 0.2644  data: 0.0655  max mem: 20673
Val:  [   330/?]  eta: ?  loss: 0.0198 (0.0246)  time: 0.2583  data: 0.0594  max mem: 20673
Val:  [   340/?]  eta: ?  loss: 0.0198 (0.0245)  time: 0.2409  data: 0.0422  max mem: 20673
Val:  [   350/?]  eta: ?  loss: 0.0164 (0.0244)  time: 0.2228  data: 0.0441  max mem: 20673
Val: Total time: 0:01:33 (0.2664 s / it)
* loss 0.024
Test:  [     0/?]  eta: ?  loss: 0.0167 (0.0167)  time: 2.3271  data: 2.1292  max mem: 20673
Test:  [    10/?]  eta: ?  loss: 0.0173 (0.0205)  time: 0.4287  data: 0.2301  max mem: 20673
Test:  [    20/?]  eta: ?  loss: 0.0180 (0.0280)  time: 0.2663  data: 0.0676  max mem: 20673
Test:  [    30/?]  eta: ?  loss: 0.0220 (0.0306)  time: 0.2783  data: 0.0796  max mem: 20673
Test:  [    40/?]  eta: ?  loss: 0.0170 (0.0278)  time: 0.2673  data: 0.0687  max mem: 20673
Test:  [    50/?]  eta: ?  loss: 0.0163 (0.0262)  time: 0.2667  data: 0.0680  max mem: 20673
Test:  [    60/?]  eta: ?  loss: 0.0143 (0.0247)  time: 0.2720  data: 0.0733  max mem: 20673
Test:  [    70/?]  eta: ?  loss: 0.0143 (0.0230)  time: 0.2759  data: 0.0772  max mem: 20673
Test:  [    80/?]  eta: ?  loss: 0.0137 (0.0221)  time: 0.2776  data: 0.0789  max mem: 20673
Test:  [    90/?]  eta: ?  loss: 0.0145 (0.0219)  time: 0.2565  data: 0.0578  max mem: 20673
Test:  [   100/?]  eta: ?  loss: 0.0174 (0.0217)  time: 0.2456  data: 0.0468  max mem: 20673
Test:  [   110/?]  eta: ?  loss: 0.0174 (0.0211)  time: 0.2613  data: 0.0625  max mem: 20673
Test:  [   120/?]  eta: ?  loss: 0.0153 (0.0208)  time: 0.2638  data: 0.0651  max mem: 20673
Test:  [   130/?]  eta: ?  loss: 0.0153 (0.0206)  time: 0.2534  data: 0.0546  max mem: 20673
Test:  [   140/?]  eta: ?  loss: 0.0187 (0.0209)  time: 0.2564  data: 0.0576  max mem: 20673
Test:  [   150/?]  eta: ?  loss: 0.0183 (0.0209)  time: 0.2554  data: 0.0566  max mem: 20673
Test:  [   160/?]  eta: ?  loss: 0.0152 (0.0212)  time: 0.2477  data: 0.0489  max mem: 20673
Test:  [   170/?]  eta: ?  loss: 0.0170 (0.0216)  time: 0.2495  data: 0.0506  max mem: 20673
Test:  [   180/?]  eta: ?  loss: 0.0174 (0.0217)  time: 0.2642  data: 0.0654  max mem: 20673
Test:  [   190/?]  eta: ?  loss: 0.0185 (0.0217)  time: 0.2688  data: 0.0699  max mem: 20673
Test:  [   200/?]  eta: ?  loss: 0.0143 (0.0215)  time: 0.2532  data: 0.0544  max mem: 20673
Test:  [   210/?]  eta: ?  loss: 0.0120 (0.0214)  time: 0.2440  data: 0.0451  max mem: 20673
Test:  [   220/?]  eta: ?  loss: 0.0095 (0.0209)  time: 0.2498  data: 0.0509  max mem: 20673
Test:  [   230/?]  eta: ?  loss: 0.0144 (0.0212)  time: 0.2606  data: 0.0617  max mem: 20673
Test:  [   240/?]  eta: ?  loss: 0.0210 (0.0212)  time: 0.2637  data: 0.0649  max mem: 20673
Test:  [   250/?]  eta: ?  loss: 0.0198 (0.0215)  time: 0.2592  data: 0.0604  max mem: 20673
Test:  [   260/?]  eta: ?  loss: 0.0209 (0.0221)  time: 0.2420  data: 0.0431  max mem: 20673
Test:  [   270/?]  eta: ?  loss: 0.0219 (0.0222)  time: 0.2619  data: 0.0630  max mem: 20673
Test:  [   280/?]  eta: ?  loss: 0.0179 (0.0220)  time: 0.2567  data: 0.0578  max mem: 20673
Test:  [   290/?]  eta: ?  loss: 0.0154 (0.0219)  time: 0.2501  data: 0.0512  max mem: 20673
Test:  [   300/?]  eta: ?  loss: 0.0133 (0.0219)  time: 0.2608  data: 0.0618  max mem: 20673
Test:  [   310/?]  eta: ?  loss: 0.0192 (0.0219)  time: 0.2520  data: 0.0529  max mem: 20673
Test:  [   320/?]  eta: ?  loss: 0.0214 (0.0223)  time: 0.2433  data: 0.0443  max mem: 20673
Test:  [   330/?]  eta: ?  loss: 0.0170 (0.0221)  time: 0.2493  data: 0.0504  max mem: 20673
Test:  [   340/?]  eta: ?  loss: 0.0168 (0.0221)  time: 0.2627  data: 0.0639  max mem: 20673
Test: Total time: 0:01:31 (0.2621 s / it)
* loss 0.022
  → Epoch  23/50 | Train Loss: 0.0026 | Val Loss: 0.0243 | Train score (1/(1+norm_MAE)): 0.9692 | Val MAE (years): 1.9745 | LR: 0.000001
Best val MAE (years): 1.8980, test MAE at best val: 1.8206
  Test segment MAE: 1.9033 | participant median MAE: 1.6869 | participant mean MAE: 1.6722
Epoch: [23]  [     0/?]  eta: ?  lr: 0.000331  min_lr: 0.000001  loss: 0.0018 (0.0018)  class_acc: 0.9721 (0.9721)  loss_scale: 17592186044416.0000 (17592186044416.0000)  weight_decay: 0.0500 (0.0500)  grad_norm: 0.5961 (0.5961)  time: 8.3837  data: 7.8933  max mem: 20673
Epoch: [23]  [   500/?]  eta: ?  lr: 0.000331  min_lr: 0.000001  loss: 0.0021 (0.0025)  class_acc: 0.9711 (0.9698)  loss_scale: 17592186044416.0000 (17592186044416.0000)  weight_decay: 0.0500 (0.0500)  grad_norm: 0.9539 (1.2225)  time: 0.5046  data: 0.0003  max mem: 20673
Epoch: [23]  [  1000/?]  eta: ?  lr: 0.000331  min_lr: 0.000001  loss: 0.0023 (0.0025)  class_acc: 0.9709 (0.9699)  loss_scale: 17592186044416.0000 (17592186044416.0000)  weight_decay: 0.0500 (0.0500)  grad_norm: 0.9606 (1.2366)  time: 0.5062  data: 0.0002  max mem: 20673
Epoch: [23]  [  1500/?]  eta: ?  lr: 0.000330  min_lr: 0.000001  loss: 0.0020 (0.0024)  class_acc: 0.9716 (0.9701)  loss_scale: 17592186044416.0000 (17592186044416.0000)  weight_decay: 0.0500 (0.0500)  grad_norm: 0.7945 (1.2177)  time: 0.5019  data: 0.0002  max mem: 20673
Epoch: [23]  [  2000/?]  eta: ?  lr: 0.000330  min_lr: 0.000001  loss: 0.0025 (0.0024)  class_acc: 0.9700 (0.9702)  loss_scale: 35184372088832.0000 (18664773099597.7852)  weight_decay: 0.0500 (0.0500)  grad_norm: 0.9061 (1.2080)  time: 0.5066  data: 0.0002  max mem: 20673
Epoch: [23] Total time: 0:20:44 (0.5102 s / it)
Val:  [     0/?]  eta: ?  loss: 0.0403 (0.0403)  time: 2.2955  data: 2.0974  max mem: 20673
Val:  [    10/?]  eta: ?  loss: 0.0220 (0.0227)  time: 0.4459  data: 0.2469  max mem: 20673
Val:  [    20/?]  eta: ?  loss: 0.0220 (0.0239)  time: 0.2667  data: 0.0676  max mem: 20673
Val:  [    30/?]  eta: ?  loss: 0.0198 (0.0221)  time: 0.2599  data: 0.0608  max mem: 20673
Val:  [    40/?]  eta: ?  loss: 0.0168 (0.0248)  time: 0.2671  data: 0.0682  max mem: 20673
Val:  [    50/?]  eta: ?  loss: 0.0163 (0.0249)  time: 0.2799  data: 0.0811  max mem: 20673
Val:  [    60/?]  eta: ?  loss: 0.0175 (0.0249)  time: 0.2729  data: 0.0742  max mem: 20673
Val:  [    70/?]  eta: ?  loss: 0.0173 (0.0237)  time: 0.2783  data: 0.0796  max mem: 20673
Val:  [    80/?]  eta: ?  loss: 0.0157 (0.0236)  time: 0.2712  data: 0.0726  max mem: 20673
Val:  [    90/?]  eta: ?  loss: 0.0175 (0.0237)  time: 0.2745  data: 0.0758  max mem: 20673
Val:  [   100/?]  eta: ?  loss: 0.0136 (0.0232)  time: 0.2735  data: 0.0747  max mem: 20673
Val:  [   110/?]  eta: ?  loss: 0.0140 (0.0229)  time: 0.2650  data: 0.0662  max mem: 20673
Val:  [   120/?]  eta: ?  loss: 0.0139 (0.0222)  time: 0.2589  data: 0.0601  max mem: 20673
Val:  [   130/?]  eta: ?  loss: 0.0117 (0.0217)  time: 0.2508  data: 0.0520  max mem: 20673
Val:  [   140/?]  eta: ?  loss: 0.0117 (0.0216)  time: 0.2429  data: 0.0441  max mem: 20673
Val:  [   150/?]  eta: ?  loss: 0.0100 (0.0212)  time: 0.2465  data: 0.0477  max mem: 20673
Val:  [   160/?]  eta: ?  loss: 0.0188 (0.0218)  time: 0.2536  data: 0.0547  max mem: 20673
Val:  [   170/?]  eta: ?  loss: 0.0193 (0.0216)  time: 0.2583  data: 0.0593  max mem: 20673
Val:  [   180/?]  eta: ?  loss: 0.0117 (0.0211)  time: 0.2767  data: 0.0778  max mem: 20673
Val:  [   190/?]  eta: ?  loss: 0.0111 (0.0212)  time: 0.2814  data: 0.0826  max mem: 20673
Val:  [   200/?]  eta: ?  loss: 0.0121 (0.0208)  time: 0.2651  data: 0.0663  max mem: 20673
Val:  [   210/?]  eta: ?  loss: 0.0133 (0.0223)  time: 0.2510  data: 0.0522  max mem: 20673
Val:  [   220/?]  eta: ?  loss: 0.0157 (0.0221)  time: 0.2637  data: 0.0650  max mem: 20673
Val:  [   230/?]  eta: ?  loss: 0.0158 (0.0224)  time: 0.2664  data: 0.0676  max mem: 20673
Val:  [   240/?]  eta: ?  loss: 0.0192 (0.0230)  time: 0.2710  data: 0.0722  max mem: 20673
Val:  [   250/?]  eta: ?  loss: 0.0190 (0.0231)  time: 0.2617  data: 0.0628  max mem: 20673
Val:  [   260/?]  eta: ?  loss: 0.0159 (0.0237)  time: 0.2649  data: 0.0661  max mem: 20673
Val:  [   270/?]  eta: ?  loss: 0.0173 (0.0239)  time: 0.2662  data: 0.0674  max mem: 20673
Val:  [   280/?]  eta: ?  loss: 0.0173 (0.0239)  time: 0.2593  data: 0.0604  max mem: 20673
Val:  [   290/?]  eta: ?  loss: 0.0137 (0.0237)  time: 0.2547  data: 0.0558  max mem: 20673
Val:  [   300/?]  eta: ?  loss: 0.0119 (0.0239)  time: 0.2469  data: 0.0480  max mem: 20673
Val:  [   310/?]  eta: ?  loss: 0.0137 (0.0241)  time: 0.2589  data: 0.0600  max mem: 20673
Val:  [   320/?]  eta: ?  loss: 0.0231 (0.0242)  time: 0.2631  data: 0.0642  max mem: 20673
Val:  [   330/?]  eta: ?  loss: 0.0206 (0.0245)  time: 0.2482  data: 0.0493  max mem: 20673
Val:  [   340/?]  eta: ?  loss: 0.0199 (0.0245)  time: 0.2530  data: 0.0540  max mem: 20673
Val:  [   350/?]  eta: ?  loss: 0.0163 (0.0242)  time: 0.2295  data: 0.0506  max mem: 20673
Val: Total time: 0:01:33 (0.2660 s / it)
* loss 0.024
Test:  [     0/?]  eta: ?  loss: 0.0160 (0.0160)  time: 2.1746  data: 1.9765  max mem: 20673
Test:  [    10/?]  eta: ?  loss: 0.0176 (0.0206)  time: 0.4311  data: 0.2323  max mem: 20673
Test:  [    20/?]  eta: ?  loss: 0.0192 (0.0289)  time: 0.2727  data: 0.0739  max mem: 20673
Test:  [    30/?]  eta: ?  loss: 0.0268 (0.0317)  time: 0.2757  data: 0.0767  max mem: 20673
Test:  [    40/?]  eta: ?  loss: 0.0198 (0.0292)  time: 0.2659  data: 0.0668  max mem: 20673
Test:  [    50/?]  eta: ?  loss: 0.0151 (0.0268)  time: 0.2657  data: 0.0668  max mem: 20673
Test:  [    60/?]  eta: ?  loss: 0.0148 (0.0254)  time: 0.2777  data: 0.0789  max mem: 20673
Test:  [    70/?]  eta: ?  loss: 0.0148 (0.0235)  time: 0.2783  data: 0.0795  max mem: 20673
Test:  [    80/?]  eta: ?  loss: 0.0122 (0.0225)  time: 0.2696  data: 0.0708  max mem: 20673
Test:  [    90/?]  eta: ?  loss: 0.0163 (0.0222)  time: 0.2597  data: 0.0608  max mem: 20673
Test:  [   100/?]  eta: ?  loss: 0.0163 (0.0218)  time: 0.2607  data: 0.0619  max mem: 20673
Test:  [   110/?]  eta: ?  loss: 0.0135 (0.0211)  time: 0.2639  data: 0.0651  max mem: 20673
Test:  [   120/?]  eta: ?  loss: 0.0139 (0.0209)  time: 0.2506  data: 0.0516  max mem: 20673
Test:  [   130/?]  eta: ?  loss: 0.0170 (0.0208)  time: 0.2436  data: 0.0447  max mem: 20673
Test:  [   140/?]  eta: ?  loss: 0.0184 (0.0212)  time: 0.2533  data: 0.0544  max mem: 20673
Test:  [   150/?]  eta: ?  loss: 0.0174 (0.0209)  time: 0.2600  data: 0.0611  max mem: 20673
Test:  [   160/?]  eta: ?  loss: 0.0155 (0.0213)  time: 0.2470  data: 0.0481  max mem: 20673
Test:  [   170/?]  eta: ?  loss: 0.0186 (0.0221)  time: 0.2409  data: 0.0421  max mem: 20673
Test:  [   180/?]  eta: ?  loss: 0.0154 (0.0220)  time: 0.2663  data: 0.0676  max mem: 20673
Test:  [   190/?]  eta: ?  loss: 0.0163 (0.0219)  time: 0.2816  data: 0.0828  max mem: 20673
Test:  [   200/?]  eta: ?  loss: 0.0143 (0.0218)  time: 0.2630  data: 0.0643  max mem: 20673
Test:  [   210/?]  eta: ?  loss: 0.0097 (0.0215)  time: 0.2552  data: 0.0563  max mem: 20673
Test:  [   220/?]  eta: ?  loss: 0.0094 (0.0211)  time: 0.2601  data: 0.0612  max mem: 20673
Test:  [   230/?]  eta: ?  loss: 0.0142 (0.0215)  time: 0.2617  data: 0.0628  max mem: 20673
Test:  [   240/?]  eta: ?  loss: 0.0155 (0.0214)  time: 0.2663  data: 0.0674  max mem: 20673
Test:  [   250/?]  eta: ?  loss: 0.0168 (0.0217)  time: 0.2541  data: 0.0552  max mem: 20673
Test:  [   260/?]  eta: ?  loss: 0.0227 (0.0226)  time: 0.2424  data: 0.0435  max mem: 20673
Test:  [   270/?]  eta: ?  loss: 0.0198 (0.0226)  time: 0.2419  data: 0.0429  max mem: 20673
Test:  [   280/?]  eta: ?  loss: 0.0158 (0.0223)  time: 0.2462  data: 0.0472  max mem: 20673
Test:  [   290/?]  eta: ?  loss: 0.0141 (0.0223)  time: 0.2610  data: 0.0620  max mem: 20673
Test:  [   300/?]  eta: ?  loss: 0.0141 (0.0224)  time: 0.2610  data: 0.0619  max mem: 20673
Test:  [   310/?]  eta: ?  loss: 0.0158 (0.0223)  time: 0.2668  data: 0.0678  max mem: 20673
Test:  [   320/?]  eta: ?  loss: 0.0195 (0.0227)  time: 0.2604  data: 0.0614  max mem: 20673
Test:  [   330/?]  eta: ?  loss: 0.0150 (0.0225)  time: 0.2669  data: 0.0679  max mem: 20673
Test:  [   340/?]  eta: ?  loss: 0.0145 (0.0224)  time: 0.2603  data: 0.0613  max mem: 20673
Test: Total time: 0:01:31 (0.2633 s / it)
* loss 0.023
  → Epoch  24/50 | Train Loss: 0.0024 | Val Loss: 0.0242 | Train score (1/(1+norm_MAE)): 0.9703 | Val MAE (years): 1.9706 | LR: 0.000001
Best val MAE (years): 1.8980, test MAE at best val: 1.8206
  Test segment MAE: 1.9014 | participant median MAE: 1.6803 | participant mean MAE: 1.6808
Epoch: [24]  [     0/?]  eta: ?  lr: 0.000314  min_lr: 0.000001  loss: 0.0033 (0.0033)  class_acc: 0.9664 (0.9664)  loss_scale: 35184372088832.0000 (35184372088832.0000)  weight_decay: 0.0500 (0.0500)  grad_norm: 1.9840 (1.9840)  time: 7.1398  data: 6.6391  max mem: 20673
Epoch: [24]  [   500/?]  eta: ?  lr: 0.000314  min_lr: 0.000001  loss: 0.0022 (0.0023)  class_acc: 0.9721 (0.9709)  loss_scale: 35184372088832.0000 (35184372088832.0000)  weight_decay: 0.0500 (0.0500)  grad_norm: 0.8539 (1.1549)  time: 0.5072  data: 0.0003  max mem: 20673
Epoch: [24]  [  1000/?]  eta: ?  lr: 0.000314  min_lr: 0.000001  loss: 0.0022 (0.0023)  class_acc: 0.9706 (0.9711)  loss_scale: 35184372088832.0000 (35184372088832.0000)  weight_decay: 0.0500 (0.0500)  grad_norm: 1.0187 (1.1733)  time: 0.5102  data: 0.0003  max mem: 20673
Epoch: [24]  [  1500/?]  eta: ?  lr: 0.000314  min_lr: 0.000001  loss: 0.0017 (0.0023)  class_acc: 0.9729 (0.9711)  loss_scale: 70368744177664.0000 (36637690589503.2734)  weight_decay: 0.0500 (0.0500)  grad_norm: 0.7323 (1.1916)  time: 0.5104  data: 0.0005  max mem: 20673
Epoch: [24]  [  2000/?]  eta: ?  lr: 0.000314  min_lr: 0.000001  loss: 0.0023 (0.0023)  class_acc: 0.9712 (0.9712)  loss_scale: 70368744177664.0000 (45066239711982.2188)  weight_decay: 0.0500 (0.0500)  grad_norm: 0.9047 (1.2063)  time: 0.5102  data: 0.0002  max mem: 20673
Epoch: [24] Total time: 0:20:47 (0.5112 s / it)
Val:  [     0/?]  eta: ?  loss: 0.0344 (0.0344)  time: 2.1473  data: 1.9488  max mem: 20673
Val:  [    10/?]  eta: ?  loss: 0.0204 (0.0217)  time: 0.4352  data: 0.2359  max mem: 20673
Val:  [    20/?]  eta: ?  loss: 0.0204 (0.0223)  time: 0.2903  data: 0.0910  max mem: 20673
Val:  [    30/?]  eta: ?  loss: 0.0161 (0.0209)  time: 0.2921  data: 0.0928  max mem: 20673
Val:  [    40/?]  eta: ?  loss: 0.0156 (0.0239)  time: 0.2852  data: 0.0859  max mem: 20673
Val:  [    50/?]  eta: ?  loss: 0.0156 (0.0239)  time: 0.2842  data: 0.0850  max mem: 20673
Val:  [    60/?]  eta: ?  loss: 0.0153 (0.0236)  time: 0.2839  data: 0.0849  max mem: 20673
Val:  [    70/?]  eta: ?  loss: 0.0153 (0.0227)  time: 0.2855  data: 0.0865  max mem: 20673
Val:  [    80/?]  eta: ?  loss: 0.0134 (0.0225)  time: 0.2701  data: 0.0711  max mem: 20673
Val:  [    90/?]  eta: ?  loss: 0.0183 (0.0230)  time: 0.2783  data: 0.0794  max mem: 20673
Val:  [   100/?]  eta: ?  loss: 0.0140 (0.0227)  time: 0.2703  data: 0.0714  max mem: 20673
Val:  [   110/?]  eta: ?  loss: 0.0167 (0.0224)  time: 0.2594  data: 0.0604  max mem: 20673
Val:  [   120/?]  eta: ?  loss: 0.0139 (0.0217)  time: 0.2586  data: 0.0596  max mem: 20673
Val:  [   130/?]  eta: ?  loss: 0.0122 (0.0213)  time: 0.2633  data: 0.0642  max mem: 20673
Val:  [   140/?]  eta: ?  loss: 0.0119 (0.0211)  time: 0.2543  data: 0.0552  max mem: 20673
Val:  [   150/?]  eta: ?  loss: 0.0093 (0.0209)  time: 0.2463  data: 0.0471  max mem: 20673
Val:  [   160/?]  eta: ?  loss: 0.0181 (0.0216)  time: 0.2492  data: 0.0500  max mem: 20673
Val:  [   170/?]  eta: ?  loss: 0.0195 (0.0214)  time: 0.2637  data: 0.0645  max mem: 20673
Val:  [   180/?]  eta: ?  loss: 0.0146 (0.0209)  time: 0.2716  data: 0.0724  max mem: 20673
Val:  [   190/?]  eta: ?  loss: 0.0114 (0.0209)  time: 0.2801  data: 0.0811  max mem: 20673
Val:  [   200/?]  eta: ?  loss: 0.0125 (0.0205)  time: 0.2836  data: 0.0846  max mem: 20673
Val:  [   210/?]  eta: ?  loss: 0.0133 (0.0220)  time: 0.2686  data: 0.0694  max mem: 20673
Val:  [   220/?]  eta: ?  loss: 0.0175 (0.0217)  time: 0.2599  data: 0.0606  max mem: 20673
Val:  [   230/?]  eta: ?  loss: 0.0142 (0.0220)  time: 0.2577  data: 0.0585  max mem: 20673
Val:  [   240/?]  eta: ?  loss: 0.0216 (0.0226)  time: 0.2744  data: 0.0754  max mem: 20673
Val:  [   250/?]  eta: ?  loss: 0.0172 (0.0227)  time: 0.2675  data: 0.0685  max mem: 20673
Val:  [   260/?]  eta: ?  loss: 0.0168 (0.0232)  time: 0.2650  data: 0.0659  max mem: 20673
Val:  [   270/?]  eta: ?  loss: 0.0168 (0.0234)  time: 0.2829  data: 0.0839  max mem: 20673
Val:  [   280/?]  eta: ?  loss: 0.0166 (0.0234)  time: 0.2787  data: 0.0797  max mem: 20673
Val:  [   290/?]  eta: ?  loss: 0.0159 (0.0233)  time: 0.2663  data: 0.0674  max mem: 20673
Val:  [   300/?]  eta: ?  loss: 0.0134 (0.0235)  time: 0.2570  data: 0.0580  max mem: 20673
Val:  [   310/?]  eta: ?  loss: 0.0134 (0.0237)  time: 0.2621  data: 0.0630  max mem: 20673
Val:  [   320/?]  eta: ?  loss: 0.0220 (0.0237)  time: 0.2643  data: 0.0651  max mem: 20673
Val:  [   330/?]  eta: ?  loss: 0.0200 (0.0240)  time: 0.2680  data: 0.0689  max mem: 20673
Val:  [   340/?]  eta: ?  loss: 0.0173 (0.0240)  time: 0.2737  data: 0.0747  max mem: 20673
Val:  [   350/?]  eta: ?  loss: 0.0148 (0.0237)  time: 0.2387  data: 0.0597  max mem: 20673
Val: Total time: 0:01:36 (0.2732 s / it)
* loss 0.024
Test:  [     0/?]  eta: ?  loss: 0.0153 (0.0153)  time: 2.2981  data: 2.1000  max mem: 20673
Test:  [    10/?]  eta: ?  loss: 0.0187 (0.0210)  time: 0.4370  data: 0.2380  max mem: 20673
Test:  [    20/?]  eta: ?  loss: 0.0205 (0.0277)  time: 0.2507  data: 0.0516  max mem: 20673
Test:  [    30/?]  eta: ?  loss: 0.0206 (0.0296)  time: 0.2420  data: 0.0429  max mem: 20673
Test:  [    40/?]  eta: ?  loss: 0.0205 (0.0274)  time: 0.2537  data: 0.0545  max mem: 20673
Test:  [    50/?]  eta: ?  loss: 0.0132 (0.0254)  time: 0.2668  data: 0.0677  max mem: 20673
Test:  [    60/?]  eta: ?  loss: 0.0132 (0.0240)  time: 0.2749  data: 0.0759  max mem: 20673
Test:  [    70/?]  eta: ?  loss: 0.0142 (0.0224)  time: 0.2746  data: 0.0756  max mem: 20673
Test:  [    80/?]  eta: ?  loss: 0.0134 (0.0215)  time: 0.2716  data: 0.0726  max mem: 20673
Test:  [    90/?]  eta: ?  loss: 0.0150 (0.0213)  time: 0.2633  data: 0.0643  max mem: 20673
Test:  [   100/?]  eta: ?  loss: 0.0159 (0.0209)  time: 0.2643  data: 0.0653  max mem: 20673
Test:  [   110/?]  eta: ?  loss: 0.0152 (0.0204)  time: 0.2725  data: 0.0734  max mem: 20673
Test:  [   120/?]  eta: ?  loss: 0.0159 (0.0201)  time: 0.2629  data: 0.0639  max mem: 20673
Test:  [   130/?]  eta: ?  loss: 0.0159 (0.0202)  time: 0.2512  data: 0.0522  max mem: 20673
Test:  [   140/?]  eta: ?  loss: 0.0208 (0.0205)  time: 0.2510  data: 0.0520  max mem: 20673
Test:  [   150/?]  eta: ?  loss: 0.0170 (0.0206)  time: 0.2531  data: 0.0540  max mem: 20673
Test:  [   160/?]  eta: ?  loss: 0.0162 (0.0210)  time: 0.2415  data: 0.0423  max mem: 20673
Test:  [   170/?]  eta: ?  loss: 0.0183 (0.0217)  time: 0.2472  data: 0.0480  max mem: 20673
Test:  [   180/?]  eta: ?  loss: 0.0148 (0.0217)  time: 0.2585  data: 0.0593  max mem: 20673
Test:  [   190/?]  eta: ?  loss: 0.0148 (0.0216)  time: 0.2601  data: 0.0609  max mem: 20673
Test:  [   200/?]  eta: ?  loss: 0.0131 (0.0215)  time: 0.2808  data: 0.0817  max mem: 20673
Test:  [   210/?]  eta: ?  loss: 0.0123 (0.0212)  time: 0.2844  data: 0.0853  max mem: 20673
Test:  [   220/?]  eta: ?  loss: 0.0102 (0.0208)  time: 0.2685  data: 0.0694  max mem: 20673
Test:  [   230/?]  eta: ?  loss: 0.0129 (0.0212)  time: 0.2659  data: 0.0668  max mem: 20673
Test:  [   240/?]  eta: ?  loss: 0.0181 (0.0211)  time: 0.2618  data: 0.0626  max mem: 20673
Test:  [   250/?]  eta: ?  loss: 0.0181 (0.0214)  time: 0.2588  data: 0.0597  max mem: 20673
Test:  [   260/?]  eta: ?  loss: 0.0204 (0.0222)  time: 0.2511  data: 0.0519  max mem: 20673
Test:  [   270/?]  eta: ?  loss: 0.0217 (0.0222)  time: 0.2372  data: 0.0380  max mem: 20673
Test:  [   280/?]  eta: ?  loss: 0.0169 (0.0220)  time: 0.2475  data: 0.0483  max mem: 20673
Test:  [   290/?]  eta: ?  loss: 0.0131 (0.0219)  time: 0.2669  data: 0.0677  max mem: 20673
Test:  [   300/?]  eta: ?  loss: 0.0131 (0.0220)  time: 0.2733  data: 0.0742  max mem: 20673
Test:  [   310/?]  eta: ?  loss: 0.0173 (0.0220)  time: 0.2697  data: 0.0707  max mem: 20673
Test:  [   320/?]  eta: ?  loss: 0.0190 (0.0224)  time: 0.2646  data: 0.0655  max mem: 20673
Test:  [   330/?]  eta: ?  loss: 0.0160 (0.0221)  time: 0.2684  data: 0.0693  max mem: 20673
Test:  [   340/?]  eta: ?  loss: 0.0152 (0.0221)  time: 0.2746  data: 0.0755  max mem: 20673
Test: Total time: 0:01:32 (0.2659 s / it)
* loss 0.022

============================================================
Counting samples by task type...
============================================================

============================================================
Evaluating on active tasks (20,949 samples)...
============================================================
Active Test:  [     0/?]  eta: ?  loss: 0.0831 (0.0831)  time: 2.6716  data: 2.6384  max mem: 20673
Active Test:  [    10/?]  eta: ?  loss: 0.0176 (0.0254)  time: 0.2774  data: 0.2468  max mem: 20673
Active Test:  [    20/?]  eta: ?  loss: 0.0113 (0.0217)  time: 0.0379  data: 0.0076  max mem: 20673
Active Test:  [    30/?]  eta: ?  loss: 0.0150 (0.0262)  time: 0.0362  data: 0.0059  max mem: 20673
Active Test:  [    40/?]  eta: ?  loss: 0.0164 (0.0246)  time: 0.0420  data: 0.0117  max mem: 20673
Active Test:  [    50/?]  eta: ?  loss: 0.0117 (0.0219)  time: 0.0453  data: 0.0147  max mem: 20673
Active Test:  [    60/?]  eta: ?  loss: 0.0134 (0.0219)  time: 0.0422  data: 0.0116  max mem: 20673
Active Test:  [    70/?]  eta: ?  loss: 0.0184 (0.0233)  time: 0.0417  data: 0.0115  max mem: 20673
Active Test:  [    80/?]  eta: ?  loss: 0.0182 (0.0232)  time: 0.0398  data: 0.0094  max mem: 20673
Active Test:  [    90/?]  eta: ?  loss: 0.0150 (0.0226)  time: 0.0383  data: 0.0079  max mem: 20673
Active Test:  [   100/?]  eta: ?  loss: 0.0113 (0.0220)  time: 0.0358  data: 0.0054  max mem: 20673
Active Test:  [   110/?]  eta: ?  loss: 0.0074 (0.0208)  time: 0.0361  data: 0.0055  max mem: 20673
Active Test:  [   120/?]  eta: ?  loss: 0.0088 (0.0205)  time: 0.0426  data: 0.0120  max mem: 20673
Active Test:  [   130/?]  eta: ?  loss: 0.0114 (0.0203)  time: 0.0436  data: 0.0132  max mem: 20673
Active Test:  [   140/?]  eta: ?  loss: 0.0124 (0.0202)  time: 0.0399  data: 0.0095  max mem: 20673
Active Test:  [   150/?]  eta: ?  loss: 0.0104 (0.0196)  time: 0.0409  data: 0.0105  max mem: 20673
Active Test:  [   160/?]  eta: ?  loss: 0.0113 (0.0196)  time: 0.0468  data: 0.0165  max mem: 20673
Active Test:  [   170/?]  eta: ?  loss: 0.0157 (0.0195)  time: 0.0468  data: 0.0164  max mem: 20673
Active Test:  [   180/?]  eta: ?  loss: 0.0140 (0.0198)  time: 0.0430  data: 0.0126  max mem: 20673
Active Test:  [   190/?]  eta: ?  loss: 0.0170 (0.0210)  time: 0.0420  data: 0.0117  max mem: 20673
Active Test:  [   200/?]  eta: ?  loss: 0.0225 (0.0234)  time: 0.0439  data: 0.0134  max mem: 20673
Active Test:  [   210/?]  eta: ?  loss: 0.0089 (0.0229)  time: 0.0468  data: 0.0164  max mem: 20673
Active Test:  [   220/?]  eta: ?  loss: 0.0081 (0.0229)  time: 0.0470  data: 0.0167  max mem: 20673
Active Test:  [   230/?]  eta: ?  loss: 0.0152 (0.0226)  time: 0.0452  data: 0.0149  max mem: 20673
Active Test:  [   240/?]  eta: ?  loss: 0.0121 (0.0225)  time: 0.0450  data: 0.0147  max mem: 20673
Active Test:  [   250/?]  eta: ?  loss: 0.0110 (0.0225)  time: 0.0454  data: 0.0151  max mem: 20673
Active Test:  [   260/?]  eta: ?  loss: 0.0129 (0.0231)  time: 0.0440  data: 0.0136  max mem: 20673
Active Test:  [   270/?]  eta: ?  loss: 0.0140 (0.0228)  time: 0.0487  data: 0.0180  max mem: 20673
Active Test:  [   280/?]  eta: ?  loss: 0.0159 (0.0230)  time: 0.0464  data: 0.0157  max mem: 20673
Active Test:  [   290/?]  eta: ?  loss: 0.0159 (0.0228)  time: 0.0415  data: 0.0110  max mem: 20673
Active Test:  [   300/?]  eta: ?  loss: 0.0157 (0.0227)  time: 0.0411  data: 0.0107  max mem: 20673
Active Test:  [   310/?]  eta: ?  loss: 0.0157 (0.0224)  time: 0.0441  data: 0.0136  max mem: 20673
Active Test:  [   320/?]  eta: ?  loss: 0.0147 (0.0227)  time: 0.0467  data: 0.0163  max mem: 20673
Active Test: Total time: 0:00:16 (0.0516 s / it)
* loss 0.023

============================================================
Evaluating on passive tasks (113,222 samples)...
============================================================
Passive Test:  [     0/?]  eta: ?  loss: 0.0114 (0.0114)  time: 0.9653  data: 0.9326  max mem: 20673
Passive Test:  [    10/?]  eta: ?  loss: 0.0573 (0.0824)  time: 0.1353  data: 0.1046  max mem: 20673
Passive Test:  [    20/?]  eta: ?  loss: 0.0839 (0.0972)  time: 0.0465  data: 0.0161  max mem: 20673
Passive Test:  [    30/?]  eta: ?  loss: 0.0676 (0.0953)  time: 0.0428  data: 0.0124  max mem: 20673
Passive Test:  [    40/?]  eta: ?  loss: 0.0300 (0.0777)  time: 0.0420  data: 0.0116  max mem: 20673
Passive Test:  [    50/?]  eta: ?  loss: 0.0186 (0.0664)  time: 0.0412  data: 0.0109  max mem: 20673
Passive Test:  [    60/?]  eta: ?  loss: 0.0110 (0.0573)  time: 0.0424  data: 0.0122  max mem: 20673
Passive Test:  [    70/?]  eta: ?  loss: 0.0098 (0.0511)  time: 0.0455  data: 0.0152  max mem: 20673
Passive Test:  [    80/?]  eta: ?  loss: 0.0098 (0.0463)  time: 0.0448  data: 0.0145  max mem: 20673
Passive Test:  [    90/?]  eta: ?  loss: 0.0098 (0.0423)  time: 0.0418  data: 0.0114  max mem: 20673
Passive Test:  [   100/?]  eta: ?  loss: 0.0126 (0.0428)  time: 0.0414  data: 0.0109  max mem: 20673
Passive Test:  [   110/?]  eta: ?  loss: 0.0333 (0.0435)  time: 0.0414  data: 0.0110  max mem: 20673
Passive Test:  [   120/?]  eta: ?  loss: 0.0321 (0.0426)  time: 0.0421  data: 0.0116  max mem: 20673
Passive Test:  [   130/?]  eta: ?  loss: 0.0224 (0.0410)  time: 0.0441  data: 0.0136  max mem: 20673
Passive Test:  [   140/?]  eta: ?  loss: 0.0095 (0.0389)  time: 0.0425  data: 0.0121  max mem: 20673
Passive Test:  [   150/?]  eta: ?  loss: 0.0108 (0.0374)  time: 0.0430  data: 0.0125  max mem: 20673
Passive Test:  [   160/?]  eta: ?  loss: 0.0098 (0.0357)  time: 0.0453  data: 0.0148  max mem: 20673
Passive Test:  [   170/?]  eta: ?  loss: 0.0085 (0.0342)  time: 0.0465  data: 0.0161  max mem: 20673
Passive Test:  [   180/?]  eta: ?  loss: 0.0101 (0.0329)  time: 0.0462  data: 0.0158  max mem: 20673
Passive Test:  [   190/?]  eta: ?  loss: 0.0101 (0.0319)  time: 0.0410  data: 0.0107  max mem: 20673
Passive Test:  [   200/?]  eta: ?  loss: 0.0078 (0.0311)  time: 0.0375  data: 0.0071  max mem: 20673
Passive Test:  [   210/?]  eta: ?  loss: 0.0071 (0.0302)  time: 0.0395  data: 0.0092  max mem: 20673
Passive Test:  [   220/?]  eta: ?  loss: 0.0109 (0.0299)  time: 0.0421  data: 0.0118  max mem: 20673
Passive Test:  [   230/?]  eta: ?  loss: 0.0173 (0.0294)  time: 0.0451  data: 0.0147  max mem: 20673
Passive Test:  [   240/?]  eta: ?  loss: 0.0138 (0.0291)  time: 0.0466  data: 0.0163  max mem: 20673
Passive Test:  [   250/?]  eta: ?  loss: 0.0152 (0.0288)  time: 0.0459  data: 0.0157  max mem: 20673
Passive Test:  [   260/?]  eta: ?  loss: 0.0144 (0.0289)  time: 0.0449  data: 0.0145  max mem: 20673
Passive Test:  [   270/?]  eta: ?  loss: 0.0184 (0.0289)  time: 0.0444  data: 0.0140  max mem: 20673
Passive Test:  [   280/?]  eta: ?  loss: 0.0213 (0.0293)  time: 0.0440  data: 0.0135  max mem: 20673
Passive Test:  [   290/?]  eta: ?  loss: 0.0230 (0.0290)  time: 0.0440  data: 0.0135  max mem: 20673
Passive Test:  [   300/?]  eta: ?  loss: 0.0161 (0.0286)  time: 0.0448  data: 0.0143  max mem: 20673
Passive Test:  [   310/?]  eta: ?  loss: 0.0113 (0.0280)  time: 0.0432  data: 0.0128  max mem: 20673
Passive Test:  [   320/?]  eta: ?  loss: 0.0068 (0.0276)  time: 0.0427  data: 0.0122  max mem: 20673
Passive Test:  [   330/?]  eta: ?  loss: 0.0063 (0.0272)  time: 0.0458  data: 0.0153  max mem: 20673
Passive Test:  [   340/?]  eta: ?  loss: 0.0081 (0.0270)  time: 0.0450  data: 0.0145  max mem: 20673
Passive Test:  [   350/?]  eta: ?  loss: 0.0076 (0.0267)  time: 0.0442  data: 0.0138  max mem: 20673
Passive Test:  [   360/?]  eta: ?  loss: 0.0068 (0.0263)  time: 0.0539  data: 0.0235  max mem: 20673
Passive Test:  [   370/?]  eta: ?  loss: 0.0043 (0.0257)  time: 0.0569  data: 0.0265  max mem: 20673
Passive Test:  [   380/?]  eta: ?  loss: 0.0061 (0.0254)  time: 0.0496  data: 0.0193  max mem: 20673
Passive Test:  [   390/?]  eta: ?  loss: 0.0139 (0.0253)  time: 0.0457  data: 0.0154  max mem: 20673
Passive Test:  [   400/?]  eta: ?  loss: 0.0161 (0.0252)  time: 0.0451  data: 0.0148  max mem: 20673
Passive Test:  [   410/?]  eta: ?  loss: 0.0218 (0.0255)  time: 0.0421  data: 0.0117  max mem: 20673
Passive Test:  [   420/?]  eta: ?  loss: 0.0169 (0.0254)  time: 0.0407  data: 0.0102  max mem: 20673
Passive Test:  [   430/?]  eta: ?  loss: 0.0167 (0.0252)  time: 0.0430  data: 0.0125  max mem: 20673
Passive Test:  [   440/?]  eta: ?  loss: 0.0140 (0.0250)  time: 0.0438  data: 0.0133  max mem: 20673
Passive Test:  [   450/?]  eta: ?  loss: 0.0139 (0.0248)  time: 0.0448  data: 0.0143  max mem: 20673
Passive Test:  [   460/?]  eta: ?  loss: 0.0130 (0.0246)  time: 0.0447  data: 0.0141  max mem: 20673
Passive Test:  [   470/?]  eta: ?  loss: 0.0111 (0.0245)  time: 0.0457  data: 0.0152  max mem: 20673
Passive Test:  [   480/?]  eta: ?  loss: 0.0075 (0.0246)  time: 0.0472  data: 0.0167  max mem: 20673
Passive Test:  [   490/?]  eta: ?  loss: 0.0154 (0.0247)  time: 0.0499  data: 0.0194  max mem: 20673
Passive Test:  [   500/?]  eta: ?  loss: 0.0143 (0.0247)  time: 0.0520  data: 0.0214  max mem: 20673
Passive Test:  [   510/?]  eta: ?  loss: 0.0125 (0.0247)  time: 0.0474  data: 0.0170  max mem: 20673
Passive Test:  [   520/?]  eta: ?  loss: 0.0112 (0.0245)  time: 0.0464  data: 0.0160  max mem: 20673
Passive Test:  [   530/?]  eta: ?  loss: 0.0112 (0.0242)  time: 0.0428  data: 0.0125  max mem: 20673
Passive Test:  [   540/?]  eta: ?  loss: 0.0100 (0.0240)  time: 0.0451  data: 0.0148  max mem: 20673
Passive Test:  [   550/?]  eta: ?  loss: 0.0082 (0.0237)  time: 0.0489  data: 0.0185  max mem: 20673
Passive Test:  [   560/?]  eta: ?  loss: 0.0066 (0.0234)  time: 0.0511  data: 0.0207  max mem: 20673
Passive Test:  [   570/?]  eta: ?  loss: 0.0069 (0.0231)  time: 0.0495  data: 0.0191  max mem: 20673
Passive Test:  [   580/?]  eta: ?  loss: 0.0069 (0.0229)  time: 0.0474  data: 0.0170  max mem: 20673
Passive Test:  [   590/?]  eta: ?  loss: 0.0061 (0.0226)  time: 0.0472  data: 0.0168  max mem: 20673
Passive Test:  [   600/?]  eta: ?  loss: 0.0059 (0.0224)  time: 0.0463  data: 0.0159  max mem: 20673
Passive Test:  [   610/?]  eta: ?  loss: 0.0087 (0.0222)  time: 0.0450  data: 0.0146  max mem: 20673
Passive Test:  [   620/?]  eta: ?  loss: 0.0105 (0.0220)  time: 0.0421  data: 0.0117  max mem: 20673
Passive Test:  [   630/?]  eta: ?  loss: 0.0089 (0.0219)  time: 0.0425  data: 0.0121  max mem: 20673
Passive Test:  [   640/?]  eta: ?  loss: 0.0095 (0.0217)  time: 0.0411  data: 0.0107  max mem: 20673
Passive Test:  [   650/?]  eta: ?  loss: 0.0109 (0.0217)  time: 0.0421  data: 0.0118  max mem: 20673
Passive Test:  [   660/?]  eta: ?  loss: 0.0213 (0.0218)  time: 0.0468  data: 0.0164  max mem: 20673
Passive Test:  [   670/?]  eta: ?  loss: 0.0213 (0.0217)  time: 0.0468  data: 0.0163  max mem: 20673
Passive Test:  [   680/?]  eta: ?  loss: 0.0116 (0.0217)  time: 0.0476  data: 0.0172  max mem: 20673
Passive Test:  [   690/?]  eta: ?  loss: 0.0120 (0.0217)  time: 0.0500  data: 0.0196  max mem: 20673
Passive Test:  [   700/?]  eta: ?  loss: 0.0180 (0.0218)  time: 0.0529  data: 0.0225  max mem: 20673
Passive Test:  [   710/?]  eta: ?  loss: 0.0180 (0.0218)  time: 0.0511  data: 0.0208  max mem: 20673
Passive Test:  [   720/?]  eta: ?  loss: 0.0137 (0.0217)  time: 0.0453  data: 0.0149  max mem: 20673
Passive Test:  [   730/?]  eta: ?  loss: 0.0157 (0.0217)  time: 0.0417  data: 0.0112  max mem: 20673
Passive Test:  [   740/?]  eta: ?  loss: 0.0157 (0.0216)  time: 0.0421  data: 0.0116  max mem: 20673
Passive Test:  [   750/?]  eta: ?  loss: 0.0164 (0.0217)  time: 0.0447  data: 0.0143  max mem: 20673
Passive Test:  [   760/?]  eta: ?  loss: 0.0264 (0.0218)  time: 0.0483  data: 0.0179  max mem: 20673
Passive Test:  [   770/?]  eta: ?  loss: 0.0280 (0.0218)  time: 0.0490  data: 0.0186  max mem: 20673
Passive Test:  [   780/?]  eta: ?  loss: 0.0123 (0.0218)  time: 0.0497  data: 0.0193  max mem: 20673
Passive Test:  [   790/?]  eta: ?  loss: 0.0123 (0.0218)  time: 0.0499  data: 0.0195  max mem: 20673
Passive Test:  [   800/?]  eta: ?  loss: 0.0179 (0.0219)  time: 0.0457  data: 0.0153  max mem: 20673
Passive Test:  [   810/?]  eta: ?  loss: 0.0260 (0.0225)  time: 0.0447  data: 0.0142  max mem: 20673
Passive Test:  [   820/?]  eta: ?  loss: 0.0268 (0.0228)  time: 0.0443  data: 0.0138  max mem: 20673
Passive Test:  [   830/?]  eta: ?  loss: 0.0179 (0.0231)  time: 0.0439  data: 0.0134  max mem: 20673
Passive Test:  [   840/?]  eta: ?  loss: 0.0150 (0.0231)  time: 0.0440  data: 0.0137  max mem: 20673
Passive Test:  [   850/?]  eta: ?  loss: 0.0099 (0.0230)  time: 0.0443  data: 0.0140  max mem: 20673
Passive Test:  [   860/?]  eta: ?  loss: 0.0126 (0.0231)  time: 0.0465  data: 0.0161  max mem: 20673
Passive Test:  [   870/?]  eta: ?  loss: 0.0319 (0.0235)  time: 0.0477  data: 0.0173  max mem: 20673
Passive Test:  [   880/?]  eta: ?  loss: 0.0234 (0.0234)  time: 0.0452  data: 0.0147  max mem: 20673
Passive Test:  [   890/?]  eta: ?  loss: 0.0195 (0.0236)  time: 0.0449  data: 0.0146  max mem: 20673
Passive Test:  [   900/?]  eta: ?  loss: 0.0149 (0.0234)  time: 0.0450  data: 0.0146  max mem: 20673
Passive Test:  [   910/?]  eta: ?  loss: 0.0106 (0.0233)  time: 0.0454  data: 0.0150  max mem: 20673
Passive Test:  [   920/?]  eta: ?  loss: 0.0123 (0.0232)  time: 0.0472  data: 0.0168  max mem: 20673
Passive Test:  [   930/?]  eta: ?  loss: 0.0109 (0.0231)  time: 0.0469  data: 0.0165  max mem: 20673
Passive Test:  [   940/?]  eta: ?  loss: 0.0110 (0.0231)  time: 0.0476  data: 0.0173  max mem: 20673
Passive Test:  [   950/?]  eta: ?  loss: 0.0171 (0.0236)  time: 0.0476  data: 0.0172  max mem: 20673
Passive Test:  [   960/?]  eta: ?  loss: 0.0137 (0.0235)  time: 0.0471  data: 0.0167  max mem: 20673
Passive Test:  [   970/?]  eta: ?  loss: 0.0103 (0.0235)  time: 0.0471  data: 0.0167  max mem: 20673
Passive Test:  [   980/?]  eta: ?  loss: 0.0214 (0.0235)  time: 0.0462  data: 0.0157  max mem: 20673
Passive Test:  [   990/?]  eta: ?  loss: 0.0153 (0.0234)  time: 0.0439  data: 0.0133  max mem: 20673
Passive Test:  [  1000/?]  eta: ?  loss: 0.0093 (0.0233)  time: 0.0449  data: 0.0143  max mem: 20673
Passive Test:  [  1010/?]  eta: ?  loss: 0.0095 (0.0232)  time: 0.0477  data: 0.0171  max mem: 20673
Passive Test:  [  1020/?]  eta: ?  loss: 0.0160 (0.0231)  time: 0.0477  data: 0.0171  max mem: 20673
Passive Test:  [  1030/?]  eta: ?  loss: 0.0244 (0.0234)  time: 0.0503  data: 0.0198  max mem: 20673
Passive Test:  [  1040/?]  eta: ?  loss: 0.0624 (0.0242)  time: 0.0507  data: 0.0201  max mem: 20673
Passive Test:  [  1050/?]  eta: ?  loss: 0.0331 (0.0242)  time: 0.0483  data: 0.0176  max mem: 20673
Passive Test:  [  1060/?]  eta: ?  loss: 0.0146 (0.0241)  time: 0.0472  data: 0.0167  max mem: 20673
Passive Test:  [  1070/?]  eta: ?  loss: 0.0181 (0.0241)  time: 0.0463  data: 0.0159  max mem: 20673
Passive Test:  [  1080/?]  eta: ?  loss: 0.0202 (0.0242)  time: 0.0455  data: 0.0151  max mem: 20673
Passive Test:  [  1090/?]  eta: ?  loss: 0.0218 (0.0244)  time: 0.0447  data: 0.0141  max mem: 20673
Passive Test:  [  1100/?]  eta: ?  loss: 0.0230 (0.0244)  time: 0.0452  data: 0.0147  max mem: 20673
Passive Test:  [  1110/?]  eta: ?  loss: 0.0290 (0.0246)  time: 0.0457  data: 0.0152  max mem: 20673
Passive Test:  [  1120/?]  eta: ?  loss: 0.0232 (0.0245)  time: 0.0444  data: 0.0139  max mem: 20673
Passive Test:  [  1130/?]  eta: ?  loss: 0.0067 (0.0244)  time: 0.0472  data: 0.0168  max mem: 20673
Passive Test:  [  1140/?]  eta: ?  loss: 0.0104 (0.0244)  time: 0.0464  data: 0.0160  max mem: 20673
Passive Test:  [  1150/?]  eta: ?  loss: 0.0097 (0.0243)  time: 0.0462  data: 0.0158  max mem: 20673
Passive Test:  [  1160/?]  eta: ?  loss: 0.0091 (0.0243)  time: 0.0469  data: 0.0165  max mem: 20673
Passive Test:  [  1170/?]  eta: ?  loss: 0.0265 (0.0245)  time: 0.0477  data: 0.0172  max mem: 20673
Passive Test:  [  1180/?]  eta: ?  loss: 0.0470 (0.0248)  time: 0.0490  data: 0.0184  max mem: 20673
Passive Test:  [  1190/?]  eta: ?  loss: 0.0160 (0.0249)  time: 0.0486  data: 0.0180  max mem: 20673
Passive Test:  [  1200/?]  eta: ?  loss: 0.0070 (0.0247)  time: 0.0548  data: 0.0241  max mem: 20673
Passive Test:  [  1210/?]  eta: ?  loss: 0.0112 (0.0248)  time: 0.0554  data: 0.0248  max mem: 20673
Passive Test:  [  1220/?]  eta: ?  loss: 0.0135 (0.0250)  time: 0.0530  data: 0.0225  max mem: 20673
Passive Test:  [  1230/?]  eta: ?  loss: 0.0109 (0.0249)  time: 0.0532  data: 0.0226  max mem: 20673
Passive Test:  [  1240/?]  eta: ?  loss: 0.0085 (0.0248)  time: 0.0549  data: 0.0243  max mem: 20673
Passive Test:  [  1250/?]  eta: ?  loss: 0.0085 (0.0247)  time: 0.0537  data: 0.0231  max mem: 20673
Passive Test:  [  1260/?]  eta: ?  loss: 0.0158 (0.0247)  time: 0.0505  data: 0.0198  max mem: 20673
Passive Test:  [  1270/?]  eta: ?  loss: 0.0158 (0.0246)  time: 0.0490  data: 0.0184  max mem: 20673
Passive Test:  [  1280/?]  eta: ?  loss: 0.0132 (0.0246)  time: 0.0483  data: 0.0179  max mem: 20673
Passive Test:  [  1290/?]  eta: ?  loss: 0.0167 (0.0245)  time: 0.0475  data: 0.0170  max mem: 20673
Passive Test:  [  1300/?]  eta: ?  loss: 0.0200 (0.0245)  time: 0.0502  data: 0.0196  max mem: 20673
Passive Test:  [  1310/?]  eta: ?  loss: 0.0096 (0.0244)  time: 0.0527  data: 0.0222  max mem: 20673
Passive Test:  [  1320/?]  eta: ?  loss: 0.0113 (0.0245)  time: 0.0533  data: 0.0227  max mem: 20673
Passive Test:  [  1330/?]  eta: ?  loss: 0.0160 (0.0244)  time: 0.0480  data: 0.0175  max mem: 20673
Passive Test:  [  1340/?]  eta: ?  loss: 0.0103 (0.0243)  time: 0.0471  data: 0.0166  max mem: 20673
Passive Test:  [  1350/?]  eta: ?  loss: 0.0103 (0.0242)  time: 0.0492  data: 0.0186  max mem: 20673
Passive Test:  [  1360/?]  eta: ?  loss: 0.0119 (0.0242)  time: 0.0467  data: 0.0162  max mem: 20673
Passive Test:  [  1370/?]  eta: ?  loss: 0.0131 (0.0241)  time: 0.0465  data: 0.0160  max mem: 20673
Passive Test:  [  1380/?]  eta: ?  loss: 0.0131 (0.0241)  time: 0.0465  data: 0.0160  max mem: 20673
Passive Test:  [  1390/?]  eta: ?  loss: 0.0126 (0.0241)  time: 0.0480  data: 0.0176  max mem: 20673
Passive Test:  [  1400/?]  eta: ?  loss: 0.0124 (0.0241)  time: 0.0492  data: 0.0188  max mem: 20673
Passive Test:  [  1410/?]  eta: ?  loss: 0.0195 (0.0242)  time: 0.0492  data: 0.0188  max mem: 20673
Passive Test:  [  1420/?]  eta: ?  loss: 0.0308 (0.0243)  time: 0.0464  data: 0.0160  max mem: 20673
Passive Test:  [  1430/?]  eta: ?  loss: 0.0108 (0.0245)  time: 0.0408  data: 0.0102  max mem: 20673
Passive Test:  [  1440/?]  eta: ?  loss: 0.0050 (0.0244)  time: 0.0405  data: 0.0099  max mem: 20673
Passive Test:  [  1450/?]  eta: ?  loss: 0.0080 (0.0245)  time: 0.0481  data: 0.0177  max mem: 20673
Passive Test:  [  1460/?]  eta: ?  loss: 0.0224 (0.0247)  time: 0.0478  data: 0.0174  max mem: 20673
Passive Test:  [  1470/?]  eta: ?  loss: 0.0160 (0.0249)  time: 0.0486  data: 0.0182  max mem: 20673
Passive Test:  [  1480/?]  eta: ?  loss: 0.0066 (0.0248)  time: 0.0464  data: 0.0158  max mem: 20673
Passive Test:  [  1490/?]  eta: ?  loss: 0.0063 (0.0247)  time: 0.0435  data: 0.0129  max mem: 20673
Passive Test:  [  1500/?]  eta: ?  loss: 0.0076 (0.0245)  time: 0.0432  data: 0.0128  max mem: 20673
Passive Test:  [  1510/?]  eta: ?  loss: 0.0086 (0.0245)  time: 0.0432  data: 0.0128  max mem: 20673
Passive Test:  [  1520/?]  eta: ?  loss: 0.0085 (0.0245)  time: 0.0436  data: 0.0131  max mem: 20673
Passive Test:  [  1530/?]  eta: ?  loss: 0.0104 (0.0244)  time: 0.0425  data: 0.0120  max mem: 20673
Passive Test:  [  1540/?]  eta: ?  loss: 0.0121 (0.0243)  time: 0.0477  data: 0.0171  max mem: 20673
Passive Test:  [  1550/?]  eta: ?  loss: 0.0090 (0.0243)  time: 0.0474  data: 0.0167  max mem: 20673
Passive Test:  [  1560/?]  eta: ?  loss: 0.0095 (0.0242)  time: 0.0477  data: 0.0171  max mem: 20673
Passive Test:  [  1570/?]  eta: ?  loss: 0.0156 (0.0242)  time: 0.0498  data: 0.0192  max mem: 20673
Passive Test:  [  1580/?]  eta: ?  loss: 0.0160 (0.0243)  time: 0.0445  data: 0.0138  max mem: 20673
Passive Test:  [  1590/?]  eta: ?  loss: 0.0147 (0.0243)  time: 0.0409  data: 0.0102  max mem: 20673
Passive Test:  [  1600/?]  eta: ?  loss: 0.0093 (0.0242)  time: 0.0450  data: 0.0144  max mem: 20673
Passive Test:  [  1610/?]  eta: ?  loss: 0.0094 (0.0242)  time: 0.0474  data: 0.0168  max mem: 20673
Passive Test:  [  1620/?]  eta: ?  loss: 0.0188 (0.0244)  time: 0.0453  data: 0.0146  max mem: 20673
Passive Test:  [  1630/?]  eta: ?  loss: 0.0158 (0.0245)  time: 0.0430  data: 0.0123  max mem: 20673
Passive Test:  [  1640/?]  eta: ?  loss: 0.0144 (0.0244)  time: 0.0459  data: 0.0153  max mem: 20673
Passive Test:  [  1650/?]  eta: ?  loss: 0.0104 (0.0243)  time: 0.0458  data: 0.0151  max mem: 20673
Passive Test:  [  1660/?]  eta: ?  loss: 0.0092 (0.0243)  time: 0.0427  data: 0.0121  max mem: 20673
Passive Test:  [  1670/?]  eta: ?  loss: 0.0083 (0.0243)  time: 0.0434  data: 0.0128  max mem: 20673
Passive Test:  [  1680/?]  eta: ?  loss: 0.0053 (0.0242)  time: 0.0456  data: 0.0149  max mem: 20673
Passive Test:  [  1690/?]  eta: ?  loss: 0.0083 (0.0242)  time: 0.0472  data: 0.0165  max mem: 20673
Passive Test:  [  1700/?]  eta: ?  loss: 0.0096 (0.0241)  time: 0.0447  data: 0.0140  max mem: 20673
Passive Test:  [  1710/?]  eta: ?  loss: 0.0100 (0.0241)  time: 0.0431  data: 0.0124  max mem: 20673
Passive Test:  [  1720/?]  eta: ?  loss: 0.0123 (0.0240)  time: 0.0432  data: 0.0127  max mem: 20673
Passive Test:  [  1730/?]  eta: ?  loss: 0.0112 (0.0240)  time: 0.0457  data: 0.0151  max mem: 20673
Passive Test:  [  1740/?]  eta: ?  loss: 0.0117 (0.0239)  time: 0.0499  data: 0.0194  max mem: 20673
Passive Test:  [  1750/?]  eta: ?  loss: 0.0105 (0.0239)  time: 0.0507  data: 0.0201  max mem: 20673
Passive Test:  [  1760/?]  eta: ?  loss: 0.0172 (0.0240)  time: 0.0514  data: 0.0208  max mem: 20673
Passive Test: Total time: 0:01:22 (0.0469 s / it)
* loss 0.024
  ACTIVE Test MAE (years): 1.9135 (n=20,949)
  PASSIVE Test MAE (years): 1.9607 (n=113,222)
  → Epoch  25/50 | Train Loss: 0.0023 | Val Loss: 0.0237 | Train score (1/(1+norm_MAE)): 0.9713 | Val MAE (years): 1.9541 | LR: 0.000001
Best val MAE (years): 1.8980, test MAE at best val: 1.8206
  Test segment MAE: 1.8932 | participant median MAE: 1.6489 | participant mean MAE: 1.6453
Epoch: [25]  [     0/?]  eta: ?  lr: 0.000298  min_lr: 0.000001  loss: 0.0016 (0.0016)  class_acc: 0.9731 (0.9731)  loss_scale: 70368744177664.0000 (70368744177664.0000)  weight_decay: 0.0500 (0.0500)  grad_norm: 0.8193 (0.8193)  time: 3.9116  data: 3.3866  max mem: 20673
Epoch: [25]  [   500/?]  eta: ?  lr: 0.000297  min_lr: 0.000001  loss: 0.0017 (0.0021)  class_acc: 0.9730 (0.9722)  loss_scale: 70368744177664.0000 (70368744177664.0000)  weight_decay: 0.0500 (0.0500)  grad_norm: 0.8852 (1.1713)  time: 0.5082  data: 0.0002  max mem: 20673
Epoch: [25]  [  1000/?]  eta: ?  lr: 0.000297  min_lr: 0.000001  loss: 0.0022 (0.0021)  class_acc: 0.9722 (0.9722)  loss_scale: 70368744177664.0000 (70509341069127.8594)  weight_decay: 0.0500 (0.0500)  grad_norm: 0.8907 (1.1804)  time: 0.5052  data: 0.0002  max mem: 20673
Epoch: [25]  [  1500/?]  eta: ?  lr: 0.000297  min_lr: 0.000001  loss: 0.0018 (0.0021)  class_acc: 0.9723 (0.9721)  loss_scale: 140737488355328.0000 (93903127640147.2344)  weight_decay: 0.0500 (0.0500)  grad_norm: 0.9431 (1.2064)  time: 0.5108  data: 0.0002  max mem: 20673
Epoch: [25]  [  2000/?]  eta: ?  lr: 0.000297  min_lr: 0.000001  loss: 0.0021 (0.0021)  class_acc: 0.9708 (0.9721)  loss_scale: 140737488355328.0000 (105605866449537.7344)  weight_decay: 0.0500 (0.0500)  grad_norm: 1.0901 (1.2185)  time: 0.5084  data: 0.0004  max mem: 20673
Epoch: [25] Total time: 0:20:42 (0.5090 s / it)
Val:  [     0/?]  eta: ?  loss: 0.0383 (0.0383)  time: 3.0327  data: 2.8346  max mem: 20673
Val:  [    10/?]  eta: ?  loss: 0.0205 (0.0217)  time: 0.5154  data: 0.3164  max mem: 20673
Val:  [    20/?]  eta: ?  loss: 0.0205 (0.0230)  time: 0.2566  data: 0.0574  max mem: 20673
Val:  [    30/?]  eta: ?  loss: 0.0188 (0.0220)  time: 0.2406  data: 0.0414  max mem: 20673
Val:  [    40/?]  eta: ?  loss: 0.0167 (0.0250)  time: 0.2648  data: 0.0657  max mem: 20673
Val:  [    50/?]  eta: ?  loss: 0.0158 (0.0250)  time: 0.2747  data: 0.0757  max mem: 20673
Val:  [    60/?]  eta: ?  loss: 0.0158 (0.0248)  time: 0.2661  data: 0.0671  max mem: 20673
Val:  [    70/?]  eta: ?  loss: 0.0175 (0.0236)  time: 0.2903  data: 0.0913  max mem: 20673
Val:  [    80/?]  eta: ?  loss: 0.0143 (0.0235)  time: 0.2760  data: 0.0769  max mem: 20673
Val:  [    90/?]  eta: ?  loss: 0.0194 (0.0239)  time: 0.2554  data: 0.0563  max mem: 20673
Val:  [   100/?]  eta: ?  loss: 0.0158 (0.0235)  time: 0.2553  data: 0.0563  max mem: 20673
Val:  [   110/?]  eta: ?  loss: 0.0145 (0.0232)  time: 0.2702  data: 0.0712  max mem: 20673
Val:  [   120/?]  eta: ?  loss: 0.0145 (0.0225)  time: 0.2648  data: 0.0658  max mem: 20673
Val:  [   130/?]  eta: ?  loss: 0.0125 (0.0222)  time: 0.2546  data: 0.0556  max mem: 20673
Val:  [   140/?]  eta: ?  loss: 0.0123 (0.0219)  time: 0.2529  data: 0.0540  max mem: 20673
Val:  [   150/?]  eta: ?  loss: 0.0097 (0.0214)  time: 0.2377  data: 0.0388  max mem: 20673
Val:  [   160/?]  eta: ?  loss: 0.0165 (0.0220)  time: 0.2247  data: 0.0257  max mem: 20673
Val:  [   170/?]  eta: ?  loss: 0.0204 (0.0218)  time: 0.2346  data: 0.0355  max mem: 20673
Val:  [   180/?]  eta: ?  loss: 0.0151 (0.0214)  time: 0.2562  data: 0.0573  max mem: 20673
Val:  [   190/?]  eta: ?  loss: 0.0126 (0.0213)  time: 0.2685  data: 0.0697  max mem: 20673
Val:  [   200/?]  eta: ?  loss: 0.0135 (0.0209)  time: 0.2765  data: 0.0776  max mem: 20673
Val:  [   210/?]  eta: ?  loss: 0.0146 (0.0225)  time: 0.2818  data: 0.0828  max mem: 20673
Val:  [   220/?]  eta: ?  loss: 0.0150 (0.0222)  time: 0.2775  data: 0.0785  max mem: 20673
Val:  [   230/?]  eta: ?  loss: 0.0136 (0.0224)  time: 0.2630  data: 0.0640  max mem: 20673
Val:  [   240/?]  eta: ?  loss: 0.0226 (0.0230)  time: 0.2597  data: 0.0608  max mem: 20673
Val:  [   250/?]  eta: ?  loss: 0.0183 (0.0230)  time: 0.2676  data: 0.0687  max mem: 20673
Val:  [   260/?]  eta: ?  loss: 0.0146 (0.0236)  time: 0.2605  data: 0.0615  max mem: 20673
Val:  [   270/?]  eta: ?  loss: 0.0163 (0.0238)  time: 0.2628  data: 0.0638  max mem: 20673
Val:  [   280/?]  eta: ?  loss: 0.0154 (0.0237)  time: 0.2730  data: 0.0740  max mem: 20673
Val:  [   290/?]  eta: ?  loss: 0.0141 (0.0237)  time: 0.2884  data: 0.0895  max mem: 20673
Val:  [   300/?]  eta: ?  loss: 0.0118 (0.0239)  time: 0.2749  data: 0.0761  max mem: 20673
Val:  [   310/?]  eta: ?  loss: 0.0182 (0.0239)  time: 0.2533  data: 0.0545  max mem: 20673
Val:  [   320/?]  eta: ?  loss: 0.0226 (0.0240)  time: 0.2637  data: 0.0649  max mem: 20673
Val:  [   330/?]  eta: ?  loss: 0.0207 (0.0243)  time: 0.2697  data: 0.0709  max mem: 20673
Val:  [   340/?]  eta: ?  loss: 0.0189 (0.0242)  time: 0.2667  data: 0.0678  max mem: 20673
Val:  [   350/?]  eta: ?  loss: 0.0158 (0.0241)  time: 0.2183  data: 0.0394  max mem: 20673
Val: Total time: 0:01:34 (0.2681 s / it)
* loss 0.024
Test:  [     0/?]  eta: ?  loss: 0.0147 (0.0147)  time: 2.1162  data: 1.9183  max mem: 20673
Test:  [    10/?]  eta: ?  loss: 0.0147 (0.0196)  time: 0.4154  data: 0.2166  max mem: 20673
Test:  [    20/?]  eta: ?  loss: 0.0201 (0.0263)  time: 0.2540  data: 0.0551  max mem: 20673
Test:  [    30/?]  eta: ?  loss: 0.0219 (0.0289)  time: 0.2568  data: 0.0578  max mem: 20673
Test:  [    40/?]  eta: ?  loss: 0.0205 (0.0269)  time: 0.2528  data: 0.0538  max mem: 20673
Test:  [    50/?]  eta: ?  loss: 0.0141 (0.0246)  time: 0.2616  data: 0.0627  max mem: 20673
Test:  [    60/?]  eta: ?  loss: 0.0141 (0.0236)  time: 0.2691  data: 0.0702  max mem: 20673
Test:  [    70/?]  eta: ?  loss: 0.0155 (0.0221)  time: 0.2649  data: 0.0660  max mem: 20673
Test:  [    80/?]  eta: ?  loss: 0.0143 (0.0213)  time: 0.2745  data: 0.0756  max mem: 20673
Test:  [    90/?]  eta: ?  loss: 0.0151 (0.0211)  time: 0.2668  data: 0.0680  max mem: 20673
Test:  [   100/?]  eta: ?  loss: 0.0186 (0.0209)  time: 0.2609  data: 0.0620  max mem: 20673
Test:  [   110/?]  eta: ?  loss: 0.0169 (0.0204)  time: 0.2648  data: 0.0659  max mem: 20673
Test:  [   120/?]  eta: ?  loss: 0.0150 (0.0201)  time: 0.2582  data: 0.0592  max mem: 20673
Test:  [   130/?]  eta: ?  loss: 0.0147 (0.0200)  time: 0.2518  data: 0.0527  max mem: 20673
Test:  [   140/?]  eta: ?  loss: 0.0177 (0.0204)  time: 0.2433  data: 0.0442  max mem: 20673
Test:  [   150/?]  eta: ?  loss: 0.0183 (0.0202)  time: 0.2365  data: 0.0374  max mem: 20673
Test:  [   160/?]  eta: ?  loss: 0.0154 (0.0206)  time: 0.2449  data: 0.0459  max mem: 20673
Test:  [   170/?]  eta: ?  loss: 0.0158 (0.0210)  time: 0.2579  data: 0.0588  max mem: 20673
Test:  [   180/?]  eta: ?  loss: 0.0162 (0.0211)  time: 0.2582  data: 0.0591  max mem: 20673
Test:  [   190/?]  eta: ?  loss: 0.0189 (0.0211)  time: 0.2627  data: 0.0636  max mem: 20673
Test:  [   200/?]  eta: ?  loss: 0.0132 (0.0209)  time: 0.2745  data: 0.0755  max mem: 20673
Test:  [   210/?]  eta: ?  loss: 0.0114 (0.0208)  time: 0.2693  data: 0.0703  max mem: 20673
Test:  [   220/?]  eta: ?  loss: 0.0095 (0.0203)  time: 0.2622  data: 0.0630  max mem: 20673
Test:  [   230/?]  eta: ?  loss: 0.0140 (0.0207)  time: 0.2609  data: 0.0618  max mem: 20673
Test:  [   240/?]  eta: ?  loss: 0.0218 (0.0206)  time: 0.2551  data: 0.0560  max mem: 20673
Test:  [   250/?]  eta: ?  loss: 0.0189 (0.0210)  time: 0.2548  data: 0.0557  max mem: 20673
Test:  [   260/?]  eta: ?  loss: 0.0189 (0.0218)  time: 0.2550  data: 0.0559  max mem: 20673
Test:  [   270/?]  eta: ?  loss: 0.0238 (0.0219)  time: 0.2406  data: 0.0416  max mem: 20673
Test:  [   280/?]  eta: ?  loss: 0.0189 (0.0217)  time: 0.2415  data: 0.0424  max mem: 20673
Test:  [   290/?]  eta: ?  loss: 0.0176 (0.0217)  time: 0.2618  data: 0.0627  max mem: 20673
Test:  [   300/?]  eta: ?  loss: 0.0137 (0.0219)  time: 0.2587  data: 0.0597  max mem: 20673
Test:  [   310/?]  eta: ?  loss: 0.0220 (0.0220)  time: 0.2569  data: 0.0580  max mem: 20673
Test:  [   320/?]  eta: ?  loss: 0.0268 (0.0224)  time: 0.2513  data: 0.0523  max mem: 20673
Test:  [   330/?]  eta: ?  loss: 0.0165 (0.0222)  time: 0.2566  data: 0.0575  max mem: 20673
Test:  [   340/?]  eta: ?  loss: 0.0142 (0.0222)  time: 0.2620  data: 0.0629  max mem: 20673
Test: Total time: 0:01:30 (0.2609 s / it)
* loss 0.022
  → Epoch  26/50 | Train Loss: 0.0021 | Val Loss: 0.0240 | Train score (1/(1+norm_MAE)): 0.9722 | Val MAE (years): 1.9729 | LR: 0.000001
Best val MAE (years): 1.8980, test MAE at best val: 1.8206
  Test segment MAE: 1.9114 | participant median MAE: 1.6591 | participant mean MAE: 1.6617
Epoch: [26]  [     0/?]  eta: ?  lr: 0.000281  min_lr: 0.000001  loss: 0.0022 (0.0022)  class_acc: 0.9720 (0.9720)  loss_scale: 140737488355328.0000 (140737488355328.0000)  weight_decay: 0.0500 (0.0500)  grad_norm: 4.6424 (4.6424)  time: 7.8719  data: 7.3480  max mem: 20673
Epoch: [26]  [   500/?]  eta: ?  lr: 0.000281  min_lr: 0.000001  loss: 0.0018 (0.0020)  class_acc: 0.9733 (0.9729)  loss_scale: 140737488355328.0000 (140737488355328.0000)  weight_decay: 0.0500 (0.0500)  grad_norm: 0.9793 (1.2011)  time: 0.5054  data: 0.0002  max mem: 20673
Epoch: [26]  [  1000/?]  eta: ?  lr: 0.000280  min_lr: 0.000001  loss: 0.0019 (0.0020)  class_acc: 0.9734 (0.9730)  loss_scale: 281474976710656.0000 (202881314382355.9375)  weight_decay: 0.0500 (0.0500)  grad_norm: 1.0435 (1.1390)  time: 0.5114  data: 0.0002  max mem: 20673
Epoch: [26]  [  1500/?]  eta: ?  lr: 0.000280  min_lr: 0.000001  loss: 0.0018 (0.0020)  class_acc: 0.9733 (0.9731)  loss_scale: 281474976710656.0000 (229061748202575.8125)  weight_decay: 0.0500 (0.0500)  grad_norm: 0.9642 (1.1234)  time: 0.5063  data: 0.0003  max mem: 20673
Epoch: [26]  [  2000/?]  eta: ?  lr: 0.000280  min_lr: 0.000001  loss: 0.0019 (0.0020)  class_acc: 0.9733 (0.9731)  loss_scale: 281474976710656.0000 (242158506950222.0312)  weight_decay: 0.0500 (0.0500)  grad_norm: 0.8056 (1.1202)  time: 0.5075  data: 0.0002  max mem: 20673
Epoch: [26] Total time: 0:20:44 (0.5100 s / it)
Val:  [     0/?]  eta: ?  loss: 0.0396 (0.0396)  time: 2.3917  data: 2.1934  max mem: 20673
Val:  [    10/?]  eta: ?  loss: 0.0180 (0.0221)  time: 0.4436  data: 0.2444  max mem: 20673
Val:  [    20/?]  eta: ?  loss: 0.0180 (0.0229)  time: 0.2560  data: 0.0569  max mem: 20673
Val:  [    30/?]  eta: ?  loss: 0.0156 (0.0215)  time: 0.2491  data: 0.0501  max mem: 20673
Val:  [    40/?]  eta: ?  loss: 0.0149 (0.0247)  time: 0.2462  data: 0.0471  max mem: 20673
Val:  [    50/?]  eta: ?  loss: 0.0133 (0.0249)  time: 0.2550  data: 0.0559  max mem: 20673
Val:  [    60/?]  eta: ?  loss: 0.0153 (0.0246)  time: 0.2598  data: 0.0609  max mem: 20673
Val:  [    70/?]  eta: ?  loss: 0.0148 (0.0234)  time: 0.2612  data: 0.0622  max mem: 20673
Val:  [    80/?]  eta: ?  loss: 0.0138 (0.0234)  time: 0.2624  data: 0.0634  max mem: 20673
Val:  [    90/?]  eta: ?  loss: 0.0170 (0.0235)  time: 0.2558  data: 0.0569  max mem: 20673
Val:  [   100/?]  eta: ?  loss: 0.0141 (0.0229)  time: 0.2405  data: 0.0415  max mem: 20673
Val:  [   110/?]  eta: ?  loss: 0.0152 (0.0227)  time: 0.2464  data: 0.0474  max mem: 20673
Val:  [   120/?]  eta: ?  loss: 0.0145 (0.0220)  time: 0.2484  data: 0.0494  max mem: 20673
Val:  [   130/?]  eta: ?  loss: 0.0121 (0.0216)  time: 0.2589  data: 0.0600  max mem: 20673
Val:  [   140/?]  eta: ?  loss: 0.0121 (0.0214)  time: 0.2647  data: 0.0659  max mem: 20673
Val:  [   150/?]  eta: ?  loss: 0.0099 (0.0210)  time: 0.2563  data: 0.0574  max mem: 20673
Val:  [   160/?]  eta: ?  loss: 0.0190 (0.0217)  time: 0.2504  data: 0.0514  max mem: 20673
Val:  [   170/?]  eta: ?  loss: 0.0192 (0.0215)  time: 0.2515  data: 0.0525  max mem: 20673
Val:  [   180/?]  eta: ?  loss: 0.0149 (0.0210)  time: 0.2481  data: 0.0491  max mem: 20673
Val:  [   190/?]  eta: ?  loss: 0.0133 (0.0210)  time: 0.2559  data: 0.0569  max mem: 20673
Val:  [   200/?]  eta: ?  loss: 0.0133 (0.0206)  time: 0.2635  data: 0.0646  max mem: 20673
Val:  [   210/?]  eta: ?  loss: 0.0134 (0.0220)  time: 0.2632  data: 0.0643  max mem: 20673
Val:  [   220/?]  eta: ?  loss: 0.0147 (0.0218)  time: 0.2680  data: 0.0691  max mem: 20673
Val:  [   230/?]  eta: ?  loss: 0.0164 (0.0219)  time: 0.2632  data: 0.0643  max mem: 20673
Val:  [   240/?]  eta: ?  loss: 0.0218 (0.0226)  time: 0.2558  data: 0.0569  max mem: 20673
Val:  [   250/?]  eta: ?  loss: 0.0197 (0.0227)  time: 0.2541  data: 0.0550  max mem: 20673
Val:  [   260/?]  eta: ?  loss: 0.0185 (0.0232)  time: 0.2535  data: 0.0545  max mem: 20673
Val:  [   270/?]  eta: ?  loss: 0.0172 (0.0234)  time: 0.2586  data: 0.0597  max mem: 20673
Val:  [   280/?]  eta: ?  loss: 0.0172 (0.0234)  time: 0.2614  data: 0.0624  max mem: 20673
Val:  [   290/?]  eta: ?  loss: 0.0154 (0.0233)  time: 0.2655  data: 0.0665  max mem: 20673
Val:  [   300/?]  eta: ?  loss: 0.0137 (0.0236)  time: 0.2494  data: 0.0504  max mem: 20673
Val:  [   310/?]  eta: ?  loss: 0.0145 (0.0239)  time: 0.2357  data: 0.0367  max mem: 20673
Val:  [   320/?]  eta: ?  loss: 0.0204 (0.0240)  time: 0.2523  data: 0.0534  max mem: 20673
Val:  [   330/?]  eta: ?  loss: 0.0197 (0.0243)  time: 0.2601  data: 0.0612  max mem: 20673
Val:  [   340/?]  eta: ?  loss: 0.0188 (0.0242)  time: 0.2568  data: 0.0579  max mem: 20673
Val:  [   350/?]  eta: ?  loss: 0.0161 (0.0240)  time: 0.2142  data: 0.0354  max mem: 20673
Val: Total time: 0:01:31 (0.2587 s / it)
* loss 0.024
Test:  [     0/?]  eta: ?  loss: 0.0162 (0.0162)  time: 2.1365  data: 1.9388  max mem: 20673
Test:  [    10/?]  eta: ?  loss: 0.0162 (0.0200)  time: 0.4088  data: 0.2101  max mem: 20673
Test:  [    20/?]  eta: ?  loss: 0.0214 (0.0285)  time: 0.2487  data: 0.0499  max mem: 20673
Test:  [    30/?]  eta: ?  loss: 0.0214 (0.0314)  time: 0.2445  data: 0.0456  max mem: 20673
Test:  [    40/?]  eta: ?  loss: 0.0206 (0.0290)  time: 0.2266  data: 0.0276  max mem: 20673
Test:  [    50/?]  eta: ?  loss: 0.0143 (0.0266)  time: 0.2400  data: 0.0410  max mem: 20673
Test:  [    60/?]  eta: ?  loss: 0.0141 (0.0252)  time: 0.2716  data: 0.0727  max mem: 20673
Test:  [    70/?]  eta: ?  loss: 0.0148 (0.0234)  time: 0.2552  data: 0.0563  max mem: 20673
Test:  [    80/?]  eta: ?  loss: 0.0123 (0.0225)  time: 0.2334  data: 0.0344  max mem: 20673
Test:  [    90/?]  eta: ?  loss: 0.0154 (0.0221)  time: 0.2373  data: 0.0383  max mem: 20673
Test:  [   100/?]  eta: ?  loss: 0.0160 (0.0216)  time: 0.2408  data: 0.0418  max mem: 20673
Test:  [   110/?]  eta: ?  loss: 0.0132 (0.0209)  time: 0.2432  data: 0.0442  max mem: 20673
Test:  [   120/?]  eta: ?  loss: 0.0149 (0.0206)  time: 0.2378  data: 0.0388  max mem: 20673
Test:  [   130/?]  eta: ?  loss: 0.0150 (0.0205)  time: 0.2398  data: 0.0408  max mem: 20673
Test:  [   140/?]  eta: ?  loss: 0.0197 (0.0209)  time: 0.2433  data: 0.0443  max mem: 20673
Test:  [   150/?]  eta: ?  loss: 0.0144 (0.0206)  time: 0.2498  data: 0.0509  max mem: 20673
Test:  [   160/?]  eta: ?  loss: 0.0153 (0.0211)  time: 0.2508  data: 0.0520  max mem: 20673
Test:  [   170/?]  eta: ?  loss: 0.0188 (0.0218)  time: 0.2455  data: 0.0465  max mem: 20673
Test:  [   180/?]  eta: ?  loss: 0.0146 (0.0218)  time: 0.2549  data: 0.0558  max mem: 20673
Test:  [   190/?]  eta: ?  loss: 0.0150 (0.0217)  time: 0.2619  data: 0.0629  max mem: 20673
Test:  [   200/?]  eta: ?  loss: 0.0133 (0.0215)  time: 0.2692  data: 0.0704  max mem: 20673
Test:  [   210/?]  eta: ?  loss: 0.0110 (0.0212)  time: 0.2706  data: 0.0717  max mem: 20673
Test:  [   220/?]  eta: ?  loss: 0.0098 (0.0208)  time: 0.2626  data: 0.0636  max mem: 20673
Test:  [   230/?]  eta: ?  loss: 0.0147 (0.0212)  time: 0.2567  data: 0.0577  max mem: 20673
Test:  [   240/?]  eta: ?  loss: 0.0186 (0.0212)  time: 0.2575  data: 0.0585  max mem: 20673
Test:  [   250/?]  eta: ?  loss: 0.0185 (0.0215)  time: 0.2679  data: 0.0689  max mem: 20673
Test:  [   260/?]  eta: ?  loss: 0.0194 (0.0223)  time: 0.2630  data: 0.0641  max mem: 20673
Test:  [   270/?]  eta: ?  loss: 0.0218 (0.0224)  time: 0.2596  data: 0.0607  max mem: 20673
Test:  [   280/?]  eta: ?  loss: 0.0183 (0.0222)  time: 0.2499  data: 0.0510  max mem: 20673
Test:  [   290/?]  eta: ?  loss: 0.0166 (0.0222)  time: 0.2653  data: 0.0665  max mem: 20673
Test:  [   300/?]  eta: ?  loss: 0.0142 (0.0222)  time: 0.2759  data: 0.0771  max mem: 20673
Test:  [   310/?]  eta: ?  loss: 0.0145 (0.0221)  time: 0.2695  data: 0.0707  max mem: 20673
Test:  [   320/?]  eta: ?  loss: 0.0212 (0.0225)  time: 0.2577  data: 0.0589  max mem: 20673
Test:  [   330/?]  eta: ?  loss: 0.0165 (0.0223)  time: 0.2665  data: 0.0678  max mem: 20673
Test:  [   340/?]  eta: ?  loss: 0.0144 (0.0223)  time: 0.2678  data: 0.0690  max mem: 20673
Test: Total time: 0:01:29 (0.2566 s / it)
* loss 0.022
  → Epoch  27/50 | Train Loss: 0.0020 | Val Loss: 0.0240 | Train score (1/(1+norm_MAE)): 0.9732 | Val MAE (years): 1.9620 | LR: 0.000001
Best val MAE (years): 1.8980, test MAE at best val: 1.8206
  Test segment MAE: 1.9019 | participant median MAE: 1.6620 | participant mean MAE: 1.6589
Epoch: [27]  [     0/?]  eta: ?  lr: 0.000264  min_lr: 0.000001  loss: 0.0016 (0.0016)  class_acc: 0.9744 (0.9744)  loss_scale: 281474976710656.0000 (281474976710656.0000)  weight_decay: 0.0500 (0.0500)  grad_norm: 1.0412 (1.0412)  time: 7.9358  data: 7.4166  max mem: 20673
Epoch: [27]  [   500/?]  eta: ?  lr: 0.000263  min_lr: 0.000001  loss: 0.0016 (0.0018)  class_acc: 0.9744 (0.9740)  loss_scale: 562949953421312.0000 (496092623623770.9375)  weight_decay: 0.0500 (0.0500)  grad_norm: 0.8057 (1.0963)  time: 0.5015  data: 0.0002  max mem: 20673
Epoch: [27]  [  1000/?]  eta: ?  lr: 0.000263  min_lr: 0.000001  loss: 0.0017 (0.0019)  class_acc: 0.9742 (0.9740)  loss_scale: 562949953421312.0000 (529487893252912.3125)  weight_decay: 0.0500 (0.0500)  grad_norm: 0.6730 (1.1247)  time: 0.5093  data: 0.0003  max mem: 20673
Epoch: [27]  [  1500/?]  eta: ?  lr: 0.000263  min_lr: 0.000001  loss: 0.0015 (0.0019)  class_acc: 0.9756 (0.9741)  loss_scale: 562949953421312.0000 (540634482249714.3750)  weight_decay: 0.0500 (0.0500)  grad_norm: 0.6951 (1.1119)  time: 0.5070  data: 0.0002  max mem: 20673
Epoch: [27]  [  2000/?]  eta: ?  lr: 0.000263  min_lr: 0.000001  loss: 0.0021 (0.0019)  class_acc: 0.9734 (0.9742)  loss_scale: 562949953421312.0000 (546210562002737.2500)  weight_decay: 0.0500 (0.0500)  grad_norm: 0.9050 (1.1183)  time: 0.5085  data: 0.0002  max mem: 20673
Epoch: [27] Total time: 0:20:45 (0.5106 s / it)
Val:  [     0/?]  eta: ?  loss: 0.0441 (0.0441)  time: 2.3186  data: 2.1203  max mem: 20673
Val:  [    10/?]  eta: ?  loss: 0.0210 (0.0239)  time: 0.4510  data: 0.2521  max mem: 20673
Val:  [    20/?]  eta: ?  loss: 0.0210 (0.0252)  time: 0.2652  data: 0.0662  max mem: 20673
Val:  [    30/?]  eta: ?  loss: 0.0175 (0.0228)  time: 0.2561  data: 0.0570  max mem: 20673
Val:  [    40/?]  eta: ?  loss: 0.0159 (0.0257)  time: 0.2633  data: 0.0642  max mem: 20673
Val:  [    50/?]  eta: ?  loss: 0.0165 (0.0259)  time: 0.2596  data: 0.0606  max mem: 20673
Val:  [    60/?]  eta: ?  loss: 0.0168 (0.0256)  time: 0.2509  data: 0.0518  max mem: 20673
Val:  [    70/?]  eta: ?  loss: 0.0155 (0.0242)  time: 0.2546  data: 0.0557  max mem: 20673
Val:  [    80/?]  eta: ?  loss: 0.0159 (0.0240)  time: 0.2502  data: 0.0512  max mem: 20673
Val:  [    90/?]  eta: ?  loss: 0.0171 (0.0244)  time: 0.2498  data: 0.0508  max mem: 20673
Val:  [   100/?]  eta: ?  loss: 0.0145 (0.0237)  time: 0.2479  data: 0.0490  max mem: 20673
Val:  [   110/?]  eta: ?  loss: 0.0154 (0.0235)  time: 0.2448  data: 0.0459  max mem: 20673
Val:  [   120/?]  eta: ?  loss: 0.0171 (0.0228)  time: 0.2520  data: 0.0531  max mem: 20673
Val:  [   130/?]  eta: ?  loss: 0.0125 (0.0222)  time: 0.2712  data: 0.0724  max mem: 20673
Val:  [   140/?]  eta: ?  loss: 0.0123 (0.0218)  time: 0.2631  data: 0.0642  max mem: 20673
Val:  [   150/?]  eta: ?  loss: 0.0109 (0.0215)  time: 0.2608  data: 0.0619  max mem: 20673
Val:  [   160/?]  eta: ?  loss: 0.0162 (0.0220)  time: 0.2543  data: 0.0554  max mem: 20673
Val:  [   170/?]  eta: ?  loss: 0.0182 (0.0218)  time: 0.2331  data: 0.0341  max mem: 20673
Val:  [   180/?]  eta: ?  loss: 0.0151 (0.0213)  time: 0.2295  data: 0.0306  max mem: 20673
Val:  [   190/?]  eta: ?  loss: 0.0118 (0.0215)  time: 0.2380  data: 0.0391  max mem: 20673
Val:  [   200/?]  eta: ?  loss: 0.0143 (0.0210)  time: 0.2648  data: 0.0659  max mem: 20673
Val:  [   210/?]  eta: ?  loss: 0.0145 (0.0224)  time: 0.2676  data: 0.0687  max mem: 20673
Val:  [   220/?]  eta: ?  loss: 0.0145 (0.0221)  time: 0.2741  data: 0.0753  max mem: 20673
Val:  [   230/?]  eta: ?  loss: 0.0155 (0.0224)  time: 0.2836  data: 0.0848  max mem: 20673
Val:  [   240/?]  eta: ?  loss: 0.0211 (0.0230)  time: 0.2753  data: 0.0765  max mem: 20673
Val:  [   250/?]  eta: ?  loss: 0.0191 (0.0231)  time: 0.2622  data: 0.0635  max mem: 20673
Val:  [   260/?]  eta: ?  loss: 0.0188 (0.0236)  time: 0.2657  data: 0.0669  max mem: 20673
Val:  [   270/?]  eta: ?  loss: 0.0170 (0.0238)  time: 0.2724  data: 0.0736  max mem: 20673
Val:  [   280/?]  eta: ?  loss: 0.0170 (0.0238)  time: 0.2533  data: 0.0544  max mem: 20673
Val:  [   290/?]  eta: ?  loss: 0.0157 (0.0237)  time: 0.2380  data: 0.0391  max mem: 20673
Val:  [   300/?]  eta: ?  loss: 0.0119 (0.0240)  time: 0.2209  data: 0.0219  max mem: 20673
Val:  [   310/?]  eta: ?  loss: 0.0141 (0.0242)  time: 0.2225  data: 0.0234  max mem: 20673
Val:  [   320/?]  eta: ?  loss: 0.0203 (0.0243)  time: 0.2440  data: 0.0450  max mem: 20673
Val:  [   330/?]  eta: ?  loss: 0.0203 (0.0247)  time: 0.2553  data: 0.0565  max mem: 20673
Val:  [   340/?]  eta: ?  loss: 0.0180 (0.0247)  time: 0.2447  data: 0.0459  max mem: 20673
Val:  [   350/?]  eta: ?  loss: 0.0152 (0.0245)  time: 0.2273  data: 0.0485  max mem: 20673
Val: Total time: 0:01:30 (0.2585 s / it)
* loss 0.024
Test:  [     0/?]  eta: ?  loss: 0.0176 (0.0176)  time: 2.2771  data: 2.0791  max mem: 20673
Test:  [    10/?]  eta: ?  loss: 0.0176 (0.0202)  time: 0.3974  data: 0.1986  max mem: 20673
Test:  [    20/?]  eta: ?  loss: 0.0177 (0.0277)  time: 0.2321  data: 0.0332  max mem: 20673
Test:  [    30/?]  eta: ?  loss: 0.0256 (0.0314)  time: 0.2520  data: 0.0531  max mem: 20673
Test:  [    40/?]  eta: ?  loss: 0.0210 (0.0287)  time: 0.2533  data: 0.0543  max mem: 20673
Test:  [    50/?]  eta: ?  loss: 0.0165 (0.0268)  time: 0.2543  data: 0.0552  max mem: 20673
Test:  [    60/?]  eta: ?  loss: 0.0165 (0.0254)  time: 0.2583  data: 0.0594  max mem: 20673
Test:  [    70/?]  eta: ?  loss: 0.0140 (0.0237)  time: 0.2560  data: 0.0571  max mem: 20673
Test:  [    80/?]  eta: ?  loss: 0.0140 (0.0228)  time: 0.2397  data: 0.0408  max mem: 20673
Test:  [    90/?]  eta: ?  loss: 0.0169 (0.0224)  time: 0.2401  data: 0.0411  max mem: 20673
Test:  [   100/?]  eta: ?  loss: 0.0161 (0.0219)  time: 0.2666  data: 0.0677  max mem: 20673
Test:  [   110/?]  eta: ?  loss: 0.0144 (0.0212)  time: 0.2738  data: 0.0749  max mem: 20673
Test:  [   120/?]  eta: ?  loss: 0.0141 (0.0209)  time: 0.2661  data: 0.0672  max mem: 20673
Test:  [   130/?]  eta: ?  loss: 0.0173 (0.0209)  time: 0.2466  data: 0.0477  max mem: 20673
Test:  [   140/?]  eta: ?  loss: 0.0214 (0.0213)  time: 0.2355  data: 0.0366  max mem: 20673
Test:  [   150/?]  eta: ?  loss: 0.0188 (0.0211)  time: 0.2545  data: 0.0555  max mem: 20673
Test:  [   160/?]  eta: ?  loss: 0.0145 (0.0216)  time: 0.2662  data: 0.0672  max mem: 20673
Test:  [   170/?]  eta: ?  loss: 0.0197 (0.0224)  time: 0.2647  data: 0.0658  max mem: 20673
Test:  [   180/?]  eta: ?  loss: 0.0163 (0.0223)  time: 0.2693  data: 0.0704  max mem: 20673
Test:  [   190/?]  eta: ?  loss: 0.0163 (0.0221)  time: 0.2631  data: 0.0642  max mem: 20673
Test:  [   200/?]  eta: ?  loss: 0.0134 (0.0220)  time: 0.2661  data: 0.0673  max mem: 20673
Test:  [   210/?]  eta: ?  loss: 0.0117 (0.0218)  time: 0.2684  data: 0.0695  max mem: 20673
Test:  [   220/?]  eta: ?  loss: 0.0114 (0.0214)  time: 0.2615  data: 0.0626  max mem: 20673
Test:  [   230/?]  eta: ?  loss: 0.0156 (0.0219)  time: 0.2592  data: 0.0603  max mem: 20673
Test:  [   240/?]  eta: ?  loss: 0.0175 (0.0219)  time: 0.2609  data: 0.0620  max mem: 20673
Test:  [   250/?]  eta: ?  loss: 0.0170 (0.0221)  time: 0.2607  data: 0.0618  max mem: 20673
Test:  [   260/?]  eta: ?  loss: 0.0187 (0.0229)  time: 0.2490  data: 0.0500  max mem: 20673
Test:  [   270/?]  eta: ?  loss: 0.0224 (0.0229)  time: 0.2367  data: 0.0377  max mem: 20673
Test:  [   280/?]  eta: ?  loss: 0.0195 (0.0226)  time: 0.2438  data: 0.0448  max mem: 20673
Test:  [   290/?]  eta: ?  loss: 0.0158 (0.0226)  time: 0.2609  data: 0.0618  max mem: 20673
Test:  [   300/?]  eta: ?  loss: 0.0158 (0.0226)  time: 0.2647  data: 0.0657  max mem: 20673
Test:  [   310/?]  eta: ?  loss: 0.0170 (0.0226)  time: 0.2590  data: 0.0601  max mem: 20673
Test:  [   320/?]  eta: ?  loss: 0.0176 (0.0229)  time: 0.2609  data: 0.0620  max mem: 20673
Test:  [   330/?]  eta: ?  loss: 0.0167 (0.0227)  time: 0.2640  data: 0.0651  max mem: 20673
Test:  [   340/?]  eta: ?  loss: 0.0167 (0.0227)  time: 0.2615  data: 0.0626  max mem: 20673
Test: Total time: 0:01:30 (0.2601 s / it)
* loss 0.023
  → Epoch  28/50 | Train Loss: 0.0019 | Val Loss: 0.0244 | Train score (1/(1+norm_MAE)): 0.9742 | Val MAE (years): 1.9928 | LR: 0.000001
Best val MAE (years): 1.8980, test MAE at best val: 1.8206
  Test segment MAE: 1.9373 | participant median MAE: 1.7553 | participant mean MAE: 1.7388
Epoch: [28]  [     0/?]  eta: ?  lr: 0.000246  min_lr: 0.000001  loss: 0.0014 (0.0014)  class_acc: 0.9745 (0.9745)  loss_scale: 1125899906842624.0000 (1125899906842624.0000)  weight_decay: 0.0500 (0.0500)  grad_norm: 0.7106 (0.7106)  time: 7.7288  data: 7.2084  max mem: 20673
Epoch: [28]  [   500/?]  eta: ?  lr: 0.000246  min_lr: 0.000001  loss: 0.0013 (0.0018)  class_acc: 0.9762 (0.9747)  loss_scale: 1125899906842624.0000 (1125899906842624.0000)  weight_decay: 0.0500 (0.0500)  grad_norm: 0.7707 (1.1170)  time: 0.4995  data: 0.0002  max mem: 20673
Epoch: [28]  [  1000/?]  eta: ?  lr: 0.000246  min_lr: 0.000001  loss: 0.0018 (0.0018)  class_acc: 0.9751 (0.9747)  loss_scale: 1125899906842624.0000 (1125899906842624.0000)  weight_decay: 0.0500 (0.0500)  grad_norm: 0.9851 (1.1108)  time: 0.5102  data: 0.0003  max mem: 20673
Epoch: [28]  [  1500/?]  eta: ?  lr: 0.000246  min_lr: 0.000001  loss: 0.0016 (0.0018)  class_acc: 0.9758 (0.9748)  loss_scale: 1125899906842624.0000 (1125899906842624.0000)  weight_decay: 0.0500 (0.0500)  grad_norm: 0.7684 (1.0976)  time: 0.5012  data: 0.0003  max mem: 20673
Epoch: [28]  [  2000/?]  eta: ?  lr: 0.000246  min_lr: 0.000001  loss: 0.0016 (0.0018)  class_acc: 0.9749 (0.9748)  loss_scale: 2251799813685248.0000 (1307079202196609.5000)  weight_decay: 0.0500 (0.0500)  grad_norm: 0.8452 (1.1288)  time: 0.5065  data: 0.0002  max mem: 20673
Epoch: [28] Total time: 0:20:41 (0.5089 s / it)
Val:  [     0/?]  eta: ?  loss: 0.0410 (0.0410)  time: 2.2415  data: 2.0435  max mem: 20673
Val:  [    10/?]  eta: ?  loss: 0.0181 (0.0212)  time: 0.4216  data: 0.2226  max mem: 20673
Val:  [    20/?]  eta: ?  loss: 0.0181 (0.0224)  time: 0.2547  data: 0.0556  max mem: 20673
Val:  [    30/?]  eta: ?  loss: 0.0158 (0.0212)  time: 0.2638  data: 0.0648  max mem: 20673
Val:  [    40/?]  eta: ?  loss: 0.0145 (0.0241)  time: 0.2781  data: 0.0791  max mem: 20673
Val:  [    50/?]  eta: ?  loss: 0.0145 (0.0241)  time: 0.2773  data: 0.0783  max mem: 20673
Val:  [    60/?]  eta: ?  loss: 0.0172 (0.0239)  time: 0.2660  data: 0.0672  max mem: 20673
Val:  [    70/?]  eta: ?  loss: 0.0172 (0.0228)  time: 0.2612  data: 0.0624  max mem: 20673
Val:  [    80/?]  eta: ?  loss: 0.0134 (0.0227)  time: 0.2600  data: 0.0611  max mem: 20673
Val:  [    90/?]  eta: ?  loss: 0.0191 (0.0230)  time: 0.2452  data: 0.0462  max mem: 20673
Val:  [   100/?]  eta: ?  loss: 0.0134 (0.0225)  time: 0.2411  data: 0.0421  max mem: 20673
Val:  [   110/?]  eta: ?  loss: 0.0142 (0.0223)  time: 0.2439  data: 0.0449  max mem: 20673
Val:  [   120/?]  eta: ?  loss: 0.0144 (0.0216)  time: 0.2363  data: 0.0374  max mem: 20673
Val:  [   130/?]  eta: ?  loss: 0.0135 (0.0213)  time: 0.2292  data: 0.0303  max mem: 20673
Val:  [   140/?]  eta: ?  loss: 0.0116 (0.0212)  time: 0.2205  data: 0.0216  max mem: 20673
Val:  [   150/?]  eta: ?  loss: 0.0116 (0.0209)  time: 0.2268  data: 0.0278  max mem: 20673
Val:  [   160/?]  eta: ?  loss: 0.0198 (0.0215)  time: 0.2220  data: 0.0230  max mem: 20673
Val:  [   170/?]  eta: ?  loss: 0.0206 (0.0214)  time: 0.2286  data: 0.0296  max mem: 20673
Val:  [   180/?]  eta: ?  loss: 0.0142 (0.0209)  time: 0.2313  data: 0.0323  max mem: 20673
Val:  [   190/?]  eta: ?  loss: 0.0113 (0.0209)  time: 0.2413  data: 0.0423  max mem: 20673
Val:  [   200/?]  eta: ?  loss: 0.0132 (0.0205)  time: 0.2453  data: 0.0464  max mem: 20673
Val:  [   210/?]  eta: ?  loss: 0.0142 (0.0218)  time: 0.2462  data: 0.0474  max mem: 20673
Val:  [   220/?]  eta: ?  loss: 0.0159 (0.0216)  time: 0.2556  data: 0.0567  max mem: 20673
Val:  [   230/?]  eta: ?  loss: 0.0169 (0.0219)  time: 0.2499  data: 0.0510  max mem: 20673
Val:  [   240/?]  eta: ?  loss: 0.0216 (0.0226)  time: 0.2557  data: 0.0568  max mem: 20673
Val:  [   250/?]  eta: ?  loss: 0.0181 (0.0226)  time: 0.2584  data: 0.0595  max mem: 20673
Val:  [   260/?]  eta: ?  loss: 0.0154 (0.0232)  time: 0.2450  data: 0.0461  max mem: 20673
Val:  [   270/?]  eta: ?  loss: 0.0203 (0.0234)  time: 0.2421  data: 0.0433  max mem: 20673
Val:  [   280/?]  eta: ?  loss: 0.0177 (0.0235)  time: 0.2624  data: 0.0635  max mem: 20673
Val:  [   290/?]  eta: ?  loss: 0.0158 (0.0234)  time: 0.2512  data: 0.0523  max mem: 20673
Val:  [   300/?]  eta: ?  loss: 0.0110 (0.0236)  time: 0.2230  data: 0.0241  max mem: 20673
Val:  [   310/?]  eta: ?  loss: 0.0146 (0.0237)  time: 0.2233  data: 0.0244  max mem: 20673
Val:  [   320/?]  eta: ?  loss: 0.0228 (0.0237)  time: 0.2229  data: 0.0239  max mem: 20673
Val:  [   330/?]  eta: ?  loss: 0.0205 (0.0241)  time: 0.2324  data: 0.0336  max mem: 20673
Val:  [   340/?]  eta: ?  loss: 0.0178 (0.0240)  time: 0.2329  data: 0.0341  max mem: 20673
Val:  [   350/?]  eta: ?  loss: 0.0157 (0.0238)  time: 0.2084  data: 0.0296  max mem: 20673
Val: Total time: 0:01:27 (0.2480 s / it)
* loss 0.024
Test:  [     0/?]  eta: ?  loss: 0.0135 (0.0135)  time: 2.2698  data: 2.0721  max mem: 20673
Test:  [    10/?]  eta: ?  loss: 0.0148 (0.0202)  time: 0.3972  data: 0.1984  max mem: 20673
Test:  [    20/?]  eta: ?  loss: 0.0203 (0.0284)  time: 0.2240  data: 0.0252  max mem: 20673
Test:  [    30/?]  eta: ?  loss: 0.0207 (0.0305)  time: 0.2459  data: 0.0472  max mem: 20673
Test:  [    40/?]  eta: ?  loss: 0.0170 (0.0278)  time: 0.2519  data: 0.0532  max mem: 20673
Test:  [    50/?]  eta: ?  loss: 0.0143 (0.0258)  time: 0.2414  data: 0.0425  max mem: 20673
Test:  [    60/?]  eta: ?  loss: 0.0150 (0.0245)  time: 0.2371  data: 0.0382  max mem: 20673
Test:  [    70/?]  eta: ?  loss: 0.0137 (0.0228)  time: 0.2531  data: 0.0542  max mem: 20673
Test:  [    80/?]  eta: ?  loss: 0.0127 (0.0221)  time: 0.2825  data: 0.0837  max mem: 20673
Test:  [    90/?]  eta: ?  loss: 0.0152 (0.0218)  time: 0.2797  data: 0.0808  max mem: 20673
Test:  [   100/?]  eta: ?  loss: 0.0162 (0.0216)  time: 0.2702  data: 0.0713  max mem: 20673
Test:  [   110/?]  eta: ?  loss: 0.0135 (0.0209)  time: 0.2691  data: 0.0702  max mem: 20673
Test:  [   120/?]  eta: ?  loss: 0.0158 (0.0206)  time: 0.2585  data: 0.0597  max mem: 20673
Test:  [   130/?]  eta: ?  loss: 0.0179 (0.0205)  time: 0.2412  data: 0.0422  max mem: 20673
Test:  [   140/?]  eta: ?  loss: 0.0204 (0.0209)  time: 0.2472  data: 0.0482  max mem: 20673
Test:  [   150/?]  eta: ?  loss: 0.0160 (0.0206)  time: 0.2601  data: 0.0612  max mem: 20673
Test:  [   160/?]  eta: ?  loss: 0.0160 (0.0209)  time: 0.2499  data: 0.0509  max mem: 20673
Test:  [   170/?]  eta: ?  loss: 0.0181 (0.0217)  time: 0.2489  data: 0.0499  max mem: 20673
Test:  [   180/?]  eta: ?  loss: 0.0137 (0.0217)  time: 0.2532  data: 0.0542  max mem: 20673
Test:  [   190/?]  eta: ?  loss: 0.0184 (0.0216)  time: 0.2519  data: 0.0530  max mem: 20673
Test:  [   200/?]  eta: ?  loss: 0.0140 (0.0215)  time: 0.2722  data: 0.0733  max mem: 20673
Test:  [   210/?]  eta: ?  loss: 0.0103 (0.0213)  time: 0.2858  data: 0.0870  max mem: 20673
Test:  [   220/?]  eta: ?  loss: 0.0099 (0.0208)  time: 0.2686  data: 0.0697  max mem: 20673
Test:  [   230/?]  eta: ?  loss: 0.0143 (0.0213)  time: 0.2512  data: 0.0523  max mem: 20673
Test:  [   240/?]  eta: ?  loss: 0.0184 (0.0213)  time: 0.2480  data: 0.0491  max mem: 20673
Test:  [   250/?]  eta: ?  loss: 0.0183 (0.0216)  time: 0.2565  data: 0.0576  max mem: 20673
Test:  [   260/?]  eta: ?  loss: 0.0214 (0.0224)  time: 0.2609  data: 0.0621  max mem: 20673
Test:  [   270/?]  eta: ?  loss: 0.0234 (0.0225)  time: 0.2481  data: 0.0492  max mem: 20673
Test:  [   280/?]  eta: ?  loss: 0.0172 (0.0222)  time: 0.2399  data: 0.0409  max mem: 20673
Test:  [   290/?]  eta: ?  loss: 0.0147 (0.0222)  time: 0.2602  data: 0.0613  max mem: 20673
Test:  [   300/?]  eta: ?  loss: 0.0135 (0.0223)  time: 0.2559  data: 0.0570  max mem: 20673
Test:  [   310/?]  eta: ?  loss: 0.0190 (0.0223)  time: 0.2466  data: 0.0477  max mem: 20673
Test:  [   320/?]  eta: ?  loss: 0.0213 (0.0227)  time: 0.2496  data: 0.0506  max mem: 20673
Test:  [   330/?]  eta: ?  loss: 0.0169 (0.0224)  time: 0.2707  data: 0.0717  max mem: 20673
Test:  [   340/?]  eta: ?  loss: 0.0159 (0.0224)  time: 0.2630  data: 0.0640  max mem: 20673
Test: Total time: 0:01:29 (0.2584 s / it)
* loss 0.022
  → Epoch  29/50 | Train Loss: 0.0018 | Val Loss: 0.0238 | Train score (1/(1+norm_MAE)): 0.9749 | Val MAE (years): 1.9678 | LR: 0.000001
Best val MAE (years): 1.8980, test MAE at best val: 1.8206
  Test segment MAE: 1.9204 | participant median MAE: 1.7135 | participant mean MAE: 1.7041
Epoch: [29]  [     0/?]  eta: ?  lr: 0.000229  min_lr: 0.000001  loss: 0.0013 (0.0013)  class_acc: 0.9773 (0.9773)  loss_scale: 2251799813685248.0000 (2251799813685248.0000)  weight_decay: 0.0500 (0.0500)  grad_norm: 0.6484 (0.6484)  time: 7.9684  data: 7.4425  max mem: 20673
Epoch: [29]  [   500/?]  eta: ?  lr: 0.000229  min_lr: 0.000001  loss: 0.0015 (0.0017)  class_acc: 0.9757 (0.9754)  loss_scale: 2251799813685248.0000 (2251799813685248.0000)  weight_decay: 0.0500 (0.0500)  grad_norm: 0.6782 (1.1869)  time: 0.5011  data: 0.0003  max mem: 20673
Epoch: [29]  [  1000/?]  eta: ?  lr: 0.000229  min_lr: 0.000001  loss: 0.0015 (0.0017)  class_acc: 0.9757 (0.9756)  loss_scale: 2251799813685248.0000 (2251799813685248.0000)  weight_decay: 0.0500 (0.0500)  grad_norm: 0.6583 (1.1298)  time: 0.5100  data: 0.0002  max mem: 20673
Epoch: [29]  [  1500/?]  eta: ?  lr: 0.000229  min_lr: 0.000001  loss: 0.0012 (0.0017)  class_acc: 0.9767 (0.9757)  loss_scale: 4503599627370496.0000 (2644852146253892.0000)  weight_decay: 0.0500 (0.0500)  grad_norm: 0.7081 (1.1070)  time: 0.5055  data: 0.0003  max mem: 20673
Epoch: [29]  [  2000/?]  eta: ?  lr: 0.000229  min_lr: 0.000001  loss: 0.0017 (0.0017)  class_acc: 0.9751 (0.9758)  loss_scale: 4503599627370496.0000 (3109306789211564.5000)  weight_decay: 0.0500 (0.0500)  grad_norm: 0.7391 (1.1120)  time: 0.5084  data: 0.0004  max mem: 20673
Epoch: [29] Total time: 0:20:43 (0.5097 s / it)
Val:  [     0/?]  eta: ?  loss: 0.0409 (0.0409)  time: 2.5941  data: 2.3958  max mem: 20673
Val:  [    10/?]  eta: ?  loss: 0.0179 (0.0218)  time: 0.4755  data: 0.2765  max mem: 20673
Val:  [    20/?]  eta: ?  loss: 0.0186 (0.0226)  time: 0.2626  data: 0.0634  max mem: 20673
Val:  [    30/?]  eta: ?  loss: 0.0186 (0.0212)  time: 0.2517  data: 0.0524  max mem: 20673
Val:  [    40/?]  eta: ?  loss: 0.0142 (0.0242)  time: 0.2722  data: 0.0730  max mem: 20673
Val:  [    50/?]  eta: ?  loss: 0.0135 (0.0241)  time: 0.2787  data: 0.0798  max mem: 20673
Val:  [    60/?]  eta: ?  loss: 0.0160 (0.0240)  time: 0.2633  data: 0.0644  max mem: 20673
Val:  [    70/?]  eta: ?  loss: 0.0164 (0.0228)  time: 0.2636  data: 0.0646  max mem: 20673
Val:  [    80/?]  eta: ?  loss: 0.0127 (0.0227)  time: 0.2608  data: 0.0619  max mem: 20673
Val:  [    90/?]  eta: ?  loss: 0.0176 (0.0230)  time: 0.2655  data: 0.0665  max mem: 20673
Val:  [   100/?]  eta: ?  loss: 0.0160 (0.0224)  time: 0.2656  data: 0.0667  max mem: 20673
Val:  [   110/?]  eta: ?  loss: 0.0154 (0.0222)  time: 0.2547  data: 0.0557  max mem: 20673
Val:  [   120/?]  eta: ?  loss: 0.0150 (0.0215)  time: 0.2580  data: 0.0590  max mem: 20673
Val:  [   130/?]  eta: ?  loss: 0.0113 (0.0212)  time: 0.2497  data: 0.0507  max mem: 20673
Val:  [   140/?]  eta: ?  loss: 0.0110 (0.0211)  time: 0.2296  data: 0.0306  max mem: 20673
Val:  [   150/?]  eta: ?  loss: 0.0110 (0.0209)  time: 0.2310  data: 0.0319  max mem: 20673
Val:  [   160/?]  eta: ?  loss: 0.0217 (0.0215)  time: 0.2314  data: 0.0324  max mem: 20673
Val:  [   170/?]  eta: ?  loss: 0.0215 (0.0213)  time: 0.2443  data: 0.0453  max mem: 20673
Val:  [   180/?]  eta: ?  loss: 0.0122 (0.0209)  time: 0.2577  data: 0.0588  max mem: 20673
Val:  [   190/?]  eta: ?  loss: 0.0117 (0.0209)  time: 0.2635  data: 0.0646  max mem: 20673
Val:  [   200/?]  eta: ?  loss: 0.0124 (0.0205)  time: 0.2619  data: 0.0629  max mem: 20673
Val:  [   210/?]  eta: ?  loss: 0.0140 (0.0220)  time: 0.2647  data: 0.0657  max mem: 20673
Val:  [   220/?]  eta: ?  loss: 0.0198 (0.0217)  time: 0.2643  data: 0.0653  max mem: 20673
Val:  [   230/?]  eta: ?  loss: 0.0198 (0.0220)  time: 0.2661  data: 0.0672  max mem: 20673
Val:  [   240/?]  eta: ?  loss: 0.0206 (0.0227)  time: 0.2638  data: 0.0649  max mem: 20673
Val:  [   250/?]  eta: ?  loss: 0.0172 (0.0226)  time: 0.2638  data: 0.0648  max mem: 20673
Val:  [   260/?]  eta: ?  loss: 0.0132 (0.0233)  time: 0.2586  data: 0.0596  max mem: 20673
Val:  [   270/?]  eta: ?  loss: 0.0162 (0.0235)  time: 0.2532  data: 0.0542  max mem: 20673
Val:  [   280/?]  eta: ?  loss: 0.0173 (0.0235)  time: 0.2588  data: 0.0598  max mem: 20673
Val:  [   290/?]  eta: ?  loss: 0.0149 (0.0234)  time: 0.2692  data: 0.0701  max mem: 20673
Val:  [   300/?]  eta: ?  loss: 0.0130 (0.0237)  time: 0.2553  data: 0.0562  max mem: 20673
Val:  [   310/?]  eta: ?  loss: 0.0179 (0.0238)  time: 0.2416  data: 0.0426  max mem: 20673
Val:  [   320/?]  eta: ?  loss: 0.0204 (0.0239)  time: 0.2565  data: 0.0575  max mem: 20673
Val:  [   330/?]  eta: ?  loss: 0.0219 (0.0243)  time: 0.2639  data: 0.0649  max mem: 20673
Val:  [   340/?]  eta: ?  loss: 0.0164 (0.0242)  time: 0.2601  data: 0.0612  max mem: 20673
Val:  [   350/?]  eta: ?  loss: 0.0145 (0.0240)  time: 0.2151  data: 0.0363  max mem: 20673
Val: Total time: 0:01:32 (0.2617 s / it)
* loss 0.024
Test:  [     0/?]  eta: ?  loss: 0.0135 (0.0135)  time: 2.1384  data: 1.9405  max mem: 20673
Test:  [    10/?]  eta: ?  loss: 0.0208 (0.0209)  time: 0.4131  data: 0.2143  max mem: 20673
Test:  [    20/?]  eta: ?  loss: 0.0208 (0.0279)  time: 0.2611  data: 0.0622  max mem: 20673
Test:  [    30/?]  eta: ?  loss: 0.0206 (0.0302)  time: 0.2585  data: 0.0595  max mem: 20673
Test:  [    40/?]  eta: ?  loss: 0.0184 (0.0274)  time: 0.2247  data: 0.0257  max mem: 20673
Test:  [    50/?]  eta: ?  loss: 0.0134 (0.0253)  time: 0.2173  data: 0.0181  max mem: 20673
Test:  [    60/?]  eta: ?  loss: 0.0138 (0.0241)  time: 0.2314  data: 0.0324  max mem: 20673
Test:  [    70/?]  eta: ?  loss: 0.0134 (0.0223)  time: 0.2505  data: 0.0516  max mem: 20673
Test:  [    80/?]  eta: ?  loss: 0.0132 (0.0216)  time: 0.2678  data: 0.0689  max mem: 20673
Test:  [    90/?]  eta: ?  loss: 0.0150 (0.0214)  time: 0.2616  data: 0.0627  max mem: 20673
Test:  [   100/?]  eta: ?  loss: 0.0150 (0.0211)  time: 0.2654  data: 0.0664  max mem: 20673
Test:  [   110/?]  eta: ?  loss: 0.0141 (0.0204)  time: 0.2680  data: 0.0690  max mem: 20673
Test:  [   120/?]  eta: ?  loss: 0.0146 (0.0202)  time: 0.2561  data: 0.0571  max mem: 20673
Test:  [   130/?]  eta: ?  loss: 0.0149 (0.0201)  time: 0.2451  data: 0.0461  max mem: 20673
Test:  [   140/?]  eta: ?  loss: 0.0195 (0.0205)  time: 0.2489  data: 0.0498  max mem: 20673
Test:  [   150/?]  eta: ?  loss: 0.0163 (0.0204)  time: 0.2582  data: 0.0592  max mem: 20673
Test:  [   160/?]  eta: ?  loss: 0.0149 (0.0208)  time: 0.2593  data: 0.0603  max mem: 20673
Test:  [   170/?]  eta: ?  loss: 0.0170 (0.0213)  time: 0.2584  data: 0.0594  max mem: 20673
Test:  [   180/?]  eta: ?  loss: 0.0128 (0.0213)  time: 0.2571  data: 0.0581  max mem: 20673
Test:  [   190/?]  eta: ?  loss: 0.0165 (0.0213)  time: 0.2608  data: 0.0619  max mem: 20673
Test:  [   200/?]  eta: ?  loss: 0.0132 (0.0212)  time: 0.2706  data: 0.0716  max mem: 20673
Test:  [   210/?]  eta: ?  loss: 0.0110 (0.0210)  time: 0.2688  data: 0.0698  max mem: 20673
Test:  [   220/?]  eta: ?  loss: 0.0109 (0.0205)  time: 0.2608  data: 0.0619  max mem: 20673
Test:  [   230/?]  eta: ?  loss: 0.0148 (0.0209)  time: 0.2647  data: 0.0658  max mem: 20673
Test:  [   240/?]  eta: ?  loss: 0.0187 (0.0208)  time: 0.2626  data: 0.0636  max mem: 20673
Test:  [   250/?]  eta: ?  loss: 0.0187 (0.0211)  time: 0.2526  data: 0.0536  max mem: 20673
Test:  [   260/?]  eta: ?  loss: 0.0191 (0.0218)  time: 0.2378  data: 0.0387  max mem: 20673
Test:  [   270/?]  eta: ?  loss: 0.0227 (0.0218)  time: 0.2316  data: 0.0325  max mem: 20673
Test:  [   280/?]  eta: ?  loss: 0.0181 (0.0216)  time: 0.2284  data: 0.0292  max mem: 20673
Test:  [   290/?]  eta: ?  loss: 0.0150 (0.0216)  time: 0.2562  data: 0.0571  max mem: 20673
Test:  [   300/?]  eta: ?  loss: 0.0130 (0.0216)  time: 0.2595  data: 0.0604  max mem: 20673
Test:  [   310/?]  eta: ?  loss: 0.0189 (0.0216)  time: 0.2662  data: 0.0671  max mem: 20673
Test:  [   320/?]  eta: ?  loss: 0.0212 (0.0220)  time: 0.2596  data: 0.0605  max mem: 20673
Test:  [   330/?]  eta: ?  loss: 0.0167 (0.0218)  time: 0.2423  data: 0.0432  max mem: 20673
Test:  [   340/?]  eta: ?  loss: 0.0147 (0.0218)  time: 0.2433  data: 0.0443  max mem: 20673
Test: Total time: 0:01:29 (0.2561 s / it)
* loss 0.022

============================================================
Counting samples by task type...
============================================================

============================================================
Evaluating on active tasks (20,949 samples)...
============================================================
Active Test:  [     0/?]  eta: ?  loss: 0.0986 (0.0986)  time: 2.8167  data: 2.7764  max mem: 20673
Active Test:  [    10/?]  eta: ?  loss: 0.0140 (0.0287)  time: 0.2896  data: 0.2583  max mem: 20673
Active Test:  [    20/?]  eta: ?  loss: 0.0127 (0.0237)  time: 0.0407  data: 0.0103  max mem: 20673
Active Test:  [    30/?]  eta: ?  loss: 0.0175 (0.0276)  time: 0.0404  data: 0.0101  max mem: 20673
Active Test:  [    40/?]  eta: ?  loss: 0.0165 (0.0255)  time: 0.0405  data: 0.0101  max mem: 20673
Active Test:  [    50/?]  eta: ?  loss: 0.0117 (0.0224)  time: 0.0408  data: 0.0105  max mem: 20673
Active Test:  [    60/?]  eta: ?  loss: 0.0117 (0.0220)  time: 0.0373  data: 0.0069  max mem: 20673
Active Test:  [    70/?]  eta: ?  loss: 0.0202 (0.0238)  time: 0.0389  data: 0.0086  max mem: 20673
Active Test:  [    80/?]  eta: ?  loss: 0.0209 (0.0239)  time: 0.0419  data: 0.0117  max mem: 20673
Active Test:  [    90/?]  eta: ?  loss: 0.0159 (0.0232)  time: 0.0410  data: 0.0107  max mem: 20673
Active Test:  [   100/?]  eta: ?  loss: 0.0142 (0.0225)  time: 0.0376  data: 0.0074  max mem: 20673
Active Test:  [   110/?]  eta: ?  loss: 0.0089 (0.0213)  time: 0.0363  data: 0.0060  max mem: 20673
Active Test:  [   120/?]  eta: ?  loss: 0.0120 (0.0209)  time: 0.0371  data: 0.0068  max mem: 20673
Active Test:  [   130/?]  eta: ?  loss: 0.0138 (0.0208)  time: 0.0388  data: 0.0084  max mem: 20673
Active Test:  [   140/?]  eta: ?  loss: 0.0137 (0.0209)  time: 0.0409  data: 0.0105  max mem: 20673
Active Test:  [   150/?]  eta: ?  loss: 0.0099 (0.0202)  time: 0.0439  data: 0.0133  max mem: 20673
Active Test:  [   160/?]  eta: ?  loss: 0.0118 (0.0201)  time: 0.0401  data: 0.0095  max mem: 20673
Active Test:  [   170/?]  eta: ?  loss: 0.0142 (0.0200)  time: 0.0367  data: 0.0062  max mem: 20673
Active Test:  [   180/?]  eta: ?  loss: 0.0184 (0.0206)  time: 0.0389  data: 0.0084  max mem: 20673
Active Test:  [   190/?]  eta: ?  loss: 0.0196 (0.0219)  time: 0.0401  data: 0.0097  max mem: 20673
Active Test:  [   200/?]  eta: ?  loss: 0.0140 (0.0245)  time: 0.0384  data: 0.0080  max mem: 20673
Active Test:  [   210/?]  eta: ?  loss: 0.0079 (0.0239)  time: 0.0376  data: 0.0073  max mem: 20673
Active Test:  [   220/?]  eta: ?  loss: 0.0063 (0.0239)  time: 0.0394  data: 0.0092  max mem: 20673
Active Test:  [   230/?]  eta: ?  loss: 0.0112 (0.0235)  time: 0.0399  data: 0.0096  max mem: 20673
Active Test:  [   240/?]  eta: ?  loss: 0.0140 (0.0233)  time: 0.0390  data: 0.0086  max mem: 20673
Active Test:  [   250/?]  eta: ?  loss: 0.0134 (0.0234)  time: 0.0397  data: 0.0093  max mem: 20673
Active Test:  [   260/?]  eta: ?  loss: 0.0126 (0.0241)  time: 0.0384  data: 0.0080  max mem: 20673
Active Test:  [   270/?]  eta: ?  loss: 0.0126 (0.0237)  time: 0.0404  data: 0.0100  max mem: 20673
Active Test:  [   280/?]  eta: ?  loss: 0.0147 (0.0237)  time: 0.0402  data: 0.0098  max mem: 20673
Active Test:  [   290/?]  eta: ?  loss: 0.0131 (0.0235)  time: 0.0397  data: 0.0093  max mem: 20673
Active Test:  [   300/?]  eta: ?  loss: 0.0146 (0.0234)  time: 0.0402  data: 0.0098  max mem: 20673
Active Test:  [   310/?]  eta: ?  loss: 0.0139 (0.0231)  time: 0.0383  data: 0.0078  max mem: 20673
Active Test:  [   320/?]  eta: ?  loss: 0.0127 (0.0234)  time: 0.0439  data: 0.0135  max mem: 20673
Active Test: Total time: 0:00:15 (0.0491 s / it)
* loss 0.023

============================================================
Evaluating on passive tasks (113,222 samples)...
============================================================
Passive Test:  [     0/?]  eta: ?  loss: 0.0086 (0.0086)  time: 1.0807  data: 1.0429  max mem: 20673
Passive Test:  [    10/?]  eta: ?  loss: 0.0541 (0.0810)  time: 0.1374  data: 0.1059  max mem: 20673
Passive Test:  [    20/?]  eta: ?  loss: 0.0821 (0.0960)  time: 0.0402  data: 0.0095  max mem: 20673
Passive Test:  [    30/?]  eta: ?  loss: 0.0629 (0.0913)  time: 0.0407  data: 0.0103  max mem: 20673
Passive Test:  [    40/?]  eta: ?  loss: 0.0270 (0.0746)  time: 0.0417  data: 0.0114  max mem: 20673
Passive Test:  [    50/?]  eta: ?  loss: 0.0190 (0.0638)  time: 0.0421  data: 0.0118  max mem: 20673
Passive Test:  [    60/?]  eta: ?  loss: 0.0136 (0.0553)  time: 0.0420  data: 0.0117  max mem: 20673
Passive Test:  [    70/?]  eta: ?  loss: 0.0106 (0.0494)  time: 0.0453  data: 0.0150  max mem: 20673
Passive Test:  [    80/?]  eta: ?  loss: 0.0106 (0.0448)  time: 0.0461  data: 0.0157  max mem: 20673
Passive Test:  [    90/?]  eta: ?  loss: 0.0086 (0.0410)  time: 0.0475  data: 0.0171  max mem: 20673
Passive Test:  [   100/?]  eta: ?  loss: 0.0100 (0.0410)  time: 0.0503  data: 0.0198  max mem: 20673
Passive Test:  [   110/?]  eta: ?  loss: 0.0388 (0.0415)  time: 0.0498  data: 0.0194  max mem: 20673
Passive Test:  [   120/?]  eta: ?  loss: 0.0342 (0.0407)  time: 0.0483  data: 0.0179  max mem: 20673
Passive Test:  [   130/?]  eta: ?  loss: 0.0249 (0.0393)  time: 0.0443  data: 0.0139  max mem: 20673
Passive Test:  [   140/?]  eta: ?  loss: 0.0081 (0.0372)  time: 0.0419  data: 0.0114  max mem: 20673
Passive Test:  [   150/?]  eta: ?  loss: 0.0092 (0.0358)  time: 0.0418  data: 0.0112  max mem: 20673
Passive Test:  [   160/?]  eta: ?  loss: 0.0106 (0.0343)  time: 0.0425  data: 0.0120  max mem: 20673
Passive Test:  [   170/?]  eta: ?  loss: 0.0100 (0.0329)  time: 0.0441  data: 0.0136  max mem: 20673
Passive Test:  [   180/?]  eta: ?  loss: 0.0091 (0.0316)  time: 0.0445  data: 0.0140  max mem: 20673
Passive Test:  [   190/?]  eta: ?  loss: 0.0095 (0.0308)  time: 0.0434  data: 0.0130  max mem: 20673
Passive Test:  [   200/?]  eta: ?  loss: 0.0104 (0.0300)  time: 0.0443  data: 0.0140  max mem: 20673
Passive Test:  [   210/?]  eta: ?  loss: 0.0085 (0.0292)  time: 0.0493  data: 0.0189  max mem: 20673
Passive Test:  [   220/?]  eta: ?  loss: 0.0105 (0.0289)  time: 0.0507  data: 0.0203  max mem: 20673
Passive Test:  [   230/?]  eta: ?  loss: 0.0195 (0.0285)  time: 0.0455  data: 0.0152  max mem: 20673
Passive Test:  [   240/?]  eta: ?  loss: 0.0171 (0.0282)  time: 0.0430  data: 0.0127  max mem: 20673
Passive Test:  [   250/?]  eta: ?  loss: 0.0163 (0.0281)  time: 0.0435  data: 0.0132  max mem: 20673
Passive Test:  [   260/?]  eta: ?  loss: 0.0193 (0.0282)  time: 0.0450  data: 0.0146  max mem: 20673
Passive Test:  [   270/?]  eta: ?  loss: 0.0179 (0.0282)  time: 0.0478  data: 0.0175  max mem: 20673
Passive Test:  [   280/?]  eta: ?  loss: 0.0211 (0.0286)  time: 0.0471  data: 0.0168  max mem: 20673
Passive Test:  [   290/?]  eta: ?  loss: 0.0261 (0.0284)  time: 0.0460  data: 0.0157  max mem: 20673
Passive Test:  [   300/?]  eta: ?  loss: 0.0173 (0.0281)  time: 0.0466  data: 0.0163  max mem: 20673
Passive Test:  [   310/?]  eta: ?  loss: 0.0141 (0.0275)  time: 0.0435  data: 0.0132  max mem: 20673
Passive Test:  [   320/?]  eta: ?  loss: 0.0071 (0.0271)  time: 0.0418  data: 0.0114  max mem: 20673
Passive Test:  [   330/?]  eta: ?  loss: 0.0071 (0.0268)  time: 0.0433  data: 0.0129  max mem: 20673
Passive Test:  [   340/?]  eta: ?  loss: 0.0085 (0.0266)  time: 0.0443  data: 0.0139  max mem: 20673
Passive Test:  [   350/?]  eta: ?  loss: 0.0073 (0.0263)  time: 0.0443  data: 0.0140  max mem: 20673
Passive Test:  [   360/?]  eta: ?  loss: 0.0054 (0.0259)  time: 0.0453  data: 0.0150  max mem: 20673
Passive Test:  [   370/?]  eta: ?  loss: 0.0046 (0.0253)  time: 0.0462  data: 0.0159  max mem: 20673
Passive Test:  [   380/?]  eta: ?  loss: 0.0059 (0.0250)  time: 0.0456  data: 0.0153  max mem: 20673
Passive Test:  [   390/?]  eta: ?  loss: 0.0132 (0.0250)  time: 0.0456  data: 0.0153  max mem: 20673
Passive Test:  [   400/?]  eta: ?  loss: 0.0184 (0.0248)  time: 0.0470  data: 0.0167  max mem: 20673
Passive Test:  [   410/?]  eta: ?  loss: 0.0204 (0.0250)  time: 0.0467  data: 0.0163  max mem: 20673
Passive Test:  [   420/?]  eta: ?  loss: 0.0170 (0.0249)  time: 0.0449  data: 0.0145  max mem: 20673
Passive Test:  [   430/?]  eta: ?  loss: 0.0168 (0.0246)  time: 0.0437  data: 0.0133  max mem: 20673
Passive Test:  [   440/?]  eta: ?  loss: 0.0168 (0.0244)  time: 0.0424  data: 0.0120  max mem: 20673
Passive Test:  [   450/?]  eta: ?  loss: 0.0172 (0.0242)  time: 0.0427  data: 0.0123  max mem: 20673
Passive Test:  [   460/?]  eta: ?  loss: 0.0146 (0.0240)  time: 0.0466  data: 0.0161  max mem: 20673
Passive Test:  [   470/?]  eta: ?  loss: 0.0104 (0.0240)  time: 0.0551  data: 0.0247  max mem: 20673
Passive Test:  [   480/?]  eta: ?  loss: 0.0085 (0.0244)  time: 0.0568  data: 0.0263  max mem: 20673
Passive Test:  [   490/?]  eta: ?  loss: 0.0113 (0.0245)  time: 0.0546  data: 0.0241  max mem: 20673
Passive Test:  [   500/?]  eta: ?  loss: 0.0113 (0.0245)  time: 0.0554  data: 0.0250  max mem: 20673
Passive Test:  [   510/?]  eta: ?  loss: 0.0113 (0.0245)  time: 0.0545  data: 0.0241  max mem: 20673
Passive Test:  [   520/?]  eta: ?  loss: 0.0123 (0.0243)  time: 0.0542  data: 0.0238  max mem: 20673
Passive Test:  [   530/?]  eta: ?  loss: 0.0106 (0.0241)  time: 0.0537  data: 0.0232  max mem: 20673
Passive Test:  [   540/?]  eta: ?  loss: 0.0100 (0.0238)  time: 0.0523  data: 0.0217  max mem: 20673
Passive Test:  [   550/?]  eta: ?  loss: 0.0076 (0.0235)  time: 0.0492  data: 0.0189  max mem: 20673
Passive Test:  [   560/?]  eta: ?  loss: 0.0064 (0.0232)  time: 0.0487  data: 0.0184  max mem: 20673
Passive Test:  [   570/?]  eta: ?  loss: 0.0073 (0.0229)  time: 0.0449  data: 0.0146  max mem: 20673
Passive Test:  [   580/?]  eta: ?  loss: 0.0073 (0.0227)  time: 0.0414  data: 0.0109  max mem: 20673
Passive Test:  [   590/?]  eta: ?  loss: 0.0067 (0.0224)  time: 0.0428  data: 0.0123  max mem: 20673
Passive Test:  [   600/?]  eta: ?  loss: 0.0064 (0.0222)  time: 0.0465  data: 0.0161  max mem: 20673
Passive Test:  [   610/?]  eta: ?  loss: 0.0067 (0.0220)  time: 0.0468  data: 0.0164  max mem: 20673
Passive Test:  [   620/?]  eta: ?  loss: 0.0087 (0.0218)  time: 0.0426  data: 0.0121  max mem: 20673
Passive Test:  [   630/?]  eta: ?  loss: 0.0090 (0.0217)  time: 0.0434  data: 0.0130  max mem: 20673
Passive Test:  [   640/?]  eta: ?  loss: 0.0114 (0.0215)  time: 0.0470  data: 0.0166  max mem: 20673
Passive Test:  [   650/?]  eta: ?  loss: 0.0141 (0.0215)  time: 0.0502  data: 0.0198  max mem: 20673
Passive Test:  [   660/?]  eta: ?  loss: 0.0201 (0.0216)  time: 0.0494  data: 0.0190  max mem: 20673
Passive Test:  [   670/?]  eta: ?  loss: 0.0189 (0.0215)  time: 0.0496  data: 0.0192  max mem: 20673
Passive Test:  [   680/?]  eta: ?  loss: 0.0103 (0.0214)  time: 0.0507  data: 0.0204  max mem: 20673
Passive Test:  [   690/?]  eta: ?  loss: 0.0127 (0.0214)  time: 0.0504  data: 0.0200  max mem: 20673
Passive Test:  [   700/?]  eta: ?  loss: 0.0176 (0.0215)  time: 0.0488  data: 0.0184  max mem: 20673
Passive Test:  [   710/?]  eta: ?  loss: 0.0177 (0.0215)  time: 0.0481  data: 0.0177  max mem: 20673
Passive Test:  [   720/?]  eta: ?  loss: 0.0170 (0.0214)  time: 0.0498  data: 0.0194  max mem: 20673
Passive Test:  [   730/?]  eta: ?  loss: 0.0162 (0.0213)  time: 0.0483  data: 0.0179  max mem: 20673
Passive Test:  [   740/?]  eta: ?  loss: 0.0167 (0.0213)  time: 0.0470  data: 0.0165  max mem: 20673
Passive Test:  [   750/?]  eta: ?  loss: 0.0164 (0.0213)  time: 0.0470  data: 0.0166  max mem: 20673
Passive Test:  [   760/?]  eta: ?  loss: 0.0246 (0.0215)  time: 0.0462  data: 0.0157  max mem: 20673
Passive Test:  [   770/?]  eta: ?  loss: 0.0293 (0.0215)  time: 0.0498  data: 0.0193  max mem: 20673
Passive Test:  [   780/?]  eta: ?  loss: 0.0109 (0.0214)  time: 0.0505  data: 0.0201  max mem: 20673
Passive Test:  [   790/?]  eta: ?  loss: 0.0122 (0.0215)  time: 0.0478  data: 0.0174  max mem: 20673
Passive Test:  [   800/?]  eta: ?  loss: 0.0167 (0.0216)  time: 0.0475  data: 0.0171  max mem: 20673
Passive Test:  [   810/?]  eta: ?  loss: 0.0193 (0.0221)  time: 0.0495  data: 0.0191  max mem: 20673
Passive Test:  [   820/?]  eta: ?  loss: 0.0344 (0.0225)  time: 0.0504  data: 0.0199  max mem: 20673
Passive Test:  [   830/?]  eta: ?  loss: 0.0205 (0.0228)  time: 0.0470  data: 0.0165  max mem: 20673
Passive Test:  [   840/?]  eta: ?  loss: 0.0183 (0.0228)  time: 0.0451  data: 0.0147  max mem: 20673
Passive Test:  [   850/?]  eta: ?  loss: 0.0115 (0.0228)  time: 0.0446  data: 0.0142  max mem: 20673
Passive Test:  [   860/?]  eta: ?  loss: 0.0117 (0.0229)  time: 0.0454  data: 0.0149  max mem: 20673
Passive Test:  [   870/?]  eta: ?  loss: 0.0303 (0.0232)  time: 0.0472  data: 0.0168  max mem: 20673
Passive Test:  [   880/?]  eta: ?  loss: 0.0231 (0.0232)  time: 0.0486  data: 0.0181  max mem: 20673
Passive Test:  [   890/?]  eta: ?  loss: 0.0187 (0.0234)  time: 0.0488  data: 0.0183  max mem: 20673
Passive Test:  [   900/?]  eta: ?  loss: 0.0181 (0.0232)  time: 0.0469  data: 0.0164  max mem: 20673
Passive Test:  [   910/?]  eta: ?  loss: 0.0122 (0.0231)  time: 0.0482  data: 0.0177  max mem: 20673
Passive Test:  [   920/?]  eta: ?  loss: 0.0117 (0.0231)  time: 0.0499  data: 0.0194  max mem: 20673
Passive Test:  [   930/?]  eta: ?  loss: 0.0113 (0.0230)  time: 0.0519  data: 0.0214  max mem: 20673
Passive Test:  [   940/?]  eta: ?  loss: 0.0110 (0.0230)  time: 0.0513  data: 0.0208  max mem: 20673
Passive Test:  [   950/?]  eta: ?  loss: 0.0136 (0.0234)  time: 0.0478  data: 0.0172  max mem: 20673
Passive Test:  [   960/?]  eta: ?  loss: 0.0136 (0.0233)  time: 0.0472  data: 0.0167  max mem: 20673
Passive Test:  [   970/?]  eta: ?  loss: 0.0111 (0.0232)  time: 0.0463  data: 0.0158  max mem: 20673
Passive Test:  [   980/?]  eta: ?  loss: 0.0190 (0.0232)  time: 0.0465  data: 0.0160  max mem: 20673
Passive Test:  [   990/?]  eta: ?  loss: 0.0121 (0.0231)  time: 0.0461  data: 0.0156  max mem: 20673
Passive Test:  [  1000/?]  eta: ?  loss: 0.0079 (0.0230)  time: 0.0454  data: 0.0150  max mem: 20673
Passive Test:  [  1010/?]  eta: ?  loss: 0.0127 (0.0229)  time: 0.0472  data: 0.0169  max mem: 20673
Passive Test:  [  1020/?]  eta: ?  loss: 0.0140 (0.0228)  time: 0.0477  data: 0.0173  max mem: 20673
Passive Test:  [  1030/?]  eta: ?  loss: 0.0205 (0.0231)  time: 0.0448  data: 0.0144  max mem: 20673
Passive Test:  [  1040/?]  eta: ?  loss: 0.0765 (0.0238)  time: 0.0436  data: 0.0131  max mem: 20673
Passive Test:  [  1050/?]  eta: ?  loss: 0.0398 (0.0237)  time: 0.0423  data: 0.0118  max mem: 20673
Passive Test:  [  1060/?]  eta: ?  loss: 0.0188 (0.0237)  time: 0.0456  data: 0.0152  max mem: 20673
Passive Test:  [  1070/?]  eta: ?  loss: 0.0177 (0.0237)  time: 0.0454  data: 0.0150  max mem: 20673
Passive Test:  [  1080/?]  eta: ?  loss: 0.0182 (0.0239)  time: 0.0445  data: 0.0140  max mem: 20673
Passive Test:  [  1090/?]  eta: ?  loss: 0.0254 (0.0241)  time: 0.0431  data: 0.0126  max mem: 20673
Passive Test:  [  1100/?]  eta: ?  loss: 0.0214 (0.0241)  time: 0.0456  data: 0.0150  max mem: 20673
Passive Test:  [  1110/?]  eta: ?  loss: 0.0283 (0.0242)  time: 0.0463  data: 0.0157  max mem: 20673
Passive Test:  [  1120/?]  eta: ?  loss: 0.0170 (0.0242)  time: 0.0457  data: 0.0153  max mem: 20673
Passive Test:  [  1130/?]  eta: ?  loss: 0.0066 (0.0240)  time: 0.0463  data: 0.0158  max mem: 20673
Passive Test:  [  1140/?]  eta: ?  loss: 0.0087 (0.0241)  time: 0.0451  data: 0.0147  max mem: 20673
Passive Test:  [  1150/?]  eta: ?  loss: 0.0098 (0.0241)  time: 0.0445  data: 0.0141  max mem: 20673
Passive Test:  [  1160/?]  eta: ?  loss: 0.0097 (0.0241)  time: 0.0457  data: 0.0153  max mem: 20673
Passive Test:  [  1170/?]  eta: ?  loss: 0.0175 (0.0243)  time: 0.0468  data: 0.0163  max mem: 20673
Passive Test:  [  1180/?]  eta: ?  loss: 0.0350 (0.0246)  time: 0.0460  data: 0.0155  max mem: 20673
Passive Test:  [  1190/?]  eta: ?  loss: 0.0133 (0.0246)  time: 0.0465  data: 0.0160  max mem: 20673
Passive Test:  [  1200/?]  eta: ?  loss: 0.0073 (0.0245)  time: 0.0485  data: 0.0181  max mem: 20673
Passive Test:  [  1210/?]  eta: ?  loss: 0.0110 (0.0246)  time: 0.0470  data: 0.0166  max mem: 20673
Passive Test:  [  1220/?]  eta: ?  loss: 0.0155 (0.0249)  time: 0.0453  data: 0.0149  max mem: 20673
Passive Test:  [  1230/?]  eta: ?  loss: 0.0109 (0.0248)  time: 0.0444  data: 0.0140  max mem: 20673
Passive Test:  [  1240/?]  eta: ?  loss: 0.0106 (0.0247)  time: 0.0443  data: 0.0139  max mem: 20673
Passive Test:  [  1250/?]  eta: ?  loss: 0.0107 (0.0246)  time: 0.0472  data: 0.0168  max mem: 20673
Passive Test:  [  1260/?]  eta: ?  loss: 0.0134 (0.0246)  time: 0.0508  data: 0.0203  max mem: 20673
Passive Test:  [  1270/?]  eta: ?  loss: 0.0138 (0.0245)  time: 0.0479  data: 0.0174  max mem: 20673
Passive Test:  [  1280/?]  eta: ?  loss: 0.0109 (0.0245)  time: 0.0386  data: 0.0081  max mem: 20673
Passive Test:  [  1290/?]  eta: ?  loss: 0.0109 (0.0245)  time: 0.0425  data: 0.0122  max mem: 20673
Passive Test:  [  1300/?]  eta: ?  loss: 0.0123 (0.0244)  time: 0.0489  data: 0.0185  max mem: 20673
Passive Test:  [  1310/?]  eta: ?  loss: 0.0106 (0.0244)  time: 0.0487  data: 0.0183  max mem: 20673
Passive Test:  [  1320/?]  eta: ?  loss: 0.0127 (0.0244)  time: 0.0483  data: 0.0178  max mem: 20673
Passive Test:  [  1330/?]  eta: ?  loss: 0.0145 (0.0243)  time: 0.0466  data: 0.0160  max mem: 20673
Passive Test:  [  1340/?]  eta: ?  loss: 0.0114 (0.0242)  time: 0.0540  data: 0.0235  max mem: 20673
Passive Test:  [  1350/?]  eta: ?  loss: 0.0114 (0.0241)  time: 0.0565  data: 0.0260  max mem: 20673
Passive Test:  [  1360/?]  eta: ?  loss: 0.0113 (0.0241)  time: 0.0517  data: 0.0212  max mem: 20673
Passive Test:  [  1370/?]  eta: ?  loss: 0.0113 (0.0241)  time: 0.0499  data: 0.0194  max mem: 20673
Passive Test:  [  1380/?]  eta: ?  loss: 0.0135 (0.0240)  time: 0.0509  data: 0.0205  max mem: 20673
Passive Test:  [  1390/?]  eta: ?  loss: 0.0136 (0.0240)  time: 0.0528  data: 0.0224  max mem: 20673
Passive Test:  [  1400/?]  eta: ?  loss: 0.0137 (0.0240)  time: 0.0507  data: 0.0202  max mem: 20673
Passive Test:  [  1410/?]  eta: ?  loss: 0.0166 (0.0241)  time: 0.0459  data: 0.0154  max mem: 20673
Passive Test:  [  1420/?]  eta: ?  loss: 0.0247 (0.0242)  time: 0.0409  data: 0.0104  max mem: 20673
Passive Test:  [  1430/?]  eta: ?  loss: 0.0127 (0.0245)  time: 0.0438  data: 0.0133  max mem: 20673
Passive Test:  [  1440/?]  eta: ?  loss: 0.0081 (0.0244)  time: 0.0447  data: 0.0142  max mem: 20673
Passive Test:  [  1450/?]  eta: ?  loss: 0.0069 (0.0244)  time: 0.0473  data: 0.0167  max mem: 20673
Passive Test:  [  1460/?]  eta: ?  loss: 0.0167 (0.0247)  time: 0.0479  data: 0.0174  max mem: 20673
Passive Test:  [  1470/?]  eta: ?  loss: 0.0112 (0.0249)  time: 0.0481  data: 0.0177  max mem: 20673
Passive Test:  [  1480/?]  eta: ?  loss: 0.0060 (0.0248)  time: 0.0473  data: 0.0168  max mem: 20673
Passive Test:  [  1490/?]  eta: ?  loss: 0.0044 (0.0247)  time: 0.0483  data: 0.0177  max mem: 20673
Passive Test:  [  1500/?]  eta: ?  loss: 0.0057 (0.0246)  time: 0.0508  data: 0.0202  max mem: 20673
Passive Test:  [  1510/?]  eta: ?  loss: 0.0092 (0.0245)  time: 0.0507  data: 0.0201  max mem: 20673
Passive Test:  [  1520/?]  eta: ?  loss: 0.0076 (0.0245)  time: 0.0487  data: 0.0181  max mem: 20673
Passive Test:  [  1530/?]  eta: ?  loss: 0.0110 (0.0245)  time: 0.0494  data: 0.0189  max mem: 20673
Passive Test:  [  1540/?]  eta: ?  loss: 0.0143 (0.0244)  time: 0.0499  data: 0.0194  max mem: 20673
Passive Test:  [  1550/?]  eta: ?  loss: 0.0085 (0.0244)  time: 0.0496  data: 0.0191  max mem: 20673
Passive Test:  [  1560/?]  eta: ?  loss: 0.0091 (0.0243)  time: 0.0478  data: 0.0173  max mem: 20673
Passive Test:  [  1570/?]  eta: ?  loss: 0.0151 (0.0243)  time: 0.0467  data: 0.0162  max mem: 20673
Passive Test:  [  1580/?]  eta: ?  loss: 0.0143 (0.0244)  time: 0.0463  data: 0.0158  max mem: 20673
Passive Test:  [  1590/?]  eta: ?  loss: 0.0126 (0.0244)  time: 0.0438  data: 0.0132  max mem: 20673
Passive Test:  [  1600/?]  eta: ?  loss: 0.0095 (0.0243)  time: 0.0430  data: 0.0125  max mem: 20673
Passive Test:  [  1610/?]  eta: ?  loss: 0.0139 (0.0243)  time: 0.0422  data: 0.0117  max mem: 20673
Passive Test:  [  1620/?]  eta: ?  loss: 0.0166 (0.0244)  time: 0.0460  data: 0.0156  max mem: 20673
Passive Test:  [  1630/?]  eta: ?  loss: 0.0127 (0.0245)  time: 0.0506  data: 0.0202  max mem: 20673
Passive Test:  [  1640/?]  eta: ?  loss: 0.0185 (0.0244)  time: 0.0474  data: 0.0169  max mem: 20673
Passive Test:  [  1650/?]  eta: ?  loss: 0.0129 (0.0244)  time: 0.0454  data: 0.0148  max mem: 20673
Passive Test:  [  1660/?]  eta: ?  loss: 0.0079 (0.0244)  time: 0.0462  data: 0.0157  max mem: 20673
Passive Test:  [  1670/?]  eta: ?  loss: 0.0066 (0.0244)  time: 0.0451  data: 0.0145  max mem: 20673
Passive Test:  [  1680/?]  eta: ?  loss: 0.0060 (0.0243)  time: 0.0476  data: 0.0170  max mem: 20673
Passive Test:  [  1690/?]  eta: ?  loss: 0.0078 (0.0243)  time: 0.0504  data: 0.0198  max mem: 20673
Passive Test:  [  1700/?]  eta: ?  loss: 0.0091 (0.0242)  time: 0.0498  data: 0.0193  max mem: 20673
Passive Test:  [  1710/?]  eta: ?  loss: 0.0091 (0.0242)  time: 0.0460  data: 0.0155  max mem: 20673
Passive Test:  [  1720/?]  eta: ?  loss: 0.0098 (0.0241)  time: 0.0442  data: 0.0137  max mem: 20673
Passive Test:  [  1730/?]  eta: ?  loss: 0.0155 (0.0241)  time: 0.0486  data: 0.0181  max mem: 20673
Passive Test:  [  1740/?]  eta: ?  loss: 0.0130 (0.0240)  time: 0.0500  data: 0.0195  max mem: 20673
Passive Test:  [  1750/?]  eta: ?  loss: 0.0096 (0.0240)  time: 0.0471  data: 0.0166  max mem: 20673
Passive Test:  [  1760/?]  eta: ?  loss: 0.0198 (0.0241)  time: 0.0477  data: 0.0172  max mem: 20673
Passive Test: Total time: 0:01:24 (0.0476 s / it)
* loss 0.024
  ACTIVE Test MAE (years): 1.9310 (n=20,949)
  PASSIVE Test MAE (years): 1.9663 (n=113,222)
  → Epoch  30/50 | Train Loss: 0.0017 | Val Loss: 0.0239 | Train score (1/(1+norm_MAE)): 0.9758 | Val MAE (years): 1.9613 | LR: 0.000001
Best val MAE (years): 1.8980, test MAE at best val: 1.8206
  Test segment MAE: 1.8838 | participant median MAE: 1.6708 | participant mean MAE: 1.6683
Epoch: [30]  [     0/?]  eta: ?  lr: 0.000212  min_lr: 0.000001  loss: 0.0016 (0.0016)  class_acc: 0.9738 (0.9738)  loss_scale: 4503599627370496.0000 (4503599627370496.0000)  weight_decay: 0.0500 (0.0500)  grad_norm: 1.0134 (1.0134)  time: 4.0677  data: 3.5459  max mem: 20673
Epoch: [30]  [   500/?]  eta: ?  lr: 0.000212  min_lr: 0.000001  loss: 0.0014 (0.0016)  class_acc: 0.9766 (0.9763)  loss_scale: 4503599627370496.0000 (4503599627370496.0000)  weight_decay: 0.0500 (0.0500)  grad_norm: 0.6137 (1.0590)  time: 0.5036  data: 0.0002  max mem: 20673
Epoch: [30]  [  1000/?]  eta: ?  lr: 0.000212  min_lr: 0.000001  loss: 0.0014 (0.0016)  class_acc: 0.9768 (0.9763)  loss_scale: 9007199254740992.0000 (5412417933792914.0000)  weight_decay: 0.0500 (0.0500)  grad_norm: 0.9948 (1.1322)  time: 0.5098  data: 0.0003  max mem: 20673
Epoch: [30]  [  1500/?]  eta: ?  lr: 0.000212  min_lr: 0.000001  loss: 0.0014 (0.0016)  class_acc: 0.9765 (0.9764)  loss_scale: 9007199254740992.0000 (6609880066020788.0000)  weight_decay: 0.0500 (0.0500)  grad_norm: 0.8389 (1.0846)  time: 0.5054  data: 0.0003  max mem: 20673
Epoch: [30]  [  2000/?]  eta: ?  lr: 0.000212  min_lr: 0.000001  loss: 0.0014 (0.0016)  class_acc: 0.9767 (0.9765)  loss_scale: 9007199254740992.0000 (7208910348059819.0000)  weight_decay: 0.0500 (0.0500)  grad_norm: 0.7103 (1.1001)  time: 0.5087  data: 0.0006  max mem: 20673
Epoch: [30] Total time: 0:20:38 (0.5075 s / it)
Val:  [     0/?]  eta: ?  loss: 0.0445 (0.0445)  time: 2.7544  data: 2.5559  max mem: 20673
Val:  [    10/?]  eta: ?  loss: 0.0246 (0.0243)  time: 0.4501  data: 0.2509  max mem: 20673
Val:  [    20/?]  eta: ?  loss: 0.0229 (0.0245)  time: 0.2493  data: 0.0502  max mem: 20673
Val:  [    30/?]  eta: ?  loss: 0.0164 (0.0225)  time: 0.2689  data: 0.0699  max mem: 20673
Val:  [    40/?]  eta: ?  loss: 0.0155 (0.0254)  time: 0.2680  data: 0.0690  max mem: 20673
Val:  [    50/?]  eta: ?  loss: 0.0150 (0.0254)  time: 0.2501  data: 0.0511  max mem: 20673
Val:  [    60/?]  eta: ?  loss: 0.0159 (0.0249)  time: 0.2460  data: 0.0471  max mem: 20673
Val:  [    70/?]  eta: ?  loss: 0.0191 (0.0237)  time: 0.2761  data: 0.0772  max mem: 20673
Val:  [    80/?]  eta: ?  loss: 0.0134 (0.0235)  time: 0.2569  data: 0.0579  max mem: 20673
Val:  [    90/?]  eta: ?  loss: 0.0173 (0.0239)  time: 0.2605  data: 0.0616  max mem: 20673
Val:  [   100/?]  eta: ?  loss: 0.0147 (0.0234)  time: 0.2620  data: 0.0631  max mem: 20673
Val:  [   110/?]  eta: ?  loss: 0.0163 (0.0232)  time: 0.2287  data: 0.0297  max mem: 20673
Val:  [   120/?]  eta: ?  loss: 0.0150 (0.0224)  time: 0.2304  data: 0.0313  max mem: 20673
Val:  [   130/?]  eta: ?  loss: 0.0118 (0.0219)  time: 0.2488  data: 0.0498  max mem: 20673
Val:  [   140/?]  eta: ?  loss: 0.0123 (0.0218)  time: 0.2348  data: 0.0359  max mem: 20673
Val:  [   150/?]  eta: ?  loss: 0.0101 (0.0215)  time: 0.2175  data: 0.0184  max mem: 20673
Val:  [   160/?]  eta: ?  loss: 0.0180 (0.0221)  time: 0.2191  data: 0.0200  max mem: 20673
Val:  [   170/?]  eta: ?  loss: 0.0185 (0.0218)  time: 0.2226  data: 0.0236  max mem: 20673
Val:  [   180/?]  eta: ?  loss: 0.0151 (0.0213)  time: 0.2361  data: 0.0371  max mem: 20673
Val:  [   190/?]  eta: ?  loss: 0.0109 (0.0214)  time: 0.2407  data: 0.0418  max mem: 20673
Val:  [   200/?]  eta: ?  loss: 0.0113 (0.0209)  time: 0.2412  data: 0.0421  max mem: 20673
Val:  [   210/?]  eta: ?  loss: 0.0148 (0.0224)  time: 0.2450  data: 0.0458  max mem: 20673
Val:  [   220/?]  eta: ?  loss: 0.0162 (0.0221)  time: 0.2362  data: 0.0372  max mem: 20673
Val:  [   230/?]  eta: ?  loss: 0.0170 (0.0224)  time: 0.2452  data: 0.0463  max mem: 20673
Val:  [   240/?]  eta: ?  loss: 0.0188 (0.0231)  time: 0.2551  data: 0.0563  max mem: 20673
Val:  [   250/?]  eta: ?  loss: 0.0188 (0.0231)  time: 0.2592  data: 0.0603  max mem: 20673
Val:  [   260/?]  eta: ?  loss: 0.0137 (0.0237)  time: 0.2619  data: 0.0630  max mem: 20673
Val:  [   270/?]  eta: ?  loss: 0.0156 (0.0238)  time: 0.2571  data: 0.0582  max mem: 20673
Val:  [   280/?]  eta: ?  loss: 0.0167 (0.0239)  time: 0.2514  data: 0.0525  max mem: 20673
Val:  [   290/?]  eta: ?  loss: 0.0135 (0.0238)  time: 0.2496  data: 0.0506  max mem: 20673
Val:  [   300/?]  eta: ?  loss: 0.0125 (0.0241)  time: 0.2542  data: 0.0552  max mem: 20673
Val:  [   310/?]  eta: ?  loss: 0.0150 (0.0242)  time: 0.2557  data: 0.0566  max mem: 20673
Val:  [   320/?]  eta: ?  loss: 0.0200 (0.0243)  time: 0.2579  data: 0.0589  max mem: 20673
Val:  [   330/?]  eta: ?  loss: 0.0202 (0.0246)  time: 0.2575  data: 0.0585  max mem: 20673
Val:  [   340/?]  eta: ?  loss: 0.0189 (0.0245)  time: 0.2466  data: 0.0478  max mem: 20673
Val:  [   350/?]  eta: ?  loss: 0.0153 (0.0243)  time: 0.2055  data: 0.0267  max mem: 20673
Val: Total time: 0:01:28 (0.2523 s / it)
* loss 0.024
Test:  [     0/?]  eta: ?  loss: 0.0173 (0.0173)  time: 2.0934  data: 1.8954  max mem: 20673
Test:  [    10/?]  eta: ?  loss: 0.0170 (0.0192)  time: 0.4001  data: 0.2015  max mem: 20673
Test:  [    20/?]  eta: ?  loss: 0.0170 (0.0283)  time: 0.2383  data: 0.0394  max mem: 20673
Test:  [    30/?]  eta: ?  loss: 0.0187 (0.0305)  time: 0.2503  data: 0.0513  max mem: 20673
Test:  [    40/?]  eta: ?  loss: 0.0187 (0.0282)  time: 0.2572  data: 0.0584  max mem: 20673
Test:  [    50/?]  eta: ?  loss: 0.0157 (0.0263)  time: 0.2488  data: 0.0500  max mem: 20673
Test:  [    60/?]  eta: ?  loss: 0.0160 (0.0247)  time: 0.2527  data: 0.0539  max mem: 20673
Test:  [    70/?]  eta: ?  loss: 0.0136 (0.0230)  time: 0.2602  data: 0.0613  max mem: 20673
Test:  [    80/?]  eta: ?  loss: 0.0136 (0.0220)  time: 0.2637  data: 0.0647  max mem: 20673
Test:  [    90/?]  eta: ?  loss: 0.0162 (0.0218)  time: 0.2551  data: 0.0561  max mem: 20673
Test:  [   100/?]  eta: ?  loss: 0.0170 (0.0213)  time: 0.2450  data: 0.0462  max mem: 20673
Test:  [   110/?]  eta: ?  loss: 0.0136 (0.0206)  time: 0.2497  data: 0.0508  max mem: 20673
Test:  [   120/?]  eta: ?  loss: 0.0142 (0.0204)  time: 0.2547  data: 0.0558  max mem: 20673
Test:  [   130/?]  eta: ?  loss: 0.0166 (0.0203)  time: 0.2425  data: 0.0436  max mem: 20673
Test:  [   140/?]  eta: ?  loss: 0.0191 (0.0206)  time: 0.2449  data: 0.0460  max mem: 20673
Test:  [   150/?]  eta: ?  loss: 0.0156 (0.0205)  time: 0.2577  data: 0.0588  max mem: 20673
Test:  [   160/?]  eta: ?  loss: 0.0153 (0.0210)  time: 0.2611  data: 0.0621  max mem: 20673
Test:  [   170/?]  eta: ?  loss: 0.0178 (0.0218)  time: 0.2652  data: 0.0663  max mem: 20673
Test:  [   180/?]  eta: ?  loss: 0.0165 (0.0217)  time: 0.2587  data: 0.0597  max mem: 20673
Test:  [   190/?]  eta: ?  loss: 0.0165 (0.0216)  time: 0.2536  data: 0.0547  max mem: 20673
Test:  [   200/?]  eta: ?  loss: 0.0127 (0.0215)  time: 0.2637  data: 0.0649  max mem: 20673
Test:  [   210/?]  eta: ?  loss: 0.0110 (0.0213)  time: 0.2641  data: 0.0652  max mem: 20673
Test:  [   220/?]  eta: ?  loss: 0.0101 (0.0208)  time: 0.2562  data: 0.0572  max mem: 20673
Test:  [   230/?]  eta: ?  loss: 0.0165 (0.0213)  time: 0.2545  data: 0.0555  max mem: 20673
Test:  [   240/?]  eta: ?  loss: 0.0191 (0.0213)  time: 0.2542  data: 0.0553  max mem: 20673
Test:  [   250/?]  eta: ?  loss: 0.0191 (0.0216)  time: 0.2534  data: 0.0545  max mem: 20673
Test:  [   260/?]  eta: ?  loss: 0.0196 (0.0225)  time: 0.2349  data: 0.0360  max mem: 20673
Test:  [   270/?]  eta: ?  loss: 0.0243 (0.0225)  time: 0.2216  data: 0.0227  max mem: 20673
Test:  [   280/?]  eta: ?  loss: 0.0165 (0.0223)  time: 0.2370  data: 0.0380  max mem: 20673
Test:  [   290/?]  eta: ?  loss: 0.0154 (0.0223)  time: 0.2547  data: 0.0557  max mem: 20673
Test:  [   300/?]  eta: ?  loss: 0.0142 (0.0223)  time: 0.2516  data: 0.0526  max mem: 20673
Test:  [   310/?]  eta: ?  loss: 0.0168 (0.0222)  time: 0.2540  data: 0.0551  max mem: 20673
Test:  [   320/?]  eta: ?  loss: 0.0178 (0.0227)  time: 0.2588  data: 0.0599  max mem: 20673
Test:  [   330/?]  eta: ?  loss: 0.0147 (0.0224)  time: 0.2576  data: 0.0586  max mem: 20673
Test:  [   340/?]  eta: ?  loss: 0.0147 (0.0224)  time: 0.2622  data: 0.0632  max mem: 20673
Test: Total time: 0:01:29 (0.2562 s / it)
* loss 0.023
  → Epoch  31/50 | Train Loss: 0.0016 | Val Loss: 0.0242 | Train score (1/(1+norm_MAE)): 0.9765 | Val MAE (years): 1.9678 | LR: 0.000001
Best val MAE (years): 1.8980, test MAE at best val: 1.8206
  Test segment MAE: 1.9013 | participant median MAE: 1.6862 | participant mean MAE: 1.6725
Epoch: [31]  [     0/?]  eta: ?  lr: 0.000196  min_lr: 0.000001  loss: 0.0016 (0.0016)  class_acc: 0.9774 (0.9774)  loss_scale: 9007199254740992.0000 (9007199254740992.0000)  weight_decay: 0.0500 (0.0500)  grad_norm: 1.8037 (1.8037)  time: 8.1143  data: 7.6144  max mem: 20673
Epoch: [31]  [   500/?]  eta: ?  lr: 0.000196  min_lr: 0.000001  loss: 0.0013 (0.0015)  class_acc: 0.9775 (0.9770)  loss_scale: 18014398509481984.0000 (11560137965665584.0000)  weight_decay: 0.0500 (0.0500)  grad_norm: 0.7250 (1.0361)  time: 0.5068  data: 0.0002  max mem: 20673
Epoch: [31]  [  1000/?]  eta: ?  lr: 0.000196  min_lr: 0.000001  loss: 0.0013 (0.0015)  class_acc: 0.9773 (0.9771)  loss_scale: 18014398509481984.0000 (14784044331208242.0000)  weight_decay: 0.0500 (0.0500)  grad_norm: 0.6055 (1.1033)  time: 0.5102  data: 0.0002  max mem: 20673
Epoch: [31]  [  1500/?]  eta: ?  lr: 0.000195  min_lr: 0.000001  loss: 0.0012 (0.0015)  class_acc: 0.9783 (0.9772)  loss_scale: 18014398509481984.0000 (15860111679067582.0000)  weight_decay: 0.0500 (0.0500)  grad_norm: 0.6930 (1.0731)  time: 0.5031  data: 0.0004  max mem: 20673
Epoch: [31]  [  2000/?]  eta: ?  lr: 0.000195  min_lr: 0.000001  loss: 0.0015 (0.0015)  class_acc: 0.9765 (0.9772)  loss_scale: 18014398509481984.0000 (16398414235393020.0000)  weight_decay: 0.0500 (0.0500)  grad_norm: 0.8596 (1.0627)  time: 0.5118  data: 0.0003  max mem: 20673
Epoch: [31] Total time: 0:20:44 (0.5102 s / it)
Val:  [     0/?]  eta: ?  loss: 0.0426 (0.0426)  time: 2.2472  data: 2.0492  max mem: 20673
Val:  [    10/?]  eta: ?  loss: 0.0212 (0.0234)  time: 0.4244  data: 0.2252  max mem: 20673
Val:  [    20/?]  eta: ?  loss: 0.0206 (0.0234)  time: 0.2388  data: 0.0396  max mem: 20673
Val:  [    30/?]  eta: ?  loss: 0.0155 (0.0219)  time: 0.2402  data: 0.0409  max mem: 20673
Val:  [    40/?]  eta: ?  loss: 0.0137 (0.0247)  time: 0.2601  data: 0.0609  max mem: 20673
Val:  [    50/?]  eta: ?  loss: 0.0147 (0.0249)  time: 0.2516  data: 0.0524  max mem: 20673
Val:  [    60/?]  eta: ?  loss: 0.0171 (0.0246)  time: 0.2412  data: 0.0420  max mem: 20673
Val:  [    70/?]  eta: ?  loss: 0.0144 (0.0234)  time: 0.2514  data: 0.0522  max mem: 20673
Val:  [    80/?]  eta: ?  loss: 0.0135 (0.0233)  time: 0.2450  data: 0.0459  max mem: 20673
Val:  [    90/?]  eta: ?  loss: 0.0181 (0.0235)  time: 0.2384  data: 0.0392  max mem: 20673
Val:  [   100/?]  eta: ?  loss: 0.0128 (0.0229)  time: 0.2250  data: 0.0258  max mem: 20673
Val:  [   110/?]  eta: ?  loss: 0.0156 (0.0228)  time: 0.2402  data: 0.0411  max mem: 20673
Val:  [   120/?]  eta: ?  loss: 0.0177 (0.0221)  time: 0.2451  data: 0.0460  max mem: 20673
Val:  [   130/?]  eta: ?  loss: 0.0125 (0.0219)  time: 0.2316  data: 0.0325  max mem: 20673
Val:  [   140/?]  eta: ?  loss: 0.0123 (0.0217)  time: 0.2252  data: 0.0260  max mem: 20673
Val:  [   150/?]  eta: ?  loss: 0.0098 (0.0214)  time: 0.2271  data: 0.0278  max mem: 20673
Val:  [   160/?]  eta: ?  loss: 0.0181 (0.0221)  time: 0.2236  data: 0.0243  max mem: 20673
Val:  [   170/?]  eta: ?  loss: 0.0190 (0.0219)  time: 0.2187  data: 0.0195  max mem: 20673
Val:  [   180/?]  eta: ?  loss: 0.0149 (0.0214)  time: 0.2380  data: 0.0389  max mem: 20673
Val:  [   190/?]  eta: ?  loss: 0.0115 (0.0214)  time: 0.2426  data: 0.0435  max mem: 20673
Val:  [   200/?]  eta: ?  loss: 0.0119 (0.0209)  time: 0.2460  data: 0.0469  max mem: 20673
Val:  [   210/?]  eta: ?  loss: 0.0135 (0.0222)  time: 0.2360  data: 0.0369  max mem: 20673
Val:  [   220/?]  eta: ?  loss: 0.0167 (0.0219)  time: 0.2279  data: 0.0287  max mem: 20673
Val:  [   230/?]  eta: ?  loss: 0.0157 (0.0221)  time: 0.2311  data: 0.0320  max mem: 20673
Val:  [   240/?]  eta: ?  loss: 0.0213 (0.0228)  time: 0.2465  data: 0.0475  max mem: 20673
Val:  [   250/?]  eta: ?  loss: 0.0167 (0.0228)  time: 0.2483  data: 0.0492  max mem: 20673
Val:  [   260/?]  eta: ?  loss: 0.0136 (0.0234)  time: 0.2302  data: 0.0311  max mem: 20673
Val:  [   270/?]  eta: ?  loss: 0.0176 (0.0236)  time: 0.2343  data: 0.0353  max mem: 20673
Val:  [   280/?]  eta: ?  loss: 0.0170 (0.0236)  time: 0.2497  data: 0.0507  max mem: 20673
Val:  [   290/?]  eta: ?  loss: 0.0151 (0.0235)  time: 0.2486  data: 0.0496  max mem: 20673
Val:  [   300/?]  eta: ?  loss: 0.0118 (0.0237)  time: 0.2339  data: 0.0348  max mem: 20673
Val:  [   310/?]  eta: ?  loss: 0.0181 (0.0239)  time: 0.2393  data: 0.0400  max mem: 20673
Val:  [   320/?]  eta: ?  loss: 0.0230 (0.0240)  time: 0.2487  data: 0.0494  max mem: 20673
Val:  [   330/?]  eta: ?  loss: 0.0194 (0.0242)  time: 0.2386  data: 0.0394  max mem: 20673
Val:  [   340/?]  eta: ?  loss: 0.0171 (0.0241)  time: 0.2373  data: 0.0382  max mem: 20673
Val:  [   350/?]  eta: ?  loss: 0.0153 (0.0239)  time: 0.2108  data: 0.0318  max mem: 20673
Val: Total time: 0:01:25 (0.2424 s / it)
* loss 0.024
Test:  [     0/?]  eta: ?  loss: 0.0137 (0.0137)  time: 2.0022  data: 1.8041  max mem: 20673
Test:  [    10/?]  eta: ?  loss: 0.0137 (0.0173)  time: 0.3939  data: 0.1950  max mem: 20673
Test:  [    20/?]  eta: ?  loss: 0.0159 (0.0265)  time: 0.2531  data: 0.0542  max mem: 20673
Test:  [    30/?]  eta: ?  loss: 0.0282 (0.0294)  time: 0.2633  data: 0.0643  max mem: 20673
Test:  [    40/?]  eta: ?  loss: 0.0195 (0.0274)  time: 0.2561  data: 0.0570  max mem: 20673
Test:  [    50/?]  eta: ?  loss: 0.0145 (0.0250)  time: 0.2549  data: 0.0559  max mem: 20673
Test:  [    60/?]  eta: ?  loss: 0.0137 (0.0237)  time: 0.2613  data: 0.0623  max mem: 20673
Test:  [    70/?]  eta: ?  loss: 0.0153 (0.0222)  time: 0.2470  data: 0.0480  max mem: 20673
Test:  [    80/?]  eta: ?  loss: 0.0128 (0.0214)  time: 0.2204  data: 0.0213  max mem: 20673
Test:  [    90/?]  eta: ?  loss: 0.0149 (0.0214)  time: 0.2235  data: 0.0244  max mem: 20673
Test:  [   100/?]  eta: ?  loss: 0.0166 (0.0213)  time: 0.2527  data: 0.0537  max mem: 20673
Test:  [   110/?]  eta: ?  loss: 0.0159 (0.0207)  time: 0.2676  data: 0.0687  max mem: 20673
Test:  [   120/?]  eta: ?  loss: 0.0147 (0.0204)  time: 0.2609  data: 0.0620  max mem: 20673
Test:  [   130/?]  eta: ?  loss: 0.0161 (0.0202)  time: 0.2481  data: 0.0491  max mem: 20673
Test:  [   140/?]  eta: ?  loss: 0.0189 (0.0206)  time: 0.2492  data: 0.0503  max mem: 20673
Test:  [   150/?]  eta: ?  loss: 0.0170 (0.0204)  time: 0.2553  data: 0.0563  max mem: 20673
Test:  [   160/?]  eta: ?  loss: 0.0156 (0.0208)  time: 0.2538  data: 0.0548  max mem: 20673
Test:  [   170/?]  eta: ?  loss: 0.0165 (0.0214)  time: 0.2510  data: 0.0520  max mem: 20673
Test:  [   180/?]  eta: ?  loss: 0.0161 (0.0213)  time: 0.2575  data: 0.0585  max mem: 20673
Test:  [   190/?]  eta: ?  loss: 0.0177 (0.0213)  time: 0.2604  data: 0.0614  max mem: 20673
Test:  [   200/?]  eta: ?  loss: 0.0122 (0.0211)  time: 0.2641  data: 0.0651  max mem: 20673
Test:  [   210/?]  eta: ?  loss: 0.0106 (0.0209)  time: 0.2672  data: 0.0681  max mem: 20673
Test:  [   220/?]  eta: ?  loss: 0.0102 (0.0205)  time: 0.2534  data: 0.0544  max mem: 20673
Test:  [   230/?]  eta: ?  loss: 0.0143 (0.0208)  time: 0.2476  data: 0.0486  max mem: 20673
Test:  [   240/?]  eta: ?  loss: 0.0178 (0.0208)  time: 0.2479  data: 0.0490  max mem: 20673
Test:  [   250/?]  eta: ?  loss: 0.0178 (0.0210)  time: 0.2601  data: 0.0611  max mem: 20673
Test:  [   260/?]  eta: ?  loss: 0.0187 (0.0217)  time: 0.2642  data: 0.0651  max mem: 20673
Test:  [   270/?]  eta: ?  loss: 0.0248 (0.0218)  time: 0.2512  data: 0.0521  max mem: 20673
Test:  [   280/?]  eta: ?  loss: 0.0197 (0.0216)  time: 0.2444  data: 0.0453  max mem: 20673
Test:  [   290/?]  eta: ?  loss: 0.0151 (0.0216)  time: 0.2519  data: 0.0529  max mem: 20673
Test:  [   300/?]  eta: ?  loss: 0.0139 (0.0217)  time: 0.2444  data: 0.0453  max mem: 20673
Test:  [   310/?]  eta: ?  loss: 0.0203 (0.0217)  time: 0.2592  data: 0.0601  max mem: 20673
Test:  [   320/?]  eta: ?  loss: 0.0204 (0.0222)  time: 0.2569  data: 0.0578  max mem: 20673
Test:  [   330/?]  eta: ?  loss: 0.0163 (0.0219)  time: 0.2572  data: 0.0581  max mem: 20673
Test:  [   340/?]  eta: ?  loss: 0.0144 (0.0220)  time: 0.2580  data: 0.0589  max mem: 20673
Test: Total time: 0:01:29 (0.2558 s / it)
* loss 0.022
  → Epoch  32/50 | Train Loss: 0.0015 | Val Loss: 0.0239 | Train score (1/(1+norm_MAE)): 0.9773 | Val MAE (years): 1.9677 | LR: 0.000001
Best val MAE (years): 1.8980, test MAE at best val: 1.8206
  Test segment MAE: 1.9028 | participant median MAE: 1.6752 | participant mean MAE: 1.6791
Epoch: [32]  [     0/?]  eta: ?  lr: 0.000179  min_lr: 0.000001  loss: 0.0015 (0.0015)  class_acc: 0.9770 (0.9770)  loss_scale: 36028797018963968.0000 (36028797018963968.0000)  weight_decay: 0.0500 (0.0500)  grad_norm: 0.4300 (0.4300)  time: 6.5739  data: 6.0584  max mem: 20673
Epoch: [32]  [   500/?]  eta: ?  lr: 0.000179  min_lr: 0.000001  loss: 0.0014 (0.0014)  class_acc: 0.9769 (0.9777)  loss_scale: 36028797018963968.0000 (36028797018963968.0000)  weight_decay: 0.0500 (0.0500)  grad_norm: 0.6919 (1.0207)  time: 0.5109  data: 0.0002  max mem: 20673
Epoch: [32]  [  1000/?]  eta: ?  lr: 0.000179  min_lr: 0.000001  loss: 0.0014 (0.0014)  class_acc: 0.9777 (0.9778)  loss_scale: 36028797018963968.0000 (36028797018963968.0000)  weight_decay: 0.0500 (0.0500)  grad_norm: 0.7422 (1.0123)  time: 0.5103  data: 0.0002  max mem: 20673
Epoch: [32]  [  1500/?]  eta: ?  lr: 0.000179  min_lr: 0.000001  loss: 0.0012 (0.0014)  class_acc: 0.9781 (0.9779)  loss_scale: 36028797018963968.0000 (36028797018963968.0000)  weight_decay: 0.0500 (0.0500)  grad_norm: 0.7790 (0.9955)  time: 0.5054  data: 0.0002  max mem: 20673
Epoch: [32]  [  2000/?]  eta: ?  lr: 0.000179  min_lr: 0.000001  loss: 0.0013 (0.0014)  class_acc: 0.9777 (0.9779)  loss_scale: 72057594037927936.0000 (37505239475513216.0000)  weight_decay: 0.0500 (0.0500)  grad_norm: 0.6427 (1.0272)  time: 0.5093  data: 0.0002  max mem: 20673
Epoch: [32] Total time: 0:20:42 (0.5094 s / it)
Val:  [     0/?]  eta: ?  loss: 0.0424 (0.0424)  time: 2.1537  data: 1.9555  max mem: 20673
Val:  [    10/?]  eta: ?  loss: 0.0240 (0.0243)  time: 0.4089  data: 0.2099  max mem: 20673
Val:  [    20/?]  eta: ?  loss: 0.0225 (0.0248)  time: 0.2310  data: 0.0319  max mem: 20673
Val:  [    30/?]  eta: ?  loss: 0.0188 (0.0227)  time: 0.2459  data: 0.0468  max mem: 20673
Val:  [    40/?]  eta: ?  loss: 0.0169 (0.0256)  time: 0.2504  data: 0.0513  max mem: 20673
Val:  [    50/?]  eta: ?  loss: 0.0139 (0.0254)  time: 0.2480  data: 0.0489  max mem: 20673
Val:  [    60/?]  eta: ?  loss: 0.0167 (0.0249)  time: 0.2583  data: 0.0592  max mem: 20673
Val:  [    70/?]  eta: ?  loss: 0.0179 (0.0238)  time: 0.2536  data: 0.0546  max mem: 20673
Val:  [    80/?]  eta: ?  loss: 0.0135 (0.0236)  time: 0.2352  data: 0.0362  max mem: 20673
Val:  [    90/?]  eta: ?  loss: 0.0197 (0.0240)  time: 0.2493  data: 0.0503  max mem: 20673
Val:  [   100/?]  eta: ?  loss: 0.0150 (0.0235)  time: 0.2482  data: 0.0492  max mem: 20673
Val:  [   110/?]  eta: ?  loss: 0.0172 (0.0232)  time: 0.2257  data: 0.0266  max mem: 20673
Val:  [   120/?]  eta: ?  loss: 0.0163 (0.0224)  time: 0.2427  data: 0.0436  max mem: 20673
Val:  [   130/?]  eta: ?  loss: 0.0128 (0.0220)  time: 0.2597  data: 0.0607  max mem: 20673
Val:  [   140/?]  eta: ?  loss: 0.0128 (0.0219)  time: 0.2473  data: 0.0483  max mem: 20673
Val:  [   150/?]  eta: ?  loss: 0.0108 (0.0217)  time: 0.2234  data: 0.0243  max mem: 20673
Val:  [   160/?]  eta: ?  loss: 0.0197 (0.0224)  time: 0.2218  data: 0.0226  max mem: 20673
Val:  [   170/?]  eta: ?  loss: 0.0197 (0.0221)  time: 0.2413  data: 0.0422  max mem: 20673
Val:  [   180/?]  eta: ?  loss: 0.0150 (0.0217)  time: 0.2489  data: 0.0498  max mem: 20673
Val:  [   190/?]  eta: ?  loss: 0.0127 (0.0216)  time: 0.2582  data: 0.0592  max mem: 20673
Val:  [   200/?]  eta: ?  loss: 0.0138 (0.0212)  time: 0.2592  data: 0.0602  max mem: 20673
Val:  [   210/?]  eta: ?  loss: 0.0146 (0.0226)  time: 0.2346  data: 0.0356  max mem: 20673
Val:  [   220/?]  eta: ?  loss: 0.0169 (0.0224)  time: 0.2338  data: 0.0348  max mem: 20673
Val:  [   230/?]  eta: ?  loss: 0.0182 (0.0226)  time: 0.2505  data: 0.0516  max mem: 20673
Val:  [   240/?]  eta: ?  loss: 0.0203 (0.0233)  time: 0.2717  data: 0.0728  max mem: 20673
Val:  [   250/?]  eta: ?  loss: 0.0183 (0.0234)  time: 0.2623  data: 0.0633  max mem: 20673
Val:  [   260/?]  eta: ?  loss: 0.0155 (0.0241)  time: 0.2607  data: 0.0616  max mem: 20673
Val:  [   270/?]  eta: ?  loss: 0.0166 (0.0243)  time: 0.2647  data: 0.0658  max mem: 20673
Val:  [   280/?]  eta: ?  loss: 0.0164 (0.0242)  time: 0.2715  data: 0.0724  max mem: 20673
Val:  [   290/?]  eta: ?  loss: 0.0155 (0.0241)  time: 0.2604  data: 0.0613  max mem: 20673
Val:  [   300/?]  eta: ?  loss: 0.0148 (0.0244)  time: 0.2279  data: 0.0289  max mem: 20673
Val:  [   310/?]  eta: ?  loss: 0.0136 (0.0245)  time: 0.2292  data: 0.0302  max mem: 20673
Val:  [   320/?]  eta: ?  loss: 0.0209 (0.0246)  time: 0.2474  data: 0.0483  max mem: 20673
Val:  [   330/?]  eta: ?  loss: 0.0240 (0.0249)  time: 0.2504  data: 0.0513  max mem: 20673
Val:  [   340/?]  eta: ?  loss: 0.0191 (0.0248)  time: 0.2568  data: 0.0578  max mem: 20673
Val:  [   350/?]  eta: ?  loss: 0.0162 (0.0246)  time: 0.2334  data: 0.0544  max mem: 20673
Val: Total time: 0:01:28 (0.2511 s / it)
* loss 0.025
Test:  [     0/?]  eta: ?  loss: 0.0165 (0.0165)  time: 2.1352  data: 1.9374  max mem: 20673
Test:  [    10/?]  eta: ?  loss: 0.0150 (0.0172)  time: 0.3921  data: 0.1933  max mem: 20673
Test:  [    20/?]  eta: ?  loss: 0.0165 (0.0281)  time: 0.2210  data: 0.0220  max mem: 20673
Test:  [    30/?]  eta: ?  loss: 0.0220 (0.0311)  time: 0.2430  data: 0.0442  max mem: 20673
Test:  [    40/?]  eta: ?  loss: 0.0201 (0.0285)  time: 0.2597  data: 0.0608  max mem: 20673
Test:  [    50/?]  eta: ?  loss: 0.0148 (0.0263)  time: 0.2476  data: 0.0486  max mem: 20673
Test:  [    60/?]  eta: ?  loss: 0.0136 (0.0248)  time: 0.2568  data: 0.0579  max mem: 20673
Test:  [    70/?]  eta: ?  loss: 0.0135 (0.0230)  time: 0.2557  data: 0.0569  max mem: 20673
Test:  [    80/?]  eta: ?  loss: 0.0141 (0.0224)  time: 0.2354  data: 0.0365  max mem: 20673
Test:  [    90/?]  eta: ?  loss: 0.0155 (0.0221)  time: 0.2401  data: 0.0411  max mem: 20673
Test:  [   100/?]  eta: ?  loss: 0.0145 (0.0216)  time: 0.2569  data: 0.0579  max mem: 20673
Test:  [   110/?]  eta: ?  loss: 0.0121 (0.0208)  time: 0.2603  data: 0.0613  max mem: 20673
Test:  [   120/?]  eta: ?  loss: 0.0142 (0.0207)  time: 0.2553  data: 0.0562  max mem: 20673
Test:  [   130/?]  eta: ?  loss: 0.0166 (0.0207)  time: 0.2440  data: 0.0449  max mem: 20673
Test:  [   140/?]  eta: ?  loss: 0.0182 (0.0211)  time: 0.2461  data: 0.0471  max mem: 20673
Test:  [   150/?]  eta: ?  loss: 0.0140 (0.0207)  time: 0.2533  data: 0.0543  max mem: 20673
Test:  [   160/?]  eta: ?  loss: 0.0163 (0.0212)  time: 0.2521  data: 0.0531  max mem: 20673
Test:  [   170/?]  eta: ?  loss: 0.0185 (0.0219)  time: 0.2466  data: 0.0476  max mem: 20673
Test:  [   180/?]  eta: ?  loss: 0.0136 (0.0218)  time: 0.2433  data: 0.0443  max mem: 20673
Test:  [   190/?]  eta: ?  loss: 0.0164 (0.0218)  time: 0.2505  data: 0.0514  max mem: 20673
Test:  [   200/?]  eta: ?  loss: 0.0134 (0.0216)  time: 0.2665  data: 0.0675  max mem: 20673
Test:  [   210/?]  eta: ?  loss: 0.0107 (0.0214)  time: 0.2650  data: 0.0661  max mem: 20673
Test:  [   220/?]  eta: ?  loss: 0.0099 (0.0210)  time: 0.2516  data: 0.0526  max mem: 20673
Test:  [   230/?]  eta: ?  loss: 0.0159 (0.0215)  time: 0.2500  data: 0.0509  max mem: 20673
Test:  [   240/?]  eta: ?  loss: 0.0184 (0.0216)  time: 0.2499  data: 0.0508  max mem: 20673
Test:  [   250/?]  eta: ?  loss: 0.0184 (0.0218)  time: 0.2515  data: 0.0525  max mem: 20673
Test:  [   260/?]  eta: ?  loss: 0.0191 (0.0227)  time: 0.2405  data: 0.0414  max mem: 20673
Test:  [   270/?]  eta: ?  loss: 0.0227 (0.0227)  time: 0.2490  data: 0.0499  max mem: 20673
Test:  [   280/?]  eta: ?  loss: 0.0189 (0.0225)  time: 0.2585  data: 0.0596  max mem: 20673
Test:  [   290/?]  eta: ?  loss: 0.0162 (0.0224)  time: 0.2632  data: 0.0642  max mem: 20673
Test:  [   300/?]  eta: ?  loss: 0.0149 (0.0225)  time: 0.2696  data: 0.0706  max mem: 20673
Test:  [   310/?]  eta: ?  loss: 0.0149 (0.0224)  time: 0.2691  data: 0.0702  max mem: 20673
Test:  [   320/?]  eta: ?  loss: 0.0199 (0.0228)  time: 0.2621  data: 0.0632  max mem: 20673
Test:  [   330/?]  eta: ?  loss: 0.0138 (0.0226)  time: 0.2622  data: 0.0632  max mem: 20673
Test:  [   340/?]  eta: ?  loss: 0.0135 (0.0226)  time: 0.2546  data: 0.0556  max mem: 20673
Test: Total time: 0:01:28 (0.2549 s / it)
* loss 0.023
  → Epoch  33/50 | Train Loss: 0.0014 | Val Loss: 0.0246 | Train score (1/(1+norm_MAE)): 0.9780 | Val MAE (years): 1.9833 | LR: 0.000001
Best val MAE (years): 1.8980, test MAE at best val: 1.8206
  Test segment MAE: 1.8971 | participant median MAE: 1.6865 | participant mean MAE: 1.6699
Epoch: [33]  [     0/?]  eta: ?  lr: 0.000163  min_lr: 0.000001  loss: 0.0010 (0.0010)  class_acc: 0.9790 (0.9790)  loss_scale: 72057594037927936.0000 (72057594037927936.0000)  weight_decay: 0.0500 (0.0500)  grad_norm: 0.5042 (0.5042)  time: 7.7564  data: 7.2380  max mem: 20673
Epoch: [33]  [   500/?]  eta: ?  lr: 0.000163  min_lr: 0.000001  loss: 0.0010 (0.0014)  class_acc: 0.9782 (0.9784)  loss_scale: 72057594037927936.0000 (72057594037927936.0000)  weight_decay: 0.0500 (0.0500)  grad_norm: 0.6504 (1.0311)  time: 0.4993  data: 0.0002  max mem: 20673
Epoch: [33]  [  1000/?]  eta: ?  lr: 0.000163  min_lr: 0.000001  loss: 0.0012 (0.0014)  class_acc: 0.9788 (0.9784)  loss_scale: 72057594037927936.0000 (72057594037927936.0000)  weight_decay: 0.0500 (0.0500)  grad_norm: 0.7334 (1.0314)  time: 0.5117  data: 0.0003  max mem: 20673
Epoch: [33]  [  1500/?]  eta: ?  lr: 0.000163  min_lr: 0.000001  loss: 0.0010 (0.0013)  class_acc: 0.9798 (0.9785)  loss_scale: 144115188075855872.0000 (73113734656738336.0000)  weight_decay: 0.0500 (0.0500)  grad_norm: 0.6647 (1.0211)  time: 0.5056  data: 0.0002  max mem: 20673
Epoch: [33]  [  2000/?]  eta: ?  lr: 0.000163  min_lr: 0.000001  loss: 0.0012 (0.0013)  class_acc: 0.9790 (0.9786)  loss_scale: 144115188075855872.0000 (90855227265213488.0000)  weight_decay: 0.0500 (0.0500)  grad_norm: 0.6519 (1.0296)  time: 0.5091  data: 0.0003  max mem: 20673
Epoch: [33] Total time: 0:20:44 (0.5099 s / it)
Val:  [     0/?]  eta: ?  loss: 0.0436 (0.0436)  time: 2.3211  data: 2.1229  max mem: 20673
Val:  [    10/?]  eta: ?  loss: 0.0234 (0.0235)  time: 0.4308  data: 0.2318  max mem: 20673
Val:  [    20/?]  eta: ?  loss: 0.0218 (0.0242)  time: 0.2342  data: 0.0352  max mem: 20673
Val:  [    30/?]  eta: ?  loss: 0.0170 (0.0223)  time: 0.2397  data: 0.0407  max mem: 20673
Val:  [    40/?]  eta: ?  loss: 0.0147 (0.0255)  time: 0.2523  data: 0.0532  max mem: 20673
Val:  [    50/?]  eta: ?  loss: 0.0140 (0.0256)  time: 0.2634  data: 0.0643  max mem: 20673
Val:  [    60/?]  eta: ?  loss: 0.0161 (0.0254)  time: 0.2667  data: 0.0677  max mem: 20673
Val:  [    70/?]  eta: ?  loss: 0.0161 (0.0241)  time: 0.2730  data: 0.0740  max mem: 20673
Val:  [    80/?]  eta: ?  loss: 0.0132 (0.0239)  time: 0.2749  data: 0.0759  max mem: 20673
Val:  [    90/?]  eta: ?  loss: 0.0164 (0.0243)  time: 0.2515  data: 0.0525  max mem: 20673
Val:  [   100/?]  eta: ?  loss: 0.0136 (0.0237)  time: 0.2281  data: 0.0291  max mem: 20673
Val:  [   110/?]  eta: ?  loss: 0.0166 (0.0234)  time: 0.2208  data: 0.0219  max mem: 20673
Val:  [   120/?]  eta: ?  loss: 0.0162 (0.0226)  time: 0.2349  data: 0.0359  max mem: 20673
Val:  [   130/?]  eta: ?  loss: 0.0134 (0.0222)  time: 0.2358  data: 0.0368  max mem: 20673
Val:  [   140/?]  eta: ?  loss: 0.0125 (0.0219)  time: 0.2431  data: 0.0441  max mem: 20673
Val:  [   150/?]  eta: ?  loss: 0.0105 (0.0215)  time: 0.2482  data: 0.0491  max mem: 20673
Val:  [   160/?]  eta: ?  loss: 0.0173 (0.0222)  time: 0.2488  data: 0.0498  max mem: 20673
Val:  [   170/?]  eta: ?  loss: 0.0191 (0.0220)  time: 0.2471  data: 0.0481  max mem: 20673
Val:  [   180/?]  eta: ?  loss: 0.0143 (0.0215)  time: 0.2588  data: 0.0599  max mem: 20673
Val:  [   190/?]  eta: ?  loss: 0.0113 (0.0215)  time: 0.2697  data: 0.0707  max mem: 20673
Val:  [   200/?]  eta: ?  loss: 0.0141 (0.0211)  time: 0.2660  data: 0.0670  max mem: 20673
Val:  [   210/?]  eta: ?  loss: 0.0155 (0.0225)  time: 0.2642  data: 0.0653  max mem: 20673
Val:  [   220/?]  eta: ?  loss: 0.0159 (0.0222)  time: 0.2686  data: 0.0697  max mem: 20673
Val:  [   230/?]  eta: ?  loss: 0.0162 (0.0225)  time: 0.2726  data: 0.0738  max mem: 20673
Val:  [   240/?]  eta: ?  loss: 0.0198 (0.0231)  time: 0.2771  data: 0.0783  max mem: 20673
Val:  [   250/?]  eta: ?  loss: 0.0180 (0.0232)  time: 0.2727  data: 0.0740  max mem: 20673
Val:  [   260/?]  eta: ?  loss: 0.0145 (0.0240)  time: 0.2572  data: 0.0584  max mem: 20673
Val:  [   270/?]  eta: ?  loss: 0.0161 (0.0241)  time: 0.2553  data: 0.0564  max mem: 20673
Val:  [   280/?]  eta: ?  loss: 0.0161 (0.0240)  time: 0.2701  data: 0.0712  max mem: 20673
Val:  [   290/?]  eta: ?  loss: 0.0136 (0.0240)  time: 0.2590  data: 0.0602  max mem: 20673
Val:  [   300/?]  eta: ?  loss: 0.0129 (0.0242)  time: 0.2413  data: 0.0425  max mem: 20673
Val:  [   310/?]  eta: ?  loss: 0.0155 (0.0243)  time: 0.2490  data: 0.0501  max mem: 20673
Val:  [   320/?]  eta: ?  loss: 0.0222 (0.0244)  time: 0.2506  data: 0.0517  max mem: 20673
Val:  [   330/?]  eta: ?  loss: 0.0203 (0.0246)  time: 0.2454  data: 0.0466  max mem: 20673
Val:  [   340/?]  eta: ?  loss: 0.0178 (0.0245)  time: 0.2599  data: 0.0611  max mem: 20673
Val:  [   350/?]  eta: ?  loss: 0.0159 (0.0243)  time: 0.2440  data: 0.0652  max mem: 20673
Val: Total time: 0:01:31 (0.2587 s / it)
* loss 0.024
Test:  [     0/?]  eta: ?  loss: 0.0178 (0.0178)  time: 2.0320  data: 1.8342  max mem: 20673
Test:  [    10/?]  eta: ?  loss: 0.0142 (0.0180)  time: 0.3892  data: 0.1905  max mem: 20673
Test:  [    20/?]  eta: ?  loss: 0.0176 (0.0275)  time: 0.2347  data: 0.0360  max mem: 20673
Test:  [    30/?]  eta: ?  loss: 0.0231 (0.0308)  time: 0.2591  data: 0.0603  max mem: 20673
Test:  [    40/?]  eta: ?  loss: 0.0203 (0.0285)  time: 0.2688  data: 0.0700  max mem: 20673
Test:  [    50/?]  eta: ?  loss: 0.0164 (0.0258)  time: 0.2446  data: 0.0458  max mem: 20673
Test:  [    60/?]  eta: ?  loss: 0.0142 (0.0245)  time: 0.2356  data: 0.0367  max mem: 20673
Test:  [    70/?]  eta: ?  loss: 0.0142 (0.0229)  time: 0.2532  data: 0.0544  max mem: 20673
Test:  [    80/?]  eta: ?  loss: 0.0141 (0.0222)  time: 0.2737  data: 0.0750  max mem: 20673
Test:  [    90/?]  eta: ?  loss: 0.0177 (0.0220)  time: 0.2649  data: 0.0661  max mem: 20673
Test:  [   100/?]  eta: ?  loss: 0.0171 (0.0217)  time: 0.2594  data: 0.0606  max mem: 20673
Test:  [   110/?]  eta: ?  loss: 0.0148 (0.0210)  time: 0.2645  data: 0.0657  max mem: 20673
Test:  [   120/?]  eta: ?  loss: 0.0149 (0.0208)  time: 0.2554  data: 0.0566  max mem: 20673
Test:  [   130/?]  eta: ?  loss: 0.0155 (0.0208)  time: 0.2459  data: 0.0471  max mem: 20673
Test:  [   140/?]  eta: ?  loss: 0.0213 (0.0211)  time: 0.2626  data: 0.0638  max mem: 20673
Test:  [   150/?]  eta: ?  loss: 0.0181 (0.0207)  time: 0.2685  data: 0.0698  max mem: 20673
Test:  [   160/?]  eta: ?  loss: 0.0160 (0.0211)  time: 0.2521  data: 0.0532  max mem: 20673
Test:  [   170/?]  eta: ?  loss: 0.0198 (0.0217)  time: 0.2520  data: 0.0531  max mem: 20673
Test:  [   180/?]  eta: ?  loss: 0.0147 (0.0215)  time: 0.2539  data: 0.0552  max mem: 20673
Test:  [   190/?]  eta: ?  loss: 0.0152 (0.0214)  time: 0.2524  data: 0.0536  max mem: 20673
Test:  [   200/?]  eta: ?  loss: 0.0150 (0.0214)  time: 0.2601  data: 0.0613  max mem: 20673
Test:  [   210/?]  eta: ?  loss: 0.0111 (0.0212)  time: 0.2598  data: 0.0610  max mem: 20673
Test:  [   220/?]  eta: ?  loss: 0.0110 (0.0207)  time: 0.2515  data: 0.0527  max mem: 20673
Test:  [   230/?]  eta: ?  loss: 0.0158 (0.0212)  time: 0.2518  data: 0.0529  max mem: 20673
Test:  [   240/?]  eta: ?  loss: 0.0187 (0.0212)  time: 0.2511  data: 0.0522  max mem: 20673
Test:  [   250/?]  eta: ?  loss: 0.0187 (0.0215)  time: 0.2530  data: 0.0540  max mem: 20673
Test:  [   260/?]  eta: ?  loss: 0.0189 (0.0224)  time: 0.2450  data: 0.0461  max mem: 20673
Test:  [   270/?]  eta: ?  loss: 0.0186 (0.0224)  time: 0.2401  data: 0.0412  max mem: 20673
Test:  [   280/?]  eta: ?  loss: 0.0182 (0.0222)  time: 0.2390  data: 0.0402  max mem: 20673
Test:  [   290/?]  eta: ?  loss: 0.0172 (0.0222)  time: 0.2546  data: 0.0558  max mem: 20673
Test:  [   300/?]  eta: ?  loss: 0.0147 (0.0223)  time: 0.2614  data: 0.0625  max mem: 20673
Test:  [   310/?]  eta: ?  loss: 0.0156 (0.0222)  time: 0.2649  data: 0.0660  max mem: 20673
Test:  [   320/?]  eta: ?  loss: 0.0197 (0.0226)  time: 0.2660  data: 0.0671  max mem: 20673
Test:  [   330/?]  eta: ?  loss: 0.0141 (0.0224)  time: 0.2759  data: 0.0769  max mem: 20673
Test:  [   340/?]  eta: ?  loss: 0.0145 (0.0224)  time: 0.2630  data: 0.0641  max mem: 20673
Test: Total time: 0:01:29 (0.2578 s / it)
* loss 0.023
  → Epoch  34/50 | Train Loss: 0.0013 | Val Loss: 0.0243 | Train score (1/(1+norm_MAE)): 0.9786 | Val MAE (years): 1.9731 | LR: 0.000001
Best val MAE (years): 1.8980, test MAE at best val: 1.8206
  Test segment MAE: 1.9022 | participant median MAE: 1.6747 | participant mean MAE: 1.6527
Epoch: [34]  [     0/?]  eta: ?  lr: 0.000148  min_lr: 0.000001  loss: 0.0011 (0.0011)  class_acc: 0.9801 (0.9801)  loss_scale: 144115188075855872.0000 (144115188075855872.0000)  weight_decay: 0.0500 (0.0500)  grad_norm: 0.8461 (0.8461)  time: 6.6764  data: 6.1464  max mem: 20673
Epoch: [34]  [   500/?]  eta: ?  lr: 0.000148  min_lr: 0.000001  loss: 0.0011 (0.0012)  class_acc: 0.9793 (0.9791)  loss_scale: 144115188075855872.0000 (144115188075855872.0000)  weight_decay: 0.0500 (0.0500)  grad_norm: 0.8217 (0.9348)  time: 0.5021  data: 0.0002  max mem: 20673
Epoch: [34]  [  1000/?]  eta: ?  lr: 0.000147  min_lr: 0.000001  loss: 0.0011 (0.0013)  class_acc: 0.9796 (0.9792)  loss_scale: 144115188075855872.0000 (144115188075855872.0000)  weight_decay: 0.0500 (0.0500)  grad_norm: 0.6465 (1.0259)  time: 0.5099  data: 0.0002  max mem: 20673
Epoch: [34]  [  1500/?]  eta: ?  lr: 0.000147  min_lr: 0.000001  loss: 0.0011 (0.0013)  class_acc: 0.9798 (0.9793)  loss_scale: 288230376151711744.0000 (188473094065892800.0000)  weight_decay: 0.0500 (0.0500)  grad_norm: 0.7704 (0.9908)  time: 0.5059  data: 0.0002  max mem: 20673
Epoch: [34]  [  2000/?]  eta: ?  lr: 0.000147  min_lr: 0.000001  loss: 0.0012 (0.0013)  class_acc: 0.9794 (0.9793)  loss_scale: 288230376151711744.0000 (213399951158801088.0000)  weight_decay: 0.0500 (0.0500)  grad_norm: 0.7807 (1.0210)  time: 0.5086  data: 0.0003  max mem: 20673
Epoch: [34] Total time: 0:20:41 (0.5087 s / it)
Val:  [     0/?]  eta: ?  loss: 0.0456 (0.0456)  time: 2.2907  data: 2.0922  max mem: 20673
Val:  [    10/?]  eta: ?  loss: 0.0215 (0.0235)  time: 0.4389  data: 0.2400  max mem: 20673
Val:  [    20/?]  eta: ?  loss: 0.0215 (0.0229)  time: 0.2600  data: 0.0611  max mem: 20673
Val:  [    30/?]  eta: ?  loss: 0.0165 (0.0217)  time: 0.2608  data: 0.0619  max mem: 20673
Val:  [    40/?]  eta: ?  loss: 0.0162 (0.0246)  time: 0.2701  data: 0.0712  max mem: 20673
Val:  [    50/?]  eta: ?  loss: 0.0150 (0.0250)  time: 0.2671  data: 0.0682  max mem: 20673
Val:  [    60/?]  eta: ?  loss: 0.0170 (0.0246)  time: 0.2612  data: 0.0623  max mem: 20673
Val:  [    70/?]  eta: ?  loss: 0.0200 (0.0234)  time: 0.2705  data: 0.0716  max mem: 20673
Val:  [    80/?]  eta: ?  loss: 0.0129 (0.0232)  time: 0.2654  data: 0.0665  max mem: 20673
Val:  [    90/?]  eta: ?  loss: 0.0189 (0.0238)  time: 0.2562  data: 0.0573  max mem: 20673
Val:  [   100/?]  eta: ?  loss: 0.0151 (0.0233)  time: 0.2589  data: 0.0599  max mem: 20673
Val:  [   110/?]  eta: ?  loss: 0.0170 (0.0232)  time: 0.2590  data: 0.0601  max mem: 20673
Val:  [   120/?]  eta: ?  loss: 0.0170 (0.0225)  time: 0.2608  data: 0.0620  max mem: 20673
Val:  [   130/?]  eta: ?  loss: 0.0135 (0.0221)  time: 0.2469  data: 0.0481  max mem: 20673
Val:  [   140/?]  eta: ?  loss: 0.0135 (0.0218)  time: 0.2348  data: 0.0359  max mem: 20673
Val:  [   150/?]  eta: ?  loss: 0.0098 (0.0215)  time: 0.2401  data: 0.0411  max mem: 20673
Val:  [   160/?]  eta: ?  loss: 0.0172 (0.0220)  time: 0.2468  data: 0.0478  max mem: 20673
Val:  [   170/?]  eta: ?  loss: 0.0173 (0.0218)  time: 0.2514  data: 0.0525  max mem: 20673
Val:  [   180/?]  eta: ?  loss: 0.0137 (0.0213)  time: 0.2666  data: 0.0677  max mem: 20673
Val:  [   190/?]  eta: ?  loss: 0.0121 (0.0213)  time: 0.2750  data: 0.0761  max mem: 20673
Val:  [   200/?]  eta: ?  loss: 0.0134 (0.0209)  time: 0.2650  data: 0.0661  max mem: 20673
Val:  [   210/?]  eta: ?  loss: 0.0134 (0.0223)  time: 0.2592  data: 0.0604  max mem: 20673
Val:  [   220/?]  eta: ?  loss: 0.0160 (0.0220)  time: 0.2713  data: 0.0724  max mem: 20673
Val:  [   230/?]  eta: ?  loss: 0.0143 (0.0222)  time: 0.2778  data: 0.0789  max mem: 20673
Val:  [   240/?]  eta: ?  loss: 0.0192 (0.0229)  time: 0.2793  data: 0.0806  max mem: 20673
Val:  [   250/?]  eta: ?  loss: 0.0172 (0.0229)  time: 0.2740  data: 0.0752  max mem: 20673
Val:  [   260/?]  eta: ?  loss: 0.0149 (0.0235)  time: 0.2610  data: 0.0622  max mem: 20673
Val:  [   270/?]  eta: ?  loss: 0.0175 (0.0237)  time: 0.2581  data: 0.0592  max mem: 20673
Val:  [   280/?]  eta: ?  loss: 0.0177 (0.0237)  time: 0.2666  data: 0.0677  max mem: 20673
Val:  [   290/?]  eta: ?  loss: 0.0147 (0.0237)  time: 0.2600  data: 0.0611  max mem: 20673
Val:  [   300/?]  eta: ?  loss: 0.0126 (0.0239)  time: 0.2371  data: 0.0383  max mem: 20673
Val:  [   310/?]  eta: ?  loss: 0.0169 (0.0240)  time: 0.2408  data: 0.0419  max mem: 20673
Val:  [   320/?]  eta: ?  loss: 0.0230 (0.0241)  time: 0.2495  data: 0.0505  max mem: 20673
Val:  [   330/?]  eta: ?  loss: 0.0192 (0.0245)  time: 0.2502  data: 0.0513  max mem: 20673
Val:  [   340/?]  eta: ?  loss: 0.0173 (0.0243)  time: 0.2579  data: 0.0590  max mem: 20673
Val:  [   350/?]  eta: ?  loss: 0.0159 (0.0241)  time: 0.2326  data: 0.0539  max mem: 20673
Val: Total time: 0:01:32 (0.2628 s / it)
* loss 0.024
Test:  [     0/?]  eta: ?  loss: 0.0166 (0.0166)  time: 2.2305  data: 2.0328  max mem: 20673
Test:  [    10/?]  eta: ?  loss: 0.0184 (0.0204)  time: 0.4223  data: 0.2236  max mem: 20673
Test:  [    20/?]  eta: ?  loss: 0.0212 (0.0283)  time: 0.2434  data: 0.0446  max mem: 20673
Test:  [    30/?]  eta: ?  loss: 0.0220 (0.0307)  time: 0.2423  data: 0.0434  max mem: 20673
Test:  [    40/?]  eta: ?  loss: 0.0204 (0.0283)  time: 0.2480  data: 0.0491  max mem: 20673
Test:  [    50/?]  eta: ?  loss: 0.0165 (0.0262)  time: 0.2523  data: 0.0534  max mem: 20673
Test:  [    60/?]  eta: ?  loss: 0.0138 (0.0247)  time: 0.2625  data: 0.0636  max mem: 20673
Test:  [    70/?]  eta: ?  loss: 0.0138 (0.0230)  time: 0.2658  data: 0.0669  max mem: 20673
Test:  [    80/?]  eta: ?  loss: 0.0142 (0.0221)  time: 0.2638  data: 0.0650  max mem: 20673
Test:  [    90/?]  eta: ?  loss: 0.0157 (0.0219)  time: 0.2445  data: 0.0455  max mem: 20673
Test:  [   100/?]  eta: ?  loss: 0.0159 (0.0216)  time: 0.2336  data: 0.0346  max mem: 20673
Test:  [   110/?]  eta: ?  loss: 0.0135 (0.0208)  time: 0.2450  data: 0.0461  max mem: 20673
Test:  [   120/?]  eta: ?  loss: 0.0147 (0.0206)  time: 0.2378  data: 0.0389  max mem: 20673
Test:  [   130/?]  eta: ?  loss: 0.0157 (0.0205)  time: 0.2306  data: 0.0316  max mem: 20673
Test:  [   140/?]  eta: ?  loss: 0.0181 (0.0208)  time: 0.2361  data: 0.0371  max mem: 20673
Test:  [   150/?]  eta: ?  loss: 0.0181 (0.0208)  time: 0.2396  data: 0.0406  max mem: 20673
Test:  [   160/?]  eta: ?  loss: 0.0165 (0.0212)  time: 0.2348  data: 0.0358  max mem: 20673
Test:  [   170/?]  eta: ?  loss: 0.0172 (0.0217)  time: 0.2346  data: 0.0357  max mem: 20673
Test:  [   180/?]  eta: ?  loss: 0.0161 (0.0216)  time: 0.2543  data: 0.0554  max mem: 20673
Test:  [   190/?]  eta: ?  loss: 0.0162 (0.0216)  time: 0.2616  data: 0.0628  max mem: 20673
Test:  [   200/?]  eta: ?  loss: 0.0132 (0.0214)  time: 0.2448  data: 0.0459  max mem: 20673
Test:  [   210/?]  eta: ?  loss: 0.0116 (0.0213)  time: 0.2416  data: 0.0426  max mem: 20673
Test:  [   220/?]  eta: ?  loss: 0.0116 (0.0208)  time: 0.2476  data: 0.0486  max mem: 20673
Test:  [   230/?]  eta: ?  loss: 0.0135 (0.0212)  time: 0.2530  data: 0.0542  max mem: 20673
Test:  [   240/?]  eta: ?  loss: 0.0173 (0.0211)  time: 0.2474  data: 0.0486  max mem: 20673
Test:  [   250/?]  eta: ?  loss: 0.0178 (0.0214)  time: 0.2387  data: 0.0399  max mem: 20673
Test:  [   260/?]  eta: ?  loss: 0.0178 (0.0222)  time: 0.2367  data: 0.0377  max mem: 20673
Test:  [   270/?]  eta: ?  loss: 0.0233 (0.0223)  time: 0.2461  data: 0.0471  max mem: 20673
Test:  [   280/?]  eta: ?  loss: 0.0184 (0.0221)  time: 0.2482  data: 0.0493  max mem: 20673
Test:  [   290/?]  eta: ?  loss: 0.0173 (0.0220)  time: 0.2511  data: 0.0521  max mem: 20673
Test:  [   300/?]  eta: ?  loss: 0.0145 (0.0221)  time: 0.2500  data: 0.0509  max mem: 20673
Test:  [   310/?]  eta: ?  loss: 0.0181 (0.0221)  time: 0.2489  data: 0.0498  max mem: 20673
Test:  [   320/?]  eta: ?  loss: 0.0208 (0.0225)  time: 0.2444  data: 0.0454  max mem: 20673
Test:  [   330/?]  eta: ?  loss: 0.0172 (0.0223)  time: 0.2527  data: 0.0537  max mem: 20673
Test:  [   340/?]  eta: ?  loss: 0.0167 (0.0224)  time: 0.2514  data: 0.0524  max mem: 20673
Test: Total time: 0:01:26 (0.2496 s / it)
* loss 0.022

============================================================
Counting samples by task type...
============================================================

============================================================
Evaluating on active tasks (20,949 samples)...
============================================================
Active Test:  [     0/?]  eta: ?  loss: 0.1003 (0.1003)  time: 2.7866  data: 2.7461  max mem: 20673
Active Test:  [    10/?]  eta: ?  loss: 0.0167 (0.0312)  time: 0.2932  data: 0.2618  max mem: 20673
Active Test:  [    20/?]  eta: ?  loss: 0.0157 (0.0256)  time: 0.0465  data: 0.0160  max mem: 20673
Active Test:  [    30/?]  eta: ?  loss: 0.0191 (0.0292)  time: 0.0459  data: 0.0156  max mem: 20673
Active Test:  [    40/?]  eta: ?  loss: 0.0191 (0.0271)  time: 0.0481  data: 0.0178  max mem: 20673
Active Test:  [    50/?]  eta: ?  loss: 0.0129 (0.0240)  time: 0.0500  data: 0.0197  max mem: 20673
Active Test:  [    60/?]  eta: ?  loss: 0.0135 (0.0238)  time: 0.0496  data: 0.0193  max mem: 20673
Active Test:  [    70/?]  eta: ?  loss: 0.0219 (0.0254)  time: 0.0503  data: 0.0200  max mem: 20673
Active Test:  [    80/?]  eta: ?  loss: 0.0219 (0.0254)  time: 0.0506  data: 0.0202  max mem: 20673
Active Test:  [    90/?]  eta: ?  loss: 0.0167 (0.0249)  time: 0.0499  data: 0.0194  max mem: 20673
Active Test:  [   100/?]  eta: ?  loss: 0.0149 (0.0240)  time: 0.0463  data: 0.0159  max mem: 20673
Active Test:  [   110/?]  eta: ?  loss: 0.0076 (0.0226)  time: 0.0432  data: 0.0129  max mem: 20673
Active Test:  [   120/?]  eta: ?  loss: 0.0123 (0.0222)  time: 0.0430  data: 0.0127  max mem: 20673
Active Test:  [   130/?]  eta: ?  loss: 0.0155 (0.0220)  time: 0.0435  data: 0.0132  max mem: 20673
Active Test:  [   140/?]  eta: ?  loss: 0.0148 (0.0219)  time: 0.0441  data: 0.0137  max mem: 20673
Active Test:  [   150/?]  eta: ?  loss: 0.0120 (0.0212)  time: 0.0460  data: 0.0156  max mem: 20673
Active Test:  [   160/?]  eta: ?  loss: 0.0113 (0.0210)  time: 0.0460  data: 0.0156  max mem: 20673
Active Test:  [   170/?]  eta: ?  loss: 0.0148 (0.0208)  time: 0.0447  data: 0.0142  max mem: 20673
Active Test:  [   180/?]  eta: ?  loss: 0.0172 (0.0212)  time: 0.0462  data: 0.0157  max mem: 20673
Active Test:  [   190/?]  eta: ?  loss: 0.0173 (0.0223)  time: 0.0466  data: 0.0162  max mem: 20673
Active Test:  [   200/?]  eta: ?  loss: 0.0161 (0.0247)  time: 0.0472  data: 0.0166  max mem: 20673
Active Test:  [   210/?]  eta: ?  loss: 0.0104 (0.0240)  time: 0.0472  data: 0.0167  max mem: 20673
Active Test:  [   220/?]  eta: ?  loss: 0.0068 (0.0240)  time: 0.0488  data: 0.0186  max mem: 20673
Active Test:  [   230/?]  eta: ?  loss: 0.0129 (0.0236)  time: 0.0493  data: 0.0191  max mem: 20673
Active Test:  [   240/?]  eta: ?  loss: 0.0129 (0.0234)  time: 0.0494  data: 0.0192  max mem: 20673
Active Test:  [   250/?]  eta: ?  loss: 0.0113 (0.0235)  time: 0.0497  data: 0.0194  max mem: 20673
Active Test:  [   260/?]  eta: ?  loss: 0.0136 (0.0240)  time: 0.0499  data: 0.0196  max mem: 20673
Active Test:  [   270/?]  eta: ?  loss: 0.0131 (0.0236)  time: 0.0514  data: 0.0212  max mem: 20673
Active Test:  [   280/?]  eta: ?  loss: 0.0157 (0.0238)  time: 0.0523  data: 0.0220  max mem: 20673
Active Test:  [   290/?]  eta: ?  loss: 0.0162 (0.0237)  time: 0.0534  data: 0.0230  max mem: 20673
Active Test:  [   300/?]  eta: ?  loss: 0.0164 (0.0236)  time: 0.0523  data: 0.0219  max mem: 20673
Active Test:  [   310/?]  eta: ?  loss: 0.0166 (0.0233)  time: 0.0494  data: 0.0190  max mem: 20673
Active Test:  [   320/?]  eta: ?  loss: 0.0185 (0.0237)  time: 0.0481  data: 0.0177  max mem: 20673
Active Test: Total time: 0:00:18 (0.0569 s / it)
* loss 0.024

============================================================
Evaluating on passive tasks (113,222 samples)...
============================================================
Passive Test:  [     0/?]  eta: ?  loss: 0.0116 (0.0116)  time: 0.9676  data: 0.9356  max mem: 20673
Passive Test:  [    10/?]  eta: ?  loss: 0.0489 (0.0833)  time: 0.1274  data: 0.0968  max mem: 20673
Passive Test:  [    20/?]  eta: ?  loss: 0.0839 (0.1000)  time: 0.0412  data: 0.0107  max mem: 20673
Passive Test:  [    30/?]  eta: ?  loss: 0.0839 (0.0943)  time: 0.0388  data: 0.0083  max mem: 20673
Passive Test:  [    40/?]  eta: ?  loss: 0.0333 (0.0786)  time: 0.0427  data: 0.0123  max mem: 20673
Passive Test:  [    50/?]  eta: ?  loss: 0.0204 (0.0669)  time: 0.0445  data: 0.0141  max mem: 20673
Passive Test:  [    60/?]  eta: ?  loss: 0.0126 (0.0579)  time: 0.0443  data: 0.0139  max mem: 20673
Passive Test:  [    70/?]  eta: ?  loss: 0.0090 (0.0518)  time: 0.0434  data: 0.0129  max mem: 20673
Passive Test:  [    80/?]  eta: ?  loss: 0.0108 (0.0471)  time: 0.0442  data: 0.0137  max mem: 20673
Passive Test:  [    90/?]  eta: ?  loss: 0.0096 (0.0431)  time: 0.0467  data: 0.0163  max mem: 20673
Passive Test:  [   100/?]  eta: ?  loss: 0.0163 (0.0434)  time: 0.0432  data: 0.0128  max mem: 20673
Passive Test:  [   110/?]  eta: ?  loss: 0.0485 (0.0437)  time: 0.0392  data: 0.0088  max mem: 20673
Passive Test:  [   120/?]  eta: ?  loss: 0.0385 (0.0429)  time: 0.0383  data: 0.0080  max mem: 20673
Passive Test:  [   130/?]  eta: ?  loss: 0.0249 (0.0413)  time: 0.0403  data: 0.0098  max mem: 20673
Passive Test:  [   140/?]  eta: ?  loss: 0.0115 (0.0392)  time: 0.0440  data: 0.0132  max mem: 20673
Passive Test:  [   150/?]  eta: ?  loss: 0.0121 (0.0378)  time: 0.0442  data: 0.0134  max mem: 20673
Passive Test:  [   160/?]  eta: ?  loss: 0.0142 (0.0363)  time: 0.0424  data: 0.0119  max mem: 20673
Passive Test:  [   170/?]  eta: ?  loss: 0.0139 (0.0348)  time: 0.0416  data: 0.0112  max mem: 20673
Passive Test:  [   180/?]  eta: ?  loss: 0.0091 (0.0335)  time: 0.0433  data: 0.0129  max mem: 20673
Passive Test:  [   190/?]  eta: ?  loss: 0.0092 (0.0326)  time: 0.0433  data: 0.0130  max mem: 20673
Passive Test:  [   200/?]  eta: ?  loss: 0.0117 (0.0319)  time: 0.0422  data: 0.0119  max mem: 20673
Passive Test:  [   210/?]  eta: ?  loss: 0.0078 (0.0310)  time: 0.0420  data: 0.0116  max mem: 20673
Passive Test:  [   220/?]  eta: ?  loss: 0.0103 (0.0307)  time: 0.0436  data: 0.0133  max mem: 20673
Passive Test:  [   230/?]  eta: ?  loss: 0.0192 (0.0303)  time: 0.0436  data: 0.0132  max mem: 20673
Passive Test:  [   240/?]  eta: ?  loss: 0.0192 (0.0300)  time: 0.0421  data: 0.0116  max mem: 20673
Passive Test:  [   250/?]  eta: ?  loss: 0.0164 (0.0297)  time: 0.0430  data: 0.0126  max mem: 20673
Passive Test:  [   260/?]  eta: ?  loss: 0.0164 (0.0298)  time: 0.0443  data: 0.0139  max mem: 20673
Passive Test:  [   270/?]  eta: ?  loss: 0.0175 (0.0297)  time: 0.0444  data: 0.0139  max mem: 20673
Passive Test:  [   280/?]  eta: ?  loss: 0.0213 (0.0300)  time: 0.0421  data: 0.0117  max mem: 20673
Passive Test:  [   290/?]  eta: ?  loss: 0.0208 (0.0297)  time: 0.0404  data: 0.0099  max mem: 20673
Passive Test:  [   300/?]  eta: ?  loss: 0.0158 (0.0294)  time: 0.0435  data: 0.0130  max mem: 20673
Passive Test:  [   310/?]  eta: ?  loss: 0.0135 (0.0288)  time: 0.0434  data: 0.0129  max mem: 20673
Passive Test:  [   320/?]  eta: ?  loss: 0.0073 (0.0283)  time: 0.0417  data: 0.0111  max mem: 20673
Passive Test:  [   330/?]  eta: ?  loss: 0.0079 (0.0280)  time: 0.0424  data: 0.0119  max mem: 20673
Passive Test:  [   340/?]  eta: ?  loss: 0.0084 (0.0278)  time: 0.0423  data: 0.0118  max mem: 20673
Passive Test:  [   350/?]  eta: ?  loss: 0.0088 (0.0275)  time: 0.0441  data: 0.0137  max mem: 20673
Passive Test:  [   360/?]  eta: ?  loss: 0.0071 (0.0270)  time: 0.0459  data: 0.0155  max mem: 20673
Passive Test:  [   370/?]  eta: ?  loss: 0.0052 (0.0265)  time: 0.0450  data: 0.0145  max mem: 20673
Passive Test:  [   380/?]  eta: ?  loss: 0.0068 (0.0262)  time: 0.0436  data: 0.0131  max mem: 20673
Passive Test:  [   390/?]  eta: ?  loss: 0.0153 (0.0261)  time: 0.0435  data: 0.0131  max mem: 20673
Passive Test:  [   400/?]  eta: ?  loss: 0.0181 (0.0260)  time: 0.0447  data: 0.0142  max mem: 20673
Passive Test:  [   410/?]  eta: ?  loss: 0.0181 (0.0261)  time: 0.0454  data: 0.0148  max mem: 20673
Passive Test:  [   420/?]  eta: ?  loss: 0.0179 (0.0259)  time: 0.0428  data: 0.0124  max mem: 20673
Passive Test:  [   430/?]  eta: ?  loss: 0.0175 (0.0257)  time: 0.0407  data: 0.0100  max mem: 20673
Passive Test:  [   440/?]  eta: ?  loss: 0.0151 (0.0255)  time: 0.0408  data: 0.0100  max mem: 20673
Passive Test:  [   450/?]  eta: ?  loss: 0.0155 (0.0253)  time: 0.0400  data: 0.0094  max mem: 20673
Passive Test:  [   460/?]  eta: ?  loss: 0.0127 (0.0251)  time: 0.0411  data: 0.0105  max mem: 20673
Passive Test:  [   470/?]  eta: ?  loss: 0.0114 (0.0250)  time: 0.0456  data: 0.0151  max mem: 20673
Passive Test:  [   480/?]  eta: ?  loss: 0.0106 (0.0251)  time: 0.0514  data: 0.0210  max mem: 20673
Passive Test:  [   490/?]  eta: ?  loss: 0.0118 (0.0252)  time: 0.0533  data: 0.0229  max mem: 20673
Passive Test:  [   500/?]  eta: ?  loss: 0.0149 (0.0251)  time: 0.0483  data: 0.0179  max mem: 20673
Passive Test:  [   510/?]  eta: ?  loss: 0.0116 (0.0250)  time: 0.0445  data: 0.0141  max mem: 20673
Passive Test:  [   520/?]  eta: ?  loss: 0.0106 (0.0248)  time: 0.0443  data: 0.0140  max mem: 20673
Passive Test:  [   530/?]  eta: ?  loss: 0.0117 (0.0245)  time: 0.0444  data: 0.0141  max mem: 20673
Passive Test:  [   540/?]  eta: ?  loss: 0.0096 (0.0243)  time: 0.0458  data: 0.0154  max mem: 20673
Passive Test:  [   550/?]  eta: ?  loss: 0.0071 (0.0240)  time: 0.0481  data: 0.0177  max mem: 20673
Passive Test:  [   560/?]  eta: ?  loss: 0.0056 (0.0237)  time: 0.0515  data: 0.0211  max mem: 20673
Passive Test:  [   570/?]  eta: ?  loss: 0.0064 (0.0234)  time: 0.0484  data: 0.0180  max mem: 20673
Passive Test:  [   580/?]  eta: ?  loss: 0.0066 (0.0231)  time: 0.0421  data: 0.0116  max mem: 20673
Passive Test:  [   590/?]  eta: ?  loss: 0.0072 (0.0229)  time: 0.0418  data: 0.0114  max mem: 20673
Passive Test:  [   600/?]  eta: ?  loss: 0.0075 (0.0226)  time: 0.0443  data: 0.0140  max mem: 20673
Passive Test:  [   610/?]  eta: ?  loss: 0.0076 (0.0225)  time: 0.0463  data: 0.0159  max mem: 20673
Passive Test:  [   620/?]  eta: ?  loss: 0.0110 (0.0223)  time: 0.0419  data: 0.0115  max mem: 20673
Passive Test:  [   630/?]  eta: ?  loss: 0.0090 (0.0221)  time: 0.0387  data: 0.0083  max mem: 20673
Passive Test:  [   640/?]  eta: ?  loss: 0.0106 (0.0219)  time: 0.0408  data: 0.0104  max mem: 20673
Passive Test:  [   650/?]  eta: ?  loss: 0.0126 (0.0219)  time: 0.0435  data: 0.0131  max mem: 20673
Passive Test:  [   660/?]  eta: ?  loss: 0.0227 (0.0220)  time: 0.0467  data: 0.0162  max mem: 20673
Passive Test:  [   670/?]  eta: ?  loss: 0.0210 (0.0219)  time: 0.0465  data: 0.0161  max mem: 20673
Passive Test:  [   680/?]  eta: ?  loss: 0.0102 (0.0218)  time: 0.0453  data: 0.0149  max mem: 20673
Passive Test:  [   690/?]  eta: ?  loss: 0.0102 (0.0218)  time: 0.0473  data: 0.0169  max mem: 20673
Passive Test:  [   700/?]  eta: ?  loss: 0.0190 (0.0218)  time: 0.0519  data: 0.0215  max mem: 20673
Passive Test:  [   710/?]  eta: ?  loss: 0.0190 (0.0217)  time: 0.0504  data: 0.0199  max mem: 20673
Passive Test:  [   720/?]  eta: ?  loss: 0.0140 (0.0216)  time: 0.0436  data: 0.0131  max mem: 20673
Passive Test:  [   730/?]  eta: ?  loss: 0.0144 (0.0216)  time: 0.0416  data: 0.0112  max mem: 20673
Passive Test:  [   740/?]  eta: ?  loss: 0.0173 (0.0216)  time: 0.0445  data: 0.0140  max mem: 20673
Passive Test:  [   750/?]  eta: ?  loss: 0.0187 (0.0216)  time: 0.0461  data: 0.0157  max mem: 20673
Passive Test:  [   760/?]  eta: ?  loss: 0.0246 (0.0218)  time: 0.0474  data: 0.0170  max mem: 20673
Passive Test:  [   770/?]  eta: ?  loss: 0.0265 (0.0218)  time: 0.0488  data: 0.0184  max mem: 20673
Passive Test:  [   780/?]  eta: ?  loss: 0.0106 (0.0218)  time: 0.0478  data: 0.0175  max mem: 20673
Passive Test:  [   790/?]  eta: ?  loss: 0.0106 (0.0219)  time: 0.0469  data: 0.0162  max mem: 20673
Passive Test:  [   800/?]  eta: ?  loss: 0.0155 (0.0220)  time: 0.0443  data: 0.0136  max mem: 20673
Passive Test:  [   810/?]  eta: ?  loss: 0.0209 (0.0225)  time: 0.0435  data: 0.0131  max mem: 20673
Passive Test:  [   820/?]  eta: ?  loss: 0.0309 (0.0229)  time: 0.0441  data: 0.0136  max mem: 20673
Passive Test:  [   830/?]  eta: ?  loss: 0.0172 (0.0232)  time: 0.0432  data: 0.0126  max mem: 20673
Passive Test:  [   840/?]  eta: ?  loss: 0.0172 (0.0232)  time: 0.0425  data: 0.0120  max mem: 20673
Passive Test:  [   850/?]  eta: ?  loss: 0.0173 (0.0233)  time: 0.0423  data: 0.0119  max mem: 20673
Passive Test:  [   860/?]  eta: ?  loss: 0.0160 (0.0233)  time: 0.0434  data: 0.0129  max mem: 20673
Passive Test:  [   870/?]  eta: ?  loss: 0.0309 (0.0236)  time: 0.0447  data: 0.0143  max mem: 20673
Passive Test:  [   880/?]  eta: ?  loss: 0.0207 (0.0236)  time: 0.0442  data: 0.0136  max mem: 20673
Passive Test:  [   890/?]  eta: ?  loss: 0.0185 (0.0237)  time: 0.0435  data: 0.0129  max mem: 20673
Passive Test:  [   900/?]  eta: ?  loss: 0.0171 (0.0236)  time: 0.0439  data: 0.0134  max mem: 20673
Passive Test:  [   910/?]  eta: ?  loss: 0.0084 (0.0235)  time: 0.0434  data: 0.0129  max mem: 20673
Passive Test:  [   920/?]  eta: ?  loss: 0.0096 (0.0234)  time: 0.0434  data: 0.0128  max mem: 20673
Passive Test:  [   930/?]  eta: ?  loss: 0.0107 (0.0232)  time: 0.0463  data: 0.0158  max mem: 20673
Passive Test:  [   940/?]  eta: ?  loss: 0.0096 (0.0233)  time: 0.0465  data: 0.0162  max mem: 20673
Passive Test:  [   950/?]  eta: ?  loss: 0.0145 (0.0236)  time: 0.0452  data: 0.0147  max mem: 20673
Passive Test:  [   960/?]  eta: ?  loss: 0.0125 (0.0235)  time: 0.0453  data: 0.0146  max mem: 20673
Passive Test:  [   970/?]  eta: ?  loss: 0.0110 (0.0235)  time: 0.0447  data: 0.0141  max mem: 20673
Passive Test:  [   980/?]  eta: ?  loss: 0.0227 (0.0235)  time: 0.0440  data: 0.0135  max mem: 20673
Passive Test:  [   990/?]  eta: ?  loss: 0.0101 (0.0234)  time: 0.0440  data: 0.0136  max mem: 20673
Passive Test:  [  1000/?]  eta: ?  loss: 0.0096 (0.0233)  time: 0.0444  data: 0.0140  max mem: 20673
Passive Test:  [  1010/?]  eta: ?  loss: 0.0103 (0.0232)  time: 0.0469  data: 0.0165  max mem: 20673
Passive Test:  [  1020/?]  eta: ?  loss: 0.0154 (0.0232)  time: 0.0468  data: 0.0165  max mem: 20673
Passive Test:  [  1030/?]  eta: ?  loss: 0.0238 (0.0234)  time: 0.0451  data: 0.0147  max mem: 20673
Passive Test:  [  1040/?]  eta: ?  loss: 0.0592 (0.0240)  time: 0.0494  data: 0.0190  max mem: 20673
Passive Test:  [  1050/?]  eta: ?  loss: 0.0343 (0.0240)  time: 0.0496  data: 0.0192  max mem: 20673
Passive Test:  [  1060/?]  eta: ?  loss: 0.0164 (0.0240)  time: 0.0489  data: 0.0185  max mem: 20673
Passive Test:  [  1070/?]  eta: ?  loss: 0.0164 (0.0240)  time: 0.0489  data: 0.0185  max mem: 20673
Passive Test:  [  1080/?]  eta: ?  loss: 0.0181 (0.0242)  time: 0.0462  data: 0.0158  max mem: 20673
Passive Test:  [  1090/?]  eta: ?  loss: 0.0259 (0.0244)  time: 0.0457  data: 0.0153  max mem: 20673
Passive Test:  [  1100/?]  eta: ?  loss: 0.0259 (0.0244)  time: 0.0464  data: 0.0159  max mem: 20673
Passive Test:  [  1110/?]  eta: ?  loss: 0.0307 (0.0246)  time: 0.0460  data: 0.0155  max mem: 20673
Passive Test:  [  1120/?]  eta: ?  loss: 0.0240 (0.0245)  time: 0.0457  data: 0.0153  max mem: 20673
Passive Test:  [  1130/?]  eta: ?  loss: 0.0068 (0.0244)  time: 0.0456  data: 0.0150  max mem: 20673
Passive Test:  [  1140/?]  eta: ?  loss: 0.0072 (0.0244)  time: 0.0451  data: 0.0143  max mem: 20673
Passive Test:  [  1150/?]  eta: ?  loss: 0.0104 (0.0244)  time: 0.0459  data: 0.0152  max mem: 20673
Passive Test:  [  1160/?]  eta: ?  loss: 0.0078 (0.0244)  time: 0.0474  data: 0.0169  max mem: 20673
Passive Test:  [  1170/?]  eta: ?  loss: 0.0217 (0.0246)  time: 0.0465  data: 0.0157  max mem: 20673
Passive Test:  [  1180/?]  eta: ?  loss: 0.0353 (0.0249)  time: 0.0436  data: 0.0127  max mem: 20673
Passive Test:  [  1190/?]  eta: ?  loss: 0.0106 (0.0250)  time: 0.0441  data: 0.0136  max mem: 20673
Passive Test:  [  1200/?]  eta: ?  loss: 0.0077 (0.0248)  time: 0.0471  data: 0.0166  max mem: 20673
Passive Test:  [  1210/?]  eta: ?  loss: 0.0115 (0.0250)  time: 0.0501  data: 0.0195  max mem: 20673
Passive Test:  [  1220/?]  eta: ?  loss: 0.0157 (0.0252)  time: 0.0564  data: 0.0258  max mem: 20673
Passive Test:  [  1230/?]  eta: ?  loss: 0.0092 (0.0251)  time: 0.0574  data: 0.0268  max mem: 20673
Passive Test:  [  1240/?]  eta: ?  loss: 0.0091 (0.0250)  time: 0.0492  data: 0.0187  max mem: 20673
Passive Test:  [  1250/?]  eta: ?  loss: 0.0105 (0.0249)  time: 0.0425  data: 0.0120  max mem: 20673
Passive Test:  [  1260/?]  eta: ?  loss: 0.0140 (0.0249)  time: 0.0469  data: 0.0164  max mem: 20673
Passive Test:  [  1270/?]  eta: ?  loss: 0.0155 (0.0249)  time: 0.0499  data: 0.0193  max mem: 20673
Passive Test:  [  1280/?]  eta: ?  loss: 0.0120 (0.0248)  time: 0.0433  data: 0.0128  max mem: 20673
Passive Test:  [  1290/?]  eta: ?  loss: 0.0120 (0.0248)  time: 0.0439  data: 0.0132  max mem: 20673
Passive Test:  [  1300/?]  eta: ?  loss: 0.0197 (0.0248)  time: 0.0503  data: 0.0196  max mem: 20673
Passive Test:  [  1310/?]  eta: ?  loss: 0.0115 (0.0247)  time: 0.0474  data: 0.0169  max mem: 20673
Passive Test:  [  1320/?]  eta: ?  loss: 0.0105 (0.0247)  time: 0.0418  data: 0.0112  max mem: 20673
Passive Test:  [  1330/?]  eta: ?  loss: 0.0134 (0.0246)  time: 0.0438  data: 0.0133  max mem: 20673
Passive Test:  [  1340/?]  eta: ?  loss: 0.0079 (0.0245)  time: 0.0475  data: 0.0171  max mem: 20673
Passive Test:  [  1350/?]  eta: ?  loss: 0.0099 (0.0244)  time: 0.0505  data: 0.0200  max mem: 20673
Passive Test:  [  1360/?]  eta: ?  loss: 0.0108 (0.0244)  time: 0.0502  data: 0.0197  max mem: 20673
Passive Test:  [  1370/?]  eta: ?  loss: 0.0100 (0.0243)  time: 0.0466  data: 0.0161  max mem: 20673
Passive Test:  [  1380/?]  eta: ?  loss: 0.0131 (0.0242)  time: 0.0457  data: 0.0151  max mem: 20673
Passive Test:  [  1390/?]  eta: ?  loss: 0.0148 (0.0243)  time: 0.0492  data: 0.0188  max mem: 20673
Passive Test:  [  1400/?]  eta: ?  loss: 0.0096 (0.0242)  time: 0.0512  data: 0.0207  max mem: 20673
Passive Test:  [  1410/?]  eta: ?  loss: 0.0178 (0.0243)  time: 0.0487  data: 0.0181  max mem: 20673
Passive Test:  [  1420/?]  eta: ?  loss: 0.0247 (0.0245)  time: 0.0455  data: 0.0150  max mem: 20673
Passive Test:  [  1430/?]  eta: ?  loss: 0.0104 (0.0246)  time: 0.0414  data: 0.0109  max mem: 20673
Passive Test:  [  1440/?]  eta: ?  loss: 0.0098 (0.0245)  time: 0.0386  data: 0.0080  max mem: 20673
Passive Test:  [  1450/?]  eta: ?  loss: 0.0106 (0.0246)  time: 0.0409  data: 0.0104  max mem: 20673
Passive Test:  [  1460/?]  eta: ?  loss: 0.0208 (0.0248)  time: 0.0445  data: 0.0140  max mem: 20673
Passive Test:  [  1470/?]  eta: ?  loss: 0.0143 (0.0250)  time: 0.0458  data: 0.0153  max mem: 20673
Passive Test:  [  1480/?]  eta: ?  loss: 0.0068 (0.0249)  time: 0.0452  data: 0.0146  max mem: 20673
Passive Test:  [  1490/?]  eta: ?  loss: 0.0043 (0.0248)  time: 0.0437  data: 0.0131  max mem: 20673
Passive Test:  [  1500/?]  eta: ?  loss: 0.0057 (0.0247)  time: 0.0437  data: 0.0130  max mem: 20673
Passive Test:  [  1510/?]  eta: ?  loss: 0.0081 (0.0246)  time: 0.0468  data: 0.0162  max mem: 20673
Passive Test:  [  1520/?]  eta: ?  loss: 0.0075 (0.0247)  time: 0.0477  data: 0.0171  max mem: 20673
Passive Test:  [  1530/?]  eta: ?  loss: 0.0107 (0.0246)  time: 0.0470  data: 0.0165  max mem: 20673
Passive Test:  [  1540/?]  eta: ?  loss: 0.0120 (0.0245)  time: 0.0484  data: 0.0179  max mem: 20673
Passive Test:  [  1550/?]  eta: ?  loss: 0.0082 (0.0245)  time: 0.0502  data: 0.0197  max mem: 20673
Passive Test:  [  1560/?]  eta: ?  loss: 0.0104 (0.0244)  time: 0.0510  data: 0.0204  max mem: 20673
Passive Test:  [  1570/?]  eta: ?  loss: 0.0173 (0.0244)  time: 0.0508  data: 0.0202  max mem: 20673
Passive Test:  [  1580/?]  eta: ?  loss: 0.0186 (0.0245)  time: 0.0455  data: 0.0149  max mem: 20673
Passive Test:  [  1590/?]  eta: ?  loss: 0.0129 (0.0245)  time: 0.0388  data: 0.0081  max mem: 20673
Passive Test:  [  1600/?]  eta: ?  loss: 0.0076 (0.0244)  time: 0.0413  data: 0.0107  max mem: 20673
Passive Test:  [  1610/?]  eta: ?  loss: 0.0101 (0.0244)  time: 0.0471  data: 0.0166  max mem: 20673
Passive Test:  [  1620/?]  eta: ?  loss: 0.0165 (0.0246)  time: 0.0465  data: 0.0159  max mem: 20673
Passive Test:  [  1630/?]  eta: ?  loss: 0.0095 (0.0247)  time: 0.0433  data: 0.0127  max mem: 20673
Passive Test:  [  1640/?]  eta: ?  loss: 0.0120 (0.0246)  time: 0.0475  data: 0.0168  max mem: 20673
Passive Test:  [  1650/?]  eta: ?  loss: 0.0096 (0.0246)  time: 0.0480  data: 0.0172  max mem: 20673
Passive Test:  [  1660/?]  eta: ?  loss: 0.0086 (0.0246)  time: 0.0421  data: 0.0115  max mem: 20673
Passive Test:  [  1670/?]  eta: ?  loss: 0.0050 (0.0246)  time: 0.0418  data: 0.0111  max mem: 20673
Passive Test:  [  1680/?]  eta: ?  loss: 0.0055 (0.0245)  time: 0.0450  data: 0.0143  max mem: 20673
Passive Test:  [  1690/?]  eta: ?  loss: 0.0062 (0.0244)  time: 0.0479  data: 0.0173  max mem: 20673
Passive Test:  [  1700/?]  eta: ?  loss: 0.0107 (0.0244)  time: 0.0446  data: 0.0141  max mem: 20673
Passive Test:  [  1710/?]  eta: ?  loss: 0.0120 (0.0244)  time: 0.0432  data: 0.0127  max mem: 20673
Passive Test:  [  1720/?]  eta: ?  loss: 0.0140 (0.0243)  time: 0.0431  data: 0.0127  max mem: 20673
Passive Test:  [  1730/?]  eta: ?  loss: 0.0153 (0.0243)  time: 0.0436  data: 0.0132  max mem: 20673
Passive Test:  [  1740/?]  eta: ?  loss: 0.0153 (0.0242)  time: 0.0460  data: 0.0155  max mem: 20673
Passive Test:  [  1750/?]  eta: ?  loss: 0.0076 (0.0241)  time: 0.0471  data: 0.0165  max mem: 20673
Passive Test:  [  1760/?]  eta: ?  loss: 0.0157 (0.0242)  time: 0.0513  data: 0.0208  max mem: 20673
Passive Test: Total time: 0:01:21 (0.0458 s / it)
* loss 0.024
  ACTIVE Test MAE (years): 1.9534 (n=20,949)
  PASSIVE Test MAE (years): 1.9781 (n=113,222)
  → Epoch  35/50 | Train Loss: 0.0013 | Val Loss: 0.0241 | Train score (1/(1+norm_MAE)): 0.9793 | Val MAE (years): 1.9751 | LR: 0.000001
Best val MAE (years): 1.8980, test MAE at best val: 1.8206
  Test segment MAE: 1.9097 | participant median MAE: 1.7083 | participant mean MAE: 1.6914
Epoch: [35]  [     0/?]  eta: ?  lr: 0.000133  min_lr: 0.000000  loss: 0.0010 (0.0010)  class_acc: 0.9794 (0.9794)  loss_scale: 288230376151711744.0000 (288230376151711744.0000)  weight_decay: 0.0500 (0.0500)  grad_norm: 0.9475 (0.9475)  time: 4.1446  data: 3.6392  max mem: 20673
Epoch: [35]  [   500/?]  eta: ?  lr: 0.000132  min_lr: 0.000000  loss: 0.0010 (0.0012)  class_acc: 0.9800 (0.9797)  loss_scale: 288230376151711744.0000 (288230376151711744.0000)  weight_decay: 0.0500 (0.0500)  grad_norm: 0.5532 (0.9216)  time: 0.5021  data: 0.0002  max mem: 20673
Epoch: [35]  [  1000/?]  eta: ?  lr: 0.000132  min_lr: 0.000000  loss: 0.0011 (0.0012)  class_acc: 0.9795 (0.9797)  loss_scale: 576460752303423488.0000 (403983234506345216.0000)  weight_decay: 0.0500 (0.0500)  grad_norm: 0.5397 (0.9656)  time: 0.5084  data: 0.0003  max mem: 20673
Epoch: [35]  [  1500/?]  eta: ?  lr: 0.000132  min_lr: 0.000000  loss: 0.0009 (0.0012)  class_acc: 0.9810 (0.9798)  loss_scale: 576460752303423488.0000 (461437437636617792.0000)  weight_decay: 0.0500 (0.0500)  grad_norm: 0.5758 (0.9804)  time: 0.5034  data: 0.0002  max mem: 20673
Epoch: [35]  [  2000/?]  eta: ?  lr: 0.000132  min_lr: 0.000000  loss: 0.0011 (0.0012)  class_acc: 0.9795 (0.9798)  loss_scale: 576460752303423488.0000 (490178895574350336.0000)  weight_decay: 0.0500 (0.0500)  grad_norm: 0.6426 (1.0374)  time: 0.5064  data: 0.0003  max mem: 20673
Epoch: [35] Total time: 0:20:37 (0.5073 s / it)
Val:  [     0/?]  eta: ?  loss: 0.0468 (0.0468)  time: 3.1062  data: 2.9081  max mem: 20673
Val:  [    10/?]  eta: ?  loss: 0.0244 (0.0250)  time: 0.4945  data: 0.2956  max mem: 20673
Val:  [    20/?]  eta: ?  loss: 0.0221 (0.0246)  time: 0.2403  data: 0.0413  max mem: 20673
Val:  [    30/?]  eta: ?  loss: 0.0182 (0.0231)  time: 0.2615  data: 0.0623  max mem: 20673
Val:  [    40/?]  eta: ?  loss: 0.0171 (0.0257)  time: 0.2935  data: 0.0945  max mem: 20673
Val:  [    50/?]  eta: ?  loss: 0.0135 (0.0257)  time: 0.2820  data: 0.0831  max mem: 20673
Val:  [    60/?]  eta: ?  loss: 0.0168 (0.0253)  time: 0.2627  data: 0.0638  max mem: 20673
Val:  [    70/?]  eta: ?  loss: 0.0170 (0.0240)  time: 0.2670  data: 0.0681  max mem: 20673
Val:  [    80/?]  eta: ?  loss: 0.0141 (0.0238)  time: 0.2660  data: 0.0671  max mem: 20673
Val:  [    90/?]  eta: ?  loss: 0.0177 (0.0241)  time: 0.2575  data: 0.0586  max mem: 20673
Val:  [   100/?]  eta: ?  loss: 0.0149 (0.0235)  time: 0.2526  data: 0.0537  max mem: 20673
Val:  [   110/?]  eta: ?  loss: 0.0153 (0.0233)  time: 0.2578  data: 0.0589  max mem: 20673
Val:  [   120/?]  eta: ?  loss: 0.0175 (0.0226)  time: 0.2610  data: 0.0621  max mem: 20673
Val:  [   130/?]  eta: ?  loss: 0.0135 (0.0223)  time: 0.2498  data: 0.0509  max mem: 20673
Val:  [   140/?]  eta: ?  loss: 0.0135 (0.0221)  time: 0.2375  data: 0.0385  max mem: 20673
Val:  [   150/?]  eta: ?  loss: 0.0101 (0.0218)  time: 0.2418  data: 0.0428  max mem: 20673
Val:  [   160/?]  eta: ?  loss: 0.0169 (0.0223)  time: 0.2513  data: 0.0523  max mem: 20673
Val:  [   170/?]  eta: ?  loss: 0.0182 (0.0221)  time: 0.2489  data: 0.0499  max mem: 20673
Val:  [   180/?]  eta: ?  loss: 0.0154 (0.0215)  time: 0.2642  data: 0.0652  max mem: 20673
Val:  [   190/?]  eta: ?  loss: 0.0108 (0.0216)  time: 0.2750  data: 0.0760  max mem: 20673
Val:  [   200/?]  eta: ?  loss: 0.0140 (0.0212)  time: 0.2681  data: 0.0692  max mem: 20673
Val:  [   210/?]  eta: ?  loss: 0.0147 (0.0226)  time: 0.2635  data: 0.0646  max mem: 20673
Val:  [   220/?]  eta: ?  loss: 0.0163 (0.0223)  time: 0.2629  data: 0.0640  max mem: 20673
Val:  [   230/?]  eta: ?  loss: 0.0157 (0.0225)  time: 0.2675  data: 0.0687  max mem: 20673
Val:  [   240/?]  eta: ?  loss: 0.0203 (0.0231)  time: 0.2740  data: 0.0751  max mem: 20673
Val:  [   250/?]  eta: ?  loss: 0.0199 (0.0232)  time: 0.2728  data: 0.0739  max mem: 20673
Val:  [   260/?]  eta: ?  loss: 0.0191 (0.0237)  time: 0.2617  data: 0.0628  max mem: 20673
Val:  [   270/?]  eta: ?  loss: 0.0184 (0.0239)  time: 0.2660  data: 0.0671  max mem: 20673
Val:  [   280/?]  eta: ?  loss: 0.0173 (0.0239)  time: 0.2963  data: 0.0975  max mem: 20673
Val:  [   290/?]  eta: ?  loss: 0.0165 (0.0238)  time: 0.2864  data: 0.0876  max mem: 20673
Val:  [   300/?]  eta: ?  loss: 0.0127 (0.0240)  time: 0.2552  data: 0.0564  max mem: 20673
Val:  [   310/?]  eta: ?  loss: 0.0169 (0.0241)  time: 0.2635  data: 0.0646  max mem: 20673
Val:  [   320/?]  eta: ?  loss: 0.0209 (0.0242)  time: 0.2736  data: 0.0748  max mem: 20673
Val:  [   330/?]  eta: ?  loss: 0.0197 (0.0244)  time: 0.2663  data: 0.0674  max mem: 20673
Val:  [   340/?]  eta: ?  loss: 0.0189 (0.0243)  time: 0.2700  data: 0.0711  max mem: 20673
Val:  [   350/?]  eta: ?  loss: 0.0145 (0.0241)  time: 0.2456  data: 0.0667  max mem: 20673
Val: Total time: 0:01:34 (0.2698 s / it)
* loss 0.024
Test:  [     0/?]  eta: ?  loss: 0.0161 (0.0161)  time: 2.1447  data: 1.9466  max mem: 20673
Test:  [    10/?]  eta: ?  loss: 0.0163 (0.0190)  time: 0.3934  data: 0.1947  max mem: 20673
Test:  [    20/?]  eta: ?  loss: 0.0185 (0.0284)  time: 0.2331  data: 0.0343  max mem: 20673
Test:  [    30/?]  eta: ?  loss: 0.0237 (0.0309)  time: 0.2552  data: 0.0563  max mem: 20673
Test:  [    40/?]  eta: ?  loss: 0.0187 (0.0283)  time: 0.2594  data: 0.0605  max mem: 20673
Test:  [    50/?]  eta: ?  loss: 0.0148 (0.0259)  time: 0.2530  data: 0.0541  max mem: 20673
Test:  [    60/?]  eta: ?  loss: 0.0139 (0.0244)  time: 0.2682  data: 0.0694  max mem: 20673
Test:  [    70/?]  eta: ?  loss: 0.0146 (0.0228)  time: 0.2632  data: 0.0642  max mem: 20673
Test:  [    80/?]  eta: ?  loss: 0.0153 (0.0220)  time: 0.2444  data: 0.0454  max mem: 20673
Test:  [    90/?]  eta: ?  loss: 0.0164 (0.0219)  time: 0.2451  data: 0.0461  max mem: 20673
Test:  [   100/?]  eta: ?  loss: 0.0164 (0.0217)  time: 0.2478  data: 0.0489  max mem: 20673
Test:  [   110/?]  eta: ?  loss: 0.0142 (0.0210)  time: 0.2584  data: 0.0596  max mem: 20673
Test:  [   120/?]  eta: ?  loss: 0.0167 (0.0208)  time: 0.2601  data: 0.0612  max mem: 20673
Test:  [   130/?]  eta: ?  loss: 0.0167 (0.0208)  time: 0.2489  data: 0.0500  max mem: 20673
Test:  [   140/?]  eta: ?  loss: 0.0186 (0.0211)  time: 0.2545  data: 0.0555  max mem: 20673
Test:  [   150/?]  eta: ?  loss: 0.0164 (0.0210)  time: 0.2565  data: 0.0575  max mem: 20673
Test:  [   160/?]  eta: ?  loss: 0.0152 (0.0214)  time: 0.2551  data: 0.0562  max mem: 20673
Test:  [   170/?]  eta: ?  loss: 0.0155 (0.0221)  time: 0.2532  data: 0.0542  max mem: 20673
Test:  [   180/?]  eta: ?  loss: 0.0140 (0.0219)  time: 0.2544  data: 0.0554  max mem: 20673
Test:  [   190/?]  eta: ?  loss: 0.0177 (0.0219)  time: 0.2589  data: 0.0600  max mem: 20673
Test:  [   200/?]  eta: ?  loss: 0.0133 (0.0217)  time: 0.2655  data: 0.0665  max mem: 20673
Test:  [   210/?]  eta: ?  loss: 0.0105 (0.0214)  time: 0.2656  data: 0.0667  max mem: 20673
Test:  [   220/?]  eta: ?  loss: 0.0110 (0.0210)  time: 0.2606  data: 0.0617  max mem: 20673
Test:  [   230/?]  eta: ?  loss: 0.0152 (0.0214)  time: 0.2588  data: 0.0598  max mem: 20673
Test:  [   240/?]  eta: ?  loss: 0.0182 (0.0214)  time: 0.2517  data: 0.0527  max mem: 20673
Test:  [   250/?]  eta: ?  loss: 0.0180 (0.0216)  time: 0.2567  data: 0.0577  max mem: 20673
Test:  [   260/?]  eta: ?  loss: 0.0184 (0.0224)  time: 0.2525  data: 0.0534  max mem: 20673
Test:  [   270/?]  eta: ?  loss: 0.0239 (0.0226)  time: 0.2314  data: 0.0323  max mem: 20673
Test:  [   280/?]  eta: ?  loss: 0.0170 (0.0223)  time: 0.2412  data: 0.0420  max mem: 20673
Test:  [   290/?]  eta: ?  loss: 0.0145 (0.0223)  time: 0.2616  data: 0.0625  max mem: 20673
Test:  [   300/?]  eta: ?  loss: 0.0133 (0.0223)  time: 0.2505  data: 0.0514  max mem: 20673
Test:  [   310/?]  eta: ?  loss: 0.0166 (0.0222)  time: 0.2455  data: 0.0464  max mem: 20673
Test:  [   320/?]  eta: ?  loss: 0.0199 (0.0226)  time: 0.2456  data: 0.0465  max mem: 20673
Test:  [   330/?]  eta: ?  loss: 0.0139 (0.0224)  time: 0.2512  data: 0.0520  max mem: 20673
Test:  [   340/?]  eta: ?  loss: 0.0148 (0.0224)  time: 0.2595  data: 0.0603  max mem: 20673
Test: Total time: 0:01:29 (0.2566 s / it)
* loss 0.022
  → Epoch  36/50 | Train Loss: 0.0012 | Val Loss: 0.0241 | Train score (1/(1+norm_MAE)): 0.9798 | Val MAE (years): 1.9767 | LR: 0.000000
Best val MAE (years): 1.8980, test MAE at best val: 1.8206
  Test segment MAE: 1.9127 | participant median MAE: 1.6956 | participant mean MAE: 1.6770
Epoch: [36]  [     0/?]  eta: ?  lr: 0.000118  min_lr: 0.000000  loss: 0.0008 (0.0008)  class_acc: 0.9815 (0.9815)  loss_scale: 576460752303423488.0000 (576460752303423488.0000)  weight_decay: 0.0500 (0.0500)  grad_norm: 0.5113 (0.5113)  time: 6.5678  data: 6.0660  max mem: 20673
Epoch: [36]  [   500/?]  eta: ?  lr: 0.000118  min_lr: 0.000000  loss: 0.0009 (0.0011)  class_acc: 0.9806 (0.9802)  loss_scale: 1152921504606846976.0000 (969972882618335360.0000)  weight_decay: 0.0500 (0.0500)  grad_norm: 0.6646 (1.0586)  time: 0.5023  data: 0.0002  max mem: 20673
Epoch: [36]  [  1000/?]  eta: ?  lr: 0.000118  min_lr: 0.000000  loss: 0.0009 (0.0012)  class_acc: 0.9806 (0.9802)  loss_scale: 1152921504606846976.0000 (1061355810684524928.0000)  weight_decay: 0.0500 (0.0500)  grad_norm: 0.6255 (1.0511)  time: 0.5097  data: 0.0002  max mem: 20673
Epoch: [36]  [  1500/?]  eta: ?  lr: 0.000118  min_lr: 0.000000  loss: 0.0010 (0.0011)  class_acc: 0.9810 (0.9803)  loss_scale: 1152921504606846976.0000 (1091857374282900096.0000)  weight_decay: 0.0500 (0.0500)  grad_norm: 0.7599 (1.0212)  time: 0.5041  data: 0.0003  max mem: 20673
Epoch: [36]  [  2000/?]  eta: ?  lr: 0.000118  min_lr: 0.000000  loss: 0.0011 (0.0012)  class_acc: 0.9804 (0.9804)  loss_scale: 1152921504606846976.0000 (1107115777662197120.0000)  weight_decay: 0.0500 (0.0500)  grad_norm: 1.1555 (1.1127)  time: 0.5055  data: 0.0002  max mem: 20673
Epoch: [36] Total time: 0:20:41 (0.5086 s / it)
Val:  [     0/?]  eta: ?  loss: 0.0427 (0.0427)  time: 2.3574  data: 2.1592  max mem: 20673
Val:  [    10/?]  eta: ?  loss: 0.0213 (0.0236)  time: 0.4556  data: 0.2566  max mem: 20673
Val:  [    20/?]  eta: ?  loss: 0.0198 (0.0232)  time: 0.2672  data: 0.0681  max mem: 20673
Val:  [    30/?]  eta: ?  loss: 0.0172 (0.0217)  time: 0.2548  data: 0.0557  max mem: 20673
Val:  [    40/?]  eta: ?  loss: 0.0154 (0.0246)  time: 0.2607  data: 0.0616  max mem: 20673
Val:  [    50/?]  eta: ?  loss: 0.0142 (0.0248)  time: 0.2686  data: 0.0696  max mem: 20673
Val:  [    60/?]  eta: ?  loss: 0.0172 (0.0244)  time: 0.2624  data: 0.0633  max mem: 20673
Val:  [    70/?]  eta: ?  loss: 0.0149 (0.0233)  time: 0.2632  data: 0.0641  max mem: 20673
Val:  [    80/?]  eta: ?  loss: 0.0149 (0.0233)  time: 0.2575  data: 0.0586  max mem: 20673
Val:  [    90/?]  eta: ?  loss: 0.0189 (0.0238)  time: 0.2500  data: 0.0509  max mem: 20673
Val:  [   100/?]  eta: ?  loss: 0.0152 (0.0232)  time: 0.2484  data: 0.0493  max mem: 20673
Val:  [   110/?]  eta: ?  loss: 0.0170 (0.0230)  time: 0.2509  data: 0.0519  max mem: 20673
Val:  [   120/?]  eta: ?  loss: 0.0162 (0.0223)  time: 0.2561  data: 0.0570  max mem: 20673
Val:  [   130/?]  eta: ?  loss: 0.0120 (0.0220)  time: 0.2473  data: 0.0482  max mem: 20673
Val:  [   140/?]  eta: ?  loss: 0.0120 (0.0216)  time: 0.2370  data: 0.0379  max mem: 20673
Val:  [   150/?]  eta: ?  loss: 0.0100 (0.0213)  time: 0.2445  data: 0.0454  max mem: 20673
Val:  [   160/?]  eta: ?  loss: 0.0164 (0.0218)  time: 0.2538  data: 0.0548  max mem: 20673
Val:  [   170/?]  eta: ?  loss: 0.0173 (0.0216)  time: 0.2500  data: 0.0509  max mem: 20673
Val:  [   180/?]  eta: ?  loss: 0.0137 (0.0211)  time: 0.2639  data: 0.0649  max mem: 20673
Val:  [   190/?]  eta: ?  loss: 0.0111 (0.0212)  time: 0.2733  data: 0.0743  max mem: 20673
Val:  [   200/?]  eta: ?  loss: 0.0133 (0.0208)  time: 0.2703  data: 0.0713  max mem: 20673
Val:  [   210/?]  eta: ?  loss: 0.0146 (0.0221)  time: 0.2672  data: 0.0682  max mem: 20673
Val:  [   220/?]  eta: ?  loss: 0.0148 (0.0218)  time: 0.2668  data: 0.0677  max mem: 20673
Val:  [   230/?]  eta: ?  loss: 0.0163 (0.0221)  time: 0.2674  data: 0.0683  max mem: 20673
Val:  [   240/?]  eta: ?  loss: 0.0213 (0.0227)  time: 0.2733  data: 0.0743  max mem: 20673
Val:  [   250/?]  eta: ?  loss: 0.0177 (0.0228)  time: 0.2751  data: 0.0761  max mem: 20673
Val:  [   260/?]  eta: ?  loss: 0.0140 (0.0234)  time: 0.2600  data: 0.0610  max mem: 20673
Val:  [   270/?]  eta: ?  loss: 0.0179 (0.0235)  time: 0.2559  data: 0.0569  max mem: 20673
Val:  [   280/?]  eta: ?  loss: 0.0179 (0.0235)  time: 0.2693  data: 0.0703  max mem: 20673
Val:  [   290/?]  eta: ?  loss: 0.0142 (0.0234)  time: 0.2607  data: 0.0617  max mem: 20673
Val:  [   300/?]  eta: ?  loss: 0.0122 (0.0237)  time: 0.2420  data: 0.0429  max mem: 20673
Val:  [   310/?]  eta: ?  loss: 0.0180 (0.0238)  time: 0.2446  data: 0.0456  max mem: 20673
Val:  [   320/?]  eta: ?  loss: 0.0220 (0.0239)  time: 0.2472  data: 0.0481  max mem: 20673
Val:  [   330/?]  eta: ?  loss: 0.0204 (0.0242)  time: 0.2480  data: 0.0489  max mem: 20673
Val:  [   340/?]  eta: ?  loss: 0.0180 (0.0241)  time: 0.2553  data: 0.0563  max mem: 20673
Val:  [   350/?]  eta: ?  loss: 0.0170 (0.0239)  time: 0.2332  data: 0.0543  max mem: 20673
Val: Total time: 0:01:32 (0.2619 s / it)
* loss 0.024
Test:  [     0/?]  eta: ?  loss: 0.0149 (0.0149)  time: 2.1511  data: 1.9531  max mem: 20673
Test:  [    10/?]  eta: ?  loss: 0.0149 (0.0192)  time: 0.3989  data: 0.2000  max mem: 20673
Test:  [    20/?]  eta: ?  loss: 0.0176 (0.0276)  time: 0.2434  data: 0.0444  max mem: 20673
Test:  [    30/?]  eta: ?  loss: 0.0250 (0.0314)  time: 0.2577  data: 0.0586  max mem: 20673
Test:  [    40/?]  eta: ?  loss: 0.0193 (0.0288)  time: 0.2553  data: 0.0563  max mem: 20673
Test:  [    50/?]  eta: ?  loss: 0.0146 (0.0263)  time: 0.2573  data: 0.0583  max mem: 20673
Test:  [    60/?]  eta: ?  loss: 0.0145 (0.0249)  time: 0.2648  data: 0.0658  max mem: 20673
Test:  [    70/?]  eta: ?  loss: 0.0151 (0.0231)  time: 0.2639  data: 0.0649  max mem: 20673
Test:  [    80/?]  eta: ?  loss: 0.0151 (0.0222)  time: 0.2624  data: 0.0635  max mem: 20673
Test:  [    90/?]  eta: ?  loss: 0.0156 (0.0220)  time: 0.2356  data: 0.0365  max mem: 20673
Test:  [   100/?]  eta: ?  loss: 0.0156 (0.0216)  time: 0.2281  data: 0.0289  max mem: 20673
Test:  [   110/?]  eta: ?  loss: 0.0136 (0.0209)  time: 0.2551  data: 0.0560  max mem: 20673
Test:  [   120/?]  eta: ?  loss: 0.0174 (0.0207)  time: 0.2601  data: 0.0610  max mem: 20673
Test:  [   130/?]  eta: ?  loss: 0.0183 (0.0207)  time: 0.2456  data: 0.0466  max mem: 20673
Test:  [   140/?]  eta: ?  loss: 0.0192 (0.0210)  time: 0.2455  data: 0.0463  max mem: 20673
Test:  [   150/?]  eta: ?  loss: 0.0186 (0.0208)  time: 0.2572  data: 0.0581  max mem: 20673
Test:  [   160/?]  eta: ?  loss: 0.0158 (0.0211)  time: 0.2548  data: 0.0558  max mem: 20673
Test:  [   170/?]  eta: ?  loss: 0.0162 (0.0217)  time: 0.2516  data: 0.0524  max mem: 20673
Test:  [   180/?]  eta: ?  loss: 0.0132 (0.0215)  time: 0.2549  data: 0.0557  max mem: 20673
Test:  [   190/?]  eta: ?  loss: 0.0171 (0.0216)  time: 0.2595  data: 0.0605  max mem: 20673
Test:  [   200/?]  eta: ?  loss: 0.0128 (0.0213)  time: 0.2703  data: 0.0713  max mem: 20673
Test:  [   210/?]  eta: ?  loss: 0.0110 (0.0211)  time: 0.2698  data: 0.0708  max mem: 20673
Test:  [   220/?]  eta: ?  loss: 0.0106 (0.0206)  time: 0.2610  data: 0.0620  max mem: 20673
Test:  [   230/?]  eta: ?  loss: 0.0131 (0.0211)  time: 0.2597  data: 0.0607  max mem: 20673
Test:  [   240/?]  eta: ?  loss: 0.0177 (0.0211)  time: 0.2553  data: 0.0562  max mem: 20673
Test:  [   250/?]  eta: ?  loss: 0.0173 (0.0213)  time: 0.2550  data: 0.0559  max mem: 20673
Test:  [   260/?]  eta: ?  loss: 0.0173 (0.0221)  time: 0.2495  data: 0.0504  max mem: 20673
Test:  [   270/?]  eta: ?  loss: 0.0246 (0.0222)  time: 0.2377  data: 0.0385  max mem: 20673
Test:  [   280/?]  eta: ?  loss: 0.0161 (0.0220)  time: 0.2400  data: 0.0409  max mem: 20673
Test:  [   290/?]  eta: ?  loss: 0.0149 (0.0219)  time: 0.2573  data: 0.0582  max mem: 20673
Test:  [   300/?]  eta: ?  loss: 0.0141 (0.0220)  time: 0.2571  data: 0.0580  max mem: 20673
Test:  [   310/?]  eta: ?  loss: 0.0175 (0.0220)  time: 0.2477  data: 0.0487  max mem: 20673
Test:  [   320/?]  eta: ?  loss: 0.0184 (0.0224)  time: 0.2534  data: 0.0543  max mem: 20673
Test:  [   330/?]  eta: ?  loss: 0.0176 (0.0222)  time: 0.2566  data: 0.0575  max mem: 20673
Test:  [   340/?]  eta: ?  loss: 0.0148 (0.0222)  time: 0.2563  data: 0.0572  max mem: 20673
Test: Total time: 0:01:29 (0.2572 s / it)
* loss 0.022
  → Epoch  37/50 | Train Loss: 0.0011 | Val Loss: 0.0239 | Train score (1/(1+norm_MAE)): 0.9804 | Val MAE (years): 1.9680 | LR: 0.000000
Best val MAE (years): 1.8980, test MAE at best val: 1.8206
  Test segment MAE: 1.8998 | participant median MAE: 1.6761 | participant mean MAE: 1.6740
Epoch: [37]  [     0/?]  eta: ?  lr: 0.000104  min_lr: 0.000000  loss: 0.0007 (0.0007)  class_acc: 0.9832 (0.9832)  loss_scale: 2305843009213693952.0000 (2305843009213693952.0000)  weight_decay: 0.0500 (0.0500)  grad_norm: 0.6667 (0.6667)  time: 7.8806  data: 7.3871  max mem: 20673
Epoch: [37]  [   500/?]  eta: ?  lr: 0.000104  min_lr: 0.000000  loss: 0.0008 (0.0011)  class_acc: 0.9812 (0.9809)  loss_scale: 2305843009213693952.0000 (2305843009213693952.0000)  weight_decay: 0.0500 (0.0500)  grad_norm: 0.7702 (0.8901)  time: 0.5052  data: 0.0002  max mem: 20673
Epoch: [37]  [  1000/?]  eta: ?  lr: 0.000104  min_lr: 0.000000  loss: 0.0010 (0.0011)  class_acc: 0.9809 (0.9809)  loss_scale: 2305843009213693952.0000 (2305843009213693952.0000)  weight_decay: 0.0500 (0.0500)  grad_norm: 0.7435 (1.0095)  time: 0.5102  data: 0.0002  max mem: 20673
Epoch: [37]  [  1500/?]  eta: ?  lr: 0.000104  min_lr: 0.000000  loss: 0.0009 (0.0011)  class_acc: 0.9814 (0.9809)  loss_scale: 2305843009213693952.0000 (2305843009213693952.0000)  weight_decay: 0.0500 (0.0500)  grad_norm: 0.5935 (1.0181)  time: 0.5063  data: 0.0004  max mem: 20673
Epoch: [37]  [  2000/?]  eta: ?  lr: 0.000104  min_lr: 0.000000  loss: 0.0010 (0.0011)  class_acc: 0.9807 (0.9809)  loss_scale: 4611686018427387904.0000 (2630804392821021184.0000)  weight_decay: 0.0500 (0.0500)  grad_norm: 0.7681 (1.0829)  time: 0.5086  data: 0.0002  max mem: 20673
Epoch: [37] Total time: 0:20:43 (0.5094 s / it)
Val:  [     0/?]  eta: ?  loss: 0.0454 (0.0454)  time: 2.4881  data: 2.2902  max mem: 20673
Val:  [    10/?]  eta: ?  loss: 0.0241 (0.0240)  time: 0.4657  data: 0.2665  max mem: 20673
Val:  [    20/?]  eta: ?  loss: 0.0208 (0.0240)  time: 0.2674  data: 0.0682  max mem: 20673
Val:  [    30/?]  eta: ?  loss: 0.0166 (0.0225)  time: 0.2586  data: 0.0595  max mem: 20673
Val:  [    40/?]  eta: ?  loss: 0.0159 (0.0250)  time: 0.2648  data: 0.0658  max mem: 20673
Val:  [    50/?]  eta: ?  loss: 0.0157 (0.0251)  time: 0.2723  data: 0.0733  max mem: 20673
Val:  [    60/?]  eta: ?  loss: 0.0189 (0.0251)  time: 0.2722  data: 0.0731  max mem: 20673
Val:  [    70/?]  eta: ?  loss: 0.0196 (0.0239)  time: 0.2708  data: 0.0719  max mem: 20673
Val:  [    80/?]  eta: ?  loss: 0.0130 (0.0237)  time: 0.2637  data: 0.0648  max mem: 20673
Val:  [    90/?]  eta: ?  loss: 0.0182 (0.0240)  time: 0.2567  data: 0.0577  max mem: 20673
Val:  [   100/?]  eta: ?  loss: 0.0151 (0.0233)  time: 0.2547  data: 0.0558  max mem: 20673
Val:  [   110/?]  eta: ?  loss: 0.0164 (0.0231)  time: 0.2583  data: 0.0593  max mem: 20673
Val:  [   120/?]  eta: ?  loss: 0.0160 (0.0224)  time: 0.2620  data: 0.0630  max mem: 20673
Val:  [   130/?]  eta: ?  loss: 0.0132 (0.0220)  time: 0.2486  data: 0.0496  max mem: 20673
Val:  [   140/?]  eta: ?  loss: 0.0130 (0.0219)  time: 0.2351  data: 0.0361  max mem: 20673
Val:  [   150/?]  eta: ?  loss: 0.0117 (0.0217)  time: 0.2432  data: 0.0441  max mem: 20673
Val:  [   160/?]  eta: ?  loss: 0.0177 (0.0223)  time: 0.2549  data: 0.0560  max mem: 20673
Val:  [   170/?]  eta: ?  loss: 0.0177 (0.0221)  time: 0.2518  data: 0.0529  max mem: 20673
Val:  [   180/?]  eta: ?  loss: 0.0141 (0.0216)  time: 0.2704  data: 0.0715  max mem: 20673
Val:  [   190/?]  eta: ?  loss: 0.0117 (0.0217)  time: 0.2836  data: 0.0846  max mem: 20673
Val:  [   200/?]  eta: ?  loss: 0.0132 (0.0213)  time: 0.2701  data: 0.0712  max mem: 20673
Val:  [   210/?]  eta: ?  loss: 0.0135 (0.0226)  time: 0.2675  data: 0.0687  max mem: 20673
Val:  [   220/?]  eta: ?  loss: 0.0161 (0.0223)  time: 0.2764  data: 0.0776  max mem: 20673
Val:  [   230/?]  eta: ?  loss: 0.0168 (0.0225)  time: 0.2839  data: 0.0850  max mem: 20673
Val:  [   240/?]  eta: ?  loss: 0.0197 (0.0231)  time: 0.2865  data: 0.0876  max mem: 20673
Val:  [   250/?]  eta: ?  loss: 0.0184 (0.0232)  time: 0.2775  data: 0.0786  max mem: 20673
Val:  [   260/?]  eta: ?  loss: 0.0169 (0.0239)  time: 0.2695  data: 0.0706  max mem: 20673
Val:  [   270/?]  eta: ?  loss: 0.0197 (0.0240)  time: 0.2703  data: 0.0716  max mem: 20673
Val:  [   280/?]  eta: ?  loss: 0.0176 (0.0240)  time: 0.2737  data: 0.0749  max mem: 20673
Val:  [   290/?]  eta: ?  loss: 0.0134 (0.0239)  time: 0.2654  data: 0.0665  max mem: 20673
Val:  [   300/?]  eta: ?  loss: 0.0131 (0.0241)  time: 0.2444  data: 0.0455  max mem: 20673
Val:  [   310/?]  eta: ?  loss: 0.0176 (0.0243)  time: 0.2472  data: 0.0483  max mem: 20673
Val:  [   320/?]  eta: ?  loss: 0.0231 (0.0244)  time: 0.2563  data: 0.0574  max mem: 20673
Val:  [   330/?]  eta: ?  loss: 0.0197 (0.0247)  time: 0.2530  data: 0.0541  max mem: 20673
Val:  [   340/?]  eta: ?  loss: 0.0184 (0.0245)  time: 0.2518  data: 0.0528  max mem: 20673
Val:  [   350/?]  eta: ?  loss: 0.0153 (0.0243)  time: 0.2263  data: 0.0474  max mem: 20673
Val: Total time: 0:01:33 (0.2668 s / it)
* loss 0.024
Test:  [     0/?]  eta: ?  loss: 0.0173 (0.0173)  time: 1.9516  data: 1.7535  max mem: 20673
Test:  [    10/?]  eta: ?  loss: 0.0171 (0.0195)  time: 0.3783  data: 0.1794  max mem: 20673
Test:  [    20/?]  eta: ?  loss: 0.0171 (0.0296)  time: 0.2411  data: 0.0423  max mem: 20673
Test:  [    30/?]  eta: ?  loss: 0.0248 (0.0325)  time: 0.2601  data: 0.0613  max mem: 20673
Test:  [    40/?]  eta: ?  loss: 0.0188 (0.0296)  time: 0.2626  data: 0.0637  max mem: 20673
Test:  [    50/?]  eta: ?  loss: 0.0159 (0.0270)  time: 0.2487  data: 0.0498  max mem: 20673
Test:  [    60/?]  eta: ?  loss: 0.0135 (0.0253)  time: 0.2392  data: 0.0402  max mem: 20673
Test:  [    70/?]  eta: ?  loss: 0.0135 (0.0234)  time: 0.2515  data: 0.0526  max mem: 20673
Test:  [    80/?]  eta: ?  loss: 0.0148 (0.0226)  time: 0.2719  data: 0.0730  max mem: 20673
Test:  [    90/?]  eta: ?  loss: 0.0159 (0.0224)  time: 0.2629  data: 0.0640  max mem: 20673
Test:  [   100/?]  eta: ?  loss: 0.0151 (0.0220)  time: 0.2579  data: 0.0590  max mem: 20673
Test:  [   110/?]  eta: ?  loss: 0.0129 (0.0212)  time: 0.2685  data: 0.0696  max mem: 20673
Test:  [   120/?]  eta: ?  loss: 0.0167 (0.0211)  time: 0.2615  data: 0.0626  max mem: 20673
Test:  [   130/?]  eta: ?  loss: 0.0172 (0.0210)  time: 0.2469  data: 0.0479  max mem: 20673
Test:  [   140/?]  eta: ?  loss: 0.0210 (0.0213)  time: 0.2434  data: 0.0444  max mem: 20673
Test:  [   150/?]  eta: ?  loss: 0.0157 (0.0211)  time: 0.2483  data: 0.0493  max mem: 20673
Test:  [   160/?]  eta: ?  loss: 0.0155 (0.0215)  time: 0.2474  data: 0.0483  max mem: 20673
Test:  [   170/?]  eta: ?  loss: 0.0164 (0.0222)  time: 0.2505  data: 0.0514  max mem: 20673
Test:  [   180/?]  eta: ?  loss: 0.0163 (0.0221)  time: 0.2536  data: 0.0546  max mem: 20673
Test:  [   190/?]  eta: ?  loss: 0.0171 (0.0220)  time: 0.2532  data: 0.0542  max mem: 20673
Test:  [   200/?]  eta: ?  loss: 0.0139 (0.0218)  time: 0.2620  data: 0.0629  max mem: 20673
Test:  [   210/?]  eta: ?  loss: 0.0114 (0.0216)  time: 0.2578  data: 0.0588  max mem: 20673
Test:  [   220/?]  eta: ?  loss: 0.0107 (0.0211)  time: 0.2465  data: 0.0475  max mem: 20673
Test:  [   230/?]  eta: ?  loss: 0.0140 (0.0216)  time: 0.2461  data: 0.0471  max mem: 20673
Test:  [   240/?]  eta: ?  loss: 0.0186 (0.0216)  time: 0.2433  data: 0.0442  max mem: 20673
Test:  [   250/?]  eta: ?  loss: 0.0172 (0.0218)  time: 0.2484  data: 0.0493  max mem: 20673
Test:  [   260/?]  eta: ?  loss: 0.0172 (0.0226)  time: 0.2398  data: 0.0406  max mem: 20673
Test:  [   270/?]  eta: ?  loss: 0.0260 (0.0227)  time: 0.2261  data: 0.0270  max mem: 20673
Test:  [   280/?]  eta: ?  loss: 0.0182 (0.0225)  time: 0.2390  data: 0.0399  max mem: 20673
Test:  [   290/?]  eta: ?  loss: 0.0147 (0.0224)  time: 0.2600  data: 0.0609  max mem: 20673
Test:  [   300/?]  eta: ?  loss: 0.0144 (0.0225)  time: 0.2624  data: 0.0633  max mem: 20673
Test:  [   310/?]  eta: ?  loss: 0.0164 (0.0224)  time: 0.2544  data: 0.0554  max mem: 20673
Test:  [   320/?]  eta: ?  loss: 0.0204 (0.0228)  time: 0.2446  data: 0.0456  max mem: 20673
Test:  [   330/?]  eta: ?  loss: 0.0184 (0.0226)  time: 0.2666  data: 0.0677  max mem: 20673
Test:  [   340/?]  eta: ?  loss: 0.0157 (0.0226)  time: 0.2644  data: 0.0654  max mem: 20673
Test: Total time: 0:01:28 (0.2544 s / it)
* loss 0.023
  → Epoch  38/50 | Train Loss: 0.0011 | Val Loss: 0.0243 | Train score (1/(1+norm_MAE)): 0.9809 | Val MAE (years): 1.9807 | LR: 0.000000
Best val MAE (years): 1.8980, test MAE at best val: 1.8206
  Test segment MAE: 1.9084 | participant median MAE: 1.6861 | participant mean MAE: 1.6682
Epoch: [38]  [     0/?]  eta: ?  lr: 0.000091  min_lr: 0.000000  loss: 0.0009 (0.0009)  class_acc: 0.9796 (0.9796)  loss_scale: 4611686018427387904.0000 (4611686018427387904.0000)  weight_decay: 0.0500 (0.0500)  grad_norm: 1.0049 (1.0049)  time: 7.6410  data: 7.1342  max mem: 20673
Epoch: [38]  [   500/?]  eta: ?  lr: 0.000091  min_lr: 0.000000  loss: 0.0008 (0.0010)  class_acc: 0.9814 (0.9814)  loss_scale: 4611686018427387904.0000 (4611686018427387904.0000)  weight_decay: 0.0500 (0.0500)  grad_norm: 0.6249 (0.9881)  time: 0.5048  data: 0.0002  max mem: 20673
Epoch: [38]  [  1000/?]  eta: ?  lr: 0.000091  min_lr: 0.000000  loss: 0.0010 (0.0010)  class_acc: 0.9812 (0.9814)  loss_scale: 4611686018427387904.0000 (4611686018427387904.0000)  weight_decay: 0.0500 (0.0500)  grad_norm: 0.6176 (1.0023)  time: 0.5066  data: 0.0002  max mem: 20673
Epoch: [38]  [  1500/?]  eta: ?  lr: 0.000091  min_lr: 0.000000  loss: 0.0008 (0.0010)  class_acc: 0.9825 (0.9814)  loss_scale: 9223372036854775808.0000 (5293760832611851264.0000)  weight_decay: 0.0500 (0.0500)  grad_norm: 0.6014 (1.0455)  time: 0.5053  data: 0.0002  max mem: 20673
Epoch: [38]  [  2000/?]  eta: ?  lr: 0.000091  min_lr: 0.000000  loss: 0.0010 (0.0010)  class_acc: 0.9810 (0.9814)  loss_scale: 9223372036854775808.0000 (6275672677750013952.0000)  weight_decay: 0.0500 (0.0500)  grad_norm: 0.7100 (1.1260)  time: 0.5061  data: 0.0003  max mem: 20673
Epoch: [38] Total time: 0:20:43 (0.5095 s / it)
Val:  [     0/?]  eta: ?  loss: 0.0457 (0.0457)  time: 2.2827  data: 2.0844  max mem: 20673
Val:  [    10/?]  eta: ?  loss: 0.0228 (0.0238)  time: 0.4402  data: 0.2412  max mem: 20673
Val:  [    20/?]  eta: ?  loss: 0.0223 (0.0238)  time: 0.2627  data: 0.0637  max mem: 20673
Val:  [    30/?]  eta: ?  loss: 0.0190 (0.0223)  time: 0.2554  data: 0.0564  max mem: 20673
Val:  [    40/?]  eta: ?  loss: 0.0152 (0.0250)  time: 0.2623  data: 0.0633  max mem: 20673
Val:  [    50/?]  eta: ?  loss: 0.0136 (0.0251)  time: 0.2702  data: 0.0712  max mem: 20673
Val:  [    60/?]  eta: ?  loss: 0.0173 (0.0249)  time: 0.2690  data: 0.0701  max mem: 20673
Val:  [    70/?]  eta: ?  loss: 0.0157 (0.0236)  time: 0.2676  data: 0.0687  max mem: 20673
Val:  [    80/?]  eta: ?  loss: 0.0129 (0.0235)  time: 0.2604  data: 0.0614  max mem: 20673
Val:  [    90/?]  eta: ?  loss: 0.0170 (0.0239)  time: 0.2537  data: 0.0548  max mem: 20673
Val:  [   100/?]  eta: ?  loss: 0.0140 (0.0232)  time: 0.2548  data: 0.0560  max mem: 20673
Val:  [   110/?]  eta: ?  loss: 0.0156 (0.0230)  time: 0.2577  data: 0.0589  max mem: 20673
Val:  [   120/?]  eta: ?  loss: 0.0180 (0.0224)  time: 0.2570  data: 0.0581  max mem: 20673
Val:  [   130/?]  eta: ?  loss: 0.0122 (0.0220)  time: 0.2469  data: 0.0481  max mem: 20673
Val:  [   140/?]  eta: ?  loss: 0.0118 (0.0216)  time: 0.2399  data: 0.0411  max mem: 20673
Val:  [   150/?]  eta: ?  loss: 0.0116 (0.0213)  time: 0.2442  data: 0.0453  max mem: 20673
Val:  [   160/?]  eta: ?  loss: 0.0180 (0.0219)  time: 0.2443  data: 0.0453  max mem: 20673
Val:  [   170/?]  eta: ?  loss: 0.0189 (0.0218)  time: 0.2420  data: 0.0430  max mem: 20673
Val:  [   180/?]  eta: ?  loss: 0.0137 (0.0213)  time: 0.2593  data: 0.0603  max mem: 20673
Val:  [   190/?]  eta: ?  loss: 0.0109 (0.0213)  time: 0.2690  data: 0.0701  max mem: 20673
Val:  [   200/?]  eta: ?  loss: 0.0141 (0.0209)  time: 0.2650  data: 0.0661  max mem: 20673
Val:  [   210/?]  eta: ?  loss: 0.0153 (0.0223)  time: 0.2662  data: 0.0674  max mem: 20673
Val:  [   220/?]  eta: ?  loss: 0.0165 (0.0220)  time: 0.2695  data: 0.0706  max mem: 20673
Val:  [   230/?]  eta: ?  loss: 0.0169 (0.0222)  time: 0.2723  data: 0.0735  max mem: 20673
Val:  [   240/?]  eta: ?  loss: 0.0207 (0.0229)  time: 0.2815  data: 0.0828  max mem: 20673
Val:  [   250/?]  eta: ?  loss: 0.0185 (0.0230)  time: 0.2785  data: 0.0797  max mem: 20673
Val:  [   260/?]  eta: ?  loss: 0.0142 (0.0236)  time: 0.2619  data: 0.0630  max mem: 20673
Val:  [   270/?]  eta: ?  loss: 0.0187 (0.0237)  time: 0.2603  data: 0.0615  max mem: 20673
Val:  [   280/?]  eta: ?  loss: 0.0186 (0.0237)  time: 0.2724  data: 0.0736  max mem: 20673
Val:  [   290/?]  eta: ?  loss: 0.0155 (0.0237)  time: 0.2638  data: 0.0650  max mem: 20673
Val:  [   300/?]  eta: ?  loss: 0.0118 (0.0239)  time: 0.2412  data: 0.0423  max mem: 20673
Val:  [   310/?]  eta: ?  loss: 0.0169 (0.0240)  time: 0.2446  data: 0.0457  max mem: 20673
Val:  [   320/?]  eta: ?  loss: 0.0226 (0.0241)  time: 0.2489  data: 0.0500  max mem: 20673
Val:  [   330/?]  eta: ?  loss: 0.0203 (0.0244)  time: 0.2472  data: 0.0483  max mem: 20673
Val:  [   340/?]  eta: ?  loss: 0.0172 (0.0243)  time: 0.2563  data: 0.0575  max mem: 20673
Val:  [   350/?]  eta: ?  loss: 0.0152 (0.0241)  time: 0.2327  data: 0.0539  max mem: 20673
Val: Total time: 0:01:32 (0.2624 s / it)
* loss 0.024
Test:  [     0/?]  eta: ?  loss: 0.0165 (0.0165)  time: 2.0325  data: 1.8346  max mem: 20673
Test:  [    10/?]  eta: ?  loss: 0.0165 (0.0191)  time: 0.3905  data: 0.1919  max mem: 20673
Test:  [    20/?]  eta: ?  loss: 0.0173 (0.0290)  time: 0.2333  data: 0.0346  max mem: 20673
Test:  [    30/?]  eta: ?  loss: 0.0183 (0.0312)  time: 0.2525  data: 0.0537  max mem: 20673
Test:  [    40/?]  eta: ?  loss: 0.0183 (0.0286)  time: 0.2653  data: 0.0666  max mem: 20673
Test:  [    50/?]  eta: ?  loss: 0.0140 (0.0263)  time: 0.2512  data: 0.0524  max mem: 20673
Test:  [    60/?]  eta: ?  loss: 0.0137 (0.0248)  time: 0.2377  data: 0.0389  max mem: 20673
Test:  [    70/?]  eta: ?  loss: 0.0157 (0.0231)  time: 0.2366  data: 0.0378  max mem: 20673
Test:  [    80/?]  eta: ?  loss: 0.0157 (0.0223)  time: 0.2550  data: 0.0562  max mem: 20673
Test:  [    90/?]  eta: ?  loss: 0.0162 (0.0221)  time: 0.2564  data: 0.0576  max mem: 20673
Test:  [   100/?]  eta: ?  loss: 0.0149 (0.0219)  time: 0.2536  data: 0.0547  max mem: 20673
Test:  [   110/?]  eta: ?  loss: 0.0149 (0.0211)  time: 0.2644  data: 0.0655  max mem: 20673
Test:  [   120/?]  eta: ?  loss: 0.0153 (0.0209)  time: 0.2612  data: 0.0624  max mem: 20673
Test:  [   130/?]  eta: ?  loss: 0.0177 (0.0209)  time: 0.2440  data: 0.0451  max mem: 20673
Test:  [   140/?]  eta: ?  loss: 0.0198 (0.0212)  time: 0.2435  data: 0.0446  max mem: 20673
Test:  [   150/?]  eta: ?  loss: 0.0159 (0.0208)  time: 0.2535  data: 0.0545  max mem: 20673
Test:  [   160/?]  eta: ?  loss: 0.0148 (0.0212)  time: 0.2497  data: 0.0507  max mem: 20673
Test:  [   170/?]  eta: ?  loss: 0.0184 (0.0220)  time: 0.2513  data: 0.0524  max mem: 20673
Test:  [   180/?]  eta: ?  loss: 0.0159 (0.0218)  time: 0.2530  data: 0.0542  max mem: 20673
Test:  [   190/?]  eta: ?  loss: 0.0170 (0.0218)  time: 0.2489  data: 0.0500  max mem: 20673
Test:  [   200/?]  eta: ?  loss: 0.0130 (0.0216)  time: 0.2620  data: 0.0631  max mem: 20673
Test:  [   210/?]  eta: ?  loss: 0.0105 (0.0214)  time: 0.2659  data: 0.0671  max mem: 20673
Test:  [   220/?]  eta: ?  loss: 0.0104 (0.0209)  time: 0.2537  data: 0.0549  max mem: 20673
Test:  [   230/?]  eta: ?  loss: 0.0150 (0.0214)  time: 0.2528  data: 0.0540  max mem: 20673
Test:  [   240/?]  eta: ?  loss: 0.0190 (0.0214)  time: 0.2465  data: 0.0477  max mem: 20673
Test:  [   250/?]  eta: ?  loss: 0.0190 (0.0217)  time: 0.2468  data: 0.0479  max mem: 20673
Test:  [   260/?]  eta: ?  loss: 0.0207 (0.0224)  time: 0.2430  data: 0.0440  max mem: 20673
Test:  [   270/?]  eta: ?  loss: 0.0235 (0.0225)  time: 0.2298  data: 0.0308  max mem: 20673
Test:  [   280/?]  eta: ?  loss: 0.0170 (0.0223)  time: 0.2305  data: 0.0315  max mem: 20673
Test:  [   290/?]  eta: ?  loss: 0.0158 (0.0222)  time: 0.2599  data: 0.0609  max mem: 20673
Test:  [   300/?]  eta: ?  loss: 0.0140 (0.0223)  time: 0.2621  data: 0.0632  max mem: 20673
Test:  [   310/?]  eta: ?  loss: 0.0171 (0.0223)  time: 0.2524  data: 0.0534  max mem: 20673
Test:  [   320/?]  eta: ?  loss: 0.0194 (0.0227)  time: 0.2471  data: 0.0481  max mem: 20673
Test:  [   330/?]  eta: ?  loss: 0.0160 (0.0225)  time: 0.2620  data: 0.0630  max mem: 20673
Test:  [   340/?]  eta: ?  loss: 0.0158 (0.0225)  time: 0.2583  data: 0.0593  max mem: 20673
Test: Total time: 0:01:28 (0.2531 s / it)
* loss 0.023
  → Epoch  39/50 | Train Loss: 0.0010 | Val Loss: 0.0240 | Train score (1/(1+norm_MAE)): 0.9814 | Val MAE (years): 1.9741 | LR: 0.000000
Best val MAE (years): 1.8980, test MAE at best val: 1.8206
  Test segment MAE: 1.9147 | participant median MAE: 1.6966 | participant mean MAE: 1.6788
Epoch: [39]  [     0/?]  eta: ?  lr: 0.000079  min_lr: 0.000000  loss: 0.0007 (0.0007)  class_acc: 0.9818 (0.9818)  loss_scale: 9223372036854775808.0000 (9223372036854775808.0000)  weight_decay: 0.0500 (0.0500)  grad_norm: 0.3527 (0.3527)  time: 7.7882  data: 7.2496  max mem: 20673
Epoch: [39]  [   500/?]  eta: ?  lr: 0.000079  min_lr: 0.000000  loss: 0.0008 (0.0010)  class_acc: 0.9823 (0.9817)  loss_scale: 9223372036854775808.0000 (9223372036854775808.0000)  weight_decay: 0.0500 (0.0500)  grad_norm: 0.8739 (0.9897)  time: 0.4993  data: 0.0004  max mem: 20673
Epoch: [39]  [  1000/?]  eta: ?  lr: 0.000079  min_lr: 0.000000  loss: 0.0010 (0.0010)  class_acc: 0.9820 (0.9818)  loss_scale: 18446744073709551616.0000 (10716065613248856064.0000)  weight_decay: 0.0500 (0.0500)  grad_norm: 0.5786 (0.9805)  time: 0.5137  data: 0.0002  max mem: 20673
Epoch: [39]  [  1500/?]  eta: ?  lr: 0.000079  min_lr: 0.000000  loss: 0.0009 (0.0010)  class_acc: 0.9819 (0.9818)  loss_scale: 18446744073709551616.0000 (13291241649378334720.0000)  weight_decay: 0.0500 (0.0500)  grad_norm: 0.8549 (1.0123)  time: 0.5054  data: 0.0002  max mem: 20673
Epoch: [39]  [  2000/?]  eta: ?  lr: 0.000079  min_lr: 0.000000  loss: 0.0010 (0.0010)  class_acc: 0.9819 (0.9819)  loss_scale: 18446744073709551616.0000 (14579473139715969024.0000)  weight_decay: 0.0500 (0.0500)  grad_norm: 1.6766 (1.1096)  time: 0.5075  data: 0.0005  max mem: 20673
Epoch: [39] Total time: 0:20:40 (0.5085 s / it)
Val:  [     0/?]  eta: ?  loss: 0.0478 (0.0478)  time: 2.2665  data: 2.0685  max mem: 20673
Val:  [    10/?]  eta: ?  loss: 0.0236 (0.0247)  time: 0.4458  data: 0.2470  max mem: 20673
Val:  [    20/?]  eta: ?  loss: 0.0232 (0.0248)  time: 0.2598  data: 0.0608  max mem: 20673
Val:  [    30/?]  eta: ?  loss: 0.0189 (0.0228)  time: 0.2507  data: 0.0517  max mem: 20673
Val:  [    40/?]  eta: ?  loss: 0.0157 (0.0256)  time: 0.2642  data: 0.0652  max mem: 20673
Val:  [    50/?]  eta: ?  loss: 0.0133 (0.0256)  time: 0.2668  data: 0.0677  max mem: 20673
Val:  [    60/?]  eta: ?  loss: 0.0168 (0.0252)  time: 0.2602  data: 0.0612  max mem: 20673
Val:  [    70/?]  eta: ?  loss: 0.0142 (0.0239)  time: 0.2649  data: 0.0659  max mem: 20673
Val:  [    80/?]  eta: ?  loss: 0.0132 (0.0238)  time: 0.2654  data: 0.0664  max mem: 20673
Val:  [    90/?]  eta: ?  loss: 0.0171 (0.0241)  time: 0.2554  data: 0.0564  max mem: 20673
Val:  [   100/?]  eta: ?  loss: 0.0143 (0.0234)  time: 0.2509  data: 0.0518  max mem: 20673
Val:  [   110/?]  eta: ?  loss: 0.0164 (0.0232)  time: 0.2534  data: 0.0545  max mem: 20673
Val:  [   120/?]  eta: ?  loss: 0.0171 (0.0225)  time: 0.2562  data: 0.0573  max mem: 20673
Val:  [   130/?]  eta: ?  loss: 0.0123 (0.0220)  time: 0.2451  data: 0.0462  max mem: 20673
Val:  [   140/?]  eta: ?  loss: 0.0124 (0.0217)  time: 0.2338  data: 0.0349  max mem: 20673
Val:  [   150/?]  eta: ?  loss: 0.0118 (0.0214)  time: 0.2355  data: 0.0367  max mem: 20673
Val:  [   160/?]  eta: ?  loss: 0.0163 (0.0220)  time: 0.2398  data: 0.0409  max mem: 20673
Val:  [   170/?]  eta: ?  loss: 0.0180 (0.0218)  time: 0.2435  data: 0.0445  max mem: 20673
Val:  [   180/?]  eta: ?  loss: 0.0146 (0.0213)  time: 0.2569  data: 0.0580  max mem: 20673
Val:  [   190/?]  eta: ?  loss: 0.0117 (0.0214)  time: 0.2664  data: 0.0675  max mem: 20673
Val:  [   200/?]  eta: ?  loss: 0.0132 (0.0210)  time: 0.2563  data: 0.0575  max mem: 20673
Val:  [   210/?]  eta: ?  loss: 0.0149 (0.0225)  time: 0.2526  data: 0.0537  max mem: 20673
Val:  [   220/?]  eta: ?  loss: 0.0171 (0.0221)  time: 0.2564  data: 0.0575  max mem: 20673
Val:  [   230/?]  eta: ?  loss: 0.0168 (0.0223)  time: 0.2622  data: 0.0634  max mem: 20673
Val:  [   240/?]  eta: ?  loss: 0.0204 (0.0229)  time: 0.2691  data: 0.0704  max mem: 20673
Val:  [   250/?]  eta: ?  loss: 0.0189 (0.0230)  time: 0.2637  data: 0.0649  max mem: 20673
Val:  [   260/?]  eta: ?  loss: 0.0140 (0.0236)  time: 0.2556  data: 0.0568  max mem: 20673
Val:  [   270/?]  eta: ?  loss: 0.0166 (0.0237)  time: 0.2493  data: 0.0505  max mem: 20673
Val:  [   280/?]  eta: ?  loss: 0.0164 (0.0237)  time: 0.2567  data: 0.0579  max mem: 20673
Val:  [   290/?]  eta: ?  loss: 0.0150 (0.0237)  time: 0.2524  data: 0.0534  max mem: 20673
Val:  [   300/?]  eta: ?  loss: 0.0120 (0.0239)  time: 0.2317  data: 0.0328  max mem: 20673
Val:  [   310/?]  eta: ?  loss: 0.0152 (0.0241)  time: 0.2319  data: 0.0331  max mem: 20673
Val:  [   320/?]  eta: ?  loss: 0.0220 (0.0242)  time: 0.2363  data: 0.0375  max mem: 20673
Val:  [   330/?]  eta: ?  loss: 0.0220 (0.0244)  time: 0.2364  data: 0.0375  max mem: 20673
Val:  [   340/?]  eta: ?  loss: 0.0173 (0.0244)  time: 0.2447  data: 0.0458  max mem: 20673
Val:  [   350/?]  eta: ?  loss: 0.0156 (0.0242)  time: 0.2275  data: 0.0487  max mem: 20673
Val: Total time: 0:01:30 (0.2561 s / it)
* loss 0.024
Test:  [     0/?]  eta: ?  loss: 0.0156 (0.0156)  time: 2.0920  data: 1.8942  max mem: 20673
Test:  [    10/?]  eta: ?  loss: 0.0156 (0.0182)  time: 0.3918  data: 0.1932  max mem: 20673
Test:  [    20/?]  eta: ?  loss: 0.0182 (0.0289)  time: 0.2328  data: 0.0341  max mem: 20673
Test:  [    30/?]  eta: ?  loss: 0.0256 (0.0321)  time: 0.2530  data: 0.0542  max mem: 20673
Test:  [    40/?]  eta: ?  loss: 0.0195 (0.0291)  time: 0.2633  data: 0.0645  max mem: 20673
Test:  [    50/?]  eta: ?  loss: 0.0150 (0.0265)  time: 0.2474  data: 0.0486  max mem: 20673
Test:  [    60/?]  eta: ?  loss: 0.0145 (0.0249)  time: 0.2486  data: 0.0498  max mem: 20673
Test:  [    70/?]  eta: ?  loss: 0.0145 (0.0233)  time: 0.2565  data: 0.0578  max mem: 20673
Test:  [    80/?]  eta: ?  loss: 0.0145 (0.0226)  time: 0.2589  data: 0.0601  max mem: 20673
Test:  [    90/?]  eta: ?  loss: 0.0169 (0.0224)  time: 0.2448  data: 0.0459  max mem: 20673
Test:  [   100/?]  eta: ?  loss: 0.0172 (0.0221)  time: 0.2442  data: 0.0453  max mem: 20673
Test:  [   110/?]  eta: ?  loss: 0.0150 (0.0213)  time: 0.2663  data: 0.0676  max mem: 20673
Test:  [   120/?]  eta: ?  loss: 0.0153 (0.0211)  time: 0.2697  data: 0.0709  max mem: 20673
Test:  [   130/?]  eta: ?  loss: 0.0178 (0.0211)  time: 0.2547  data: 0.0559  max mem: 20673
Test:  [   140/?]  eta: ?  loss: 0.0213 (0.0215)  time: 0.2485  data: 0.0496  max mem: 20673
Test:  [   150/?]  eta: ?  loss: 0.0150 (0.0212)  time: 0.2525  data: 0.0536  max mem: 20673
Test:  [   160/?]  eta: ?  loss: 0.0131 (0.0216)  time: 0.2465  data: 0.0477  max mem: 20673
Test:  [   170/?]  eta: ?  loss: 0.0194 (0.0224)  time: 0.2467  data: 0.0478  max mem: 20673
Test:  [   180/?]  eta: ?  loss: 0.0166 (0.0222)  time: 0.2500  data: 0.0511  max mem: 20673
Test:  [   190/?]  eta: ?  loss: 0.0166 (0.0221)  time: 0.2614  data: 0.0625  max mem: 20673
Test:  [   200/?]  eta: ?  loss: 0.0122 (0.0219)  time: 0.2763  data: 0.0774  max mem: 20673
Test:  [   210/?]  eta: ?  loss: 0.0112 (0.0216)  time: 0.2656  data: 0.0668  max mem: 20673
Test:  [   220/?]  eta: ?  loss: 0.0105 (0.0212)  time: 0.2517  data: 0.0529  max mem: 20673
Test:  [   230/?]  eta: ?  loss: 0.0154 (0.0217)  time: 0.2523  data: 0.0536  max mem: 20673
Test:  [   240/?]  eta: ?  loss: 0.0198 (0.0217)  time: 0.2441  data: 0.0452  max mem: 20673
Test:  [   250/?]  eta: ?  loss: 0.0168 (0.0219)  time: 0.2475  data: 0.0485  max mem: 20673
Test:  [   260/?]  eta: ?  loss: 0.0174 (0.0227)  time: 0.2437  data: 0.0449  max mem: 20673
Test:  [   270/?]  eta: ?  loss: 0.0235 (0.0228)  time: 0.2218  data: 0.0230  max mem: 20673
Test:  [   280/?]  eta: ?  loss: 0.0171 (0.0225)  time: 0.2281  data: 0.0292  max mem: 20673
Test:  [   290/?]  eta: ?  loss: 0.0148 (0.0225)  time: 0.2570  data: 0.0582  max mem: 20673
Test:  [   300/?]  eta: ?  loss: 0.0148 (0.0226)  time: 0.2584  data: 0.0596  max mem: 20673
Test:  [   310/?]  eta: ?  loss: 0.0167 (0.0225)  time: 0.2581  data: 0.0593  max mem: 20673
Test:  [   320/?]  eta: ?  loss: 0.0186 (0.0229)  time: 0.2525  data: 0.0536  max mem: 20673
Test:  [   330/?]  eta: ?  loss: 0.0145 (0.0227)  time: 0.2606  data: 0.0617  max mem: 20673
Test:  [   340/?]  eta: ?  loss: 0.0140 (0.0227)  time: 0.2577  data: 0.0587  max mem: 20673
Test: Total time: 0:01:28 (0.2544 s / it)
* loss 0.023

============================================================
Counting samples by task type...
============================================================

============================================================
Evaluating on active tasks (20,949 samples)...
============================================================
Active Test:  [     0/?]  eta: ?  loss: 0.1140 (0.1140)  time: 2.7091  data: 2.6691  max mem: 20673
Active Test:  [    10/?]  eta: ?  loss: 0.0151 (0.0331)  time: 0.2781  data: 0.2466  max mem: 20673
Active Test:  [    20/?]  eta: ?  loss: 0.0145 (0.0264)  time: 0.0353  data: 0.0049  max mem: 20673
Active Test:  [    30/?]  eta: ?  loss: 0.0202 (0.0294)  time: 0.0362  data: 0.0058  max mem: 20673
Active Test:  [    40/?]  eta: ?  loss: 0.0179 (0.0270)  time: 0.0365  data: 0.0060  max mem: 20673
Active Test:  [    50/?]  eta: ?  loss: 0.0100 (0.0240)  time: 0.0372  data: 0.0068  max mem: 20673
Active Test:  [    60/?]  eta: ?  loss: 0.0100 (0.0237)  time: 0.0371  data: 0.0066  max mem: 20673
Active Test:  [    70/?]  eta: ?  loss: 0.0220 (0.0260)  time: 0.0384  data: 0.0080  max mem: 20673
Active Test:  [    80/?]  eta: ?  loss: 0.0217 (0.0260)  time: 0.0402  data: 0.0099  max mem: 20673
Active Test:  [    90/?]  eta: ?  loss: 0.0169 (0.0252)  time: 0.0409  data: 0.0107  max mem: 20673
Active Test:  [   100/?]  eta: ?  loss: 0.0136 (0.0244)  time: 0.0382  data: 0.0079  max mem: 20673
Active Test:  [   110/?]  eta: ?  loss: 0.0077 (0.0230)  time: 0.0375  data: 0.0072  max mem: 20673
Active Test:  [   120/?]  eta: ?  loss: 0.0117 (0.0225)  time: 0.0407  data: 0.0103  max mem: 20673
Active Test:  [   130/?]  eta: ?  loss: 0.0151 (0.0224)  time: 0.0412  data: 0.0109  max mem: 20673
Active Test:  [   140/?]  eta: ?  loss: 0.0146 (0.0222)  time: 0.0380  data: 0.0077  max mem: 20673
Active Test:  [   150/?]  eta: ?  loss: 0.0093 (0.0215)  time: 0.0400  data: 0.0098  max mem: 20673
Active Test:  [   160/?]  eta: ?  loss: 0.0092 (0.0212)  time: 0.0430  data: 0.0128  max mem: 20673
Active Test:  [   170/?]  eta: ?  loss: 0.0138 (0.0211)  time: 0.0435  data: 0.0133  max mem: 20673
Active Test:  [   180/?]  eta: ?  loss: 0.0159 (0.0215)  time: 0.0497  data: 0.0194  max mem: 20673
Active Test:  [   190/?]  eta: ?  loss: 0.0175 (0.0228)  time: 0.0526  data: 0.0223  max mem: 20673
Active Test:  [   200/?]  eta: ?  loss: 0.0143 (0.0253)  time: 0.0493  data: 0.0189  max mem: 20673
Active Test:  [   210/?]  eta: ?  loss: 0.0085 (0.0246)  time: 0.0463  data: 0.0160  max mem: 20673
Active Test:  [   220/?]  eta: ?  loss: 0.0066 (0.0244)  time: 0.0470  data: 0.0168  max mem: 20673
Active Test:  [   230/?]  eta: ?  loss: 0.0137 (0.0241)  time: 0.0506  data: 0.0204  max mem: 20673
Active Test:  [   240/?]  eta: ?  loss: 0.0155 (0.0240)  time: 0.0506  data: 0.0203  max mem: 20673
Active Test:  [   250/?]  eta: ?  loss: 0.0155 (0.0240)  time: 0.0503  data: 0.0199  max mem: 20673
Active Test:  [   260/?]  eta: ?  loss: 0.0132 (0.0245)  time: 0.0487  data: 0.0185  max mem: 20673
Active Test:  [   270/?]  eta: ?  loss: 0.0144 (0.0242)  time: 0.0474  data: 0.0171  max mem: 20673
Active Test:  [   280/?]  eta: ?  loss: 0.0148 (0.0243)  time: 0.0477  data: 0.0174  max mem: 20673
Active Test:  [   290/?]  eta: ?  loss: 0.0156 (0.0241)  time: 0.0481  data: 0.0178  max mem: 20673
Active Test:  [   300/?]  eta: ?  loss: 0.0148 (0.0240)  time: 0.0483  data: 0.0181  max mem: 20673
Active Test:  [   310/?]  eta: ?  loss: 0.0148 (0.0238)  time: 0.0481  data: 0.0178  max mem: 20673
Active Test:  [   320/?]  eta: ?  loss: 0.0198 (0.0242)  time: 0.0482  data: 0.0180  max mem: 20673
Active Test: Total time: 0:00:17 (0.0528 s / it)
* loss 0.024

============================================================
Evaluating on passive tasks (113,222 samples)...
============================================================
Passive Test:  [     0/?]  eta: ?  loss: 0.0137 (0.0137)  time: 0.9601  data: 0.9269  max mem: 20673
Passive Test:  [    10/?]  eta: ?  loss: 0.0531 (0.0856)  time: 0.1331  data: 0.1020  max mem: 20673
Passive Test:  [    20/?]  eta: ?  loss: 0.0784 (0.0995)  time: 0.0440  data: 0.0133  max mem: 20673
Passive Test:  [    30/?]  eta: ?  loss: 0.0784 (0.0939)  time: 0.0396  data: 0.0091  max mem: 20673
Passive Test:  [    40/?]  eta: ?  loss: 0.0330 (0.0767)  time: 0.0395  data: 0.0091  max mem: 20673
Passive Test:  [    50/?]  eta: ?  loss: 0.0183 (0.0653)  time: 0.0397  data: 0.0092  max mem: 20673
Passive Test:  [    60/?]  eta: ?  loss: 0.0129 (0.0564)  time: 0.0417  data: 0.0113  max mem: 20673
Passive Test:  [    70/?]  eta: ?  loss: 0.0117 (0.0502)  time: 0.0440  data: 0.0137  max mem: 20673
Passive Test:  [    80/?]  eta: ?  loss: 0.0106 (0.0456)  time: 0.0449  data: 0.0146  max mem: 20673
Passive Test:  [    90/?]  eta: ?  loss: 0.0097 (0.0419)  time: 0.0442  data: 0.0139  max mem: 20673
Passive Test:  [   100/?]  eta: ?  loss: 0.0147 (0.0422)  time: 0.0426  data: 0.0122  max mem: 20673
Passive Test:  [   110/?]  eta: ?  loss: 0.0425 (0.0433)  time: 0.0428  data: 0.0125  max mem: 20673
Passive Test:  [   120/?]  eta: ?  loss: 0.0327 (0.0424)  time: 0.0440  data: 0.0138  max mem: 20673
Passive Test:  [   130/?]  eta: ?  loss: 0.0247 (0.0411)  time: 0.0435  data: 0.0131  max mem: 20673
Passive Test:  [   140/?]  eta: ?  loss: 0.0104 (0.0391)  time: 0.0412  data: 0.0106  max mem: 20673
Passive Test:  [   150/?]  eta: ?  loss: 0.0104 (0.0374)  time: 0.0433  data: 0.0127  max mem: 20673
Passive Test:  [   160/?]  eta: ?  loss: 0.0102 (0.0359)  time: 0.0464  data: 0.0158  max mem: 20673
Passive Test:  [   170/?]  eta: ?  loss: 0.0092 (0.0344)  time: 0.0481  data: 0.0177  max mem: 20673
Passive Test:  [   180/?]  eta: ?  loss: 0.0091 (0.0332)  time: 0.0473  data: 0.0171  max mem: 20673
Passive Test:  [   190/?]  eta: ?  loss: 0.0094 (0.0323)  time: 0.0428  data: 0.0125  max mem: 20673
Passive Test:  [   200/?]  eta: ?  loss: 0.0074 (0.0314)  time: 0.0393  data: 0.0089  max mem: 20673
Passive Test:  [   210/?]  eta: ?  loss: 0.0071 (0.0305)  time: 0.0377  data: 0.0073  max mem: 20673
Passive Test:  [   220/?]  eta: ?  loss: 0.0128 (0.0301)  time: 0.0412  data: 0.0109  max mem: 20673
Passive Test:  [   230/?]  eta: ?  loss: 0.0183 (0.0297)  time: 0.0449  data: 0.0146  max mem: 20673
Passive Test:  [   240/?]  eta: ?  loss: 0.0173 (0.0294)  time: 0.0439  data: 0.0136  max mem: 20673
Passive Test:  [   250/?]  eta: ?  loss: 0.0168 (0.0290)  time: 0.0440  data: 0.0137  max mem: 20673
Passive Test:  [   260/?]  eta: ?  loss: 0.0155 (0.0291)  time: 0.0453  data: 0.0150  max mem: 20673
Passive Test:  [   270/?]  eta: ?  loss: 0.0166 (0.0291)  time: 0.0453  data: 0.0150  max mem: 20673
Passive Test:  [   280/?]  eta: ?  loss: 0.0229 (0.0294)  time: 0.0439  data: 0.0136  max mem: 20673
Passive Test:  [   290/?]  eta: ?  loss: 0.0212 (0.0292)  time: 0.0432  data: 0.0130  max mem: 20673
Passive Test:  [   300/?]  eta: ?  loss: 0.0164 (0.0288)  time: 0.0429  data: 0.0127  max mem: 20673
Passive Test:  [   310/?]  eta: ?  loss: 0.0130 (0.0283)  time: 0.0410  data: 0.0108  max mem: 20673
Passive Test:  [   320/?]  eta: ?  loss: 0.0070 (0.0278)  time: 0.0412  data: 0.0110  max mem: 20673
Passive Test:  [   330/?]  eta: ?  loss: 0.0074 (0.0275)  time: 0.0426  data: 0.0124  max mem: 20673
Passive Test:  [   340/?]  eta: ?  loss: 0.0098 (0.0273)  time: 0.0437  data: 0.0134  max mem: 20673
Passive Test:  [   350/?]  eta: ?  loss: 0.0066 (0.0270)  time: 0.0444  data: 0.0141  max mem: 20673
Passive Test:  [   360/?]  eta: ?  loss: 0.0066 (0.0266)  time: 0.0438  data: 0.0135  max mem: 20673
Passive Test:  [   370/?]  eta: ?  loss: 0.0045 (0.0260)  time: 0.0446  data: 0.0142  max mem: 20673
Passive Test:  [   380/?]  eta: ?  loss: 0.0058 (0.0256)  time: 0.0463  data: 0.0160  max mem: 20673
Passive Test:  [   390/?]  eta: ?  loss: 0.0113 (0.0255)  time: 0.0463  data: 0.0161  max mem: 20673
Passive Test:  [   400/?]  eta: ?  loss: 0.0169 (0.0254)  time: 0.0470  data: 0.0166  max mem: 20673
Passive Test:  [   410/?]  eta: ?  loss: 0.0205 (0.0256)  time: 0.0467  data: 0.0162  max mem: 20673
Passive Test:  [   420/?]  eta: ?  loss: 0.0182 (0.0254)  time: 0.0442  data: 0.0136  max mem: 20673
Passive Test:  [   430/?]  eta: ?  loss: 0.0165 (0.0252)  time: 0.0427  data: 0.0121  max mem: 20673
Passive Test:  [   440/?]  eta: ?  loss: 0.0144 (0.0250)  time: 0.0408  data: 0.0103  max mem: 20673
Passive Test:  [   450/?]  eta: ?  loss: 0.0163 (0.0249)  time: 0.0403  data: 0.0098  max mem: 20673
Passive Test:  [   460/?]  eta: ?  loss: 0.0162 (0.0246)  time: 0.0405  data: 0.0100  max mem: 20673
Passive Test:  [   470/?]  eta: ?  loss: 0.0126 (0.0245)  time: 0.0445  data: 0.0141  max mem: 20673
Passive Test:  [   480/?]  eta: ?  loss: 0.0094 (0.0245)  time: 0.0474  data: 0.0170  max mem: 20673
Passive Test:  [   490/?]  eta: ?  loss: 0.0135 (0.0245)  time: 0.0478  data: 0.0175  max mem: 20673
Passive Test:  [   500/?]  eta: ?  loss: 0.0135 (0.0246)  time: 0.0489  data: 0.0185  max mem: 20673
Passive Test:  [   510/?]  eta: ?  loss: 0.0119 (0.0246)  time: 0.0475  data: 0.0172  max mem: 20673
Passive Test:  [   520/?]  eta: ?  loss: 0.0089 (0.0243)  time: 0.0462  data: 0.0158  max mem: 20673
Passive Test:  [   530/?]  eta: ?  loss: 0.0098 (0.0241)  time: 0.0488  data: 0.0184  max mem: 20673
Passive Test:  [   540/?]  eta: ?  loss: 0.0107 (0.0238)  time: 0.0491  data: 0.0186  max mem: 20673
Passive Test:  [   550/?]  eta: ?  loss: 0.0072 (0.0235)  time: 0.0434  data: 0.0129  max mem: 20673
Passive Test:  [   560/?]  eta: ?  loss: 0.0055 (0.0232)  time: 0.0416  data: 0.0113  max mem: 20673
Passive Test:  [   570/?]  eta: ?  loss: 0.0062 (0.0229)  time: 0.0417  data: 0.0115  max mem: 20673
Passive Test:  [   580/?]  eta: ?  loss: 0.0062 (0.0226)  time: 0.0448  data: 0.0145  max mem: 20673
Passive Test:  [   590/?]  eta: ?  loss: 0.0081 (0.0224)  time: 0.0432  data: 0.0128  max mem: 20673
Passive Test:  [   600/?]  eta: ?  loss: 0.0081 (0.0222)  time: 0.0419  data: 0.0115  max mem: 20673
Passive Test:  [   610/?]  eta: ?  loss: 0.0078 (0.0220)  time: 0.0436  data: 0.0132  max mem: 20673
Passive Test:  [   620/?]  eta: ?  loss: 0.0091 (0.0219)  time: 0.0429  data: 0.0125  max mem: 20673
Passive Test:  [   630/?]  eta: ?  loss: 0.0103 (0.0217)  time: 0.0418  data: 0.0113  max mem: 20673
Passive Test:  [   640/?]  eta: ?  loss: 0.0115 (0.0216)  time: 0.0408  data: 0.0104  max mem: 20673
Passive Test:  [   650/?]  eta: ?  loss: 0.0158 (0.0216)  time: 0.0435  data: 0.0131  max mem: 20673
Passive Test:  [   660/?]  eta: ?  loss: 0.0230 (0.0216)  time: 0.0433  data: 0.0129  max mem: 20673
Passive Test:  [   670/?]  eta: ?  loss: 0.0202 (0.0215)  time: 0.0417  data: 0.0112  max mem: 20673
Passive Test:  [   680/?]  eta: ?  loss: 0.0128 (0.0215)  time: 0.0412  data: 0.0108  max mem: 20673
Passive Test:  [   690/?]  eta: ?  loss: 0.0139 (0.0215)  time: 0.0442  data: 0.0139  max mem: 20673
Passive Test:  [   700/?]  eta: ?  loss: 0.0184 (0.0216)  time: 0.0495  data: 0.0191  max mem: 20673
Passive Test:  [   710/?]  eta: ?  loss: 0.0184 (0.0215)  time: 0.0474  data: 0.0170  max mem: 20673
Passive Test:  [   720/?]  eta: ?  loss: 0.0116 (0.0214)  time: 0.0441  data: 0.0136  max mem: 20673
Passive Test:  [   730/?]  eta: ?  loss: 0.0131 (0.0214)  time: 0.0393  data: 0.0089  max mem: 20673
Passive Test:  [   740/?]  eta: ?  loss: 0.0168 (0.0214)  time: 0.0398  data: 0.0094  max mem: 20673
Passive Test:  [   750/?]  eta: ?  loss: 0.0199 (0.0214)  time: 0.0428  data: 0.0125  max mem: 20673
Passive Test:  [   760/?]  eta: ?  loss: 0.0222 (0.0216)  time: 0.0473  data: 0.0169  max mem: 20673
Passive Test:  [   770/?]  eta: ?  loss: 0.0256 (0.0216)  time: 0.0472  data: 0.0169  max mem: 20673
Passive Test:  [   780/?]  eta: ?  loss: 0.0106 (0.0215)  time: 0.0469  data: 0.0166  max mem: 20673
Passive Test:  [   790/?]  eta: ?  loss: 0.0106 (0.0216)  time: 0.0475  data: 0.0171  max mem: 20673
Passive Test:  [   800/?]  eta: ?  loss: 0.0156 (0.0217)  time: 0.0460  data: 0.0156  max mem: 20673
Passive Test:  [   810/?]  eta: ?  loss: 0.0244 (0.0223)  time: 0.0454  data: 0.0151  max mem: 20673
Passive Test:  [   820/?]  eta: ?  loss: 0.0261 (0.0227)  time: 0.0436  data: 0.0131  max mem: 20673
Passive Test:  [   830/?]  eta: ?  loss: 0.0201 (0.0230)  time: 0.0435  data: 0.0131  max mem: 20673
Passive Test:  [   840/?]  eta: ?  loss: 0.0188 (0.0231)  time: 0.0453  data: 0.0150  max mem: 20673
Passive Test:  [   850/?]  eta: ?  loss: 0.0112 (0.0231)  time: 0.0453  data: 0.0149  max mem: 20673
Passive Test:  [   860/?]  eta: ?  loss: 0.0114 (0.0232)  time: 0.0475  data: 0.0171  max mem: 20673
Passive Test:  [   870/?]  eta: ?  loss: 0.0283 (0.0235)  time: 0.0491  data: 0.0187  max mem: 20673
Passive Test:  [   880/?]  eta: ?  loss: 0.0211 (0.0234)  time: 0.0469  data: 0.0166  max mem: 20673
Passive Test:  [   890/?]  eta: ?  loss: 0.0211 (0.0236)  time: 0.0451  data: 0.0148  max mem: 20673
Passive Test:  [   900/?]  eta: ?  loss: 0.0195 (0.0235)  time: 0.0425  data: 0.0122  max mem: 20673
Passive Test:  [   910/?]  eta: ?  loss: 0.0102 (0.0234)  time: 0.0462  data: 0.0158  max mem: 20673
Passive Test:  [   920/?]  eta: ?  loss: 0.0110 (0.0233)  time: 0.0444  data: 0.0139  max mem: 20673
Passive Test:  [   930/?]  eta: ?  loss: 0.0110 (0.0232)  time: 0.0457  data: 0.0153  max mem: 20673
Passive Test:  [   940/?]  eta: ?  loss: 0.0106 (0.0232)  time: 0.0468  data: 0.0164  max mem: 20673
Passive Test:  [   950/?]  eta: ?  loss: 0.0165 (0.0236)  time: 0.0449  data: 0.0145  max mem: 20673
Passive Test:  [   960/?]  eta: ?  loss: 0.0165 (0.0235)  time: 0.0450  data: 0.0147  max mem: 20673
Passive Test:  [   970/?]  eta: ?  loss: 0.0116 (0.0235)  time: 0.0460  data: 0.0156  max mem: 20673
Passive Test:  [   980/?]  eta: ?  loss: 0.0212 (0.0235)  time: 0.0464  data: 0.0161  max mem: 20673
Passive Test:  [   990/?]  eta: ?  loss: 0.0114 (0.0233)  time: 0.0457  data: 0.0154  max mem: 20673
Passive Test:  [  1000/?]  eta: ?  loss: 0.0087 (0.0232)  time: 0.0448  data: 0.0144  max mem: 20673
Passive Test:  [  1010/?]  eta: ?  loss: 0.0133 (0.0231)  time: 0.0459  data: 0.0155  max mem: 20673
Passive Test:  [  1020/?]  eta: ?  loss: 0.0133 (0.0231)  time: 0.0462  data: 0.0158  max mem: 20673
Passive Test:  [  1030/?]  eta: ?  loss: 0.0206 (0.0233)  time: 0.0448  data: 0.0143  max mem: 20673
Passive Test:  [  1040/?]  eta: ?  loss: 0.0631 (0.0240)  time: 0.0429  data: 0.0123  max mem: 20673
Passive Test:  [  1050/?]  eta: ?  loss: 0.0388 (0.0239)  time: 0.0416  data: 0.0110  max mem: 20673
Passive Test:  [  1060/?]  eta: ?  loss: 0.0137 (0.0239)  time: 0.0406  data: 0.0101  max mem: 20673
Passive Test:  [  1070/?]  eta: ?  loss: 0.0137 (0.0239)  time: 0.0417  data: 0.0112  max mem: 20673
Passive Test:  [  1080/?]  eta: ?  loss: 0.0206 (0.0241)  time: 0.0459  data: 0.0154  max mem: 20673
Passive Test:  [  1090/?]  eta: ?  loss: 0.0283 (0.0243)  time: 0.0468  data: 0.0163  max mem: 20673
Passive Test:  [  1100/?]  eta: ?  loss: 0.0232 (0.0243)  time: 0.0453  data: 0.0148  max mem: 20673
Passive Test:  [  1110/?]  eta: ?  loss: 0.0260 (0.0244)  time: 0.0455  data: 0.0149  max mem: 20673
Passive Test:  [  1120/?]  eta: ?  loss: 0.0234 (0.0244)  time: 0.0454  data: 0.0148  max mem: 20673
Passive Test:  [  1130/?]  eta: ?  loss: 0.0054 (0.0242)  time: 0.0474  data: 0.0168  max mem: 20673
Passive Test:  [  1140/?]  eta: ?  loss: 0.0054 (0.0243)  time: 0.0483  data: 0.0177  max mem: 20673
Passive Test:  [  1150/?]  eta: ?  loss: 0.0153 (0.0243)  time: 0.0479  data: 0.0174  max mem: 20673
Passive Test:  [  1160/?]  eta: ?  loss: 0.0098 (0.0243)  time: 0.0495  data: 0.0191  max mem: 20673
Passive Test:  [  1170/?]  eta: ?  loss: 0.0241 (0.0246)  time: 0.0493  data: 0.0189  max mem: 20673
Passive Test:  [  1180/?]  eta: ?  loss: 0.0514 (0.0248)  time: 0.0477  data: 0.0173  max mem: 20673
Passive Test:  [  1190/?]  eta: ?  loss: 0.0144 (0.0248)  time: 0.0453  data: 0.0149  max mem: 20673
Passive Test:  [  1200/?]  eta: ?  loss: 0.0056 (0.0247)  time: 0.0486  data: 0.0182  max mem: 20673
Passive Test:  [  1210/?]  eta: ?  loss: 0.0085 (0.0248)  time: 0.0507  data: 0.0203  max mem: 20673
Passive Test:  [  1220/?]  eta: ?  loss: 0.0150 (0.0251)  time: 0.0543  data: 0.0240  max mem: 20673
Passive Test:  [  1230/?]  eta: ?  loss: 0.0099 (0.0250)  time: 0.0536  data: 0.0232  max mem: 20673
Passive Test:  [  1240/?]  eta: ?  loss: 0.0096 (0.0249)  time: 0.0544  data: 0.0240  max mem: 20673
Passive Test:  [  1250/?]  eta: ?  loss: 0.0111 (0.0248)  time: 0.0526  data: 0.0222  max mem: 20673
Passive Test:  [  1260/?]  eta: ?  loss: 0.0130 (0.0248)  time: 0.0500  data: 0.0197  max mem: 20673
Passive Test:  [  1270/?]  eta: ?  loss: 0.0172 (0.0247)  time: 0.0508  data: 0.0204  max mem: 20673
Passive Test:  [  1280/?]  eta: ?  loss: 0.0090 (0.0247)  time: 0.0507  data: 0.0203  max mem: 20673
Passive Test:  [  1290/?]  eta: ?  loss: 0.0090 (0.0247)  time: 0.0510  data: 0.0206  max mem: 20673
Passive Test:  [  1300/?]  eta: ?  loss: 0.0207 (0.0247)  time: 0.0524  data: 0.0219  max mem: 20673
Passive Test:  [  1310/?]  eta: ?  loss: 0.0104 (0.0246)  time: 0.0523  data: 0.0219  max mem: 20673
Passive Test:  [  1320/?]  eta: ?  loss: 0.0130 (0.0246)  time: 0.0503  data: 0.0199  max mem: 20673
Passive Test:  [  1330/?]  eta: ?  loss: 0.0138 (0.0245)  time: 0.0472  data: 0.0168  max mem: 20673
Passive Test:  [  1340/?]  eta: ?  loss: 0.0080 (0.0244)  time: 0.0460  data: 0.0156  max mem: 20673
Passive Test:  [  1350/?]  eta: ?  loss: 0.0080 (0.0243)  time: 0.0467  data: 0.0163  max mem: 20673
Passive Test:  [  1360/?]  eta: ?  loss: 0.0126 (0.0243)  time: 0.0414  data: 0.0108  max mem: 20673
Passive Test:  [  1370/?]  eta: ?  loss: 0.0131 (0.0242)  time: 0.0400  data: 0.0094  max mem: 20673
Passive Test:  [  1380/?]  eta: ?  loss: 0.0138 (0.0242)  time: 0.0435  data: 0.0130  max mem: 20673
Passive Test:  [  1390/?]  eta: ?  loss: 0.0104 (0.0242)  time: 0.0438  data: 0.0133  max mem: 20673
Passive Test:  [  1400/?]  eta: ?  loss: 0.0104 (0.0241)  time: 0.0417  data: 0.0113  max mem: 20673
Passive Test:  [  1410/?]  eta: ?  loss: 0.0163 (0.0242)  time: 0.0457  data: 0.0154  max mem: 20673
Passive Test:  [  1420/?]  eta: ?  loss: 0.0163 (0.0244)  time: 0.0438  data: 0.0135  max mem: 20673
Passive Test:  [  1430/?]  eta: ?  loss: 0.0106 (0.0246)  time: 0.0441  data: 0.0137  max mem: 20673
Passive Test:  [  1440/?]  eta: ?  loss: 0.0066 (0.0246)  time: 0.0447  data: 0.0143  max mem: 20673
Passive Test:  [  1450/?]  eta: ?  loss: 0.0093 (0.0246)  time: 0.0425  data: 0.0121  max mem: 20673
Passive Test:  [  1460/?]  eta: ?  loss: 0.0180 (0.0248)  time: 0.0451  data: 0.0146  max mem: 20673
Passive Test:  [  1470/?]  eta: ?  loss: 0.0179 (0.0251)  time: 0.0460  data: 0.0156  max mem: 20673
Passive Test:  [  1480/?]  eta: ?  loss: 0.0075 (0.0250)  time: 0.0438  data: 0.0134  max mem: 20673
Passive Test:  [  1490/?]  eta: ?  loss: 0.0044 (0.0249)  time: 0.0443  data: 0.0138  max mem: 20673
Passive Test:  [  1500/?]  eta: ?  loss: 0.0062 (0.0248)  time: 0.0460  data: 0.0155  max mem: 20673
Passive Test:  [  1510/?]  eta: ?  loss: 0.0084 (0.0247)  time: 0.0471  data: 0.0165  max mem: 20673
Passive Test:  [  1520/?]  eta: ?  loss: 0.0086 (0.0247)  time: 0.0462  data: 0.0156  max mem: 20673
Passive Test:  [  1530/?]  eta: ?  loss: 0.0109 (0.0246)  time: 0.0458  data: 0.0153  max mem: 20673
Passive Test:  [  1540/?]  eta: ?  loss: 0.0095 (0.0245)  time: 0.0462  data: 0.0157  max mem: 20673
Passive Test:  [  1550/?]  eta: ?  loss: 0.0087 (0.0245)  time: 0.0477  data: 0.0171  max mem: 20673
Passive Test:  [  1560/?]  eta: ?  loss: 0.0098 (0.0245)  time: 0.0470  data: 0.0164  max mem: 20673
Passive Test:  [  1570/?]  eta: ?  loss: 0.0185 (0.0245)  time: 0.0444  data: 0.0139  max mem: 20673
Passive Test:  [  1580/?]  eta: ?  loss: 0.0195 (0.0246)  time: 0.0423  data: 0.0118  max mem: 20673
Passive Test:  [  1590/?]  eta: ?  loss: 0.0091 (0.0246)  time: 0.0403  data: 0.0097  max mem: 20673
Passive Test:  [  1600/?]  eta: ?  loss: 0.0066 (0.0245)  time: 0.0409  data: 0.0102  max mem: 20673
Passive Test:  [  1610/?]  eta: ?  loss: 0.0096 (0.0245)  time: 0.0404  data: 0.0099  max mem: 20673
Passive Test:  [  1620/?]  eta: ?  loss: 0.0179 (0.0246)  time: 0.0460  data: 0.0155  max mem: 20673
Passive Test:  [  1630/?]  eta: ?  loss: 0.0169 (0.0247)  time: 0.0488  data: 0.0183  max mem: 20673
Passive Test:  [  1640/?]  eta: ?  loss: 0.0148 (0.0246)  time: 0.0507  data: 0.0202  max mem: 20673
Passive Test:  [  1650/?]  eta: ?  loss: 0.0139 (0.0245)  time: 0.0486  data: 0.0181  max mem: 20673
Passive Test:  [  1660/?]  eta: ?  loss: 0.0080 (0.0245)  time: 0.0450  data: 0.0146  max mem: 20673
Passive Test:  [  1670/?]  eta: ?  loss: 0.0046 (0.0245)  time: 0.0445  data: 0.0140  max mem: 20673
Passive Test:  [  1680/?]  eta: ?  loss: 0.0048 (0.0244)  time: 0.0435  data: 0.0129  max mem: 20673
Passive Test:  [  1690/?]  eta: ?  loss: 0.0085 (0.0244)  time: 0.0443  data: 0.0138  max mem: 20673
Passive Test:  [  1700/?]  eta: ?  loss: 0.0125 (0.0243)  time: 0.0443  data: 0.0138  max mem: 20673
Passive Test:  [  1710/?]  eta: ?  loss: 0.0118 (0.0243)  time: 0.0422  data: 0.0118  max mem: 20673
Passive Test:  [  1720/?]  eta: ?  loss: 0.0125 (0.0243)  time: 0.0419  data: 0.0115  max mem: 20673
Passive Test:  [  1730/?]  eta: ?  loss: 0.0131 (0.0242)  time: 0.0462  data: 0.0157  max mem: 20673
Passive Test:  [  1740/?]  eta: ?  loss: 0.0131 (0.0241)  time: 0.0449  data: 0.0144  max mem: 20673
Passive Test:  [  1750/?]  eta: ?  loss: 0.0104 (0.0241)  time: 0.0441  data: 0.0136  max mem: 20673
Passive Test:  [  1760/?]  eta: ?  loss: 0.0177 (0.0242)  time: 0.0455  data: 0.0149  max mem: 20673
Passive Test: Total time: 0:01:20 (0.0457 s / it)
* loss 0.024
  ACTIVE Test MAE (years): 1.9720 (n=20,949)
  PASSIVE Test MAE (years): 1.9781 (n=113,222)
  → Epoch  40/50 | Train Loss: 0.0010 | Val Loss: 0.0241 | Train score (1/(1+norm_MAE)): 0.9819 | Val MAE (years): 1.9780 | LR: 0.000000
Best val MAE (years): 1.8980, test MAE at best val: 1.8206
  Test segment MAE: 1.9251 | participant median MAE: 1.7239 | participant mean MAE: 1.7070
Epoch: [40]  [     0/?]  eta: ?  lr: 0.000067  min_lr: 0.000000  loss: 0.0005 (0.0005)  class_acc: 0.9840 (0.9840)  loss_scale: 18446744073709551616.0000 (18446744073709551616.0000)  weight_decay: 0.0500 (0.0500)  grad_norm: 0.3525 (0.3525)  time: 3.7987  data: 3.2883  max mem: 20673
Epoch: [40]  [   500/?]  eta: ?  lr: 0.000067  min_lr: 0.000000  loss: 0.0008 (0.0010)  class_acc: 0.9825 (0.9821)  loss_scale: 36893488147419103232.0000 (22202368615662395392.0000)  weight_decay: 0.0500 (0.0500)  grad_norm: 0.6193 (1.1133)  time: 0.4989  data: 0.0002  max mem: 20673
Epoch: [40]  [  1000/?]  eta: ?  lr: 0.000067  min_lr: 0.000000  loss: 0.0008 (0.0009)  class_acc: 0.9825 (0.9822)  loss_scale: 36893488147419103232.0000 (29540590159996416000.0000)  weight_decay: 0.0500 (0.0500)  grad_norm: 0.5891 (1.1070)  time: 0.5059  data: 0.0002  max mem: 20673
Epoch: [40]  [  1500/?]  eta: ?  lr: 0.000067  min_lr: 0.000000  loss: 0.0007 (0.0009)  class_acc: 0.9832 (0.9822)  loss_scale: 36893488147419103232.0000 (31989923267065929728.0000)  weight_decay: 0.0500 (0.0500)  grad_norm: 0.6816 (1.1341)  time: 0.5066  data: 0.0002  max mem: 20673
Epoch: [40]  [  2000/?]  eta: ?  lr: 0.000067  min_lr: 0.000000  loss: 0.0009 (0.0010)  class_acc: 0.9822 (0.9822)  loss_scale: 36893488147419103232.0000 (33215201847863824384.0000)  weight_decay: 0.0500 (0.0500)  grad_norm: 0.7538 (1.2386)  time: 0.5065  data: 0.0003  max mem: 20673
Epoch: [40] Total time: 0:20:33 (0.5054 s / it)
Val:  [     0/?]  eta: ?  loss: 0.0486 (0.0486)  time: 2.7509  data: 2.5527  max mem: 20673
Val:  [    10/?]  eta: ?  loss: 0.0268 (0.0259)  time: 0.4744  data: 0.2754  max mem: 20673
Val:  [    20/?]  eta: ?  loss: 0.0224 (0.0250)  time: 0.2315  data: 0.0324  max mem: 20673
Val:  [    30/?]  eta: ?  loss: 0.0183 (0.0233)  time: 0.2238  data: 0.0247  max mem: 20673
Val:  [    40/?]  eta: ?  loss: 0.0172 (0.0261)  time: 0.2592  data: 0.0600  max mem: 20673
Val:  [    50/?]  eta: ?  loss: 0.0139 (0.0260)  time: 0.2794  data: 0.0803  max mem: 20673
Val:  [    60/?]  eta: ?  loss: 0.0184 (0.0256)  time: 0.2799  data: 0.0809  max mem: 20673
Val:  [    70/?]  eta: ?  loss: 0.0184 (0.0244)  time: 0.2720  data: 0.0730  max mem: 20673
Val:  [    80/?]  eta: ?  loss: 0.0129 (0.0242)  time: 0.2601  data: 0.0611  max mem: 20673
Val:  [    90/?]  eta: ?  loss: 0.0191 (0.0246)  time: 0.2543  data: 0.0553  max mem: 20673
Val:  [   100/?]  eta: ?  loss: 0.0141 (0.0239)  time: 0.2533  data: 0.0543  max mem: 20673
Val:  [   110/?]  eta: ?  loss: 0.0165 (0.0236)  time: 0.2537  data: 0.0547  max mem: 20673
Val:  [   120/?]  eta: ?  loss: 0.0157 (0.0228)  time: 0.2545  data: 0.0555  max mem: 20673
Val:  [   130/?]  eta: ?  loss: 0.0133 (0.0224)  time: 0.2441  data: 0.0452  max mem: 20673
Val:  [   140/?]  eta: ?  loss: 0.0127 (0.0223)  time: 0.2369  data: 0.0379  max mem: 20673
Val:  [   150/?]  eta: ?  loss: 0.0117 (0.0220)  time: 0.2404  data: 0.0415  max mem: 20673
Val:  [   160/?]  eta: ?  loss: 0.0181 (0.0226)  time: 0.2422  data: 0.0432  max mem: 20673
Val:  [   170/?]  eta: ?  loss: 0.0186 (0.0224)  time: 0.2420  data: 0.0429  max mem: 20673
Val:  [   180/?]  eta: ?  loss: 0.0144 (0.0219)  time: 0.2576  data: 0.0586  max mem: 20673
Val:  [   190/?]  eta: ?  loss: 0.0117 (0.0219)  time: 0.2676  data: 0.0686  max mem: 20673
Val:  [   200/?]  eta: ?  loss: 0.0133 (0.0215)  time: 0.2585  data: 0.0595  max mem: 20673
Val:  [   210/?]  eta: ?  loss: 0.0133 (0.0229)  time: 0.2621  data: 0.0630  max mem: 20673
Val:  [   220/?]  eta: ?  loss: 0.0147 (0.0225)  time: 0.2723  data: 0.0734  max mem: 20673
Val:  [   230/?]  eta: ?  loss: 0.0161 (0.0227)  time: 0.2764  data: 0.0775  max mem: 20673
Val:  [   240/?]  eta: ?  loss: 0.0205 (0.0233)  time: 0.2785  data: 0.0797  max mem: 20673
Val:  [   250/?]  eta: ?  loss: 0.0180 (0.0234)  time: 0.2713  data: 0.0723  max mem: 20673
Val:  [   260/?]  eta: ?  loss: 0.0180 (0.0240)  time: 0.2525  data: 0.0534  max mem: 20673
Val:  [   270/?]  eta: ?  loss: 0.0174 (0.0242)  time: 0.2489  data: 0.0499  max mem: 20673
Val:  [   280/?]  eta: ?  loss: 0.0173 (0.0241)  time: 0.2664  data: 0.0675  max mem: 20673
Val:  [   290/?]  eta: ?  loss: 0.0162 (0.0241)  time: 0.2469  data: 0.0478  max mem: 20673
Val:  [   300/?]  eta: ?  loss: 0.0151 (0.0244)  time: 0.2289  data: 0.0299  max mem: 20673
Val:  [   310/?]  eta: ?  loss: 0.0180 (0.0245)  time: 0.2458  data: 0.0468  max mem: 20673
Val:  [   320/?]  eta: ?  loss: 0.0221 (0.0246)  time: 0.2521  data: 0.0530  max mem: 20673
Val:  [   330/?]  eta: ?  loss: 0.0214 (0.0248)  time: 0.2568  data: 0.0578  max mem: 20673
Val:  [   340/?]  eta: ?  loss: 0.0174 (0.0248)  time: 0.2640  data: 0.0651  max mem: 20673
Val:  [   350/?]  eta: ?  loss: 0.0153 (0.0245)  time: 0.2325  data: 0.0536  max mem: 20673
Val: Total time: 0:01:31 (0.2604 s / it)
* loss 0.024
Test:  [     0/?]  eta: ?  loss: 0.0155 (0.0155)  time: 2.2035  data: 2.0057  max mem: 20673
Test:  [    10/?]  eta: ?  loss: 0.0157 (0.0191)  time: 0.4293  data: 0.2306  max mem: 20673
Test:  [    20/?]  eta: ?  loss: 0.0192 (0.0290)  time: 0.2601  data: 0.0612  max mem: 20673
Test:  [    30/?]  eta: ?  loss: 0.0266 (0.0319)  time: 0.2603  data: 0.0613  max mem: 20673
Test:  [    40/?]  eta: ?  loss: 0.0201 (0.0292)  time: 0.2399  data: 0.0409  max mem: 20673
Test:  [    50/?]  eta: ?  loss: 0.0159 (0.0267)  time: 0.2416  data: 0.0427  max mem: 20673
Test:  [    60/?]  eta: ?  loss: 0.0144 (0.0251)  time: 0.2648  data: 0.0659  max mem: 20673
Test:  [    70/?]  eta: ?  loss: 0.0145 (0.0234)  time: 0.2659  data: 0.0670  max mem: 20673
Test:  [    80/?]  eta: ?  loss: 0.0154 (0.0227)  time: 0.2686  data: 0.0696  max mem: 20673
Test:  [    90/?]  eta: ?  loss: 0.0174 (0.0226)  time: 0.2593  data: 0.0603  max mem: 20673
Test:  [   100/?]  eta: ?  loss: 0.0149 (0.0222)  time: 0.2495  data: 0.0505  max mem: 20673
Test:  [   110/?]  eta: ?  loss: 0.0137 (0.0214)  time: 0.2438  data: 0.0448  max mem: 20673
Test:  [   120/?]  eta: ?  loss: 0.0173 (0.0213)  time: 0.2468  data: 0.0479  max mem: 20673
Test:  [   130/?]  eta: ?  loss: 0.0173 (0.0213)  time: 0.2503  data: 0.0514  max mem: 20673
Test:  [   140/?]  eta: ?  loss: 0.0214 (0.0217)  time: 0.2475  data: 0.0485  max mem: 20673
Test:  [   150/?]  eta: ?  loss: 0.0159 (0.0215)  time: 0.2502  data: 0.0512  max mem: 20673
Test:  [   160/?]  eta: ?  loss: 0.0151 (0.0219)  time: 0.2501  data: 0.0511  max mem: 20673
Test:  [   170/?]  eta: ?  loss: 0.0180 (0.0227)  time: 0.2535  data: 0.0545  max mem: 20673
Test:  [   180/?]  eta: ?  loss: 0.0164 (0.0225)  time: 0.2593  data: 0.0603  max mem: 20673
Test:  [   190/?]  eta: ?  loss: 0.0164 (0.0225)  time: 0.2602  data: 0.0612  max mem: 20673
Test:  [   200/?]  eta: ?  loss: 0.0131 (0.0223)  time: 0.2765  data: 0.0775  max mem: 20673
Test:  [   210/?]  eta: ?  loss: 0.0116 (0.0220)  time: 0.2807  data: 0.0817  max mem: 20673
Test:  [   220/?]  eta: ?  loss: 0.0116 (0.0216)  time: 0.2603  data: 0.0613  max mem: 20673
Test:  [   230/?]  eta: ?  loss: 0.0154 (0.0220)  time: 0.2596  data: 0.0606  max mem: 20673
Test:  [   240/?]  eta: ?  loss: 0.0182 (0.0220)  time: 0.2536  data: 0.0545  max mem: 20673
Test:  [   250/?]  eta: ?  loss: 0.0182 (0.0223)  time: 0.2491  data: 0.0499  max mem: 20673
Test:  [   260/?]  eta: ?  loss: 0.0184 (0.0230)  time: 0.2396  data: 0.0403  max mem: 20673
Test:  [   270/?]  eta: ?  loss: 0.0267 (0.0231)  time: 0.2161  data: 0.0167  max mem: 20673
Test:  [   280/?]  eta: ?  loss: 0.0171 (0.0228)  time: 0.2236  data: 0.0243  max mem: 20673
Test:  [   290/?]  eta: ?  loss: 0.0136 (0.0228)  time: 0.2715  data: 0.0724  max mem: 20673
Test:  [   300/?]  eta: ?  loss: 0.0151 (0.0228)  time: 0.2706  data: 0.0715  max mem: 20673
Test:  [   310/?]  eta: ?  loss: 0.0157 (0.0227)  time: 0.2499  data: 0.0507  max mem: 20673
Test:  [   320/?]  eta: ?  loss: 0.0199 (0.0232)  time: 0.2516  data: 0.0525  max mem: 20673
Test:  [   330/?]  eta: ?  loss: 0.0182 (0.0230)  time: 0.2629  data: 0.0637  max mem: 20673
Test:  [   340/?]  eta: ?  loss: 0.0167 (0.0230)  time: 0.2558  data: 0.0566  max mem: 20673
Test: Total time: 0:01:29 (0.2572 s / it)
* loss 0.023
  → Epoch  41/50 | Train Loss: 0.0010 | Val Loss: 0.0245 | Train score (1/(1+norm_MAE)): 0.9823 | Val MAE (years): 1.9876 | LR: 0.000000
Best val MAE (years): 1.8980, test MAE at best val: 1.8206
  Test segment MAE: 1.9304 | participant median MAE: 1.7055 | participant mean MAE: 1.6861
Epoch: [41]  [     0/?]  eta: ?  lr: 0.000057  min_lr: 0.000000  loss: 0.0007 (0.0007)  class_acc: 0.9836 (0.9836)  loss_scale: 73786976294838206464.0000 (73786976294838206464.0000)  weight_decay: 0.0500 (0.0500)  grad_norm: 0.3844 (0.3844)  time: 8.9134  data: 8.3949  max mem: 20673
Epoch: [41]  [   500/?]  eta: ?  lr: 0.000057  min_lr: 0.000000  loss: 0.0008 (0.0009)  class_acc: 0.9829 (0.9825)  loss_scale: 73786976294838206464.0000 (73786976294838206464.0000)  weight_decay: 0.0500 (0.0500)  grad_norm: 0.5539 (1.1267)  time: 0.5067  data: 0.0002  max mem: 20673
Epoch: [41]  [  1000/?]  eta: ?  lr: 0.000057  min_lr: 0.000000  loss: 0.0009 (0.0009)  class_acc: 0.9826 (0.9825)  loss_scale: 73786976294838206464.0000 (73786976294838206464.0000)  weight_decay: 0.0500 (0.0500)  grad_norm: 0.7380 (1.1196)  time: 0.5140  data: 0.0003  max mem: 20673
Epoch: [41]  [  1500/?]  eta: ?  lr: 0.000057  min_lr: 0.000000  loss: 0.0007 (0.0009)  class_acc: 0.9831 (0.9825)  loss_scale: 73786976294838206464.0000 (73786976294838206464.0000)  weight_decay: 0.0500 (0.0500)  grad_norm: 0.5666 (1.1198)  time: 0.5037  data: 0.0004  max mem: 20673
Epoch: [41]  [  2000/?]  eta: ?  lr: 0.000057  min_lr: 0.000000  loss: 0.0010 (0.0009)  class_acc: 0.9822 (0.9826)  loss_scale: 147573952589676412928.0000 (75335728420966744064.0000)  weight_decay: 0.0500 (0.0500)  grad_norm: 0.6651 (1.2001)  time: 0.5064  data: 0.0002  max mem: 20673
Epoch: [41] Total time: 0:20:45 (0.5103 s / it)
Val:  [     0/?]  eta: ?  loss: 0.0515 (0.0515)  time: 2.2279  data: 2.0299  max mem: 20673
Val:  [    10/?]  eta: ?  loss: 0.0240 (0.0254)  time: 0.4379  data: 0.2389  max mem: 20673
Val:  [    20/?]  eta: ?  loss: 0.0237 (0.0253)  time: 0.2617  data: 0.0626  max mem: 20673
Val:  [    30/?]  eta: ?  loss: 0.0191 (0.0232)  time: 0.2537  data: 0.0546  max mem: 20673
Val:  [    40/?]  eta: ?  loss: 0.0161 (0.0259)  time: 0.2681  data: 0.0691  max mem: 20673
Val:  [    50/?]  eta: ?  loss: 0.0143 (0.0260)  time: 0.2771  data: 0.0782  max mem: 20673
Val:  [    60/?]  eta: ?  loss: 0.0183 (0.0255)  time: 0.2645  data: 0.0657  max mem: 20673
Val:  [    70/?]  eta: ?  loss: 0.0177 (0.0242)  time: 0.2640  data: 0.0651  max mem: 20673
Val:  [    80/?]  eta: ?  loss: 0.0136 (0.0241)  time: 0.2631  data: 0.0642  max mem: 20673
Val:  [    90/?]  eta: ?  loss: 0.0175 (0.0246)  time: 0.2536  data: 0.0546  max mem: 20673
Val:  [   100/?]  eta: ?  loss: 0.0143 (0.0239)  time: 0.2503  data: 0.0514  max mem: 20673
Val:  [   110/?]  eta: ?  loss: 0.0168 (0.0236)  time: 0.2747  data: 0.0758  max mem: 20673
Val:  [   120/?]  eta: ?  loss: 0.0164 (0.0229)  time: 0.2947  data: 0.0958  max mem: 20673
Val:  [   130/?]  eta: ?  loss: 0.0127 (0.0224)  time: 0.2719  data: 0.0730  max mem: 20673
Val:  [   140/?]  eta: ?  loss: 0.0127 (0.0220)  time: 0.2572  data: 0.0583  max mem: 20673
Val:  [   150/?]  eta: ?  loss: 0.0106 (0.0217)  time: 0.2585  data: 0.0597  max mem: 20673
Val:  [   160/?]  eta: ?  loss: 0.0154 (0.0223)  time: 0.2588  data: 0.0600  max mem: 20673
Val:  [   170/?]  eta: ?  loss: 0.0185 (0.0221)  time: 0.2589  data: 0.0601  max mem: 20673
Val:  [   180/?]  eta: ?  loss: 0.0138 (0.0216)  time: 0.2694  data: 0.0705  max mem: 20673
Val:  [   190/?]  eta: ?  loss: 0.0118 (0.0216)  time: 0.2778  data: 0.0790  max mem: 20673
Val:  [   200/?]  eta: ?  loss: 0.0129 (0.0212)  time: 0.2692  data: 0.0705  max mem: 20673
Val:  [   210/?]  eta: ?  loss: 0.0151 (0.0226)  time: 0.2619  data: 0.0632  max mem: 20673
Val:  [   220/?]  eta: ?  loss: 0.0153 (0.0223)  time: 0.2603  data: 0.0615  max mem: 20673
Val:  [   230/?]  eta: ?  loss: 0.0166 (0.0225)  time: 0.2638  data: 0.0650  max mem: 20673
Val:  [   240/?]  eta: ?  loss: 0.0208 (0.0231)  time: 0.2763  data: 0.0775  max mem: 20673
Val:  [   250/?]  eta: ?  loss: 0.0185 (0.0232)  time: 0.2772  data: 0.0784  max mem: 20673
Val:  [   260/?]  eta: ?  loss: 0.0151 (0.0238)  time: 0.2613  data: 0.0625  max mem: 20673
Val:  [   270/?]  eta: ?  loss: 0.0170 (0.0240)  time: 0.2533  data: 0.0546  max mem: 20673
Val:  [   280/?]  eta: ?  loss: 0.0167 (0.0240)  time: 0.2669  data: 0.0682  max mem: 20673
Val:  [   290/?]  eta: ?  loss: 0.0154 (0.0239)  time: 0.2583  data: 0.0595  max mem: 20673
Val:  [   300/?]  eta: ?  loss: 0.0127 (0.0242)  time: 0.2367  data: 0.0380  max mem: 20673
Val:  [   310/?]  eta: ?  loss: 0.0169 (0.0244)  time: 0.2434  data: 0.0446  max mem: 20673
Val:  [   320/?]  eta: ?  loss: 0.0215 (0.0244)  time: 0.2485  data: 0.0497  max mem: 20673
Val:  [   330/?]  eta: ?  loss: 0.0215 (0.0247)  time: 0.2442  data: 0.0453  max mem: 20673
Val:  [   340/?]  eta: ?  loss: 0.0169 (0.0247)  time: 0.2487  data: 0.0499  max mem: 20673
Val:  [   350/?]  eta: ?  loss: 0.0142 (0.0244)  time: 0.2286  data: 0.0497  max mem: 20673
Val: Total time: 0:01:33 (0.2651 s / it)
* loss 0.024
Test:  [     0/?]  eta: ?  loss: 0.0151 (0.0151)  time: 2.2156  data: 2.0177  max mem: 20673
Test:  [    10/?]  eta: ?  loss: 0.0151 (0.0177)  time: 0.3962  data: 0.1975  max mem: 20673
Test:  [    20/?]  eta: ?  loss: 0.0182 (0.0282)  time: 0.2381  data: 0.0393  max mem: 20673
Test:  [    30/?]  eta: ?  loss: 0.0244 (0.0310)  time: 0.2562  data: 0.0574  max mem: 20673
Test:  [    40/?]  eta: ?  loss: 0.0198 (0.0285)  time: 0.2574  data: 0.0585  max mem: 20673
Test:  [    50/?]  eta: ?  loss: 0.0150 (0.0262)  time: 0.2566  data: 0.0577  max mem: 20673
Test:  [    60/?]  eta: ?  loss: 0.0147 (0.0246)  time: 0.2421  data: 0.0433  max mem: 20673
Test:  [    70/?]  eta: ?  loss: 0.0151 (0.0229)  time: 0.2263  data: 0.0275  max mem: 20673
Test:  [    80/?]  eta: ?  loss: 0.0152 (0.0223)  time: 0.2379  data: 0.0390  max mem: 20673
Test:  [    90/?]  eta: ?  loss: 0.0173 (0.0221)  time: 0.2487  data: 0.0499  max mem: 20673
Test:  [   100/?]  eta: ?  loss: 0.0157 (0.0217)  time: 0.2595  data: 0.0607  max mem: 20673
Test:  [   110/?]  eta: ?  loss: 0.0144 (0.0210)  time: 0.2678  data: 0.0690  max mem: 20673
Test:  [   120/?]  eta: ?  loss: 0.0156 (0.0208)  time: 0.2596  data: 0.0608  max mem: 20673
Test:  [   130/?]  eta: ?  loss: 0.0164 (0.0209)  time: 0.2478  data: 0.0488  max mem: 20673
Test:  [   140/?]  eta: ?  loss: 0.0216 (0.0213)  time: 0.2521  data: 0.0533  max mem: 20673
Test:  [   150/?]  eta: ?  loss: 0.0153 (0.0211)  time: 0.2602  data: 0.0614  max mem: 20673
Test:  [   160/?]  eta: ?  loss: 0.0137 (0.0215)  time: 0.2565  data: 0.0577  max mem: 20673
Test:  [   170/?]  eta: ?  loss: 0.0168 (0.0223)  time: 0.2586  data: 0.0597  max mem: 20673
Test:  [   180/?]  eta: ?  loss: 0.0144 (0.0221)  time: 0.2585  data: 0.0596  max mem: 20673
Test:  [   190/?]  eta: ?  loss: 0.0144 (0.0220)  time: 0.2562  data: 0.0573  max mem: 20673
Test:  [   200/?]  eta: ?  loss: 0.0132 (0.0218)  time: 0.2661  data: 0.0672  max mem: 20673
Test:  [   210/?]  eta: ?  loss: 0.0115 (0.0215)  time: 0.2663  data: 0.0674  max mem: 20673
Test:  [   220/?]  eta: ?  loss: 0.0113 (0.0211)  time: 0.2557  data: 0.0568  max mem: 20673
Test:  [   230/?]  eta: ?  loss: 0.0144 (0.0216)  time: 0.2522  data: 0.0533  max mem: 20673
Test:  [   240/?]  eta: ?  loss: 0.0187 (0.0216)  time: 0.2355  data: 0.0364  max mem: 20673
Test:  [   250/?]  eta: ?  loss: 0.0180 (0.0219)  time: 0.2338  data: 0.0347  max mem: 20673
Test:  [   260/?]  eta: ?  loss: 0.0185 (0.0226)  time: 0.2344  data: 0.0353  max mem: 20673
Test:  [   270/?]  eta: ?  loss: 0.0233 (0.0227)  time: 0.2210  data: 0.0219  max mem: 20673
Test:  [   280/?]  eta: ?  loss: 0.0183 (0.0224)  time: 0.2285  data: 0.0293  max mem: 20673
Test:  [   290/?]  eta: ?  loss: 0.0144 (0.0224)  time: 0.2563  data: 0.0573  max mem: 20673
Test:  [   300/?]  eta: ?  loss: 0.0152 (0.0225)  time: 0.2537  data: 0.0548  max mem: 20673
Test:  [   310/?]  eta: ?  loss: 0.0154 (0.0224)  time: 0.2452  data: 0.0463  max mem: 20673
Test:  [   320/?]  eta: ?  loss: 0.0210 (0.0229)  time: 0.2367  data: 0.0377  max mem: 20673
Test:  [   330/?]  eta: ?  loss: 0.0162 (0.0227)  time: 0.2469  data: 0.0479  max mem: 20673
Test:  [   340/?]  eta: ?  loss: 0.0142 (0.0227)  time: 0.2508  data: 0.0518  max mem: 20673
Test: Total time: 0:01:27 (0.2523 s / it)
* loss 0.023
  → Epoch  42/50 | Train Loss: 0.0009 | Val Loss: 0.0244 | Train score (1/(1+norm_MAE)): 0.9826 | Val MAE (years): 1.9846 | LR: 0.000000
Best val MAE (years): 1.8980, test MAE at best val: 1.8206
  Test segment MAE: 1.9259 | participant median MAE: 1.7351 | participant mean MAE: 1.7147
Epoch: [42]  [     0/?]  eta: ?  lr: 0.000047  min_lr: 0.000000  loss: 0.0006 (0.0006)  class_acc: 0.9832 (0.9832)  loss_scale: 147573952589676412928.0000 (147573952589676412928.0000)  weight_decay: 0.0500 (0.0500)  grad_norm: 0.2748 (0.2748)  time: 7.5382  data: 7.0225  max mem: 20673
Epoch: [42]  [   500/?]  eta: ?  lr: 0.000047  min_lr: 0.000000  loss: 0.0007 (0.0009)  class_acc: 0.9838 (0.9829)  loss_scale: 147573952589676412928.0000 (147573952589676412928.0000)  weight_decay: 0.0500 (0.0500)  grad_norm: 0.6822 (1.0890)  time: 0.5069  data: 0.0002  max mem: 20673
Epoch: [42]  [  1000/?]  eta: ?  lr: 0.000047  min_lr: 0.000000  loss: 0.0009 (0.0009)  class_acc: 0.9827 (0.9829)  loss_scale: 147573952589676412928.0000 (147573952589676412928.0000)  weight_decay: 0.0500 (0.0500)  grad_norm: 0.6280 (1.0701)  time: 0.5048  data: 0.0002  max mem: 20673
Epoch: [42]  [  1500/?]  eta: ?  lr: 0.000047  min_lr: 0.000000  loss: 0.0007 (0.0009)  class_acc: 0.9829 (0.9829)  loss_scale: 147573952589676412928.0000 (147573952589676412928.0000)  weight_decay: 0.0500 (0.0500)  grad_norm: 0.5563 (1.0527)  time: 0.5076  data: 0.0002  max mem: 20673
Epoch: [42]  [  2000/?]  eta: ?  lr: 0.000047  min_lr: 0.000000  loss: 0.0008 (0.0009)  class_acc: 0.9833 (0.9829)  loss_scale: 295147905179352825856.0000 (183121501389388578816.0000)  weight_decay: 0.0500 (0.0500)  grad_norm: 0.5466 (1.1387)  time: 0.5077  data: 0.0002  max mem: 20673
Epoch: [42] Total time: 0:20:42 (0.5094 s / it)
Val:  [     0/?]  eta: ?  loss: 0.0478 (0.0478)  time: 2.1533  data: 1.9552  max mem: 20673
Val:  [    10/?]  eta: ?  loss: 0.0261 (0.0254)  time: 0.4273  data: 0.2283  max mem: 20673
Val:  [    20/?]  eta: ?  loss: 0.0221 (0.0246)  time: 0.2609  data: 0.0617  max mem: 20673
Val:  [    30/?]  eta: ?  loss: 0.0204 (0.0228)  time: 0.2554  data: 0.0562  max mem: 20673
Val:  [    40/?]  eta: ?  loss: 0.0172 (0.0255)  time: 0.2625  data: 0.0634  max mem: 20673
Val:  [    50/?]  eta: ?  loss: 0.0145 (0.0255)  time: 0.2635  data: 0.0644  max mem: 20673
Val:  [    60/?]  eta: ?  loss: 0.0179 (0.0250)  time: 0.2576  data: 0.0587  max mem: 20673
Val:  [    70/?]  eta: ?  loss: 0.0154 (0.0238)  time: 0.2627  data: 0.0638  max mem: 20673
Val:  [    80/?]  eta: ?  loss: 0.0154 (0.0237)  time: 0.2610  data: 0.0620  max mem: 20673
Val:  [    90/?]  eta: ?  loss: 0.0168 (0.0242)  time: 0.2560  data: 0.0571  max mem: 20673
Val:  [   100/?]  eta: ?  loss: 0.0145 (0.0235)  time: 0.2534  data: 0.0545  max mem: 20673
Val:  [   110/?]  eta: ?  loss: 0.0153 (0.0233)  time: 0.2527  data: 0.0538  max mem: 20673
Val:  [   120/?]  eta: ?  loss: 0.0165 (0.0225)  time: 0.2547  data: 0.0558  max mem: 20673
Val:  [   130/?]  eta: ?  loss: 0.0127 (0.0221)  time: 0.2432  data: 0.0443  max mem: 20673
Val:  [   140/?]  eta: ?  loss: 0.0127 (0.0219)  time: 0.2332  data: 0.0341  max mem: 20673
Val:  [   150/?]  eta: ?  loss: 0.0110 (0.0216)  time: 0.2401  data: 0.0411  max mem: 20673
Val:  [   160/?]  eta: ?  loss: 0.0176 (0.0222)  time: 0.2459  data: 0.0470  max mem: 20673
Val:  [   170/?]  eta: ?  loss: 0.0176 (0.0220)  time: 0.2448  data: 0.0458  max mem: 20673
Val:  [   180/?]  eta: ?  loss: 0.0138 (0.0215)  time: 0.2577  data: 0.0588  max mem: 20673
Val:  [   190/?]  eta: ?  loss: 0.0123 (0.0215)  time: 0.2655  data: 0.0666  max mem: 20673
Val:  [   200/?]  eta: ?  loss: 0.0127 (0.0211)  time: 0.2583  data: 0.0594  max mem: 20673
Val:  [   210/?]  eta: ?  loss: 0.0140 (0.0225)  time: 0.2565  data: 0.0576  max mem: 20673
Val:  [   220/?]  eta: ?  loss: 0.0164 (0.0221)  time: 0.2602  data: 0.0613  max mem: 20673
Val:  [   230/?]  eta: ?  loss: 0.0159 (0.0223)  time: 0.2631  data: 0.0641  max mem: 20673
Val:  [   240/?]  eta: ?  loss: 0.0212 (0.0229)  time: 0.2680  data: 0.0691  max mem: 20673
Val:  [   250/?]  eta: ?  loss: 0.0187 (0.0230)  time: 0.2597  data: 0.0608  max mem: 20673
Val:  [   260/?]  eta: ?  loss: 0.0140 (0.0236)  time: 0.2417  data: 0.0428  max mem: 20673
Val:  [   270/?]  eta: ?  loss: 0.0175 (0.0237)  time: 0.2435  data: 0.0445  max mem: 20673
Val:  [   280/?]  eta: ?  loss: 0.0161 (0.0237)  time: 0.2576  data: 0.0586  max mem: 20673
Val:  [   290/?]  eta: ?  loss: 0.0158 (0.0237)  time: 0.2521  data: 0.0532  max mem: 20673
Val:  [   300/?]  eta: ?  loss: 0.0123 (0.0239)  time: 0.2327  data: 0.0338  max mem: 20673
Val:  [   310/?]  eta: ?  loss: 0.0165 (0.0241)  time: 0.2395  data: 0.0406  max mem: 20673
Val:  [   320/?]  eta: ?  loss: 0.0232 (0.0241)  time: 0.2485  data: 0.0495  max mem: 20673
Val:  [   330/?]  eta: ?  loss: 0.0199 (0.0244)  time: 0.2449  data: 0.0459  max mem: 20673
Val:  [   340/?]  eta: ?  loss: 0.0167 (0.0243)  time: 0.2514  data: 0.0525  max mem: 20673
Val:  [   350/?]  eta: ?  loss: 0.0149 (0.0241)  time: 0.2317  data: 0.0529  max mem: 20673
Val: Total time: 0:01:30 (0.2565 s / it)
* loss 0.024
Test:  [     0/?]  eta: ?  loss: 0.0156 (0.0156)  time: 2.0727  data: 1.8748  max mem: 20673
Test:  [    10/?]  eta: ?  loss: 0.0156 (0.0184)  time: 0.3940  data: 0.1952  max mem: 20673
Test:  [    20/?]  eta: ?  loss: 0.0185 (0.0289)  time: 0.2526  data: 0.0538  max mem: 20673
Test:  [    30/?]  eta: ?  loss: 0.0264 (0.0316)  time: 0.2634  data: 0.0645  max mem: 20673
Test:  [    40/?]  eta: ?  loss: 0.0179 (0.0288)  time: 0.2547  data: 0.0558  max mem: 20673
Test:  [    50/?]  eta: ?  loss: 0.0150 (0.0263)  time: 0.2503  data: 0.0513  max mem: 20673
Test:  [    60/?]  eta: ?  loss: 0.0141 (0.0247)  time: 0.2413  data: 0.0422  max mem: 20673
Test:  [    70/?]  eta: ?  loss: 0.0137 (0.0230)  time: 0.2478  data: 0.0488  max mem: 20673
Test:  [    80/?]  eta: ?  loss: 0.0150 (0.0223)  time: 0.2373  data: 0.0383  max mem: 20673
Test:  [    90/?]  eta: ?  loss: 0.0163 (0.0221)  time: 0.2312  data: 0.0323  max mem: 20673
Test:  [   100/?]  eta: ?  loss: 0.0170 (0.0218)  time: 0.2512  data: 0.0523  max mem: 20673
Test:  [   110/?]  eta: ?  loss: 0.0142 (0.0211)  time: 0.2585  data: 0.0595  max mem: 20673
Test:  [   120/?]  eta: ?  loss: 0.0161 (0.0209)  time: 0.2547  data: 0.0557  max mem: 20673
Test:  [   130/?]  eta: ?  loss: 0.0169 (0.0210)  time: 0.2503  data: 0.0514  max mem: 20673
Test:  [   140/?]  eta: ?  loss: 0.0214 (0.0213)  time: 0.2570  data: 0.0581  max mem: 20673
Test:  [   150/?]  eta: ?  loss: 0.0151 (0.0211)  time: 0.2563  data: 0.0573  max mem: 20673
Test:  [   160/?]  eta: ?  loss: 0.0136 (0.0214)  time: 0.2489  data: 0.0499  max mem: 20673
Test:  [   170/?]  eta: ?  loss: 0.0161 (0.0222)  time: 0.2524  data: 0.0534  max mem: 20673
Test:  [   180/?]  eta: ?  loss: 0.0144 (0.0220)  time: 0.2534  data: 0.0543  max mem: 20673
Test:  [   190/?]  eta: ?  loss: 0.0162 (0.0219)  time: 0.2473  data: 0.0483  max mem: 20673
Test:  [   200/?]  eta: ?  loss: 0.0131 (0.0217)  time: 0.2558  data: 0.0567  max mem: 20673
Test:  [   210/?]  eta: ?  loss: 0.0109 (0.0214)  time: 0.2566  data: 0.0576  max mem: 20673
Test:  [   220/?]  eta: ?  loss: 0.0109 (0.0210)  time: 0.2484  data: 0.0493  max mem: 20673
Test:  [   230/?]  eta: ?  loss: 0.0146 (0.0215)  time: 0.2481  data: 0.0490  max mem: 20673
Test:  [   240/?]  eta: ?  loss: 0.0189 (0.0215)  time: 0.2481  data: 0.0490  max mem: 20673
Test:  [   250/?]  eta: ?  loss: 0.0174 (0.0218)  time: 0.2473  data: 0.0482  max mem: 20673
Test:  [   260/?]  eta: ?  loss: 0.0179 (0.0225)  time: 0.2378  data: 0.0387  max mem: 20673
Test:  [   270/?]  eta: ?  loss: 0.0224 (0.0226)  time: 0.2461  data: 0.0471  max mem: 20673
Test:  [   280/?]  eta: ?  loss: 0.0171 (0.0223)  time: 0.2501  data: 0.0509  max mem: 20673
Test:  [   290/?]  eta: ?  loss: 0.0160 (0.0223)  time: 0.2595  data: 0.0604  max mem: 20673
Test:  [   300/?]  eta: ?  loss: 0.0143 (0.0224)  time: 0.2609  data: 0.0618  max mem: 20673
Test:  [   310/?]  eta: ?  loss: 0.0161 (0.0223)  time: 0.2614  data: 0.0622  max mem: 20673
Test:  [   320/?]  eta: ?  loss: 0.0179 (0.0227)  time: 0.2605  data: 0.0613  max mem: 20673
Test:  [   330/?]  eta: ?  loss: 0.0152 (0.0225)  time: 0.2662  data: 0.0671  max mem: 20673
Test:  [   340/?]  eta: ?  loss: 0.0130 (0.0225)  time: 0.2585  data: 0.0594  max mem: 20673
Test: Total time: 0:01:28 (0.2543 s / it)
* loss 0.023
  → Epoch  43/50 | Train Loss: 0.0009 | Val Loss: 0.0241 | Train score (1/(1+norm_MAE)): 0.9829 | Val MAE (years): 1.9738 | LR: 0.000000
Best val MAE (years): 1.8980, test MAE at best val: 1.8206
  Test segment MAE: 1.9158 | participant median MAE: 1.7088 | participant mean MAE: 1.6959
Epoch: [43]  [     0/?]  eta: ?  lr: 0.000039  min_lr: 0.000000  loss: 0.0007 (0.0007)  class_acc: 0.9840 (0.9840)  loss_scale: 295147905179352825856.0000 (295147905179352825856.0000)  weight_decay: 0.0500 (0.0500)  grad_norm: 0.4192 (0.4192)  time: 7.5264  data: 7.0186  max mem: 20673
Epoch: [43]  [   500/?]  eta: ?  lr: 0.000039  min_lr: 0.000000  loss: 0.0007 (0.0008)  class_acc: 0.9835 (0.9831)  loss_scale: 295147905179352825856.0000 (295147905179352825856.0000)  weight_decay: 0.0500 (0.0500)  grad_norm: 0.8053 (1.3982)  time: 0.5052  data: 0.0002  max mem: 20673
Epoch: [43]  [  1000/?]  eta: ?  lr: 0.000039  min_lr: 0.000000  loss: 0.0007 (0.0009)  class_acc: 0.9831 (0.9831)  loss_scale: 295147905179352825856.0000 (295147905179352825856.0000)  weight_decay: 0.0500 (0.0500)  grad_norm: 0.5291 (1.2897)  time: 0.5085  data: 0.0002  max mem: 20673
Epoch: [43]  [  1500/?]  eta: ?  lr: 0.000039  min_lr: 0.000000  loss: 0.0007 (0.0009)  class_acc: 0.9839 (0.9831)  loss_scale: 590295810358705651712.0000 (378127529420316803072.0000)  weight_decay: 0.0500 (0.0500)  grad_norm: 0.5330 (1.2012)  time: 0.5065  data: 0.0004  max mem: 20673
Epoch: [43]  [  2000/?]  eta: ?  lr: 0.000039  min_lr: 0.000000  loss: 0.0008 (0.0009)  class_acc: 0.9832 (0.9832)  loss_scale: 590295810358705651712.0000 (431143091873687339008.0000)  weight_decay: 0.0500 (0.0500)  grad_norm: 0.7680 (1.2972)  time: 0.5053  data: 0.0002  max mem: 20673
Epoch: [43] Total time: 0:20:40 (0.5085 s / it)
Val:  [     0/?]  eta: ?  loss: 0.0485 (0.0485)  time: 2.2467  data: 2.0485  max mem: 20673
Val:  [    10/?]  eta: ?  loss: 0.0256 (0.0253)  time: 0.4336  data: 0.2343  max mem: 20673
Val:  [    20/?]  eta: ?  loss: 0.0222 (0.0245)  time: 0.2567  data: 0.0576  max mem: 20673
Val:  [    30/?]  eta: ?  loss: 0.0164 (0.0226)  time: 0.2490  data: 0.0499  max mem: 20673
Val:  [    40/?]  eta: ?  loss: 0.0159 (0.0254)  time: 0.2542  data: 0.0549  max mem: 20673
Val:  [    50/?]  eta: ?  loss: 0.0139 (0.0254)  time: 0.2598  data: 0.0606  max mem: 20673
Val:  [    60/?]  eta: ?  loss: 0.0174 (0.0248)  time: 0.2536  data: 0.0545  max mem: 20673
Val:  [    70/?]  eta: ?  loss: 0.0148 (0.0236)  time: 0.2548  data: 0.0557  max mem: 20673
Val:  [    80/?]  eta: ?  loss: 0.0145 (0.0236)  time: 0.2608  data: 0.0618  max mem: 20673
Val:  [    90/?]  eta: ?  loss: 0.0150 (0.0241)  time: 0.2673  data: 0.0684  max mem: 20673
Val:  [   100/?]  eta: ?  loss: 0.0131 (0.0234)  time: 0.2519  data: 0.0529  max mem: 20673
Val:  [   110/?]  eta: ?  loss: 0.0162 (0.0232)  time: 0.2589  data: 0.0599  max mem: 20673
Val:  [   120/?]  eta: ?  loss: 0.0160 (0.0225)  time: 0.2604  data: 0.0615  max mem: 20673
Val:  [   130/?]  eta: ?  loss: 0.0126 (0.0221)  time: 0.2481  data: 0.0491  max mem: 20673
Val:  [   140/?]  eta: ?  loss: 0.0123 (0.0217)  time: 0.2381  data: 0.0390  max mem: 20673
Val:  [   150/?]  eta: ?  loss: 0.0108 (0.0215)  time: 0.2378  data: 0.0387  max mem: 20673
Val:  [   160/?]  eta: ?  loss: 0.0179 (0.0221)  time: 0.2432  data: 0.0442  max mem: 20673
Val:  [   170/?]  eta: ?  loss: 0.0197 (0.0219)  time: 0.2375  data: 0.0385  max mem: 20673
Val:  [   180/?]  eta: ?  loss: 0.0136 (0.0214)  time: 0.2519  data: 0.0530  max mem: 20673
Val:  [   190/?]  eta: ?  loss: 0.0120 (0.0214)  time: 0.2556  data: 0.0565  max mem: 20673
Val:  [   200/?]  eta: ?  loss: 0.0130 (0.0210)  time: 0.2547  data: 0.0555  max mem: 20673
Val:  [   210/?]  eta: ?  loss: 0.0138 (0.0224)  time: 0.2498  data: 0.0506  max mem: 20673
Val:  [   220/?]  eta: ?  loss: 0.0158 (0.0220)  time: 0.2519  data: 0.0527  max mem: 20673
Val:  [   230/?]  eta: ?  loss: 0.0154 (0.0222)  time: 0.2571  data: 0.0579  max mem: 20673
Val:  [   240/?]  eta: ?  loss: 0.0219 (0.0229)  time: 0.2620  data: 0.0629  max mem: 20673
Val:  [   250/?]  eta: ?  loss: 0.0196 (0.0229)  time: 0.2614  data: 0.0622  max mem: 20673
Val:  [   260/?]  eta: ?  loss: 0.0147 (0.0236)  time: 0.2526  data: 0.0535  max mem: 20673
Val:  [   270/?]  eta: ?  loss: 0.0187 (0.0237)  time: 0.2477  data: 0.0486  max mem: 20673
Val:  [   280/?]  eta: ?  loss: 0.0175 (0.0237)  time: 0.2650  data: 0.0659  max mem: 20673
Val:  [   290/?]  eta: ?  loss: 0.0159 (0.0237)  time: 0.2629  data: 0.0639  max mem: 20673
Val:  [   300/?]  eta: ?  loss: 0.0124 (0.0239)  time: 0.2406  data: 0.0416  max mem: 20673
Val:  [   310/?]  eta: ?  loss: 0.0169 (0.0241)  time: 0.2400  data: 0.0409  max mem: 20673
Val:  [   320/?]  eta: ?  loss: 0.0239 (0.0241)  time: 0.2390  data: 0.0398  max mem: 20673
Val:  [   330/?]  eta: ?  loss: 0.0210 (0.0244)  time: 0.2339  data: 0.0348  max mem: 20673
Val:  [   340/?]  eta: ?  loss: 0.0166 (0.0243)  time: 0.2408  data: 0.0416  max mem: 20673
Val:  [   350/?]  eta: ?  loss: 0.0143 (0.0241)  time: 0.2218  data: 0.0428  max mem: 20673
Val: Total time: 0:01:29 (0.2549 s / it)
* loss 0.024
Test:  [     0/?]  eta: ?  loss: 0.0146 (0.0146)  time: 2.0932  data: 1.8951  max mem: 20673
Test:  [    10/?]  eta: ?  loss: 0.0151 (0.0184)  time: 0.4038  data: 0.2049  max mem: 20673
Test:  [    20/?]  eta: ?  loss: 0.0188 (0.0293)  time: 0.2527  data: 0.0537  max mem: 20673
Test:  [    30/?]  eta: ?  loss: 0.0256 (0.0328)  time: 0.2610  data: 0.0618  max mem: 20673
Test:  [    40/?]  eta: ?  loss: 0.0203 (0.0299)  time: 0.2512  data: 0.0521  max mem: 20673
Test:  [    50/?]  eta: ?  loss: 0.0153 (0.0274)  time: 0.2467  data: 0.0477  max mem: 20673
Test:  [    60/?]  eta: ?  loss: 0.0146 (0.0256)  time: 0.2605  data: 0.0616  max mem: 20673
Test:  [    70/?]  eta: ?  loss: 0.0151 (0.0239)  time: 0.2638  data: 0.0649  max mem: 20673
Test:  [    80/?]  eta: ?  loss: 0.0150 (0.0230)  time: 0.2600  data: 0.0609  max mem: 20673
Test:  [    90/?]  eta: ?  loss: 0.0150 (0.0227)  time: 0.2497  data: 0.0506  max mem: 20673
Test:  [   100/?]  eta: ?  loss: 0.0152 (0.0224)  time: 0.2355  data: 0.0365  max mem: 20673
Test:  [   110/?]  eta: ?  loss: 0.0142 (0.0217)  time: 0.2425  data: 0.0434  max mem: 20673
Test:  [   120/?]  eta: ?  loss: 0.0166 (0.0215)  time: 0.2415  data: 0.0424  max mem: 20673
Test:  [   130/?]  eta: ?  loss: 0.0186 (0.0215)  time: 0.2337  data: 0.0346  max mem: 20673
Test:  [   140/?]  eta: ?  loss: 0.0205 (0.0218)  time: 0.2407  data: 0.0416  max mem: 20673
Test:  [   150/?]  eta: ?  loss: 0.0162 (0.0217)  time: 0.2426  data: 0.0434  max mem: 20673
Test:  [   160/?]  eta: ?  loss: 0.0156 (0.0220)  time: 0.2231  data: 0.0239  max mem: 20673
Test:  [   170/?]  eta: ?  loss: 0.0174 (0.0227)  time: 0.2283  data: 0.0291  max mem: 20673
Test:  [   180/?]  eta: ?  loss: 0.0149 (0.0225)  time: 0.2472  data: 0.0481  max mem: 20673
Test:  [   190/?]  eta: ?  loss: 0.0175 (0.0224)  time: 0.2508  data: 0.0518  max mem: 20673
Test:  [   200/?]  eta: ?  loss: 0.0129 (0.0222)  time: 0.2532  data: 0.0542  max mem: 20673
Test:  [   210/?]  eta: ?  loss: 0.0116 (0.0220)  time: 0.2494  data: 0.0504  max mem: 20673
Test:  [   220/?]  eta: ?  loss: 0.0116 (0.0215)  time: 0.2450  data: 0.0458  max mem: 20673
Test:  [   230/?]  eta: ?  loss: 0.0153 (0.0220)  time: 0.2425  data: 0.0434  max mem: 20673
Test:  [   240/?]  eta: ?  loss: 0.0188 (0.0220)  time: 0.2427  data: 0.0437  max mem: 20673
Test:  [   250/?]  eta: ?  loss: 0.0182 (0.0222)  time: 0.2430  data: 0.0440  max mem: 20673
Test:  [   260/?]  eta: ?  loss: 0.0186 (0.0229)  time: 0.2318  data: 0.0327  max mem: 20673
Test:  [   270/?]  eta: ?  loss: 0.0239 (0.0230)  time: 0.2244  data: 0.0253  max mem: 20673
Test:  [   280/?]  eta: ?  loss: 0.0177 (0.0227)  time: 0.2353  data: 0.0362  max mem: 20673
Test:  [   290/?]  eta: ?  loss: 0.0137 (0.0226)  time: 0.2578  data: 0.0587  max mem: 20673
Test:  [   300/?]  eta: ?  loss: 0.0142 (0.0227)  time: 0.2604  data: 0.0613  max mem: 20673
Test:  [   310/?]  eta: ?  loss: 0.0153 (0.0226)  time: 0.2633  data: 0.0641  max mem: 20673
Test:  [   320/?]  eta: ?  loss: 0.0191 (0.0230)  time: 0.2548  data: 0.0557  max mem: 20673
Test:  [   330/?]  eta: ?  loss: 0.0155 (0.0228)  time: 0.2669  data: 0.0678  max mem: 20673
Test:  [   340/?]  eta: ?  loss: 0.0142 (0.0228)  time: 0.2678  data: 0.0688  max mem: 20673
Test: Total time: 0:01:27 (0.2503 s / it)
* loss 0.023
  → Epoch  44/50 | Train Loss: 0.0009 | Val Loss: 0.0241 | Train score (1/(1+norm_MAE)): 0.9832 | Val MAE (years): 1.9746 | LR: 0.000000
Best val MAE (years): 1.8980, test MAE at best val: 1.8206
  Test segment MAE: 1.9244 | participant median MAE: 1.7095 | participant mean MAE: 1.6958
Epoch: [44]  [     0/?]  eta: ?  lr: 0.000031  min_lr: 0.000000  loss: 0.0008 (0.0008)  class_acc: 0.9834 (0.9834)  loss_scale: 590295810358705651712.0000 (590295810358705651712.0000)  weight_decay: 0.0500 (0.0500)  grad_norm: 0.7074 (0.7074)  time: 6.2760  data: 5.7565  max mem: 20673
Epoch: [44]  [   500/?]  eta: ?  lr: 0.000031  min_lr: 0.000000  loss: 0.0007 (0.0008)  class_acc: 0.9832 (0.9834)  loss_scale: 590295810358705651712.0000 (590295810358705651712.0000)  weight_decay: 0.0500 (0.0500)  grad_norm: 0.6259 (1.0771)  time: 0.5058  data: 0.0002  max mem: 20673
Epoch: [44]  [  1000/?]  eta: ?  lr: 0.000031  min_lr: 0.000000  loss: 0.0008 (0.0008)  class_acc: 0.9834 (0.9834)  loss_scale: 1180591620717411303424.0000 (803769420098816966656.0000)  weight_decay: 0.0500 (0.0500)  grad_norm: 0.4826 (1.0706)  time: 0.5089  data: 0.0002  max mem: 20673
Epoch: [44]  [  1500/?]  eta: ?  lr: 0.000031  min_lr: 0.000000  loss: 0.0007 (0.0008)  class_acc: 0.9840 (0.9834)  loss_scale: 1180591620717411303424.0000 (929293137826529935360.0000)  weight_decay: 0.0500 (0.0500)  grad_norm: 0.5765 (1.0895)  time: 0.5070  data: 0.0002  max mem: 20673
Epoch: [44]  [  2000/?]  eta: ?  lr: 0.000031  min_lr: 0.000000  loss: 0.0008 (0.0008)  class_acc: 0.9835 (0.9834)  loss_scale: 1180591620717411303424.0000 (992086361937194909696.0000)  weight_decay: 0.0500 (0.0500)  grad_norm: 0.7519 (1.1556)  time: 0.5114  data: 0.0002  max mem: 20673
Epoch: [44] Total time: 0:20:41 (0.5088 s / it)
Val:  [     0/?]  eta: ?  loss: 0.0494 (0.0494)  time: 2.3947  data: 2.1966  max mem: 20673
Val:  [    10/?]  eta: ?  loss: 0.0252 (0.0251)  time: 0.4701  data: 0.2712  max mem: 20673
Val:  [    20/?]  eta: ?  loss: 0.0236 (0.0249)  time: 0.2835  data: 0.0845  max mem: 20673
Val:  [    30/?]  eta: ?  loss: 0.0194 (0.0229)  time: 0.2752  data: 0.0762  max mem: 20673
Val:  [    40/?]  eta: ?  loss: 0.0162 (0.0257)  time: 0.2811  data: 0.0822  max mem: 20673
Val:  [    50/?]  eta: ?  loss: 0.0140 (0.0257)  time: 0.2762  data: 0.0773  max mem: 20673
Val:  [    60/?]  eta: ?  loss: 0.0179 (0.0252)  time: 0.2652  data: 0.0663  max mem: 20673
Val:  [    70/?]  eta: ?  loss: 0.0155 (0.0240)  time: 0.2698  data: 0.0710  max mem: 20673
Val:  [    80/?]  eta: ?  loss: 0.0142 (0.0239)  time: 0.2666  data: 0.0678  max mem: 20673
Val:  [    90/?]  eta: ?  loss: 0.0153 (0.0243)  time: 0.2608  data: 0.0620  max mem: 20673
Val:  [   100/?]  eta: ?  loss: 0.0141 (0.0236)  time: 0.2660  data: 0.0672  max mem: 20673
Val:  [   110/?]  eta: ?  loss: 0.0154 (0.0234)  time: 0.2672  data: 0.0684  max mem: 20673
Val:  [   120/?]  eta: ?  loss: 0.0157 (0.0226)  time: 0.2637  data: 0.0648  max mem: 20673
Val:  [   130/?]  eta: ?  loss: 0.0124 (0.0222)  time: 0.2520  data: 0.0532  max mem: 20673
Val:  [   140/?]  eta: ?  loss: 0.0122 (0.0219)  time: 0.2434  data: 0.0446  max mem: 20673
Val:  [   150/?]  eta: ?  loss: 0.0108 (0.0216)  time: 0.2501  data: 0.0513  max mem: 20673
Val:  [   160/?]  eta: ?  loss: 0.0171 (0.0222)  time: 0.2547  data: 0.0559  max mem: 20673
Val:  [   170/?]  eta: ?  loss: 0.0182 (0.0220)  time: 0.2529  data: 0.0542  max mem: 20673
Val:  [   180/?]  eta: ?  loss: 0.0129 (0.0215)  time: 0.2645  data: 0.0657  max mem: 20673
Val:  [   190/?]  eta: ?  loss: 0.0118 (0.0215)  time: 0.2765  data: 0.0777  max mem: 20673
Val:  [   200/?]  eta: ?  loss: 0.0124 (0.0211)  time: 0.2739  data: 0.0751  max mem: 20673
Val:  [   210/?]  eta: ?  loss: 0.0143 (0.0226)  time: 0.2676  data: 0.0688  max mem: 20673
Val:  [   220/?]  eta: ?  loss: 0.0167 (0.0222)  time: 0.2724  data: 0.0736  max mem: 20673
Val:  [   230/?]  eta: ?  loss: 0.0156 (0.0224)  time: 0.2773  data: 0.0787  max mem: 20673
Val:  [   240/?]  eta: ?  loss: 0.0209 (0.0231)  time: 0.2702  data: 0.0715  max mem: 20673
Val:  [   250/?]  eta: ?  loss: 0.0187 (0.0232)  time: 0.2677  data: 0.0691  max mem: 20673
Val:  [   260/?]  eta: ?  loss: 0.0148 (0.0238)  time: 0.2601  data: 0.0614  max mem: 20673
Val:  [   270/?]  eta: ?  loss: 0.0183 (0.0239)  time: 0.2559  data: 0.0571  max mem: 20673
Val:  [   280/?]  eta: ?  loss: 0.0169 (0.0239)  time: 0.2671  data: 0.0684  max mem: 20673
Val:  [   290/?]  eta: ?  loss: 0.0151 (0.0239)  time: 0.2599  data: 0.0612  max mem: 20673
Val:  [   300/?]  eta: ?  loss: 0.0134 (0.0241)  time: 0.2480  data: 0.0492  max mem: 20673
Val:  [   310/?]  eta: ?  loss: 0.0169 (0.0243)  time: 0.2464  data: 0.0476  max mem: 20673
Val:  [   320/?]  eta: ?  loss: 0.0236 (0.0243)  time: 0.2415  data: 0.0426  max mem: 20673
Val:  [   330/?]  eta: ?  loss: 0.0209 (0.0247)  time: 0.2400  data: 0.0412  max mem: 20673
Val:  [   340/?]  eta: ?  loss: 0.0171 (0.0246)  time: 0.2435  data: 0.0446  max mem: 20673
Val:  [   350/?]  eta: ?  loss: 0.0158 (0.0244)  time: 0.2237  data: 0.0449  max mem: 20673
Val: Total time: 0:01:33 (0.2660 s / it)
* loss 0.024
Test:  [     0/?]  eta: ?  loss: 0.0148 (0.0148)  time: 1.9988  data: 1.8010  max mem: 20673
Test:  [    10/?]  eta: ?  loss: 0.0148 (0.0183)  time: 0.4014  data: 0.2029  max mem: 20673
Test:  [    20/?]  eta: ?  loss: 0.0187 (0.0287)  time: 0.2530  data: 0.0543  max mem: 20673
Test:  [    30/?]  eta: ?  loss: 0.0256 (0.0324)  time: 0.2658  data: 0.0670  max mem: 20673
Test:  [    40/?]  eta: ?  loss: 0.0201 (0.0298)  time: 0.2660  data: 0.0673  max mem: 20673
Test:  [    50/?]  eta: ?  loss: 0.0161 (0.0273)  time: 0.2648  data: 0.0660  max mem: 20673
Test:  [    60/?]  eta: ?  loss: 0.0140 (0.0256)  time: 0.2692  data: 0.0705  max mem: 20673
Test:  [    70/?]  eta: ?  loss: 0.0147 (0.0237)  time: 0.2630  data: 0.0643  max mem: 20673
Test:  [    80/?]  eta: ?  loss: 0.0148 (0.0229)  time: 0.2586  data: 0.0598  max mem: 20673
Test:  [    90/?]  eta: ?  loss: 0.0162 (0.0227)  time: 0.2511  data: 0.0523  max mem: 20673
Test:  [   100/?]  eta: ?  loss: 0.0157 (0.0223)  time: 0.2485  data: 0.0496  max mem: 20673
Test:  [   110/?]  eta: ?  loss: 0.0148 (0.0216)  time: 0.2538  data: 0.0549  max mem: 20673
Test:  [   120/?]  eta: ?  loss: 0.0165 (0.0214)  time: 0.2492  data: 0.0502  max mem: 20673
Test:  [   130/?]  eta: ?  loss: 0.0175 (0.0214)  time: 0.2441  data: 0.0452  max mem: 20673
Test:  [   140/?]  eta: ?  loss: 0.0212 (0.0217)  time: 0.2496  data: 0.0508  max mem: 20673
Test:  [   150/?]  eta: ?  loss: 0.0159 (0.0215)  time: 0.2441  data: 0.0451  max mem: 20673
Test:  [   160/?]  eta: ?  loss: 0.0140 (0.0218)  time: 0.2328  data: 0.0339  max mem: 20673
Test:  [   170/?]  eta: ?  loss: 0.0161 (0.0226)  time: 0.2410  data: 0.0421  max mem: 20673
Test:  [   180/?]  eta: ?  loss: 0.0147 (0.0223)  time: 0.2510  data: 0.0521  max mem: 20673
Test:  [   190/?]  eta: ?  loss: 0.0170 (0.0223)  time: 0.2494  data: 0.0504  max mem: 20673
Test:  [   200/?]  eta: ?  loss: 0.0119 (0.0221)  time: 0.2574  data: 0.0583  max mem: 20673
Test:  [   210/?]  eta: ?  loss: 0.0108 (0.0218)  time: 0.2579  data: 0.0589  max mem: 20673
Test:  [   220/?]  eta: ?  loss: 0.0111 (0.0213)  time: 0.2464  data: 0.0474  max mem: 20673
Test:  [   230/?]  eta: ?  loss: 0.0146 (0.0218)  time: 0.2476  data: 0.0486  max mem: 20673
Test:  [   240/?]  eta: ?  loss: 0.0188 (0.0218)  time: 0.2454  data: 0.0464  max mem: 20673
Test:  [   250/?]  eta: ?  loss: 0.0177 (0.0221)  time: 0.2489  data: 0.0499  max mem: 20673
Test:  [   260/?]  eta: ?  loss: 0.0182 (0.0228)  time: 0.2464  data: 0.0472  max mem: 20673
Test:  [   270/?]  eta: ?  loss: 0.0229 (0.0228)  time: 0.2331  data: 0.0340  max mem: 20673
Test:  [   280/?]  eta: ?  loss: 0.0178 (0.0226)  time: 0.2331  data: 0.0339  max mem: 20673
Test:  [   290/?]  eta: ?  loss: 0.0145 (0.0225)  time: 0.2560  data: 0.0570  max mem: 20673
Test:  [   300/?]  eta: ?  loss: 0.0147 (0.0226)  time: 0.2611  data: 0.0621  max mem: 20673
Test:  [   310/?]  eta: ?  loss: 0.0149 (0.0225)  time: 0.2577  data: 0.0586  max mem: 20673
Test:  [   320/?]  eta: ?  loss: 0.0187 (0.0229)  time: 0.2523  data: 0.0532  max mem: 20673
Test:  [   330/?]  eta: ?  loss: 0.0157 (0.0227)  time: 0.2599  data: 0.0608  max mem: 20673
Test:  [   340/?]  eta: ?  loss: 0.0142 (0.0227)  time: 0.2651  data: 0.0659  max mem: 20673
Test: Total time: 0:01:28 (0.2548 s / it)
* loss 0.023

============================================================
Counting samples by task type...
============================================================

============================================================
Evaluating on active tasks (20,949 samples)...
============================================================
Active Test:  [     0/?]  eta: ?  loss: 0.1183 (0.1183)  time: 2.7236  data: 2.6826  max mem: 20673
Active Test:  [    10/?]  eta: ?  loss: 0.0188 (0.0345)  time: 0.2783  data: 0.2469  max mem: 20673
Active Test:  [    20/?]  eta: ?  loss: 0.0151 (0.0273)  time: 0.0354  data: 0.0050  max mem: 20673
Active Test:  [    30/?]  eta: ?  loss: 0.0191 (0.0300)  time: 0.0372  data: 0.0069  max mem: 20673
Active Test:  [    40/?]  eta: ?  loss: 0.0180 (0.0274)  time: 0.0389  data: 0.0086  max mem: 20673
Active Test:  [    50/?]  eta: ?  loss: 0.0127 (0.0243)  time: 0.0411  data: 0.0109  max mem: 20673
Active Test:  [    60/?]  eta: ?  loss: 0.0127 (0.0238)  time: 0.0432  data: 0.0130  max mem: 20673
Active Test:  [    70/?]  eta: ?  loss: 0.0203 (0.0261)  time: 0.0406  data: 0.0103  max mem: 20673
Active Test:  [    80/?]  eta: ?  loss: 0.0215 (0.0259)  time: 0.0388  data: 0.0085  max mem: 20673
Active Test:  [    90/?]  eta: ?  loss: 0.0160 (0.0251)  time: 0.0423  data: 0.0119  max mem: 20673
Active Test:  [   100/?]  eta: ?  loss: 0.0145 (0.0243)  time: 0.0390  data: 0.0086  max mem: 20673
Active Test:  [   110/?]  eta: ?  loss: 0.0065 (0.0229)  time: 0.0378  data: 0.0075  max mem: 20673
Active Test:  [   120/?]  eta: ?  loss: 0.0122 (0.0225)  time: 0.0409  data: 0.0106  max mem: 20673
Active Test:  [   130/?]  eta: ?  loss: 0.0151 (0.0223)  time: 0.0409  data: 0.0105  max mem: 20673
Active Test:  [   140/?]  eta: ?  loss: 0.0140 (0.0222)  time: 0.0388  data: 0.0084  max mem: 20673
Active Test:  [   150/?]  eta: ?  loss: 0.0120 (0.0215)  time: 0.0406  data: 0.0102  max mem: 20673
Active Test:  [   160/?]  eta: ?  loss: 0.0122 (0.0213)  time: 0.0402  data: 0.0099  max mem: 20673
Active Test:  [   170/?]  eta: ?  loss: 0.0129 (0.0211)  time: 0.0361  data: 0.0058  max mem: 20673
Active Test:  [   180/?]  eta: ?  loss: 0.0164 (0.0215)  time: 0.0381  data: 0.0077  max mem: 20673
Active Test:  [   190/?]  eta: ?  loss: 0.0196 (0.0227)  time: 0.0420  data: 0.0117  max mem: 20673
Active Test:  [   200/?]  eta: ?  loss: 0.0111 (0.0252)  time: 0.0418  data: 0.0115  max mem: 20673
Active Test:  [   210/?]  eta: ?  loss: 0.0091 (0.0245)  time: 0.0377  data: 0.0073  max mem: 20673
Active Test:  [   220/?]  eta: ?  loss: 0.0077 (0.0244)  time: 0.0365  data: 0.0062  max mem: 20673
Active Test:  [   230/?]  eta: ?  loss: 0.0131 (0.0241)  time: 0.0372  data: 0.0069  max mem: 20673
Active Test:  [   240/?]  eta: ?  loss: 0.0159 (0.0240)  time: 0.0380  data: 0.0077  max mem: 20673
Active Test:  [   250/?]  eta: ?  loss: 0.0159 (0.0240)  time: 0.0397  data: 0.0093  max mem: 20673
Active Test:  [   260/?]  eta: ?  loss: 0.0123 (0.0246)  time: 0.0379  data: 0.0076  max mem: 20673
Active Test:  [   270/?]  eta: ?  loss: 0.0146 (0.0243)  time: 0.0363  data: 0.0060  max mem: 20673
Active Test:  [   280/?]  eta: ?  loss: 0.0177 (0.0244)  time: 0.0369  data: 0.0065  max mem: 20673
Active Test:  [   290/?]  eta: ?  loss: 0.0177 (0.0242)  time: 0.0397  data: 0.0094  max mem: 20673
Active Test:  [   300/?]  eta: ?  loss: 0.0149 (0.0241)  time: 0.0401  data: 0.0097  max mem: 20673
Active Test:  [   310/?]  eta: ?  loss: 0.0149 (0.0238)  time: 0.0378  data: 0.0074  max mem: 20673
Active Test:  [   320/?]  eta: ?  loss: 0.0180 (0.0242)  time: 0.0370  data: 0.0067  max mem: 20673
Active Test: Total time: 0:00:15 (0.0478 s / it)
* loss 0.024

============================================================
Evaluating on passive tasks (113,222 samples)...
============================================================
Passive Test:  [     0/?]  eta: ?  loss: 0.0112 (0.0112)  time: 0.9838  data: 0.9518  max mem: 20673
Passive Test:  [    10/?]  eta: ?  loss: 0.0535 (0.0869)  time: 0.1258  data: 0.0952  max mem: 20673
Passive Test:  [    20/?]  eta: ?  loss: 0.0800 (0.1025)  time: 0.0387  data: 0.0083  max mem: 20673
Passive Test:  [    30/?]  eta: ?  loss: 0.0800 (0.0957)  time: 0.0361  data: 0.0056  max mem: 20673
Passive Test:  [    40/?]  eta: ?  loss: 0.0327 (0.0790)  time: 0.0369  data: 0.0064  max mem: 20673
Passive Test:  [    50/?]  eta: ?  loss: 0.0193 (0.0672)  time: 0.0402  data: 0.0096  max mem: 20673
Passive Test:  [    60/?]  eta: ?  loss: 0.0123 (0.0580)  time: 0.0418  data: 0.0111  max mem: 20673
Passive Test:  [    70/?]  eta: ?  loss: 0.0112 (0.0516)  time: 0.0446  data: 0.0140  max mem: 20673
Passive Test:  [    80/?]  eta: ?  loss: 0.0106 (0.0469)  time: 0.0414  data: 0.0109  max mem: 20673
Passive Test:  [    90/?]  eta: ?  loss: 0.0093 (0.0431)  time: 0.0362  data: 0.0056  max mem: 20673
Passive Test:  [   100/?]  eta: ?  loss: 0.0138 (0.0434)  time: 0.0380  data: 0.0073  max mem: 20673
Passive Test:  [   110/?]  eta: ?  loss: 0.0454 (0.0444)  time: 0.0398  data: 0.0094  max mem: 20673
Passive Test:  [   120/?]  eta: ?  loss: 0.0354 (0.0435)  time: 0.0424  data: 0.0121  max mem: 20673
Passive Test:  [   130/?]  eta: ?  loss: 0.0250 (0.0421)  time: 0.0417  data: 0.0114  max mem: 20673
Passive Test:  [   140/?]  eta: ?  loss: 0.0102 (0.0400)  time: 0.0416  data: 0.0112  max mem: 20673
Passive Test:  [   150/?]  eta: ?  loss: 0.0115 (0.0384)  time: 0.0415  data: 0.0111  max mem: 20673
Passive Test:  [   160/?]  eta: ?  loss: 0.0115 (0.0367)  time: 0.0421  data: 0.0118  max mem: 20673
Passive Test:  [   170/?]  eta: ?  loss: 0.0105 (0.0352)  time: 0.0433  data: 0.0130  max mem: 20673
Passive Test:  [   180/?]  eta: ?  loss: 0.0095 (0.0339)  time: 0.0430  data: 0.0127  max mem: 20673
Passive Test:  [   190/?]  eta: ?  loss: 0.0107 (0.0330)  time: 0.0426  data: 0.0123  max mem: 20673
Passive Test:  [   200/?]  eta: ?  loss: 0.0077 (0.0321)  time: 0.0424  data: 0.0121  max mem: 20673
Passive Test:  [   210/?]  eta: ?  loss: 0.0072 (0.0312)  time: 0.0432  data: 0.0129  max mem: 20673
Passive Test:  [   220/?]  eta: ?  loss: 0.0132 (0.0307)  time: 0.0433  data: 0.0129  max mem: 20673
Passive Test:  [   230/?]  eta: ?  loss: 0.0182 (0.0304)  time: 0.0423  data: 0.0120  max mem: 20673
Passive Test:  [   240/?]  eta: ?  loss: 0.0172 (0.0300)  time: 0.0415  data: 0.0111  max mem: 20673
Passive Test:  [   250/?]  eta: ?  loss: 0.0160 (0.0297)  time: 0.0410  data: 0.0106  max mem: 20673
Passive Test:  [   260/?]  eta: ?  loss: 0.0160 (0.0298)  time: 0.0421  data: 0.0118  max mem: 20673
Passive Test:  [   270/?]  eta: ?  loss: 0.0163 (0.0297)  time: 0.0442  data: 0.0139  max mem: 20673
Passive Test:  [   280/?]  eta: ?  loss: 0.0212 (0.0301)  time: 0.0432  data: 0.0129  max mem: 20673
Passive Test:  [   290/?]  eta: ?  loss: 0.0185 (0.0298)  time: 0.0437  data: 0.0135  max mem: 20673
Passive Test:  [   300/?]  eta: ?  loss: 0.0161 (0.0294)  time: 0.0432  data: 0.0130  max mem: 20673
Passive Test:  [   310/?]  eta: ?  loss: 0.0115 (0.0288)  time: 0.0403  data: 0.0099  max mem: 20673
Passive Test:  [   320/?]  eta: ?  loss: 0.0072 (0.0283)  time: 0.0403  data: 0.0099  max mem: 20673
Passive Test:  [   330/?]  eta: ?  loss: 0.0087 (0.0279)  time: 0.0433  data: 0.0129  max mem: 20673
Passive Test:  [   340/?]  eta: ?  loss: 0.0098 (0.0278)  time: 0.0393  data: 0.0089  max mem: 20673
Passive Test:  [   350/?]  eta: ?  loss: 0.0070 (0.0274)  time: 0.0382  data: 0.0078  max mem: 20673
Passive Test:  [   360/?]  eta: ?  loss: 0.0067 (0.0270)  time: 0.0429  data: 0.0124  max mem: 20673
Passive Test:  [   370/?]  eta: ?  loss: 0.0045 (0.0265)  time: 0.0464  data: 0.0161  max mem: 20673
Passive Test:  [   380/?]  eta: ?  loss: 0.0062 (0.0261)  time: 0.0441  data: 0.0137  max mem: 20673
Passive Test:  [   390/?]  eta: ?  loss: 0.0146 (0.0260)  time: 0.0427  data: 0.0122  max mem: 20673
Passive Test:  [   400/?]  eta: ?  loss: 0.0178 (0.0259)  time: 0.0487  data: 0.0182  max mem: 20673
Passive Test:  [   410/?]  eta: ?  loss: 0.0196 (0.0260)  time: 0.0474  data: 0.0169  max mem: 20673
Passive Test:  [   420/?]  eta: ?  loss: 0.0194 (0.0259)  time: 0.0427  data: 0.0121  max mem: 20673
Passive Test:  [   430/?]  eta: ?  loss: 0.0168 (0.0256)  time: 0.0399  data: 0.0094  max mem: 20673
Passive Test:  [   440/?]  eta: ?  loss: 0.0153 (0.0254)  time: 0.0399  data: 0.0094  max mem: 20673
Passive Test:  [   450/?]  eta: ?  loss: 0.0149 (0.0253)  time: 0.0411  data: 0.0107  max mem: 20673
Passive Test:  [   460/?]  eta: ?  loss: 0.0148 (0.0250)  time: 0.0398  data: 0.0093  max mem: 20673
Passive Test:  [   470/?]  eta: ?  loss: 0.0117 (0.0250)  time: 0.0398  data: 0.0093  max mem: 20673
Passive Test:  [   480/?]  eta: ?  loss: 0.0107 (0.0251)  time: 0.0417  data: 0.0112  max mem: 20673
Passive Test:  [   490/?]  eta: ?  loss: 0.0141 (0.0251)  time: 0.0464  data: 0.0160  max mem: 20673
Passive Test:  [   500/?]  eta: ?  loss: 0.0158 (0.0251)  time: 0.0462  data: 0.0158  max mem: 20673
Passive Test:  [   510/?]  eta: ?  loss: 0.0104 (0.0251)  time: 0.0398  data: 0.0093  max mem: 20673
Passive Test:  [   520/?]  eta: ?  loss: 0.0101 (0.0249)  time: 0.0371  data: 0.0065  max mem: 20673
Passive Test:  [   530/?]  eta: ?  loss: 0.0103 (0.0246)  time: 0.0404  data: 0.0098  max mem: 20673
Passive Test:  [   540/?]  eta: ?  loss: 0.0102 (0.0243)  time: 0.0438  data: 0.0133  max mem: 20673
Passive Test:  [   550/?]  eta: ?  loss: 0.0075 (0.0240)  time: 0.0405  data: 0.0101  max mem: 20673
Passive Test:  [   560/?]  eta: ?  loss: 0.0054 (0.0237)  time: 0.0398  data: 0.0095  max mem: 20673
Passive Test:  [   570/?]  eta: ?  loss: 0.0058 (0.0234)  time: 0.0415  data: 0.0111  max mem: 20673
Passive Test:  [   580/?]  eta: ?  loss: 0.0058 (0.0231)  time: 0.0435  data: 0.0130  max mem: 20673
Passive Test:  [   590/?]  eta: ?  loss: 0.0071 (0.0229)  time: 0.0429  data: 0.0124  max mem: 20673
Passive Test:  [   600/?]  eta: ?  loss: 0.0079 (0.0227)  time: 0.0417  data: 0.0114  max mem: 20673
Passive Test:  [   610/?]  eta: ?  loss: 0.0079 (0.0225)  time: 0.0421  data: 0.0116  max mem: 20673
Passive Test:  [   620/?]  eta: ?  loss: 0.0095 (0.0223)  time: 0.0451  data: 0.0145  max mem: 20673
Passive Test:  [   630/?]  eta: ?  loss: 0.0104 (0.0222)  time: 0.0465  data: 0.0160  max mem: 20673
Passive Test:  [   640/?]  eta: ?  loss: 0.0110 (0.0220)  time: 0.0433  data: 0.0128  max mem: 20673
Passive Test:  [   650/?]  eta: ?  loss: 0.0134 (0.0220)  time: 0.0422  data: 0.0117  max mem: 20673
Passive Test:  [   660/?]  eta: ?  loss: 0.0192 (0.0220)  time: 0.0421  data: 0.0116  max mem: 20673
Passive Test:  [   670/?]  eta: ?  loss: 0.0192 (0.0219)  time: 0.0421  data: 0.0116  max mem: 20673
Passive Test:  [   680/?]  eta: ?  loss: 0.0108 (0.0219)  time: 0.0443  data: 0.0138  max mem: 20673
Passive Test:  [   690/?]  eta: ?  loss: 0.0133 (0.0219)  time: 0.0428  data: 0.0123  max mem: 20673
Passive Test:  [   700/?]  eta: ?  loss: 0.0185 (0.0219)  time: 0.0404  data: 0.0098  max mem: 20673
Passive Test:  [   710/?]  eta: ?  loss: 0.0185 (0.0219)  time: 0.0428  data: 0.0123  max mem: 20673
Passive Test:  [   720/?]  eta: ?  loss: 0.0139 (0.0218)  time: 0.0432  data: 0.0128  max mem: 20673
Passive Test:  [   730/?]  eta: ?  loss: 0.0146 (0.0218)  time: 0.0429  data: 0.0124  max mem: 20673
Passive Test:  [   740/?]  eta: ?  loss: 0.0159 (0.0218)  time: 0.0431  data: 0.0126  max mem: 20673
Passive Test:  [   750/?]  eta: ?  loss: 0.0191 (0.0218)  time: 0.0425  data: 0.0122  max mem: 20673
Passive Test:  [   760/?]  eta: ?  loss: 0.0246 (0.0221)  time: 0.0443  data: 0.0139  max mem: 20673
Passive Test:  [   770/?]  eta: ?  loss: 0.0272 (0.0220)  time: 0.0449  data: 0.0144  max mem: 20673
Passive Test:  [   780/?]  eta: ?  loss: 0.0103 (0.0220)  time: 0.0419  data: 0.0114  max mem: 20673
Passive Test:  [   790/?]  eta: ?  loss: 0.0103 (0.0221)  time: 0.0404  data: 0.0100  max mem: 20673
Passive Test:  [   800/?]  eta: ?  loss: 0.0175 (0.0221)  time: 0.0429  data: 0.0124  max mem: 20673
Passive Test:  [   810/?]  eta: ?  loss: 0.0236 (0.0227)  time: 0.0450  data: 0.0146  max mem: 20673
Passive Test:  [   820/?]  eta: ?  loss: 0.0239 (0.0231)  time: 0.0453  data: 0.0149  max mem: 20673
Passive Test:  [   830/?]  eta: ?  loss: 0.0199 (0.0234)  time: 0.0442  data: 0.0137  max mem: 20673
Passive Test:  [   840/?]  eta: ?  loss: 0.0199 (0.0235)  time: 0.0431  data: 0.0127  max mem: 20673
Passive Test:  [   850/?]  eta: ?  loss: 0.0112 (0.0234)  time: 0.0421  data: 0.0116  max mem: 20673
Passive Test:  [   860/?]  eta: ?  loss: 0.0122 (0.0235)  time: 0.0408  data: 0.0104  max mem: 20673
Passive Test:  [   870/?]  eta: ?  loss: 0.0321 (0.0238)  time: 0.0403  data: 0.0099  max mem: 20673
Passive Test:  [   880/?]  eta: ?  loss: 0.0215 (0.0237)  time: 0.0409  data: 0.0104  max mem: 20673
Passive Test:  [   890/?]  eta: ?  loss: 0.0204 (0.0239)  time: 0.0444  data: 0.0140  max mem: 20673
Passive Test:  [   900/?]  eta: ?  loss: 0.0182 (0.0238)  time: 0.0431  data: 0.0127  max mem: 20673
Passive Test:  [   910/?]  eta: ?  loss: 0.0092 (0.0237)  time: 0.0439  data: 0.0134  max mem: 20673
Passive Test:  [   920/?]  eta: ?  loss: 0.0098 (0.0236)  time: 0.0441  data: 0.0136  max mem: 20673
Passive Test:  [   930/?]  eta: ?  loss: 0.0124 (0.0235)  time: 0.0478  data: 0.0174  max mem: 20673
Passive Test:  [   940/?]  eta: ?  loss: 0.0119 (0.0235)  time: 0.0475  data: 0.0171  max mem: 20673
Passive Test:  [   950/?]  eta: ?  loss: 0.0168 (0.0239)  time: 0.0460  data: 0.0156  max mem: 20673
Passive Test:  [   960/?]  eta: ?  loss: 0.0168 (0.0238)  time: 0.0462  data: 0.0158  max mem: 20673
Passive Test:  [   970/?]  eta: ?  loss: 0.0099 (0.0238)  time: 0.0451  data: 0.0147  max mem: 20673
Passive Test:  [   980/?]  eta: ?  loss: 0.0191 (0.0238)  time: 0.0462  data: 0.0156  max mem: 20673
Passive Test:  [   990/?]  eta: ?  loss: 0.0119 (0.0236)  time: 0.0446  data: 0.0141  max mem: 20673
Passive Test:  [  1000/?]  eta: ?  loss: 0.0091 (0.0235)  time: 0.0452  data: 0.0147  max mem: 20673
Passive Test:  [  1010/?]  eta: ?  loss: 0.0149 (0.0234)  time: 0.0471  data: 0.0166  max mem: 20673
Passive Test:  [  1020/?]  eta: ?  loss: 0.0149 (0.0234)  time: 0.0460  data: 0.0154  max mem: 20673
Passive Test:  [  1030/?]  eta: ?  loss: 0.0205 (0.0236)  time: 0.0437  data: 0.0132  max mem: 20673
Passive Test:  [  1040/?]  eta: ?  loss: 0.0610 (0.0243)  time: 0.0411  data: 0.0104  max mem: 20673
Passive Test:  [  1050/?]  eta: ?  loss: 0.0363 (0.0242)  time: 0.0415  data: 0.0108  max mem: 20673
Passive Test:  [  1060/?]  eta: ?  loss: 0.0107 (0.0242)  time: 0.0419  data: 0.0115  max mem: 20673
Passive Test:  [  1070/?]  eta: ?  loss: 0.0148 (0.0242)  time: 0.0431  data: 0.0126  max mem: 20673
Passive Test:  [  1080/?]  eta: ?  loss: 0.0196 (0.0244)  time: 0.0472  data: 0.0167  max mem: 20673
Passive Test:  [  1090/?]  eta: ?  loss: 0.0283 (0.0246)  time: 0.0455  data: 0.0149  max mem: 20673
Passive Test:  [  1100/?]  eta: ?  loss: 0.0235 (0.0246)  time: 0.0423  data: 0.0117  max mem: 20673
Passive Test:  [  1110/?]  eta: ?  loss: 0.0267 (0.0247)  time: 0.0443  data: 0.0138  max mem: 20673
Passive Test:  [  1120/?]  eta: ?  loss: 0.0248 (0.0247)  time: 0.0466  data: 0.0161  max mem: 20673
Passive Test:  [  1130/?]  eta: ?  loss: 0.0063 (0.0245)  time: 0.0477  data: 0.0173  max mem: 20673
Passive Test:  [  1140/?]  eta: ?  loss: 0.0067 (0.0246)  time: 0.0468  data: 0.0164  max mem: 20673
Passive Test:  [  1150/?]  eta: ?  loss: 0.0139 (0.0245)  time: 0.0455  data: 0.0150  max mem: 20673
Passive Test:  [  1160/?]  eta: ?  loss: 0.0098 (0.0245)  time: 0.0446  data: 0.0142  max mem: 20673
Passive Test:  [  1170/?]  eta: ?  loss: 0.0214 (0.0248)  time: 0.0410  data: 0.0105  max mem: 20673
Passive Test:  [  1180/?]  eta: ?  loss: 0.0439 (0.0251)  time: 0.0468  data: 0.0163  max mem: 20673
Passive Test:  [  1190/?]  eta: ?  loss: 0.0100 (0.0251)  time: 0.0495  data: 0.0190  max mem: 20673
Passive Test:  [  1200/?]  eta: ?  loss: 0.0063 (0.0249)  time: 0.0551  data: 0.0245  max mem: 20673
Passive Test:  [  1210/?]  eta: ?  loss: 0.0096 (0.0251)  time: 0.0586  data: 0.0280  max mem: 20673
Passive Test:  [  1220/?]  eta: ?  loss: 0.0143 (0.0253)  time: 0.0571  data: 0.0267  max mem: 20673
Passive Test:  [  1230/?]  eta: ?  loss: 0.0099 (0.0252)  time: 0.0541  data: 0.0236  max mem: 20673
Passive Test:  [  1240/?]  eta: ?  loss: 0.0087 (0.0251)  time: 0.0497  data: 0.0193  max mem: 20673
Passive Test:  [  1250/?]  eta: ?  loss: 0.0091 (0.0250)  time: 0.0468  data: 0.0165  max mem: 20673
Passive Test:  [  1260/?]  eta: ?  loss: 0.0117 (0.0250)  time: 0.0411  data: 0.0106  max mem: 20673
Passive Test:  [  1270/?]  eta: ?  loss: 0.0171 (0.0250)  time: 0.0402  data: 0.0097  max mem: 20673
Passive Test:  [  1280/?]  eta: ?  loss: 0.0085 (0.0249)  time: 0.0402  data: 0.0098  max mem: 20673
Passive Test:  [  1290/?]  eta: ?  loss: 0.0085 (0.0249)  time: 0.0459  data: 0.0155  max mem: 20673
Passive Test:  [  1300/?]  eta: ?  loss: 0.0164 (0.0249)  time: 0.0468  data: 0.0164  max mem: 20673
Passive Test:  [  1310/?]  eta: ?  loss: 0.0126 (0.0248)  time: 0.0454  data: 0.0149  max mem: 20673
Passive Test:  [  1320/?]  eta: ?  loss: 0.0136 (0.0248)  time: 0.0486  data: 0.0180  max mem: 20673
Passive Test:  [  1330/?]  eta: ?  loss: 0.0119 (0.0247)  time: 0.0468  data: 0.0162  max mem: 20673
Passive Test:  [  1340/?]  eta: ?  loss: 0.0074 (0.0246)  time: 0.0447  data: 0.0141  max mem: 20673
Passive Test:  [  1350/?]  eta: ?  loss: 0.0074 (0.0246)  time: 0.0488  data: 0.0182  max mem: 20673
Passive Test:  [  1360/?]  eta: ?  loss: 0.0102 (0.0245)  time: 0.0479  data: 0.0173  max mem: 20673
Passive Test:  [  1370/?]  eta: ?  loss: 0.0102 (0.0244)  time: 0.0436  data: 0.0131  max mem: 20673
Passive Test:  [  1380/?]  eta: ?  loss: 0.0126 (0.0244)  time: 0.0439  data: 0.0134  max mem: 20673
Passive Test:  [  1390/?]  eta: ?  loss: 0.0106 (0.0244)  time: 0.0446  data: 0.0141  max mem: 20673
Passive Test:  [  1400/?]  eta: ?  loss: 0.0093 (0.0244)  time: 0.0449  data: 0.0143  max mem: 20673
Passive Test:  [  1410/?]  eta: ?  loss: 0.0152 (0.0244)  time: 0.0453  data: 0.0148  max mem: 20673
Passive Test:  [  1420/?]  eta: ?  loss: 0.0145 (0.0246)  time: 0.0436  data: 0.0131  max mem: 20673
Passive Test:  [  1430/?]  eta: ?  loss: 0.0075 (0.0248)  time: 0.0466  data: 0.0161  max mem: 20673
Passive Test:  [  1440/?]  eta: ?  loss: 0.0063 (0.0248)  time: 0.0474  data: 0.0169  max mem: 20673
Passive Test:  [  1450/?]  eta: ?  loss: 0.0093 (0.0248)  time: 0.0458  data: 0.0152  max mem: 20673
Passive Test:  [  1460/?]  eta: ?  loss: 0.0185 (0.0250)  time: 0.0474  data: 0.0169  max mem: 20673
Passive Test:  [  1470/?]  eta: ?  loss: 0.0133 (0.0253)  time: 0.0452  data: 0.0146  max mem: 20673
Passive Test:  [  1480/?]  eta: ?  loss: 0.0083 (0.0252)  time: 0.0440  data: 0.0134  max mem: 20673
Passive Test:  [  1490/?]  eta: ?  loss: 0.0047 (0.0250)  time: 0.0491  data: 0.0185  max mem: 20673
Passive Test:  [  1500/?]  eta: ?  loss: 0.0063 (0.0250)  time: 0.0499  data: 0.0193  max mem: 20673
Passive Test:  [  1510/?]  eta: ?  loss: 0.0077 (0.0249)  time: 0.0478  data: 0.0172  max mem: 20673
Passive Test:  [  1520/?]  eta: ?  loss: 0.0065 (0.0249)  time: 0.0480  data: 0.0175  max mem: 20673
Passive Test:  [  1530/?]  eta: ?  loss: 0.0121 (0.0248)  time: 0.0461  data: 0.0156  max mem: 20673
Passive Test:  [  1540/?]  eta: ?  loss: 0.0108 (0.0247)  time: 0.0444  data: 0.0139  max mem: 20673
Passive Test:  [  1550/?]  eta: ?  loss: 0.0096 (0.0247)  time: 0.0447  data: 0.0142  max mem: 20673
Passive Test:  [  1560/?]  eta: ?  loss: 0.0110 (0.0247)  time: 0.0452  data: 0.0147  max mem: 20673
Passive Test:  [  1570/?]  eta: ?  loss: 0.0171 (0.0247)  time: 0.0453  data: 0.0148  max mem: 20673
Passive Test:  [  1580/?]  eta: ?  loss: 0.0220 (0.0247)  time: 0.0434  data: 0.0128  max mem: 20673
Passive Test:  [  1590/?]  eta: ?  loss: 0.0103 (0.0247)  time: 0.0401  data: 0.0095  max mem: 20673
Passive Test:  [  1600/?]  eta: ?  loss: 0.0075 (0.0247)  time: 0.0400  data: 0.0095  max mem: 20673
Passive Test:  [  1610/?]  eta: ?  loss: 0.0100 (0.0247)  time: 0.0397  data: 0.0092  max mem: 20673
Passive Test:  [  1620/?]  eta: ?  loss: 0.0193 (0.0248)  time: 0.0425  data: 0.0119  max mem: 20673
Passive Test:  [  1630/?]  eta: ?  loss: 0.0193 (0.0249)  time: 0.0501  data: 0.0196  max mem: 20673
Passive Test:  [  1640/?]  eta: ?  loss: 0.0160 (0.0249)  time: 0.0491  data: 0.0186  max mem: 20673
Passive Test:  [  1650/?]  eta: ?  loss: 0.0113 (0.0248)  time: 0.0446  data: 0.0141  max mem: 20673
Passive Test:  [  1660/?]  eta: ?  loss: 0.0082 (0.0248)  time: 0.0453  data: 0.0148  max mem: 20673
Passive Test:  [  1670/?]  eta: ?  loss: 0.0061 (0.0248)  time: 0.0480  data: 0.0175  max mem: 20673
Passive Test:  [  1680/?]  eta: ?  loss: 0.0052 (0.0247)  time: 0.0496  data: 0.0191  max mem: 20673
Passive Test:  [  1690/?]  eta: ?  loss: 0.0103 (0.0247)  time: 0.0500  data: 0.0195  max mem: 20673
Passive Test:  [  1700/?]  eta: ?  loss: 0.0126 (0.0246)  time: 0.0498  data: 0.0193  max mem: 20673
Passive Test:  [  1710/?]  eta: ?  loss: 0.0123 (0.0246)  time: 0.0464  data: 0.0159  max mem: 20673
Passive Test:  [  1720/?]  eta: ?  loss: 0.0123 (0.0245)  time: 0.0460  data: 0.0155  max mem: 20673
Passive Test:  [  1730/?]  eta: ?  loss: 0.0144 (0.0245)  time: 0.0486  data: 0.0182  max mem: 20673
Passive Test:  [  1740/?]  eta: ?  loss: 0.0152 (0.0244)  time: 0.0472  data: 0.0167  max mem: 20673
Passive Test:  [  1750/?]  eta: ?  loss: 0.0076 (0.0244)  time: 0.0439  data: 0.0134  max mem: 20673
Passive Test:  [  1760/?]  eta: ?  loss: 0.0200 (0.0244)  time: 0.0453  data: 0.0148  max mem: 20673
Passive Test: Total time: 0:01:19 (0.0447 s / it)
* loss 0.024
  ACTIVE Test MAE (years): 1.9696 (n=20,949)
  PASSIVE Test MAE (years): 1.9845 (n=113,222)
  → Epoch  45/50 | Train Loss: 0.0008 | Val Loss: 0.0243 | Train score (1/(1+norm_MAE)): 0.9834 | Val MAE (years): 1.9829 | LR: 0.000000
Best val MAE (years): 1.8980, test MAE at best val: 1.8206
  Test segment MAE: 1.9197 | participant median MAE: 1.7097 | participant mean MAE: 1.6988
Epoch: [45]  [     0/?]  eta: ?  lr: 0.000025  min_lr: 0.000000  loss: 0.0005 (0.0005)  class_acc: 0.9849 (0.9849)  loss_scale: 1180591620717411303424.0000 (1180591620717411303424.0000)  weight_decay: 0.0500 (0.0500)  grad_norm: 0.3662 (0.3662)  time: 3.7289  data: 3.2250  max mem: 20673
Epoch: [45]  [   500/?]  eta: ?  lr: 0.000025  min_lr: 0.000000  loss: 0.0007 (0.0008)  class_acc: 0.9835 (0.9835)  loss_scale: 2361183241434822606848.0000 (1892245651569024434176.0000)  weight_decay: 0.0500 (0.0500)  grad_norm: 0.7463 (1.1015)  time: 0.5054  data: 0.0002  max mem: 20673
Epoch: [45]  [  1000/?]  eta: ?  lr: 0.000025  min_lr: 0.000000  loss: 0.0007 (0.0008)  class_acc: 0.9836 (0.9835)  loss_scale: 2361183241434822606848.0000 (2126480211941550981120.0000)  weight_decay: 0.0500 (0.0500)  grad_norm: 0.6708 (1.1189)  time: 0.5092  data: 0.0002  max mem: 20673
Epoch: [45]  [  1500/?]  eta: ?  lr: 0.000025  min_lr: 0.000000  loss: 0.0006 (0.0008)  class_acc: 0.9847 (0.9836)  loss_scale: 2361183241434822606848.0000 (2204662433624852791296.0000)  weight_decay: 0.0500 (0.0500)  grad_norm: 0.5875 (1.1402)  time: 0.5080  data: 0.0002  max mem: 20673
Epoch: [45]  [  2000/?]  eta: ?  lr: 0.000025  min_lr: 0.000000  loss: 0.0007 (0.0008)  class_acc: 0.9834 (0.9836)  loss_scale: 2361183241434822606848.0000 (2243773080254030544896.0000)  weight_decay: 0.0500 (0.0500)  grad_norm: 0.4862 (1.1780)  time: 0.5053  data: 0.0003  max mem: 20673
Epoch: [45] Total time: 0:20:40 (0.5086 s / it)
Val:  [     0/?]  eta: ?  loss: 0.0487 (0.0487)  time: 2.7547  data: 2.5566  max mem: 20673
Val:  [    10/?]  eta: ?  loss: 0.0237 (0.0246)  time: 0.4882  data: 0.2891  max mem: 20673
Val:  [    20/?]  eta: ?  loss: 0.0226 (0.0244)  time: 0.2617  data: 0.0626  max mem: 20673
Val:  [    30/?]  eta: ?  loss: 0.0195 (0.0226)  time: 0.2509  data: 0.0518  max mem: 20673
Val:  [    40/?]  eta: ?  loss: 0.0168 (0.0253)  time: 0.2693  data: 0.0703  max mem: 20673
Val:  [    50/?]  eta: ?  loss: 0.0139 (0.0255)  time: 0.2797  data: 0.0806  max mem: 20673
Val:  [    60/?]  eta: ?  loss: 0.0191 (0.0251)  time: 0.2691  data: 0.0700  max mem: 20673
Val:  [    70/?]  eta: ?  loss: 0.0191 (0.0239)  time: 0.2679  data: 0.0690  max mem: 20673
Val:  [    80/?]  eta: ?  loss: 0.0145 (0.0237)  time: 0.2629  data: 0.0639  max mem: 20673
Val:  [    90/?]  eta: ?  loss: 0.0164 (0.0241)  time: 0.2547  data: 0.0557  max mem: 20673
Val:  [   100/?]  eta: ?  loss: 0.0151 (0.0234)  time: 0.2580  data: 0.0590  max mem: 20673
Val:  [   110/?]  eta: ?  loss: 0.0152 (0.0232)  time: 0.2695  data: 0.0705  max mem: 20673
Val:  [   120/?]  eta: ?  loss: 0.0166 (0.0225)  time: 0.2670  data: 0.0681  max mem: 20673
Val:  [   130/?]  eta: ?  loss: 0.0120 (0.0221)  time: 0.2473  data: 0.0483  max mem: 20673
Val:  [   140/?]  eta: ?  loss: 0.0119 (0.0218)  time: 0.2400  data: 0.0409  max mem: 20673
Val:  [   150/?]  eta: ?  loss: 0.0112 (0.0215)  time: 0.2427  data: 0.0436  max mem: 20673
Val:  [   160/?]  eta: ?  loss: 0.0161 (0.0221)  time: 0.2471  data: 0.0481  max mem: 20673
Val:  [   170/?]  eta: ?  loss: 0.0189 (0.0219)  time: 0.2498  data: 0.0508  max mem: 20673
Val:  [   180/?]  eta: ?  loss: 0.0134 (0.0214)  time: 0.2640  data: 0.0649  max mem: 20673
Val:  [   190/?]  eta: ?  loss: 0.0121 (0.0215)  time: 0.2776  data: 0.0786  max mem: 20673
Val:  [   200/?]  eta: ?  loss: 0.0139 (0.0211)  time: 0.2705  data: 0.0716  max mem: 20673
Val:  [   210/?]  eta: ?  loss: 0.0157 (0.0225)  time: 0.2600  data: 0.0611  max mem: 20673
Val:  [   220/?]  eta: ?  loss: 0.0167 (0.0222)  time: 0.2603  data: 0.0614  max mem: 20673
Val:  [   230/?]  eta: ?  loss: 0.0154 (0.0224)  time: 0.2671  data: 0.0681  max mem: 20673
Val:  [   240/?]  eta: ?  loss: 0.0227 (0.0231)  time: 0.2771  data: 0.0781  max mem: 20673
Val:  [   250/?]  eta: ?  loss: 0.0181 (0.0231)  time: 0.2768  data: 0.0779  max mem: 20673
Val:  [   260/?]  eta: ?  loss: 0.0148 (0.0238)  time: 0.2617  data: 0.0627  max mem: 20673
Val:  [   270/?]  eta: ?  loss: 0.0178 (0.0239)  time: 0.2550  data: 0.0561  max mem: 20673
Val:  [   280/?]  eta: ?  loss: 0.0173 (0.0239)  time: 0.2654  data: 0.0665  max mem: 20673
Val:  [   290/?]  eta: ?  loss: 0.0146 (0.0239)  time: 0.2597  data: 0.0608  max mem: 20673
Val:  [   300/?]  eta: ?  loss: 0.0120 (0.0241)  time: 0.2478  data: 0.0489  max mem: 20673
Val:  [   310/?]  eta: ?  loss: 0.0168 (0.0243)  time: 0.2505  data: 0.0515  max mem: 20673
Val:  [   320/?]  eta: ?  loss: 0.0233 (0.0243)  time: 0.2496  data: 0.0506  max mem: 20673
Val:  [   330/?]  eta: ?  loss: 0.0205 (0.0246)  time: 0.2460  data: 0.0470  max mem: 20673
Val:  [   340/?]  eta: ?  loss: 0.0175 (0.0246)  time: 0.2499  data: 0.0509  max mem: 20673
Val:  [   350/?]  eta: ?  loss: 0.0166 (0.0244)  time: 0.2286  data: 0.0497  max mem: 20673
Val: Total time: 0:01:33 (0.2646 s / it)
* loss 0.024
Test:  [     0/?]  eta: ?  loss: 0.0143 (0.0143)  time: 2.0269  data: 1.8292  max mem: 20673
Test:  [    10/?]  eta: ?  loss: 0.0145 (0.0189)  time: 0.3858  data: 0.1870  max mem: 20673
Test:  [    20/?]  eta: ?  loss: 0.0185 (0.0289)  time: 0.2295  data: 0.0305  max mem: 20673
Test:  [    30/?]  eta: ?  loss: 0.0264 (0.0324)  time: 0.2464  data: 0.0473  max mem: 20673
Test:  [    40/?]  eta: ?  loss: 0.0202 (0.0296)  time: 0.2582  data: 0.0591  max mem: 20673
Test:  [    50/?]  eta: ?  loss: 0.0144 (0.0270)  time: 0.2445  data: 0.0453  max mem: 20673
Test:  [    60/?]  eta: ?  loss: 0.0135 (0.0253)  time: 0.2270  data: 0.0278  max mem: 20673
Test:  [    70/?]  eta: ?  loss: 0.0142 (0.0235)  time: 0.2358  data: 0.0368  max mem: 20673
Test:  [    80/?]  eta: ?  loss: 0.0142 (0.0227)  time: 0.2629  data: 0.0638  max mem: 20673
Test:  [    90/?]  eta: ?  loss: 0.0165 (0.0225)  time: 0.2589  data: 0.0598  max mem: 20673
Test:  [   100/?]  eta: ?  loss: 0.0156 (0.0222)  time: 0.2521  data: 0.0529  max mem: 20673
Test:  [   110/?]  eta: ?  loss: 0.0142 (0.0215)  time: 0.2537  data: 0.0546  max mem: 20673
Test:  [   120/?]  eta: ?  loss: 0.0159 (0.0213)  time: 0.2470  data: 0.0478  max mem: 20673
Test:  [   130/?]  eta: ?  loss: 0.0176 (0.0213)  time: 0.2391  data: 0.0400  max mem: 20673
Test:  [   140/?]  eta: ?  loss: 0.0216 (0.0216)  time: 0.2456  data: 0.0464  max mem: 20673
Test:  [   150/?]  eta: ?  loss: 0.0164 (0.0214)  time: 0.2528  data: 0.0535  max mem: 20673
Test:  [   160/?]  eta: ?  loss: 0.0139 (0.0217)  time: 0.2500  data: 0.0507  max mem: 20673
Test:  [   170/?]  eta: ?  loss: 0.0168 (0.0224)  time: 0.2512  data: 0.0521  max mem: 20673
Test:  [   180/?]  eta: ?  loss: 0.0150 (0.0222)  time: 0.2537  data: 0.0547  max mem: 20673
Test:  [   190/?]  eta: ?  loss: 0.0167 (0.0221)  time: 0.2555  data: 0.0565  max mem: 20673
Test:  [   200/?]  eta: ?  loss: 0.0124 (0.0219)  time: 0.2627  data: 0.0637  max mem: 20673
Test:  [   210/?]  eta: ?  loss: 0.0109 (0.0217)  time: 0.2620  data: 0.0631  max mem: 20673
Test:  [   220/?]  eta: ?  loss: 0.0104 (0.0212)  time: 0.2536  data: 0.0545  max mem: 20673
Test:  [   230/?]  eta: ?  loss: 0.0146 (0.0217)  time: 0.2526  data: 0.0535  max mem: 20673
Test:  [   240/?]  eta: ?  loss: 0.0190 (0.0217)  time: 0.2486  data: 0.0495  max mem: 20673
Test:  [   250/?]  eta: ?  loss: 0.0172 (0.0219)  time: 0.2507  data: 0.0516  max mem: 20673
Test:  [   260/?]  eta: ?  loss: 0.0172 (0.0227)  time: 0.2431  data: 0.0441  max mem: 20673
Test:  [   270/?]  eta: ?  loss: 0.0230 (0.0227)  time: 0.2268  data: 0.0278  max mem: 20673
Test:  [   280/?]  eta: ?  loss: 0.0181 (0.0225)  time: 0.2354  data: 0.0363  max mem: 20673
Test:  [   290/?]  eta: ?  loss: 0.0142 (0.0224)  time: 0.2518  data: 0.0527  max mem: 20673
Test:  [   300/?]  eta: ?  loss: 0.0149 (0.0225)  time: 0.2497  data: 0.0507  max mem: 20673
Test:  [   310/?]  eta: ?  loss: 0.0156 (0.0225)  time: 0.2535  data: 0.0546  max mem: 20673
Test:  [   320/?]  eta: ?  loss: 0.0185 (0.0229)  time: 0.2584  data: 0.0596  max mem: 20673
Test:  [   330/?]  eta: ?  loss: 0.0164 (0.0227)  time: 0.2736  data: 0.0748  max mem: 20673
Test:  [   340/?]  eta: ?  loss: 0.0153 (0.0227)  time: 0.2659  data: 0.0669  max mem: 20673
Test: Total time: 0:01:27 (0.2528 s / it)
* loss 0.023
  → Epoch  46/50 | Train Loss: 0.0008 | Val Loss: 0.0243 | Train score (1/(1+norm_MAE)): 0.9836 | Val MAE (years): 1.9844 | LR: 0.000000
Best val MAE (years): 1.8980, test MAE at best val: 1.8206
  Test segment MAE: 1.9225 | participant median MAE: 1.7084 | participant mean MAE: 1.7000
Epoch: [46]  [     0/?]  eta: ?  lr: 0.000019  min_lr: 0.000000  loss: 0.0007 (0.0007)  class_acc: 0.9837 (0.9837)  loss_scale: 4722366482869645213696.0000 (4722366482869645213696.0000)  weight_decay: 0.0500 (0.0500)  grad_norm: 1.1135 (1.1135)  time: 6.4716  data: 5.9628  max mem: 20673
Epoch: [46]  [   500/?]  eta: ?  lr: 0.000019  min_lr: 0.000000  loss: 0.0006 (0.0008)  class_acc: 0.9842 (0.9838)  loss_scale: 4722366482869645213696.0000 (4722366482869645213696.0000)  weight_decay: 0.0500 (0.0500)  grad_norm: 0.6034 (0.9921)  time: 0.5020  data: 0.0003  max mem: 20673
Epoch: [46]  [  1000/?]  eta: ?  lr: 0.000019  min_lr: 0.000000  loss: 0.0008 (0.0008)  class_acc: 0.9839 (0.9838)  loss_scale: 4722366482869645213696.0000 (4722366482869645213696.0000)  weight_decay: 0.0500 (0.0500)  grad_norm: 0.8829 (1.0476)  time: 0.5118  data: 0.0003  max mem: 20673
Epoch: [46]  [  1500/?]  eta: ?  lr: 0.000019  min_lr: 0.000000  loss: 0.0007 (0.0008)  class_acc: 0.9841 (0.9837)  loss_scale: 4722366482869645213696.0000 (4722366482869645213696.0000)  weight_decay: 0.0500 (0.0500)  grad_norm: 0.4261 (1.0825)  time: 0.5061  data: 0.0002  max mem: 20673
Epoch: [46]  [  2000/?]  eta: ?  lr: 0.000019  min_lr: 0.000000  loss: 0.0007 (0.0008)  class_acc: 0.9839 (0.9838)  loss_scale: 9444732965739290427392.0000 (5293487266904854757376.0000)  weight_decay: 0.0500 (0.0500)  grad_norm: 0.4932 (1.1037)  time: 0.5064  data: 0.0002  max mem: 20673
Epoch: [46] Total time: 0:20:42 (0.5091 s / it)
Val:  [     0/?]  eta: ?  loss: 0.0490 (0.0490)  time: 2.3912  data: 2.1927  max mem: 20673
Val:  [    10/?]  eta: ?  loss: 0.0244 (0.0248)  time: 0.4316  data: 0.2325  max mem: 20673
Val:  [    20/?]  eta: ?  loss: 0.0223 (0.0244)  time: 0.2551  data: 0.0560  max mem: 20673
Val:  [    30/?]  eta: ?  loss: 0.0169 (0.0226)  time: 0.2466  data: 0.0474  max mem: 20673
Val:  [    40/?]  eta: ?  loss: 0.0154 (0.0253)  time: 0.2482  data: 0.0491  max mem: 20673
Val:  [    50/?]  eta: ?  loss: 0.0135 (0.0254)  time: 0.2689  data: 0.0699  max mem: 20673
Val:  [    60/?]  eta: ?  loss: 0.0179 (0.0250)  time: 0.2683  data: 0.0693  max mem: 20673
Val:  [    70/?]  eta: ?  loss: 0.0162 (0.0238)  time: 0.2664  data: 0.0675  max mem: 20673
Val:  [    80/?]  eta: ?  loss: 0.0133 (0.0236)  time: 0.2617  data: 0.0627  max mem: 20673
Val:  [    90/?]  eta: ?  loss: 0.0150 (0.0239)  time: 0.2542  data: 0.0552  max mem: 20673
Val:  [   100/?]  eta: ?  loss: 0.0147 (0.0233)  time: 0.2462  data: 0.0472  max mem: 20673
Val:  [   110/?]  eta: ?  loss: 0.0160 (0.0231)  time: 0.2534  data: 0.0544  max mem: 20673
Val:  [   120/?]  eta: ?  loss: 0.0159 (0.0224)  time: 0.2677  data: 0.0687  max mem: 20673
Val:  [   130/?]  eta: ?  loss: 0.0122 (0.0220)  time: 0.2508  data: 0.0517  max mem: 20673
Val:  [   140/?]  eta: ?  loss: 0.0121 (0.0218)  time: 0.2305  data: 0.0315  max mem: 20673
Val:  [   150/?]  eta: ?  loss: 0.0113 (0.0215)  time: 0.2338  data: 0.0348  max mem: 20673
Val:  [   160/?]  eta: ?  loss: 0.0168 (0.0221)  time: 0.2475  data: 0.0485  max mem: 20673
Val:  [   170/?]  eta: ?  loss: 0.0180 (0.0219)  time: 0.2520  data: 0.0530  max mem: 20673
Val:  [   180/?]  eta: ?  loss: 0.0128 (0.0214)  time: 0.2673  data: 0.0684  max mem: 20673
Val:  [   190/?]  eta: ?  loss: 0.0116 (0.0214)  time: 0.2776  data: 0.0787  max mem: 20673
Val:  [   200/?]  eta: ?  loss: 0.0136 (0.0210)  time: 0.2654  data: 0.0665  max mem: 20673
Val:  [   210/?]  eta: ?  loss: 0.0151 (0.0224)  time: 0.2599  data: 0.0610  max mem: 20673
Val:  [   220/?]  eta: ?  loss: 0.0163 (0.0221)  time: 0.2614  data: 0.0625  max mem: 20673
Val:  [   230/?]  eta: ?  loss: 0.0156 (0.0223)  time: 0.2672  data: 0.0684  max mem: 20673
Val:  [   240/?]  eta: ?  loss: 0.0220 (0.0230)  time: 0.2749  data: 0.0761  max mem: 20673
Val:  [   250/?]  eta: ?  loss: 0.0186 (0.0230)  time: 0.2637  data: 0.0647  max mem: 20673
Val:  [   260/?]  eta: ?  loss: 0.0138 (0.0237)  time: 0.2553  data: 0.0564  max mem: 20673
Val:  [   270/?]  eta: ?  loss: 0.0178 (0.0238)  time: 0.2586  data: 0.0598  max mem: 20673
Val:  [   280/?]  eta: ?  loss: 0.0166 (0.0238)  time: 0.2653  data: 0.0664  max mem: 20673
Val:  [   290/?]  eta: ?  loss: 0.0144 (0.0238)  time: 0.2533  data: 0.0544  max mem: 20673
Val:  [   300/?]  eta: ?  loss: 0.0124 (0.0240)  time: 0.2348  data: 0.0359  max mem: 20673
Val:  [   310/?]  eta: ?  loss: 0.0184 (0.0242)  time: 0.2447  data: 0.0457  max mem: 20673
Val:  [   320/?]  eta: ?  loss: 0.0229 (0.0242)  time: 0.2544  data: 0.0555  max mem: 20673
Val:  [   330/?]  eta: ?  loss: 0.0215 (0.0246)  time: 0.2500  data: 0.0512  max mem: 20673
Val:  [   340/?]  eta: ?  loss: 0.0161 (0.0245)  time: 0.2498  data: 0.0509  max mem: 20673
Val:  [   350/?]  eta: ?  loss: 0.0150 (0.0243)  time: 0.2288  data: 0.0499  max mem: 20673
Val: Total time: 0:01:31 (0.2598 s / it)
* loss 0.024
Test:  [     0/?]  eta: ?  loss: 0.0144 (0.0144)  time: 2.2267  data: 2.0286  max mem: 20673
Test:  [    10/?]  eta: ?  loss: 0.0144 (0.0184)  time: 0.3965  data: 0.1976  max mem: 20673
Test:  [    20/?]  eta: ?  loss: 0.0183 (0.0286)  time: 0.2311  data: 0.0322  max mem: 20673
Test:  [    30/?]  eta: ?  loss: 0.0260 (0.0315)  time: 0.2553  data: 0.0565  max mem: 20673
Test:  [    40/?]  eta: ?  loss: 0.0203 (0.0289)  time: 0.2510  data: 0.0522  max mem: 20673
Test:  [    50/?]  eta: ?  loss: 0.0137 (0.0265)  time: 0.2511  data: 0.0523  max mem: 20673
Test:  [    60/?]  eta: ?  loss: 0.0137 (0.0249)  time: 0.2414  data: 0.0425  max mem: 20673
Test:  [    70/?]  eta: ?  loss: 0.0146 (0.0231)  time: 0.2244  data: 0.0254  max mem: 20673
Test:  [    80/?]  eta: ?  loss: 0.0146 (0.0225)  time: 0.2553  data: 0.0564  max mem: 20673
Test:  [    90/?]  eta: ?  loss: 0.0168 (0.0223)  time: 0.2666  data: 0.0677  max mem: 20673
Test:  [   100/?]  eta: ?  loss: 0.0165 (0.0221)  time: 0.2639  data: 0.0650  max mem: 20673
Test:  [   110/?]  eta: ?  loss: 0.0147 (0.0214)  time: 0.2651  data: 0.0663  max mem: 20673
Test:  [   120/?]  eta: ?  loss: 0.0159 (0.0212)  time: 0.2576  data: 0.0588  max mem: 20673
Test:  [   130/?]  eta: ?  loss: 0.0178 (0.0212)  time: 0.2459  data: 0.0470  max mem: 20673
Test:  [   140/?]  eta: ?  loss: 0.0209 (0.0215)  time: 0.2440  data: 0.0450  max mem: 20673
Test:  [   150/?]  eta: ?  loss: 0.0161 (0.0212)  time: 0.2522  data: 0.0533  max mem: 20673
Test:  [   160/?]  eta: ?  loss: 0.0131 (0.0215)  time: 0.2513  data: 0.0525  max mem: 20673
Test:  [   170/?]  eta: ?  loss: 0.0163 (0.0223)  time: 0.2517  data: 0.0528  max mem: 20673
Test:  [   180/?]  eta: ?  loss: 0.0150 (0.0221)  time: 0.2571  data: 0.0582  max mem: 20673
Test:  [   190/?]  eta: ?  loss: 0.0174 (0.0220)  time: 0.2577  data: 0.0588  max mem: 20673
Test:  [   200/?]  eta: ?  loss: 0.0122 (0.0218)  time: 0.2662  data: 0.0674  max mem: 20673
Test:  [   210/?]  eta: ?  loss: 0.0111 (0.0216)  time: 0.2628  data: 0.0639  max mem: 20673
Test:  [   220/?]  eta: ?  loss: 0.0108 (0.0211)  time: 0.2554  data: 0.0566  max mem: 20673
Test:  [   230/?]  eta: ?  loss: 0.0141 (0.0216)  time: 0.2547  data: 0.0559  max mem: 20673
Test:  [   240/?]  eta: ?  loss: 0.0188 (0.0216)  time: 0.2480  data: 0.0492  max mem: 20673
Test:  [   250/?]  eta: ?  loss: 0.0172 (0.0218)  time: 0.2487  data: 0.0499  max mem: 20673
Test:  [   260/?]  eta: ?  loss: 0.0172 (0.0226)  time: 0.2421  data: 0.0432  max mem: 20673
Test:  [   270/?]  eta: ?  loss: 0.0234 (0.0226)  time: 0.2278  data: 0.0289  max mem: 20673
Test:  [   280/?]  eta: ?  loss: 0.0175 (0.0224)  time: 0.2316  data: 0.0326  max mem: 20673
Test:  [   290/?]  eta: ?  loss: 0.0142 (0.0223)  time: 0.2481  data: 0.0492  max mem: 20673
Test:  [   300/?]  eta: ?  loss: 0.0151 (0.0225)  time: 0.2472  data: 0.0483  max mem: 20673
Test:  [   310/?]  eta: ?  loss: 0.0165 (0.0224)  time: 0.2512  data: 0.0524  max mem: 20673
Test:  [   320/?]  eta: ?  loss: 0.0175 (0.0228)  time: 0.2406  data: 0.0417  max mem: 20673
Test:  [   330/?]  eta: ?  loss: 0.0157 (0.0226)  time: 0.2470  data: 0.0481  max mem: 20673
Test:  [   340/?]  eta: ?  loss: 0.0147 (0.0226)  time: 0.2617  data: 0.0628  max mem: 20673
Test: Total time: 0:01:28 (0.2536 s / it)
* loss 0.023
  → Epoch  47/50 | Train Loss: 0.0008 | Val Loss: 0.0242 | Train score (1/(1+norm_MAE)): 0.9838 | Val MAE (years): 1.9812 | LR: 0.000000
Best val MAE (years): 1.8980, test MAE at best val: 1.8206
  Test segment MAE: 1.9227 | participant median MAE: 1.7050 | participant mean MAE: 1.6972
Epoch: [47]  [     0/?]  eta: ?  lr: 0.000015  min_lr: 0.000000  loss: 0.0006 (0.0006)  class_acc: 0.9842 (0.9842)  loss_scale: 9444732965739290427392.0000 (9444732965739290427392.0000)  weight_decay: 0.0500 (0.0500)  grad_norm: 0.3963 (0.3963)  time: 8.0913  data: 7.5773  max mem: 20673
Epoch: [47]  [   500/?]  eta: ?  lr: 0.000015  min_lr: 0.000000  loss: 0.0007 (0.0008)  class_acc: 0.9843 (0.9839)  loss_scale: 9444732965739290427392.0000 (9444732965739290427392.0000)  weight_decay: 0.0500 (0.0500)  grad_norm: 0.4737 (1.1013)  time: 0.5022  data: 0.0003  max mem: 20673
Epoch: [47]  [  1000/?]  eta: ?  lr: 0.000015  min_lr: 0.000000  loss: 0.0008 (0.0008)  class_acc: 0.9843 (0.9839)  loss_scale: 9444732965739290427392.0000 (9444732965739290427392.0000)  weight_decay: 0.0500 (0.0500)  grad_norm: 0.4995 (1.0668)  time: 0.5135  data: 0.0002  max mem: 20673
Epoch: [47]  [  1500/?]  eta: ?  lr: 0.000015  min_lr: 0.000000  loss: 0.0006 (0.0008)  class_acc: 0.9844 (0.9839)  loss_scale: 18889465931478580854784.0000 (10589930433936858546176.0000)  weight_decay: 0.0500 (0.0500)  grad_norm: 0.4316 (1.0517)  time: 0.5050  data: 0.0002  max mem: 20673
Epoch: [47]  [  2000/?]  eta: ?  lr: 0.000015  min_lr: 0.000000  loss: 0.0007 (0.0008)  class_acc: 0.9844 (0.9840)  loss_scale: 18889465931478580854784.0000 (12663777384846835318784.0000)  weight_decay: 0.0500 (0.0500)  grad_norm: 0.8030 (1.0834)  time: 0.5096  data: 0.0003  max mem: 20673
Epoch: [47] Total time: 0:20:44 (0.5099 s / it)
Val:  [     0/?]  eta: ?  loss: 0.0492 (0.0492)  time: 2.3271  data: 2.1287  max mem: 20673
Val:  [    10/?]  eta: ?  loss: 0.0243 (0.0248)  time: 0.4239  data: 0.2247  max mem: 20673
Val:  [    20/?]  eta: ?  loss: 0.0226 (0.0243)  time: 0.2295  data: 0.0302  max mem: 20673
Val:  [    30/?]  eta: ?  loss: 0.0176 (0.0226)  time: 0.2298  data: 0.0305  max mem: 20673
Val:  [    40/?]  eta: ?  loss: 0.0161 (0.0253)  time: 0.2484  data: 0.0492  max mem: 20673
Val:  [    50/?]  eta: ?  loss: 0.0138 (0.0255)  time: 0.2687  data: 0.0695  max mem: 20673
Val:  [    60/?]  eta: ?  loss: 0.0180 (0.0251)  time: 0.2767  data: 0.0777  max mem: 20673
Val:  [    70/?]  eta: ?  loss: 0.0180 (0.0238)  time: 0.2604  data: 0.0614  max mem: 20673
Val:  [    80/?]  eta: ?  loss: 0.0134 (0.0236)  time: 0.2476  data: 0.0485  max mem: 20673
Val:  [    90/?]  eta: ?  loss: 0.0157 (0.0240)  time: 0.2662  data: 0.0672  max mem: 20673
Val:  [   100/?]  eta: ?  loss: 0.0148 (0.0234)  time: 0.2628  data: 0.0638  max mem: 20673
Val:  [   110/?]  eta: ?  loss: 0.0159 (0.0232)  time: 0.2655  data: 0.0664  max mem: 20673
Val:  [   120/?]  eta: ?  loss: 0.0159 (0.0225)  time: 0.2666  data: 0.0676  max mem: 20673
Val:  [   130/?]  eta: ?  loss: 0.0124 (0.0221)  time: 0.2541  data: 0.0551  max mem: 20673
Val:  [   140/?]  eta: ?  loss: 0.0118 (0.0218)  time: 0.2335  data: 0.0345  max mem: 20673
Val:  [   150/?]  eta: ?  loss: 0.0113 (0.0216)  time: 0.2258  data: 0.0267  max mem: 20673
Val:  [   160/?]  eta: ?  loss: 0.0161 (0.0221)  time: 0.2384  data: 0.0393  max mem: 20673
Val:  [   170/?]  eta: ?  loss: 0.0174 (0.0219)  time: 0.2437  data: 0.0447  max mem: 20673
Val:  [   180/?]  eta: ?  loss: 0.0133 (0.0214)  time: 0.2531  data: 0.0539  max mem: 20673
Val:  [   190/?]  eta: ?  loss: 0.0116 (0.0215)  time: 0.2551  data: 0.0560  max mem: 20673
Val:  [   200/?]  eta: ?  loss: 0.0130 (0.0211)  time: 0.2331  data: 0.0340  max mem: 20673
Val:  [   210/?]  eta: ?  loss: 0.0149 (0.0225)  time: 0.2183  data: 0.0191  max mem: 20673
Val:  [   220/?]  eta: ?  loss: 0.0160 (0.0221)  time: 0.2332  data: 0.0341  max mem: 20673
Val:  [   230/?]  eta: ?  loss: 0.0151 (0.0223)  time: 0.2444  data: 0.0453  max mem: 20673
Val:  [   240/?]  eta: ?  loss: 0.0228 (0.0230)  time: 0.2536  data: 0.0546  max mem: 20673
Val:  [   250/?]  eta: ?  loss: 0.0183 (0.0230)  time: 0.2499  data: 0.0509  max mem: 20673
Val:  [   260/?]  eta: ?  loss: 0.0148 (0.0237)  time: 0.2506  data: 0.0517  max mem: 20673
Val:  [   270/?]  eta: ?  loss: 0.0181 (0.0238)  time: 0.2500  data: 0.0511  max mem: 20673
Val:  [   280/?]  eta: ?  loss: 0.0168 (0.0238)  time: 0.2654  data: 0.0664  max mem: 20673
Val:  [   290/?]  eta: ?  loss: 0.0146 (0.0238)  time: 0.2562  data: 0.0571  max mem: 20673
Val:  [   300/?]  eta: ?  loss: 0.0114 (0.0240)  time: 0.2388  data: 0.0397  max mem: 20673
Val:  [   310/?]  eta: ?  loss: 0.0167 (0.0242)  time: 0.2460  data: 0.0470  max mem: 20673
Val:  [   320/?]  eta: ?  loss: 0.0227 (0.0242)  time: 0.2472  data: 0.0481  max mem: 20673
Val:  [   330/?]  eta: ?  loss: 0.0207 (0.0245)  time: 0.2400  data: 0.0409  max mem: 20673
Val:  [   340/?]  eta: ?  loss: 0.0162 (0.0245)  time: 0.2540  data: 0.0549  max mem: 20673
Val:  [   350/?]  eta: ?  loss: 0.0153 (0.0242)  time: 0.2355  data: 0.0566  max mem: 20673
Val: Total time: 0:01:28 (0.2527 s / it)
* loss 0.024
Test:  [     0/?]  eta: ?  loss: 0.0146 (0.0146)  time: 2.1868  data: 1.9888  max mem: 20673
Test:  [    10/?]  eta: ?  loss: 0.0146 (0.0185)  time: 0.3906  data: 0.1917  max mem: 20673
Test:  [    20/?]  eta: ?  loss: 0.0180 (0.0286)  time: 0.2207  data: 0.0218  max mem: 20673
Test:  [    30/?]  eta: ?  loss: 0.0262 (0.0318)  time: 0.2444  data: 0.0453  max mem: 20673
Test:  [    40/?]  eta: ?  loss: 0.0203 (0.0291)  time: 0.2572  data: 0.0581  max mem: 20673
Test:  [    50/?]  eta: ?  loss: 0.0155 (0.0267)  time: 0.2463  data: 0.0472  max mem: 20673
Test:  [    60/?]  eta: ?  loss: 0.0140 (0.0251)  time: 0.2324  data: 0.0333  max mem: 20673
Test:  [    70/?]  eta: ?  loss: 0.0148 (0.0233)  time: 0.2374  data: 0.0383  max mem: 20673
Test:  [    80/?]  eta: ?  loss: 0.0148 (0.0225)  time: 0.2660  data: 0.0669  max mem: 20673
Test:  [    90/?]  eta: ?  loss: 0.0163 (0.0224)  time: 0.2632  data: 0.0641  max mem: 20673
Test:  [   100/?]  eta: ?  loss: 0.0164 (0.0221)  time: 0.2594  data: 0.0603  max mem: 20673
Test:  [   110/?]  eta: ?  loss: 0.0139 (0.0214)  time: 0.2670  data: 0.0679  max mem: 20673
Test:  [   120/?]  eta: ?  loss: 0.0157 (0.0212)  time: 0.2576  data: 0.0584  max mem: 20673
Test:  [   130/?]  eta: ?  loss: 0.0187 (0.0212)  time: 0.2452  data: 0.0460  max mem: 20673
Test:  [   140/?]  eta: ?  loss: 0.0218 (0.0215)  time: 0.2434  data: 0.0442  max mem: 20673
Test:  [   150/?]  eta: ?  loss: 0.0164 (0.0212)  time: 0.2475  data: 0.0484  max mem: 20673
Test:  [   160/?]  eta: ?  loss: 0.0139 (0.0215)  time: 0.2456  data: 0.0464  max mem: 20673
Test:  [   170/?]  eta: ?  loss: 0.0170 (0.0223)  time: 0.2449  data: 0.0457  max mem: 20673
Test:  [   180/?]  eta: ?  loss: 0.0148 (0.0221)  time: 0.2501  data: 0.0509  max mem: 20673
Test:  [   190/?]  eta: ?  loss: 0.0177 (0.0220)  time: 0.2558  data: 0.0566  max mem: 20673
Test:  [   200/?]  eta: ?  loss: 0.0122 (0.0218)  time: 0.2639  data: 0.0648  max mem: 20673
Test:  [   210/?]  eta: ?  loss: 0.0109 (0.0216)  time: 0.2612  data: 0.0622  max mem: 20673
Test:  [   220/?]  eta: ?  loss: 0.0109 (0.0212)  time: 0.2512  data: 0.0521  max mem: 20673
Test:  [   230/?]  eta: ?  loss: 0.0148 (0.0216)  time: 0.2547  data: 0.0556  max mem: 20673
Test:  [   240/?]  eta: ?  loss: 0.0188 (0.0217)  time: 0.2541  data: 0.0550  max mem: 20673
Test:  [   250/?]  eta: ?  loss: 0.0176 (0.0219)  time: 0.2521  data: 0.0529  max mem: 20673
Test:  [   260/?]  eta: ?  loss: 0.0176 (0.0226)  time: 0.2394  data: 0.0402  max mem: 20673
Test:  [   270/?]  eta: ?  loss: 0.0228 (0.0227)  time: 0.2211  data: 0.0219  max mem: 20673
Test:  [   280/?]  eta: ?  loss: 0.0172 (0.0224)  time: 0.2385  data: 0.0394  max mem: 20673
Test:  [   290/?]  eta: ?  loss: 0.0143 (0.0224)  time: 0.2627  data: 0.0637  max mem: 20673
Test:  [   300/?]  eta: ?  loss: 0.0150 (0.0225)  time: 0.2538  data: 0.0547  max mem: 20673
Test:  [   310/?]  eta: ?  loss: 0.0166 (0.0224)  time: 0.2409  data: 0.0417  max mem: 20673
Test:  [   320/?]  eta: ?  loss: 0.0174 (0.0228)  time: 0.2471  data: 0.0479  max mem: 20673
Test:  [   330/?]  eta: ?  loss: 0.0164 (0.0226)  time: 0.2560  data: 0.0568  max mem: 20673
Test:  [   340/?]  eta: ?  loss: 0.0143 (0.0226)  time: 0.2620  data: 0.0627  max mem: 20673
Test: Total time: 0:01:28 (0.2533 s / it)
* loss 0.023
  → Epoch  48/50 | Train Loss: 0.0008 | Val Loss: 0.0242 | Train score (1/(1+norm_MAE)): 0.9840 | Val MAE (years): 1.9812 | LR: 0.000000
Best val MAE (years): 1.8980, test MAE at best val: 1.8206
  Test segment MAE: 1.9242 | participant median MAE: 1.7121 | participant mean MAE: 1.7038
Epoch: [48]  [     0/?]  eta: ?  lr: 0.000012  min_lr: 0.000000  loss: 0.0006 (0.0006)  class_acc: 0.9843 (0.9843)  loss_scale: 18889465931478580854784.0000 (18889465931478580854784.0000)  weight_decay: 0.0500 (0.0500)  grad_norm: 1.3433 (1.3433)  time: 7.8947  data: 7.3839  max mem: 20673
Epoch: [48]  [   500/?]  eta: ?  lr: 0.000012  min_lr: 0.000000  loss: 0.0005 (0.0008)  class_acc: 0.9849 (0.9840)  loss_scale: 18889465931478580854784.0000 (18889465931478580854784.0000)  weight_decay: 0.0500 (0.0500)  grad_norm: 0.5968 (0.9596)  time: 0.5011  data: 0.0002  max mem: 20673
Epoch: [48]  [  1000/?]  eta: ?  lr: 0.000012  min_lr: 0.000000  loss: 0.0008 (0.0008)  class_acc: 0.9839 (0.9840)  loss_scale: 37778931862957161709568.0000 (21191678562487960076288.0000)  weight_decay: 0.0500 (0.0500)  grad_norm: 0.6574 (1.0288)  time: 0.5126  data: 0.0002  max mem: 20673
Epoch: [48]  [  1500/?]  eta: ?  lr: 0.000012  min_lr: 0.000000  loss: 0.0006 (0.0008)  class_acc: 0.9841 (0.9840)  loss_scale: 37778931862957161709568.0000 (26717079395422403821568.0000)  weight_decay: 0.0500 (0.0500)  grad_norm: 0.5290 (1.0164)  time: 0.5083  data: 0.0003  max mem: 20673
Epoch: [48]  [  2000/?]  eta: ?  lr: 0.000012  min_lr: 0.000000  loss: 0.0007 (0.0008)  class_acc: 0.9838 (0.9840)  loss_scale: 37778931862957161709568.0000 (29481160471767918051328.0000)  weight_decay: 0.0500 (0.0500)  grad_norm: 0.5014 (1.0597)  time: 0.5127  data: 0.0003  max mem: 20673
Epoch: [48] Total time: 0:20:44 (0.5100 s / it)
Val:  [     0/?]  eta: ?  loss: 0.0489 (0.0489)  time: 2.3508  data: 2.1525  max mem: 20673
Val:  [    10/?]  eta: ?  loss: 0.0255 (0.0250)  time: 0.4403  data: 0.2413  max mem: 20673
Val:  [    20/?]  eta: ?  loss: 0.0237 (0.0248)  time: 0.2507  data: 0.0518  max mem: 20673
Val:  [    30/?]  eta: ?  loss: 0.0192 (0.0229)  time: 0.2467  data: 0.0477  max mem: 20673
Val:  [    40/?]  eta: ?  loss: 0.0173 (0.0257)  time: 0.2610  data: 0.0620  max mem: 20673
Val:  [    50/?]  eta: ?  loss: 0.0139 (0.0258)  time: 0.2638  data: 0.0649  max mem: 20673
Val:  [    60/?]  eta: ?  loss: 0.0191 (0.0253)  time: 0.2581  data: 0.0592  max mem: 20673
Val:  [    70/?]  eta: ?  loss: 0.0191 (0.0241)  time: 0.2529  data: 0.0540  max mem: 20673
Val:  [    80/?]  eta: ?  loss: 0.0140 (0.0239)  time: 0.2302  data: 0.0312  max mem: 20673
Val:  [    90/?]  eta: ?  loss: 0.0155 (0.0243)  time: 0.2417  data: 0.0427  max mem: 20673
Val:  [   100/?]  eta: ?  loss: 0.0146 (0.0236)  time: 0.2529  data: 0.0540  max mem: 20673
Val:  [   110/?]  eta: ?  loss: 0.0160 (0.0234)  time: 0.2442  data: 0.0453  max mem: 20673
Val:  [   120/?]  eta: ?  loss: 0.0158 (0.0226)  time: 0.2420  data: 0.0431  max mem: 20673
Val:  [   130/?]  eta: ?  loss: 0.0127 (0.0222)  time: 0.2394  data: 0.0405  max mem: 20673
Val:  [   140/?]  eta: ?  loss: 0.0127 (0.0220)  time: 0.2434  data: 0.0444  max mem: 20673
Val:  [   150/?]  eta: ?  loss: 0.0117 (0.0217)  time: 0.2614  data: 0.0624  max mem: 20673
Val:  [   160/?]  eta: ?  loss: 0.0166 (0.0223)  time: 0.2523  data: 0.0533  max mem: 20673
Val:  [   170/?]  eta: ?  loss: 0.0180 (0.0221)  time: 0.2430  data: 0.0440  max mem: 20673
Val:  [   180/?]  eta: ?  loss: 0.0133 (0.0216)  time: 0.2448  data: 0.0459  max mem: 20673
Val:  [   190/?]  eta: ?  loss: 0.0120 (0.0216)  time: 0.2484  data: 0.0496  max mem: 20673
Val:  [   200/?]  eta: ?  loss: 0.0128 (0.0212)  time: 0.2650  data: 0.0662  max mem: 20673
Val:  [   210/?]  eta: ?  loss: 0.0153 (0.0226)  time: 0.2636  data: 0.0648  max mem: 20673
Val:  [   220/?]  eta: ?  loss: 0.0165 (0.0222)  time: 0.2674  data: 0.0687  max mem: 20673
Val:  [   230/?]  eta: ?  loss: 0.0159 (0.0225)  time: 0.2639  data: 0.0651  max mem: 20673
Val:  [   240/?]  eta: ?  loss: 0.0217 (0.0231)  time: 0.2657  data: 0.0669  max mem: 20673
Val:  [   250/?]  eta: ?  loss: 0.0189 (0.0232)  time: 0.2578  data: 0.0589  max mem: 20673
Val:  [   260/?]  eta: ?  loss: 0.0147 (0.0238)  time: 0.2396  data: 0.0406  max mem: 20673
Val:  [   270/?]  eta: ?  loss: 0.0183 (0.0240)  time: 0.2580  data: 0.0592  max mem: 20673
Val:  [   280/?]  eta: ?  loss: 0.0163 (0.0240)  time: 0.2642  data: 0.0653  max mem: 20673
Val:  [   290/?]  eta: ?  loss: 0.0153 (0.0239)  time: 0.2750  data: 0.0761  max mem: 20673
Val:  [   300/?]  eta: ?  loss: 0.0124 (0.0242)  time: 0.2654  data: 0.0665  max mem: 20673
Val:  [   310/?]  eta: ?  loss: 0.0155 (0.0244)  time: 0.2475  data: 0.0485  max mem: 20673
Val:  [   320/?]  eta: ?  loss: 0.0224 (0.0244)  time: 0.2584  data: 0.0593  max mem: 20673
Val:  [   330/?]  eta: ?  loss: 0.0206 (0.0247)  time: 0.2732  data: 0.0743  max mem: 20673
Val:  [   340/?]  eta: ?  loss: 0.0163 (0.0246)  time: 0.2733  data: 0.0744  max mem: 20673
Val:  [   350/?]  eta: ?  loss: 0.0141 (0.0244)  time: 0.2197  data: 0.0409  max mem: 20673
Val: Total time: 0:01:30 (0.2583 s / it)
* loss 0.024
Test:  [     0/?]  eta: ?  loss: 0.0148 (0.0148)  time: 2.0670  data: 1.8690  max mem: 20673
Test:  [    10/?]  eta: ?  loss: 0.0148 (0.0184)  time: 0.3805  data: 0.1816  max mem: 20673
Test:  [    20/?]  eta: ?  loss: 0.0179 (0.0289)  time: 0.2445  data: 0.0456  max mem: 20673
Test:  [    30/?]  eta: ?  loss: 0.0262 (0.0328)  time: 0.2610  data: 0.0622  max mem: 20673
Test:  [    40/?]  eta: ?  loss: 0.0201 (0.0299)  time: 0.2506  data: 0.0518  max mem: 20673
Test:  [    50/?]  eta: ?  loss: 0.0169 (0.0273)  time: 0.2458  data: 0.0470  max mem: 20673
Test:  [    60/?]  eta: ?  loss: 0.0143 (0.0257)  time: 0.2320  data: 0.0331  max mem: 20673
Test:  [    70/?]  eta: ?  loss: 0.0151 (0.0238)  time: 0.2352  data: 0.0362  max mem: 20673
Test:  [    80/?]  eta: ?  loss: 0.0151 (0.0231)  time: 0.2575  data: 0.0586  max mem: 20673
Test:  [    90/?]  eta: ?  loss: 0.0168 (0.0229)  time: 0.2550  data: 0.0561  max mem: 20673
Test:  [   100/?]  eta: ?  loss: 0.0161 (0.0225)  time: 0.2516  data: 0.0526  max mem: 20673
Test:  [   110/?]  eta: ?  loss: 0.0143 (0.0218)  time: 0.2584  data: 0.0595  max mem: 20673
Test:  [   120/?]  eta: ?  loss: 0.0164 (0.0215)  time: 0.2516  data: 0.0526  max mem: 20673
Test:  [   130/?]  eta: ?  loss: 0.0187 (0.0216)  time: 0.2378  data: 0.0388  max mem: 20673
Test:  [   140/?]  eta: ?  loss: 0.0211 (0.0219)  time: 0.2377  data: 0.0387  max mem: 20673
Test:  [   150/?]  eta: ?  loss: 0.0160 (0.0216)  time: 0.2462  data: 0.0472  max mem: 20673
Test:  [   160/?]  eta: ?  loss: 0.0139 (0.0219)  time: 0.2460  data: 0.0468  max mem: 20673
Test:  [   170/?]  eta: ?  loss: 0.0176 (0.0227)  time: 0.2457  data: 0.0466  max mem: 20673
Test:  [   180/?]  eta: ?  loss: 0.0148 (0.0225)  time: 0.2483  data: 0.0492  max mem: 20673
Test:  [   190/?]  eta: ?  loss: 0.0177 (0.0224)  time: 0.2540  data: 0.0549  max mem: 20673
Test:  [   200/?]  eta: ?  loss: 0.0126 (0.0222)  time: 0.2650  data: 0.0660  max mem: 20673
Test:  [   210/?]  eta: ?  loss: 0.0111 (0.0219)  time: 0.2612  data: 0.0623  max mem: 20673
Test:  [   220/?]  eta: ?  loss: 0.0106 (0.0215)  time: 0.2495  data: 0.0504  max mem: 20673
Test:  [   230/?]  eta: ?  loss: 0.0153 (0.0220)  time: 0.2452  data: 0.0461  max mem: 20673
Test:  [   240/?]  eta: ?  loss: 0.0184 (0.0220)  time: 0.2403  data: 0.0412  max mem: 20673
Test:  [   250/?]  eta: ?  loss: 0.0174 (0.0222)  time: 0.2467  data: 0.0475  max mem: 20673
Test:  [   260/?]  eta: ?  loss: 0.0174 (0.0230)  time: 0.2467  data: 0.0476  max mem: 20673
Test:  [   270/?]  eta: ?  loss: 0.0229 (0.0230)  time: 0.2333  data: 0.0342  max mem: 20673
Test:  [   280/?]  eta: ?  loss: 0.0172 (0.0228)  time: 0.2405  data: 0.0413  max mem: 20673
Test:  [   290/?]  eta: ?  loss: 0.0145 (0.0227)  time: 0.2574  data: 0.0582  max mem: 20673
Test:  [   300/?]  eta: ?  loss: 0.0150 (0.0228)  time: 0.2477  data: 0.0486  max mem: 20673
Test:  [   310/?]  eta: ?  loss: 0.0161 (0.0227)  time: 0.2376  data: 0.0384  max mem: 20673
Test:  [   320/?]  eta: ?  loss: 0.0182 (0.0231)  time: 0.2467  data: 0.0475  max mem: 20673
Test:  [   330/?]  eta: ?  loss: 0.0171 (0.0229)  time: 0.2552  data: 0.0561  max mem: 20673
Test:  [   340/?]  eta: ?  loss: 0.0148 (0.0229)  time: 0.2581  data: 0.0590  max mem: 20673
Test: Total time: 0:01:27 (0.2514 s / it)
* loss 0.023
  → Epoch  49/50 | Train Loss: 0.0008 | Val Loss: 0.0244 | Train score (1/(1+norm_MAE)): 0.9840 | Val MAE (years): 1.9890 | LR: 0.000000
Best val MAE (years): 1.8980, test MAE at best val: 1.8206
  Test segment MAE: 1.9325 | participant median MAE: 1.7217 | participant mean MAE: 1.7094
Epoch: [49]  [     0/?]  eta: ?  lr: 0.000011  min_lr: 0.000000  loss: 0.0007 (0.0007)  class_acc: 0.9831 (0.9831)  loss_scale: 37778931862957161709568.0000 (37778931862957161709568.0000)  weight_decay: 0.0500 (0.0500)  grad_norm: 0.4881 (0.4881)  time: 7.7204  data: 7.2133  max mem: 20673
Epoch: [49]  [   500/?]  eta: ?  lr: 0.000011  min_lr: 0.000000  loss: 0.0006 (0.0008)  class_acc: 0.9844 (0.9841)  loss_scale: 75557863725914323419136.0000 (42454168939810141503488.0000)  weight_decay: 0.0500 (0.0500)  grad_norm: 0.7528 (1.0669)  time: 0.5047  data: 0.0002  max mem: 20673
Epoch: [49]  [  1000/?]  eta: ?  lr: 0.000011  min_lr: 0.000000  loss: 0.0007 (0.0008)  class_acc: 0.9843 (0.9841)  loss_scale: 75557863725914323419136.0000 (58989481020781265682432.0000)  weight_decay: 0.0500 (0.0500)  grad_norm: 0.4987 (1.0721)  time: 0.5102  data: 0.0002  max mem: 20673
Epoch: [49]  [  1500/?]  eta: ?  lr: 0.000011  min_lr: 0.000000  loss: 0.0006 (0.0008)  class_acc: 0.9839 (0.9841)  loss_scale: 75557863725914323419136.0000 (64508595845942172712960.0000)  weight_decay: 0.0500 (0.0500)  grad_norm: 0.3549 (1.0641)  time: 0.5053  data: 0.0002  max mem: 20673
Epoch: [49]  [  2000/?]  eta: ?  lr: 0.000011  min_lr: 0.000000  loss: 0.0007 (0.0008)  class_acc: 0.9841 (0.9841)  loss_scale: 75557863725914323419136.0000 (67269532347684339318784.0000)  weight_decay: 0.0500 (0.0500)  grad_norm: 0.5979 (1.0680)  time: 0.5098  data: 0.0002  max mem: 20673
Epoch: [49] Total time: 0:20:43 (0.5098 s / it)
Val:  [     0/?]  eta: ?  loss: 0.0481 (0.0481)  time: 2.2904  data: 2.0920  max mem: 20673
Val:  [    10/?]  eta: ?  loss: 0.0252 (0.0249)  time: 0.4294  data: 0.2301  max mem: 20673
Val:  [    20/?]  eta: ?  loss: 0.0226 (0.0247)  time: 0.2346  data: 0.0353  max mem: 20673
Val:  [    30/?]  eta: ?  loss: 0.0183 (0.0228)  time: 0.2391  data: 0.0398  max mem: 20673
Val:  [    40/?]  eta: ?  loss: 0.0169 (0.0255)  time: 0.2653  data: 0.0661  max mem: 20673
Val:  [    50/?]  eta: ?  loss: 0.0140 (0.0256)  time: 0.2596  data: 0.0605  max mem: 20673
Val:  [    60/?]  eta: ?  loss: 0.0186 (0.0251)  time: 0.2544  data: 0.0553  max mem: 20673
Val:  [    70/?]  eta: ?  loss: 0.0186 (0.0239)  time: 0.2616  data: 0.0625  max mem: 20673
Val:  [    80/?]  eta: ?  loss: 0.0141 (0.0237)  time: 0.2533  data: 0.0543  max mem: 20673
Val:  [    90/?]  eta: ?  loss: 0.0155 (0.0241)  time: 0.2323  data: 0.0333  max mem: 20673
Val:  [   100/?]  eta: ?  loss: 0.0148 (0.0234)  time: 0.2209  data: 0.0217  max mem: 20673
Val:  [   110/?]  eta: ?  loss: 0.0153 (0.0232)  time: 0.2439  data: 0.0447  max mem: 20673
Val:  [   120/?]  eta: ?  loss: 0.0166 (0.0225)  time: 0.2491  data: 0.0499  max mem: 20673
Val:  [   130/?]  eta: ?  loss: 0.0125 (0.0221)  time: 0.2459  data: 0.0468  max mem: 20673
Val:  [   140/?]  eta: ?  loss: 0.0121 (0.0218)  time: 0.2469  data: 0.0478  max mem: 20673
Val:  [   150/?]  eta: ?  loss: 0.0110 (0.0215)  time: 0.2528  data: 0.0536  max mem: 20673
Val:  [   160/?]  eta: ?  loss: 0.0167 (0.0221)  time: 0.2500  data: 0.0509  max mem: 20673
Val:  [   170/?]  eta: ?  loss: 0.0186 (0.0220)  time: 0.2437  data: 0.0446  max mem: 20673
Val:  [   180/?]  eta: ?  loss: 0.0143 (0.0214)  time: 0.2427  data: 0.0435  max mem: 20673
Val:  [   190/?]  eta: ?  loss: 0.0119 (0.0215)  time: 0.2549  data: 0.0558  max mem: 20673
Val:  [   200/?]  eta: ?  loss: 0.0128 (0.0211)  time: 0.2652  data: 0.0660  max mem: 20673
Val:  [   210/?]  eta: ?  loss: 0.0146 (0.0225)  time: 0.2567  data: 0.0576  max mem: 20673
Val:  [   220/?]  eta: ?  loss: 0.0165 (0.0221)  time: 0.2575  data: 0.0584  max mem: 20673
Val:  [   230/?]  eta: ?  loss: 0.0157 (0.0223)  time: 0.2617  data: 0.0626  max mem: 20673
Val:  [   240/?]  eta: ?  loss: 0.0226 (0.0230)  time: 0.2592  data: 0.0602  max mem: 20673
Val:  [   250/?]  eta: ?  loss: 0.0190 (0.0231)  time: 0.2672  data: 0.0681  max mem: 20673
Val:  [   260/?]  eta: ?  loss: 0.0146 (0.0237)  time: 0.2656  data: 0.0665  max mem: 20673
Val:  [   270/?]  eta: ?  loss: 0.0176 (0.0238)  time: 0.2640  data: 0.0649  max mem: 20673
Val:  [   280/?]  eta: ?  loss: 0.0173 (0.0238)  time: 0.2639  data: 0.0648  max mem: 20673
Val:  [   290/?]  eta: ?  loss: 0.0150 (0.0238)  time: 0.2673  data: 0.0683  max mem: 20673
Val:  [   300/?]  eta: ?  loss: 0.0121 (0.0240)  time: 0.2657  data: 0.0667  max mem: 20673
Val:  [   310/?]  eta: ?  loss: 0.0168 (0.0242)  time: 0.2562  data: 0.0572  max mem: 20673
Val:  [   320/?]  eta: ?  loss: 0.0233 (0.0242)  time: 0.2701  data: 0.0710  max mem: 20673
Val:  [   330/?]  eta: ?  loss: 0.0206 (0.0245)  time: 0.2769  data: 0.0778  max mem: 20673
Val:  [   340/?]  eta: ?  loss: 0.0161 (0.0245)  time: 0.2614  data: 0.0624  max mem: 20673
Val:  [   350/?]  eta: ?  loss: 0.0156 (0.0243)  time: 0.2140  data: 0.0351  max mem: 20673
Val: Total time: 0:01:30 (0.2579 s / it)
* loss 0.024
Test:  [     0/?]  eta: ?  loss: 0.0152 (0.0152)  time: 2.2227  data: 2.0247  max mem: 20673
Test:  [    10/?]  eta: ?  loss: 0.0152 (0.0185)  time: 0.4271  data: 0.2282  max mem: 20673
Test:  [    20/?]  eta: ?  loss: 0.0186 (0.0288)  time: 0.2515  data: 0.0524  max mem: 20673
Test:  [    30/?]  eta: ?  loss: 0.0258 (0.0326)  time: 0.2539  data: 0.0548  max mem: 20673
Test:  [    40/?]  eta: ?  loss: 0.0198 (0.0298)  time: 0.2583  data: 0.0592  max mem: 20673
Test:  [    50/?]  eta: ?  loss: 0.0166 (0.0272)  time: 0.2481  data: 0.0490  max mem: 20673
Test:  [    60/?]  eta: ?  loss: 0.0138 (0.0255)  time: 0.2486  data: 0.0495  max mem: 20673
Test:  [    70/?]  eta: ?  loss: 0.0149 (0.0237)  time: 0.2616  data: 0.0625  max mem: 20673
Test:  [    80/?]  eta: ?  loss: 0.0151 (0.0229)  time: 0.2625  data: 0.0635  max mem: 20673
Test:  [    90/?]  eta: ?  loss: 0.0163 (0.0227)  time: 0.2382  data: 0.0391  max mem: 20673
Test:  [   100/?]  eta: ?  loss: 0.0155 (0.0224)  time: 0.2176  data: 0.0184  max mem: 20673
Test:  [   110/?]  eta: ?  loss: 0.0145 (0.0217)  time: 0.2337  data: 0.0345  max mem: 20673
Test:  [   120/?]  eta: ?  loss: 0.0159 (0.0215)  time: 0.2452  data: 0.0460  max mem: 20673
Test:  [   130/?]  eta: ?  loss: 0.0187 (0.0215)  time: 0.2357  data: 0.0366  max mem: 20673
Test:  [   140/?]  eta: ?  loss: 0.0211 (0.0218)  time: 0.2456  data: 0.0465  max mem: 20673
Test:  [   150/?]  eta: ?  loss: 0.0163 (0.0215)  time: 0.2439  data: 0.0448  max mem: 20673
Test:  [   160/?]  eta: ?  loss: 0.0143 (0.0218)  time: 0.2298  data: 0.0308  max mem: 20673
Test:  [   170/?]  eta: ?  loss: 0.0167 (0.0225)  time: 0.2372  data: 0.0382  max mem: 20673
Test:  [   180/?]  eta: ?  loss: 0.0150 (0.0223)  time: 0.2474  data: 0.0482  max mem: 20673
Test:  [   190/?]  eta: ?  loss: 0.0175 (0.0223)  time: 0.2554  data: 0.0563  max mem: 20673
Test:  [   200/?]  eta: ?  loss: 0.0125 (0.0221)  time: 0.2634  data: 0.0644  max mem: 20673
Test:  [   210/?]  eta: ?  loss: 0.0108 (0.0218)  time: 0.2614  data: 0.0622  max mem: 20673
Test:  [   220/?]  eta: ?  loss: 0.0107 (0.0214)  time: 0.2538  data: 0.0546  max mem: 20673
Test:  [   230/?]  eta: ?  loss: 0.0146 (0.0218)  time: 0.2541  data: 0.0549  max mem: 20673
Test:  [   240/?]  eta: ?  loss: 0.0188 (0.0219)  time: 0.2519  data: 0.0527  max mem: 20673
Test:  [   250/?]  eta: ?  loss: 0.0174 (0.0220)  time: 0.2498  data: 0.0506  max mem: 20673
Test:  [   260/?]  eta: ?  loss: 0.0174 (0.0228)  time: 0.2405  data: 0.0413  max mem: 20673
Test:  [   270/?]  eta: ?  loss: 0.0235 (0.0229)  time: 0.2423  data: 0.0432  max mem: 20673
Test:  [   280/?]  eta: ?  loss: 0.0168 (0.0226)  time: 0.2348  data: 0.0355  max mem: 20673
Test:  [   290/?]  eta: ?  loss: 0.0145 (0.0225)  time: 0.2477  data: 0.0486  max mem: 20673
Test:  [   300/?]  eta: ?  loss: 0.0148 (0.0226)  time: 0.2506  data: 0.0516  max mem: 20673
Test:  [   310/?]  eta: ?  loss: 0.0162 (0.0226)  time: 0.2510  data: 0.0518  max mem: 20673
Test:  [   320/?]  eta: ?  loss: 0.0180 (0.0230)  time: 0.2490  data: 0.0498  max mem: 20673
Test:  [   330/?]  eta: ?  loss: 0.0163 (0.0228)  time: 0.2492  data: 0.0501  max mem: 20673
Test:  [   340/?]  eta: ?  loss: 0.0148 (0.0228)  time: 0.2548  data: 0.0556  max mem: 20673
Test: Total time: 0:01:27 (0.2511 s / it)
* loss 0.023

============================================================
Counting samples by task type...
============================================================

============================================================
Evaluating on active tasks (20,949 samples)...
============================================================
Active Test:  [     0/?]  eta: ?  loss: 0.1165 (0.1165)  time: 2.7179  data: 2.6773  max mem: 20673
Active Test:  [    10/?]  eta: ?  loss: 0.0180 (0.0337)  time: 0.2804  data: 0.2490  max mem: 20673
Active Test:  [    20/?]  eta: ?  loss: 0.0144 (0.0268)  time: 0.0394  data: 0.0090  max mem: 20673
Active Test:  [    30/?]  eta: ?  loss: 0.0196 (0.0295)  time: 0.0384  data: 0.0080  max mem: 20673
Active Test:  [    40/?]  eta: ?  loss: 0.0177 (0.0269)  time: 0.0379  data: 0.0075  max mem: 20673
Active Test:  [    50/?]  eta: ?  loss: 0.0121 (0.0238)  time: 0.0392  data: 0.0089  max mem: 20673
Active Test:  [    60/?]  eta: ?  loss: 0.0121 (0.0232)  time: 0.0395  data: 0.0092  max mem: 20673
Active Test:  [    70/?]  eta: ?  loss: 0.0215 (0.0256)  time: 0.0406  data: 0.0103  max mem: 20673
Active Test:  [    80/?]  eta: ?  loss: 0.0215 (0.0255)  time: 0.0393  data: 0.0091  max mem: 20673
Active Test:  [    90/?]  eta: ?  loss: 0.0175 (0.0247)  time: 0.0393  data: 0.0090  max mem: 20673
Active Test:  [   100/?]  eta: ?  loss: 0.0136 (0.0239)  time: 0.0372  data: 0.0069  max mem: 20673
Active Test:  [   110/?]  eta: ?  loss: 0.0070 (0.0226)  time: 0.0379  data: 0.0076  max mem: 20673
Active Test:  [   120/?]  eta: ?  loss: 0.0119 (0.0221)  time: 0.0417  data: 0.0115  max mem: 20673
Active Test:  [   130/?]  eta: ?  loss: 0.0146 (0.0219)  time: 0.0414  data: 0.0111  max mem: 20673
Active Test:  [   140/?]  eta: ?  loss: 0.0127 (0.0218)  time: 0.0384  data: 0.0081  max mem: 20673
Active Test:  [   150/?]  eta: ?  loss: 0.0108 (0.0212)  time: 0.0383  data: 0.0079  max mem: 20673
Active Test:  [   160/?]  eta: ?  loss: 0.0129 (0.0210)  time: 0.0373  data: 0.0069  max mem: 20673
Active Test:  [   170/?]  eta: ?  loss: 0.0145 (0.0208)  time: 0.0367  data: 0.0062  max mem: 20673
Active Test:  [   180/?]  eta: ?  loss: 0.0180 (0.0213)  time: 0.0381  data: 0.0078  max mem: 20673
Active Test:  [   190/?]  eta: ?  loss: 0.0187 (0.0225)  time: 0.0388  data: 0.0085  max mem: 20673
Active Test:  [   200/?]  eta: ?  loss: 0.0107 (0.0249)  time: 0.0388  data: 0.0085  max mem: 20673
Active Test:  [   210/?]  eta: ?  loss: 0.0068 (0.0243)  time: 0.0380  data: 0.0076  max mem: 20673
Active Test:  [   220/?]  eta: ?  loss: 0.0065 (0.0242)  time: 0.0377  data: 0.0074  max mem: 20673
Active Test:  [   230/?]  eta: ?  loss: 0.0150 (0.0239)  time: 0.0381  data: 0.0078  max mem: 20673
Active Test:  [   240/?]  eta: ?  loss: 0.0160 (0.0238)  time: 0.0380  data: 0.0076  max mem: 20673
Active Test:  [   250/?]  eta: ?  loss: 0.0160 (0.0238)  time: 0.0408  data: 0.0103  max mem: 20673
Active Test:  [   260/?]  eta: ?  loss: 0.0129 (0.0244)  time: 0.0403  data: 0.0100  max mem: 20673
Active Test:  [   270/?]  eta: ?  loss: 0.0141 (0.0241)  time: 0.0373  data: 0.0070  max mem: 20673
Active Test:  [   280/?]  eta: ?  loss: 0.0161 (0.0242)  time: 0.0373  data: 0.0069  max mem: 20673
Active Test:  [   290/?]  eta: ?  loss: 0.0166 (0.0240)  time: 0.0375  data: 0.0072  max mem: 20673
Active Test:  [   300/?]  eta: ?  loss: 0.0140 (0.0239)  time: 0.0371  data: 0.0067  max mem: 20673
Active Test:  [   310/?]  eta: ?  loss: 0.0140 (0.0237)  time: 0.0391  data: 0.0088  max mem: 20673
Active Test:  [   320/?]  eta: ?  loss: 0.0192 (0.0240)  time: 0.0414  data: 0.0111  max mem: 20673
Active Test: Total time: 0:00:15 (0.0477 s / it)
* loss 0.024

============================================================
Evaluating on passive tasks (113,222 samples)...
============================================================
Passive Test:  [     0/?]  eta: ?  loss: 0.0116 (0.0116)  time: 1.0631  data: 1.0299  max mem: 20673
Passive Test:  [    10/?]  eta: ?  loss: 0.0532 (0.0833)  time: 0.1329  data: 0.1021  max mem: 20673
Passive Test:  [    20/?]  eta: ?  loss: 0.0808 (0.1002)  time: 0.0429  data: 0.0125  max mem: 20673
Passive Test:  [    30/?]  eta: ?  loss: 0.0808 (0.0934)  time: 0.0448  data: 0.0144  max mem: 20673
Passive Test:  [    40/?]  eta: ?  loss: 0.0334 (0.0773)  time: 0.0453  data: 0.0150  max mem: 20673
Passive Test:  [    50/?]  eta: ?  loss: 0.0200 (0.0659)  time: 0.0428  data: 0.0124  max mem: 20673
Passive Test:  [    60/?]  eta: ?  loss: 0.0130 (0.0569)  time: 0.0389  data: 0.0085  max mem: 20673
Passive Test:  [    70/?]  eta: ?  loss: 0.0130 (0.0508)  time: 0.0366  data: 0.0061  max mem: 20673
Passive Test:  [    80/?]  eta: ?  loss: 0.0105 (0.0462)  time: 0.0372  data: 0.0065  max mem: 20673
Passive Test:  [    90/?]  eta: ?  loss: 0.0087 (0.0423)  time: 0.0378  data: 0.0071  max mem: 20673
Passive Test:  [   100/?]  eta: ?  loss: 0.0148 (0.0425)  time: 0.0401  data: 0.0093  max mem: 20673
Passive Test:  [   110/?]  eta: ?  loss: 0.0441 (0.0436)  time: 0.0424  data: 0.0118  max mem: 20673
Passive Test:  [   120/?]  eta: ?  loss: 0.0374 (0.0427)  time: 0.0397  data: 0.0092  max mem: 20673
Passive Test:  [   130/?]  eta: ?  loss: 0.0273 (0.0413)  time: 0.0368  data: 0.0062  max mem: 20673
Passive Test:  [   140/?]  eta: ?  loss: 0.0093 (0.0393)  time: 0.0348  data: 0.0043  max mem: 20673
Passive Test:  [   150/?]  eta: ?  loss: 0.0107 (0.0377)  time: 0.0377  data: 0.0072  max mem: 20673
Passive Test:  [   160/?]  eta: ?  loss: 0.0107 (0.0361)  time: 0.0412  data: 0.0107  max mem: 20673
Passive Test:  [   170/?]  eta: ?  loss: 0.0099 (0.0346)  time: 0.0447  data: 0.0143  max mem: 20673
Passive Test:  [   180/?]  eta: ?  loss: 0.0101 (0.0334)  time: 0.0457  data: 0.0154  max mem: 20673
Passive Test:  [   190/?]  eta: ?  loss: 0.0103 (0.0325)  time: 0.0428  data: 0.0124  max mem: 20673
Passive Test:  [   200/?]  eta: ?  loss: 0.0074 (0.0317)  time: 0.0386  data: 0.0081  max mem: 20673
Passive Test:  [   210/?]  eta: ?  loss: 0.0071 (0.0308)  time: 0.0358  data: 0.0053  max mem: 20673
Passive Test:  [   220/?]  eta: ?  loss: 0.0129 (0.0304)  time: 0.0381  data: 0.0077  max mem: 20673
Passive Test:  [   230/?]  eta: ?  loss: 0.0182 (0.0300)  time: 0.0450  data: 0.0146  max mem: 20673
Passive Test:  [   240/?]  eta: ?  loss: 0.0181 (0.0297)  time: 0.0466  data: 0.0162  max mem: 20673
Passive Test:  [   250/?]  eta: ?  loss: 0.0161 (0.0294)  time: 0.0463  data: 0.0159  max mem: 20673
Passive Test:  [   260/?]  eta: ?  loss: 0.0151 (0.0294)  time: 0.0441  data: 0.0137  max mem: 20673
Passive Test:  [   270/?]  eta: ?  loss: 0.0157 (0.0293)  time: 0.0435  data: 0.0131  max mem: 20673
Passive Test:  [   280/?]  eta: ?  loss: 0.0211 (0.0297)  time: 0.0445  data: 0.0141  max mem: 20673
Passive Test:  [   290/?]  eta: ?  loss: 0.0228 (0.0295)  time: 0.0459  data: 0.0155  max mem: 20673
Passive Test:  [   300/?]  eta: ?  loss: 0.0187 (0.0291)  time: 0.0436  data: 0.0132  max mem: 20673
Passive Test:  [   310/?]  eta: ?  loss: 0.0120 (0.0285)  time: 0.0350  data: 0.0045  max mem: 20673
Passive Test:  [   320/?]  eta: ?  loss: 0.0078 (0.0280)  time: 0.0338  data: 0.0032  max mem: 20673
Passive Test:  [   330/?]  eta: ?  loss: 0.0085 (0.0276)  time: 0.0358  data: 0.0053  max mem: 20673
Passive Test:  [   340/?]  eta: ?  loss: 0.0094 (0.0275)  time: 0.0384  data: 0.0080  max mem: 20673
Passive Test:  [   350/?]  eta: ?  loss: 0.0074 (0.0272)  time: 0.0425  data: 0.0121  max mem: 20673
Passive Test:  [   360/?]  eta: ?  loss: 0.0072 (0.0268)  time: 0.0434  data: 0.0129  max mem: 20673
Passive Test:  [   370/?]  eta: ?  loss: 0.0047 (0.0263)  time: 0.0402  data: 0.0096  max mem: 20673
Passive Test:  [   380/?]  eta: ?  loss: 0.0063 (0.0259)  time: 0.0400  data: 0.0095  max mem: 20673
Passive Test:  [   390/?]  eta: ?  loss: 0.0146 (0.0258)  time: 0.0445  data: 0.0140  max mem: 20673
Passive Test:  [   400/?]  eta: ?  loss: 0.0176 (0.0257)  time: 0.0508  data: 0.0204  max mem: 20673
Passive Test:  [   410/?]  eta: ?  loss: 0.0195 (0.0258)  time: 0.0466  data: 0.0162  max mem: 20673
Passive Test:  [   420/?]  eta: ?  loss: 0.0195 (0.0256)  time: 0.0429  data: 0.0125  max mem: 20673
Passive Test:  [   430/?]  eta: ?  loss: 0.0161 (0.0254)  time: 0.0458  data: 0.0154  max mem: 20673
Passive Test:  [   440/?]  eta: ?  loss: 0.0146 (0.0252)  time: 0.0447  data: 0.0143  max mem: 20673
Passive Test:  [   450/?]  eta: ?  loss: 0.0153 (0.0251)  time: 0.0436  data: 0.0131  max mem: 20673
Passive Test:  [   460/?]  eta: ?  loss: 0.0144 (0.0248)  time: 0.0457  data: 0.0152  max mem: 20673
Passive Test:  [   470/?]  eta: ?  loss: 0.0118 (0.0248)  time: 0.0448  data: 0.0144  max mem: 20673
Passive Test:  [   480/?]  eta: ?  loss: 0.0105 (0.0249)  time: 0.0427  data: 0.0123  max mem: 20673
Passive Test:  [   490/?]  eta: ?  loss: 0.0146 (0.0249)  time: 0.0428  data: 0.0124  max mem: 20673
Passive Test:  [   500/?]  eta: ?  loss: 0.0167 (0.0249)  time: 0.0435  data: 0.0130  max mem: 20673
Passive Test:  [   510/?]  eta: ?  loss: 0.0103 (0.0249)  time: 0.0434  data: 0.0130  max mem: 20673
Passive Test:  [   520/?]  eta: ?  loss: 0.0099 (0.0247)  time: 0.0455  data: 0.0152  max mem: 20673
Passive Test:  [   530/?]  eta: ?  loss: 0.0097 (0.0244)  time: 0.0461  data: 0.0156  max mem: 20673
Passive Test:  [   540/?]  eta: ?  loss: 0.0094 (0.0242)  time: 0.0432  data: 0.0127  max mem: 20673
Passive Test:  [   550/?]  eta: ?  loss: 0.0071 (0.0238)  time: 0.0429  data: 0.0125  max mem: 20673
Passive Test:  [   560/?]  eta: ?  loss: 0.0057 (0.0235)  time: 0.0460  data: 0.0156  max mem: 20673
Passive Test:  [   570/?]  eta: ?  loss: 0.0053 (0.0232)  time: 0.0455  data: 0.0151  max mem: 20673
Passive Test:  [   580/?]  eta: ?  loss: 0.0057 (0.0230)  time: 0.0431  data: 0.0127  max mem: 20673
Passive Test:  [   590/?]  eta: ?  loss: 0.0070 (0.0227)  time: 0.0439  data: 0.0136  max mem: 20673
Passive Test:  [   600/?]  eta: ?  loss: 0.0077 (0.0225)  time: 0.0431  data: 0.0127  max mem: 20673
Passive Test:  [   610/?]  eta: ?  loss: 0.0077 (0.0223)  time: 0.0440  data: 0.0136  max mem: 20673
Passive Test:  [   620/?]  eta: ?  loss: 0.0092 (0.0222)  time: 0.0456  data: 0.0152  max mem: 20673
Passive Test:  [   630/?]  eta: ?  loss: 0.0105 (0.0220)  time: 0.0468  data: 0.0164  max mem: 20673
Passive Test:  [   640/?]  eta: ?  loss: 0.0113 (0.0219)  time: 0.0456  data: 0.0151  max mem: 20673
Passive Test:  [   650/?]  eta: ?  loss: 0.0137 (0.0218)  time: 0.0427  data: 0.0122  max mem: 20673
Passive Test:  [   660/?]  eta: ?  loss: 0.0191 (0.0219)  time: 0.0438  data: 0.0132  max mem: 20673
Passive Test:  [   670/?]  eta: ?  loss: 0.0187 (0.0218)  time: 0.0441  data: 0.0136  max mem: 20673
Passive Test:  [   680/?]  eta: ?  loss: 0.0104 (0.0218)  time: 0.0434  data: 0.0129  max mem: 20673
Passive Test:  [   690/?]  eta: ?  loss: 0.0125 (0.0218)  time: 0.0430  data: 0.0126  max mem: 20673
Passive Test:  [   700/?]  eta: ?  loss: 0.0183 (0.0218)  time: 0.0443  data: 0.0138  max mem: 20673
Passive Test:  [   710/?]  eta: ?  loss: 0.0181 (0.0218)  time: 0.0440  data: 0.0136  max mem: 20673
Passive Test:  [   720/?]  eta: ?  loss: 0.0138 (0.0217)  time: 0.0424  data: 0.0120  max mem: 20673
Passive Test:  [   730/?]  eta: ?  loss: 0.0149 (0.0216)  time: 0.0424  data: 0.0119  max mem: 20673
Passive Test:  [   740/?]  eta: ?  loss: 0.0164 (0.0216)  time: 0.0435  data: 0.0129  max mem: 20673
Passive Test:  [   750/?]  eta: ?  loss: 0.0191 (0.0217)  time: 0.0449  data: 0.0144  max mem: 20673
Passive Test:  [   760/?]  eta: ?  loss: 0.0251 (0.0219)  time: 0.0466  data: 0.0161  max mem: 20673
Passive Test:  [   770/?]  eta: ?  loss: 0.0277 (0.0219)  time: 0.0466  data: 0.0161  max mem: 20673
Passive Test:  [   780/?]  eta: ?  loss: 0.0109 (0.0218)  time: 0.0439  data: 0.0134  max mem: 20673
Passive Test:  [   790/?]  eta: ?  loss: 0.0105 (0.0219)  time: 0.0428  data: 0.0123  max mem: 20673
Passive Test:  [   800/?]  eta: ?  loss: 0.0164 (0.0220)  time: 0.0461  data: 0.0156  max mem: 20673
Passive Test:  [   810/?]  eta: ?  loss: 0.0227 (0.0226)  time: 0.0474  data: 0.0170  max mem: 20673
Passive Test:  [   820/?]  eta: ?  loss: 0.0244 (0.0229)  time: 0.0459  data: 0.0153  max mem: 20673
Passive Test:  [   830/?]  eta: ?  loss: 0.0200 (0.0232)  time: 0.0449  data: 0.0144  max mem: 20673
Passive Test:  [   840/?]  eta: ?  loss: 0.0191 (0.0233)  time: 0.0446  data: 0.0141  max mem: 20673
Passive Test:  [   850/?]  eta: ?  loss: 0.0107 (0.0233)  time: 0.0437  data: 0.0132  max mem: 20673
Passive Test:  [   860/?]  eta: ?  loss: 0.0131 (0.0233)  time: 0.0416  data: 0.0112  max mem: 20673
Passive Test:  [   870/?]  eta: ?  loss: 0.0314 (0.0236)  time: 0.0422  data: 0.0117  max mem: 20673
Passive Test:  [   880/?]  eta: ?  loss: 0.0211 (0.0236)  time: 0.0430  data: 0.0124  max mem: 20673
Passive Test:  [   890/?]  eta: ?  loss: 0.0209 (0.0237)  time: 0.0427  data: 0.0122  max mem: 20673
Passive Test:  [   900/?]  eta: ?  loss: 0.0168 (0.0236)  time: 0.0447  data: 0.0143  max mem: 20673
Passive Test:  [   910/?]  eta: ?  loss: 0.0103 (0.0235)  time: 0.0456  data: 0.0152  max mem: 20673
Passive Test:  [   920/?]  eta: ?  loss: 0.0103 (0.0234)  time: 0.0443  data: 0.0138  max mem: 20673
Passive Test:  [   930/?]  eta: ?  loss: 0.0125 (0.0233)  time: 0.0440  data: 0.0135  max mem: 20673
Passive Test:  [   940/?]  eta: ?  loss: 0.0125 (0.0233)  time: 0.0403  data: 0.0098  max mem: 20673
Passive Test:  [   950/?]  eta: ?  loss: 0.0166 (0.0237)  time: 0.0396  data: 0.0090  max mem: 20673
Passive Test:  [   960/?]  eta: ?  loss: 0.0158 (0.0236)  time: 0.0407  data: 0.0101  max mem: 20673
Passive Test:  [   970/?]  eta: ?  loss: 0.0108 (0.0235)  time: 0.0396  data: 0.0090  max mem: 20673
Passive Test:  [   980/?]  eta: ?  loss: 0.0187 (0.0235)  time: 0.0426  data: 0.0120  max mem: 20673
Passive Test:  [   990/?]  eta: ?  loss: 0.0120 (0.0234)  time: 0.0441  data: 0.0134  max mem: 20673
Passive Test:  [  1000/?]  eta: ?  loss: 0.0090 (0.0233)  time: 0.0436  data: 0.0131  max mem: 20673
Passive Test:  [  1010/?]  eta: ?  loss: 0.0138 (0.0232)  time: 0.0433  data: 0.0127  max mem: 20673
Passive Test:  [  1020/?]  eta: ?  loss: 0.0138 (0.0231)  time: 0.0438  data: 0.0132  max mem: 20673
Passive Test:  [  1030/?]  eta: ?  loss: 0.0196 (0.0234)  time: 0.0462  data: 0.0157  max mem: 20673
Passive Test:  [  1040/?]  eta: ?  loss: 0.0641 (0.0240)  time: 0.0501  data: 0.0195  max mem: 20673
Passive Test:  [  1050/?]  eta: ?  loss: 0.0353 (0.0240)  time: 0.0513  data: 0.0207  max mem: 20673
Passive Test:  [  1060/?]  eta: ?  loss: 0.0126 (0.0240)  time: 0.0517  data: 0.0212  max mem: 20673
Passive Test:  [  1070/?]  eta: ?  loss: 0.0145 (0.0240)  time: 0.0507  data: 0.0202  max mem: 20673
Passive Test:  [  1080/?]  eta: ?  loss: 0.0203 (0.0242)  time: 0.0458  data: 0.0152  max mem: 20673
Passive Test:  [  1090/?]  eta: ?  loss: 0.0316 (0.0244)  time: 0.0432  data: 0.0127  max mem: 20673
Passive Test:  [  1100/?]  eta: ?  loss: 0.0239 (0.0244)  time: 0.0454  data: 0.0148  max mem: 20673
Passive Test:  [  1110/?]  eta: ?  loss: 0.0264 (0.0245)  time: 0.0468  data: 0.0162  max mem: 20673
Passive Test:  [  1120/?]  eta: ?  loss: 0.0238 (0.0245)  time: 0.0453  data: 0.0148  max mem: 20673
Passive Test:  [  1130/?]  eta: ?  loss: 0.0058 (0.0243)  time: 0.0423  data: 0.0117  max mem: 20673
Passive Test:  [  1140/?]  eta: ?  loss: 0.0060 (0.0244)  time: 0.0440  data: 0.0135  max mem: 20673
Passive Test:  [  1150/?]  eta: ?  loss: 0.0152 (0.0244)  time: 0.0488  data: 0.0182  max mem: 20673
Passive Test:  [  1160/?]  eta: ?  loss: 0.0093 (0.0244)  time: 0.0545  data: 0.0238  max mem: 20673
Passive Test:  [  1170/?]  eta: ?  loss: 0.0209 (0.0246)  time: 0.0548  data: 0.0242  max mem: 20673
Passive Test:  [  1180/?]  eta: ?  loss: 0.0418 (0.0249)  time: 0.0539  data: 0.0233  max mem: 20673
Passive Test:  [  1190/?]  eta: ?  loss: 0.0107 (0.0250)  time: 0.0558  data: 0.0253  max mem: 20673
Passive Test:  [  1200/?]  eta: ?  loss: 0.0067 (0.0248)  time: 0.0591  data: 0.0286  max mem: 20673
Passive Test:  [  1210/?]  eta: ?  loss: 0.0094 (0.0249)  time: 0.0595  data: 0.0290  max mem: 20673
Passive Test:  [  1220/?]  eta: ?  loss: 0.0149 (0.0252)  time: 0.0574  data: 0.0268  max mem: 20673
Passive Test:  [  1230/?]  eta: ?  loss: 0.0099 (0.0251)  time: 0.0587  data: 0.0281  max mem: 20673
Passive Test:  [  1240/?]  eta: ?  loss: 0.0090 (0.0250)  time: 0.0566  data: 0.0261  max mem: 20673
Passive Test:  [  1250/?]  eta: ?  loss: 0.0115 (0.0249)  time: 0.0542  data: 0.0236  max mem: 20673
Passive Test:  [  1260/?]  eta: ?  loss: 0.0119 (0.0249)  time: 0.0533  data: 0.0228  max mem: 20673
Passive Test:  [  1270/?]  eta: ?  loss: 0.0179 (0.0248)  time: 0.0545  data: 0.0241  max mem: 20673
Passive Test:  [  1280/?]  eta: ?  loss: 0.0114 (0.0248)  time: 0.0567  data: 0.0262  max mem: 20673
Passive Test:  [  1290/?]  eta: ?  loss: 0.0114 (0.0248)  time: 0.0552  data: 0.0247  max mem: 20673
Passive Test:  [  1300/?]  eta: ?  loss: 0.0185 (0.0248)  time: 0.0530  data: 0.0225  max mem: 20673
Passive Test:  [  1310/?]  eta: ?  loss: 0.0134 (0.0247)  time: 0.0557  data: 0.0252  max mem: 20673
Passive Test:  [  1320/?]  eta: ?  loss: 0.0134 (0.0247)  time: 0.0570  data: 0.0263  max mem: 20673
Passive Test:  [  1330/?]  eta: ?  loss: 0.0116 (0.0246)  time: 0.0525  data: 0.0219  max mem: 20673
Passive Test:  [  1340/?]  eta: ?  loss: 0.0107 (0.0245)  time: 0.0501  data: 0.0196  max mem: 20673
Passive Test:  [  1350/?]  eta: ?  loss: 0.0115 (0.0244)  time: 0.0500  data: 0.0194  max mem: 20673
Passive Test:  [  1360/?]  eta: ?  loss: 0.0112 (0.0244)  time: 0.0482  data: 0.0176  max mem: 20673
Passive Test:  [  1370/?]  eta: ?  loss: 0.0108 (0.0243)  time: 0.0473  data: 0.0168  max mem: 20673
Passive Test:  [  1380/?]  eta: ?  loss: 0.0142 (0.0243)  time: 0.0484  data: 0.0180  max mem: 20673
Passive Test:  [  1390/?]  eta: ?  loss: 0.0102 (0.0243)  time: 0.0516  data: 0.0211  max mem: 20673
Passive Test:  [  1400/?]  eta: ?  loss: 0.0092 (0.0243)  time: 0.0540  data: 0.0235  max mem: 20673
Passive Test:  [  1410/?]  eta: ?  loss: 0.0163 (0.0243)  time: 0.0532  data: 0.0226  max mem: 20673
Passive Test:  [  1420/?]  eta: ?  loss: 0.0150 (0.0245)  time: 0.0514  data: 0.0209  max mem: 20673
Passive Test:  [  1430/?]  eta: ?  loss: 0.0069 (0.0247)  time: 0.0513  data: 0.0208  max mem: 20673
Passive Test:  [  1440/?]  eta: ?  loss: 0.0069 (0.0246)  time: 0.0507  data: 0.0203  max mem: 20673
Passive Test:  [  1450/?]  eta: ?  loss: 0.0097 (0.0247)  time: 0.0493  data: 0.0188  max mem: 20673
Passive Test:  [  1460/?]  eta: ?  loss: 0.0185 (0.0249)  time: 0.0467  data: 0.0162  max mem: 20673
Passive Test:  [  1470/?]  eta: ?  loss: 0.0138 (0.0251)  time: 0.0470  data: 0.0165  max mem: 20673
Passive Test:  [  1480/?]  eta: ?  loss: 0.0086 (0.0250)  time: 0.0506  data: 0.0200  max mem: 20673
Passive Test:  [  1490/?]  eta: ?  loss: 0.0045 (0.0249)  time: 0.0524  data: 0.0218  max mem: 20673
Passive Test:  [  1500/?]  eta: ?  loss: 0.0061 (0.0248)  time: 0.0525  data: 0.0220  max mem: 20673
Passive Test:  [  1510/?]  eta: ?  loss: 0.0068 (0.0247)  time: 0.0524  data: 0.0219  max mem: 20673
Passive Test:  [  1520/?]  eta: ?  loss: 0.0068 (0.0247)  time: 0.0483  data: 0.0179  max mem: 20673
Passive Test:  [  1530/?]  eta: ?  loss: 0.0110 (0.0246)  time: 0.0440  data: 0.0135  max mem: 20673
Passive Test:  [  1540/?]  eta: ?  loss: 0.0116 (0.0245)  time: 0.0430  data: 0.0124  max mem: 20673
Passive Test:  [  1550/?]  eta: ?  loss: 0.0098 (0.0245)  time: 0.0461  data: 0.0155  max mem: 20673
Passive Test:  [  1560/?]  eta: ?  loss: 0.0112 (0.0245)  time: 0.0531  data: 0.0226  max mem: 20673
Passive Test:  [  1570/?]  eta: ?  loss: 0.0167 (0.0245)  time: 0.0596  data: 0.0290  max mem: 20673
Passive Test:  [  1580/?]  eta: ?  loss: 0.0218 (0.0246)  time: 0.0620  data: 0.0314  max mem: 20673
Passive Test:  [  1590/?]  eta: ?  loss: 0.0092 (0.0246)  time: 0.0589  data: 0.0284  max mem: 20673
Passive Test:  [  1600/?]  eta: ?  loss: 0.0073 (0.0245)  time: 0.0574  data: 0.0268  max mem: 20673
Passive Test:  [  1610/?]  eta: ?  loss: 0.0082 (0.0245)  time: 0.0559  data: 0.0254  max mem: 20673
Passive Test:  [  1620/?]  eta: ?  loss: 0.0196 (0.0247)  time: 0.0535  data: 0.0230  max mem: 20673
Passive Test:  [  1630/?]  eta: ?  loss: 0.0186 (0.0248)  time: 0.0536  data: 0.0231  max mem: 20673
Passive Test:  [  1640/?]  eta: ?  loss: 0.0165 (0.0247)  time: 0.0541  data: 0.0235  max mem: 20673
Passive Test:  [  1650/?]  eta: ?  loss: 0.0115 (0.0246)  time: 0.0533  data: 0.0227  max mem: 20673
Passive Test:  [  1660/?]  eta: ?  loss: 0.0084 (0.0246)  time: 0.0515  data: 0.0210  max mem: 20673
Passive Test:  [  1670/?]  eta: ?  loss: 0.0053 (0.0246)  time: 0.0509  data: 0.0204  max mem: 20673
Passive Test:  [  1680/?]  eta: ?  loss: 0.0059 (0.0245)  time: 0.0488  data: 0.0183  max mem: 20673
Passive Test:  [  1690/?]  eta: ?  loss: 0.0096 (0.0245)  time: 0.0486  data: 0.0182  max mem: 20673
Passive Test:  [  1700/?]  eta: ?  loss: 0.0126 (0.0244)  time: 0.0535  data: 0.0231  max mem: 20673
Passive Test:  [  1710/?]  eta: ?  loss: 0.0139 (0.0244)  time: 0.0530  data: 0.0226  max mem: 20673
Passive Test:  [  1720/?]  eta: ?  loss: 0.0139 (0.0244)  time: 0.0499  data: 0.0194  max mem: 20673
Passive Test:  [  1730/?]  eta: ?  loss: 0.0145 (0.0243)  time: 0.0486  data: 0.0181  max mem: 20673
Passive Test:  [  1740/?]  eta: ?  loss: 0.0147 (0.0243)  time: 0.0500  data: 0.0194  max mem: 20673
Passive Test:  [  1750/?]  eta: ?  loss: 0.0080 (0.0242)  time: 0.0506  data: 0.0200  max mem: 20673
Passive Test:  [  1760/?]  eta: ?  loss: 0.0197 (0.0243)  time: 0.0467  data: 0.0161  max mem: 20673
Passive Test: Total time: 0:01:23 (0.0472 s / it)
* loss 0.024
  ACTIVE Test MAE (years): 1.9666 (n=20,949)
  PASSIVE Test MAE (years): 1.9841 (n=113,222)
  → Epoch  50/50 | Train Loss: 0.0008 | Val Loss: 0.0242 | Train score (1/(1+norm_MAE)): 0.9841 | Val MAE (years): 1.9820 | LR: 0.000000
Best val MAE (years): 1.8980, test MAE at best val: 1.8206
  Test segment MAE: 1.9280 | participant median MAE: 1.7136 | participant mean MAE: 1.7032
Training time 1 day, 3:25:30

Loading best model from /home/mojtabam/projects/aip-aghodsib/mojtabam/EEG/final_logs/LaBraM/LABRAM_base_age_regression_4s/output/checkpoint-best.pth for final evaluation...

================================================================================
Final evaluation by task type (active/passive)
================================================================================

============================================================
Counting samples by task type...
============================================================

============================================================
Evaluating on active tasks (20,949 samples)...
============================================================
Active Test:  [     0/?]  eta: ?  loss: 0.0686 (0.0686)  time: 2.7102  data: 2.6689  max mem: 20673
Active Test:  [    10/?]  eta: ?  loss: 0.0134 (0.0231)  time: 0.2826  data: 0.2513  max mem: 20673
Active Test:  [    20/?]  eta: ?  loss: 0.0125 (0.0209)  time: 0.0382  data: 0.0078  max mem: 20673
Active Test:  [    30/?]  eta: ?  loss: 0.0149 (0.0252)  time: 0.0398  data: 0.0092  max mem: 20673
Active Test:  [    40/?]  eta: ?  loss: 0.0128 (0.0222)  time: 0.0399  data: 0.0094  max mem: 20673
Active Test:  [    50/?]  eta: ?  loss: 0.0066 (0.0201)  time: 0.0381  data: 0.0076  max mem: 20673
Active Test:  [    60/?]  eta: ?  loss: 0.0109 (0.0197)  time: 0.0420  data: 0.0116  max mem: 20673
Active Test:  [    70/?]  eta: ?  loss: 0.0198 (0.0216)  time: 0.0423  data: 0.0120  max mem: 20673
Active Test:  [    80/?]  eta: ?  loss: 0.0197 (0.0216)  time: 0.0383  data: 0.0080  max mem: 20673
Active Test:  [    90/?]  eta: ?  loss: 0.0134 (0.0209)  time: 0.0398  data: 0.0095  max mem: 20673
Active Test:  [   100/?]  eta: ?  loss: 0.0116 (0.0201)  time: 0.0375  data: 0.0072  max mem: 20673
Active Test:  [   110/?]  eta: ?  loss: 0.0099 (0.0192)  time: 0.0355  data: 0.0050  max mem: 20673
Active Test:  [   120/?]  eta: ?  loss: 0.0100 (0.0190)  time: 0.0386  data: 0.0082  max mem: 20673
Active Test:  [   130/?]  eta: ?  loss: 0.0119 (0.0190)  time: 0.0438  data: 0.0134  max mem: 20673
Active Test:  [   140/?]  eta: ?  loss: 0.0104 (0.0194)  time: 0.0444  data: 0.0140  max mem: 20673
Active Test:  [   150/?]  eta: ?  loss: 0.0099 (0.0188)  time: 0.0412  data: 0.0109  max mem: 20673
Active Test:  [   160/?]  eta: ?  loss: 0.0123 (0.0187)  time: 0.0405  data: 0.0102  max mem: 20673
Active Test:  [   170/?]  eta: ?  loss: 0.0157 (0.0187)  time: 0.0399  data: 0.0096  max mem: 20673
Active Test:  [   180/?]  eta: ?  loss: 0.0153 (0.0189)  time: 0.0398  data: 0.0096  max mem: 20673
Active Test:  [   190/?]  eta: ?  loss: 0.0164 (0.0199)  time: 0.0392  data: 0.0090  max mem: 20673
Active Test:  [   200/?]  eta: ?  loss: 0.0229 (0.0225)  time: 0.0417  data: 0.0114  max mem: 20673
Active Test:  [   210/?]  eta: ?  loss: 0.0148 (0.0220)  time: 0.0410  data: 0.0107  max mem: 20673
Active Test:  [   220/?]  eta: ?  loss: 0.0109 (0.0220)  time: 0.0390  data: 0.0088  max mem: 20673
Active Test:  [   230/?]  eta: ?  loss: 0.0109 (0.0216)  time: 0.0386  data: 0.0083  max mem: 20673
Active Test:  [   240/?]  eta: ?  loss: 0.0126 (0.0215)  time: 0.0385  data: 0.0082  max mem: 20673
Active Test:  [   250/?]  eta: ?  loss: 0.0137 (0.0213)  time: 0.0397  data: 0.0093  max mem: 20673
Active Test:  [   260/?]  eta: ?  loss: 0.0120 (0.0221)  time: 0.0418  data: 0.0114  max mem: 20673
Active Test:  [   270/?]  eta: ?  loss: 0.0107 (0.0217)  time: 0.0425  data: 0.0123  max mem: 20673
Active Test:  [   280/?]  eta: ?  loss: 0.0110 (0.0216)  time: 0.0414  data: 0.0111  max mem: 20673
Active Test:  [   290/?]  eta: ?  loss: 0.0139 (0.0214)  time: 0.0440  data: 0.0138  max mem: 20673
Active Test:  [   300/?]  eta: ?  loss: 0.0138 (0.0213)  time: 0.0431  data: 0.0129  max mem: 20673
Active Test:  [   310/?]  eta: ?  loss: 0.0145 (0.0211)  time: 0.0428  data: 0.0126  max mem: 20673
Active Test:  [   320/?]  eta: ?  loss: 0.0174 (0.0214)  time: 0.0447  data: 0.0144  max mem: 20673
Active Test: Total time: 0:00:16 (0.0497 s / it)
* loss 0.021

============================================================
Evaluating on passive tasks (113,222 samples)...
============================================================
Passive Test:  [     0/?]  eta: ?  loss: 0.0033 (0.0033)  time: 1.0750  data: 1.0362  max mem: 20673
Passive Test:  [    10/?]  eta: ?  loss: 0.0551 (0.0747)  time: 0.1343  data: 0.1031  max mem: 20673
Passive Test:  [    20/?]  eta: ?  loss: 0.0659 (0.0868)  time: 0.0428  data: 0.0125  max mem: 20673
Passive Test:  [    30/?]  eta: ?  loss: 0.0617 (0.0847)  time: 0.0424  data: 0.0121  max mem: 20673
Passive Test:  [    40/?]  eta: ?  loss: 0.0358 (0.0711)  time: 0.0418  data: 0.0115  max mem: 20673
Passive Test:  [    50/?]  eta: ?  loss: 0.0142 (0.0603)  time: 0.0408  data: 0.0106  max mem: 20673
Passive Test:  [    60/?]  eta: ?  loss: 0.0117 (0.0526)  time: 0.0393  data: 0.0090  max mem: 20673
Passive Test:  [    70/?]  eta: ?  loss: 0.0100 (0.0469)  time: 0.0392  data: 0.0089  max mem: 20673
Passive Test:  [    80/?]  eta: ?  loss: 0.0068 (0.0426)  time: 0.0376  data: 0.0073  max mem: 20673
Passive Test:  [    90/?]  eta: ?  loss: 0.0060 (0.0390)  time: 0.0404  data: 0.0101  max mem: 20673
Passive Test:  [   100/?]  eta: ?  loss: 0.0096 (0.0385)  time: 0.0416  data: 0.0114  max mem: 20673
Passive Test:  [   110/?]  eta: ?  loss: 0.0212 (0.0389)  time: 0.0452  data: 0.0150  max mem: 20673
Passive Test:  [   120/?]  eta: ?  loss: 0.0318 (0.0381)  time: 0.0449  data: 0.0147  max mem: 20673
Passive Test:  [   130/?]  eta: ?  loss: 0.0260 (0.0372)  time: 0.0426  data: 0.0124  max mem: 20673
Passive Test:  [   140/?]  eta: ?  loss: 0.0078 (0.0354)  time: 0.0421  data: 0.0119  max mem: 20673
Passive Test:  [   150/?]  eta: ?  loss: 0.0096 (0.0339)  time: 0.0425  data: 0.0123  max mem: 20673
Passive Test:  [   160/?]  eta: ?  loss: 0.0102 (0.0326)  time: 0.0435  data: 0.0132  max mem: 20673
Passive Test:  [   170/?]  eta: ?  loss: 0.0102 (0.0314)  time: 0.0444  data: 0.0140  max mem: 20673
Passive Test:  [   180/?]  eta: ?  loss: 0.0113 (0.0303)  time: 0.0429  data: 0.0126  max mem: 20673
Passive Test:  [   190/?]  eta: ?  loss: 0.0104 (0.0294)  time: 0.0417  data: 0.0114  max mem: 20673
Passive Test:  [   200/?]  eta: ?  loss: 0.0100 (0.0288)  time: 0.0441  data: 0.0138  max mem: 20673
Passive Test:  [   210/?]  eta: ?  loss: 0.0155 (0.0283)  time: 0.0467  data: 0.0163  max mem: 20673
Passive Test:  [   220/?]  eta: ?  loss: 0.0157 (0.0282)  time: 0.0463  data: 0.0160  max mem: 20673
Passive Test:  [   230/?]  eta: ?  loss: 0.0154 (0.0279)  time: 0.0445  data: 0.0143  max mem: 20673
Passive Test:  [   240/?]  eta: ?  loss: 0.0154 (0.0276)  time: 0.0438  data: 0.0136  max mem: 20673
Passive Test:  [   250/?]  eta: ?  loss: 0.0180 (0.0274)  time: 0.0453  data: 0.0150  max mem: 20673
Passive Test:  [   260/?]  eta: ?  loss: 0.0159 (0.0273)  time: 0.0453  data: 0.0150  max mem: 20673
Passive Test:  [   270/?]  eta: ?  loss: 0.0121 (0.0270)  time: 0.0434  data: 0.0131  max mem: 20673
Passive Test:  [   280/?]  eta: ?  loss: 0.0248 (0.0274)  time: 0.0437  data: 0.0134  max mem: 20673
Passive Test:  [   290/?]  eta: ?  loss: 0.0255 (0.0271)  time: 0.0428  data: 0.0125  max mem: 20673
Passive Test:  [   300/?]  eta: ?  loss: 0.0137 (0.0267)  time: 0.0433  data: 0.0131  max mem: 20673
Passive Test:  [   310/?]  eta: ?  loss: 0.0099 (0.0262)  time: 0.0430  data: 0.0128  max mem: 20673
Passive Test:  [   320/?]  eta: ?  loss: 0.0099 (0.0259)  time: 0.0414  data: 0.0112  max mem: 20673
Passive Test:  [   330/?]  eta: ?  loss: 0.0101 (0.0256)  time: 0.0413  data: 0.0110  max mem: 20673
Passive Test:  [   340/?]  eta: ?  loss: 0.0098 (0.0254)  time: 0.0427  data: 0.0125  max mem: 20673
Passive Test:  [   350/?]  eta: ?  loss: 0.0101 (0.0251)  time: 0.0440  data: 0.0138  max mem: 20673
Passive Test:  [   360/?]  eta: ?  loss: 0.0059 (0.0247)  time: 0.0427  data: 0.0125  max mem: 20673
Passive Test:  [   370/?]  eta: ?  loss: 0.0059 (0.0242)  time: 0.0415  data: 0.0112  max mem: 20673
Passive Test:  [   380/?]  eta: ?  loss: 0.0063 (0.0240)  time: 0.0411  data: 0.0108  max mem: 20673
Passive Test:  [   390/?]  eta: ?  loss: 0.0121 (0.0239)  time: 0.0434  data: 0.0131  max mem: 20673
Passive Test:  [   400/?]  eta: ?  loss: 0.0176 (0.0238)  time: 0.0475  data: 0.0173  max mem: 20673
Passive Test:  [   410/?]  eta: ?  loss: 0.0166 (0.0237)  time: 0.0455  data: 0.0151  max mem: 20673
Passive Test:  [   420/?]  eta: ?  loss: 0.0112 (0.0235)  time: 0.0451  data: 0.0147  max mem: 20673
Passive Test:  [   430/?]  eta: ?  loss: 0.0112 (0.0232)  time: 0.0438  data: 0.0135  max mem: 20673
Passive Test:  [   440/?]  eta: ?  loss: 0.0099 (0.0230)  time: 0.0421  data: 0.0118  max mem: 20673
Passive Test:  [   450/?]  eta: ?  loss: 0.0089 (0.0227)  time: 0.0408  data: 0.0105  max mem: 20673
Passive Test:  [   460/?]  eta: ?  loss: 0.0082 (0.0225)  time: 0.0421  data: 0.0117  max mem: 20673
Passive Test:  [   470/?]  eta: ?  loss: 0.0106 (0.0226)  time: 0.0438  data: 0.0134  max mem: 20673
Passive Test:  [   480/?]  eta: ?  loss: 0.0128 (0.0230)  time: 0.0437  data: 0.0135  max mem: 20673
Passive Test:  [   490/?]  eta: ?  loss: 0.0154 (0.0231)  time: 0.0482  data: 0.0178  max mem: 20673
Passive Test:  [   500/?]  eta: ?  loss: 0.0122 (0.0229)  time: 0.0483  data: 0.0179  max mem: 20673
Passive Test:  [   510/?]  eta: ?  loss: 0.0109 (0.0228)  time: 0.0478  data: 0.0176  max mem: 20673
Passive Test:  [   520/?]  eta: ?  loss: 0.0110 (0.0227)  time: 0.0482  data: 0.0179  max mem: 20673
Passive Test:  [   530/?]  eta: ?  loss: 0.0093 (0.0225)  time: 0.0495  data: 0.0191  max mem: 20673
Passive Test:  [   540/?]  eta: ?  loss: 0.0084 (0.0223)  time: 0.0488  data: 0.0186  max mem: 20673
Passive Test:  [   550/?]  eta: ?  loss: 0.0077 (0.0220)  time: 0.0445  data: 0.0142  max mem: 20673
Passive Test:  [   560/?]  eta: ?  loss: 0.0072 (0.0217)  time: 0.0422  data: 0.0119  max mem: 20673
Passive Test:  [   570/?]  eta: ?  loss: 0.0079 (0.0215)  time: 0.0421  data: 0.0117  max mem: 20673
Passive Test:  [   580/?]  eta: ?  loss: 0.0085 (0.0213)  time: 0.0435  data: 0.0132  max mem: 20673
Passive Test:  [   590/?]  eta: ?  loss: 0.0068 (0.0211)  time: 0.0409  data: 0.0106  max mem: 20673
Passive Test:  [   600/?]  eta: ?  loss: 0.0082 (0.0209)  time: 0.0443  data: 0.0140  max mem: 20673
Passive Test:  [   610/?]  eta: ?  loss: 0.0096 (0.0207)  time: 0.0450  data: 0.0146  max mem: 20673
Passive Test:  [   620/?]  eta: ?  loss: 0.0098 (0.0206)  time: 0.0398  data: 0.0094  max mem: 20673
Passive Test:  [   630/?]  eta: ?  loss: 0.0103 (0.0204)  time: 0.0421  data: 0.0118  max mem: 20673
Passive Test:  [   640/?]  eta: ?  loss: 0.0097 (0.0203)  time: 0.0441  data: 0.0137  max mem: 20673
Passive Test:  [   650/?]  eta: ?  loss: 0.0113 (0.0203)  time: 0.0408  data: 0.0104  max mem: 20673
Passive Test:  [   660/?]  eta: ?  loss: 0.0218 (0.0204)  time: 0.0423  data: 0.0120  max mem: 20673
Passive Test:  [   670/?]  eta: ?  loss: 0.0218 (0.0204)  time: 0.0431  data: 0.0128  max mem: 20673
Passive Test:  [   680/?]  eta: ?  loss: 0.0153 (0.0204)  time: 0.0409  data: 0.0106  max mem: 20673
Passive Test:  [   690/?]  eta: ?  loss: 0.0135 (0.0204)  time: 0.0452  data: 0.0150  max mem: 20673
Passive Test:  [   700/?]  eta: ?  loss: 0.0195 (0.0204)  time: 0.0461  data: 0.0156  max mem: 20673
Passive Test:  [   710/?]  eta: ?  loss: 0.0193 (0.0204)  time: 0.0461  data: 0.0156  max mem: 20673
Passive Test:  [   720/?]  eta: ?  loss: 0.0162 (0.0203)  time: 0.0466  data: 0.0162  max mem: 20673
Passive Test:  [   730/?]  eta: ?  loss: 0.0121 (0.0203)  time: 0.0459  data: 0.0154  max mem: 20673
Passive Test:  [   740/?]  eta: ?  loss: 0.0148 (0.0203)  time: 0.0450  data: 0.0145  max mem: 20673
Passive Test:  [   750/?]  eta: ?  loss: 0.0168 (0.0204)  time: 0.0430  data: 0.0126  max mem: 20673
Passive Test:  [   760/?]  eta: ?  loss: 0.0223 (0.0205)  time: 0.0408  data: 0.0105  max mem: 20673
Passive Test:  [   770/?]  eta: ?  loss: 0.0174 (0.0204)  time: 0.0430  data: 0.0127  max mem: 20673
Passive Test:  [   780/?]  eta: ?  loss: 0.0157 (0.0204)  time: 0.0468  data: 0.0165  max mem: 20673
Passive Test:  [   790/?]  eta: ?  loss: 0.0170 (0.0205)  time: 0.0463  data: 0.0160  max mem: 20673
Passive Test:  [   800/?]  eta: ?  loss: 0.0173 (0.0205)  time: 0.0431  data: 0.0128  max mem: 20673
Passive Test:  [   810/?]  eta: ?  loss: 0.0214 (0.0211)  time: 0.0444  data: 0.0141  max mem: 20673
Passive Test:  [   820/?]  eta: ?  loss: 0.0259 (0.0214)  time: 0.0458  data: 0.0154  max mem: 20673
Passive Test:  [   830/?]  eta: ?  loss: 0.0259 (0.0217)  time: 0.0414  data: 0.0110  max mem: 20673
Passive Test:  [   840/?]  eta: ?  loss: 0.0209 (0.0217)  time: 0.0413  data: 0.0110  max mem: 20673
Passive Test:  [   850/?]  eta: ?  loss: 0.0245 (0.0219)  time: 0.0444  data: 0.0141  max mem: 20673
Passive Test:  [   860/?]  eta: ?  loss: 0.0245 (0.0220)  time: 0.0445  data: 0.0142  max mem: 20673
Passive Test:  [   870/?]  eta: ?  loss: 0.0357 (0.0222)  time: 0.0458  data: 0.0155  max mem: 20673
Passive Test:  [   880/?]  eta: ?  loss: 0.0197 (0.0221)  time: 0.0472  data: 0.0169  max mem: 20673
Passive Test:  [   890/?]  eta: ?  loss: 0.0186 (0.0222)  time: 0.0490  data: 0.0187  max mem: 20673
Passive Test:  [   900/?]  eta: ?  loss: 0.0103 (0.0221)  time: 0.0473  data: 0.0170  max mem: 20673
Passive Test:  [   910/?]  eta: ?  loss: 0.0079 (0.0220)  time: 0.0462  data: 0.0158  max mem: 20673
Passive Test:  [   920/?]  eta: ?  loss: 0.0086 (0.0218)  time: 0.0466  data: 0.0162  max mem: 20673
Passive Test:  [   930/?]  eta: ?  loss: 0.0101 (0.0217)  time: 0.0481  data: 0.0177  max mem: 20673
Passive Test:  [   940/?]  eta: ?  loss: 0.0112 (0.0218)  time: 0.0472  data: 0.0169  max mem: 20673
Passive Test:  [   950/?]  eta: ?  loss: 0.0149 (0.0223)  time: 0.0455  data: 0.0151  max mem: 20673
Passive Test:  [   960/?]  eta: ?  loss: 0.0103 (0.0222)  time: 0.0465  data: 0.0162  max mem: 20673
Passive Test:  [   970/?]  eta: ?  loss: 0.0103 (0.0222)  time: 0.0476  data: 0.0172  max mem: 20673
Passive Test:  [   980/?]  eta: ?  loss: 0.0149 (0.0222)  time: 0.0492  data: 0.0189  max mem: 20673
Passive Test:  [   990/?]  eta: ?  loss: 0.0149 (0.0221)  time: 0.0473  data: 0.0170  max mem: 20673
Passive Test:  [  1000/?]  eta: ?  loss: 0.0126 (0.0220)  time: 0.0461  data: 0.0155  max mem: 20673
Passive Test:  [  1010/?]  eta: ?  loss: 0.0103 (0.0220)  time: 0.0482  data: 0.0177  max mem: 20673
Passive Test:  [  1020/?]  eta: ?  loss: 0.0136 (0.0219)  time: 0.0515  data: 0.0211  max mem: 20673
Passive Test:  [  1030/?]  eta: ?  loss: 0.0155 (0.0221)  time: 0.0493  data: 0.0189  max mem: 20673
Passive Test:  [  1040/?]  eta: ?  loss: 0.0672 (0.0229)  time: 0.0436  data: 0.0132  max mem: 20673
Passive Test:  [  1050/?]  eta: ?  loss: 0.0466 (0.0229)  time: 0.0424  data: 0.0119  max mem: 20673
Passive Test:  [  1060/?]  eta: ?  loss: 0.0184 (0.0230)  time: 0.0430  data: 0.0127  max mem: 20673
Passive Test:  [  1070/?]  eta: ?  loss: 0.0160 (0.0229)  time: 0.0460  data: 0.0157  max mem: 20673
Passive Test:  [  1080/?]  eta: ?  loss: 0.0160 (0.0231)  time: 0.0484  data: 0.0181  max mem: 20673
Passive Test:  [  1090/?]  eta: ?  loss: 0.0220 (0.0233)  time: 0.0472  data: 0.0169  max mem: 20673
Passive Test:  [  1100/?]  eta: ?  loss: 0.0223 (0.0233)  time: 0.0465  data: 0.0162  max mem: 20673
Passive Test:  [  1110/?]  eta: ?  loss: 0.0265 (0.0234)  time: 0.0480  data: 0.0177  max mem: 20673
Passive Test:  [  1120/?]  eta: ?  loss: 0.0195 (0.0233)  time: 0.0489  data: 0.0186  max mem: 20673
Passive Test:  [  1130/?]  eta: ?  loss: 0.0121 (0.0232)  time: 0.0490  data: 0.0187  max mem: 20673
Passive Test:  [  1140/?]  eta: ?  loss: 0.0131 (0.0232)  time: 0.0482  data: 0.0179  max mem: 20673
Passive Test:  [  1150/?]  eta: ?  loss: 0.0083 (0.0231)  time: 0.0490  data: 0.0186  max mem: 20673
Passive Test:  [  1160/?]  eta: ?  loss: 0.0092 (0.0231)  time: 0.0506  data: 0.0202  max mem: 20673
Passive Test:  [  1170/?]  eta: ?  loss: 0.0177 (0.0232)  time: 0.0495  data: 0.0192  max mem: 20673
Passive Test:  [  1180/?]  eta: ?  loss: 0.0366 (0.0234)  time: 0.0466  data: 0.0163  max mem: 20673
Passive Test:  [  1190/?]  eta: ?  loss: 0.0150 (0.0234)  time: 0.0439  data: 0.0136  max mem: 20673
Passive Test:  [  1200/?]  eta: ?  loss: 0.0118 (0.0233)  time: 0.0541  data: 0.0239  max mem: 20673
Passive Test:  [  1210/?]  eta: ?  loss: 0.0107 (0.0234)  time: 0.0566  data: 0.0262  max mem: 20673
Passive Test:  [  1220/?]  eta: ?  loss: 0.0125 (0.0237)  time: 0.0597  data: 0.0293  max mem: 20673
Passive Test:  [  1230/?]  eta: ?  loss: 0.0139 (0.0236)  time: 0.0610  data: 0.0307  max mem: 20673
Passive Test:  [  1240/?]  eta: ?  loss: 0.0079 (0.0235)  time: 0.0583  data: 0.0280  max mem: 20673
Passive Test:  [  1250/?]  eta: ?  loss: 0.0094 (0.0234)  time: 0.0568  data: 0.0263  max mem: 20673
Passive Test:  [  1260/?]  eta: ?  loss: 0.0131 (0.0234)  time: 0.0549  data: 0.0245  max mem: 20673
Passive Test:  [  1270/?]  eta: ?  loss: 0.0122 (0.0233)  time: 0.0570  data: 0.0266  max mem: 20673
Passive Test:  [  1280/?]  eta: ?  loss: 0.0124 (0.0232)  time: 0.0586  data: 0.0282  max mem: 20673
Passive Test:  [  1290/?]  eta: ?  loss: 0.0135 (0.0232)  time: 0.0545  data: 0.0235  max mem: 20673
Passive Test:  [  1300/?]  eta: ?  loss: 0.0122 (0.0232)  time: 0.0531  data: 0.0220  max mem: 20673
Passive Test:  [  1310/?]  eta: ?  loss: 0.0089 (0.0231)  time: 0.0540  data: 0.0235  max mem: 20673
Passive Test:  [  1320/?]  eta: ?  loss: 0.0101 (0.0231)  time: 0.0538  data: 0.0234  max mem: 20673
Passive Test:  [  1330/?]  eta: ?  loss: 0.0112 (0.0231)  time: 0.0510  data: 0.0206  max mem: 20673
Passive Test:  [  1340/?]  eta: ?  loss: 0.0056 (0.0229)  time: 0.0484  data: 0.0180  max mem: 20673
Passive Test:  [  1350/?]  eta: ?  loss: 0.0060 (0.0229)  time: 0.0494  data: 0.0191  max mem: 20673
Passive Test:  [  1360/?]  eta: ?  loss: 0.0082 (0.0228)  time: 0.0492  data: 0.0188  max mem: 20673
Passive Test:  [  1370/?]  eta: ?  loss: 0.0090 (0.0228)  time: 0.0485  data: 0.0181  max mem: 20673
Passive Test:  [  1380/?]  eta: ?  loss: 0.0104 (0.0228)  time: 0.0485  data: 0.0182  max mem: 20673
Passive Test:  [  1390/?]  eta: ?  loss: 0.0104 (0.0228)  time: 0.0494  data: 0.0191  max mem: 20673
Passive Test:  [  1400/?]  eta: ?  loss: 0.0104 (0.0227)  time: 0.0503  data: 0.0199  max mem: 20673
Passive Test:  [  1410/?]  eta: ?  loss: 0.0167 (0.0228)  time: 0.0508  data: 0.0205  max mem: 20673
Passive Test:  [  1420/?]  eta: ?  loss: 0.0220 (0.0229)  time: 0.0478  data: 0.0175  max mem: 20673
Passive Test:  [  1430/?]  eta: ?  loss: 0.0330 (0.0230)  time: 0.0450  data: 0.0147  max mem: 20673
Passive Test:  [  1440/?]  eta: ?  loss: 0.0118 (0.0230)  time: 0.0443  data: 0.0139  max mem: 20673
Passive Test:  [  1450/?]  eta: ?  loss: 0.0134 (0.0229)  time: 0.0446  data: 0.0143  max mem: 20673
Passive Test:  [  1460/?]  eta: ?  loss: 0.0161 (0.0231)  time: 0.0461  data: 0.0157  max mem: 20673
Passive Test:  [  1470/?]  eta: ?  loss: 0.0161 (0.0233)  time: 0.0465  data: 0.0160  max mem: 20673
Passive Test:  [  1480/?]  eta: ?  loss: 0.0105 (0.0232)  time: 0.0467  data: 0.0162  max mem: 20673
Passive Test:  [  1490/?]  eta: ?  loss: 0.0101 (0.0231)  time: 0.0481  data: 0.0176  max mem: 20673
Passive Test:  [  1500/?]  eta: ?  loss: 0.0088 (0.0230)  time: 0.0467  data: 0.0164  max mem: 20673
Passive Test:  [  1510/?]  eta: ?  loss: 0.0088 (0.0229)  time: 0.0444  data: 0.0141  max mem: 20673
Passive Test:  [  1520/?]  eta: ?  loss: 0.0068 (0.0229)  time: 0.0435  data: 0.0132  max mem: 20673
Passive Test:  [  1530/?]  eta: ?  loss: 0.0087 (0.0229)  time: 0.0439  data: 0.0136  max mem: 20673
Passive Test:  [  1540/?]  eta: ?  loss: 0.0096 (0.0228)  time: 0.0450  data: 0.0147  max mem: 20673
Passive Test:  [  1550/?]  eta: ?  loss: 0.0075 (0.0228)  time: 0.0465  data: 0.0161  max mem: 20673
Passive Test:  [  1560/?]  eta: ?  loss: 0.0083 (0.0228)  time: 0.0481  data: 0.0177  max mem: 20673
Passive Test:  [  1570/?]  eta: ?  loss: 0.0122 (0.0228)  time: 0.0474  data: 0.0171  max mem: 20673
Passive Test:  [  1580/?]  eta: ?  loss: 0.0114 (0.0228)  time: 0.0439  data: 0.0135  max mem: 20673
Passive Test:  [  1590/?]  eta: ?  loss: 0.0114 (0.0228)  time: 0.0447  data: 0.0143  max mem: 20673
Passive Test:  [  1600/?]  eta: ?  loss: 0.0092 (0.0227)  time: 0.0493  data: 0.0189  max mem: 20673
Passive Test:  [  1610/?]  eta: ?  loss: 0.0111 (0.0227)  time: 0.0505  data: 0.0201  max mem: 20673
Passive Test:  [  1620/?]  eta: ?  loss: 0.0126 (0.0228)  time: 0.0516  data: 0.0212  max mem: 20673
Passive Test:  [  1630/?]  eta: ?  loss: 0.0122 (0.0229)  time: 0.0520  data: 0.0216  max mem: 20673
Passive Test:  [  1640/?]  eta: ?  loss: 0.0124 (0.0229)  time: 0.0512  data: 0.0208  max mem: 20673
Passive Test:  [  1650/?]  eta: ?  loss: 0.0122 (0.0228)  time: 0.0502  data: 0.0197  max mem: 20673
Passive Test:  [  1660/?]  eta: ?  loss: 0.0119 (0.0228)  time: 0.0494  data: 0.0190  max mem: 20673
Passive Test:  [  1670/?]  eta: ?  loss: 0.0079 (0.0228)  time: 0.0473  data: 0.0168  max mem: 20673
Passive Test:  [  1680/?]  eta: ?  loss: 0.0049 (0.0228)  time: 0.0436  data: 0.0131  max mem: 20673
Passive Test:  [  1690/?]  eta: ?  loss: 0.0070 (0.0227)  time: 0.0443  data: 0.0138  max mem: 20673
Passive Test:  [  1700/?]  eta: ?  loss: 0.0087 (0.0226)  time: 0.0473  data: 0.0168  max mem: 20673
Passive Test:  [  1710/?]  eta: ?  loss: 0.0114 (0.0226)  time: 0.0474  data: 0.0170  max mem: 20673
Passive Test:  [  1720/?]  eta: ?  loss: 0.0123 (0.0225)  time: 0.0448  data: 0.0143  max mem: 20673
Passive Test:  [  1730/?]  eta: ?  loss: 0.0152 (0.0225)  time: 0.0451  data: 0.0146  max mem: 20673
Passive Test:  [  1740/?]  eta: ?  loss: 0.0145 (0.0225)  time: 0.0450  data: 0.0145  max mem: 20673
Passive Test:  [  1750/?]  eta: ?  loss: 0.0076 (0.0225)  time: 0.0449  data: 0.0145  max mem: 20673
Passive Test:  [  1760/?]  eta: ?  loss: 0.0223 (0.0225)  time: 0.0458  data: 0.0153  max mem: 20673
Passive Test: Total time: 0:01:22 (0.0468 s / it)
* loss 0.022

================================================================================
Final Task-Type-Specific Results:
================================================================================
  ACTIVE tasks: MAE (years) = 1.8543, R² = 0.5246 (n=20,949)
  PASSIVE tasks: MAE (years) = 1.9048, R² = 0.4720 (n=113,222)
[rank0]:[W514 16:50:07.715285379 ProcessGroupNCCL.cpp:1250] Warning: WARNING: process group has NOT been destroyed before we destruct ProcessGroupNCCL. On normal program exit, the application should call destroy_process_group to ensure that any pending NCCL operations have finished in this process. In rare cases this process can exit before this point and block the progress of another member of the process group. This constraint has always been present,  but this warning has only been added since PyTorch 2.4 (function operator())
