Using conda Python: /home/mojtabam/miniconda3/envs/eeg_env/bin/python
==========================================
LaBraM Fine-tuning for gender_baseline
==========================================
Dataset: gender_baseline
Segment Length: 2s
Output Dir: labram_gender_2s_20260226_094535/output
Model: labram_base_patch200_200
Batch Size: 512
Epochs: 50
Learning Rate: 0.0005
==========================================
LaBraM fine-tuning starting...
Loading dataset configuration (this may take a moment)...
Gender baseline dataset loaded
  HDF5 directory: /home/mojtabam/scratch/processed_eeg_data_hdf5
  Segment length: 2s
  Task type: both
  Random seed: 42
  Note: Using pre-split HDF5 files (train/val/test splits from preprocessing)
  Note: IterableDataset size is unknown until iteration
Not using distributed mode
Namespace(batch_size=512, epochs=50, update_freq=1, save_ckpt_freq=5, robust_test=None, model='labram_base_patch200_200', qkv_bias=True, rel_pos_bias=True, abs_pos_emb=True, layer_scale_init_value=0.1, input_size=200, drop=0.0, attn_drop_rate=0.0, drop_path=0.1, disable_eval_during_finetuning=False, model_ema=True, model_ema_decay=0.996, model_ema_force_cpu=False, opt='adamw', opt_eps=1e-08, opt_betas=[0.9, 0.98], clip_grad=3.0, momentum=0.9, weight_decay=0.05, weight_decay_end=None, lr=0.0005, layer_decay=0.65, warmup_lr=1e-06, min_lr=1e-05, warmup_epochs=5, warmup_steps=-1, smoothing=0.0, reprob=0.25, remode='pixel', recount=1, resplit=False, finetune='/home/mojtabam/projects/aip-aghodsib/mojtabam/EEG/LaBraM/checkpoints/labram-base.pth', model_key='model|module', model_prefix='', model_filter_name='gzp', init_scale=0.001, use_mean_pooling=True, disable_weight_decay_on_rel_pos_bias=False, nb_classes=1, output_dir='labram_gender_2s_20260226_094535/output', log_dir='labram_gender_2s_20260226_094535/logs', device='cuda', seed=42, resume='', auto_resume=True, save_ckpt=True, start_epoch=0, eval=False, dist_eval=False, num_workers=10, pin_mem=True, aggregate_by_participant=None, world_size=1, local_rank=-1, dist_on_itp=False, dist_url='env://', enable_deepspeed=False, dataset='gender_baseline', segment_length='2s', data_path=None, class_weight_power=1.0, is_cross_validation=False, cv_folds=None, distributed=False)
Using device: cuda (4 GPU(s): ['NVIDIA L40S', 'NVIDIA L40S', 'NVIDIA L40S', 'NVIDIA L40S'])
Gender baseline dataset loaded
  HDF5 directory: /home/mojtabam/scratch/processed_eeg_data_hdf5
  Segment length: 2s
  Task type: both
  Random seed: 42
  Note: Using pre-split HDF5 files (train/val/test splits from preprocessing)
  Note: IterableDataset size is unknown until iteration
Using IterableDataset - DataLoader will iterate directly (no sampler)
Distributed training: 1 tasks, rank 0
Patch size = 200
Load ckpt from /home/mojtabam/projects/aip-aghodsib/mojtabam/EEG/LaBraM/checkpoints/labram-base.pth
Load state_dict by model_key = model
Weights of NeuralTransformer not initialized from pretrained model: ['blocks.0.attn.q_bias', 'blocks.0.attn.v_bias', 'blocks.1.attn.q_bias', 'blocks.1.attn.v_bias', 'blocks.2.attn.q_bias', 'blocks.2.attn.v_bias', 'blocks.3.attn.q_bias', 'blocks.3.attn.v_bias', 'blocks.4.attn.q_bias', 'blocks.4.attn.v_bias', 'blocks.5.attn.q_bias', 'blocks.5.attn.v_bias', 'blocks.6.attn.q_bias', 'blocks.6.attn.v_bias', 'blocks.7.attn.q_bias', 'blocks.7.attn.v_bias', 'blocks.8.attn.q_bias', 'blocks.8.attn.v_bias', 'blocks.9.attn.q_bias', 'blocks.9.attn.v_bias', 'blocks.10.attn.q_bias', 'blocks.10.attn.v_bias', 'blocks.11.attn.q_bias', 'blocks.11.attn.v_bias', 'fc_norm.weight', 'fc_norm.bias', 'head.weight', 'head.bias']
Weights from pretrained model not used in NeuralTransformer: ['mask_token', 'lm_head.weight', 'lm_head.bias', 'norm.weight', 'norm.bias']
Wrapped model in DataParallel across 4 GPU(s).
Using EMA with decay = 0.99600000
Model = NeuralTransformer(
  (patch_embed): TemporalConv(
    (conv1): Conv2d(1, 8, kernel_size=(1, 15), stride=(1, 8), padding=(0, 7))
    (gelu1): GELU(approximate='none')
    (norm1): GroupNorm(4, 8, eps=1e-05, affine=True)
    (conv2): Conv2d(8, 8, kernel_size=(1, 3), stride=(1, 1), padding=(0, 1))
    (gelu2): GELU(approximate='none')
    (norm2): GroupNorm(4, 8, eps=1e-05, affine=True)
    (conv3): Conv2d(8, 8, kernel_size=(1, 3), stride=(1, 1), padding=(0, 1))
    (norm3): GroupNorm(4, 8, eps=1e-05, affine=True)
    (gelu3): GELU(approximate='none')
  )
  (pos_drop): Dropout(p=0.0, inplace=False)
  (blocks): ModuleList(
    (0): Block(
      (norm1): LayerNorm((200,), eps=1e-06, elementwise_affine=True)
      (attn): Attention(
        (qkv): Linear(in_features=200, out_features=600, bias=False)
        (q_norm): LayerNorm((20,), eps=1e-06, elementwise_affine=True)
        (k_norm): LayerNorm((20,), eps=1e-06, elementwise_affine=True)
        (attn_drop): Dropout(p=0.0, inplace=False)
        (proj): Linear(in_features=200, out_features=200, bias=True)
        (proj_drop): Dropout(p=0.0, inplace=False)
      )
      (drop_path): Identity()
      (norm2): LayerNorm((200,), eps=1e-06, elementwise_affine=True)
      (mlp): Mlp(
        (fc1): Linear(in_features=200, out_features=800, bias=True)
        (act): GELU(approximate='none')
        (fc2): Linear(in_features=800, out_features=200, bias=True)
        (drop): Dropout(p=0.0, inplace=False)
      )
    )
    (1): Block(
      (norm1): LayerNorm((200,), eps=1e-06, elementwise_affine=True)
      (attn): Attention(
        (qkv): Linear(in_features=200, out_features=600, bias=False)
        (q_norm): LayerNorm((20,), eps=1e-06, elementwise_affine=True)
        (k_norm): LayerNorm((20,), eps=1e-06, elementwise_affine=True)
        (attn_drop): Dropout(p=0.0, inplace=False)
        (proj): Linear(in_features=200, out_features=200, bias=True)
        (proj_drop): Dropout(p=0.0, inplace=False)
      )
      (drop_path): DropPath(p=0.00909090880304575)
      (norm2): LayerNorm((200,), eps=1e-06, elementwise_affine=True)
      (mlp): Mlp(
        (fc1): Linear(in_features=200, out_features=800, bias=True)
        (act): GELU(approximate='none')
        (fc2): Linear(in_features=800, out_features=200, bias=True)
        (drop): Dropout(p=0.0, inplace=False)
      )
    )
    (2): Block(
      (norm1): LayerNorm((200,), eps=1e-06, elementwise_affine=True)
      (attn): Attention(
        (qkv): Linear(in_features=200, out_features=600, bias=False)
        (q_norm): LayerNorm((20,), eps=1e-06, elementwise_affine=True)
        (k_norm): LayerNorm((20,), eps=1e-06, elementwise_affine=True)
        (attn_drop): Dropout(p=0.0, inplace=False)
        (proj): Linear(in_features=200, out_features=200, bias=True)
        (proj_drop): Dropout(p=0.0, inplace=False)
      )
      (drop_path): DropPath(p=0.0181818176060915)
      (norm2): LayerNorm((200,), eps=1e-06, elementwise_affine=True)
      (mlp): Mlp(
        (fc1): Linear(in_features=200, out_features=800, bias=True)
        (act): GELU(approximate='none')
        (fc2): Linear(in_features=800, out_features=200, bias=True)
        (drop): Dropout(p=0.0, inplace=False)
      )
    )
    (3): Block(
      (norm1): LayerNorm((200,), eps=1e-06, elementwise_affine=True)
      (attn): Attention(
        (qkv): Linear(in_features=200, out_features=600, bias=False)
        (q_norm): LayerNorm((20,), eps=1e-06, elementwise_affine=True)
        (k_norm): LayerNorm((20,), eps=1e-06, elementwise_affine=True)
        (attn_drop): Dropout(p=0.0, inplace=False)
        (proj): Linear(in_features=200, out_features=200, bias=True)
        (proj_drop): Dropout(p=0.0, inplace=False)
      )
      (drop_path): DropPath(p=0.027272727340459824)
      (norm2): LayerNorm((200,), eps=1e-06, elementwise_affine=True)
      (mlp): Mlp(
        (fc1): Linear(in_features=200, out_features=800, bias=True)
        (act): GELU(approximate='none')
        (fc2): Linear(in_features=800, out_features=200, bias=True)
        (drop): Dropout(p=0.0, inplace=False)
      )
    )
    (4): Block(
      (norm1): LayerNorm((200,), eps=1e-06, elementwise_affine=True)
      (attn): Attention(
        (qkv): Linear(in_features=200, out_features=600, bias=False)
        (q_norm): LayerNorm((20,), eps=1e-06, elementwise_affine=True)
        (k_norm): LayerNorm((20,), eps=1e-06, elementwise_affine=True)
        (attn_drop): Dropout(p=0.0, inplace=False)
        (proj): Linear(in_features=200, out_features=200, bias=True)
        (proj_drop): Dropout(p=0.0, inplace=False)
      )
      (drop_path): DropPath(p=0.036363635212183)
      (norm2): LayerNorm((200,), eps=1e-06, elementwise_affine=True)
      (mlp): Mlp(
        (fc1): Linear(in_features=200, out_features=800, bias=True)
        (act): GELU(approximate='none')
        (fc2): Linear(in_features=800, out_features=200, bias=True)
        (drop): Dropout(p=0.0, inplace=False)
      )
    )
    (5): Block(
      (norm1): LayerNorm((200,), eps=1e-06, elementwise_affine=True)
      (attn): Attention(
        (qkv): Linear(in_features=200, out_features=600, bias=False)
        (q_norm): LayerNorm((20,), eps=1e-06, elementwise_affine=True)
        (k_norm): LayerNorm((20,), eps=1e-06, elementwise_affine=True)
        (attn_drop): Dropout(p=0.0, inplace=False)
        (proj): Linear(in_features=200, out_features=200, bias=True)
        (proj_drop): Dropout(p=0.0, inplace=False)
      )
      (drop_path): DropPath(p=0.045454543083906174)
      (norm2): LayerNorm((200,), eps=1e-06, elementwise_affine=True)
      (mlp): Mlp(
        (fc1): Linear(in_features=200, out_features=800, bias=True)
        (act): GELU(approximate='none')
        (fc2): Linear(in_features=800, out_features=200, bias=True)
        (drop): Dropout(p=0.0, inplace=False)
      )
    )
    (6): Block(
      (norm1): LayerNorm((200,), eps=1e-06, elementwise_affine=True)
      (attn): Attention(
        (qkv): Linear(in_features=200, out_features=600, bias=False)
        (q_norm): LayerNorm((20,), eps=1e-06, elementwise_affine=True)
        (k_norm): LayerNorm((20,), eps=1e-06, elementwise_affine=True)
        (attn_drop): Dropout(p=0.0, inplace=False)
        (proj): Linear(in_features=200, out_features=200, bias=True)
        (proj_drop): Dropout(p=0.0, inplace=False)
      )
      (drop_path): DropPath(p=0.054545458406209946)
      (norm2): LayerNorm((200,), eps=1e-06, elementwise_affine=True)
      (mlp): Mlp(
        (fc1): Linear(in_features=200, out_features=800, bias=True)
        (act): GELU(approximate='none')
        (fc2): Linear(in_features=800, out_features=200, bias=True)
        (drop): Dropout(p=0.0, inplace=False)
      )
    )
    (7): Block(
      (norm1): LayerNorm((200,), eps=1e-06, elementwise_affine=True)
      (attn): Attention(
        (qkv): Linear(in_features=200, out_features=600, bias=False)
        (q_norm): LayerNorm((20,), eps=1e-06, elementwise_affine=True)
        (k_norm): LayerNorm((20,), eps=1e-06, elementwise_affine=True)
        (attn_drop): Dropout(p=0.0, inplace=False)
        (proj): Linear(in_features=200, out_features=200, bias=True)
        (proj_drop): Dropout(p=0.0, inplace=False)
      )
      (drop_path): DropPath(p=0.06363636255264282)
      (norm2): LayerNorm((200,), eps=1e-06, elementwise_affine=True)
      (mlp): Mlp(
        (fc1): Linear(in_features=200, out_features=800, bias=True)
        (act): GELU(approximate='none')
        (fc2): Linear(in_features=800, out_features=200, bias=True)
        (drop): Dropout(p=0.0, inplace=False)
      )
    )
    (8): Block(
      (norm1): LayerNorm((200,), eps=1e-06, elementwise_affine=True)
      (attn): Attention(
        (qkv): Linear(in_features=200, out_features=600, bias=False)
        (q_norm): LayerNorm((20,), eps=1e-06, elementwise_affine=True)
        (k_norm): LayerNorm((20,), eps=1e-06, elementwise_affine=True)
        (attn_drop): Dropout(p=0.0, inplace=False)
        (proj): Linear(in_features=200, out_features=200, bias=True)
        (proj_drop): Dropout(p=0.0, inplace=False)
      )
      (drop_path): DropPath(p=0.0727272778749466)
      (norm2): LayerNorm((200,), eps=1e-06, elementwise_affine=True)
      (mlp): Mlp(
        (fc1): Linear(in_features=200, out_features=800, bias=True)
        (act): GELU(approximate='none')
        (fc2): Linear(in_features=800, out_features=200, bias=True)
        (drop): Dropout(p=0.0, inplace=False)
      )
    )
    (9): Block(
      (norm1): LayerNorm((200,), eps=1e-06, elementwise_affine=True)
      (attn): Attention(
        (qkv): Linear(in_features=200, out_features=600, bias=False)
        (q_norm): LayerNorm((20,), eps=1e-06, elementwise_affine=True)
        (k_norm): LayerNorm((20,), eps=1e-06, elementwise_affine=True)
        (attn_drop): Dropout(p=0.0, inplace=False)
        (proj): Linear(in_features=200, out_features=200, bias=True)
        (proj_drop): Dropout(p=0.0, inplace=False)
      )
      (drop_path): DropPath(p=0.08181818574666977)
      (norm2): LayerNorm((200,), eps=1e-06, elementwise_affine=True)
      (mlp): Mlp(
        (fc1): Linear(in_features=200, out_features=800, bias=True)
        (act): GELU(approximate='none')
        (fc2): Linear(in_features=800, out_features=200, bias=True)
        (drop): Dropout(p=0.0, inplace=False)
      )
    )
    (10): Block(
      (norm1): LayerNorm((200,), eps=1e-06, elementwise_affine=True)
      (attn): Attention(
        (qkv): Linear(in_features=200, out_features=600, bias=False)
        (q_norm): LayerNorm((20,), eps=1e-06, elementwise_affine=True)
        (k_norm): LayerNorm((20,), eps=1e-06, elementwise_affine=True)
        (attn_drop): Dropout(p=0.0, inplace=False)
        (proj): Linear(in_features=200, out_features=200, bias=True)
        (proj_drop): Dropout(p=0.0, inplace=False)
      )
      (drop_path): DropPath(p=0.09090909361839294)
      (norm2): LayerNorm((200,), eps=1e-06, elementwise_affine=True)
      (mlp): Mlp(
        (fc1): Linear(in_features=200, out_features=800, bias=True)
        (act): GELU(approximate='none')
        (fc2): Linear(in_features=800, out_features=200, bias=True)
        (drop): Dropout(p=0.0, inplace=False)
      )
    )
    (11): Block(
      (norm1): LayerNorm((200,), eps=1e-06, elementwise_affine=True)
      (attn): Attention(
        (qkv): Linear(in_features=200, out_features=600, bias=False)
        (q_norm): LayerNorm((20,), eps=1e-06, elementwise_affine=True)
        (k_norm): LayerNorm((20,), eps=1e-06, elementwise_affine=True)
        (attn_drop): Dropout(p=0.0, inplace=False)
        (proj): Linear(in_features=200, out_features=200, bias=True)
        (proj_drop): Dropout(p=0.0, inplace=False)
      )
      (drop_path): DropPath(p=0.10000000149011612)
      (norm2): LayerNorm((200,), eps=1e-06, elementwise_affine=True)
      (mlp): Mlp(
        (fc1): Linear(in_features=200, out_features=800, bias=True)
        (act): GELU(approximate='none')
        (fc2): Linear(in_features=800, out_features=200, bias=True)
        (drop): Dropout(p=0.0, inplace=False)
      )
    )
  )
  (norm): Identity()
  (fc_norm): LayerNorm((200,), eps=1e-06, elementwise_affine=True)
  (head): Linear(in_features=200, out_features=1, bias=True)
)
number of params: 5824937
LR = 0.00050000
Batch size = 512
Update frequent = 1
Number of training examples = Unknown (IterableDataset)
Number of training steps per epoch = Determined during training (IterableDataset)
Note: LR schedule uses placeholder value - actual steps determined by iterator exhaustion
Assigned values = [0.003697205891018715, 0.005688009063105715, 0.008750783174008792, 0.013462743344628911, 0.02071191283789063, 0.03186448128906251, 0.049022278906250015, 0.07541889062500001, 0.11602906250000002, 0.17850625000000003, 0.274625, 0.42250000000000004, 0.65, 1.0]
Skip weight decay name marked in model: {'pos_embed', 'cls_token', 'time_embed'}
Param groups = {
  "layer_0_no_decay": {
    "weight_decay": 0.0,
    "params": [
      "cls_token",
      "pos_embed",
      "patch_embed.conv1.bias",
      "patch_embed.norm1.weight",
      "patch_embed.norm1.bias",
      "patch_embed.conv2.bias",
      "patch_embed.norm2.weight",
      "patch_embed.norm2.bias",
      "patch_embed.conv3.bias",
      "patch_embed.norm3.weight",
      "patch_embed.norm3.bias"
    ],
    "lr_scale": 0.003697205891018715
  },
  "layer_13_no_decay": {
    "weight_decay": 0.0,
    "params": [
      "time_embed",
      "fc_norm.weight",
      "fc_norm.bias",
      "head.bias"
    ],
    "lr_scale": 1.0
  },
  "layer_0_decay": {
    "weight_decay": 0.05,
    "params": [
      "patch_embed.conv1.weight",
      "patch_embed.conv2.weight",
      "patch_embed.conv3.weight"
    ],
    "lr_scale": 0.003697205891018715
  },
  "layer_1_no_decay": {
    "weight_decay": 0.0,
    "params": [
      "blocks.0.gamma_1",
      "blocks.0.gamma_2",
      "blocks.0.norm1.weight",
      "blocks.0.norm1.bias",
      "blocks.0.attn.q_bias",
      "blocks.0.attn.v_bias",
      "blocks.0.attn.q_norm.weight",
      "blocks.0.attn.q_norm.bias",
      "blocks.0.attn.k_norm.weight",
      "blocks.0.attn.k_norm.bias",
      "blocks.0.attn.proj.bias",
      "blocks.0.norm2.weight",
      "blocks.0.norm2.bias",
      "blocks.0.mlp.fc1.bias",
      "blocks.0.mlp.fc2.bias"
    ],
    "lr_scale": 0.005688009063105715
  },
  "layer_1_decay": {
    "weight_decay": 0.05,
    "params": [
      "blocks.0.attn.qkv.weight",
      "blocks.0.attn.proj.weight",
      "blocks.0.mlp.fc1.weight",
      "blocks.0.mlp.fc2.weight"
    ],
    "lr_scale": 0.005688009063105715
  },
  "layer_2_no_decay": {
    "weight_decay": 0.0,
    "params": [
      "blocks.1.gamma_1",
      "blocks.1.gamma_2",
      "blocks.1.norm1.weight",
      "blocks.1.norm1.bias",
      "blocks.1.attn.q_bias",
      "blocks.1.attn.v_bias",
      "blocks.1.attn.q_norm.weight",
      "blocks.1.attn.q_norm.bias",
      "blocks.1.attn.k_norm.weight",
      "blocks.1.attn.k_norm.bias",
      "blocks.1.attn.proj.bias",
      "blocks.1.norm2.weight",
      "blocks.1.norm2.bias",
      "blocks.1.mlp.fc1.bias",
      "blocks.1.mlp.fc2.bias"
    ],
    "lr_scale": 0.008750783174008792
  },
  "layer_2_decay": {
    "weight_decay": 0.05,
    "params": [
      "blocks.1.attn.qkv.weight",
      "blocks.1.attn.proj.weight",
      "blocks.1.mlp.fc1.weight",
      "blocks.1.mlp.fc2.weight"
    ],
    "lr_scale": 0.008750783174008792
  },
  "layer_3_no_decay": {
    "weight_decay": 0.0,
    "params": [
      "blocks.2.gamma_1",
      "blocks.2.gamma_2",
      "blocks.2.norm1.weight",
      "blocks.2.norm1.bias",
      "blocks.2.attn.q_bias",
      "blocks.2.attn.v_bias",
      "blocks.2.attn.q_norm.weight",
      "blocks.2.attn.q_norm.bias",
      "blocks.2.attn.k_norm.weight",
      "blocks.2.attn.k_norm.bias",
      "blocks.2.attn.proj.bias",
      "blocks.2.norm2.weight",
      "blocks.2.norm2.bias",
      "blocks.2.mlp.fc1.bias",
      "blocks.2.mlp.fc2.bias"
    ],
    "lr_scale": 0.013462743344628911
  },
  "layer_3_decay": {
    "weight_decay": 0.05,
    "params": [
      "blocks.2.attn.qkv.weight",
      "blocks.2.attn.proj.weight",
      "blocks.2.mlp.fc1.weight",
      "blocks.2.mlp.fc2.weight"
    ],
    "lr_scale": 0.013462743344628911
  },
  "layer_4_no_decay": {
    "weight_decay": 0.0,
    "params": [
      "blocks.3.gamma_1",
      "blocks.3.gamma_2",
      "blocks.3.norm1.weight",
      "blocks.3.norm1.bias",
      "blocks.3.attn.q_bias",
      "blocks.3.attn.v_bias",
      "blocks.3.attn.q_norm.weight",
      "blocks.3.attn.q_norm.bias",
      "blocks.3.attn.k_norm.weight",
      "blocks.3.attn.k_norm.bias",
      "blocks.3.attn.proj.bias",
      "blocks.3.norm2.weight",
      "blocks.3.norm2.bias",
      "blocks.3.mlp.fc1.bias",
      "blocks.3.mlp.fc2.bias"
    ],
    "lr_scale": 0.02071191283789063
  },
  "layer_4_decay": {
    "weight_decay": 0.05,
    "params": [
      "blocks.3.attn.qkv.weight",
      "blocks.3.attn.proj.weight",
      "blocks.3.mlp.fc1.weight",
      "blocks.3.mlp.fc2.weight"
    ],
    "lr_scale": 0.02071191283789063
  },
  "layer_5_no_decay": {
    "weight_decay": 0.0,
    "params": [
      "blocks.4.gamma_1",
      "blocks.4.gamma_2",
      "blocks.4.norm1.weight",
      "blocks.4.norm1.bias",
      "blocks.4.attn.q_bias",
      "blocks.4.attn.v_bias",
      "blocks.4.attn.q_norm.weight",
      "blocks.4.attn.q_norm.bias",
      "blocks.4.attn.k_norm.weight",
      "blocks.4.attn.k_norm.bias",
      "blocks.4.attn.proj.bias",
      "blocks.4.norm2.weight",
      "blocks.4.norm2.bias",
      "blocks.4.mlp.fc1.bias",
      "blocks.4.mlp.fc2.bias"
    ],
    "lr_scale": 0.03186448128906251
  },
  "layer_5_decay": {
    "weight_decay": 0.05,
    "params": [
      "blocks.4.attn.qkv.weight",
      "blocks.4.attn.proj.weight",
      "blocks.4.mlp.fc1.weight",
      "blocks.4.mlp.fc2.weight"
    ],
    "lr_scale": 0.03186448128906251
  },
  "layer_6_no_decay": {
    "weight_decay": 0.0,
    "params": [
      "blocks.5.gamma_1",
      "blocks.5.gamma_2",
      "blocks.5.norm1.weight",
      "blocks.5.norm1.bias",
      "blocks.5.attn.q_bias",
      "blocks.5.attn.v_bias",
      "blocks.5.attn.q_norm.weight",
      "blocks.5.attn.q_norm.bias",
      "blocks.5.attn.k_norm.weight",
      "blocks.5.attn.k_norm.bias",
      "blocks.5.attn.proj.bias",
      "blocks.5.norm2.weight",
      "blocks.5.norm2.bias",
      "blocks.5.mlp.fc1.bias",
      "blocks.5.mlp.fc2.bias"
    ],
    "lr_scale": 0.049022278906250015
  },
  "layer_6_decay": {
    "weight_decay": 0.05,
    "params": [
      "blocks.5.attn.qkv.weight",
      "blocks.5.attn.proj.weight",
      "blocks.5.mlp.fc1.weight",
      "blocks.5.mlp.fc2.weight"
    ],
    "lr_scale": 0.049022278906250015
  },
  "layer_7_no_decay": {
    "weight_decay": 0.0,
    "params": [
      "blocks.6.gamma_1",
      "blocks.6.gamma_2",
      "blocks.6.norm1.weight",
      "blocks.6.norm1.bias",
      "blocks.6.attn.q_bias",
      "blocks.6.attn.v_bias",
      "blocks.6.attn.q_norm.weight",
      "blocks.6.attn.q_norm.bias",
      "blocks.6.attn.k_norm.weight",
      "blocks.6.attn.k_norm.bias",
      "blocks.6.attn.proj.bias",
      "blocks.6.norm2.weight",
      "blocks.6.norm2.bias",
      "blocks.6.mlp.fc1.bias",
      "blocks.6.mlp.fc2.bias"
    ],
    "lr_scale": 0.07541889062500001
  },
  "layer_7_decay": {
    "weight_decay": 0.05,
    "params": [
      "blocks.6.attn.qkv.weight",
      "blocks.6.attn.proj.weight",
      "blocks.6.mlp.fc1.weight",
      "blocks.6.mlp.fc2.weight"
    ],
    "lr_scale": 0.07541889062500001
  },
  "layer_8_no_decay": {
    "weight_decay": 0.0,
    "params": [
      "blocks.7.gamma_1",
      "blocks.7.gamma_2",
      "blocks.7.norm1.weight",
      "blocks.7.norm1.bias",
      "blocks.7.attn.q_bias",
      "blocks.7.attn.v_bias",
      "blocks.7.attn.q_norm.weight",
      "blocks.7.attn.q_norm.bias",
      "blocks.7.attn.k_norm.weight",
      "blocks.7.attn.k_norm.bias",
      "blocks.7.attn.proj.bias",
      "blocks.7.norm2.weight",
      "blocks.7.norm2.bias",
      "blocks.7.mlp.fc1.bias",
      "blocks.7.mlp.fc2.bias"
    ],
    "lr_scale": 0.11602906250000002
  },
  "layer_8_decay": {
    "weight_decay": 0.05,
    "params": [
      "blocks.7.attn.qkv.weight",
      "blocks.7.attn.proj.weight",
      "blocks.7.mlp.fc1.weight",
      "blocks.7.mlp.fc2.weight"
    ],
    "lr_scale": 0.11602906250000002
  },
  "layer_9_no_decay": {
    "weight_decay": 0.0,
    "params": [
      "blocks.8.gamma_1",
      "blocks.8.gamma_2",
      "blocks.8.norm1.weight",
      "blocks.8.norm1.bias",
      "blocks.8.attn.q_bias",
      "blocks.8.attn.v_bias",
      "blocks.8.attn.q_norm.weight",
      "blocks.8.attn.q_norm.bias",
      "blocks.8.attn.k_norm.weight",
      "blocks.8.attn.k_norm.bias",
      "blocks.8.attn.proj.bias",
      "blocks.8.norm2.weight",
      "blocks.8.norm2.bias",
      "blocks.8.mlp.fc1.bias",
      "blocks.8.mlp.fc2.bias"
    ],
    "lr_scale": 0.17850625000000003
  },
  "layer_9_decay": {
    "weight_decay": 0.05,
    "params": [
      "blocks.8.attn.qkv.weight",
      "blocks.8.attn.proj.weight",
      "blocks.8.mlp.fc1.weight",
      "blocks.8.mlp.fc2.weight"
    ],
    "lr_scale": 0.17850625000000003
  },
  "layer_10_no_decay": {
    "weight_decay": 0.0,
    "params": [
      "blocks.9.gamma_1",
      "blocks.9.gamma_2",
      "blocks.9.norm1.weight",
      "blocks.9.norm1.bias",
      "blocks.9.attn.q_bias",
      "blocks.9.attn.v_bias",
      "blocks.9.attn.q_norm.weight",
      "blocks.9.attn.q_norm.bias",
      "blocks.9.attn.k_norm.weight",
      "blocks.9.attn.k_norm.bias",
      "blocks.9.attn.proj.bias",
      "blocks.9.norm2.weight",
      "blocks.9.norm2.bias",
      "blocks.9.mlp.fc1.bias",
      "blocks.9.mlp.fc2.bias"
    ],
    "lr_scale": 0.274625
  },
  "layer_10_decay": {
    "weight_decay": 0.05,
    "params": [
      "blocks.9.attn.qkv.weight",
      "blocks.9.attn.proj.weight",
      "blocks.9.mlp.fc1.weight",
      "blocks.9.mlp.fc2.weight"
    ],
    "lr_scale": 0.274625
  },
  "layer_11_no_decay": {
    "weight_decay": 0.0,
    "params": [
      "blocks.10.gamma_1",
      "blocks.10.gamma_2",
      "blocks.10.norm1.weight",
      "blocks.10.norm1.bias",
      "blocks.10.attn.q_bias",
      "blocks.10.attn.v_bias",
      "blocks.10.attn.q_norm.weight",
      "blocks.10.attn.q_norm.bias",
      "blocks.10.attn.k_norm.weight",
      "blocks.10.attn.k_norm.bias",
      "blocks.10.attn.proj.bias",
      "blocks.10.norm2.weight",
      "blocks.10.norm2.bias",
      "blocks.10.mlp.fc1.bias",
      "blocks.10.mlp.fc2.bias"
    ],
    "lr_scale": 0.42250000000000004
  },
  "layer_11_decay": {
    "weight_decay": 0.05,
    "params": [
      "blocks.10.attn.qkv.weight",
      "blocks.10.attn.proj.weight",
      "blocks.10.mlp.fc1.weight",
      "blocks.10.mlp.fc2.weight"
    ],
    "lr_scale": 0.42250000000000004
  },
  "layer_12_no_decay": {
    "weight_decay": 0.0,
    "params": [
      "blocks.11.gamma_1",
      "blocks.11.gamma_2",
      "blocks.11.norm1.weight",
      "blocks.11.norm1.bias",
      "blocks.11.attn.q_bias",
      "blocks.11.attn.v_bias",
      "blocks.11.attn.q_norm.weight",
      "blocks.11.attn.q_norm.bias",
      "blocks.11.attn.k_norm.weight",
      "blocks.11.attn.k_norm.bias",
      "blocks.11.attn.proj.bias",
      "blocks.11.norm2.weight",
      "blocks.11.norm2.bias",
      "blocks.11.mlp.fc1.bias",
      "blocks.11.mlp.fc2.bias"
    ],
    "lr_scale": 0.65
  },
  "layer_12_decay": {
    "weight_decay": 0.05,
    "params": [
      "blocks.11.attn.qkv.weight",
      "blocks.11.attn.proj.weight",
      "blocks.11.mlp.fc1.weight",
      "blocks.11.mlp.fc2.weight"
    ],
    "lr_scale": 0.65
  },
  "layer_13_decay": {
    "weight_decay": 0.05,
    "params": [
      "head.weight"
    ],
    "lr_scale": 1.0
  }
}
Optimizer config: {'lr': 0.0005, 'weight_decay': 0.0, 'eps': 1e-08, 'betas': [0.9, 0.98]}
Use step level LR scheduler!
Set warmup steps = 500000
Set warmup steps = 0
Max WD = 0.0500000, Min WD = 0.0500000
Binary class weights from train data (gender): [0.7718, 1.4196] -> BCE pos_weight=1.8393
Using BCEWithLogitsLoss(pos_weight=...) to reduce majority-class collapse
criterion = BCEWithLogitsLoss()
Auto resume checkpoint: 
Start training for 50 epochs

============================================================
Counting task types in validation and test sets...
============================================================
  Validation: 35,284 active, 204,188 passive samples
  Test: 35,976 active, 200,037 passive samples
============================================================

  Counting task types in training dataset...
  Training dataset: 165,361 active, 947,616 passive samples
libibverbs: Warning: couldn't load driver 'libvmw_pvrdma-rdmav34.so': libvmw_pvrdma-rdmav34.so: cannot open shared object file: No such file or directory
Epoch: [0]  [     0/?]  eta: ?  lr: 0.000000  min_lr: 0.000000  loss: 0.8852 (0.8852)  class_acc: 0.3262 (0.3262)  loss_scale: 65536.0000 (65536.0000)  weight_decay: 0.0500 (0.0500)  grad_norm: 0.3918 (0.3918)  time: 25.7145  data: 16.0839  max mem: 3430
Epoch: [0]  [   500/?]  eta: ?  lr: 0.000001  min_lr: 0.000000  loss: 0.8998 (0.8992)  class_acc: 0.4414 (0.3780)  loss_scale: 65536.0000 (65536.0000)  weight_decay: 0.0500 (0.0500)  grad_norm: 0.4282 (0.4245)  time: 1.3305  data: 0.0026  max mem: 3482
Epoch: [0]  [  1000/?]  eta: ?  lr: 0.000001  min_lr: 0.000000  loss: 0.8943 (0.8991)  class_acc: 0.5293 (0.4347)  loss_scale: 65536.0000 (65536.0000)  weight_decay: 0.0500 (0.0500)  grad_norm: 0.9776 (0.5327)  time: 1.2978  data: 0.0012  max mem: 3482
NaN or Inf found in input tensor.
NaN or Inf found in input tensor.
Epoch: [0]  [  1500/?]  eta: ?  lr: 0.000002  min_lr: 0.000000  loss: 0.8937 (0.8977)  class_acc: 0.5840 (0.4762)  loss_scale: 16384.0000 (53037.8787)  weight_decay: 0.0500 (0.0500)  grad_norm: 2.5065 (inf)  time: 1.3041  data: 0.0017  max mem: 3482
NaN or Inf found in input tensor.
Epoch: [0]  [  2000/?]  eta: ?  lr: 0.000002  min_lr: 0.000000  loss: 0.8909 (0.8957)  class_acc: 0.5684 (0.4987)  loss_scale: 8192.0000 (42761.3393)  weight_decay: 0.0500 (0.0500)  grad_norm: 3.9012 (inf)  time: 1.3192  data: 0.0012  max mem: 3482
Epoch: [0] Total time: 0:47:41 (1.3186 s / it)

============================================================
  DIAGNOSTIC: Epoch 0 Summary
============================================================
  Processed: 1,111,040 samples in 2,170 batches
  Batch size: 512
  Expected batches: ~2,170 (samples ÷ batch_size)
  Average samples per batch: 512.00

  Comparison with CNN (baseline):
    CNN: ~1,792,000 samples (~7,000 batches, batch_size=256)
    LaBraM: 1,111,040 samples (2,170 batches, batch_size=512)
    Ratio: 0.62x samples (fewer than CNN)
    ⚠️  WARNING: Significant difference from CNN dataset size!
    This suggests a serious issue with data loading or participant splits!
    Possible causes:
      1. Different participant splits (check random_seed and split ratios)
      2. Data duplication in IterableDataset (samples yielded multiple times)
      3. Different task_type usage (CNN might use 'active' or 'passive' instead of 'both')
      4. Different number of participants in train split
      5. LaBraM iterating through dataset multiple times
    Action: Check participant counts and verify no duplication in __iter__ methods
============================================================

Val:  [     0/?]  eta: ?  loss: 0.6579 (0.6579)  accuracy: 0.6875 (0.6875)  balanced_accuracy: 0.8072 (0.8072)  pr_auc: 0.2168 (0.2168)  roc_auc: 0.8354 (0.8354)  time: 12.2330  data: 9.5962  max mem: 3482
Val:  [    10/?]  eta: ?  loss: 0.6735 (0.6735)  accuracy: 0.6029 (0.6115)  balanced_accuracy: 0.7480 (0.6965)  pr_auc: 0.3736 (0.4662)  roc_auc: 0.7584 (0.7396)  time: 1.4622  data: 0.8732  max mem: 3482
Val:  [    20/?]  eta: ?  loss: 0.6752 (0.6728)  accuracy: 0.5846 (0.6145)  balanced_accuracy: 0.6280 (0.6716)  pr_auc: 0.4228 (0.4850)  roc_auc: 0.7035 (0.7087)  time: 0.3176  data: 0.0008  max mem: 3482
Val:  [    30/?]  eta: ?  loss: 0.6720 (0.6712)  accuracy: 0.5938 (0.6210)  balanced_accuracy: 0.6447 (0.6847)  pr_auc: 0.6505 (0.5283)  roc_auc: 0.7125 (0.7315)  time: 0.2508  data: 0.0007  max mem: 3482
Val:  [    40/?]  eta: ?  loss: 0.6714 (0.6753)  accuracy: 0.5820 (0.6043)  balanced_accuracy: 0.6455 (0.6617)  pr_auc: 0.4542 (0.4945)  roc_auc: 0.7062 (0.6968)  time: 0.2538  data: 0.0007  max mem: 3482
Val:  [    50/?]  eta: ?  loss: 0.6721 (0.6761)  accuracy: 0.5729 (0.6009)  balanced_accuracy: 0.6486 (0.6584)  pr_auc: 0.4657 (0.5158)  roc_auc: 0.6900 (0.6980)  time: 0.2554  data: 0.0007  max mem: 3482
Val:  [    60/?]  eta: ?  loss: 0.6718 (0.6759)  accuracy: 0.6055 (0.6020)  balanced_accuracy: 0.6360 (0.6452)  pr_auc: 0.4702 (0.5005)  roc_auc: 0.6630 (0.6853)  time: 0.2698  data: 0.0007  max mem: 3482
Val:  [    70/?]  eta: ?  loss: 0.6718 (0.6756)  accuracy: 0.5938 (0.6015)  balanced_accuracy: 0.6455 (0.6416)  pr_auc: 0.4981 (0.5314)  roc_auc: 0.6630 (0.6831)  time: 0.2673  data: 0.0007  max mem: 3482
Val:  [    80/?]  eta: ?  loss: 0.6701 (0.6762)  accuracy: 0.6107 (0.5985)  balanced_accuracy: 0.5570 (0.6332)  pr_auc: 0.4967 (0.5208)  roc_auc: 0.5590 (0.6689)  time: 0.2518  data: 0.0007  max mem: 3482
Val:  [    90/?]  eta: ?  loss: 0.6691 (0.6746)  accuracy: 0.6354 (0.6054)  balanced_accuracy: 0.6496 (0.6428)  pr_auc: 0.7366 (0.5427)  roc_auc: 0.6920 (0.6834)  time: 0.2550  data: 0.0007  max mem: 3482
Val:  [   100/?]  eta: ?  loss: 0.6618 (0.6750)  accuracy: 0.6458 (0.6033)  balanced_accuracy: 0.6174 (0.6396)  pr_auc: 0.5786 (0.5394)  roc_auc: 0.6750 (0.6781)  time: 0.2552  data: 0.0007  max mem: 3482
Val:  [   110/?]  eta: ?  loss: 0.6786 (0.6756)  accuracy: 0.5781 (0.6020)  balanced_accuracy: 0.6121 (0.6395)  pr_auc: 0.5034 (0.5333)  roc_auc: 0.6404 (0.6734)  time: 0.2689  data: 0.0007  max mem: 3482
Val:  [   120/?]  eta: ?  loss: 0.6764 (0.6760)  accuracy: 0.5781 (0.6001)  balanced_accuracy: 0.6048 (0.6348)  pr_auc: 0.5034 (0.5374)  roc_auc: 0.6188 (0.6688)  time: 0.2959  data: 0.0007  max mem: 3482
Val:  [   130/?]  eta: ?  loss: 0.6764 (0.6766)  accuracy: 0.5651 (0.5975)  balanced_accuracy: 0.5334 (0.6321)  pr_auc: 0.5034 (0.5333)  roc_auc: 0.5939 (0.6640)  time: 0.2798  data: 0.0007  max mem: 3482
Val:  [   140/?]  eta: ?  loss: 0.6705 (0.6761)  accuracy: 0.6003 (0.5993)  balanced_accuracy: 0.5493 (0.6341)  pr_auc: 0.5104 (0.5423)  roc_auc: 0.5787 (0.6674)  time: 0.2503  data: 0.0007  max mem: 3482
Val:  [   150/?]  eta: ?  loss: 0.6789 (0.6768)  accuracy: 0.5482 (0.5957)  balanced_accuracy: 0.5493 (0.6269)  pr_auc: 0.4699 (0.5388)  roc_auc: 0.5787 (0.6579)  time: 0.2515  data: 0.0007  max mem: 3482
Val:  [   160/?]  eta: ?  loss: 0.6926 (0.6780)  accuracy: 0.5104 (0.5915)  balanced_accuracy: 0.5493 (0.6234)  pr_auc: 0.4205 (0.5309)  roc_auc: 0.5753 (0.6520)  time: 0.2693  data: 0.0007  max mem: 3482
Val:  [   170/?]  eta: ?  loss: 0.6901 (0.6793)  accuracy: 0.5208 (0.5855)  balanced_accuracy: 0.5618 (0.6165)  pr_auc: 0.3641 (0.5233)  roc_auc: 0.5753 (0.6448)  time: 0.2671  data: 0.0007  max mem: 3482
Val:  [   180/?]  eta: ?  loss: 0.6901 (0.6794)  accuracy: 0.5052 (0.5848)  balanced_accuracy: 0.5673 (0.6141)  pr_auc: 0.3391 (0.5198)  roc_auc: 0.5778 (0.6416)  time: 0.2516  data: 0.0007  max mem: 3482
Val:  [   190/?]  eta: ?  loss: 0.6727 (0.6804)  accuracy: 0.5768 (0.5809)  balanced_accuracy: 0.5643 (0.6098)  pr_auc: 0.4566 (0.5175)  roc_auc: 0.6388 (0.6378)  time: 0.2544  data: 0.0007  max mem: 3482
Val:  [   200/?]  eta: ?  loss: 0.6727 (0.6808)  accuracy: 0.5755 (0.5792)  balanced_accuracy: 0.5802 (0.6078)  pr_auc: 0.5420 (0.5179)  roc_auc: 0.6822 (0.6358)  time: 0.2544  data: 0.0007  max mem: 3482
Val:  [   210/?]  eta: ?  loss: 0.6724 (0.6808)  accuracy: 0.5833 (0.5790)  balanced_accuracy: 0.5802 (0.6051)  pr_auc: 0.3992 (0.5149)  roc_auc: 0.6791 (0.6335)  time: 0.2540  data: 0.0007  max mem: 3482
Val:  [   220/?]  eta: ?  loss: 0.6693 (0.6805)  accuracy: 0.6289 (0.5800)  balanced_accuracy: 0.6283 (0.6082)  pr_auc: 0.5583 (0.5214)  roc_auc: 0.7196 (0.6414)  time: 0.2677  data: 0.0007  max mem: 3482
Val:  [   230/?]  eta: ?  loss: 0.6693 (0.6806)  accuracy: 0.6068 (0.5802)  balanced_accuracy: 0.6412 (0.6101)  pr_auc: 0.4791 (0.5214)  roc_auc: 0.7132 (0.6421)  time: 0.2716  data: 0.0007  max mem: 3482
Val:  [   240/?]  eta: ?  loss: 0.6821 (0.6811)  accuracy: 0.5768 (0.5788)  balanced_accuracy: 0.6243 (0.6095)  pr_auc: 0.5034 (0.5171)  roc_auc: 0.6760 (0.6402)  time: 0.2671  data: 0.0007  max mem: 3482
Val:  [   250/?]  eta: ?  loss: 0.6805 (0.6808)  accuracy: 0.5508 (0.5792)  balanced_accuracy: 0.6243 (0.6082)  pr_auc: 0.5270 (0.5233)  roc_auc: 0.5636 (0.6393)  time: 0.2629  data: 0.0007  max mem: 3482
Val:  [   260/?]  eta: ?  loss: 0.6612 (0.6800)  accuracy: 0.6680 (0.5824)  balanced_accuracy: 0.6260 (0.6086)  pr_auc: 0.7686 (0.5235)  roc_auc: 0.7112 (0.6412)  time: 0.2546  data: 0.0007  max mem: 3482
Val:  [   270/?]  eta: ?  loss: 0.6612 (0.6803)  accuracy: 0.6680 (0.5813)  balanced_accuracy: 0.6248 (0.6078)  pr_auc: 0.4228 (0.5203)  roc_auc: 0.6412 (0.6398)  time: 0.2558  data: 0.0007  max mem: 3482
Val:  [   280/?]  eta: ?  loss: 0.6613 (0.6798)  accuracy: 0.5833 (0.5831)  balanced_accuracy: 0.6248 (0.6064)  pr_auc: 0.4228 (0.5182)  roc_auc: 0.6381 (0.6404)  time: 0.2681  data: 0.0007  max mem: 3482
Val:  [   290/?]  eta: ?  loss: 0.6434 (0.6788)  accuracy: 0.6784 (0.5869)  balanced_accuracy: 0.6281 (0.6095)  pr_auc: 0.5140 (0.5252)  roc_auc: 0.6979 (0.6455)  time: 0.2663  data: 0.0007  max mem: 3482
Val:  [   300/?]  eta: ?  loss: 0.6735 (0.6792)  accuracy: 0.5938 (0.5852)  balanced_accuracy: 0.5831 (0.6048)  pr_auc: 0.5534 (0.5220)  roc_auc: 0.5687 (0.6387)  time: 0.2615  data: 0.0007  max mem: 3482
Val:  [   310/?]  eta: ?  loss: 0.6863 (0.6793)  accuracy: 0.5417 (0.5857)  balanced_accuracy: 0.5421 (0.6061)  pr_auc: 0.5713 (0.5250)  roc_auc: 0.5399 (0.6397)  time: 0.2544  data: 0.0006  max mem: 3482
Val: Total time: 0:01:36 (0.3019 s / it)
* loss 0.679
Test:  [     0/?]  eta: ?  loss: 0.6594 (0.6594)  accuracy: 0.6432 (0.6432)  balanced_accuracy: 0.6430 (0.6430)  pr_auc: 0.7489 (0.7489)  roc_auc: 0.7691 (0.7691)  time: 9.7926  data: 9.5222  max mem: 3482
Test:  [    10/?]  eta: ?  loss: 0.6883 (0.7016)  accuracy: 0.5534 (0.4880)  balanced_accuracy: 0.6430 (0.5745)  pr_auc: 0.3837 (0.3998)  roc_auc: 0.6542 (0.5950)  time: 1.1225  data: 0.8663  max mem: 3482
Test:  [    20/?]  eta: ?  loss: 0.6779 (0.6863)  accuracy: 0.5977 (0.5557)  balanced_accuracy: 0.6430 (0.6071)  pr_auc: 0.4052 (0.4560)  roc_auc: 0.6542 (0.6511)  time: 0.2534  data: 0.0007  max mem: 3482
Test:  [    30/?]  eta: ?  loss: 0.6779 (0.6836)  accuracy: 0.6159 (0.5670)  balanced_accuracy: 0.5957 (0.5959)  pr_auc: 0.5955 (0.5034)  roc_auc: 0.6557 (0.6315)  time: 0.2712  data: 0.0007  max mem: 3482
Test:  [    40/?]  eta: ?  loss: 0.6677 (0.6796)  accuracy: 0.6289 (0.5811)  balanced_accuracy: 0.6559 (0.6174)  pr_auc: 0.6584 (0.5671)  roc_auc: 0.7322 (0.6647)  time: 0.2716  data: 0.0007  max mem: 3482
Test:  [    50/?]  eta: ?  loss: 0.6709 (0.6786)  accuracy: 0.6289 (0.5875)  balanced_accuracy: 0.6426 (0.6298)  pr_auc: 0.7516 (0.5647)  roc_auc: 0.7322 (0.6687)  time: 0.2516  data: 0.0007  max mem: 3482
Test:  [    60/?]  eta: ?  loss: 0.6733 (0.6785)  accuracy: 0.5898 (0.5876)  balanced_accuracy: 0.6426 (0.6324)  pr_auc: 0.5633 (0.5566)  roc_auc: 0.6678 (0.6723)  time: 0.2518  data: 0.0007  max mem: 3482
Test:  [    70/?]  eta: ?  loss: 0.6728 (0.6786)  accuracy: 0.5625 (0.5877)  balanced_accuracy: 0.6425 (0.6328)  pr_auc: 0.5559 (0.5582)  roc_auc: 0.6919 (0.6727)  time: 0.2516  data: 0.0007  max mem: 3482
Test:  [    80/?]  eta: ?  loss: 0.6728 (0.6773)  accuracy: 0.6107 (0.5938)  balanced_accuracy: 0.6425 (0.6447)  pr_auc: 0.5605 (0.5644)  roc_auc: 0.6954 (0.6850)  time: 0.2498  data: 0.0007  max mem: 3482
Test:  [    90/?]  eta: ?  loss: 0.6764 (0.6782)  accuracy: 0.5872 (0.5902)  balanced_accuracy: 0.7003 (0.6416)  pr_auc: 0.5632 (0.5575)  roc_auc: 0.6978 (0.6828)  time: 0.2489  data: 0.0007  max mem: 3482
Test:  [   100/?]  eta: ?  loss: 0.6907 (0.6796)  accuracy: 0.5365 (0.5834)  balanced_accuracy: 0.6138 (0.6327)  pr_auc: 0.4212 (0.5583)  roc_auc: 0.6676 (0.6707)  time: 0.2852  data: 0.0007  max mem: 3482
Test:  [   110/?]  eta: ?  loss: 0.6884 (0.6801)  accuracy: 0.5417 (0.5810)  balanced_accuracy: 0.6018 (0.6284)  pr_auc: 0.4257 (0.5519)  roc_auc: 0.5444 (0.6626)  time: 0.2830  data: 0.0006  max mem: 3482
Test:  [   120/?]  eta: ?  loss: 0.6884 (0.6818)  accuracy: 0.5495 (0.5747)  balanced_accuracy: 0.5781 (0.6165)  pr_auc: 0.4257 (0.5464)  roc_auc: 0.5444 (0.6474)  time: 0.2468  data: 0.0007  max mem: 3482
Test:  [   130/?]  eta: ?  loss: 0.6827 (0.6817)  accuracy: 0.5664 (0.5749)  balanced_accuracy: 0.5703 (0.6191)  pr_auc: 0.3803 (0.5435)  roc_auc: 0.5956 (0.6541)  time: 0.2495  data: 0.0007  max mem: 3482
Test:  [   140/?]  eta: ?  loss: 0.6751 (0.6824)  accuracy: 0.5703 (0.5717)  balanced_accuracy: 0.5662 (0.6117)  pr_auc: 0.4469 (0.5333)  roc_auc: 0.5956 (0.6442)  time: 0.2514  data: 0.0007  max mem: 3482
Test:  [   150/?]  eta: ?  loss: 0.6891 (0.6833)  accuracy: 0.4883 (0.5677)  balanced_accuracy: 0.5334 (0.6066)  pr_auc: 0.4469 (0.5313)  roc_auc: 0.5255 (0.6365)  time: 0.2509  data: 0.0007  max mem: 3482
Test:  [   160/?]  eta: ?  loss: 0.6920 (0.6824)  accuracy: 0.4948 (0.5715)  balanced_accuracy: 0.5828 (0.6106)  pr_auc: 0.5222 (0.5357)  roc_auc: 0.6614 (0.6408)  time: 0.2499  data: 0.0007  max mem: 3482
Test:  [   170/?]  eta: ?  loss: 0.6636 (0.6812)  accuracy: 0.6224 (0.5766)  balanced_accuracy: 0.6057 (0.6111)  pr_auc: 0.5538 (0.5411)  roc_auc: 0.6614 (0.6401)  time: 0.2614  data: 0.0007  max mem: 3482
Test:  [   180/?]  eta: ?  loss: 0.6636 (0.6812)  accuracy: 0.6224 (0.5764)  balanced_accuracy: 0.6084 (0.6117)  pr_auc: 0.5651 (0.5365)  roc_auc: 0.5829 (0.6383)  time: 0.2614  data: 0.0007  max mem: 3482
Test:  [   190/?]  eta: ?  loss: 0.6720 (0.6811)  accuracy: 0.5911 (0.5766)  balanced_accuracy: 0.6084 (0.6108)  pr_auc: 0.5471 (0.5313)  roc_auc: 0.5829 (0.6378)  time: 0.2528  data: 0.0007  max mem: 3482
Test:  [   200/?]  eta: ?  loss: 0.6715 (0.6806)  accuracy: 0.6120 (0.5784)  balanced_accuracy: 0.6086 (0.6112)  pr_auc: 0.6018 (0.5355)  roc_auc: 0.6406 (0.6379)  time: 0.2532  data: 0.0007  max mem: 3482
Test:  [   210/?]  eta: ?  loss: 0.6706 (0.6807)  accuracy: 0.5938 (0.5782)  balanced_accuracy: 0.6155 (0.6139)  pr_auc: 0.5389 (0.5350)  roc_auc: 0.6422 (0.6418)  time: 0.2510  data: 0.0007  max mem: 3482
Test:  [   220/?]  eta: ?  loss: 0.6761 (0.6807)  accuracy: 0.5495 (0.5791)  balanced_accuracy: 0.6118 (0.6116)  pr_auc: 0.5090 (0.5317)  roc_auc: 0.6396 (0.6364)  time: 0.2729  data: 0.0007  max mem: 3482
Test:  [   230/?]  eta: ?  loss: 0.6741 (0.6805)  accuracy: 0.6211 (0.5797)  balanced_accuracy: 0.6354 (0.6121)  pr_auc: 0.5090 (0.5373)  roc_auc: 0.5862 (0.6368)  time: 0.2714  data: 0.0007  max mem: 3482
Test:  [   240/?]  eta: ?  loss: 0.6648 (0.6800)  accuracy: 0.6432 (0.5820)  balanced_accuracy: 0.6354 (0.6118)  pr_auc: 0.5632 (0.5363)  roc_auc: 0.6769 (0.6368)  time: 0.2659  data: 0.0007  max mem: 3482
Test:  [   250/?]  eta: ?  loss: 0.6606 (0.6794)  accuracy: 0.6276 (0.5840)  balanced_accuracy: 0.6266 (0.6124)  pr_auc: 0.5632 (0.5417)  roc_auc: 0.6769 (0.6386)  time: 0.2675  data: 0.0007  max mem: 3482
Test:  [   260/?]  eta: ?  loss: 0.6514 (0.6783)  accuracy: 0.6576 (0.5887)  balanced_accuracy: 0.6266 (0.6136)  pr_auc: 0.6843 (0.5460)  roc_auc: 0.7094 (0.6405)  time: 0.2502  data: 0.0007  max mem: 3482
Test:  [   270/?]  eta: ?  loss: 0.6565 (0.6779)  accuracy: 0.6576 (0.5904)  balanced_accuracy: 0.6302 (0.6159)  pr_auc: 0.5711 (0.5495)  roc_auc: 0.7094 (0.6443)  time: 0.2519  data: 0.0007  max mem: 3482
Test:  [   280/?]  eta: ?  loss: 0.6565 (0.6777)  accuracy: 0.6380 (0.5912)  balanced_accuracy: 0.6302 (0.6160)  pr_auc: 0.6445 (0.5514)  roc_auc: 0.6917 (0.6449)  time: 0.2508  data: 0.0007  max mem: 3482
Test:  [   290/?]  eta: ?  loss: 0.6673 (0.6779)  accuracy: 0.5924 (0.5908)  balanced_accuracy: 0.6285 (0.6161)  pr_auc: 0.6138 (0.5510)  roc_auc: 0.6917 (0.6451)  time: 0.2470  data: 0.0007  max mem: 3482
Test:  [   300/?]  eta: ?  loss: 0.6673 (0.6775)  accuracy: 0.5885 (0.5922)  balanced_accuracy: 0.6285 (0.6173)  pr_auc: 0.6138 (0.5520)  roc_auc: 0.7162 (0.6480)  time: 0.2446  data: 0.0007  max mem: 3482
Test: Total time: 0:01:29 (0.2895 s / it)
* loss 0.677
  → Epoch   1/50 | Train Loss: 0.8948 | Val Loss: 0.6787 | Train Acc: 50.4165% | Val Acc: 58.6018% | LR: 0.000000
Max accuracy val: 58.60%, max accuracy test: 59.34%
Epoch: [1]  [     0/?]  eta: ?  lr: 0.000100  min_lr: 0.000000  loss: 0.8710 (0.8710)  class_acc: 0.5684 (0.5684)  loss_scale: 8192.0000 (8192.0000)  weight_decay: 0.0500 (0.0500)  grad_norm: 5.4414 (5.4414)  time: 13.4928  data: 12.4864  max mem: 3483
NaN or Inf found in input tensor.
NaN or Inf found in input tensor.
NaN or Inf found in input tensor.
NaN or Inf found in input tensor.
NaN or Inf found in input tensor.
Epoch: [1]  [   500/?]  eta: ?  lr: 0.000101  min_lr: 0.000000  loss: 0.6127 (0.7367)  class_acc: 0.7559 (0.6862)  loss_scale: 256.0000 (883.4810)  weight_decay: 0.0500 (0.0500)  grad_norm: 75.8188 (inf)  time: 1.3183  data: 0.0020  max mem: 3483
Epoch: [1]  [  1000/?]  eta: ?  lr: 0.000101  min_lr: 0.000000  loss: 0.5247 (0.6517)  class_acc: 0.7988 (0.7316)  loss_scale: 256.0000 (570.0539)  weight_decay: 0.0500 (0.0500)  grad_norm: 86.6972 (inf)  time: 1.2808  data: 0.0009  max mem: 3483
Epoch: [1]  [  1500/?]  eta: ?  lr: 0.000102  min_lr: 0.000000  loss: 0.4859 (0.6059)  class_acc: 0.8145 (0.7544)  loss_scale: 256.0000 (465.4390)  weight_decay: 0.0500 (0.0500)  grad_norm: 114.3716 (inf)  time: 1.3227  data: 0.0011  max mem: 3483
Epoch: [1]  [  2000/?]  eta: ?  lr: 0.000102  min_lr: 0.000000  loss: 0.4603 (0.5742)  class_acc: 0.8242 (0.7698)  loss_scale: 256.0000 (413.1054)  weight_decay: 0.0500 (0.0500)  grad_norm: 112.8685 (inf)  time: 1.3226  data: 0.0031  max mem: 3483
Epoch: [1] Total time: 0:47:39 (1.3177 s / it)
Val:  [     0/?]  eta: ?  loss: 0.3173 (0.3173)  accuracy: 0.8490 (0.8490)  balanced_accuracy: 0.9183 (0.9183)  pr_auc: 1.0000 (1.0000)  roc_auc: 1.0000 (1.0000)  time: 8.1601  data: 7.4963  max mem: 3483
Val:  [    10/?]  eta: ?  loss: 0.3173 (0.4739)  accuracy: 0.8438 (0.7968)  balanced_accuracy: 0.8594 (0.8246)  pr_auc: 0.9594 (0.8349)  roc_auc: 0.9698 (0.9101)  time: 0.9739  data: 0.6821  max mem: 3483
Val:  [    20/?]  eta: ?  loss: 0.2293 (0.4118)  accuracy: 0.8529 (0.8309)  balanced_accuracy: 0.8926 (0.8400)  pr_auc: 0.9326 (0.8713)  roc_auc: 0.9698 (0.9128)  time: 0.2565  data: 0.0007  max mem: 3483
Val:  [    30/?]  eta: ?  loss: 0.2106 (0.3625)  accuracy: 0.9115 (0.8471)  balanced_accuracy: 0.8926 (0.8630)  pr_auc: 0.9424 (0.8928)  roc_auc: 0.9685 (0.9326)  time: 0.2583  data: 0.0007  max mem: 3483
Val:  [    40/?]  eta: ?  loss: 0.2416 (0.3607)  accuracy: 0.8789 (0.8413)  balanced_accuracy: 0.8926 (0.8646)  pr_auc: 0.9569 (0.8968)  roc_auc: 0.9776 (0.9390)  time: 0.2600  data: 0.0007  max mem: 3483
Val:  [    50/?]  eta: ?  loss: 0.2822 (0.3619)  accuracy: 0.8411 (0.8342)  balanced_accuracy: 0.8878 (0.8613)  pr_auc: 0.9606 (0.9070)  roc_auc: 0.9760 (0.9426)  time: 0.2790  data: 0.0007  max mem: 3483
Val:  [    60/?]  eta: ?  loss: 0.3416 (0.3829)  accuracy: 0.7422 (0.8245)  balanced_accuracy: 0.8285 (0.8513)  pr_auc: 0.9345 (0.8915)  roc_auc: 0.9526 (0.9351)  time: 0.2979  data: 0.0007  max mem: 3483
Val:  [    70/?]  eta: ?  loss: 0.3991 (0.3931)  accuracy: 0.7552 (0.8229)  balanced_accuracy: 0.8285 (0.8484)  pr_auc: 0.9345 (0.8945)  roc_auc: 0.9437 (0.9341)  time: 0.2736  data: 0.0006  max mem: 3483
Val:  [    80/?]  eta: ?  loss: 0.2842 (0.3789)  accuracy: 0.8828 (0.8271)  balanced_accuracy: 0.8226 (0.8480)  pr_auc: 0.9264 (0.8944)  roc_auc: 0.9212 (0.9347)  time: 0.2500  data: 0.0007  max mem: 3483
Val:  [    90/?]  eta: ?  loss: 0.2641 (0.3691)  accuracy: 0.8828 (0.8292)  balanced_accuracy: 0.8689 (0.8435)  pr_auc: 0.9405 (0.8900)  roc_auc: 0.9562 (0.9346)  time: 0.2536  data: 0.0007  max mem: 3483
Val:  [   100/?]  eta: ?  loss: 0.2954 (0.3755)  accuracy: 0.8099 (0.8244)  balanced_accuracy: 0.8570 (0.8380)  pr_auc: 0.9391 (0.8820)  roc_auc: 0.9446 (0.9310)  time: 0.2562  data: 0.0007  max mem: 3483
Val:  [   110/?]  eta: ?  loss: 0.3508 (0.3783)  accuracy: 0.7682 (0.8209)  balanced_accuracy: 0.7975 (0.8363)  pr_auc: 0.8781 (0.8774)  roc_auc: 0.9446 (0.9310)  time: 0.2712  data: 0.0007  max mem: 3483
Val:  [   120/?]  eta: ?  loss: 0.3016 (0.3794)  accuracy: 0.8073 (0.8210)  balanced_accuracy: 0.8566 (0.8405)  pr_auc: 0.9520 (0.8826)  roc_auc: 0.9653 (0.9337)  time: 0.2707  data: 0.0007  max mem: 3483
Val:  [   130/?]  eta: ?  loss: 0.2929 (0.3873)  accuracy: 0.8268 (0.8182)  balanced_accuracy: 0.8408 (0.8412)  pr_auc: 0.9630 (0.8771)  roc_auc: 0.9643 (0.9328)  time: 0.2551  data: 0.0007  max mem: 3483
Val:  [   140/?]  eta: ?  loss: 0.3823 (0.4013)  accuracy: 0.7982 (0.8136)  balanced_accuracy: 0.8103 (0.8367)  pr_auc: 0.9663 (0.8706)  roc_auc: 0.9643 (0.9264)  time: 0.2539  data: 0.0007  max mem: 3483
Val:  [   150/?]  eta: ?  loss: 0.3909 (0.4011)  accuracy: 0.7630 (0.8120)  balanced_accuracy: 0.8027 (0.8354)  pr_auc: 0.9630 (0.8716)  roc_auc: 0.9383 (0.9260)  time: 0.2554  data: 0.0007  max mem: 3483
Val:  [   160/?]  eta: ?  loss: 0.3560 (0.4032)  accuracy: 0.7799 (0.8100)  balanced_accuracy: 0.8179 (0.8327)  pr_auc: 0.9616 (0.8725)  roc_auc: 0.9386 (0.9265)  time: 0.2564  data: 0.0007  max mem: 3483
Val:  [   170/?]  eta: ?  loss: 0.3133 (0.4012)  accuracy: 0.8411 (0.8100)  balanced_accuracy: 0.8451 (0.8319)  pr_auc: 0.9555 (0.8720)  roc_auc: 0.9801 (0.9251)  time: 0.2687  data: 0.0007  max mem: 3483
Val:  [   180/?]  eta: ?  loss: 0.2475 (0.3969)  accuracy: 0.8893 (0.8128)  balanced_accuracy: 0.8975 (0.8350)  pr_auc: 0.9667 (0.8722)  roc_auc: 0.9801 (0.9247)  time: 0.2866  data: 0.0007  max mem: 3483
Val:  [   190/?]  eta: ?  loss: 0.2143 (0.3923)  accuracy: 0.9023 (0.8140)  balanced_accuracy: 0.8975 (0.8366)  pr_auc: 0.9951 (0.8753)  roc_auc: 0.9852 (0.9257)  time: 0.2728  data: 0.0007  max mem: 3483
Val:  [   200/?]  eta: ?  loss: 0.2837 (0.3867)  accuracy: 0.8568 (0.8158)  balanced_accuracy: 0.8975 (0.8392)  pr_auc: 0.9951 (0.8809)  roc_auc: 0.9942 (0.9289)  time: 0.2548  data: 0.0007  max mem: 3483
Val:  [   210/?]  eta: ?  loss: 0.1699 (0.3799)  accuracy: 0.9271 (0.8185)  balanced_accuracy: 0.9278 (0.8418)  pr_auc: 0.9924 (0.8824)  roc_auc: 0.9942 (0.9294)  time: 0.2569  data: 0.0007  max mem: 3483
Val:  [   220/?]  eta: ?  loss: 0.1786 (0.3761)  accuracy: 0.8789 (0.8196)  balanced_accuracy: 0.9074 (0.8432)  pr_auc: 0.9896 (0.8835)  roc_auc: 0.9923 (0.9312)  time: 0.2576  data: 0.0007  max mem: 3483
Val:  [   230/?]  eta: ?  loss: 0.2745 (0.3712)  accuracy: 0.8477 (0.8205)  balanced_accuracy: 0.9074 (0.8447)  pr_auc: 0.9835 (0.8865)  roc_auc: 0.9923 (0.9333)  time: 0.2697  data: 0.0007  max mem: 3483
Val:  [   240/?]  eta: ?  loss: 0.2745 (0.3711)  accuracy: 0.8477 (0.8185)  balanced_accuracy: 0.8880 (0.8452)  pr_auc: 0.9899 (0.8884)  roc_auc: 0.9945 (0.9351)  time: 0.2671  data: 0.0007  max mem: 3483
Val:  [   250/?]  eta: ?  loss: 0.2388 (0.3697)  accuracy: 0.8320 (0.8196)  balanced_accuracy: 0.8826 (0.8468)  pr_auc: 0.9931 (0.8875)  roc_auc: 0.9972 (0.9355)  time: 0.2546  data: 0.0007  max mem: 3483
Val:  [   260/?]  eta: ?  loss: 0.2000 (0.3660)  accuracy: 0.8906 (0.8220)  balanced_accuracy: 0.9152 (0.8492)  pr_auc: 0.9946 (0.8873)  roc_auc: 0.9952 (0.9373)  time: 0.2574  data: 0.0007  max mem: 3483
Val:  [   270/?]  eta: ?  loss: 0.2625 (0.3675)  accuracy: 0.8672 (0.8207)  balanced_accuracy: 0.8686 (0.8477)  pr_auc: 0.9940 (0.8867)  roc_auc: 0.9939 (0.9375)  time: 0.2576  data: 0.0007  max mem: 3483
Val:  [   280/?]  eta: ?  loss: 0.2625 (0.3692)  accuracy: 0.8438 (0.8216)  balanced_accuracy: 0.8686 (0.8481)  pr_auc: 0.9548 (0.8831)  roc_auc: 0.9801 (0.9361)  time: 0.2557  data: 0.0007  max mem: 3483
Val:  [   290/?]  eta: ?  loss: 0.2887 (0.3723)  accuracy: 0.8698 (0.8213)  balanced_accuracy: 0.8267 (0.8458)  pr_auc: 0.9454 (0.8819)  roc_auc: 0.9542 (0.9319)  time: 0.2847  data: 0.0007  max mem: 3483
Val:  [   300/?]  eta: ?  loss: 0.3639 (0.3774)  accuracy: 0.7760 (0.8186)  balanced_accuracy: 0.7630 (0.8400)  pr_auc: 0.9005 (0.8781)  roc_auc: 0.9051 (0.9283)  time: 0.2815  data: 0.0007  max mem: 3483
Val:  [   310/?]  eta: ?  loss: 0.4609 (0.3834)  accuracy: 0.7591 (0.8160)  balanced_accuracy: 0.7539 (0.8361)  pr_auc: 0.8991 (0.8749)  roc_auc: 0.8848 (0.9249)  time: 0.2410  data: 0.0006  max mem: 3483
Val: Total time: 0:01:31 (0.2871 s / it)
* loss 0.388
Test:  [     0/?]  eta: ?  loss: 0.1249 (0.1249)  accuracy: 0.9531 (0.9531)  balanced_accuracy: 0.9530 (0.9530)  pr_auc: 0.9952 (0.9952)  roc_auc: 0.9951 (0.9951)  time: 9.0193  data: 8.7433  max mem: 3483
Test:  [    10/?]  eta: ?  loss: 0.4009 (0.3718)  accuracy: 0.8099 (0.8207)  balanced_accuracy: 0.8359 (0.8253)  pr_auc: 0.9040 (0.8065)  roc_auc: 0.9340 (0.9307)  time: 1.0567  data: 0.7955  max mem: 3483
Test:  [    20/?]  eta: ?  loss: 0.3957 (0.3667)  accuracy: 0.7891 (0.8189)  balanced_accuracy: 0.8096 (0.8253)  pr_auc: 0.8626 (0.8447)  roc_auc: 0.9033 (0.9300)  time: 0.2619  data: 0.0007  max mem: 3483
Test:  [    30/?]  eta: ?  loss: 0.2756 (0.3586)  accuracy: 0.8073 (0.8235)  balanced_accuracy: 0.7894 (0.8254)  pr_auc: 0.9018 (0.8743)  roc_auc: 0.9030 (0.9283)  time: 0.2628  data: 0.0007  max mem: 3483
Test:  [    40/?]  eta: ?  loss: 0.2418 (0.3501)  accuracy: 0.8711 (0.8318)  balanced_accuracy: 0.8857 (0.8408)  pr_auc: 0.9520 (0.8972)  roc_auc: 0.9667 (0.9365)  time: 0.2951  data: 0.0006  max mem: 3483
Test:  [    50/?]  eta: ?  loss: 0.2060 (0.3474)  accuracy: 0.8867 (0.8315)  balanced_accuracy: 0.8936 (0.8460)  pr_auc: 0.9793 (0.9044)  roc_auc: 0.9859 (0.9436)  time: 0.3060  data: 0.0007  max mem: 3483
Test:  [    60/?]  eta: ?  loss: 0.2835 (0.3370)  accuracy: 0.8464 (0.8360)  balanced_accuracy: 0.8618 (0.8527)  pr_auc: 0.9660 (0.8970)  roc_auc: 0.9870 (0.9473)  time: 0.2721  data: 0.0007  max mem: 3483
Test:  [    70/?]  eta: ?  loss: 0.2835 (0.3353)  accuracy: 0.8464 (0.8346)  balanced_accuracy: 0.8863 (0.8531)  pr_auc: 0.9565 (0.8981)  roc_auc: 0.9722 (0.9481)  time: 0.2614  data: 0.0007  max mem: 3483
Test:  [    80/?]  eta: ?  loss: 0.2472 (0.3402)  accuracy: 0.8633 (0.8315)  balanced_accuracy: 0.8877 (0.8581)  pr_auc: 0.9848 (0.9028)  roc_auc: 0.9934 (0.9530)  time: 0.2607  data: 0.0007  max mem: 3483
Test:  [    90/?]  eta: ?  loss: 0.2581 (0.3379)  accuracy: 0.8633 (0.8322)  balanced_accuracy: 0.8672 (0.8547)  pr_auc: 0.9822 (0.9044)  roc_auc: 0.9880 (0.9509)  time: 0.2599  data: 0.0007  max mem: 3483
Test:  [   100/?]  eta: ?  loss: 0.3117 (0.3332)  accuracy: 0.8594 (0.8357)  balanced_accuracy: 0.8287 (0.8521)  pr_auc: 0.9776 (0.9035)  roc_auc: 0.9718 (0.9491)  time: 0.2591  data: 0.0007  max mem: 3483
Test:  [   110/?]  eta: ?  loss: 0.2830 (0.3431)  accuracy: 0.8698 (0.8312)  balanced_accuracy: 0.8132 (0.8442)  pr_auc: 0.9146 (0.8990)  roc_auc: 0.8970 (0.9436)  time: 0.2582  data: 0.0007  max mem: 3483
Test:  [   120/?]  eta: ?  loss: 0.3471 (0.3578)  accuracy: 0.7773 (0.8256)  balanced_accuracy: 0.7656 (0.8330)  pr_auc: 0.8819 (0.8883)  roc_auc: 0.9111 (0.9322)  time: 0.2598  data: 0.0007  max mem: 3483
Test:  [   130/?]  eta: ?  loss: 0.2658 (0.3515)  accuracy: 0.8503 (0.8285)  balanced_accuracy: 0.8193 (0.8387)  pr_auc: 0.9736 (0.8868)  roc_auc: 0.9883 (0.9359)  time: 0.2742  data: 0.0007  max mem: 3483
Test:  [   140/?]  eta: ?  loss: 0.2309 (0.3511)  accuracy: 0.8581 (0.8279)  balanced_accuracy: 0.8940 (0.8393)  pr_auc: 0.9847 (0.8881)  roc_auc: 0.9926 (0.9367)  time: 0.2732  data: 0.0007  max mem: 3483
Test:  [   150/?]  eta: ?  loss: 0.3261 (0.3595)  accuracy: 0.7956 (0.8265)  balanced_accuracy: 0.8596 (0.8360)  pr_auc: 0.9180 (0.8884)  roc_auc: 0.9684 (0.9352)  time: 0.2592  data: 0.0007  max mem: 3483
Test:  [   160/?]  eta: ?  loss: 0.2975 (0.3709)  accuracy: 0.8229 (0.8248)  balanced_accuracy: 0.8327 (0.8336)  pr_auc: 0.9159 (0.8836)  roc_auc: 0.9621 (0.9296)  time: 0.2802  data: 0.0007  max mem: 3483
Test:  [   170/?]  eta: ?  loss: 0.2163 (0.3730)  accuracy: 0.8750 (0.8246)  balanced_accuracy: 0.8078 (0.8320)  pr_auc: 0.9278 (0.8836)  roc_auc: 0.9859 (0.9272)  time: 0.2765  data: 0.0007  max mem: 3483
Test:  [   180/?]  eta: ?  loss: 0.2647 (0.3706)  accuracy: 0.8724 (0.8266)  balanced_accuracy: 0.8486 (0.8339)  pr_auc: 0.9475 (0.8813)  roc_auc: 0.9560 (0.9283)  time: 0.2553  data: 0.0006  max mem: 3483
Test:  [   190/?]  eta: ?  loss: 0.3146 (0.3713)  accuracy: 0.8451 (0.8266)  balanced_accuracy: 0.8292 (0.8343)  pr_auc: 0.9421 (0.8748)  roc_auc: 0.9436 (0.9285)  time: 0.2600  data: 0.0007  max mem: 3483
Test:  [   200/?]  eta: ?  loss: 0.2753 (0.3648)  accuracy: 0.8620 (0.8298)  balanced_accuracy: 0.8292 (0.8381)  pr_auc: 0.9546 (0.8797)  roc_auc: 0.9655 (0.9306)  time: 0.2617  data: 0.0007  max mem: 3483
Test:  [   210/?]  eta: ?  loss: 0.2084 (0.3654)  accuracy: 0.8698 (0.8308)  balanced_accuracy: 0.8698 (0.8383)  pr_auc: 0.9546 (0.8740)  roc_auc: 0.9655 (0.9290)  time: 0.2604  data: 0.0007  max mem: 3483
Test:  [   220/?]  eta: ?  loss: 0.3075 (0.3742)  accuracy: 0.8529 (0.8275)  balanced_accuracy: 0.8529 (0.8340)  pr_auc: 0.9298 (0.8708)  roc_auc: 0.9486 (0.9227)  time: 0.2724  data: 0.0007  max mem: 3483
Test:  [   230/?]  eta: ?  loss: 0.3429 (0.3890)  accuracy: 0.8021 (0.8236)  balanced_accuracy: 0.7620 (0.8282)  pr_auc: 0.9174 (0.8707)  roc_auc: 0.8597 (0.9171)  time: 0.2708  data: 0.0006  max mem: 3483
Test:  [   240/?]  eta: ?  loss: 0.3429 (0.3937)  accuracy: 0.8021 (0.8214)  balanced_accuracy: 0.8419 (0.8263)  pr_auc: 0.9457 (0.8677)  roc_auc: 0.9723 (0.9159)  time: 0.2597  data: 0.0007  max mem: 3483
Test:  [   250/?]  eta: ?  loss: 0.2561 (0.3936)  accuracy: 0.8555 (0.8215)  balanced_accuracy: 0.8851 (0.8264)  pr_auc: 0.9856 (0.8706)  roc_auc: 0.9874 (0.9162)  time: 0.2625  data: 0.0007  max mem: 3483
Test:  [   260/?]  eta: ?  loss: 0.2289 (0.3894)  accuracy: 0.8945 (0.8236)  balanced_accuracy: 0.9135 (0.8286)  pr_auc: 0.9856 (0.8711)  roc_auc: 0.9902 (0.9166)  time: 0.2608  data: 0.0007  max mem: 3483
Test:  [   270/?]  eta: ?  loss: 0.2653 (0.3864)  accuracy: 0.8945 (0.8250)  balanced_accuracy: 0.9135 (0.8307)  pr_auc: 0.9535 (0.8703)  roc_auc: 0.9835 (0.9172)  time: 0.2816  data: 0.0007  max mem: 3483
Test:  [   280/?]  eta: ?  loss: 0.3048 (0.3848)  accuracy: 0.8581 (0.8263)  balanced_accuracy: 0.9066 (0.8322)  pr_auc: 0.9467 (0.8717)  roc_auc: 0.9834 (0.9180)  time: 0.2793  data: 0.0007  max mem: 3483
Test:  [   290/?]  eta: ?  loss: 0.3064 (0.3824)  accuracy: 0.8477 (0.8274)  balanced_accuracy: 0.8497 (0.8337)  pr_auc: 0.9461 (0.8708)  roc_auc: 0.9835 (0.9189)  time: 0.2557  data: 0.0007  max mem: 3483
Test:  [   300/?]  eta: ?  loss: 0.3487 (0.3812)  accuracy: 0.8411 (0.8279)  balanced_accuracy: 0.8477 (0.8337)  pr_auc: 0.9625 (0.8712)  roc_auc: 0.9900 (0.9194)  time: 0.2498  data: 0.0008  max mem: 3483
Test: Total time: 0:01:31 (0.2961 s / it)
* loss 0.382
  → Epoch   2/50 | Train Loss: 0.5657 | Val Loss: 0.3885 | Train Acc: 77.3805% | Val Acc: 81.5649% | LR: 0.000000
Max accuracy val: 81.56%, max accuracy test: 82.70%
Epoch: [2]  [     0/?]  eta: ?  lr: 0.000200  min_lr: 0.000001  loss: 0.4159 (0.4159)  class_acc: 0.8281 (0.8281)  loss_scale: 256.0000 (256.0000)  weight_decay: 0.0500 (0.0500)  grad_norm: 106.9306 (106.9306)  time: 13.5364  data: 12.5129  max mem: 3483
NaN or Inf found in input tensor.
Epoch: [2]  [   500/?]  eta: ?  lr: 0.000201  min_lr: 0.000001  loss: 0.4356 (0.4643)  class_acc: 0.8262 (0.8254)  loss_scale: 128.0000 (130.0439)  weight_decay: 0.0500 (0.0500)  grad_norm: 91.7731 (inf)  time: 1.3170  data: 0.0025  max mem: 3483
Epoch: [2]  [  1000/?]  eta: ?  lr: 0.000201  min_lr: 0.000001  loss: 0.3960 (0.4484)  class_acc: 0.8457 (0.8306)  loss_scale: 128.0000 (129.0230)  weight_decay: 0.0500 (0.0500)  grad_norm: 89.7961 (inf)  time: 1.3066  data: 0.0016  max mem: 3483
Epoch: [2]  [  1500/?]  eta: ?  lr: 0.000202  min_lr: 0.000001  loss: 0.3958 (0.4353)  class_acc: 0.8418 (0.8354)  loss_scale: 128.0000 (128.6822)  weight_decay: 0.0500 (0.0500)  grad_norm: 94.1932 (inf)  time: 1.3291  data: 0.0015  max mem: 3483
Epoch: [2]  [  2000/?]  eta: ?  lr: 0.000202  min_lr: 0.000001  loss: 0.3695 (0.4223)  class_acc: 0.8652 (0.8405)  loss_scale: 128.0000 (128.5117)  weight_decay: 0.0500 (0.0500)  grad_norm: 100.9777 (inf)  time: 1.3137  data: 0.0019  max mem: 3483
NaN or Inf found in input tensor.
Epoch: [2] Total time: 0:47:39 (1.3176 s / it)
Val:  [     0/?]  eta: ?  loss: 0.2214 (0.2214)  accuracy: 0.9115 (0.9115)  balanced_accuracy: 0.9521 (0.9521)  pr_auc: 0.9880 (0.9880)  roc_auc: 0.9991 (0.9991)  time: 8.3705  data: 7.6998  max mem: 3483
Val:  [    10/?]  eta: ?  loss: 0.2166 (0.4208)  accuracy: 0.8945 (0.8442)  balanced_accuracy: 0.8799 (0.8469)  pr_auc: 0.9780 (0.8945)  roc_auc: 0.9906 (0.9256)  time: 0.9893  data: 0.7006  max mem: 3483
Val:  [    20/?]  eta: ?  loss: 0.1466 (0.3604)  accuracy: 0.9089 (0.8677)  balanced_accuracy: 0.9093 (0.8607)  pr_auc: 0.9592 (0.9173)  roc_auc: 0.9874 (0.9323)  time: 0.2516  data: 0.0007  max mem: 3483
Val:  [    30/?]  eta: ?  loss: 0.1466 (0.3105)  accuracy: 0.9141 (0.8778)  balanced_accuracy: 0.9093 (0.8805)  pr_auc: 0.9610 (0.9334)  roc_auc: 0.9874 (0.9490)  time: 0.2506  data: 0.0007  max mem: 3483
Val:  [    40/?]  eta: ?  loss: 0.1979 (0.3127)  accuracy: 0.9023 (0.8732)  balanced_accuracy: 0.9160 (0.8828)  pr_auc: 0.9610 (0.9231)  roc_auc: 0.9821 (0.9498)  time: 0.2515  data: 0.0007  max mem: 3483
Val:  [    50/?]  eta: ?  loss: 0.2384 (0.3083)  accuracy: 0.8854 (0.8700)  balanced_accuracy: 0.9231 (0.8825)  pr_auc: 0.9650 (0.9289)  roc_auc: 0.9811 (0.9527)  time: 0.2730  data: 0.0007  max mem: 3483
Val:  [    60/?]  eta: ?  loss: 0.2936 (0.3465)  accuracy: 0.8060 (0.8585)  balanced_accuracy: 0.8320 (0.8667)  pr_auc: 0.9325 (0.9047)  roc_auc: 0.9426 (0.9417)  time: 0.2707  data: 0.0006  max mem: 3483
Val:  [    70/?]  eta: ?  loss: 0.4174 (0.3717)  accuracy: 0.7513 (0.8542)  balanced_accuracy: 0.8314 (0.8627)  pr_auc: 0.9202 (0.9063)  roc_auc: 0.9194 (0.9391)  time: 0.2484  data: 0.0007  max mem: 3483
Val:  [    80/?]  eta: ?  loss: 0.2304 (0.3542)  accuracy: 0.8906 (0.8594)  balanced_accuracy: 0.8242 (0.8646)  pr_auc: 0.9202 (0.9084)  roc_auc: 0.9166 (0.9407)  time: 0.2473  data: 0.0007  max mem: 3483
Val:  [    90/?]  eta: ?  loss: 0.2501 (0.3440)  accuracy: 0.8776 (0.8601)  balanced_accuracy: 0.8799 (0.8610)  pr_auc: 0.9656 (0.9046)  roc_auc: 0.9620 (0.9430)  time: 0.2492  data: 0.0007  max mem: 3483
Val:  [   100/?]  eta: ?  loss: 0.2660 (0.3494)  accuracy: 0.8516 (0.8568)  balanced_accuracy: 0.8293 (0.8575)  pr_auc: 0.9376 (0.8986)  roc_auc: 0.9484 (0.9417)  time: 0.2518  data: 0.0007  max mem: 3483
Val:  [   110/?]  eta: ?  loss: 0.2755 (0.3490)  accuracy: 0.8516 (0.8555)  balanced_accuracy: 0.8238 (0.8570)  pr_auc: 0.9057 (0.8948)  roc_auc: 0.9416 (0.9420)  time: 0.2724  data: 0.0007  max mem: 3483
Val:  [   120/?]  eta: ?  loss: 0.2284 (0.3507)  accuracy: 0.8542 (0.8544)  balanced_accuracy: 0.8857 (0.8606)  pr_auc: 0.9583 (0.8991)  roc_auc: 0.9762 (0.9441)  time: 0.2904  data: 0.0007  max mem: 3483
Val:  [   130/?]  eta: ?  loss: 0.2492 (0.3629)  accuracy: 0.7982 (0.8508)  balanced_accuracy: 0.8692 (0.8605)  pr_auc: 0.9609 (0.8920)  roc_auc: 0.9762 (0.9421)  time: 0.2687  data: 0.0007  max mem: 3483
Val:  [   140/?]  eta: ?  loss: 0.3733 (0.3824)  accuracy: 0.7734 (0.8450)  balanced_accuracy: 0.8472 (0.8558)  pr_auc: 0.9609 (0.8859)  roc_auc: 0.9696 (0.9362)  time: 0.2484  data: 0.0007  max mem: 3483
Val:  [   150/?]  eta: ?  loss: 0.3091 (0.3780)  accuracy: 0.8086 (0.8450)  balanced_accuracy: 0.8683 (0.8559)  pr_auc: 0.9512 (0.8870)  roc_auc: 0.9677 (0.9365)  time: 0.2492  data: 0.0007  max mem: 3483
Val:  [   160/?]  eta: ?  loss: 0.2716 (0.3786)  accuracy: 0.8346 (0.8444)  balanced_accuracy: 0.8792 (0.8547)  pr_auc: 0.9616 (0.8855)  roc_auc: 0.9696 (0.9365)  time: 0.2516  data: 0.0007  max mem: 3483
Val:  [   170/?]  eta: ?  loss: 0.2416 (0.3737)  accuracy: 0.8841 (0.8460)  balanced_accuracy: 0.8979 (0.8551)  pr_auc: 0.9602 (0.8831)  roc_auc: 0.9823 (0.9353)  time: 0.2659  data: 0.0007  max mem: 3483
Val:  [   180/?]  eta: ?  loss: 0.1562 (0.3725)  accuracy: 0.9258 (0.8477)  balanced_accuracy: 0.9022 (0.8562)  pr_auc: 0.9616 (0.8827)  roc_auc: 0.9512 (0.9332)  time: 0.2644  data: 0.0007  max mem: 3483
Val:  [   190/?]  eta: ?  loss: 0.2405 (0.3694)  accuracy: 0.9049 (0.8487)  balanced_accuracy: 0.9022 (0.8581)  pr_auc: 0.9834 (0.8857)  roc_auc: 0.9681 (0.9338)  time: 0.2506  data: 0.0007  max mem: 3483
Val:  [   200/?]  eta: ?  loss: 0.2451 (0.3642)  accuracy: 0.8503 (0.8499)  balanced_accuracy: 0.9022 (0.8596)  pr_auc: 0.9850 (0.8906)  roc_auc: 0.9851 (0.9367)  time: 0.2515  data: 0.0007  max mem: 3483
Val:  [   210/?]  eta: ?  loss: 0.1528 (0.3595)  accuracy: 0.9284 (0.8518)  balanced_accuracy: 0.9362 (0.8613)  pr_auc: 0.9943 (0.8907)  roc_auc: 0.9951 (0.9364)  time: 0.2520  data: 0.0007  max mem: 3483
Val:  [   220/?]  eta: ?  loss: 0.1322 (0.3561)  accuracy: 0.9375 (0.8523)  balanced_accuracy: 0.9317 (0.8620)  pr_auc: 0.9926 (0.8925)  roc_auc: 0.9970 (0.9381)  time: 0.2510  data: 0.0007  max mem: 3483
Val:  [   230/?]  eta: ?  loss: 0.1621 (0.3490)  accuracy: 0.8971 (0.8537)  balanced_accuracy: 0.9298 (0.8635)  pr_auc: 0.9818 (0.8954)  roc_auc: 0.9941 (0.9399)  time: 0.2823  data: 0.0007  max mem: 3483
Val:  [   240/?]  eta: ?  loss: 0.1969 (0.3474)  accuracy: 0.8919 (0.8519)  balanced_accuracy: 0.8938 (0.8644)  pr_auc: 0.9818 (0.8965)  roc_auc: 0.9941 (0.9411)  time: 0.2808  data: 0.0007  max mem: 3483
Val:  [   250/?]  eta: ?  loss: 0.2267 (0.3454)  accuracy: 0.8828 (0.8522)  balanced_accuracy: 0.8921 (0.8656)  pr_auc: 0.9946 (0.8952)  roc_auc: 0.9912 (0.9416)  time: 0.2485  data: 0.0007  max mem: 3483
Val:  [   260/?]  eta: ?  loss: 0.1143 (0.3422)  accuracy: 0.9115 (0.8540)  balanced_accuracy: 0.9240 (0.8676)  pr_auc: 0.9970 (0.8962)  roc_auc: 0.9946 (0.9436)  time: 0.2518  data: 0.0007  max mem: 3483
Val:  [   270/?]  eta: ?  loss: 0.1986 (0.3435)  accuracy: 0.9023 (0.8533)  balanced_accuracy: 0.9102 (0.8668)  pr_auc: 0.9872 (0.8946)  roc_auc: 0.9909 (0.9436)  time: 0.2530  data: 0.0007  max mem: 3483
Val:  [   280/?]  eta: ?  loss: 0.1986 (0.3469)  accuracy: 0.9023 (0.8538)  balanced_accuracy: 0.9089 (0.8672)  pr_auc: 0.9743 (0.8907)  roc_auc: 0.9882 (0.9420)  time: 0.2517  data: 0.0007  max mem: 3483
Val:  [   290/?]  eta: ?  loss: 0.2227 (0.3515)  accuracy: 0.8984 (0.8527)  balanced_accuracy: 0.8635 (0.8647)  pr_auc: 0.9605 (0.8886)  roc_auc: 0.9633 (0.9379)  time: 0.2650  data: 0.0007  max mem: 3483
Val:  [   300/?]  eta: ?  loss: 0.3536 (0.3606)  accuracy: 0.7852 (0.8491)  balanced_accuracy: 0.7682 (0.8584)  pr_auc: 0.9372 (0.8838)  roc_auc: 0.9241 (0.9339)  time: 0.2635  data: 0.0007  max mem: 3483
Val:  [   310/?]  eta: ?  loss: 0.4256 (0.3675)  accuracy: 0.7812 (0.8462)  balanced_accuracy: 0.7682 (0.8543)  pr_auc: 0.9197 (0.8807)  roc_auc: 0.9176 (0.9306)  time: 0.2405  data: 0.0006  max mem: 3483
Val: Total time: 0:01:30 (0.2825 s / it)
* loss 0.373
Test:  [     0/?]  eta: ?  loss: 0.1267 (0.1267)  accuracy: 0.9505 (0.9505)  balanced_accuracy: 0.9504 (0.9504)  pr_auc: 0.9983 (0.9983)  roc_auc: 0.9983 (0.9983)  time: 8.2461  data: 7.9715  max mem: 3483
Test:  [    10/?]  eta: ?  loss: 0.2526 (0.3038)  accuracy: 0.8815 (0.8799)  balanced_accuracy: 0.8974 (0.8791)  pr_auc: 0.9765 (0.8492)  roc_auc: 0.9710 (0.9574)  time: 0.9818  data: 0.7253  max mem: 3483
Test:  [    20/?]  eta: ?  loss: 0.2526 (0.3060)  accuracy: 0.8750 (0.8675)  balanced_accuracy: 0.8751 (0.8628)  pr_auc: 0.9143 (0.8773)  roc_auc: 0.9562 (0.9509)  time: 0.2544  data: 0.0007  max mem: 3483
Test:  [    30/?]  eta: ?  loss: 0.2463 (0.3099)  accuracy: 0.8542 (0.8630)  balanced_accuracy: 0.8522 (0.8583)  pr_auc: 0.9143 (0.8975)  roc_auc: 0.9492 (0.9457)  time: 0.2547  data: 0.0008  max mem: 3483
Test:  [    40/?]  eta: ?  loss: 0.2387 (0.3195)  accuracy: 0.8542 (0.8604)  balanced_accuracy: 0.8816 (0.8664)  pr_auc: 0.9616 (0.9117)  roc_auc: 0.9752 (0.9499)  time: 0.2802  data: 0.0007  max mem: 3483
Test:  [    50/?]  eta: ?  loss: 0.1835 (0.3201)  accuracy: 0.8659 (0.8592)  balanced_accuracy: 0.8965 (0.8681)  pr_auc: 0.9883 (0.9186)  roc_auc: 0.9920 (0.9540)  time: 0.2791  data: 0.0007  max mem: 3483
Test:  [    60/?]  eta: ?  loss: 0.2139 (0.3102)  accuracy: 0.9062 (0.8627)  balanced_accuracy: 0.8965 (0.8654)  pr_auc: 0.9874 (0.8994)  roc_auc: 0.9885 (0.9532)  time: 0.2546  data: 0.0007  max mem: 3483
Test:  [    70/?]  eta: ?  loss: 0.2139 (0.3108)  accuracy: 0.9062 (0.8622)  balanced_accuracy: 0.8776 (0.8657)  pr_auc: 0.9693 (0.8991)  roc_auc: 0.9856 (0.9524)  time: 0.2553  data: 0.0007  max mem: 3483
Test:  [    80/?]  eta: ?  loss: 0.2679 (0.3195)  accuracy: 0.8424 (0.8570)  balanced_accuracy: 0.9266 (0.8668)  pr_auc: 0.9802 (0.8985)  roc_auc: 0.9902 (0.9564)  time: 0.2543  data: 0.0007  max mem: 3483
Test:  [    90/?]  eta: ?  loss: 0.3419 (0.3174)  accuracy: 0.8229 (0.8565)  balanced_accuracy: 0.8962 (0.8641)  pr_auc: 0.9782 (0.9017)  roc_auc: 0.9843 (0.9536)  time: 0.2527  data: 0.0007  max mem: 3483
Test:  [   100/?]  eta: ?  loss: 0.3354 (0.3130)  accuracy: 0.8529 (0.8593)  balanced_accuracy: 0.8798 (0.8618)  pr_auc: 0.9629 (0.9026)  roc_auc: 0.9808 (0.9518)  time: 0.2520  data: 0.0007  max mem: 3483
Test:  [   110/?]  eta: ?  loss: 0.3354 (0.3277)  accuracy: 0.8568 (0.8547)  balanced_accuracy: 0.8172 (0.8532)  pr_auc: 0.9002 (0.8972)  roc_auc: 0.9061 (0.9455)  time: 0.2782  data: 0.0007  max mem: 3483
Test:  [   120/?]  eta: ?  loss: 0.3645 (0.3414)  accuracy: 0.8516 (0.8516)  balanced_accuracy: 0.7949 (0.8451)  pr_auc: 0.8830 (0.8894)  roc_auc: 0.9061 (0.9351)  time: 0.2776  data: 0.0007  max mem: 3483
Test:  [   130/?]  eta: ?  loss: 0.2337 (0.3319)  accuracy: 0.8737 (0.8551)  balanced_accuracy: 0.8429 (0.8512)  pr_auc: 0.9752 (0.8877)  roc_auc: 0.9756 (0.9388)  time: 0.2702  data: 0.0007  max mem: 3483
Test:  [   140/?]  eta: ?  loss: 0.1758 (0.3308)  accuracy: 0.9206 (0.8553)  balanced_accuracy: 0.9107 (0.8527)  pr_auc: 0.9752 (0.8901)  roc_auc: 0.9859 (0.9397)  time: 0.2718  data: 0.0007  max mem: 3483
Test:  [   150/?]  eta: ?  loss: 0.2669 (0.3426)  accuracy: 0.8411 (0.8547)  balanced_accuracy: 0.8399 (0.8510)  pr_auc: 0.9369 (0.8910)  roc_auc: 0.9744 (0.9387)  time: 0.2538  data: 0.0007  max mem: 3483
Test:  [   160/?]  eta: ?  loss: 0.1585 (0.3575)  accuracy: 0.8659 (0.8527)  balanced_accuracy: 0.8439 (0.8490)  pr_auc: 0.9369 (0.8846)  roc_auc: 0.9837 (0.9327)  time: 0.2525  data: 0.0007  max mem: 3483
Test:  [   170/?]  eta: ?  loss: 0.1392 (0.3593)  accuracy: 0.9128 (0.8531)  balanced_accuracy: 0.8439 (0.8481)  pr_auc: 0.9867 (0.8845)  roc_auc: 0.9908 (0.9305)  time: 0.2506  data: 0.0007  max mem: 3483
Test:  [   180/?]  eta: ?  loss: 0.2176 (0.3541)  accuracy: 0.9036 (0.8556)  balanced_accuracy: 0.8923 (0.8510)  pr_auc: 0.9805 (0.8827)  roc_auc: 0.9780 (0.9323)  time: 0.2505  data: 0.0007  max mem: 3483
Test:  [   190/?]  eta: ?  loss: 0.2280 (0.3525)  accuracy: 0.8698 (0.8556)  balanced_accuracy: 0.8480 (0.8499)  pr_auc: 0.9665 (0.8762)  roc_auc: 0.9692 (0.9327)  time: 0.2526  data: 0.0007  max mem: 3483
Test:  [   200/?]  eta: ?  loss: 0.2360 (0.3457)  accuracy: 0.8698 (0.8582)  balanced_accuracy: 0.8398 (0.8536)  pr_auc: 0.9753 (0.8804)  roc_auc: 0.9706 (0.9347)  time: 0.2545  data: 0.0007  max mem: 3483
Test:  [   210/?]  eta: ?  loss: 0.1745 (0.3457)  accuracy: 0.9167 (0.8591)  balanced_accuracy: 0.9010 (0.8541)  pr_auc: 0.9753 (0.8754)  roc_auc: 0.9806 (0.9336)  time: 0.2555  data: 0.0007  max mem: 3483
Test:  [   220/?]  eta: ?  loss: 0.1778 (0.3567)  accuracy: 0.9062 (0.8561)  balanced_accuracy: 0.9010 (0.8502)  pr_auc: 0.9676 (0.8727)  roc_auc: 0.9806 (0.9278)  time: 0.2930  data: 0.0007  max mem: 3483
Test:  [   230/?]  eta: ?  loss: 0.3075 (0.3787)  accuracy: 0.7995 (0.8512)  balanced_accuracy: 0.8032 (0.8442)  pr_auc: 0.9388 (0.8719)  roc_auc: 0.9216 (0.9215)  time: 0.2889  data: 0.0007  max mem: 3483
Test:  [   240/?]  eta: ?  loss: 0.3075 (0.3855)  accuracy: 0.8021 (0.8493)  balanced_accuracy: 0.8730 (0.8432)  pr_auc: 0.9685 (0.8690)  roc_auc: 0.9848 (0.9204)  time: 0.2518  data: 0.0007  max mem: 3483
Test:  [   250/?]  eta: ?  loss: 0.1273 (0.3877)  accuracy: 0.8919 (0.8490)  balanced_accuracy: 0.8997 (0.8430)  pr_auc: 0.9923 (0.8719)  roc_auc: 0.9939 (0.9198)  time: 0.2558  data: 0.0007  max mem: 3483
Test:  [   260/?]  eta: ?  loss: 0.1784 (0.3826)  accuracy: 0.9271 (0.8507)  balanced_accuracy: 0.9314 (0.8450)  pr_auc: 0.9923 (0.8742)  roc_auc: 0.9960 (0.9208)  time: 0.2537  data: 0.0007  max mem: 3483
Test:  [   270/?]  eta: ?  loss: 0.1928 (0.3778)  accuracy: 0.9232 (0.8523)  balanced_accuracy: 0.9266 (0.8473)  pr_auc: 0.9804 (0.8739)  roc_auc: 0.9878 (0.9220)  time: 0.2527  data: 0.0007  max mem: 3483
Test:  [   280/?]  eta: ?  loss: 0.2128 (0.3756)  accuracy: 0.8880 (0.8534)  balanced_accuracy: 0.9062 (0.8490)  pr_auc: 0.9783 (0.8762)  roc_auc: 0.9878 (0.9232)  time: 0.2513  data: 0.0007  max mem: 3483
Test:  [   290/?]  eta: ?  loss: 0.2114 (0.3722)  accuracy: 0.8906 (0.8546)  balanced_accuracy: 0.8902 (0.8502)  pr_auc: 0.9783 (0.8757)  roc_auc: 0.9926 (0.9241)  time: 0.2483  data: 0.0007  max mem: 3483
Test:  [   300/?]  eta: ?  loss: 0.2114 (0.3703)  accuracy: 0.8906 (0.8554)  balanced_accuracy: 0.8880 (0.8499)  pr_auc: 0.9737 (0.8765)  roc_auc: 0.9927 (0.9247)  time: 0.2458  data: 0.0007  max mem: 3483
Test: Total time: 0:01:28 (0.2869 s / it)
* loss 0.371
  → Epoch   3/50 | Train Loss: 0.4181 | Val Loss: 0.3726 | Train Acc: 84.2183% | Val Acc: 84.5878% | LR: 0.000001
Max accuracy val: 84.59%, max accuracy test: 85.46%
Epoch: [3]  [     0/?]  eta: ?  lr: 0.000300  min_lr: 0.000001  loss: 0.3471 (0.3471)  class_acc: 0.8711 (0.8711)  loss_scale: 128.0000 (128.0000)  weight_decay: 0.0500 (0.0500)  grad_norm: 74.5885 (74.5885)  time: 14.4298  data: 13.3427  max mem: 3483
Epoch: [3]  [   500/?]  eta: ?  lr: 0.000301  min_lr: 0.000001  loss: 0.3643 (0.3772)  class_acc: 0.8555 (0.8597)  loss_scale: 128.0000 (128.0000)  weight_decay: 0.0500 (0.0500)  grad_norm: 93.4717 (99.8504)  time: 1.3307  data: 0.0015  max mem: 3483
Epoch: [3]  [  1000/?]  eta: ?  lr: 0.000301  min_lr: 0.000001  loss: 0.3474 (0.3654)  class_acc: 0.8750 (0.8631)  loss_scale: 128.0000 (128.0000)  weight_decay: 0.0500 (0.0500)  grad_norm: 100.9901 (97.1071)  time: 1.3046  data: 0.0013  max mem: 3483
Epoch: [3]  [  1500/?]  eta: ?  lr: 0.000302  min_lr: 0.000001  loss: 0.3218 (0.3545)  class_acc: 0.8750 (0.8671)  loss_scale: 128.0000 (128.0000)  weight_decay: 0.0500 (0.0500)  grad_norm: 83.1627 (95.5793)  time: 1.3305  data: 0.0022  max mem: 3483
NaN or Inf found in input tensor.
Epoch: [3]  [  2000/?]  eta: ?  lr: 0.000302  min_lr: 0.000001  loss: 0.2968 (0.3441)  class_acc: 0.8945 (0.8712)  loss_scale: 128.0000 (128.9595)  weight_decay: 0.0500 (0.0500)  grad_norm: 96.8610 (inf)  time: 1.3203  data: 0.0020  max mem: 3483
Epoch: [3] Total time: 0:47:54 (1.3246 s / it)
Val:  [     0/?]  eta: ?  loss: 0.1788 (0.1788)  accuracy: 0.9388 (0.9388)  balanced_accuracy: 0.9669 (0.9669)  pr_auc: 0.9875 (0.9875)  roc_auc: 0.9992 (0.9992)  time: 8.5249  data: 7.8629  max mem: 3483
Val:  [    10/?]  eta: ?  loss: 0.1734 (0.3688)  accuracy: 0.9388 (0.8726)  balanced_accuracy: 0.9219 (0.8644)  pr_auc: 0.9811 (0.9162)  roc_auc: 0.9933 (0.9322)  time: 1.0418  data: 0.7154  max mem: 3483
Val:  [    20/?]  eta: ?  loss: 0.1159 (0.3107)  accuracy: 0.9492 (0.8924)  balanced_accuracy: 0.9219 (0.8782)  pr_auc: 0.9686 (0.9389)  roc_auc: 0.9898 (0.9443)  time: 0.2715  data: 0.0007  max mem: 3483
Val:  [    30/?]  eta: ?  loss: 0.1465 (0.2647)  accuracy: 0.9232 (0.9020)  balanced_accuracy: 0.9148 (0.8955)  pr_auc: 0.9723 (0.9520)  roc_auc: 0.9898 (0.9594)  time: 0.2509  data: 0.0008  max mem: 3483
Val:  [    40/?]  eta: ?  loss: 0.1712 (0.2766)  accuracy: 0.9219 (0.8952)  balanced_accuracy: 0.9148 (0.8953)  pr_auc: 0.9725 (0.9260)  roc_auc: 0.9892 (0.9576)  time: 0.2524  data: 0.0008  max mem: 3483
Val:  [    50/?]  eta: ?  loss: 0.1931 (0.2690)  accuracy: 0.9180 (0.8949)  balanced_accuracy: 0.9199 (0.8973)  pr_auc: 0.9725 (0.9316)  roc_auc: 0.9852 (0.9602)  time: 0.2733  data: 0.0007  max mem: 3483
Val:  [    60/?]  eta: ?  loss: 0.2146 (0.3179)  accuracy: 0.8620 (0.8844)  balanced_accuracy: 0.8417 (0.8839)  pr_auc: 0.9523 (0.9151)  roc_auc: 0.9691 (0.9526)  time: 0.2721  data: 0.0007  max mem: 3483
Val:  [    70/?]  eta: ?  loss: 0.3598 (0.3532)  accuracy: 0.8281 (0.8766)  balanced_accuracy: 0.8208 (0.8772)  pr_auc: 0.9523 (0.9169)  roc_auc: 0.9361 (0.9490)  time: 0.2490  data: 0.0007  max mem: 3483
Val:  [    80/?]  eta: ?  loss: 0.1959 (0.3373)  accuracy: 0.9049 (0.8815)  balanced_accuracy: 0.8208 (0.8791)  pr_auc: 0.9224 (0.9160)  roc_auc: 0.9266 (0.9498)  time: 0.2474  data: 0.0007  max mem: 3483
Val:  [    90/?]  eta: ?  loss: 0.1959 (0.3283)  accuracy: 0.9049 (0.8812)  balanced_accuracy: 0.8680 (0.8764)  pr_auc: 0.9719 (0.9127)  roc_auc: 0.9765 (0.9518)  time: 0.2486  data: 0.0007  max mem: 3483
Val:  [   100/?]  eta: ?  loss: 0.2512 (0.3423)  accuracy: 0.8776 (0.8771)  balanced_accuracy: 0.8455 (0.8711)  pr_auc: 0.9466 (0.8988)  roc_auc: 0.9415 (0.9489)  time: 0.2504  data: 0.0007  max mem: 3483
Val:  [   110/?]  eta: ?  loss: 0.2512 (0.3459)  accuracy: 0.8477 (0.8755)  balanced_accuracy: 0.8300 (0.8695)  pr_auc: 0.8498 (0.8914)  roc_auc: 0.9428 (0.9481)  time: 0.2655  data: 0.0007  max mem: 3483
Val:  [   120/?]  eta: ?  loss: 0.2627 (0.3509)  accuracy: 0.8672 (0.8735)  balanced_accuracy: 0.8995 (0.8724)  pr_auc: 0.9307 (0.8962)  roc_auc: 0.9713 (0.9497)  time: 0.2820  data: 0.0007  max mem: 3483
Val:  [   130/?]  eta: ?  loss: 0.2960 (0.3667)  accuracy: 0.7865 (0.8685)  balanced_accuracy: 0.8703 (0.8718)  pr_auc: 0.9631 (0.8893)  roc_auc: 0.9460 (0.9479)  time: 0.2745  data: 0.0007  max mem: 3483
Val:  [   140/?]  eta: ?  loss: 0.2781 (0.3821)  accuracy: 0.8464 (0.8629)  balanced_accuracy: 0.8474 (0.8669)  pr_auc: 0.9631 (0.8851)  roc_auc: 0.9771 (0.9431)  time: 0.2566  data: 0.0007  max mem: 3483
Val:  [   150/?]  eta: ?  loss: 0.2526 (0.3774)  accuracy: 0.8698 (0.8632)  balanced_accuracy: 0.8491 (0.8665)  pr_auc: 0.9536 (0.8860)  roc_auc: 0.9740 (0.9428)  time: 0.2487  data: 0.0007  max mem: 3483
Val:  [   160/?]  eta: ?  loss: 0.2721 (0.3794)  accuracy: 0.8724 (0.8624)  balanced_accuracy: 0.9065 (0.8650)  pr_auc: 0.9516 (0.8844)  roc_auc: 0.9740 (0.9422)  time: 0.2511  data: 0.0007  max mem: 3483
Val:  [   170/?]  eta: ?  loss: 0.2381 (0.3736)  accuracy: 0.8932 (0.8637)  balanced_accuracy: 0.9073 (0.8647)  pr_auc: 0.9516 (0.8822)  roc_auc: 0.9861 (0.9405)  time: 0.2647  data: 0.0007  max mem: 3483
Val:  [   180/?]  eta: ?  loss: 0.1311 (0.3736)  accuracy: 0.9427 (0.8651)  balanced_accuracy: 0.8942 (0.8647)  pr_auc: 0.9516 (0.8815)  roc_auc: 0.9540 (0.9375)  time: 0.2635  data: 0.0007  max mem: 3483
Val:  [   190/?]  eta: ?  loss: 0.1697 (0.3732)  accuracy: 0.9102 (0.8651)  balanced_accuracy: 0.8911 (0.8647)  pr_auc: 0.9735 (0.8834)  roc_auc: 0.9540 (0.9366)  time: 0.2503  data: 0.0007  max mem: 3483
Val:  [   200/?]  eta: ?  loss: 0.2107 (0.3676)  accuracy: 0.9115 (0.8669)  balanced_accuracy: 0.8989 (0.8666)  pr_auc: 0.9909 (0.8890)  roc_auc: 0.9924 (0.9392)  time: 0.2508  data: 0.0007  max mem: 3483
Val:  [   210/?]  eta: ?  loss: 0.1441 (0.3629)  accuracy: 0.9336 (0.8688)  balanced_accuracy: 0.9190 (0.8678)  pr_auc: 0.9945 (0.8873)  roc_auc: 0.9961 (0.9386)  time: 0.2519  data: 0.0007  max mem: 3483
Val:  [   220/?]  eta: ?  loss: 0.1219 (0.3593)  accuracy: 0.9401 (0.8692)  balanced_accuracy: 0.9311 (0.8667)  pr_auc: 0.9934 (0.8879)  roc_auc: 0.9966 (0.9400)  time: 0.2518  data: 0.0007  max mem: 3483
Val:  [   230/?]  eta: ?  loss: 0.1538 (0.3507)  accuracy: 0.9076 (0.8706)  balanced_accuracy: 0.9319 (0.8690)  pr_auc: 0.9712 (0.8913)  roc_auc: 0.9950 (0.9419)  time: 0.2643  data: 0.0007  max mem: 3483
Val:  [   240/?]  eta: ?  loss: 0.1704 (0.3475)  accuracy: 0.9076 (0.8691)  balanced_accuracy: 0.9219 (0.8702)  pr_auc: 0.9712 (0.8914)  roc_auc: 0.9908 (0.9431)  time: 0.2815  data: 0.0007  max mem: 3483
Val:  [   250/?]  eta: ?  loss: 0.1704 (0.3476)  accuracy: 0.9115 (0.8689)  balanced_accuracy: 0.9120 (0.8715)  pr_auc: 0.9866 (0.8868)  roc_auc: 0.9912 (0.9431)  time: 0.2686  data: 0.0007  max mem: 3483
Val:  [   260/?]  eta: ?  loss: 0.0997 (0.3479)  accuracy: 0.9336 (0.8702)  balanced_accuracy: 0.9336 (0.8732)  pr_auc: 0.9991 (0.8866)  roc_auc: 0.9974 (0.9446)  time: 0.2524  data: 0.0007  max mem: 3483
Val:  [   270/?]  eta: ?  loss: 0.1437 (0.3500)  accuracy: 0.9258 (0.8693)  balanced_accuracy: 0.9256 (0.8723)  pr_auc: 0.9936 (0.8847)  roc_auc: 0.9960 (0.9440)  time: 0.2529  data: 0.0007  max mem: 3483
Val:  [   280/?]  eta: ?  loss: 0.1950 (0.3545)  accuracy: 0.9167 (0.8695)  balanced_accuracy: 0.9167 (0.8727)  pr_auc: 0.9806 (0.8816)  roc_auc: 0.9869 (0.9432)  time: 0.2512  data: 0.0007  max mem: 3483
Val:  [   290/?]  eta: ?  loss: 0.2093 (0.3624)  accuracy: 0.9154 (0.8675)  balanced_accuracy: 0.8346 (0.8695)  pr_auc: 0.9324 (0.8790)  roc_auc: 0.9692 (0.9390)  time: 0.2646  data: 0.0007  max mem: 3483
Val:  [   300/?]  eta: ?  loss: 0.3280 (0.3751)  accuracy: 0.8021 (0.8636)  balanced_accuracy: 0.7971 (0.8640)  pr_auc: 0.9322 (0.8750)  roc_auc: 0.9355 (0.9354)  time: 0.2632  data: 0.0007  max mem: 3483
Val:  [   310/?]  eta: ?  loss: 0.4515 (0.3843)  accuracy: 0.8273 (0.8608)  balanced_accuracy: 0.7669 (0.8603)  pr_auc: 0.9315 (0.8723)  roc_auc: 0.8995 (0.9318)  time: 0.2407  data: 0.0006  max mem: 3483
Val: Total time: 0:01:30 (0.2842 s / it)
* loss 0.391
Test:  [     0/?]  eta: ?  loss: 0.2055 (0.2055)  accuracy: 0.9362 (0.9362)  balanced_accuracy: 0.9360 (0.9360)  pr_auc: 0.9961 (0.9961)  roc_auc: 0.9957 (0.9957)  time: 8.0344  data: 7.7650  max mem: 3483
Test:  [    10/?]  eta: ?  loss: 0.2399 (0.2863)  accuracy: 0.9128 (0.9053)  balanced_accuracy: 0.9113 (0.8623)  pr_auc: 0.9761 (0.8660)  roc_auc: 0.9682 (0.9638)  time: 0.9608  data: 0.7066  max mem: 3483
Test:  [    20/?]  eta: ?  loss: 0.2399 (0.3071)  accuracy: 0.8997 (0.8813)  balanced_accuracy: 0.8750 (0.8489)  pr_auc: 0.8998 (0.8756)  roc_auc: 0.9676 (0.9519)  time: 0.2536  data: 0.0007  max mem: 3483
Test:  [    30/?]  eta: ?  loss: 0.2650 (0.3269)  accuracy: 0.8711 (0.8736)  balanced_accuracy: 0.8507 (0.8488)  pr_auc: 0.9148 (0.8904)  roc_auc: 0.9417 (0.9423)  time: 0.2538  data: 0.0007  max mem: 3483
Test:  [    40/?]  eta: ?  loss: 0.2867 (0.3449)  accuracy: 0.8711 (0.8718)  balanced_accuracy: 0.8982 (0.8625)  pr_auc: 0.9600 (0.9025)  roc_auc: 0.9704 (0.9466)  time: 0.2791  data: 0.0007  max mem: 3483
Test:  [    50/?]  eta: ?  loss: 0.2239 (0.3485)  accuracy: 0.8815 (0.8722)  balanced_accuracy: 0.9067 (0.8674)  pr_auc: 0.9880 (0.9063)  roc_auc: 0.9875 (0.9491)  time: 0.2773  data: 0.0007  max mem: 3483
Test:  [    60/?]  eta: ?  loss: 0.2456 (0.3373)  accuracy: 0.8815 (0.8743)  balanced_accuracy: 0.9010 (0.8647)  pr_auc: 0.9840 (0.8836)  roc_auc: 0.9831 (0.9442)  time: 0.2519  data: 0.0007  max mem: 3483
Test:  [    70/?]  eta: ?  loss: 0.2456 (0.3374)  accuracy: 0.8516 (0.8750)  balanced_accuracy: 0.8977 (0.8664)  pr_auc: 0.9450 (0.8841)  roc_auc: 0.9780 (0.9439)  time: 0.2528  data: 0.0007  max mem: 3483
Test:  [    80/?]  eta: ?  loss: 0.2688 (0.3467)  accuracy: 0.8503 (0.8704)  balanced_accuracy: 0.9457 (0.8684)  pr_auc: 0.9872 (0.8856)  roc_auc: 0.9957 (0.9484)  time: 0.2514  data: 0.0007  max mem: 3483
Test:  [    90/?]  eta: ?  loss: 0.2697 (0.3405)  accuracy: 0.8542 (0.8697)  balanced_accuracy: 0.9167 (0.8657)  pr_auc: 0.9758 (0.8912)  roc_auc: 0.9791 (0.9448)  time: 0.2496  data: 0.0007  max mem: 3483
Test:  [   100/?]  eta: ?  loss: 0.2729 (0.3358)  accuracy: 0.8568 (0.8714)  balanced_accuracy: 0.8811 (0.8631)  pr_auc: 0.9463 (0.8955)  roc_auc: 0.9782 (0.9438)  time: 0.2492  data: 0.0007  max mem: 3483
Test:  [   110/?]  eta: ?  loss: 0.3938 (0.3527)  accuracy: 0.8477 (0.8662)  balanced_accuracy: 0.8544 (0.8542)  pr_auc: 0.9242 (0.8925)  roc_auc: 0.9382 (0.9390)  time: 0.2493  data: 0.0006  max mem: 3483
Test:  [   120/?]  eta: ?  loss: 0.4084 (0.3660)  accuracy: 0.8047 (0.8633)  balanced_accuracy: 0.7872 (0.8468)  pr_auc: 0.8918 (0.8857)  roc_auc: 0.9183 (0.9290)  time: 0.2709  data: 0.0006  max mem: 3483
Test:  [   130/?]  eta: ?  loss: 0.1851 (0.3535)  accuracy: 0.9010 (0.8678)  balanced_accuracy: 0.9134 (0.8536)  pr_auc: 0.9539 (0.8842)  roc_auc: 0.9648 (0.9330)  time: 0.2897  data: 0.0007  max mem: 3483
Test:  [   140/?]  eta: ?  loss: 0.1550 (0.3503)  accuracy: 0.9219 (0.8690)  balanced_accuracy: 0.9231 (0.8563)  pr_auc: 0.9699 (0.8875)  roc_auc: 0.9846 (0.9343)  time: 0.2688  data: 0.0007  max mem: 3483
Test:  [   150/?]  eta: ?  loss: 0.2214 (0.3630)  accuracy: 0.8893 (0.8689)  balanced_accuracy: 0.8767 (0.8563)  pr_auc: 0.9565 (0.8895)  roc_auc: 0.9854 (0.9343)  time: 0.2511  data: 0.0007  max mem: 3483
Test:  [   160/?]  eta: ?  loss: 0.1869 (0.3841)  accuracy: 0.9102 (0.8669)  balanced_accuracy: 0.9233 (0.8550)  pr_auc: 0.9546 (0.8823)  roc_auc: 0.9897 (0.9283)  time: 0.2503  data: 0.0007  max mem: 3483
Test:  [   170/?]  eta: ?  loss: 0.1594 (0.3881)  accuracy: 0.9193 (0.8664)  balanced_accuracy: 0.9233 (0.8539)  pr_auc: 0.9896 (0.8827)  roc_auc: 0.9897 (0.9265)  time: 0.2473  data: 0.0006  max mem: 3483
Test:  [   180/?]  eta: ?  loss: 0.1897 (0.3816)  accuracy: 0.8997 (0.8685)  balanced_accuracy: 0.8977 (0.8564)  pr_auc: 0.9849 (0.8799)  roc_auc: 0.9837 (0.9281)  time: 0.2472  data: 0.0006  max mem: 3483
Test:  [   190/?]  eta: ?  loss: 0.2664 (0.3797)  accuracy: 0.8854 (0.8680)  balanced_accuracy: 0.8569 (0.8543)  pr_auc: 0.9680 (0.8721)  roc_auc: 0.9580 (0.9281)  time: 0.2509  data: 0.0007  max mem: 3483
Test:  [   200/?]  eta: ?  loss: 0.2488 (0.3714)  accuracy: 0.8958 (0.8705)  balanced_accuracy: 0.8571 (0.8581)  pr_auc: 0.9693 (0.8771)  roc_auc: 0.9703 (0.9307)  time: 0.2527  data: 0.0007  max mem: 3483
Test:  [   210/?]  eta: ?  loss: 0.1891 (0.3698)  accuracy: 0.9349 (0.8709)  balanced_accuracy: 0.9076 (0.8578)  pr_auc: 0.9693 (0.8722)  roc_auc: 0.9839 (0.9297)  time: 0.2530  data: 0.0007  max mem: 3483
Test:  [   220/?]  eta: ?  loss: 0.2008 (0.3818)  accuracy: 0.8958 (0.8672)  balanced_accuracy: 0.8958 (0.8533)  pr_auc: 0.9665 (0.8707)  roc_auc: 0.9785 (0.9248)  time: 0.2685  data: 0.0007  max mem: 3483
Test:  [   230/?]  eta: ?  loss: 0.2658 (0.4108)  accuracy: 0.7669 (0.8621)  balanced_accuracy: 0.7734 (0.8470)  pr_auc: 0.9355 (0.8690)  roc_auc: 0.8862 (0.9176)  time: 0.2899  data: 0.0006  max mem: 3483
Test:  [   240/?]  eta: ?  loss: 0.2658 (0.4174)  accuracy: 0.8177 (0.8605)  balanced_accuracy: 0.8859 (0.8464)  pr_auc: 0.9360 (0.8625)  roc_auc: 0.9785 (0.9158)  time: 0.2739  data: 0.0007  max mem: 3483
Test:  [   250/?]  eta: ?  loss: 0.1552 (0.4226)  accuracy: 0.9115 (0.8597)  balanced_accuracy: 0.8984 (0.8460)  pr_auc: 0.9768 (0.8653)  roc_auc: 0.9942 (0.9147)  time: 0.2538  data: 0.0007  max mem: 3483
Test:  [   260/?]  eta: ?  loss: 0.1588 (0.4166)  accuracy: 0.9193 (0.8610)  balanced_accuracy: 0.9258 (0.8473)  pr_auc: 0.9828 (0.8677)  roc_auc: 0.9923 (0.9161)  time: 0.2520  data: 0.0007  max mem: 3483
Test:  [   270/?]  eta: ?  loss: 0.1717 (0.4109)  accuracy: 0.8971 (0.8620)  balanced_accuracy: 0.9203 (0.8490)  pr_auc: 0.9621 (0.8684)  roc_auc: 0.9836 (0.9177)  time: 0.2496  data: 0.0007  max mem: 3483
Test:  [   280/?]  eta: ?  loss: 0.1629 (0.4084)  accuracy: 0.8958 (0.8628)  balanced_accuracy: 0.9057 (0.8502)  pr_auc: 0.9621 (0.8707)  roc_auc: 0.9831 (0.9189)  time: 0.2491  data: 0.0007  max mem: 3483
Test:  [   290/?]  eta: ?  loss: 0.1629 (0.4044)  accuracy: 0.9193 (0.8633)  balanced_accuracy: 0.8787 (0.8504)  pr_auc: 0.9712 (0.8704)  roc_auc: 0.9831 (0.9196)  time: 0.2470  data: 0.0007  max mem: 3483
Test:  [   300/?]  eta: ?  loss: 0.1793 (0.4010)  accuracy: 0.9154 (0.8642)  balanced_accuracy: 0.8620 (0.8505)  pr_auc: 0.9473 (0.8715)  roc_auc: 0.9950 (0.9204)  time: 0.2443  data: 0.0007  max mem: 3483
Test: Total time: 0:01:28 (0.2840 s / it)
* loss 0.401
  → Epoch   4/50 | Train Loss: 0.3406 | Val Loss: 0.3915 | Train Acc: 87.2623% | Val Acc: 86.0535% | LR: 0.000001
Max accuracy val: 86.05%, max accuracy test: 86.40%
Epoch: [4]  [     0/?]  eta: ?  lr: 0.000400  min_lr: 0.000001  loss: 0.2538 (0.2538)  class_acc: 0.9004 (0.9004)  loss_scale: 128.0000 (128.0000)  weight_decay: 0.0500 (0.0500)  grad_norm: 84.2609 (84.2609)  time: 13.6463  data: 12.6489  max mem: 3483
Epoch: [4]  [   500/?]  eta: ?  lr: 0.000401  min_lr: 0.000001  loss: 0.2854 (0.2988)  class_acc: 0.8926 (0.8904)  loss_scale: 128.0000 (128.0000)  weight_decay: 0.0500 (0.0500)  grad_norm: 82.6133 (93.1687)  time: 1.2959  data: 0.0017  max mem: 3483
NaN or Inf found in input tensor.
Epoch: [4]  [  1000/?]  eta: ?  lr: 0.000401  min_lr: 0.000001  loss: 0.2930 (0.2899)  class_acc: 0.8926 (0.8932)  loss_scale: 64.0000 (113.5504)  weight_decay: 0.0500 (0.0500)  grad_norm: 95.7055 (inf)  time: 1.2989  data: 0.0008  max mem: 3483
Epoch: [4]  [  1500/?]  eta: ?  lr: 0.000402  min_lr: 0.000001  loss: 0.2369 (0.2828)  class_acc: 0.9082 (0.8955)  loss_scale: 64.0000 (97.0446)  weight_decay: 0.0500 (0.0500)  grad_norm: 75.4867 (inf)  time: 1.3274  data: 0.0015  max mem: 3483
Epoch: [4]  [  2000/?]  eta: ?  lr: 0.000402  min_lr: 0.000001  loss: 0.2417 (0.2751)  class_acc: 0.9141 (0.8984)  loss_scale: 64.0000 (88.7876)  weight_decay: 0.0500 (0.0500)  grad_norm: 77.6275 (inf)  time: 1.3249  data: 0.0020  max mem: 3483
Epoch: [4] Total time: 0:47:45 (1.3204 s / it)
Val:  [     0/?]  eta: ?  loss: 0.1587 (0.1587)  accuracy: 0.9141 (0.9141)  balanced_accuracy: 0.9535 (0.9535)  pr_auc: 0.9994 (0.9994)  roc_auc: 1.0000 (1.0000)  time: 8.6792  data: 7.9926  max mem: 3483
Val:  [    10/?]  eta: ?  loss: 0.1802 (0.4398)  accuracy: 0.9102 (0.8575)  balanced_accuracy: 0.8955 (0.8607)  pr_auc: 0.9882 (0.9134)  roc_auc: 0.9902 (0.9315)  time: 1.0290  data: 0.7273  max mem: 3483
Val:  [    20/?]  eta: ?  loss: 0.1130 (0.3793)  accuracy: 0.9115 (0.8815)  balanced_accuracy: 0.9415 (0.8728)  pr_auc: 0.9828 (0.9322)  roc_auc: 0.9918 (0.9380)  time: 0.2658  data: 0.0007  max mem: 3483
Val:  [    30/?]  eta: ?  loss: 0.1172 (0.3238)  accuracy: 0.9323 (0.8929)  balanced_accuracy: 0.9188 (0.8889)  pr_auc: 0.9761 (0.9419)  roc_auc: 0.9848 (0.9534)  time: 0.2680  data: 0.0007  max mem: 3483
Val:  [    40/?]  eta: ?  loss: 0.1717 (0.3328)  accuracy: 0.9232 (0.8860)  balanced_accuracy: 0.9352 (0.8895)  pr_auc: 0.9706 (0.9211)  roc_auc: 0.9883 (0.9508)  time: 0.2704  data: 0.0007  max mem: 3483
Val:  [    50/?]  eta: ?  loss: 0.2047 (0.3335)  accuracy: 0.8919 (0.8809)  balanced_accuracy: 0.9287 (0.8872)  pr_auc: 0.9678 (0.9178)  roc_auc: 0.9830 (0.9509)  time: 0.2916  data: 0.0007  max mem: 3483
Val:  [    60/?]  eta: ?  loss: 0.3312 (0.3893)  accuracy: 0.8242 (0.8703)  balanced_accuracy: 0.8322 (0.8747)  pr_auc: 0.9198 (0.8998)  roc_auc: 0.9237 (0.9418)  time: 0.2860  data: 0.0007  max mem: 3483
Val:  [    70/?]  eta: ?  loss: 0.4167 (0.4256)  accuracy: 0.7930 (0.8648)  balanced_accuracy: 0.8322 (0.8683)  pr_auc: 0.9198 (0.9021)  roc_auc: 0.9150 (0.9389)  time: 0.2829  data: 0.0007  max mem: 3483
Val:  [    80/?]  eta: ?  loss: 0.4048 (0.4106)  accuracy: 0.8776 (0.8673)  balanced_accuracy: 0.8252 (0.8658)  pr_auc: 0.9132 (0.8957)  roc_auc: 0.9079 (0.9375)  time: 0.2810  data: 0.0007  max mem: 3483
Val:  [    90/?]  eta: ?  loss: 0.1880 (0.3993)  accuracy: 0.8724 (0.8693)  balanced_accuracy: 0.8584 (0.8679)  pr_auc: 0.9711 (0.8996)  roc_auc: 0.9530 (0.9414)  time: 0.2617  data: 0.0007  max mem: 3483
Val:  [   100/?]  eta: ?  loss: 0.2806 (0.4066)  accuracy: 0.8451 (0.8662)  balanced_accuracy: 0.8447 (0.8662)  pr_auc: 0.9368 (0.8902)  roc_auc: 0.9444 (0.9405)  time: 0.2654  data: 0.0007  max mem: 3483
Val:  [   110/?]  eta: ?  loss: 0.2976 (0.4134)  accuracy: 0.8424 (0.8632)  balanced_accuracy: 0.8488 (0.8659)  pr_auc: 0.8470 (0.8866)  roc_auc: 0.9520 (0.9416)  time: 0.2653  data: 0.0007  max mem: 3483
Val:  [   120/?]  eta: ?  loss: 0.2976 (0.4222)  accuracy: 0.8490 (0.8607)  balanced_accuracy: 0.8682 (0.8687)  pr_auc: 0.9631 (0.8921)  roc_auc: 0.9880 (0.9439)  time: 0.2659  data: 0.0007  max mem: 3483
Val:  [   130/?]  eta: ?  loss: 0.3185 (0.4402)  accuracy: 0.7669 (0.8557)  balanced_accuracy: 0.8670 (0.8667)  pr_auc: 0.9631 (0.8859)  roc_auc: 0.9859 (0.9415)  time: 0.2650  data: 0.0007  max mem: 3483
Val:  [   140/?]  eta: ?  loss: 0.3053 (0.4586)  accuracy: 0.8620 (0.8517)  balanced_accuracy: 0.8511 (0.8643)  pr_auc: 0.9818 (0.8807)  roc_auc: 0.9824 (0.9370)  time: 0.2625  data: 0.0007  max mem: 3483
Val:  [   150/?]  eta: ?  loss: 0.2564 (0.4491)  accuracy: 0.8789 (0.8528)  balanced_accuracy: 0.8832 (0.8650)  pr_auc: 0.9818 (0.8835)  roc_auc: 0.9712 (0.9381)  time: 0.2635  data: 0.0007  max mem: 3483
Val:  [   160/?]  eta: ?  loss: 0.2719 (0.4493)  accuracy: 0.8633 (0.8523)  balanced_accuracy: 0.8876 (0.8638)  pr_auc: 0.9692 (0.8861)  roc_auc: 0.9686 (0.9380)  time: 0.3059  data: 0.0007  max mem: 3483
Val:  [   170/?]  eta: ?  loss: 0.1975 (0.4437)  accuracy: 0.8828 (0.8535)  balanced_accuracy: 0.9044 (0.8629)  pr_auc: 0.9631 (0.8830)  roc_auc: 0.9801 (0.9358)  time: 0.3018  data: 0.0007  max mem: 3483
Val:  [   180/?]  eta: ?  loss: 0.1412 (0.4402)  accuracy: 0.9323 (0.8559)  balanced_accuracy: 0.9093 (0.8640)  pr_auc: 0.9511 (0.8824)  roc_auc: 0.9686 (0.9339)  time: 0.2620  data: 0.0007  max mem: 3483
Val:  [   190/?]  eta: ?  loss: 0.1164 (0.4382)  accuracy: 0.9427 (0.8559)  balanced_accuracy: 0.9117 (0.8646)  pr_auc: 0.9823 (0.8843)  roc_auc: 0.9535 (0.9333)  time: 0.2662  data: 0.0007  max mem: 3483
Val:  [   200/?]  eta: ?  loss: 0.2407 (0.4304)  accuracy: 0.8685 (0.8569)  balanced_accuracy: 0.9093 (0.8661)  pr_auc: 0.9900 (0.8900)  roc_auc: 0.9937 (0.9366)  time: 0.2671  data: 0.0007  max mem: 3483
Val:  [   210/?]  eta: ?  loss: 0.2104 (0.4264)  accuracy: 0.8841 (0.8580)  balanced_accuracy: 0.8788 (0.8665)  pr_auc: 0.9927 (0.8904)  roc_auc: 0.9948 (0.9367)  time: 0.2677  data: 0.0007  max mem: 3483
Val:  [   220/?]  eta: ?  loss: 0.1424 (0.4215)  accuracy: 0.9258 (0.8587)  balanced_accuracy: 0.9193 (0.8663)  pr_auc: 0.9670 (0.8906)  roc_auc: 0.9948 (0.9383)  time: 0.2646  data: 0.0007  max mem: 3483
Val:  [   230/?]  eta: ?  loss: 0.1585 (0.4117)  accuracy: 0.9219 (0.8599)  balanced_accuracy: 0.9328 (0.8675)  pr_auc: 0.9670 (0.8936)  roc_auc: 0.9910 (0.9402)  time: 0.2631  data: 0.0007  max mem: 3483
Val:  [   240/?]  eta: ?  loss: 0.1953 (0.4076)  accuracy: 0.8854 (0.8585)  balanced_accuracy: 0.9206 (0.8688)  pr_auc: 0.9719 (0.8940)  roc_auc: 0.9910 (0.9414)  time: 0.2641  data: 0.0007  max mem: 3483
Val:  [   250/?]  eta: ?  loss: 0.1988 (0.4067)  accuracy: 0.8594 (0.8590)  balanced_accuracy: 0.9153 (0.8705)  pr_auc: 0.9941 (0.8911)  roc_auc: 0.9913 (0.9423)  time: 0.2795  data: 0.0007  max mem: 3483
Val:  [   260/?]  eta: ?  loss: 0.0917 (0.4060)  accuracy: 0.9102 (0.8609)  balanced_accuracy: 0.9378 (0.8732)  pr_auc: 0.9993 (0.8910)  roc_auc: 0.9983 (0.9438)  time: 0.2800  data: 0.0007  max mem: 3483
Val:  [   270/?]  eta: ?  loss: 0.1592 (0.4094)  accuracy: 0.9102 (0.8603)  balanced_accuracy: 0.9303 (0.8726)  pr_auc: 0.9935 (0.8882)  roc_auc: 0.9891 (0.9438)  time: 0.2944  data: 0.0007  max mem: 3483
Val:  [   280/?]  eta: ?  loss: 0.2342 (0.4174)  accuracy: 0.8984 (0.8602)  balanced_accuracy: 0.8911 (0.8727)  pr_auc: 0.9585 (0.8846)  roc_auc: 0.9728 (0.9428)  time: 0.2917  data: 0.0007  max mem: 3483
Val:  [   290/?]  eta: ?  loss: 0.2342 (0.4238)  accuracy: 0.8984 (0.8589)  balanced_accuracy: 0.8323 (0.8697)  pr_auc: 0.9550 (0.8833)  roc_auc: 0.9613 (0.9391)  time: 0.2633  data: 0.0007  max mem: 3483
Val:  [   300/?]  eta: ?  loss: 0.4456 (0.4376)  accuracy: 0.7969 (0.8546)  balanced_accuracy: 0.7781 (0.8633)  pr_auc: 0.9206 (0.8787)  roc_auc: 0.9274 (0.9345)  time: 0.2599  data: 0.0007  max mem: 3483
Val:  [   310/?]  eta: ?  loss: 0.6226 (0.4496)  accuracy: 0.7747 (0.8517)  balanced_accuracy: 0.7747 (0.8590)  pr_auc: 0.9039 (0.8753)  roc_auc: 0.9155 (0.9309)  time: 0.2446  data: 0.0006  max mem: 3483
Val: Total time: 0:01:34 (0.2968 s / it)
* loss 0.457
Test:  [     0/?]  eta: ?  loss: 0.4069 (0.4069)  accuracy: 0.9128 (0.9128)  balanced_accuracy: 0.9125 (0.9125)  pr_auc: 0.9836 (0.9836)  roc_auc: 0.9807 (0.9807)  time: 8.2131  data: 7.9364  max mem: 3483
Test:  [    10/?]  eta: ?  loss: 0.3806 (0.3992)  accuracy: 0.8568 (0.8653)  balanced_accuracy: 0.8740 (0.8496)  pr_auc: 0.9130 (0.8390)  roc_auc: 0.9434 (0.9542)  time: 1.0244  data: 0.7222  max mem: 3483
Test:  [    20/?]  eta: ?  loss: 0.2833 (0.3791)  accuracy: 0.8568 (0.8606)  balanced_accuracy: 0.8578 (0.8494)  pr_auc: 0.9130 (0.8779)  roc_auc: 0.9449 (0.9518)  time: 0.2795  data: 0.0007  max mem: 3483
Test:  [    30/?]  eta: ?  loss: 0.2021 (0.3937)  accuracy: 0.8607 (0.8545)  balanced_accuracy: 0.8281 (0.8466)  pr_auc: 0.9277 (0.8913)  roc_auc: 0.9449 (0.9394)  time: 0.2723  data: 0.0007  max mem: 3483
Test:  [    40/?]  eta: ?  loss: 0.2248 (0.4272)  accuracy: 0.8802 (0.8568)  balanced_accuracy: 0.9063 (0.8625)  pr_auc: 0.9779 (0.9073)  roc_auc: 0.9805 (0.9447)  time: 0.2720  data: 0.0007  max mem: 3483
Test:  [    50/?]  eta: ?  loss: 0.2248 (0.4205)  accuracy: 0.9023 (0.8593)  balanced_accuracy: 0.9219 (0.8662)  pr_auc: 0.9856 (0.9124)  roc_auc: 0.9879 (0.9492)  time: 0.2544  data: 0.0007  max mem: 3483
Test:  [    60/?]  eta: ?  loss: 0.2714 (0.4023)  accuracy: 0.8841 (0.8624)  balanced_accuracy: 0.8913 (0.8632)  pr_auc: 0.9787 (0.8974)  roc_auc: 0.9915 (0.9443)  time: 0.2583  data: 0.0007  max mem: 3483
Test:  [    70/?]  eta: ?  loss: 0.2895 (0.4049)  accuracy: 0.8828 (0.8622)  balanced_accuracy: 0.8857 (0.8652)  pr_auc: 0.9641 (0.8962)  roc_auc: 0.9858 (0.9438)  time: 0.2757  data: 0.0007  max mem: 3483
Test:  [    80/?]  eta: ?  loss: 0.1651 (0.4093)  accuracy: 0.9180 (0.8598)  balanced_accuracy: 0.9580 (0.8684)  pr_auc: 0.9835 (0.9046)  roc_auc: 0.9954 (0.9489)  time: 0.2723  data: 0.0007  max mem: 3483
Test:  [    90/?]  eta: ?  loss: 0.3013 (0.3990)  accuracy: 0.8659 (0.8593)  balanced_accuracy: 0.9313 (0.8662)  pr_auc: 0.9835 (0.9084)  roc_auc: 0.9937 (0.9467)  time: 0.2533  data: 0.0007  max mem: 3483
Test:  [   100/?]  eta: ?  loss: 0.3551 (0.3938)  accuracy: 0.8646 (0.8606)  balanced_accuracy: 0.8820 (0.8628)  pr_auc: 0.9724 (0.9086)  roc_auc: 0.9889 (0.9447)  time: 0.2536  data: 0.0007  max mem: 3483
Test:  [   110/?]  eta: ?  loss: 0.3551 (0.4172)  accuracy: 0.8646 (0.8558)  balanced_accuracy: 0.8037 (0.8537)  pr_auc: 0.9253 (0.9022)  roc_auc: 0.9336 (0.9384)  time: 0.2545  data: 0.0007  max mem: 3483
Test:  [   120/?]  eta: ?  loss: 0.3684 (0.4337)  accuracy: 0.7956 (0.8516)  balanced_accuracy: 0.7764 (0.8454)  pr_auc: 0.8981 (0.8943)  roc_auc: 0.9267 (0.9296)  time: 0.2536  data: 0.0007  max mem: 3483
Test:  [   130/?]  eta: ?  loss: 0.3588 (0.4206)  accuracy: 0.8516 (0.8553)  balanced_accuracy: 0.8807 (0.8511)  pr_auc: 0.9202 (0.8912)  roc_auc: 0.9386 (0.9332)  time: 0.2534  data: 0.0007  max mem: 3483
Test:  [   140/?]  eta: ?  loss: 0.2071 (0.4141)  accuracy: 0.8945 (0.8571)  balanced_accuracy: 0.8947 (0.8543)  pr_auc: 0.9738 (0.8936)  roc_auc: 0.9931 (0.9352)  time: 0.2754  data: 0.0007  max mem: 3483
Test:  [   150/?]  eta: ?  loss: 0.2381 (0.4280)  accuracy: 0.8646 (0.8564)  balanced_accuracy: 0.8846 (0.8528)  pr_auc: 0.9552 (0.8943)  roc_auc: 0.9606 (0.9351)  time: 0.2806  data: 0.0007  max mem: 3483
Test:  [   160/?]  eta: ?  loss: 0.2526 (0.4469)  accuracy: 0.8477 (0.8535)  balanced_accuracy: 0.8846 (0.8512)  pr_auc: 0.9519 (0.8881)  roc_auc: 0.9929 (0.9305)  time: 0.2766  data: 0.0007  max mem: 3483
Test:  [   170/?]  eta: ?  loss: 0.1915 (0.4500)  accuracy: 0.8346 (0.8539)  balanced_accuracy: 0.8384 (0.8503)  pr_auc: 0.9295 (0.8888)  roc_auc: 0.9929 (0.9292)  time: 0.2666  data: 0.0007  max mem: 3483
Test:  [   180/?]  eta: ?  loss: 0.1852 (0.4420)  accuracy: 0.9115 (0.8566)  balanced_accuracy: 0.9245 (0.8538)  pr_auc: 0.9696 (0.8876)  roc_auc: 0.9836 (0.9310)  time: 0.2487  data: 0.0007  max mem: 3483
Test:  [   190/?]  eta: ?  loss: 0.2110 (0.4368)  accuracy: 0.8932 (0.8571)  balanced_accuracy: 0.8547 (0.8520)  pr_auc: 0.9549 (0.8820)  roc_auc: 0.9774 (0.9319)  time: 0.2544  data: 0.0007  max mem: 3483
Test:  [   200/?]  eta: ?  loss: 0.2245 (0.4256)  accuracy: 0.8802 (0.8599)  balanced_accuracy: 0.8377 (0.8557)  pr_auc: 0.9641 (0.8865)  roc_auc: 0.9808 (0.9342)  time: 0.2550  data: 0.0007  max mem: 3483
Test:  [   210/?]  eta: ?  loss: 0.1742 (0.4250)  accuracy: 0.9375 (0.8610)  balanced_accuracy: 0.9060 (0.8562)  pr_auc: 0.9750 (0.8813)  roc_auc: 0.9859 (0.9331)  time: 0.2549  data: 0.0007  max mem: 3483
Test:  [   220/?]  eta: ?  loss: 0.1824 (0.4407)  accuracy: 0.9375 (0.8582)  balanced_accuracy: 0.9185 (0.8523)  pr_auc: 0.9863 (0.8785)  roc_auc: 0.9859 (0.9274)  time: 0.2525  data: 0.0007  max mem: 3483
Test:  [   230/?]  eta: ?  loss: 0.3992 (0.4709)  accuracy: 0.8034 (0.8539)  balanced_accuracy: 0.8042 (0.8465)  pr_auc: 0.9263 (0.8768)  roc_auc: 0.9162 (0.9208)  time: 0.2500  data: 0.0007  max mem: 3483
Test:  [   240/?]  eta: ?  loss: 0.3777 (0.4767)  accuracy: 0.8411 (0.8530)  balanced_accuracy: 0.8685 (0.8451)  pr_auc: 0.9289 (0.8733)  roc_auc: 0.9800 (0.9197)  time: 0.2535  data: 0.0007  max mem: 3483
Test:  [   250/?]  eta: ?  loss: 0.1654 (0.4802)  accuracy: 0.8945 (0.8524)  balanced_accuracy: 0.9107 (0.8450)  pr_auc: 0.9894 (0.8760)  roc_auc: 0.9950 (0.9192)  time: 0.2743  data: 0.0007  max mem: 3483
Test:  [   260/?]  eta: ?  loss: 0.1902 (0.4726)  accuracy: 0.9141 (0.8539)  balanced_accuracy: 0.9107 (0.8462)  pr_auc: 0.9738 (0.8776)  roc_auc: 0.9916 (0.9200)  time: 0.2964  data: 0.0007  max mem: 3483
Test:  [   270/?]  eta: ?  loss: 0.1902 (0.4656)  accuracy: 0.9141 (0.8553)  balanced_accuracy: 0.9107 (0.8480)  pr_auc: 0.9667 (0.8777)  roc_auc: 0.9886 (0.9210)  time: 0.2755  data: 0.0007  max mem: 3483
Test:  [   280/?]  eta: ?  loss: 0.2323 (0.4625)  accuracy: 0.8763 (0.8563)  balanced_accuracy: 0.9231 (0.8493)  pr_auc: 0.9602 (0.8793)  roc_auc: 0.9886 (0.9221)  time: 0.2504  data: 0.0007  max mem: 3483
Test:  [   290/?]  eta: ?  loss: 0.2591 (0.4581)  accuracy: 0.8685 (0.8570)  balanced_accuracy: 0.8659 (0.8497)  pr_auc: 0.9889 (0.8804)  roc_auc: 0.9928 (0.9229)  time: 0.2505  data: 0.0007  max mem: 3483
Test:  [   300/?]  eta: ?  loss: 0.2494 (0.4546)  accuracy: 0.8724 (0.8579)  balanced_accuracy: 0.8659 (0.8498)  pr_auc: 0.9826 (0.8812)  roc_auc: 0.9928 (0.9236)  time: 0.2485  data: 0.0007  max mem: 3483
Test: Total time: 0:01:29 (0.2889 s / it)
* loss 0.455

============================================================
Counting samples by task type...
============================================================

============================================================
Evaluating on active tasks (35,284 samples)...
============================================================
Active Test:  [     0/?]  eta: ?  loss: 0.0479 (0.0479)  accuracy: 0.9688 (0.9688)  time: 7.2473  data: 6.9101  max mem: 3483
Active Test:  [    10/?]  eta: ?  loss: 0.2466 (0.2434)  accuracy: 0.8906 (0.8878)  balanced_accuracy: 0.9167 (0.8953)  pr_auc: 0.9972 (0.9809)  roc_auc: 0.9905 (0.9883)  time: 0.8306  data: 0.6286  max mem: 3483
Active Test:  [    20/?]  eta: ?  loss: 0.2227 (0.2352)  accuracy: 0.9062 (0.8951)  balanced_accuracy: 0.9186 (0.8971)  pr_auc: 0.9972 (0.9815)  roc_auc: 0.9905 (0.9679)  time: 0.2230  data: 0.0004  max mem: 3483
Active Test:  [    30/?]  eta: ?  loss: 0.1111 (0.2288)  accuracy: 0.9375 (0.8972)  balanced_accuracy: 0.9291 (0.9203)  pr_auc: 1.0000 (0.9873)  roc_auc: 1.0000 (0.9780)  time: 0.2219  data: 0.0004  max mem: 3483
Active Test:  [    40/?]  eta: ?  loss: 0.2003 (0.2493)  accuracy: 0.8906 (0.8822)  balanced_accuracy: 0.9463 (0.8960)  pr_auc: 1.0000 (0.9854)  roc_auc: 1.0000 (0.9638)  time: 0.1957  data: 0.0004  max mem: 3483
Active Test:  [    50/?]  eta: ?  loss: 0.0477 (0.3176)  accuracy: 0.9219 (0.8811)  balanced_accuracy: 0.9884 (0.9099)  pr_auc: 1.0000 (0.9716)  roc_auc: 1.0000 (0.9608)  time: 0.1983  data: 0.0004  max mem: 3483
Active Test:  [    60/?]  eta: ?  loss: 0.0246 (0.4315)  accuracy: 0.9844 (0.8704)  balanced_accuracy: 0.9884 (0.9185)  pr_auc: 1.0000 (0.9543)  roc_auc: 1.0000 (0.9593)  time: 0.1904  data: 0.0004  max mem: 3483
Active Test:  [    70/?]  eta: ?  loss: 0.1135 (0.4329)  accuracy: 0.9219 (0.8713)  balanced_accuracy: 0.9792 (0.9128)  pr_auc: 1.0000 (0.9439)  roc_auc: 1.0000 (0.9553)  time: 0.1892  data: 0.0004  max mem: 3483
Active Test:  [    80/?]  eta: ?  loss: 0.2097 (0.4272)  accuracy: 0.8750 (0.8704)  balanced_accuracy: 0.8953 (0.9081)  pr_auc: 0.9989 (0.9481)  roc_auc: 0.9978 (0.9592)  time: 0.2030  data: 0.0004  max mem: 3483
Active Test:  [    90/?]  eta: ?  loss: 0.3033 (0.4131)  accuracy: 0.8594 (0.8711)  balanced_accuracy: 0.8898 (0.9071)  pr_auc: 0.9967 (0.9489)  roc_auc: 0.9978 (0.9609)  time: 0.2021  data: 0.0004  max mem: 3483
Active Test:  [   100/?]  eta: ?  loss: 0.2595 (0.3906)  accuracy: 0.8906 (0.8755)  balanced_accuracy: 0.8953 (0.9073)  pr_auc: 0.9967 (0.9464)  roc_auc: 0.9978 (0.9622)  time: 0.1874  data: 0.0003  max mem: 3483
Active Test:  [   110/?]  eta: ?  loss: 0.2074 (0.3893)  accuracy: 0.8906 (0.8747)  balanced_accuracy: 0.9024 (0.8992)  pr_auc: 0.9965 (0.9375)  roc_auc: 0.9935 (0.9587)  time: 0.1889  data: 0.0004  max mem: 3483
Active Test:  [   120/?]  eta: ?  loss: 0.1438 (0.3795)  accuracy: 0.9062 (0.8767)  balanced_accuracy: 0.9297 (0.9002)  pr_auc: 0.9994 (0.9423)  roc_auc: 0.9989 (0.9618)  time: 0.1912  data: 0.0004  max mem: 3483
Active Test:  [   130/?]  eta: ?  loss: 0.1438 (0.3814)  accuracy: 0.9062 (0.8737)  balanced_accuracy: 0.9302 (0.9021)  pr_auc: 1.0000 (0.9462)  roc_auc: 1.0000 (0.9640)  time: 0.1899  data: 0.0004  max mem: 3483
Active Test:  [   140/?]  eta: ?  loss: 0.3866 (0.4003)  accuracy: 0.8594 (0.8713)  balanced_accuracy: 0.9529 (0.8929)  pr_auc: 1.0000 (0.9326)  roc_auc: 1.0000 (0.9472)  time: 0.2037  data: 0.0004  max mem: 3483
Active Test:  [   150/?]  eta: ?  loss: 0.0516 (0.4455)  accuracy: 0.8750 (0.8645)  balanced_accuracy: 0.9529 (0.8881)  pr_auc: 1.0000 (0.9227)  roc_auc: 1.0000 (0.9367)  time: 0.2025  data: 0.0004  max mem: 3483
Active Test:  [   160/?]  eta: ?  loss: 0.0945 (0.4703)  accuracy: 0.9375 (0.8645)  balanced_accuracy: 0.9535 (0.8851)  pr_auc: 0.9981 (0.9180)  roc_auc: 0.9955 (0.9328)  time: 0.1876  data: 0.0004  max mem: 3483
Active Test:  [   170/?]  eta: ?  loss: 0.0945 (0.4557)  accuracy: 0.9375 (0.8678)  balanced_accuracy: 0.9756 (0.8893)  pr_auc: 1.0000 (0.9234)  roc_auc: 1.0000 (0.9379)  time: 0.1902  data: 0.0004  max mem: 3483
Active Test:  [   180/?]  eta: ?  loss: 0.1304 (0.4521)  accuracy: 0.9219 (0.8686)  balanced_accuracy: 0.9333 (0.8887)  pr_auc: 1.0000 (0.9266)  roc_auc: 1.0000 (0.9406)  time: 0.1910  data: 0.0004  max mem: 3483
Active Test:  [   190/?]  eta: ?  loss: 0.2219 (0.4669)  accuracy: 0.8594 (0.8666)  balanced_accuracy: 0.8605 (0.8855)  pr_auc: 0.9955 (0.9223)  roc_auc: 0.9956 (0.9385)  time: 0.1909  data: 0.0004  max mem: 3483
Active Test:  [   200/?]  eta: ?  loss: 0.2219 (0.4649)  accuracy: 0.8906 (0.8666)  balanced_accuracy: 0.9206 (0.8862)  pr_auc: 0.9956 (0.9221)  roc_auc: 0.9980 (0.9405)  time: 0.2127  data: 0.0004  max mem: 3483
Active Test:  [   210/?]  eta: ?  loss: 0.3675 (0.4751)  accuracy: 0.8438 (0.8610)  balanced_accuracy: 0.9206 (0.8867)  pr_auc: 0.9955 (0.9224)  roc_auc: 0.9967 (0.9415)  time: 0.2098  data: 0.0004  max mem: 3483
Active Test:  [   220/?]  eta: ?  loss: 0.3815 (0.4719)  accuracy: 0.8125 (0.8613)  balanced_accuracy: 0.9206 (0.8872)  pr_auc: 0.9956 (0.9249)  roc_auc: 0.9980 (0.9435)  time: 0.1861  data: 0.0004  max mem: 3483
Active Test:  [   230/?]  eta: ?  loss: 0.2456 (0.4675)  accuracy: 0.9062 (0.8625)  balanced_accuracy: 0.8843 (0.8835)  pr_auc: 0.9940 (0.9260)  roc_auc: 0.9967 (0.9444)  time: 0.1870  data: 0.0004  max mem: 3483
Active Test:  [   240/?]  eta: ?  loss: 0.1880 (0.4554)  accuracy: 0.9219 (0.8655)  balanced_accuracy: 0.9186 (0.8850)  pr_auc: 0.9874 (0.9264)  roc_auc: 0.9909 (0.9454)  time: 0.1871  data: 0.0004  max mem: 3483
Active Test:  [   250/?]  eta: ?  loss: 0.1416 (0.4424)  accuracy: 0.9375 (0.8691)  balanced_accuracy: 0.9375 (0.8881)  pr_auc: 0.9966 (0.9290)  roc_auc: 0.9979 (0.9471)  time: 0.1874  data: 0.0004  max mem: 3483
Active Test:  [   260/?]  eta: ?  loss: 0.1796 (0.4377)  accuracy: 0.9219 (0.8688)  balanced_accuracy: 0.9375 (0.8846)  pr_auc: 0.9984 (0.9302)  roc_auc: 0.9986 (0.9479)  time: 0.2038  data: 0.0004  max mem: 3483
Active Test:  [   270/?]  eta: ?  loss: 0.2632 (0.4291)  accuracy: 0.9062 (0.8700)  balanced_accuracy: 0.8810 (0.8852)  pr_auc: 1.0000 (0.9329)  roc_auc: 1.0000 (0.9499)  time: 0.2050  data: 0.0004  max mem: 3483
Active Test:  [   280/?]  eta: ?  loss: 0.0863 (0.4197)  accuracy: 0.9688 (0.8715)  balanced_accuracy: 0.8810 (0.8863)  pr_auc: 1.0000 (0.9356)  roc_auc: 1.0000 (0.9520)  time: 0.1897  data: 0.0004  max mem: 3483
Active Test:  [   290/?]  eta: ?  loss: 0.0922 (0.4100)  accuracy: 0.9375 (0.8738)  balanced_accuracy: 0.9524 (0.8879)  pr_auc: 1.0000 (0.9368)  roc_auc: 1.0000 (0.9529)  time: 0.1874  data: 0.0003  max mem: 3483
Active Test:  [   300/?]  eta: ?  loss: 0.0963 (0.4050)  accuracy: 0.9375 (0.8740)  balanced_accuracy: 0.9818 (0.8903)  pr_auc: 1.0000 (0.9382)  roc_auc: 1.0000 (0.9539)  time: 0.1854  data: 0.0003  max mem: 3483
Active Test:  [   310/?]  eta: ?  loss: 0.0473 (0.3974)  accuracy: 0.9844 (0.8753)  balanced_accuracy: 0.9875 (0.8914)  pr_auc: 1.0000 (0.9400)  roc_auc: 1.0000 (0.9552)  time: 0.1865  data: 0.0004  max mem: 3483
Active Test:  [   320/?]  eta: ?  loss: 0.0473 (0.3906)  accuracy: 0.9688 (0.8769)  balanced_accuracy: 0.9875 (0.8915)  pr_auc: 1.0000 (0.9410)  roc_auc: 1.0000 (0.9557)  time: 0.2019  data: 0.0004  max mem: 3483
Active Test:  [   330/?]  eta: ?  loss: 0.1492 (0.3892)  accuracy: 0.9375 (0.8760)  balanced_accuracy: 0.9375 (0.8887)  pr_auc: 0.9982 (0.9376)  roc_auc: 0.9980 (0.9516)  time: 0.2016  data: 0.0004  max mem: 3483
Active Test:  [   340/?]  eta: ?  loss: 0.1492 (0.3827)  accuracy: 0.9219 (0.8772)  balanced_accuracy: 0.8646 (0.8873)  pr_auc: 0.9982 (0.9356)  roc_auc: 0.9980 (0.9521)  time: 0.1866  data: 0.0004  max mem: 3483
Active Test:  [   350/?]  eta: ?  loss: 0.0463 (0.3852)  accuracy: 0.9688 (0.8767)  balanced_accuracy: 0.9000 (0.8886)  pr_auc: 1.0000 (0.9369)  roc_auc: 1.0000 (0.9528)  time: 0.2021  data: 0.0003  max mem: 3483
Active Test:  [   360/?]  eta: ?  loss: 0.1022 (0.3934)  accuracy: 0.8750 (0.8745)  balanced_accuracy: 0.8810 (0.8878)  pr_auc: 1.0000 (0.9367)  roc_auc: 1.0000 (0.9527)  time: 0.2043  data: 0.0004  max mem: 3483
Active Test:  [   370/?]  eta: ?  loss: 0.1022 (0.3905)  accuracy: 0.8750 (0.8738)  balanced_accuracy: 0.8810 (0.8847)  pr_auc: 1.0000 (0.9367)  roc_auc: 1.0000 (0.9517)  time: 0.1889  data: 0.0004  max mem: 3483
Active Test:  [   380/?]  eta: ?  loss: 0.1739 (0.3949)  accuracy: 0.9062 (0.8723)  balanced_accuracy: 0.8810 (0.8844)  pr_auc: 0.9971 (0.9365)  roc_auc: 0.9971 (0.9507)  time: 0.2015  data: 0.0003  max mem: 3483
Active Test:  [   390/?]  eta: ?  loss: 0.1701 (0.3955)  accuracy: 0.9219 (0.8732)  balanced_accuracy: 0.9688 (0.8871)  pr_auc: 1.0000 (0.9382)  roc_auc: 1.0000 (0.9520)  time: 0.2025  data: 0.0004  max mem: 3483
Active Test:  [   400/?]  eta: ?  loss: 0.0227 (0.3922)  accuracy: 1.0000 (0.8743)  balanced_accuracy: 1.0000 (0.8894)  pr_auc: 1.0000 (0.9395)  roc_auc: 1.0000 (0.9530)  time: 0.1881  data: 0.0004  max mem: 3483
Active Test:  [   410/?]  eta: ?  loss: 0.0255 (0.3921)  accuracy: 1.0000 (0.8747)  balanced_accuracy: 1.0000 (0.8905)  pr_auc: 1.0000 (0.9401)  roc_auc: 1.0000 (0.9535)  time: 0.1855  data: 0.0003  max mem: 3483
Active Test:  [   420/?]  eta: ?  loss: 0.0719 (0.3961)  accuracy: 0.9375 (0.8727)  balanced_accuracy: 1.0000 (0.8907)  pr_auc: 1.0000 (0.9411)  roc_auc: 1.0000 (0.9542)  time: 0.1859  data: 0.0003  max mem: 3483
Active Test:  [   430/?]  eta: ?  loss: 0.1205 (0.3903)  accuracy: 0.9375 (0.8744)  balanced_accuracy: 1.0000 (0.8904)  pr_auc: 1.0000 (0.9416)  roc_auc: 1.0000 (0.9541)  time: 0.1877  data: 0.0004  max mem: 3483
Active Test:  [   440/?]  eta: ?  loss: 0.0259 (0.3843)  accuracy: 1.0000 (0.8760)  balanced_accuracy: 0.9683 (0.8899)  pr_auc: 1.0000 (0.9391)  roc_auc: 1.0000 (0.9533)  time: 0.2016  data: 0.0004  max mem: 3483
Active Test:  [   450/?]  eta: ?  loss: 0.1340 (0.3846)  accuracy: 0.9375 (0.8755)  balanced_accuracy: 0.8324 (0.8878)  pr_auc: 1.0000 (0.9398)  roc_auc: 1.0000 (0.9537)  time: 0.2030  data: 0.0004  max mem: 3483
Active Test:  [   460/?]  eta: ?  loss: 0.1340 (0.3809)  accuracy: 0.9219 (0.8762)  balanced_accuracy: 0.8324 (0.8882)  pr_auc: 1.0000 (0.9401)  roc_auc: 1.0000 (0.9539)  time: 0.1888  data: 0.0004  max mem: 3483
Active Test:  [   470/?]  eta: ?  loss: 0.0365 (0.3768)  accuracy: 0.9844 (0.8763)  balanced_accuracy: 0.8324 (0.8885)  pr_auc: 1.0000 (0.9403)  roc_auc: 1.0000 (0.9541)  time: 0.1847  data: 0.0004  max mem: 3483
Active Test:  [   480/?]  eta: ?  loss: 0.0365 (0.3732)  accuracy: 0.9844 (0.8770)  balanced_accuracy: 0.8324 (0.8881)  pr_auc: 1.0000 (0.9410)  roc_auc: 1.0000 (0.9546)  time: 0.1836  data: 0.0003  max mem: 3483
Active Test:  [   490/?]  eta: ?  loss: 0.0571 (0.3700)  accuracy: 1.0000 (0.8786)  balanced_accuracy: 0.8324 (0.8885)  pr_auc: 1.0000 (0.9412)  roc_auc: 1.0000 (0.9548)  time: 0.1831  data: 0.0003  max mem: 3483
Active Test:  [   500/?]  eta: ?  loss: 0.0036 (0.3696)  accuracy: 1.0000 (0.8779)  balanced_accuracy: 0.9600 (0.8888)  pr_auc: 1.0000 (0.9414)  roc_auc: 1.0000 (0.9549)  time: 0.2057  data: 0.0003  max mem: 3483
Active Test:  [   510/?]  eta: ?  loss: 0.0051 (0.3638)  accuracy: 1.0000 (0.8797)  balanced_accuracy: 0.9722 (0.8896)  pr_auc: 1.0000 (0.9421)  roc_auc: 1.0000 (0.9554)  time: 0.2096  data: 0.0003  max mem: 3483
Active Test:  [   520/?]  eta: ?  loss: 0.0178 (0.3604)  accuracy: 1.0000 (0.8805)  balanced_accuracy: 0.9750 (0.8899)  pr_auc: 1.0000 (0.9424)  roc_auc: 1.0000 (0.9557)  time: 0.1855  data: 0.0003  max mem: 3483
Active Test:  [   530/?]  eta: ?  loss: 0.0178 (0.3665)  accuracy: 1.0000 (0.8798)  balanced_accuracy: 1.0000 (0.8906)  pr_auc: 1.0000 (0.9427)  roc_auc: 1.0000 (0.9559)  time: 0.1831  data: 0.0004  max mem: 3483
Active Test:  [   540/?]  eta: ?  loss: 0.0041 (0.3651)  accuracy: 1.0000 (0.8803)  balanced_accuracy: 1.0000 (0.8906)  pr_auc: 1.0000 (0.9427)  roc_auc: 1.0000 (0.9559)  time: 0.1821  data: 0.0003  max mem: 3483
Active Test: Total time: 0:01:54 (0.2081 s / it)
* loss 0.361

============================================================
Evaluating on passive tasks (204,188 samples)...
============================================================
Passive Test:  [     0/?]  eta: ?  loss: 2.1468 (2.1468)  accuracy: 0.6719 (0.6719)  time: 2.4355  data: 2.2068  max mem: 3483
Passive Test:  [    10/?]  eta: ?  loss: 1.0999 (0.9349)  accuracy: 0.6875 (0.7599)  balanced_accuracy: 0.5891 (0.6371)  pr_auc: 0.8275 (0.8820)  roc_auc: 0.6141 (0.7479)  time: 0.4281  data: 0.2010  max mem: 3483
Passive Test:  [    20/?]  eta: ?  loss: 0.5451 (1.0138)  accuracy: 0.6875 (0.7693)  balanced_accuracy: 0.6130 (0.6882)  pr_auc: 0.8275 (0.8869)  roc_auc: 0.6141 (0.7691)  time: 0.2065  data: 0.0004  max mem: 3483
Passive Test:  [    30/?]  eta: ?  loss: 0.5451 (0.9789)  accuracy: 0.6719 (0.7727)  balanced_accuracy: 0.6368 (0.7047)  pr_auc: 0.8275 (0.8870)  roc_auc: 0.6141 (0.7695)  time: 0.1858  data: 0.0004  max mem: 3483
Passive Test:  [    40/?]  eta: ?  loss: 0.5472 (0.9766)  accuracy: 0.6719 (0.7740)  balanced_accuracy: 0.6905 (0.7301)  pr_auc: 0.9518 (0.9008)  roc_auc: 0.9075 (0.7971)  time: 0.1871  data: 0.0004  max mem: 3483
Passive Test:  [    50/?]  eta: ?  loss: 0.6455 (0.9704)  accuracy: 0.6719 (0.7714)  balanced_accuracy: 0.8095 (0.7390)  pr_auc: 0.9659 (0.9051)  roc_auc: 0.9402 (0.7989)  time: 0.1885  data: 0.0004  max mem: 3483
Passive Test:  [    60/?]  eta: ?  loss: 0.6455 (0.9786)  accuracy: 0.6719 (0.7677)  balanced_accuracy: 0.7558 (0.7422)  pr_auc: 0.8891 (0.8674)  roc_auc: 0.7807 (0.7872)  time: 0.1899  data: 0.0004  max mem: 3483
Passive Test:  [    70/?]  eta: ?  loss: 0.6562 (0.9651)  accuracy: 0.6719 (0.7634)  balanced_accuracy: 0.7500 (0.7372)  pr_auc: 0.8810 (0.8561)  roc_auc: 0.6921 (0.7851)  time: 0.1911  data: 0.0004  max mem: 3483
Passive Test:  [    80/?]  eta: ?  loss: 0.6562 (0.9759)  accuracy: 0.6719 (0.7562)  balanced_accuracy: 0.7082 (0.7289)  pr_auc: 0.8810 (0.8392)  roc_auc: 0.6921 (0.7801)  time: 0.2055  data: 0.0004  max mem: 3483
Passive Test:  [    90/?]  eta: ?  loss: 0.4001 (0.9331)  accuracy: 0.7500 (0.7545)  balanced_accuracy: 0.6938 (0.7248)  pr_auc: 0.9361 (0.8491)  roc_auc: 0.9275 (0.7881)  time: 0.2113  data: 0.0004  max mem: 3483
Passive Test:  [   100/?]  eta: ?  loss: 0.4878 (0.9100)  accuracy: 0.7031 (0.7529)  balanced_accuracy: 0.7100 (0.7283)  pr_auc: 0.9464 (0.8488)  roc_auc: 0.9416 (0.8024)  time: 0.2082  data: 0.0004  max mem: 3483
Passive Test:  [   110/?]  eta: ?  loss: 0.5099 (0.8685)  accuracy: 0.7031 (0.7610)  balanced_accuracy: 0.7791 (0.7388)  pr_auc: 0.9464 (0.8559)  roc_auc: 0.9535 (0.8152)  time: 0.2013  data: 0.0004  max mem: 3483
Passive Test:  [   120/?]  eta: ?  loss: 0.2128 (0.8289)  accuracy: 0.8281 (0.7679)  balanced_accuracy: 0.8140 (0.7490)  pr_auc: 0.9770 (0.8649)  roc_auc: 0.9624 (0.8266)  time: 0.1876  data: 0.0004  max mem: 3483
Passive Test:  [   130/?]  eta: ?  loss: 0.2731 (0.8238)  accuracy: 0.7812 (0.7674)  balanced_accuracy: 0.8721 (0.7500)  pr_auc: 0.9931 (0.8659)  roc_auc: 0.9878 (0.8245)  time: 0.1869  data: 0.0004  max mem: 3483
Passive Test:  [   140/?]  eta: ?  loss: 0.6853 (0.8362)  accuracy: 0.7344 (0.7646)  balanced_accuracy: 0.9048 (0.7501)  pr_auc: 0.9984 (0.8629)  roc_auc: 0.9967 (0.8229)  time: 0.1885  data: 0.0004  max mem: 3483
Passive Test:  [   150/?]  eta: ?  loss: 1.0546 (0.8460)  accuracy: 0.6719 (0.7631)  balanced_accuracy: 0.9302 (0.7556)  pr_auc: 1.0000 (0.8689)  roc_auc: 1.0000 (0.8307)  time: 0.2021  data: 0.0004  max mem: 3483
Passive Test:  [   160/?]  eta: ?  loss: 1.0568 (0.8639)  accuracy: 0.6719 (0.7599)  balanced_accuracy: 0.9048 (0.7587)  pr_auc: 0.9954 (0.8730)  roc_auc: 0.9922 (0.8354)  time: 0.2002  data: 0.0004  max mem: 3483
Passive Test:  [   170/?]  eta: ?  loss: 0.9378 (0.8700)  accuracy: 0.6875 (0.7591)  balanced_accuracy: 0.8319 (0.7635)  pr_auc: 0.9954 (0.8775)  roc_auc: 0.9922 (0.8408)  time: 0.1860  data: 0.0004  max mem: 3483
Passive Test:  [   180/?]  eta: ?  loss: 0.9158 (0.8766)  accuracy: 0.6875 (0.7588)  balanced_accuracy: 0.8140 (0.7641)  pr_auc: 0.9954 (0.8762)  roc_auc: 0.9922 (0.8436)  time: 0.1854  data: 0.0004  max mem: 3483
Passive Test:  [   190/?]  eta: ?  loss: 0.6417 (0.8595)  accuracy: 0.7188 (0.7596)  balanced_accuracy: 0.8140 (0.7625)  pr_auc: 0.9644 (0.8709)  roc_auc: 0.9545 (0.8439)  time: 0.1859  data: 0.0004  max mem: 3483
Passive Test:  [   200/?]  eta: ?  loss: 0.3818 (0.8533)  accuracy: 0.7656 (0.7630)  balanced_accuracy: 0.8258 (0.7657)  pr_auc: 0.9552 (0.8671)  roc_auc: 0.9545 (0.8421)  time: 0.1874  data: 0.0004  max mem: 3483
Passive Test:  [   210/?]  eta: ?  loss: 0.4362 (0.8489)  accuracy: 0.7344 (0.7636)  balanced_accuracy: 0.7641 (0.7657)  pr_auc: 0.8522 (0.8618)  roc_auc: 0.8961 (0.8429)  time: 0.1884  data: 0.0004  max mem: 3483
Passive Test:  [   220/?]  eta: ?  loss: 0.6960 (0.8438)  accuracy: 0.7188 (0.7667)  balanced_accuracy: 0.8704 (0.7697)  pr_auc: 0.9791 (0.8654)  roc_auc: 0.9911 (0.8485)  time: 0.2028  data: 0.0004  max mem: 3483
Passive Test:  [   230/?]  eta: ?  loss: 0.2332 (0.8361)  accuracy: 0.7812 (0.7700)  balanced_accuracy: 0.8571 (0.7735)  pr_auc: 0.9978 (0.8694)  roc_auc: 0.9989 (0.8544)  time: 0.2036  data: 0.0004  max mem: 3483
Passive Test:  [   240/?]  eta: ?  loss: 0.3278 (0.8296)  accuracy: 0.7812 (0.7702)  balanced_accuracy: 0.8214 (0.7714)  pr_auc: 1.0000 (0.8652)  roc_auc: 1.0000 (0.8523)  time: 0.1899  data: 0.0004  max mem: 3483
Passive Test:  [   250/?]  eta: ?  loss: 0.3278 (0.8219)  accuracy: 0.7656 (0.7720)  balanced_accuracy: 0.7436 (0.7678)  pr_auc: 0.9007 (0.8592)  roc_auc: 0.9457 (0.8480)  time: 0.2032  data: 0.0004  max mem: 3483
Passive Test:  [   260/?]  eta: ?  loss: 0.2845 (0.8128)  accuracy: 0.7969 (0.7730)  balanced_accuracy: 0.7658 (0.7659)  pr_auc: 0.9598 (0.8574)  roc_auc: 0.9573 (0.8489)  time: 0.2030  data: 0.0004  max mem: 3483
Passive Test:  [   270/?]  eta: ?  loss: 0.3557 (0.8053)  accuracy: 0.7812 (0.7736)  balanced_accuracy: 0.7658 (0.7654)  pr_auc: 0.8833 (0.8564)  roc_auc: 0.8981 (0.8503)  time: 0.1885  data: 0.0004  max mem: 3483
Passive Test:  [   280/?]  eta: ?  loss: 0.3557 (0.7917)  accuracy: 0.7969 (0.7757)  balanced_accuracy: 0.8333 (0.7673)  pr_auc: 0.9958 (0.8598)  roc_auc: 0.9911 (0.8549)  time: 0.1900  data: 0.0004  max mem: 3483
Passive Test:  [   290/?]  eta: ?  loss: 0.4482 (0.7928)  accuracy: 0.7812 (0.7745)  balanced_accuracy: 0.7143 (0.7623)  pr_auc: 0.9695 (0.8571)  roc_auc: 0.9358 (0.8531)  time: 0.2065  data: 0.0004  max mem: 3483
Passive Test:  [   300/?]  eta: ?  loss: 0.2714 (0.7774)  accuracy: 0.7812 (0.7768)  balanced_accuracy: 0.6966 (0.7620)  pr_auc: 0.9531 (0.8587)  roc_auc: 0.8904 (0.8527)  time: 0.2044  data: 0.0004  max mem: 3483
Passive Test:  [   310/?]  eta: ?  loss: 0.1245 (0.7607)  accuracy: 0.9531 (0.7809)  balanced_accuracy: 0.7076 (0.7637)  pr_auc: 0.9531 (0.8605)  roc_auc: 0.8904 (0.8532)  time: 0.1861  data: 0.0004  max mem: 3483
Passive Test:  [   320/?]  eta: ?  loss: 0.0680 (0.7510)  accuracy: 0.9531 (0.7831)  balanced_accuracy: 0.7076 (0.7636)  pr_auc: 0.9202 (0.8617)  roc_auc: 0.8494 (0.8521)  time: 0.1852  data: 0.0004  max mem: 3483
Passive Test:  [   330/?]  eta: ?  loss: 0.2678 (0.7460)  accuracy: 0.8594 (0.7846)  balanced_accuracy: 0.7619 (0.7642)  pr_auc: 0.9538 (0.8636)  roc_auc: 0.9719 (0.8522)  time: 0.1873  data: 0.0004  max mem: 3483
Passive Test:  [   340/?]  eta: ?  loss: 0.2894 (0.7404)  accuracy: 0.8438 (0.7845)  balanced_accuracy: 0.7619 (0.7630)  pr_auc: 0.9071 (0.8642)  roc_auc: 0.9468 (0.8508)  time: 0.1882  data: 0.0004  max mem: 3483
Passive Test:  [   350/?]  eta: ?  loss: 0.2894 (0.7291)  accuracy: 0.8438 (0.7869)  balanced_accuracy: 0.7619 (0.7649)  pr_auc: 0.8969 (0.8647)  roc_auc: 0.9468 (0.8525)  time: 0.1883  data: 0.0004  max mem: 3483
Passive Test:  [   360/?]  eta: ?  loss: 0.2149 (0.7149)  accuracy: 0.8750 (0.7900)  balanced_accuracy: 0.7619 (0.7658)  pr_auc: 0.8824 (0.8654)  roc_auc: 0.9134 (0.8538)  time: 0.2030  data: 0.0004  max mem: 3483
Passive Test:  [   370/?]  eta: ?  loss: 0.2437 (0.7035)  accuracy: 0.8750 (0.7918)  balanced_accuracy: 0.8104 (0.7671)  pr_auc: 0.8824 (0.8668)  roc_auc: 0.9274 (0.8557)  time: 0.2004  data: 0.0004  max mem: 3483
Passive Test:  [   380/?]  eta: ?  loss: 0.2620 (0.6914)  accuracy: 0.8594 (0.7947)  balanced_accuracy: 0.8104 (0.7676)  pr_auc: 0.9662 (0.8676)  roc_auc: 0.9340 (0.8564)  time: 0.1832  data: 0.0004  max mem: 3483
Passive Test:  [   390/?]  eta: ?  loss: 0.2620 (0.6817)  accuracy: 0.8750 (0.7966)  balanced_accuracy: 0.8228 (0.7682)  pr_auc: 0.9662 (0.8683)  roc_auc: 0.9340 (0.8573)  time: 0.1836  data: 0.0003  max mem: 3483
Passive Test:  [   400/?]  eta: ?  loss: 0.2715 (0.6732)  accuracy: 0.8750 (0.7983)  balanced_accuracy: 0.8228 (0.7685)  pr_auc: 0.9662 (0.8685)  roc_auc: 0.9351 (0.8578)  time: 0.1902  data: 0.0003  max mem: 3483
Passive Test:  [   410/?]  eta: ?  loss: 0.3300 (0.6703)  accuracy: 0.7969 (0.7984)  balanced_accuracy: 0.8186 (0.7687)  pr_auc: 0.9477 (0.8682)  roc_auc: 0.9340 (0.8580)  time: 0.1938  data: 0.0003  max mem: 3483
Passive Test:  [   420/?]  eta: ?  loss: 0.4159 (0.6658)  accuracy: 0.7812 (0.7990)  balanced_accuracy: 0.8256 (0.7699)  pr_auc: 0.9698 (0.8692)  roc_auc: 0.9712 (0.8590)  time: 0.1868  data: 0.0003  max mem: 3483
Passive Test:  [   430/?]  eta: ?  loss: 0.5000 (0.6632)  accuracy: 0.7812 (0.7983)  balanced_accuracy: 0.8228 (0.7710)  pr_auc: 0.9869 (0.8707)  roc_auc: 0.9712 (0.8606)  time: 0.1826  data: 0.0004  max mem: 3483
Passive Test:  [   440/?]  eta: ?  loss: 0.5030 (0.6563)  accuracy: 0.7188 (0.7986)  balanced_accuracy: 0.8256 (0.7725)  pr_auc: 0.9940 (0.8716)  roc_auc: 0.9881 (0.8616)  time: 0.1975  data: 0.0004  max mem: 3483
Passive Test:  [   450/?]  eta: ?  loss: 0.1167 (0.6481)  accuracy: 0.9062 (0.8004)  balanced_accuracy: 0.8448 (0.7723)  pr_auc: 0.9970 (0.8725)  roc_auc: 0.9881 (0.8623)  time: 0.1968  data: 0.0004  max mem: 3483
Passive Test:  [   460/?]  eta: ?  loss: 0.1086 (0.6387)  accuracy: 0.9375 (0.8020)  balanced_accuracy: 0.8186 (0.7720)  pr_auc: 0.9970 (0.8736)  roc_auc: 0.9762 (0.8636)  time: 0.1827  data: 0.0004  max mem: 3483
Passive Test:  [   470/?]  eta: ?  loss: 0.1041 (0.6277)  accuracy: 0.9531 (0.8049)  balanced_accuracy: 0.8186 (0.7726)  pr_auc: 0.9978 (0.8743)  roc_auc: 0.9934 (0.8644)  time: 0.1829  data: 0.0004  max mem: 3483
Passive Test:  [   480/?]  eta: ?  loss: 0.0304 (0.6167)  accuracy: 0.9688 (0.8080)  balanced_accuracy: 0.8448 (0.7747)  pr_auc: 0.9990 (0.8757)  roc_auc: 0.9989 (0.8658)  time: 0.1827  data: 0.0004  max mem: 3483
Passive Test:  [   490/?]  eta: ?  loss: 0.0226 (0.6058)  accuracy: 0.9844 (0.8111)  balanced_accuracy: 0.9524 (0.7769)  pr_auc: 0.9990 (0.8773)  roc_auc: 0.9989 (0.8676)  time: 0.1837  data: 0.0004  max mem: 3483
Passive Test:  [   500/?]  eta: ?  loss: 0.0110 (0.5938)  accuracy: 1.0000 (0.8149)  balanced_accuracy: 0.9646 (0.7814)  pr_auc: 0.9995 (0.8798)  roc_auc: 0.9994 (0.8703)  time: 0.1857  data: 0.0004  max mem: 3483
Passive Test:  [   510/?]  eta: ?  loss: 0.0058 (0.5846)  accuracy: 1.0000 (0.8169)  balanced_accuracy: 1.0000 (0.7820)  pr_auc: 1.0000 (0.8826)  roc_auc: 1.0000 (0.8732)  time: 0.2024  data: 0.0004  max mem: 3483
Passive Test:  [   520/?]  eta: ?  loss: 0.0061 (0.5747)  accuracy: 1.0000 (0.8198)  balanced_accuracy: 1.0000 (0.7875)  pr_auc: 1.0000 (0.8862)  roc_auc: 1.0000 (0.8772)  time: 0.2053  data: 0.0004  max mem: 3483
Passive Test:  [   530/?]  eta: ?  loss: 0.0263 (0.5660)  accuracy: 1.0000 (0.8223)  balanced_accuracy: 1.0000 (0.7930)  pr_auc: 1.0000 (0.8895)  roc_auc: 1.0000 (0.8808)  time: 0.1923  data: 0.0004  max mem: 3483
Passive Test:  [   540/?]  eta: ?  loss: 0.0395 (0.5570)  accuracy: 1.0000 (0.8250)  balanced_accuracy: 1.0000 (0.7983)  pr_auc: 1.0000 (0.8927)  roc_auc: 1.0000 (0.8843)  time: 0.1919  data: 0.0004  max mem: 3483
Passive Test:  [   550/?]  eta: ?  loss: 0.0452 (0.5503)  accuracy: 0.9844 (0.8265)  balanced_accuracy: 0.9884 (0.8013)  pr_auc: 1.0000 (0.8952)  roc_auc: 1.0000 (0.8870)  time: 0.1902  data: 0.0004  max mem: 3483
Passive Test:  [   560/?]  eta: ?  loss: 0.0784 (0.5431)  accuracy: 0.9688 (0.8284)  balanced_accuracy: 0.9884 (0.8041)  pr_auc: 1.0000 (0.8973)  roc_auc: 1.0000 (0.8893)  time: 0.1963  data: 0.0004  max mem: 3483
Passive Test:  [   570/?]  eta: ?  loss: 0.0431 (0.5370)  accuracy: 0.9688 (0.8297)  balanced_accuracy: 0.9800 (0.8056)  pr_auc: 1.0000 (0.8986)  roc_auc: 1.0000 (0.8908)  time: 0.1961  data: 0.0004  max mem: 3483
Passive Test:  [   580/?]  eta: ?  loss: 0.1026 (0.5305)  accuracy: 0.9375 (0.8314)  balanced_accuracy: 1.0000 (0.8068)  pr_auc: 1.0000 (0.8994)  roc_auc: 1.0000 (0.8918)  time: 0.2018  data: 0.0004  max mem: 3483
Passive Test:  [   590/?]  eta: ?  loss: 0.0959 (0.5255)  accuracy: 0.9688 (0.8325)  balanced_accuracy: 0.8837 (0.8067)  pr_auc: 1.0000 (0.8999)  roc_auc: 1.0000 (0.8925)  time: 0.1999  data: 0.0004  max mem: 3483
Passive Test:  [   600/?]  eta: ?  loss: 0.1100 (0.5191)  accuracy: 0.9375 (0.8341)  balanced_accuracy: 0.8837 (0.8080)  pr_auc: 1.0000 (0.9012)  roc_auc: 1.0000 (0.8940)  time: 0.1850  data: 0.0004  max mem: 3483
Passive Test:  [   610/?]  eta: ?  loss: 0.1111 (0.5137)  accuracy: 0.9375 (0.8356)  balanced_accuracy: 0.8837 (0.8094)  pr_auc: 0.9941 (0.9025)  roc_auc: 0.9981 (0.8954)  time: 0.1855  data: 0.0004  max mem: 3483
Passive Test:  [   620/?]  eta: ?  loss: 0.2116 (0.5106)  accuracy: 0.9219 (0.8360)  balanced_accuracy: 0.9167 (0.8110)  pr_auc: 0.9978 (0.9033)  roc_auc: 0.9989 (0.8962)  time: 0.1843  data: 0.0004  max mem: 3483
Passive Test:  [   630/?]  eta: ?  loss: 0.2794 (0.5072)  accuracy: 0.8281 (0.8362)  balanced_accuracy: 0.9169 (0.8125)  pr_auc: 1.0000 (0.9043)  roc_auc: 1.0000 (0.8973)  time: 0.1840  data: 0.0004  max mem: 3483
Passive Test:  [   640/?]  eta: ?  loss: 0.1981 (0.5029)  accuracy: 0.8906 (0.8373)  balanced_accuracy: 0.9524 (0.8145)  pr_auc: 1.0000 (0.9057)  roc_auc: 1.0000 (0.8988)  time: 0.1855  data: 0.0004  max mem: 3483
Passive Test:  [   650/?]  eta: ?  loss: 0.1093 (0.4971)  accuracy: 0.9375 (0.8387)  balanced_accuracy: 0.9762 (0.8171)  pr_auc: 1.0000 (0.9074)  roc_auc: 1.0000 (0.9007)  time: 0.2025  data: 0.0004  max mem: 3483
Passive Test:  [   660/?]  eta: ?  loss: 0.0486 (0.4924)  accuracy: 0.9844 (0.8404)  balanced_accuracy: 0.9767 (0.8199)  pr_auc: 1.0000 (0.9090)  roc_auc: 1.0000 (0.9025)  time: 0.2033  data: 0.0004  max mem: 3483
Passive Test:  [   670/?]  eta: ?  loss: 0.1310 (0.4924)  accuracy: 0.9375 (0.8402)  balanced_accuracy: 0.9524 (0.8203)  pr_auc: 1.0000 (0.9106)  roc_auc: 1.0000 (0.9042)  time: 0.1878  data: 0.0004  max mem: 3483
Passive Test:  [   680/?]  eta: ?  loss: 0.2419 (0.4971)  accuracy: 0.8750 (0.8400)  balanced_accuracy: 0.9524 (0.8212)  pr_auc: 1.0000 (0.9115)  roc_auc: 1.0000 (0.9051)  time: 0.1862  data: 0.0004  max mem: 3483
Passive Test:  [   690/?]  eta: ?  loss: 0.1929 (0.4977)  accuracy: 0.8750 (0.8405)  balanced_accuracy: 0.9070 (0.8228)  pr_auc: 1.0000 (0.9127)  roc_auc: 1.0000 (0.9065)  time: 0.1855  data: 0.0004  max mem: 3483
Passive Test:  [   700/?]  eta: ?  loss: 0.1340 (0.5011)  accuracy: 0.9062 (0.8409)  balanced_accuracy: 0.9302 (0.8252)  pr_auc: 1.0000 (0.9141)  roc_auc: 1.0000 (0.9079)  time: 0.1868  data: 0.0004  max mem: 3483
Passive Test:  [   710/?]  eta: ?  loss: 0.1313 (0.5005)  accuracy: 0.9062 (0.8416)  balanced_accuracy: 0.9767 (0.8276)  pr_auc: 1.0000 (0.9154)  roc_auc: 1.0000 (0.9095)  time: 0.1878  data: 0.0004  max mem: 3483
Passive Test:  [   720/?]  eta: ?  loss: 0.3269 (0.5014)  accuracy: 0.8281 (0.8411)  balanced_accuracy: 0.9884 (0.8284)  pr_auc: 1.0000 (0.9168)  roc_auc: 1.0000 (0.9110)  time: 0.2134  data: 0.0004  max mem: 3483
Passive Test:  [   730/?]  eta: ?  loss: 0.5653 (0.5005)  accuracy: 0.7344 (0.8405)  balanced_accuracy: 0.8194 (0.8280)  pr_auc: 1.0000 (0.9183)  roc_auc: 1.0000 (0.9126)  time: 0.2143  data: 0.0004  max mem: 3483
Passive Test:  [   740/?]  eta: ?  loss: 0.1956 (0.4988)  accuracy: 0.8750 (0.8409)  balanced_accuracy: 0.7791 (0.8284)  pr_auc: 1.0000 (0.9180)  roc_auc: 1.0000 (0.9131)  time: 0.1888  data: 0.0004  max mem: 3483
Passive Test:  [   750/?]  eta: ?  loss: 0.1121 (0.4974)  accuracy: 0.9531 (0.8416)  balanced_accuracy: 0.9175 (0.8290)  pr_auc: 0.9880 (0.9179)  roc_auc: 0.9945 (0.9143)  time: 0.1894  data: 0.0004  max mem: 3483
Passive Test:  [   760/?]  eta: ?  loss: 0.1768 (0.4982)  accuracy: 0.8906 (0.8417)  balanced_accuracy: 0.8372 (0.8294)  pr_auc: 0.9936 (0.9189)  roc_auc: 0.9972 (0.9156)  time: 0.1910  data: 0.0004  max mem: 3483
Passive Test:  [   770/?]  eta: ?  loss: 0.3127 (0.4957)  accuracy: 0.8594 (0.8421)  balanced_accuracy: 0.8953 (0.8309)  pr_auc: 0.9978 (0.9200)  roc_auc: 0.9989 (0.9171)  time: 0.1911  data: 0.0004  max mem: 3483
Passive Test:  [   780/?]  eta: ?  loss: 0.1745 (0.4932)  accuracy: 0.9219 (0.8426)  balanced_accuracy: 0.9048 (0.8319)  pr_auc: 0.9956 (0.9209)  roc_auc: 0.9978 (0.9183)  time: 0.1907  data: 0.0004  max mem: 3483
Passive Test:  [   790/?]  eta: ?  loss: 0.2317 (0.4932)  accuracy: 0.9062 (0.8426)  balanced_accuracy: 0.8837 (0.8313)  pr_auc: 0.9841 (0.9207)  roc_auc: 0.9935 (0.9186)  time: 0.2043  data: 0.0004  max mem: 3483
Passive Test:  [   800/?]  eta: ?  loss: 0.2844 (0.4940)  accuracy: 0.8906 (0.8427)  balanced_accuracy: 0.7907 (0.8305)  pr_auc: 0.9597 (0.9190)  roc_auc: 0.9740 (0.9181)  time: 0.2038  data: 0.0004  max mem: 3483
Passive Test:  [   810/?]  eta: ?  loss: 0.1428 (0.4931)  accuracy: 0.7812 (0.8428)  balanced_accuracy: 0.7558 (0.8301)  pr_auc: 0.8930 (0.9185)  roc_auc: 0.9424 (0.9183)  time: 0.1886  data: 0.0004  max mem: 3483
Passive Test:  [   820/?]  eta: ?  loss: 0.5012 (0.4931)  accuracy: 0.7500 (0.8418)  balanced_accuracy: 0.7442 (0.8287)  pr_auc: 0.8443 (0.9176)  roc_auc: 0.9025 (0.9180)  time: 0.1889  data: 0.0004  max mem: 3483
Passive Test:  [   830/?]  eta: ?  loss: 0.3995 (0.4908)  accuracy: 0.7500 (0.8420)  balanced_accuracy: 0.7558 (0.8285)  pr_auc: 0.9471 (0.9170)  roc_auc: 0.9605 (0.9173)  time: 0.1892  data: 0.0004  max mem: 3483
Passive Test:  [   840/?]  eta: ?  loss: 0.0463 (0.4898)  accuracy: 0.8438 (0.8411)  balanced_accuracy: 0.7442 (0.8277)  pr_auc: 0.9555 (0.9153)  roc_auc: 0.9795 (0.9160)  time: 0.1869  data: 0.0004  max mem: 3483
Passive Test:  [   850/?]  eta: ?  loss: 0.4531 (0.4924)  accuracy: 0.7188 (0.8406)  balanced_accuracy: 0.7738 (0.8274)  pr_auc: 0.9312 (0.9141)  roc_auc: 0.9605 (0.9156)  time: 0.1840  data: 0.0004  max mem: 3483
Passive Test:  [   860/?]  eta: ?  loss: 0.3202 (0.4916)  accuracy: 0.7656 (0.8409)  balanced_accuracy: 0.7917 (0.8274)  pr_auc: 0.9312 (0.9141)  roc_auc: 0.9605 (0.9158)  time: 0.1829  data: 0.0004  max mem: 3483
Passive Test:  [   870/?]  eta: ?  loss: 0.1967 (0.4907)  accuracy: 0.8125 (0.8407)  balanced_accuracy: 0.7917 (0.8272)  pr_auc: 0.9848 (0.9146)  roc_auc: 0.9911 (0.9163)  time: 0.2162  data: 0.0004  max mem: 3483
Passive Test:  [   880/?]  eta: ?  loss: 0.4052 (0.4894)  accuracy: 0.8125 (0.8406)  balanced_accuracy: 0.7917 (0.8270)  pr_auc: 0.9848 (0.9146)  roc_auc: 0.9911 (0.9163)  time: 0.2188  data: 0.0003  max mem: 3483
Passive Test:  [   890/?]  eta: ?  loss: 0.4380 (0.4956)  accuracy: 0.7812 (0.8397)  balanced_accuracy: 0.7674 (0.8266)  pr_auc: 0.8457 (0.9128)  roc_auc: 0.9308 (0.9158)  time: 0.1856  data: 0.0004  max mem: 3483
Passive Test:  [   900/?]  eta: ?  loss: 0.5444 (0.5022)  accuracy: 0.7031 (0.8387)  balanced_accuracy: 0.7558 (0.8262)  pr_auc: 0.6859 (0.9100)  roc_auc: 0.8693 (0.9145)  time: 0.1833  data: 0.0004  max mem: 3483
Passive Test:  [   910/?]  eta: ?  loss: 0.4029 (0.5082)  accuracy: 0.6719 (0.8382)  balanced_accuracy: 0.7500 (0.8253)  pr_auc: 0.5705 (0.9050)  roc_auc: 0.7976 (0.9119)  time: 0.1845  data: 0.0004  max mem: 3483
Passive Test:  [   920/?]  eta: ?  loss: 0.1695 (0.5096)  accuracy: 0.8906 (0.8384)  balanced_accuracy: 0.7558 (0.8261)  pr_auc: 0.6038 (0.9056)  roc_auc: 0.8450 (0.9125)  time: 0.1849  data: 0.0004  max mem: 3483
Passive Test:  [   930/?]  eta: ?  loss: 0.0956 (0.5123)  accuracy: 0.9531 (0.8387)  balanced_accuracy: 0.7807 (0.8275)  pr_auc: 0.6038 (0.9051)  roc_auc: 0.8852 (0.9133)  time: 0.1858  data: 0.0004  max mem: 3483
Passive Test:  [   940/?]  eta: ?  loss: 0.0648 (0.5081)  accuracy: 0.9688 (0.8400)  balanced_accuracy: 0.9524 (0.8290)  pr_auc: 0.9956 (0.9057)  roc_auc: 0.9978 (0.9142)  time: 0.2021  data: 0.0004  max mem: 3483
Passive Test:  [   950/?]  eta: ?  loss: 0.0704 (0.5059)  accuracy: 0.9531 (0.8406)  balanced_accuracy: 0.9529 (0.8297)  pr_auc: 1.0000 (0.9049)  roc_auc: 1.0000 (0.9141)  time: 0.2034  data: 0.0004  max mem: 3483
Passive Test:  [   960/?]  eta: ?  loss: 0.1720 (0.5043)  accuracy: 0.8906 (0.8406)  balanced_accuracy: 0.8409 (0.8299)  pr_auc: 0.9892 (0.9037)  roc_auc: 0.9779 (0.9140)  time: 0.1908  data: 0.0004  max mem: 3483
Passive Test:  [   970/?]  eta: ?  loss: 0.1912 (0.5028)  accuracy: 0.8438 (0.8405)  balanced_accuracy: 0.8095 (0.8299)  pr_auc: 0.9891 (0.9030)  roc_auc: 0.9756 (0.9135)  time: 0.1916  data: 0.0004  max mem: 3483
Passive Test:  [   980/?]  eta: ?  loss: 0.1912 (0.4999)  accuracy: 0.8906 (0.8412)  balanced_accuracy: 0.8409 (0.8305)  pr_auc: 0.9891 (0.9040)  roc_auc: 0.9756 (0.9140)  time: 0.1911  data: 0.0004  max mem: 3483
Passive Test:  [   990/?]  eta: ?  loss: 0.1520 (0.4978)  accuracy: 0.9375 (0.8418)  balanced_accuracy: 0.9169 (0.8312)  pr_auc: 0.9785 (0.9046)  roc_auc: 0.9751 (0.9142)  time: 0.1920  data: 0.0004  max mem: 3483
Passive Test:  [  1000/?]  eta: ?  loss: 0.2724 (0.4966)  accuracy: 0.8594 (0.8417)  balanced_accuracy: 0.8721 (0.8315)  pr_auc: 0.9785 (0.9053)  roc_auc: 0.9751 (0.9147)  time: 0.1921  data: 0.0004  max mem: 3483
Passive Test:  [  1010/?]  eta: ?  loss: 0.3187 (0.4947)  accuracy: 0.8281 (0.8419)  balanced_accuracy: 0.8605 (0.8322)  pr_auc: 0.9861 (0.9064)  roc_auc: 0.9867 (0.9156)  time: 0.2077  data: 0.0004  max mem: 3483
Passive Test:  [  1020/?]  eta: ?  loss: 0.2846 (0.4937)  accuracy: 0.8750 (0.8422)  balanced_accuracy: 0.8745 (0.8330)  pr_auc: 0.9781 (0.9070)  roc_auc: 0.9812 (0.9163)  time: 0.2080  data: 0.0004  max mem: 3483
Passive Test:  [  1030/?]  eta: ?  loss: 0.2891 (0.4934)  accuracy: 0.8750 (0.8423)  balanced_accuracy: 0.8607 (0.8330)  pr_auc: 0.9636 (0.9071)  roc_auc: 0.9654 (0.9163)  time: 0.2074  data: 0.0004  max mem: 3483
Passive Test:  [  1040/?]  eta: ?  loss: 0.3145 (0.4925)  accuracy: 0.8281 (0.8424)  balanced_accuracy: 0.7874 (0.8326)  pr_auc: 0.9370 (0.9070)  roc_auc: 0.8981 (0.9164)  time: 0.2063  data: 0.0004  max mem: 3483
Passive Test:  [  1050/?]  eta: ?  loss: 0.2419 (0.4909)  accuracy: 0.8438 (0.8426)  balanced_accuracy: 0.7907 (0.8325)  pr_auc: 0.9176 (0.9071)  roc_auc: 0.9424 (0.9164)  time: 0.1890  data: 0.0004  max mem: 3483
Passive Test:  [  1060/?]  eta: ?  loss: 0.4757 (0.4929)  accuracy: 0.7969 (0.8415)  balanced_accuracy: 0.7348 (0.8312)  pr_auc: 0.8927 (0.9052)  roc_auc: 0.8699 (0.9148)  time: 0.1892  data: 0.0004  max mem: 3483
Passive Test:  [  1070/?]  eta: ?  loss: 0.4991 (0.4974)  accuracy: 0.7344 (0.8406)  balanced_accuracy: 0.7348 (0.8306)  pr_auc: 0.8875 (0.9025)  roc_auc: 0.8166 (0.9132)  time: 0.1891  data: 0.0004  max mem: 3483
Passive Test:  [  1080/?]  eta: ?  loss: 0.3476 (0.4995)  accuracy: 0.7812 (0.8403)  balanced_accuracy: 0.7381 (0.8305)  pr_auc: 0.6459 (0.9013)  roc_auc: 0.7940 (0.9129)  time: 0.2036  data: 0.0004  max mem: 3483
Passive Test:  [  1090/?]  eta: ?  loss: 0.2067 (0.4989)  accuracy: 0.8750 (0.8406)  balanced_accuracy: 0.8361 (0.8309)  pr_auc: 0.9170 (0.9002)  roc_auc: 0.9513 (0.9125)  time: 0.2039  data: 0.0004  max mem: 3483
Passive Test:  [  1100/?]  eta: ?  loss: 0.1366 (0.4985)  accuracy: 0.9219 (0.8407)  balanced_accuracy: 0.8710 (0.8312)  pr_auc: 0.9314 (0.9004)  roc_auc: 0.9659 (0.9129)  time: 0.1888  data: 0.0004  max mem: 3483
Passive Test:  [  1110/?]  eta: ?  loss: 0.1366 (0.5002)  accuracy: 0.9062 (0.8407)  balanced_accuracy: 0.8372 (0.8311)  pr_auc: 0.9842 (0.8998)  roc_auc: 0.9690 (0.9133)  time: 0.1890  data: 0.0004  max mem: 3483
Passive Test:  [  1120/?]  eta: ?  loss: 0.2687 (0.5032)  accuracy: 0.8750 (0.8405)  balanced_accuracy: 0.7768 (0.8312)  pr_auc: 0.9842 (0.8996)  roc_auc: 0.9697 (0.9136)  time: 0.1904  data: 0.0004  max mem: 3483
Passive Test:  [  1130/?]  eta: ?  loss: 0.2624 (0.5039)  accuracy: 0.8750 (0.8409)  balanced_accuracy: 0.8095 (0.8318)  pr_auc: 0.9832 (0.8993)  roc_auc: 0.9889 (0.9137)  time: 0.1919  data: 0.0004  max mem: 3483
Passive Test:  [  1140/?]  eta: ?  loss: 0.1369 (0.5060)  accuracy: 0.8750 (0.8409)  balanced_accuracy: 0.8217 (0.8322)  pr_auc: 0.9857 (0.8986)  roc_auc: 0.9892 (0.9137)  time: 0.1921  data: 0.0004  max mem: 3483
Passive Test:  [  1150/?]  eta: ?  loss: 0.1377 (0.5063)  accuracy: 0.9062 (0.8412)  balanced_accuracy: 0.9302 (0.8331)  pr_auc: 0.9857 (0.8985)  roc_auc: 0.9926 (0.9140)  time: 0.2067  data: 0.0004  max mem: 3483
Passive Test:  [  1160/?]  eta: ?  loss: 0.2211 (0.5047)  accuracy: 0.8906 (0.8415)  balanced_accuracy: 0.9059 (0.8340)  pr_auc: 1.0000 (0.8992)  roc_auc: 1.0000 (0.9149)  time: 0.2065  data: 0.0004  max mem: 3483
Passive Test:  [  1170/?]  eta: ?  loss: 0.2251 (0.5019)  accuracy: 0.9062 (0.8421)  balanced_accuracy: 0.9186 (0.8353)  pr_auc: 1.0000 (0.9004)  roc_auc: 1.0000 (0.9160)  time: 0.1922  data: 0.0004  max mem: 3483
Passive Test:  [  1180/?]  eta: ?  loss: 0.1024 (0.4984)  accuracy: 0.9531 (0.8431)  balanced_accuracy: 0.9651 (0.8370)  pr_auc: 1.0000 (0.9017)  roc_auc: 1.0000 (0.9170)  time: 0.2047  data: 0.0004  max mem: 3483
Passive Test:  [  1190/?]  eta: ?  loss: 0.1024 (0.4961)  accuracy: 0.9531 (0.8434)  balanced_accuracy: 0.9651 (0.8376)  pr_auc: 1.0000 (0.9027)  roc_auc: 1.0000 (0.9179)  time: 0.2043  data: 0.0004  max mem: 3483
Passive Test:  [  1200/?]  eta: ?  loss: 0.1696 (0.4941)  accuracy: 0.9062 (0.8438)  balanced_accuracy: 0.9302 (0.8385)  pr_auc: 0.9916 (0.9036)  roc_auc: 0.9934 (0.9185)  time: 0.1913  data: 0.0004  max mem: 3483
Passive Test:  [  1210/?]  eta: ?  loss: 0.0815 (0.4913)  accuracy: 0.9375 (0.8445)  balanced_accuracy: 0.9545 (0.8397)  pr_auc: 1.0000 (0.9044)  roc_auc: 1.0000 (0.9192)  time: 0.1897  data: 0.0004  max mem: 3483
Passive Test:  [  1220/?]  eta: ?  loss: 0.0447 (0.4879)  accuracy: 0.9844 (0.8456)  balanced_accuracy: 0.9881 (0.8411)  pr_auc: 1.0000 (0.9054)  roc_auc: 1.0000 (0.9200)  time: 0.1889  data: 0.0004  max mem: 3483
Passive Test:  [  1230/?]  eta: ?  loss: 0.0425 (0.4847)  accuracy: 0.9844 (0.8466)  balanced_accuracy: 0.9884 (0.8424)  pr_auc: 1.0000 (0.9062)  roc_auc: 1.0000 (0.9207)  time: 0.2050  data: 0.0004  max mem: 3483
Passive Test:  [  1240/?]  eta: ?  loss: 0.0672 (0.4821)  accuracy: 0.9688 (0.8473)  balanced_accuracy: 0.9884 (0.8436)  pr_auc: 1.0000 (0.9070)  roc_auc: 1.0000 (0.9214)  time: 0.2053  data: 0.0004  max mem: 3483
Passive Test:  [  1250/?]  eta: ?  loss: 0.1205 (0.4806)  accuracy: 0.9531 (0.8475)  balanced_accuracy: 0.9643 (0.8444)  pr_auc: 1.0000 (0.9080)  roc_auc: 1.0000 (0.9223)  time: 0.1902  data: 0.0004  max mem: 3483
Passive Test:  [  1260/?]  eta: ?  loss: 0.2778 (0.4791)  accuracy: 0.8281 (0.8473)  balanced_accuracy: 0.8721 (0.8447)  pr_auc: 1.0000 (0.9090)  roc_auc: 1.0000 (0.9231)  time: 0.1910  data: 0.0004  max mem: 3483
Passive Test:  [  1270/?]  eta: ?  loss: 0.2795 (0.4775)  accuracy: 0.8281 (0.8476)  balanced_accuracy: 0.8721 (0.8455)  pr_auc: 1.0000 (0.9101)  roc_auc: 1.0000 (0.9240)  time: 0.1918  data: 0.0004  max mem: 3483
Passive Test:  [  1280/?]  eta: ?  loss: 0.1821 (0.4755)  accuracy: 0.8594 (0.8479)  balanced_accuracy: 0.8953 (0.8463)  pr_auc: 1.0000 (0.9111)  roc_auc: 1.0000 (0.9249)  time: 0.1916  data: 0.0004  max mem: 3483
Passive Test:  [  1290/?]  eta: ?  loss: 0.0969 (0.4727)  accuracy: 0.9531 (0.8488)  balanced_accuracy: 0.9529 (0.8471)  pr_auc: 1.0000 (0.9117)  roc_auc: 1.0000 (0.9254)  time: 0.1889  data: 0.0004  max mem: 3483
Passive Test:  [  1300/?]  eta: ?  loss: 0.0842 (0.4700)  accuracy: 0.9688 (0.8495)  balanced_accuracy: 0.9529 (0.8477)  pr_auc: 1.0000 (0.9122)  roc_auc: 1.0000 (0.9258)  time: 0.2005  data: 0.0004  max mem: 3483
Passive Test:  [  1310/?]  eta: ?  loss: 0.0152 (0.4674)  accuracy: 0.9688 (0.8502)  balanced_accuracy: 0.9767 (0.8484)  pr_auc: 1.0000 (0.9127)  roc_auc: 1.0000 (0.9262)  time: 0.2006  data: 0.0004  max mem: 3483
Passive Test:  [  1320/?]  eta: ?  loss: 0.0075 (0.4644)  accuracy: 1.0000 (0.8511)  balanced_accuracy: 0.9767 (0.8490)  pr_auc: 1.0000 (0.9132)  roc_auc: 1.0000 (0.9266)  time: 0.1861  data: 0.0004  max mem: 3483
Passive Test:  [  1330/?]  eta: ?  loss: 0.0033 (0.4613)  accuracy: 1.0000 (0.8520)  balanced_accuracy: 0.9767 (0.8496)  pr_auc: 1.0000 (0.9137)  roc_auc: 1.0000 (0.9270)  time: 0.1877  data: 0.0004  max mem: 3483
Passive Test:  [  1340/?]  eta: ?  loss: 0.0011 (0.4589)  accuracy: 1.0000 (0.8526)  balanced_accuracy: 0.9302 (0.8499)  pr_auc: 1.0000 (0.9138)  roc_auc: 1.0000 (0.9272)  time: 0.1896  data: 0.0004  max mem: 3483
Passive Test:  [  1350/?]  eta: ?  loss: 0.1368 (0.4574)  accuracy: 0.9375 (0.8529)  balanced_accuracy: 0.9302 (0.8502)  pr_auc: 1.0000 (0.9141)  roc_auc: 1.0000 (0.9275)  time: 0.1860  data: 0.0004  max mem: 3483
Passive Test:  [  1360/?]  eta: ?  loss: 0.2164 (0.4584)  accuracy: 0.8594 (0.8528)  balanced_accuracy: 0.9167 (0.8499)  pr_auc: 1.0000 (0.9131)  roc_auc: 1.0000 (0.9269)  time: 0.1841  data: 0.0004  max mem: 3483
Passive Test:  [  1370/?]  eta: ?  loss: 0.3170 (0.4579)  accuracy: 0.8281 (0.8527)  balanced_accuracy: 0.8721 (0.8500)  pr_auc: 1.0000 (0.9132)  roc_auc: 1.0000 (0.9272)  time: 0.2010  data: 0.0004  max mem: 3483
Passive Test:  [  1380/?]  eta: ?  loss: 0.2448 (0.4563)  accuracy: 0.8750 (0.8528)  balanced_accuracy: 0.8721 (0.8502)  pr_auc: 1.0000 (0.9135)  roc_auc: 1.0000 (0.9274)  time: 0.1995  data: 0.0004  max mem: 3483
Passive Test:  [  1390/?]  eta: ?  loss: 0.2260 (0.4545)  accuracy: 0.8906 (0.8531)  balanced_accuracy: 0.8721 (0.8503)  pr_auc: 1.0000 (0.9138)  roc_auc: 1.0000 (0.9276)  time: 0.1828  data: 0.0004  max mem: 3483
Passive Test:  [  1400/?]  eta: ?  loss: 0.2039 (0.4530)  accuracy: 0.8906 (0.8533)  balanced_accuracy: 0.8721 (0.8502)  pr_auc: 1.0000 (0.9140)  roc_auc: 1.0000 (0.9278)  time: 0.1827  data: 0.0003  max mem: 3483
Passive Test:  [  1410/?]  eta: ?  loss: 0.2082 (0.4525)  accuracy: 0.8594 (0.8528)  balanced_accuracy: 0.8721 (0.8503)  pr_auc: 0.9980 (0.9142)  roc_auc: 0.9994 (0.9281)  time: 0.1848  data: 0.0004  max mem: 3483
Passive Test:  [  1420/?]  eta: ?  loss: 0.3192 (0.4533)  accuracy: 0.8125 (0.8523)  balanced_accuracy: 0.8721 (0.8501)  pr_auc: 0.9978 (0.9131)  roc_auc: 0.9989 (0.9274)  time: 0.1861  data: 0.0004  max mem: 3483
Passive Test:  [  1430/?]  eta: ?  loss: 0.3192 (0.4537)  accuracy: 0.6562 (0.8517)  balanced_accuracy: 0.8605 (0.8499)  pr_auc: 0.9956 (0.9122)  roc_auc: 0.9978 (0.9269)  time: 0.1857  data: 0.0004  max mem: 3483
Passive Test:  [  1440/?]  eta: ?  loss: 0.2075 (0.4534)  accuracy: 0.7812 (0.8512)  balanced_accuracy: 0.8605 (0.8502)  pr_auc: 0.9882 (0.9126)  roc_auc: 0.9805 (0.9273)  time: 0.2007  data: 0.0004  max mem: 3483
Passive Test:  [  1450/?]  eta: ?  loss: 0.3623 (0.4534)  accuracy: 0.7812 (0.8506)  balanced_accuracy: 0.7998 (0.8495)  pr_auc: 0.9882 (0.9119)  roc_auc: 0.9870 (0.9270)  time: 0.2035  data: 0.0004  max mem: 3483
Passive Test:  [  1460/?]  eta: ?  loss: 0.3831 (0.4532)  accuracy: 0.7656 (0.8501)  balanced_accuracy: 0.7608 (0.8491)  pr_auc: 0.9843 (0.9123)  roc_auc: 0.9889 (0.9274)  time: 0.1922  data: 0.0004  max mem: 3483
Passive Test:  [  1470/?]  eta: ?  loss: 0.5644 (0.4536)  accuracy: 0.7188 (0.8493)  balanced_accuracy: 0.7209 (0.8481)  pr_auc: 0.9843 (0.9118)  roc_auc: 0.9823 (0.9270)  time: 0.1925  data: 0.0004  max mem: 3483
Passive Test:  [  1480/?]  eta: ?  loss: 0.5974 (0.4570)  accuracy: 0.6406 (0.8476)  balanced_accuracy: 0.6949 (0.8457)  pr_auc: 0.9886 (0.9116)  roc_auc: 0.9762 (0.9262)  time: 0.1927  data: 0.0004  max mem: 3483
Passive Test:  [  1490/?]  eta: ?  loss: 0.5749 (0.4584)  accuracy: 0.6250 (0.8465)  balanced_accuracy: 0.6622 (0.8441)  pr_auc: 0.9773 (0.9121)  roc_auc: 0.9632 (0.9260)  time: 0.2078  data: 0.0004  max mem: 3483
Passive Test:  [  1500/?]  eta: ?  loss: 0.4492 (0.4585)  accuracy: 0.7031 (0.8457)  balanced_accuracy: 0.7500 (0.8432)  pr_auc: 0.9794 (0.9122)  roc_auc: 0.9632 (0.9263)  time: 0.2071  data: 0.0004  max mem: 3483
Passive Test:  [  1510/?]  eta: ?  loss: 0.3981 (0.4580)  accuracy: 0.7656 (0.8455)  balanced_accuracy: 0.7619 (0.8424)  pr_auc: 0.9846 (0.9125)  roc_auc: 0.9712 (0.9266)  time: 0.2057  data: 0.0004  max mem: 3483
Passive Test:  [  1520/?]  eta: ?  loss: 0.3134 (0.4571)  accuracy: 0.8281 (0.8455)  balanced_accuracy: 0.7857 (0.8421)  pr_auc: 0.9918 (0.9129)  roc_auc: 0.9823 (0.9271)  time: 0.2064  data: 0.0004  max mem: 3483
Passive Test:  [  1530/?]  eta: ?  loss: 0.2841 (0.4560)  accuracy: 0.8281 (0.8454)  balanced_accuracy: 0.8018 (0.8418)  pr_auc: 0.9967 (0.9134)  roc_auc: 0.9935 (0.9275)  time: 0.1903  data: 0.0004  max mem: 3483
Passive Test:  [  1540/?]  eta: ?  loss: 0.3034 (0.4556)  accuracy: 0.8125 (0.8454)  balanced_accuracy: 0.8018 (0.8415)  pr_auc: 0.9894 (0.9136)  roc_auc: 0.9850 (0.9275)  time: 0.1890  data: 0.0004  max mem: 3483
Passive Test:  [  1550/?]  eta: ?  loss: 0.2862 (0.4541)  accuracy: 0.8281 (0.8456)  balanced_accuracy: 0.8018 (0.8415)  pr_auc: 0.9778 (0.9138)  roc_auc: 0.9767 (0.9278)  time: 0.1889  data: 0.0004  max mem: 3483
Passive Test:  [  1560/?]  eta: ?  loss: 0.2615 (0.4531)  accuracy: 0.8281 (0.8458)  balanced_accuracy: 0.8469 (0.8415)  pr_auc: 0.9396 (0.9138)  roc_auc: 0.9756 (0.9280)  time: 0.1892  data: 0.0004  max mem: 3483
Passive Test:  [  1570/?]  eta: ?  loss: 0.1067 (0.4510)  accuracy: 0.9531 (0.8464)  balanced_accuracy: 0.8594 (0.8418)  pr_auc: 0.9909 (0.9139)  roc_auc: 0.9981 (0.9282)  time: 0.1877  data: 0.0004  max mem: 3483
Passive Test:  [  1580/?]  eta: ?  loss: 0.0595 (0.4483)  accuracy: 1.0000 (0.8474)  balanced_accuracy: 0.9815 (0.8426)  pr_auc: 1.0000 (0.9143)  roc_auc: 1.0000 (0.9286)  time: 0.1853  data: 0.0004  max mem: 3483
Passive Test:  [  1590/?]  eta: ?  loss: 0.0060 (0.4463)  accuracy: 1.0000 (0.8480)  balanced_accuracy: 1.0000 (0.8433)  pr_auc: 1.0000 (0.9147)  roc_auc: 1.0000 (0.9289)  time: 0.2017  data: 0.0004  max mem: 3483
Passive Test:  [  1600/?]  eta: ?  loss: 0.0203 (0.4449)  accuracy: 1.0000 (0.8485)  balanced_accuracy: 1.0000 (0.8439)  pr_auc: 1.0000 (0.9151)  roc_auc: 1.0000 (0.9292)  time: 0.2021  data: 0.0004  max mem: 3483
Passive Test:  [  1610/?]  eta: ?  loss: 0.0442 (0.4443)  accuracy: 0.9844 (0.8487)  balanced_accuracy: 1.0000 (0.8445)  pr_auc: 1.0000 (0.9155)  roc_auc: 1.0000 (0.9295)  time: 0.1865  data: 0.0004  max mem: 3483
Passive Test:  [  1620/?]  eta: ?  loss: 0.0845 (0.4432)  accuracy: 0.9688 (0.8492)  balanced_accuracy: 0.9844 (0.8452)  pr_auc: 1.0000 (0.9160)  roc_auc: 1.0000 (0.9299)  time: 0.1868  data: 0.0004  max mem: 3483
Passive Test:  [  1630/?]  eta: ?  loss: 0.1450 (0.4429)  accuracy: 0.9375 (0.8492)  balanced_accuracy: 0.9844 (0.8457)  pr_auc: 1.0000 (0.9162)  roc_auc: 1.0000 (0.9301)  time: 0.1854  data: 0.0004  max mem: 3483
Passive Test:  [  1640/?]  eta: ?  loss: 0.2645 (0.4423)  accuracy: 0.8594 (0.8494)  balanced_accuracy: 0.9844 (0.8458)  pr_auc: 1.0000 (0.9164)  roc_auc: 1.0000 (0.9303)  time: 0.1859  data: 0.0004  max mem: 3483
Passive Test:  [  1650/?]  eta: ?  loss: 0.0997 (0.4415)  accuracy: 0.9531 (0.8497)  balanced_accuracy: 0.9844 (0.8458)  pr_auc: 1.0000 (0.9158)  roc_auc: 1.0000 (0.9302)  time: 0.1905  data: 0.0004  max mem: 3483
Passive Test:  [  1660/?]  eta: ?  loss: 0.0506 (0.4425)  accuracy: 0.9844 (0.8497)  balanced_accuracy: 0.9688 (0.8454)  pr_auc: 1.0000 (0.9158)  roc_auc: 1.0000 (0.9302)  time: 0.2027  data: 0.0004  max mem: 3483
Passive Test:  [  1670/?]  eta: ?  loss: 0.3058 (0.4463)  accuracy: 0.8125 (0.8492)  balanced_accuracy: 0.9375 (0.8444)  pr_auc: 1.0000 (0.9149)  roc_auc: 1.0000 (0.9289)  time: 0.1983  data: 0.0004  max mem: 3483
Passive Test:  [  1680/?]  eta: ?  loss: 0.1476 (0.4460)  accuracy: 0.9219 (0.8495)  balanced_accuracy: 0.9062 (0.8439)  pr_auc: 1.0000 (0.9143)  roc_auc: 1.0000 (0.9282)  time: 0.1835  data: 0.0004  max mem: 3483
Passive Test:  [  1690/?]  eta: ?  loss: 0.0634 (0.4458)  accuracy: 0.9531 (0.8494)  balanced_accuracy: 0.6875 (0.8435)  pr_auc: 0.9179 (0.9137)  roc_auc: 0.8901 (0.9275)  time: 0.1846  data: 0.0004  max mem: 3483
Passive Test:  [  1700/?]  eta: ?  loss: 0.0133 (0.4463)  accuracy: 0.9844 (0.8493)  balanced_accuracy: 0.6250 (0.8430)  pr_auc: 0.6705 (0.9129)  roc_auc: 0.7586 (0.9265)  time: 0.1859  data: 0.0004  max mem: 3483
Passive Test:  [  1710/?]  eta: ?  loss: 0.0339 (0.4475)  accuracy: 0.9844 (0.8490)  balanced_accuracy: 0.5625 (0.8422)  pr_auc: 0.6004 (0.9120)  roc_auc: 0.5967 (0.9251)  time: 0.1856  data: 0.0004  max mem: 3483
Passive Test:  [  1720/?]  eta: ?  loss: 0.0339 (0.4462)  accuracy: 0.9375 (0.8494)  balanced_accuracy: 0.8281 (0.8424)  pr_auc: 0.9904 (0.9120)  roc_auc: 0.9902 (0.9251)  time: 0.1871  data: 0.0004  max mem: 3483
Passive Test:  [  1730/?]  eta: ?  loss: 0.0642 (0.4454)  accuracy: 1.0000 (0.8497)  balanced_accuracy: 0.8281 (0.8426)  pr_auc: 0.9904 (0.9123)  roc_auc: 0.9902 (0.9252)  time: 0.2015  data: 0.0004  max mem: 3483
Passive Test:  [  1740/?]  eta: ?  loss: 0.0585 (0.4432)  accuracy: 1.0000 (0.8504)  balanced_accuracy: 0.9844 (0.8429)  pr_auc: 1.0000 (0.9124)  roc_auc: 1.0000 (0.9254)  time: 0.1989  data: 0.0004  max mem: 3483
Passive Test:  [  1750/?]  eta: ?  loss: 0.0430 (0.4411)  accuracy: 0.9844 (0.8511)  balanced_accuracy: 0.9787 (0.8433)  pr_auc: 1.0000 (0.9127)  roc_auc: 1.0000 (0.9256)  time: 0.1837  data: 0.0004  max mem: 3483
Passive Test:  [  1760/?]  eta: ?  loss: 0.0430 (0.4393)  accuracy: 0.9844 (0.8516)  balanced_accuracy: 0.9688 (0.8433)  pr_auc: 1.0000 (0.9128)  roc_auc: 1.0000 (0.9257)  time: 0.1833  data: 0.0004  max mem: 3483
Passive Test:  [  1770/?]  eta: ?  loss: 0.0204 (0.4410)  accuracy: 0.9844 (0.8517)  balanced_accuracy: 0.9688 (0.8430)  pr_auc: 1.0000 (0.9119)  roc_auc: 1.0000 (0.9247)  time: 0.1851  data: 0.0004  max mem: 3483
Passive Test:  [  1780/?]  eta: ?  loss: 0.0456 (0.4424)  accuracy: 0.9688 (0.8518)  balanced_accuracy: 0.9688 (0.8426)  pr_auc: 1.0000 (0.9114)  roc_auc: 1.0000 (0.9240)  time: 0.1865  data: 0.0004  max mem: 3483
Passive Test:  [  1790/?]  eta: ?  loss: 0.1279 (0.4420)  accuracy: 0.9375 (0.8519)  balanced_accuracy: 0.9062 (0.8425)  pr_auc: 0.9981 (0.9117)  roc_auc: 0.9980 (0.9242)  time: 0.1870  data: 0.0004  max mem: 3483
Passive Test:  [  1800/?]  eta: ?  loss: 0.0950 (0.4417)  accuracy: 0.9688 (0.8522)  balanced_accuracy: 0.7344 (0.8423)  pr_auc: 0.9810 (0.9115)  roc_auc: 0.9766 (0.9241)  time: 0.2098  data: 0.0004  max mem: 3483
Passive Test:  [  1810/?]  eta: ?  loss: 0.0305 (0.4429)  accuracy: 0.9844 (0.8521)  balanced_accuracy: 0.9688 (0.8421)  pr_auc: 1.0000 (0.9118)  roc_auc: 1.0000 (0.9243)  time: 0.2120  data: 0.0004  max mem: 3483
Passive Test:  [  1820/?]  eta: ?  loss: 0.1129 (0.4416)  accuracy: 0.9375 (0.8524)  balanced_accuracy: 0.9909 (0.8425)  pr_auc: 1.0000 (0.9124)  roc_auc: 1.0000 (0.9247)  time: 0.1903  data: 0.0004  max mem: 3483
Passive Test:  [  1830/?]  eta: ?  loss: 0.1129 (0.4406)  accuracy: 0.9531 (0.8527)  balanced_accuracy: 0.9844 (0.8428)  pr_auc: 1.0000 (0.9127)  roc_auc: 1.0000 (0.9250)  time: 0.1871  data: 0.0004  max mem: 3483
Passive Test:  [  1840/?]  eta: ?  loss: 0.1602 (0.4399)  accuracy: 0.9375 (0.8528)  balanced_accuracy: 0.9375 (0.8432)  pr_auc: 1.0000 (0.9131)  roc_auc: 1.0000 (0.9254)  time: 0.1873  data: 0.0004  max mem: 3483
Passive Test:  [  1850/?]  eta: ?  loss: 0.2598 (0.4410)  accuracy: 0.8594 (0.8523)  balanced_accuracy: 0.9531 (0.8437)  pr_auc: 1.0000 (0.9134)  roc_auc: 1.0000 (0.9256)  time: 0.1871  data: 0.0004  max mem: 3483
Passive Test:  [  1860/?]  eta: ?  loss: 0.4344 (0.4411)  accuracy: 0.6875 (0.8522)  balanced_accuracy: 0.9688 (0.8440)  pr_auc: 1.0000 (0.9137)  roc_auc: 1.0000 (0.9258)  time: 0.1859  data: 0.0004  max mem: 3483
Passive Test:  [  1870/?]  eta: ?  loss: 0.2461 (0.4411)  accuracy: 0.9062 (0.8521)  balanced_accuracy: 0.9844 (0.8443)  pr_auc: 1.0000 (0.9138)  roc_auc: 1.0000 (0.9260)  time: 0.1991  data: 0.0003  max mem: 3483
Passive Test:  [  1880/?]  eta: ?  loss: 0.2682 (0.4438)  accuracy: 0.8594 (0.8518)  balanced_accuracy: 1.0000 (0.8447)  pr_auc: 1.0000 (0.9140)  roc_auc: 1.0000 (0.9262)  time: 0.1981  data: 0.0004  max mem: 3483
Passive Test:  [  1890/?]  eta: ?  loss: 0.3951 (0.4476)  accuracy: 0.7969 (0.8511)  balanced_accuracy: 1.0000 (0.8440)  pr_auc: 1.0000 (0.9137)  roc_auc: 1.0000 (0.9256)  time: 0.1850  data: 0.0004  max mem: 3483
Passive Test:  [  1900/?]  eta: ?  loss: 0.4927 (0.4539)  accuracy: 0.5938 (0.8502)  balanced_accuracy: 0.9667 (0.8437)  pr_auc: 1.0000 (0.9130)  roc_auc: 1.0000 (0.9249)  time: 0.1857  data: 0.0004  max mem: 3483
Passive Test:  [  1910/?]  eta: ?  loss: 0.4927 (0.4595)  accuracy: 0.5156 (0.8492)  balanced_accuracy: 0.8594 (0.8430)  pr_auc: 1.0000 (0.9130)  roc_auc: 1.0000 (0.9249)  time: 0.1849  data: 0.0003  max mem: 3483
Passive Test:  [  1920/?]  eta: ?  loss: 0.4547 (0.4604)  accuracy: 0.6406 (0.8491)  balanced_accuracy: 0.6406 (0.8429)  pr_auc: 0.9968 (0.9133)  roc_auc: 0.9979 (0.9252)  time: 0.1868  data: 0.0004  max mem: 3483
Passive Test:  [  1930/?]  eta: ?  loss: 0.1796 (0.4603)  accuracy: 0.8281 (0.8490)  balanced_accuracy: 0.7344 (0.8427)  pr_auc: 0.9991 (0.9136)  roc_auc: 0.9990 (0.9255)  time: 0.1892  data: 0.0004  max mem: 3483
Passive Test:  [  1940/?]  eta: ?  loss: 0.4733 (0.4605)  accuracy: 0.7969 (0.8487)  balanced_accuracy: 0.8016 (0.8422)  pr_auc: 0.9905 (0.9126)  roc_auc: 0.9873 (0.9254)  time: 0.1897  data: 0.0004  max mem: 3483
Passive Test:  [  1950/?]  eta: ?  loss: 0.3150 (0.4602)  accuracy: 0.8281 (0.8487)  balanced_accuracy: 0.7656 (0.8420)  pr_auc: 0.9797 (0.9131)  roc_auc: 0.9814 (0.9259)  time: 0.2048  data: 0.0004  max mem: 3483
Passive Test:  [  1960/?]  eta: ?  loss: 0.2511 (0.4599)  accuracy: 0.8750 (0.8485)  balanced_accuracy: 0.8281 (0.8418)  pr_auc: 0.9981 (0.9136)  roc_auc: 0.9980 (0.9262)  time: 0.2231  data: 0.0004  max mem: 3483
Passive Test:  [  1970/?]  eta: ?  loss: 0.3155 (0.4604)  accuracy: 0.8750 (0.8480)  balanced_accuracy: 0.8750 (0.8421)  pr_auc: 0.9982 (0.9139)  roc_auc: 0.9980 (0.9265)  time: 0.2073  data: 0.0004  max mem: 3483
Passive Test:  [  1980/?]  eta: ?  loss: 0.4493 (0.4601)  accuracy: 0.8438 (0.8478)  balanced_accuracy: 0.8906 (0.8425)  pr_auc: 0.9991 (0.9143)  roc_auc: 0.9990 (0.9268)  time: 0.1875  data: 0.0004  max mem: 3483
Passive Test:  [  1990/?]  eta: ?  loss: 0.3139 (0.4600)  accuracy: 0.8594 (0.8477)  balanced_accuracy: 0.9375 (0.8425)  pr_auc: 1.0000 (0.9149)  roc_auc: 1.0000 (0.9273)  time: 0.1884  data: 0.0004  max mem: 3483
Passive Test:  [  2000/?]  eta: ?  loss: 0.2674 (0.4590)  accuracy: 0.8594 (0.8478)  balanced_accuracy: 0.9375 (0.8428)  pr_auc: 1.0000 (0.9153)  roc_auc: 1.0000 (0.9277)  time: 0.1911  data: 0.0004  max mem: 3483
Passive Test:  [  2010/?]  eta: ?  loss: 0.1330 (0.4584)  accuracy: 0.9375 (0.8479)  balanced_accuracy: 0.8906 (0.8427)  pr_auc: 1.0000 (0.9152)  roc_auc: 1.0000 (0.9274)  time: 0.1915  data: 0.0004  max mem: 3483
Passive Test:  [  2020/?]  eta: ?  loss: 0.0756 (0.4573)  accuracy: 0.9531 (0.8480)  balanced_accuracy: 0.8125 (0.8426)  pr_auc: 1.0000 (0.9152)  roc_auc: 1.0000 (0.9274)  time: 0.2055  data: 0.0004  max mem: 3483
Passive Test:  [  2030/?]  eta: ?  loss: 0.0302 (0.4554)  accuracy: 1.0000 (0.8486)  balanced_accuracy: 0.9844 (0.8432)  pr_auc: 1.0000 (0.9156)  roc_auc: 1.0000 (0.9277)  time: 0.2035  data: 0.0004  max mem: 3483
Passive Test:  [  2040/?]  eta: ?  loss: 0.0382 (0.4543)  accuracy: 0.9688 (0.8489)  balanced_accuracy: 1.0000 (0.8437)  pr_auc: 1.0000 (0.9160)  roc_auc: 1.0000 (0.9280)  time: 0.1880  data: 0.0004  max mem: 3483
Passive Test:  [  2050/?]  eta: ?  loss: 0.2530 (0.4583)  accuracy: 0.8750 (0.8483)  balanced_accuracy: 0.9531 (0.8426)  pr_auc: 1.0000 (0.9157)  roc_auc: 1.0000 (0.9276)  time: 0.1890  data: 0.0004  max mem: 3483
Passive Test:  [  2060/?]  eta: ?  loss: 0.4363 (0.4597)  accuracy: 0.7969 (0.8481)  balanced_accuracy: 0.7812 (0.8424)  pr_auc: 0.9500 (0.9155)  roc_auc: 0.9336 (0.9273)  time: 0.1895  data: 0.0004  max mem: 3483
Passive Test:  [  2070/?]  eta: ?  loss: 0.2004 (0.4584)  accuracy: 0.9062 (0.8484)  balanced_accuracy: 0.8989 (0.8429)  pr_auc: 0.9814 (0.9160)  roc_auc: 0.9834 (0.9277)  time: 0.1911  data: 0.0004  max mem: 3483
Passive Test:  [  2080/?]  eta: ?  loss: 0.2004 (0.4584)  accuracy: 0.9062 (0.8481)  balanced_accuracy: 0.9062 (0.8425)  pr_auc: 0.9941 (0.9162)  roc_auc: 0.9932 (0.9277)  time: 0.1920  data: 0.0004  max mem: 3483
Passive Test:  [  2090/?]  eta: ?  loss: 0.3257 (0.4576)  accuracy: 0.8125 (0.8481)  balanced_accuracy: 0.8125 (0.8425)  pr_auc: 0.9981 (0.9167)  roc_auc: 0.9980 (0.9282)  time: 0.2069  data: 0.0004  max mem: 3483
Passive Test:  [  2100/?]  eta: ?  loss: 0.2421 (0.4575)  accuracy: 0.8906 (0.8484)  balanced_accuracy: 0.8906 (0.8432)  pr_auc: 0.9981 (0.9171)  roc_auc: 0.9980 (0.9285)  time: 0.2069  data: 0.0004  max mem: 3483
Passive Test:  [  2110/?]  eta: ?  loss: 0.1338 (0.4614)  accuracy: 0.9688 (0.8481)  balanced_accuracy: 0.9375 (0.8434)  pr_auc: 0.9981 (0.9172)  roc_auc: 0.9980 (0.9286)  time: 0.1955  data: 0.0004  max mem: 3483
Passive Test:  [  2120/?]  eta: ?  loss: 0.2333 (0.4643)  accuracy: 0.8750 (0.8478)  balanced_accuracy: 0.9375 (0.8434)  pr_auc: 0.9981 (0.9172)  roc_auc: 0.9980 (0.9286)  time: 0.1906  data: 0.0003  max mem: 3483
Passive Test:  [  2130/?]  eta: ?  loss: 0.5127 (0.4660)  accuracy: 0.7500 (0.8472)  balanced_accuracy: 0.9688 (0.8435)  pr_auc: 0.9991 (0.9175)  roc_auc: 0.9990 (0.9289)  time: 0.1844  data: 0.0004  max mem: 3483
Passive Test:  [  2140/?]  eta: ?  loss: 0.5127 (0.4672)  accuracy: 0.7500 (0.8471)  balanced_accuracy: 0.9844 (0.8441)  pr_auc: 1.0000 (0.9178)  roc_auc: 1.0000 (0.9291)  time: 0.1861  data: 0.0004  max mem: 3483
Passive Test:  [  2150/?]  eta: ?  loss: 0.3230 (0.4727)  accuracy: 0.7812 (0.8465)  balanced_accuracy: 0.9844 (0.8445)  pr_auc: 1.0000 (0.9180)  roc_auc: 1.0000 (0.9293)  time: 0.1863  data: 0.0004  max mem: 3483
Passive Test:  [  2160/?]  eta: ?  loss: 0.7218 (0.4759)  accuracy: 0.7188 (0.8460)  balanced_accuracy: 0.9844 (0.8445)  pr_auc: 1.0000 (0.9177)  roc_auc: 1.0000 (0.9291)  time: 0.2014  data: 0.0004  max mem: 3483
Passive Test:  [  2170/?]  eta: ?  loss: 0.8286 (0.4798)  accuracy: 0.6562 (0.8453)  balanced_accuracy: 0.8594 (0.8437)  pr_auc: 0.9593 (0.9171)  roc_auc: 0.9551 (0.9283)  time: 0.2021  data: 0.0004  max mem: 3483
Passive Test:  [  2180/?]  eta: ?  loss: 0.7516 (0.4811)  accuracy: 0.6562 (0.8447)  balanced_accuracy: 0.7031 (0.8429)  pr_auc: 0.8884 (0.9169)  roc_auc: 0.8516 (0.9281)  time: 0.1898  data: 0.0004  max mem: 3483
Passive Test:  [  2190/?]  eta: ?  loss: 0.7516 (0.4835)  accuracy: 0.6562 (0.8439)  balanced_accuracy: 0.6875 (0.8423)  pr_auc: 0.9386 (0.9165)  roc_auc: 0.9424 (0.9279)  time: 0.1907  data: 0.0004  max mem: 3483
Passive Test:  [  2200/?]  eta: ?  loss: 0.4278 (0.4852)  accuracy: 0.6562 (0.8437)  balanced_accuracy: 0.8281 (0.8424)  pr_auc: 0.9916 (0.9164)  roc_auc: 0.9912 (0.9276)  time: 0.1896  data: 0.0004  max mem: 3483
Passive Test:  [  2210/?]  eta: ?  loss: 0.3201 (0.4885)  accuracy: 0.7812 (0.8432)  balanced_accuracy: 0.9219 (0.8424)  pr_auc: 1.0000 (0.9167)  roc_auc: 1.0000 (0.9278)  time: 0.1889  data: 0.0004  max mem: 3483
Passive Test:  [  2220/?]  eta: ?  loss: 0.5228 (0.4884)  accuracy: 0.7812 (0.8431)  balanced_accuracy: 0.9062 (0.8419)  pr_auc: 1.0000 (0.9169)  roc_auc: 1.0000 (0.9279)  time: 0.1865  data: 0.0004  max mem: 3483
Passive Test:  [  2230/?]  eta: ?  loss: 0.1980 (0.4889)  accuracy: 0.7812 (0.8428)  balanced_accuracy: 0.7812 (0.8417)  pr_auc: 1.0000 (0.9169)  roc_auc: 1.0000 (0.9279)  time: 0.2002  data: 0.0003  max mem: 3483
Passive Test:  [  2240/?]  eta: ?  loss: 0.1980 (0.4892)  accuracy: 0.8750 (0.8426)  balanced_accuracy: 0.7812 (0.8419)  pr_auc: 1.0000 (0.9170)  roc_auc: 1.0000 (0.9280)  time: 0.2014  data: 0.0004  max mem: 3483
Passive Test:  [  2250/?]  eta: ?  loss: 0.1341 (0.4889)  accuracy: 0.9219 (0.8425)  balanced_accuracy: 0.7812 (0.8420)  pr_auc: 0.9946 (0.9173)  roc_auc: 0.9941 (0.9283)  time: 0.1866  data: 0.0004  max mem: 3483
Passive Test:  [  2260/?]  eta: ?  loss: 0.1249 (0.4886)  accuracy: 0.9375 (0.8425)  balanced_accuracy: 0.7812 (0.8421)  pr_auc: 1.0000 (0.9174)  roc_auc: 1.0000 (0.9284)  time: 0.1910  data: 0.0004  max mem: 3483
Passive Test:  [  2270/?]  eta: ?  loss: 0.0179 (0.4887)  accuracy: 0.9531 (0.8424)  balanced_accuracy: 0.9219 (0.8423)  pr_auc: 1.0000 (0.9176)  roc_auc: 1.0000 (0.9285)  time: 0.2047  data: 0.0003  max mem: 3483
Passive Test:  [  2280/?]  eta: ?  loss: 0.0179 (0.4904)  accuracy: 0.9219 (0.8419)  balanced_accuracy: 0.9219 (0.8423)  pr_auc: 1.0000 (0.9176)  roc_auc: 1.0000 (0.9285)  time: 0.1972  data: 0.0003  max mem: 3483
Passive Test:  [  2290/?]  eta: ?  loss: 0.3779 (0.4929)  accuracy: 0.5156 (0.8413)  balanced_accuracy: 0.9219 (0.8423)  pr_auc: 1.0000 (0.9176)  roc_auc: 1.0000 (0.9285)  time: 0.1806  data: 0.0003  max mem: 3483
Passive Test:  [  2300/?]  eta: ?  loss: 0.2408 (0.4938)  accuracy: 0.7656 (0.8412)  balanced_accuracy: 0.9375 (0.8425)  pr_auc: 1.0000 (0.9177)  roc_auc: 1.0000 (0.9286)  time: 0.1807  data: 0.0003  max mem: 3483
Passive Test:  [  2310/?]  eta: ?  loss: 0.0994 (0.4955)  accuracy: 0.9375 (0.8412)  balanced_accuracy: 0.9444 (0.8427)  pr_auc: 1.0000 (0.9178)  roc_auc: 1.0000 (0.9287)  time: 0.1971  data: 0.0003  max mem: 3483
Passive Test:  [  2320/?]  eta: ?  loss: 0.0362 (0.4964)  accuracy: 0.9844 (0.8413)  balanced_accuracy: 0.9688 (0.8432)  pr_auc: 1.0000 (0.9181)  roc_auc: 1.0000 (0.9289)  time: 0.1994  data: 0.0004  max mem: 3483
Passive Test:  [  2330/?]  eta: ?  loss: 0.0370 (0.4986)  accuracy: 0.9844 (0.8408)  balanced_accuracy: 1.0000 (0.8437)  pr_auc: 1.0000 (0.9184)  roc_auc: 1.0000 (0.9292)  time: 0.1858  data: 0.0004  max mem: 3483
Passive Test:  [  2340/?]  eta: ?  loss: 0.0761 (0.5000)  accuracy: 0.6875 (0.8405)  balanced_accuracy: 1.0000 (0.8442)  pr_auc: 1.0000 (0.9186)  roc_auc: 1.0000 (0.9294)  time: 0.1863  data: 0.0004  max mem: 3483
Passive Test:  [  2350/?]  eta: ?  loss: 0.0627 (0.4983)  accuracy: 0.9844 (0.8410)  balanced_accuracy: 0.9844 (0.8449)  pr_auc: 1.0000 (0.9189)  roc_auc: 1.0000 (0.9297)  time: 0.1879  data: 0.0004  max mem: 3483
Passive Test:  [  2360/?]  eta: ?  loss: 0.0689 (0.4968)  accuracy: 0.9844 (0.8415)  balanced_accuracy: 0.9844 (0.8455)  pr_auc: 1.0000 (0.9193)  roc_auc: 1.0000 (0.9301)  time: 0.1890  data: 0.0004  max mem: 3483
Passive Test:  [  2370/?]  eta: ?  loss: 0.0970 (0.4953)  accuracy: 0.9688 (0.8419)  balanced_accuracy: 0.9844 (0.8458)  pr_auc: 1.0000 (0.9196)  roc_auc: 1.0000 (0.9303)  time: 0.1876  data: 0.0004  max mem: 3483
Passive Test:  [  2380/?]  eta: ?  loss: 0.0634 (0.4938)  accuracy: 0.9844 (0.8423)  balanced_accuracy: 0.9844 (0.8464)  pr_auc: 1.0000 (0.9199)  roc_auc: 1.0000 (0.9306)  time: 0.2018  data: 0.0004  max mem: 3483
Passive Test:  [  2390/?]  eta: ?  loss: 0.0496 (0.4926)  accuracy: 0.9844 (0.8426)  balanced_accuracy: 0.9844 (0.8468)  pr_auc: 1.0000 (0.9202)  roc_auc: 1.0000 (0.9308)  time: 0.2019  data: 0.0004  max mem: 3483
Passive Test:  [  2400/?]  eta: ?  loss: 0.0681 (0.4910)  accuracy: 0.9531 (0.8430)  balanced_accuracy: 0.9844 (0.8472)  pr_auc: 1.0000 (0.9205)  roc_auc: 1.0000 (0.9311)  time: 0.1876  data: 0.0004  max mem: 3483
Passive Test:  [  2410/?]  eta: ?  loss: 0.0522 (0.4897)  accuracy: 0.9531 (0.8434)  balanced_accuracy: 0.9844 (0.8475)  pr_auc: 1.0000 (0.9207)  roc_auc: 1.0000 (0.9313)  time: 0.1869  data: 0.0004  max mem: 3483
Passive Test:  [  2420/?]  eta: ?  loss: 0.2617 (0.4895)  accuracy: 0.8906 (0.8432)  balanced_accuracy: 0.9531 (0.8475)  pr_auc: 1.0000 (0.9208)  roc_auc: 1.0000 (0.9314)  time: 0.1948  data: 0.0004  max mem: 3483
Passive Test:  [  2430/?]  eta: ?  loss: 0.4439 (0.4890)  accuracy: 0.7969 (0.8432)  balanced_accuracy: 0.9531 (0.8475)  pr_auc: 1.0000 (0.9208)  roc_auc: 1.0000 (0.9314)  time: 0.1961  data: 0.0003  max mem: 3483
Passive Test:  [  2440/?]  eta: ?  loss: 0.2012 (0.4880)  accuracy: 0.8750 (0.8434)  balanced_accuracy: 0.9531 (0.8475)  pr_auc: 1.0000 (0.9208)  roc_auc: 1.0000 (0.9314)  time: 0.1836  data: 0.0003  max mem: 3483
Passive Test:  [  2450/?]  eta: ?  loss: 0.1854 (0.4871)  accuracy: 0.8750 (0.8436)  balanced_accuracy: 0.9375 (0.8476)  pr_auc: 1.0000 (0.9209)  roc_auc: 1.0000 (0.9315)  time: 0.1969  data: 0.0003  max mem: 3483
Passive Test:  [  2460/?]  eta: ?  loss: 0.1841 (0.4865)  accuracy: 0.8750 (0.8437)  balanced_accuracy: 0.9375 (0.8479)  pr_auc: 1.0000 (0.9212)  roc_auc: 1.0000 (0.9317)  time: 0.2008  data: 0.0004  max mem: 3483
Passive Test:  [  2470/?]  eta: ?  loss: 0.1841 (0.4852)  accuracy: 0.9375 (0.8440)  balanced_accuracy: 0.9286 (0.8483)  pr_auc: 0.9932 (0.9215)  roc_auc: 0.9922 (0.9320)  time: 0.1870  data: 0.0004  max mem: 3483
Passive Test:  [  2480/?]  eta: ?  loss: 0.2462 (0.4847)  accuracy: 0.8906 (0.8439)  balanced_accuracy: 0.9219 (0.8485)  pr_auc: 0.9953 (0.9217)  roc_auc: 0.9951 (0.9321)  time: 0.1881  data: 0.0004  max mem: 3483
Passive Test:  [  2490/?]  eta: ?  loss: 0.2462 (0.4841)  accuracy: 0.8906 (0.8439)  balanced_accuracy: 0.9375 (0.8486)  pr_auc: 0.9971 (0.9219)  roc_auc: 0.9971 (0.9323)  time: 0.1895  data: 0.0004  max mem: 3483
Passive Test:  [  2500/?]  eta: ?  loss: 0.1251 (0.4837)  accuracy: 0.8594 (0.8437)  balanced_accuracy: 0.9219 (0.8482)  pr_auc: 0.9949 (0.9222)  roc_auc: 0.9951 (0.9324)  time: 0.1887  data: 0.0004  max mem: 3483
Passive Test:  [  2510/?]  eta: ?  loss: 0.2765 (0.4846)  accuracy: 0.8438 (0.8433)  balanced_accuracy: 0.8879 (0.8473)  pr_auc: 0.9923 (0.9218)  roc_auc: 0.9736 (0.9316)  time: 0.1871  data: 0.0004  max mem: 3483
Passive Test:  [  2520/?]  eta: ?  loss: 0.2140 (0.4858)  accuracy: 0.8125 (0.8427)  balanced_accuracy: 0.7143 (0.8469)  pr_auc: 0.9850 (0.9215)  roc_auc: 0.9688 (0.9311)  time: 0.2007  data: 0.0004  max mem: 3483
Passive Test:  [  2530/?]  eta: ?  loss: 0.2140 (0.4866)  accuracy: 0.5000 (0.8423)  balanced_accuracy: 0.5781 (0.8464)  pr_auc: 0.9715 (0.9214)  roc_auc: 0.9487 (0.9306)  time: 0.2009  data: 0.0004  max mem: 3483
Passive Test:  [  2540/?]  eta: ?  loss: 0.5673 (0.4873)  accuracy: 0.7344 (0.8418)  balanced_accuracy: 0.5000 (0.8459)  pr_auc: 0.8517 (0.9210)  roc_auc: 0.8486 (0.9300)  time: 0.1868  data: 0.0004  max mem: 3483
Passive Test:  [  2550/?]  eta: ?  loss: 0.1959 (0.4881)  accuracy: 0.8750 (0.8415)  balanced_accuracy: 0.5000 (0.8449)  pr_auc: 0.8517 (0.9199)  roc_auc: 0.7578 (0.9286)  time: 0.1870  data: 0.0004  max mem: 3483
Passive Test:  [  2560/?]  eta: ?  loss: 0.1346 (0.4884)  accuracy: 0.9219 (0.8413)  balanced_accuracy: 0.8281 (0.8450)  pr_auc: 0.9648 (0.9200)  roc_auc: 0.9639 (0.9287)  time: 0.1851  data: 0.0004  max mem: 3483
Passive Test:  [  2570/?]  eta: ?  loss: 0.1346 (0.4888)  accuracy: 0.8125 (0.8410)  balanced_accuracy: 0.8281 (0.8450)  pr_auc: 0.9648 (0.9200)  roc_auc: 0.9898 (0.9288)  time: 0.1824  data: 0.0004  max mem: 3483
Passive Test:  [  2580/?]  eta: ?  loss: 0.2301 (0.4887)  accuracy: 0.8125 (0.8409)  balanced_accuracy: 0.7915 (0.8446)  pr_auc: 0.9409 (0.9197)  roc_auc: 0.9619 (0.9287)  time: 0.1873  data: 0.0003  max mem: 3483
Passive Test:  [  2590/?]  eta: ?  loss: 0.2301 (0.4882)  accuracy: 0.8438 (0.8408)  balanced_accuracy: 0.8125 (0.8445)  pr_auc: 0.9593 (0.9198)  roc_auc: 0.9619 (0.9286)  time: 0.2042  data: 0.0004  max mem: 3483
Passive Test:  [  2600/?]  eta: ?  loss: 0.0580 (0.4871)  accuracy: 0.9531 (0.8410)  balanced_accuracy: 0.8125 (0.8444)  pr_auc: 0.9593 (0.9195)  roc_auc: 0.9619 (0.9283)  time: 0.2005  data: 0.0004  max mem: 3483
Passive Test:  [  2610/?]  eta: ?  loss: 0.0450 (0.4864)  accuracy: 0.9844 (0.8413)  balanced_accuracy: 0.7500 (0.8441)  pr_auc: 0.9413 (0.9196)  roc_auc: 0.9453 (0.9283)  time: 0.1851  data: 0.0004  max mem: 3483
Passive Test:  [  2620/?]  eta: ?  loss: 0.0996 (0.4852)  accuracy: 0.9531 (0.8416)  balanced_accuracy: 0.7500 (0.8441)  pr_auc: 0.9413 (0.9196)  roc_auc: 0.9297 (0.9283)  time: 0.1837  data: 0.0004  max mem: 3483
Passive Test:  [  2630/?]  eta: ?  loss: 0.1593 (0.4846)  accuracy: 0.9219 (0.8418)  balanced_accuracy: 0.7812 (0.8439)  pr_auc: 0.9524 (0.9197)  roc_auc: 0.9453 (0.9283)  time: 0.1828  data: 0.0004  max mem: 3483
Passive Test:  [  2640/?]  eta: ?  loss: 0.2849 (0.4850)  accuracy: 0.8906 (0.8418)  balanced_accuracy: 0.7656 (0.8439)  pr_auc: 0.9416 (0.9195)  roc_auc: 0.9316 (0.9282)  time: 0.1824  data: 0.0004  max mem: 3483
Passive Test:  [  2650/?]  eta: ?  loss: 0.2199 (0.4858)  accuracy: 0.9688 (0.8418)  balanced_accuracy: 0.7656 (0.8440)  pr_auc: 0.9416 (0.9197)  roc_auc: 0.9316 (0.9284)  time: 0.1822  data: 0.0004  max mem: 3483
Passive Test:  [  2660/?]  eta: ?  loss: 0.1175 (0.4876)  accuracy: 0.9688 (0.8416)  balanced_accuracy: 0.7812 (0.8440)  pr_auc: 0.9416 (0.9197)  roc_auc: 0.9316 (0.9284)  time: 0.1829  data: 0.0004  max mem: 3483
Passive Test:  [  2670/?]  eta: ?  loss: 0.5316 (0.4900)  accuracy: 0.6875 (0.8409)  balanced_accuracy: 0.7812 (0.8437)  pr_auc: 0.9416 (0.9196)  roc_auc: 0.9316 (0.9283)  time: 0.1983  data: 0.0003  max mem: 3483
Passive Test:  [  2680/?]  eta: ?  loss: 0.6805 (0.4921)  accuracy: 0.6875 (0.8407)  balanced_accuracy: 0.7656 (0.8433)  pr_auc: 0.9416 (0.9195)  roc_auc: 0.9316 (0.9281)  time: 0.1985  data: 0.0003  max mem: 3483
Passive Test:  [  2690/?]  eta: ?  loss: 0.2797 (0.4917)  accuracy: 0.9219 (0.8408)  balanced_accuracy: 0.7391 (0.8429)  pr_auc: 0.9484 (0.9196)  roc_auc: 0.9424 (0.9282)  time: 0.1833  data: 0.0004  max mem: 3483
Passive Test:  [  2700/?]  eta: ?  loss: 0.0727 (0.4910)  accuracy: 0.9688 (0.8410)  balanced_accuracy: 0.7344 (0.8428)  pr_auc: 0.9787 (0.9197)  roc_auc: 0.9824 (0.9284)  time: 0.1842  data: 0.0004  max mem: 3483
Passive Test:  [  2710/?]  eta: ?  loss: 0.0221 (0.4897)  accuracy: 1.0000 (0.8415)  balanced_accuracy: 0.7391 (0.8433)  pr_auc: 0.9942 (0.9200)  roc_auc: 0.9941 (0.9286)  time: 0.1859  data: 0.0004  max mem: 3483
Passive Test:  [  2720/?]  eta: ?  loss: 0.0102 (0.4881)  accuracy: 1.0000 (0.8420)  balanced_accuracy: 1.0000 (0.8438)  pr_auc: 1.0000 (0.9203)  roc_auc: 1.0000 (0.9288)  time: 0.1865  data: 0.0004  max mem: 3483
Passive Test:  [  2730/?]  eta: ?  loss: 0.0060 (0.4866)  accuracy: 1.0000 (0.8425)  balanced_accuracy: 1.0000 (0.8442)  pr_auc: 1.0000 (0.9205)  roc_auc: 1.0000 (0.9291)  time: 0.1865  data: 0.0004  max mem: 3483
Passive Test:  [  2740/?]  eta: ?  loss: 0.0090 (0.4852)  accuracy: 1.0000 (0.8429)  balanced_accuracy: 1.0000 (0.8447)  pr_auc: 1.0000 (0.9208)  roc_auc: 1.0000 (0.9293)  time: 0.2178  data: 0.0004  max mem: 3483
Passive Test:  [  2750/?]  eta: ?  loss: 0.0126 (0.4838)  accuracy: 1.0000 (0.8433)  balanced_accuracy: 1.0000 (0.8453)  pr_auc: 1.0000 (0.9211)  roc_auc: 1.0000 (0.9297)  time: 0.2192  data: 0.0004  max mem: 3483
Passive Test:  [  2760/?]  eta: ?  loss: 0.0283 (0.4830)  accuracy: 1.0000 (0.8435)  balanced_accuracy: 1.0000 (0.8458)  pr_auc: 1.0000 (0.9215)  roc_auc: 1.0000 (0.9300)  time: 0.1896  data: 0.0004  max mem: 3483
Passive Test:  [  2770/?]  eta: ?  loss: 0.0099 (0.4813)  accuracy: 1.0000 (0.8440)  balanced_accuracy: 1.0000 (0.8465)  pr_auc: 1.0000 (0.9219)  roc_auc: 1.0000 (0.9303)  time: 0.1890  data: 0.0004  max mem: 3483
Passive Test:  [  2780/?]  eta: ?  loss: 0.0064 (0.4798)  accuracy: 1.0000 (0.8445)  balanced_accuracy: 1.0000 (0.8472)  pr_auc: 1.0000 (0.9223)  roc_auc: 1.0000 (0.9307)  time: 0.1890  data: 0.0004  max mem: 3483
Passive Test:  [  2790/?]  eta: ?  loss: 0.0213 (0.4794)  accuracy: 0.9844 (0.8445)  balanced_accuracy: 1.0000 (0.8471)  pr_auc: 1.0000 (0.9225)  roc_auc: 1.0000 (0.9309)  time: 0.1871  data: 0.0004  max mem: 3483
Passive Test:  [  2800/?]  eta: ?  loss: 0.1524 (0.4788)  accuracy: 0.9375 (0.8447)  balanced_accuracy: 1.0000 (0.8475)  pr_auc: 1.0000 (0.9227)  roc_auc: 1.0000 (0.9311)  time: 0.1851  data: 0.0004  max mem: 3483
Passive Test:  [  2810/?]  eta: ?  loss: 0.0978 (0.4775)  accuracy: 0.9531 (0.8450)  balanced_accuracy: 0.9659 (0.8479)  pr_auc: 1.0000 (0.9230)  roc_auc: 1.0000 (0.9313)  time: 0.2021  data: 0.0004  max mem: 3483
Passive Test:  [  2820/?]  eta: ?  loss: 0.0955 (0.4768)  accuracy: 0.9375 (0.8450)  balanced_accuracy: 0.9531 (0.8477)  pr_auc: 1.0000 (0.9228)  roc_auc: 1.0000 (0.9310)  time: 0.2035  data: 0.0004  max mem: 3483
Passive Test:  [  2830/?]  eta: ?  loss: 0.1752 (0.4756)  accuracy: 0.9219 (0.8453)  balanced_accuracy: 0.9062 (0.8479)  pr_auc: 1.0000 (0.9230)  roc_auc: 1.0000 (0.9312)  time: 0.1877  data: 0.0004  max mem: 3483
Passive Test:  [  2840/?]  eta: ?  loss: 0.0419 (0.4745)  accuracy: 0.9219 (0.8455)  balanced_accuracy: 0.8906 (0.8481)  pr_auc: 1.0000 (0.9232)  roc_auc: 1.0000 (0.9314)  time: 0.1867  data: 0.0004  max mem: 3483
Passive Test:  [  2850/?]  eta: ?  loss: 0.0419 (0.4735)  accuracy: 0.9688 (0.8456)  balanced_accuracy: 0.8750 (0.8479)  pr_auc: 1.0000 (0.9229)  roc_auc: 1.0000 (0.9314)  time: 0.1863  data: 0.0004  max mem: 3483
Passive Test:  [  2860/?]  eta: ?  loss: 0.0060 (0.4722)  accuracy: 1.0000 (0.8460)  balanced_accuracy: 1.0000 (0.8481)  pr_auc: 1.0000 (0.9232)  roc_auc: 1.0000 (0.9316)  time: 0.1861  data: 0.0004  max mem: 3483
Passive Test:  [  2870/?]  eta: ?  loss: 0.0152 (0.4715)  accuracy: 1.0000 (0.8460)  balanced_accuracy: 0.8281 (0.8479)  pr_auc: 1.0000 (0.9233)  roc_auc: 1.0000 (0.9316)  time: 0.1860  data: 0.0004  max mem: 3483
Passive Test:  [  2880/?]  eta: ?  loss: 0.1421 (0.4708)  accuracy: 0.9531 (0.8459)  balanced_accuracy: 0.8281 (0.8479)  pr_auc: 1.0000 (0.9233)  roc_auc: 1.0000 (0.9316)  time: 0.1979  data: 0.0003  max mem: 3483
Passive Test:  [  2890/?]  eta: ?  loss: 0.0673 (0.4699)  accuracy: 0.9688 (0.8460)  balanced_accuracy: 0.8281 (0.8479)  pr_auc: 1.0000 (0.9233)  roc_auc: 1.0000 (0.9316)  time: 0.2068  data: 0.0003  max mem: 3483
Passive Test:  [  2900/?]  eta: ?  loss: 0.0622 (0.4703)  accuracy: 0.9688 (0.8459)  balanced_accuracy: 0.8281 (0.8479)  pr_auc: 1.0000 (0.9233)  roc_auc: 1.0000 (0.9316)  time: 0.1935  data: 0.0003  max mem: 3483
Passive Test:  [  2910/?]  eta: ?  loss: 0.0682 (0.4721)  accuracy: 0.9531 (0.8456)  balanced_accuracy: 0.8281 (0.8479)  pr_auc: 1.0000 (0.9233)  roc_auc: 1.0000 (0.9316)  time: 0.1813  data: 0.0003  max mem: 3483
Passive Test:  [  2920/?]  eta: ?  loss: 0.2084 (0.4719)  accuracy: 0.7500 (0.8454)  balanced_accuracy: 0.8281 (0.8480)  pr_auc: 1.0000 (0.9233)  roc_auc: 1.0000 (0.9317)  time: 0.1800  data: 0.0003  max mem: 3483
Passive Test:  [  2930/?]  eta: ?  loss: 0.3199 (0.4727)  accuracy: 0.8906 (0.8453)  balanced_accuracy: 0.8281 (0.8481)  pr_auc: 1.0000 (0.9234)  roc_auc: 1.0000 (0.9318)  time: 0.1825  data: 0.0003  max mem: 3483
Passive Test:  [  2940/?]  eta: ?  loss: 0.1011 (0.4716)  accuracy: 0.9375 (0.8457)  balanced_accuracy: 0.9375 (0.8483)  pr_auc: 1.0000 (0.9236)  roc_auc: 1.0000 (0.9320)  time: 0.1849  data: 0.0004  max mem: 3483
Passive Test:  [  2950/?]  eta: ?  loss: 0.0592 (0.4709)  accuracy: 0.9688 (0.8457)  balanced_accuracy: 0.9375 (0.8484)  pr_auc: 1.0000 (0.9238)  roc_auc: 1.0000 (0.9321)  time: 0.2000  data: 0.0004  max mem: 3483
Passive Test:  [  2960/?]  eta: ?  loss: 0.0364 (0.4700)  accuracy: 0.9688 (0.8460)  balanced_accuracy: 0.9688 (0.8486)  pr_auc: 1.0000 (0.9239)  roc_auc: 1.0000 (0.9322)  time: 0.2004  data: 0.0004  max mem: 3483
Passive Test:  [  2970/?]  eta: ?  loss: 0.0492 (0.4694)  accuracy: 0.9688 (0.8463)  balanced_accuracy: 0.9688 (0.8489)  pr_auc: 1.0000 (0.9241)  roc_auc: 1.0000 (0.9324)  time: 0.1869  data: 0.0004  max mem: 3483
Passive Test:  [  2980/?]  eta: ?  loss: 0.0567 (0.4698)  accuracy: 0.9688 (0.8463)  balanced_accuracy: 0.9688 (0.8490)  pr_auc: 1.0000 (0.9243)  roc_auc: 1.0000 (0.9326)  time: 0.1870  data: 0.0003  max mem: 3483
Passive Test:  [  2990/?]  eta: ?  loss: 0.3303 (0.4715)  accuracy: 0.8281 (0.8459)  balanced_accuracy: 0.9531 (0.8490)  pr_auc: 1.0000 (0.9241)  roc_auc: 1.0000 (0.9327)  time: 0.1873  data: 0.0004  max mem: 3483
Passive Test:  [  3000/?]  eta: ?  loss: 0.3303 (0.4716)  accuracy: 0.8750 (0.8459)  balanced_accuracy: 0.8750 (0.8493)  pr_auc: 0.9991 (0.9244)  roc_auc: 0.9990 (0.9330)  time: 0.1899  data: 0.0004  max mem: 3483
Passive Test:  [  3010/?]  eta: ?  loss: 0.2974 (0.4712)  accuracy: 0.8750 (0.8459)  balanced_accuracy: 0.8750 (0.8492)  pr_auc: 1.0000 (0.9246)  roc_auc: 1.0000 (0.9331)  time: 0.1896  data: 0.0004  max mem: 3483
Passive Test:  [  3020/?]  eta: ?  loss: 0.1098 (0.4701)  accuracy: 0.9219 (0.8462)  balanced_accuracy: 0.8750 (0.8496)  pr_auc: 1.0000 (0.9249)  roc_auc: 1.0000 (0.9334)  time: 0.1890  data: 0.0004  max mem: 3483
Passive Test:  [  3030/?]  eta: ?  loss: 0.1230 (0.4702)  accuracy: 0.9375 (0.8461)  balanced_accuracy: 0.9375 (0.8493)  pr_auc: 1.0000 (0.9247)  roc_auc: 1.0000 (0.9331)  time: 0.2042  data: 0.0004  max mem: 3483
Passive Test:  [  3040/?]  eta: ?  loss: 0.2579 (0.4707)  accuracy: 0.8906 (0.8458)  balanced_accuracy: 0.9375 (0.8487)  pr_auc: 0.9896 (0.9241)  roc_auc: 0.9883 (0.9324)  time: 0.2045  data: 0.0004  max mem: 3483
Passive Test:  [  3050/?]  eta: ?  loss: 0.4285 (0.4719)  accuracy: 0.7812 (0.8453)  balanced_accuracy: 0.6562 (0.8477)  pr_auc: 0.8336 (0.9232)  roc_auc: 0.8516 (0.9313)  time: 0.2049  data: 0.0004  max mem: 3483
Passive Test:  [  3060/?]  eta: ?  loss: 0.3435 (0.4718)  accuracy: 0.7656 (0.8452)  balanced_accuracy: 0.6772 (0.8474)  pr_auc: 0.8784 (0.9228)  roc_auc: 0.8867 (0.9310)  time: 0.2028  data: 0.0004  max mem: 3483
Passive Test:  [  3070/?]  eta: ?  loss: 0.2582 (0.4720)  accuracy: 0.8438 (0.8450)  balanced_accuracy: 0.5938 (0.8469)  pr_auc: 0.8115 (0.9223)  roc_auc: 0.7705 (0.9305)  time: 0.1869  data: 0.0004  max mem: 3483
Passive Test:  [  3080/?]  eta: ?  loss: 0.1450 (0.4719)  accuracy: 0.8906 (0.8449)  balanced_accuracy: 0.5938 (0.8465)  pr_auc: 0.6138 (0.9218)  roc_auc: 0.7178 (0.9301)  time: 0.1856  data: 0.0004  max mem: 3483
Passive Test:  [  3090/?]  eta: ?  loss: 0.2923 (0.4716)  accuracy: 0.8438 (0.8448)  balanced_accuracy: 0.7031 (0.8465)  pr_auc: 0.6464 (0.9216)  roc_auc: 0.7471 (0.9299)  time: 0.1845  data: 0.0003  max mem: 3483
Passive Test:  [  3100/?]  eta: ?  loss: 0.2000 (0.4718)  accuracy: 0.8906 (0.8450)  balanced_accuracy: 0.7188 (0.8467)  pr_auc: 0.8784 (0.9213)  roc_auc: 0.9111 (0.9299)  time: 0.2000  data: 0.0004  max mem: 3483
Passive Test:  [  3110/?]  eta: ?  loss: 0.0619 (0.4707)  accuracy: 0.9688 (0.8453)  balanced_accuracy: 0.7869 (0.8468)  pr_auc: 0.9504 (0.9213)  roc_auc: 0.9141 (0.9300)  time: 0.1980  data: 0.0004  max mem: 3483
Passive Test:  [  3120/?]  eta: ?  loss: 0.0695 (0.4702)  accuracy: 0.9688 (0.8453)  balanced_accuracy: 0.7869 (0.8468)  pr_auc: 0.9504 (0.9213)  roc_auc: 0.9141 (0.9300)  time: 0.1807  data: 0.0003  max mem: 3483
Passive Test:  [  3130/?]  eta: ?  loss: 0.0603 (0.4690)  accuracy: 0.9844 (0.8457)  balanced_accuracy: 0.7869 (0.8469)  pr_auc: 0.9504 (0.9214)  roc_auc: 0.9141 (0.9300)  time: 0.1806  data: 0.0003  max mem: 3483
Passive Test:  [  3140/?]  eta: ?  loss: 0.0332 (0.4677)  accuracy: 1.0000 (0.8461)  balanced_accuracy: 0.7869 (0.8469)  pr_auc: 0.9504 (0.9214)  roc_auc: 0.9141 (0.9300)  time: 0.1806  data: 0.0003  max mem: 3483
Passive Test:  [  3150/?]  eta: ?  loss: 0.0219 (0.4665)  accuracy: 1.0000 (0.8465)  balanced_accuracy: 0.8145 (0.8470)  pr_auc: 0.9833 (0.9214)  roc_auc: 0.9780 (0.9301)  time: 0.1813  data: 0.0003  max mem: 3483
Passive Test:  [  3160/?]  eta: ?  loss: 0.0219 (0.4652)  accuracy: 0.9844 (0.8469)  balanced_accuracy: 0.8145 (0.8470)  pr_auc: 0.9833 (0.9214)  roc_auc: 0.9780 (0.9301)  time: 0.1818  data: 0.0003  max mem: 3483
Passive Test:  [  3170/?]  eta: ?  loss: 0.0166 (0.4646)  accuracy: 1.0000 (0.8471)  balanced_accuracy: 0.8549 (0.8471)  pr_auc: 1.0000 (0.9215)  roc_auc: 1.0000 (0.9302)  time: 0.1965  data: 0.0003  max mem: 3483
Passive Test:  [  3180/?]  eta: ?  loss: 0.1429 (0.4645)  accuracy: 0.9375 (0.8469)  balanced_accuracy: 0.8549 (0.8471)  pr_auc: 1.0000 (0.9215)  roc_auc: 1.0000 (0.9302)  time: 0.1962  data: 0.0003  max mem: 3483
Passive Test: Total time: 0:10:17 (0.1938 s / it)
* loss 0.465
  ACTIVE Test Acc: 88.1330% (n=35,284)
  PASSIVE Test Acc: 84.6451% (n=204,188)
  → Epoch   5/50 | Train Loss: 0.2722 | Val Loss: 0.4571 | Train Acc: 89.9444% | Val Acc: 85.1511% | LR: 0.000001
Max accuracy val: 86.05%, max accuracy test: 86.40%
Epoch: [5]  [     0/?]  eta: ?  lr: 0.000500  min_lr: 0.000002  loss: 0.2299 (0.2299)  class_acc: 0.9180 (0.9180)  loss_scale: 64.0000 (64.0000)  weight_decay: 0.0500 (0.0500)  grad_norm: 98.9025 (98.9025)  time: 8.7194  data: 7.6194  max mem: 3483
Epoch: [5]  [   500/?]  eta: ?  lr: 0.000500  min_lr: 0.000002  loss: 0.2475 (0.2460)  class_acc: 0.9082 (0.9101)  loss_scale: 64.0000 (64.0000)  weight_decay: 0.0500 (0.0500)  grad_norm: 83.7155 (82.9233)  time: 1.3316  data: 0.0014  max mem: 3483
Epoch: [5]  [  1000/?]  eta: ?  lr: 0.000500  min_lr: 0.000002  loss: 0.2300 (0.2404)  class_acc: 0.9160 (0.9119)  loss_scale: 128.0000 (89.3187)  weight_decay: 0.0500 (0.0500)  grad_norm: 71.9205 (80.1292)  time: 1.3453  data: 0.0009  max mem: 3483
Epoch: [5]  [  1500/?]  eta: ?  lr: 0.000500  min_lr: 0.000002  loss: 0.2186 (0.2344)  class_acc: 0.9199 (0.9140)  loss_scale: 128.0000 (102.2039)  weight_decay: 0.0500 (0.0500)  grad_norm: 77.4578 (78.2662)  time: 1.3361  data: 0.0012  max mem: 3483
NaN or Inf found in input tensor.
Epoch: [5]  [  2000/?]  eta: ?  lr: 0.000500  min_lr: 0.000002  loss: 0.1886 (0.2280)  class_acc: 0.9297 (0.9162)  loss_scale: 64.0000 (100.9095)  weight_decay: 0.0500 (0.0500)  grad_norm: 65.5028 (nan)  time: 1.3442  data: 0.0019  max mem: 3483
Epoch: [5] Total time: 0:48:19 (1.3363 s / it)
Val:  [     0/?]  eta: ?  loss: 0.0521 (0.0521)  accuracy: 0.9831 (0.9831)  balanced_accuracy: 0.9908 (0.9908)  pr_auc: 1.0000 (1.0000)  roc_auc: 1.0000 (1.0000)  time: 10.5102  data: 9.8159  max mem: 3483
Val:  [    10/?]  eta: ?  loss: 0.0938 (0.5121)  accuracy: 0.9518 (0.8633)  balanced_accuracy: 0.9043 (0.8549)  pr_auc: 0.9871 (0.9169)  roc_auc: 0.9894 (0.9296)  time: 1.2328  data: 0.8931  max mem: 3483
Val:  [    20/?]  eta: ?  loss: 0.0938 (0.4460)  accuracy: 0.9271 (0.8776)  balanced_accuracy: 0.8693 (0.8545)  pr_auc: 0.9724 (0.9318)  roc_auc: 0.9894 (0.9348)  time: 0.2849  data: 0.0008  max mem: 3483
Val:  [    30/?]  eta: ?  loss: 0.1570 (0.3669)  accuracy: 0.9219 (0.8909)  balanced_accuracy: 0.8693 (0.8684)  pr_auc: 0.9740 (0.9424)  roc_auc: 0.9878 (0.9519)  time: 0.2653  data: 0.0008  max mem: 3483
Val:  [    40/?]  eta: ?  loss: 0.1755 (0.3480)  accuracy: 0.9154 (0.8875)  balanced_accuracy: 0.9102 (0.8740)  pr_auc: 0.9764 (0.9324)  roc_auc: 0.9878 (0.9548)  time: 0.2667  data: 0.0009  max mem: 3483
Val:  [    50/?]  eta: ?  loss: 0.1992 (0.3307)  accuracy: 0.8880 (0.8884)  balanced_accuracy: 0.8918 (0.8764)  pr_auc: 0.9804 (0.9333)  roc_auc: 0.9871 (0.9569)  time: 0.2870  data: 0.0009  max mem: 3483
Val:  [    60/?]  eta: ?  loss: 0.2680 (0.3641)  accuracy: 0.8685 (0.8839)  balanced_accuracy: 0.8601 (0.8706)  pr_auc: 0.9315 (0.9236)  roc_auc: 0.9550 (0.9511)  time: 0.2857  data: 0.0008  max mem: 3483
Val:  [    70/?]  eta: ?  loss: 0.5084 (0.4006)  accuracy: 0.8255 (0.8749)  balanced_accuracy: 0.8601 (0.8682)  pr_auc: 0.9315 (0.9203)  roc_auc: 0.9344 (0.9452)  time: 0.2643  data: 0.0008  max mem: 3483
Val:  [    80/?]  eta: ?  loss: 0.3386 (0.3872)  accuracy: 0.8620 (0.8777)  balanced_accuracy: 0.8421 (0.8695)  pr_auc: 0.9162 (0.9180)  roc_auc: 0.9284 (0.9450)  time: 0.2615  data: 0.0008  max mem: 3483
Val:  [    90/?]  eta: ?  loss: 0.1967 (0.3759)  accuracy: 0.9076 (0.8800)  balanced_accuracy: 0.8965 (0.8703)  pr_auc: 0.9810 (0.9186)  roc_auc: 0.9738 (0.9483)  time: 0.2614  data: 0.0008  max mem: 3483
Val:  [   100/?]  eta: ?  loss: 0.1976 (0.3883)  accuracy: 0.8945 (0.8768)  balanced_accuracy: 0.8896 (0.8683)  pr_auc: 0.9364 (0.9117)  roc_auc: 0.9599 (0.9472)  time: 0.2643  data: 0.0008  max mem: 3483
Val:  [   110/?]  eta: ?  loss: 0.2637 (0.3975)  accuracy: 0.8776 (0.8753)  balanced_accuracy: 0.8741 (0.8680)  pr_auc: 0.9203 (0.8990)  roc_auc: 0.9578 (0.9468)  time: 0.2659  data: 0.0008  max mem: 3483
Val:  [   120/?]  eta: ?  loss: 0.2364 (0.4114)  accuracy: 0.8789 (0.8728)  balanced_accuracy: 0.9053 (0.8701)  pr_auc: 0.9588 (0.9037)  roc_auc: 0.9890 (0.9484)  time: 0.2867  data: 0.0008  max mem: 3483
Val:  [   130/?]  eta: ?  loss: 0.3089 (0.4360)  accuracy: 0.8424 (0.8683)  balanced_accuracy: 0.9044 (0.8684)  pr_auc: 0.9652 (0.8977)  roc_auc: 0.9902 (0.9464)  time: 0.2833  data: 0.0008  max mem: 3483
Val:  [   140/?]  eta: ?  loss: 0.2880 (0.4639)  accuracy: 0.8424 (0.8626)  balanced_accuracy: 0.8617 (0.8644)  pr_auc: 0.9745 (0.8925)  roc_auc: 0.9888 (0.9421)  time: 0.2742  data: 0.0008  max mem: 3483
Val:  [   150/?]  eta: ?  loss: 0.2822 (0.4515)  accuracy: 0.8802 (0.8643)  balanced_accuracy: 0.8862 (0.8663)  pr_auc: 0.9735 (0.8959)  roc_auc: 0.9708 (0.9434)  time: 0.2752  data: 0.0008  max mem: 3483
Val:  [   160/?]  eta: ?  loss: 0.1867 (0.4493)  accuracy: 0.8971 (0.8649)  balanced_accuracy: 0.8991 (0.8655)  pr_auc: 0.9722 (0.8952)  roc_auc: 0.9708 (0.9422)  time: 0.2627  data: 0.0009  max mem: 3483
Val:  [   170/?]  eta: ?  loss: 0.1588 (0.4430)  accuracy: 0.9336 (0.8663)  balanced_accuracy: 0.9158 (0.8656)  pr_auc: 0.9260 (0.8921)  roc_auc: 0.9817 (0.9405)  time: 0.2608  data: 0.0008  max mem: 3483
Val:  [   180/?]  eta: ?  loss: 0.1227 (0.4405)  accuracy: 0.9375 (0.8680)  balanced_accuracy: 0.8991 (0.8658)  pr_auc: 0.9260 (0.8907)  roc_auc: 0.9784 (0.9381)  time: 0.2597  data: 0.0008  max mem: 3483
Val:  [   190/?]  eta: ?  loss: 0.1380 (0.4418)  accuracy: 0.8932 (0.8671)  balanced_accuracy: 0.8700 (0.8652)  pr_auc: 0.9838 (0.8924)  roc_auc: 0.9784 (0.9378)  time: 0.2622  data: 0.0009  max mem: 3483
Val:  [   200/?]  eta: ?  loss: 0.2636 (0.4336)  accuracy: 0.8802 (0.8680)  balanced_accuracy: 0.8698 (0.8667)  pr_auc: 0.9955 (0.8979)  roc_auc: 0.9969 (0.9410)  time: 0.2648  data: 0.0008  max mem: 3483
Val:  [   210/?]  eta: ?  loss: 0.2324 (0.4275)  accuracy: 0.9010 (0.8692)  balanced_accuracy: 0.8889 (0.8673)  pr_auc: 0.9955 (0.8967)  roc_auc: 0.9969 (0.9412)  time: 0.2658  data: 0.0008  max mem: 3483
Val:  [   220/?]  eta: ?  loss: 0.1384 (0.4221)  accuracy: 0.9440 (0.8698)  balanced_accuracy: 0.9141 (0.8663)  pr_auc: 0.9951 (0.8966)  roc_auc: 0.9957 (0.9426)  time: 0.2633  data: 0.0008  max mem: 3483
Val:  [   230/?]  eta: ?  loss: 0.1537 (0.4115)  accuracy: 0.9388 (0.8716)  balanced_accuracy: 0.9440 (0.8686)  pr_auc: 0.9880 (0.8996)  roc_auc: 0.9947 (0.9442)  time: 0.2915  data: 0.0008  max mem: 3483
Val:  [   240/?]  eta: ?  loss: 0.1537 (0.4048)  accuracy: 0.9336 (0.8711)  balanced_accuracy: 0.9336 (0.8708)  pr_auc: 0.9880 (0.9015)  roc_auc: 0.9947 (0.9459)  time: 0.2898  data: 0.0008  max mem: 3483
Val:  [   250/?]  eta: ?  loss: 0.1239 (0.4057)  accuracy: 0.9505 (0.8701)  balanced_accuracy: 0.9336 (0.8715)  pr_auc: 0.9989 (0.9019)  roc_auc: 0.9967 (0.9465)  time: 0.2609  data: 0.0008  max mem: 3483
Val:  [   260/?]  eta: ?  loss: 0.1013 (0.4040)  accuracy: 0.9505 (0.8717)  balanced_accuracy: 0.9470 (0.8740)  pr_auc: 0.9996 (0.9044)  roc_auc: 0.9992 (0.9486)  time: 0.2646  data: 0.0008  max mem: 3483
Val:  [   270/?]  eta: ?  loss: 0.1623 (0.4019)  accuracy: 0.9323 (0.8723)  balanced_accuracy: 0.9338 (0.8749)  pr_auc: 0.9932 (0.9048)  roc_auc: 0.9962 (0.9497)  time: 0.2659  data: 0.0008  max mem: 3483
Val:  [   280/?]  eta: ?  loss: 0.2460 (0.4095)  accuracy: 0.9049 (0.8721)  balanced_accuracy: 0.9154 (0.8748)  pr_auc: 0.9709 (0.9008)  roc_auc: 0.9817 (0.9487)  time: 0.2645  data: 0.0008  max mem: 3483
Val:  [   290/?]  eta: ?  loss: 0.2460 (0.4183)  accuracy: 0.8997 (0.8699)  balanced_accuracy: 0.8895 (0.8720)  pr_auc: 0.9702 (0.9000)  roc_auc: 0.9794 (0.9454)  time: 0.2624  data: 0.0008  max mem: 3483
Val:  [   300/?]  eta: ?  loss: 0.3960 (0.4378)  accuracy: 0.7799 (0.8652)  balanced_accuracy: 0.8542 (0.8666)  pr_auc: 0.9391 (0.8960)  roc_auc: 0.9585 (0.9412)  time: 0.2589  data: 0.0008  max mem: 3483
Val:  [   310/?]  eta: ?  loss: 0.7438 (0.4549)  accuracy: 0.7344 (0.8613)  balanced_accuracy: 0.7421 (0.8618)  pr_auc: 0.8999 (0.8927)  roc_auc: 0.9331 (0.9376)  time: 0.2465  data: 0.0008  max mem: 3483
Val: Total time: 0:01:36 (0.3014 s / it)
* loss 0.463
Test:  [     0/?]  eta: ?  loss: 0.3123 (0.3123)  accuracy: 0.9232 (0.9232)  balanced_accuracy: 0.9230 (0.9230)  pr_auc: 0.9930 (0.9930)  roc_auc: 0.9924 (0.9924)  time: 5.8980  data: 5.5972  max mem: 3483
Test:  [    10/?]  eta: ?  loss: 0.2871 (0.3335)  accuracy: 0.8880 (0.8939)  balanced_accuracy: 0.9133 (0.8662)  pr_auc: 0.9734 (0.8730)  roc_auc: 0.9660 (0.9657)  time: 0.7825  data: 0.5096  max mem: 3483
Test:  [    20/?]  eta: ?  loss: 0.2551 (0.3511)  accuracy: 0.8724 (0.8793)  balanced_accuracy: 0.8803 (0.8575)  pr_auc: 0.9642 (0.8923)  roc_auc: 0.9675 (0.9535)  time: 0.2700  data: 0.0008  max mem: 3483
Test:  [    30/?]  eta: ?  loss: 0.2272 (0.3910)  accuracy: 0.9036 (0.8701)  balanced_accuracy: 0.8389 (0.8543)  pr_auc: 0.9454 (0.9046)  roc_auc: 0.9736 (0.9440)  time: 0.2688  data: 0.0008  max mem: 3483
Test:  [    40/?]  eta: ?  loss: 0.1872 (0.4089)  accuracy: 0.9258 (0.8717)  balanced_accuracy: 0.9271 (0.8691)  pr_auc: 0.9750 (0.9215)  roc_auc: 0.9799 (0.9488)  time: 0.2669  data: 0.0008  max mem: 3483
Test:  [    50/?]  eta: ?  loss: 0.2191 (0.4102)  accuracy: 0.9089 (0.8722)  balanced_accuracy: 0.9238 (0.8666)  pr_auc: 0.9852 (0.9186)  roc_auc: 0.9907 (0.9508)  time: 0.2662  data: 0.0008  max mem: 3483
Test:  [    60/?]  eta: ?  loss: 0.2262 (0.3943)  accuracy: 0.9089 (0.8739)  balanced_accuracy: 0.9082 (0.8626)  pr_auc: 0.9787 (0.9000)  roc_auc: 0.9833 (0.9437)  time: 0.2927  data: 0.0008  max mem: 3483
Test:  [    70/?]  eta: ?  loss: 0.2262 (0.3958)  accuracy: 0.9049 (0.8735)  balanced_accuracy: 0.9127 (0.8640)  pr_auc: 0.9426 (0.9008)  roc_auc: 0.9819 (0.9435)  time: 0.2924  data: 0.0008  max mem: 3483
Test:  [    80/?]  eta: ?  loss: 0.1450 (0.3995)  accuracy: 0.9167 (0.8721)  balanced_accuracy: 0.9446 (0.8674)  pr_auc: 0.9849 (0.9067)  roc_auc: 0.9961 (0.9477)  time: 0.2662  data: 0.0009  max mem: 3483
Test:  [    90/?]  eta: ?  loss: 0.2668 (0.3985)  accuracy: 0.8646 (0.8697)  balanced_accuracy: 0.9127 (0.8650)  pr_auc: 0.9825 (0.9080)  roc_auc: 0.9955 (0.9452)  time: 0.2632  data: 0.0009  max mem: 3483
Test:  [   100/?]  eta: ?  loss: 0.3891 (0.3943)  accuracy: 0.8424 (0.8695)  balanced_accuracy: 0.8896 (0.8604)  pr_auc: 0.9616 (0.9099)  roc_auc: 0.9842 (0.9444)  time: 0.2680  data: 0.0009  max mem: 3483
Test:  [   110/?]  eta: ?  loss: 0.4053 (0.4147)  accuracy: 0.8477 (0.8641)  balanced_accuracy: 0.7978 (0.8510)  pr_auc: 0.9521 (0.9054)  roc_auc: 0.9293 (0.9388)  time: 0.2894  data: 0.0008  max mem: 3483
Test:  [   120/?]  eta: ?  loss: 0.4123 (0.4291)  accuracy: 0.8359 (0.8609)  balanced_accuracy: 0.7800 (0.8431)  pr_auc: 0.8888 (0.8960)  roc_auc: 0.9264 (0.9285)  time: 0.3024  data: 0.0009  max mem: 3483
Test:  [   130/?]  eta: ?  loss: 0.2121 (0.4140)  accuracy: 0.9102 (0.8655)  balanced_accuracy: 0.8552 (0.8498)  pr_auc: 0.9399 (0.8925)  roc_auc: 0.9484 (0.9315)  time: 0.2832  data: 0.0009  max mem: 3483
Test:  [   140/?]  eta: ?  loss: 0.1256 (0.4054)  accuracy: 0.9492 (0.8693)  balanced_accuracy: 0.9446 (0.8556)  pr_auc: 0.9802 (0.8965)  roc_auc: 0.9923 (0.9340)  time: 0.2657  data: 0.0009  max mem: 3483
Test:  [   150/?]  eta: ?  loss: 0.2102 (0.4221)  accuracy: 0.9492 (0.8698)  balanced_accuracy: 0.9471 (0.8559)  pr_auc: 0.9606 (0.8971)  roc_auc: 0.9672 (0.9333)  time: 0.2655  data: 0.0009  max mem: 3483
Test:  [   160/?]  eta: ?  loss: 0.2102 (0.4464)  accuracy: 0.8997 (0.8665)  balanced_accuracy: 0.9453 (0.8541)  pr_auc: 0.9348 (0.8915)  roc_auc: 0.9827 (0.9284)  time: 0.2638  data: 0.0009  max mem: 3483
Test:  [   170/?]  eta: ?  loss: 0.2582 (0.4515)  accuracy: 0.8880 (0.8653)  balanced_accuracy: 0.9215 (0.8528)  pr_auc: 0.9266 (0.8918)  roc_auc: 0.9827 (0.9267)  time: 0.2608  data: 0.0008  max mem: 3483
Test:  [   180/?]  eta: ?  loss: 0.1198 (0.4403)  accuracy: 0.9466 (0.8689)  balanced_accuracy: 0.9398 (0.8575)  pr_auc: 0.9833 (0.8923)  roc_auc: 0.9929 (0.9294)  time: 0.2802  data: 0.0008  max mem: 3483
Test:  [   190/?]  eta: ?  loss: 0.1578 (0.4359)  accuracy: 0.9466 (0.8695)  balanced_accuracy: 0.8881 (0.8560)  pr_auc: 0.9743 (0.8907)  roc_auc: 0.9856 (0.9304)  time: 0.2836  data: 0.0008  max mem: 3483
Test:  [   200/?]  eta: ?  loss: 0.2161 (0.4268)  accuracy: 0.9115 (0.8717)  balanced_accuracy: 0.8646 (0.8591)  pr_auc: 0.9572 (0.8951)  roc_auc: 0.9856 (0.9330)  time: 0.2665  data: 0.0009  max mem: 3483
Test:  [   210/?]  eta: ?  loss: 0.2147 (0.4271)  accuracy: 0.9232 (0.8723)  balanced_accuracy: 0.8672 (0.8581)  pr_auc: 0.9893 (0.8892)  roc_auc: 0.9849 (0.9313)  time: 0.2783  data: 0.0009  max mem: 3483
Test:  [   220/?]  eta: ?  loss: 0.2147 (0.4500)  accuracy: 0.9219 (0.8687)  balanced_accuracy: 0.8672 (0.8534)  pr_auc: 0.9908 (0.8860)  roc_auc: 0.9904 (0.9256)  time: 0.2854  data: 0.0009  max mem: 3483
Test:  [   230/?]  eta: ?  loss: 0.2769 (0.4800)  accuracy: 0.7904 (0.8643)  balanced_accuracy: 0.8044 (0.8486)  pr_auc: 0.9500 (0.8844)  roc_auc: 0.9407 (0.9195)  time: 0.2725  data: 0.0009  max mem: 3483
Test:  [   240/?]  eta: ?  loss: 0.2501 (0.4831)  accuracy: 0.8737 (0.8639)  balanced_accuracy: 0.8928 (0.8487)  pr_auc: 0.9622 (0.8832)  roc_auc: 0.9885 (0.9185)  time: 0.2843  data: 0.0009  max mem: 3483
Test:  [   250/?]  eta: ?  loss: 0.1238 (0.4890)  accuracy: 0.9049 (0.8635)  balanced_accuracy: 0.9042 (0.8492)  pr_auc: 0.9855 (0.8853)  roc_auc: 0.9956 (0.9184)  time: 0.2853  data: 0.0009  max mem: 3483
Test:  [   260/?]  eta: ?  loss: 0.1703 (0.4825)  accuracy: 0.9036 (0.8648)  balanced_accuracy: 0.9048 (0.8501)  pr_auc: 0.9823 (0.8872)  roc_auc: 0.9920 (0.9195)  time: 0.2648  data: 0.0009  max mem: 3483
Test:  [   270/?]  eta: ?  loss: 0.1200 (0.4779)  accuracy: 0.9310 (0.8656)  balanced_accuracy: 0.9234 (0.8502)  pr_auc: 0.9823 (0.8853)  roc_auc: 0.9918 (0.9195)  time: 0.2650  data: 0.0009  max mem: 3483
Test:  [   280/?]  eta: ?  loss: 0.1122 (0.4760)  accuracy: 0.9414 (0.8658)  balanced_accuracy: 0.9077 (0.8494)  pr_auc: 0.9823 (0.8868)  roc_auc: 0.9920 (0.9206)  time: 0.2634  data: 0.0010  max mem: 3483
Test:  [   290/?]  eta: ?  loss: 0.1489 (0.4713)  accuracy: 0.9076 (0.8661)  balanced_accuracy: 0.8538 (0.8493)  pr_auc: 0.9955 (0.8881)  roc_auc: 0.9958 (0.9217)  time: 0.2625  data: 0.0009  max mem: 3483
Test:  [   300/?]  eta: ?  loss: 0.1678 (0.4702)  accuracy: 0.9076 (0.8665)  balanced_accuracy: 0.8523 (0.8483)  pr_auc: 0.9853 (0.8883)  roc_auc: 0.9958 (0.9220)  time: 0.2730  data: 0.0008  max mem: 3483
Test: Total time: 0:01:30 (0.2924 s / it)
* loss 0.469
  → Epoch   6/50 | Train Loss: 0.2259 | Val Loss: 0.4635 | Train Acc: 91.7029% | Val Acc: 86.0881% | LR: 0.000002
Max accuracy val: 86.09%, max accuracy test: 86.64%
Epoch: [6]  [     0/?]  eta: ?  lr: 0.000499  min_lr: 0.000002  loss: 0.1551 (0.1551)  class_acc: 0.9512 (0.9512)  loss_scale: 64.0000 (64.0000)  weight_decay: 0.0500 (0.0500)  grad_norm: 61.5088 (61.5088)  time: 13.6329  data: 12.5791  max mem: 3483
Epoch: [6]  [   500/?]  eta: ?  lr: 0.000499  min_lr: 0.000002  loss: 0.1953 (0.1945)  class_acc: 0.9238 (0.9289)  loss_scale: 64.0000 (64.0000)  weight_decay: 0.0500 (0.0500)  grad_norm: 74.4855 (70.5963)  time: 1.3385  data: 0.0021  max mem: 3483
Epoch: [6]  [  1000/?]  eta: ?  lr: 0.000499  min_lr: 0.000002  loss: 0.1798 (0.1902)  class_acc: 0.9355 (0.9302)  loss_scale: 64.0000 (64.0000)  weight_decay: 0.0500 (0.0500)  grad_norm: 66.0954 (69.5178)  time: 1.3428  data: 0.0013  max mem: 3483
Epoch: [6]  [  1500/?]  eta: ?  lr: 0.000499  min_lr: 0.000002  loss: 0.1710 (0.1859)  class_acc: 0.9375 (0.9316)  loss_scale: 64.0000 (64.0000)  weight_decay: 0.0500 (0.0500)  grad_norm: 60.9825 (67.5558)  time: 1.3258  data: 0.0008  max mem: 3483
NaN or Inf found in input tensor.
Epoch: [6]  [  2000/?]  eta: ?  lr: 0.000499  min_lr: 0.000002  loss: 0.1449 (0.1820)  class_acc: 0.9434 (0.9330)  loss_scale: 64.0000 (65.0875)  weight_decay: 0.0500 (0.0500)  grad_norm: 62.3438 (inf)  time: 1.3394  data: 0.0021  max mem: 3483
Epoch: [6] Total time: 0:48:27 (1.3399 s / it)
Val:  [     0/?]  eta: ?  loss: 0.1207 (0.1207)  accuracy: 0.9518 (0.9518)  balanced_accuracy: 0.9739 (0.9739)  pr_auc: 0.9836 (0.9836)  roc_auc: 0.9990 (0.9990)  time: 8.9337  data: 8.2671  max mem: 3483
Val:  [    10/?]  eta: ?  loss: 0.1207 (0.5661)  accuracy: 0.9414 (0.8531)  balanced_accuracy: 0.8828 (0.8412)  pr_auc: 0.9836 (0.9033)  roc_auc: 0.9902 (0.9241)  time: 1.0412  data: 0.7522  max mem: 3483
Val:  [    20/?]  eta: ?  loss: 0.0990 (0.4384)  accuracy: 0.9414 (0.8828)  balanced_accuracy: 0.8828 (0.8614)  pr_auc: 0.9743 (0.9313)  roc_auc: 0.9902 (0.9384)  time: 0.2529  data: 0.0008  max mem: 3483
Val:  [    30/?]  eta: ?  loss: 0.1779 (0.3604)  accuracy: 0.9258 (0.8949)  balanced_accuracy: 0.8828 (0.8745)  pr_auc: 0.9743 (0.9437)  roc_auc: 0.9871 (0.9551)  time: 0.2532  data: 0.0007  max mem: 3483
Val:  [    40/?]  eta: ?  loss: 0.2092 (0.3688)  accuracy: 0.9206 (0.8852)  balanced_accuracy: 0.9112 (0.8701)  pr_auc: 0.9753 (0.9244)  roc_auc: 0.9905 (0.9483)  time: 0.2749  data: 0.0008  max mem: 3483
Val:  [    50/?]  eta: ?  loss: 0.2219 (0.3715)  accuracy: 0.8711 (0.8827)  balanced_accuracy: 0.8926 (0.8666)  pr_auc: 0.9659 (0.9218)  roc_auc: 0.9830 (0.9488)  time: 0.2752  data: 0.0008  max mem: 3483
Val:  [    60/?]  eta: ?  loss: 0.3272 (0.4155)  accuracy: 0.8424 (0.8751)  balanced_accuracy: 0.8284 (0.8559)  pr_auc: 0.9278 (0.9092)  roc_auc: 0.9667 (0.9421)  time: 0.2532  data: 0.0008  max mem: 3483
Val:  [    70/?]  eta: ?  loss: 0.4375 (0.4600)  accuracy: 0.8112 (0.8656)  balanced_accuracy: 0.8284 (0.8528)  pr_auc: 0.9259 (0.9060)  roc_auc: 0.9060 (0.9359)  time: 0.2514  data: 0.0008  max mem: 3483
Val:  [    80/?]  eta: ?  loss: 0.3132 (0.4373)  accuracy: 0.8490 (0.8714)  balanced_accuracy: 0.8278 (0.8525)  pr_auc: 0.9236 (0.8970)  roc_auc: 0.8950 (0.9343)  time: 0.2495  data: 0.0007  max mem: 3483
Val:  [    90/?]  eta: ?  loss: 0.1842 (0.4269)  accuracy: 0.9167 (0.8730)  balanced_accuracy: 0.9208 (0.8526)  pr_auc: 0.9669 (0.8956)  roc_auc: 0.9500 (0.9377)  time: 0.2523  data: 0.0008  max mem: 3483
Val:  [   100/?]  eta: ?  loss: 0.2446 (0.4401)  accuracy: 0.9076 (0.8703)  balanced_accuracy: 0.8396 (0.8476)  pr_auc: 0.9478 (0.8865)  roc_auc: 0.9500 (0.9363)  time: 0.2764  data: 0.0008  max mem: 3483
Val:  [   110/?]  eta: ?  loss: 0.3338 (0.4497)  accuracy: 0.8659 (0.8694)  balanced_accuracy: 0.8252 (0.8483)  pr_auc: 0.9025 (0.8781)  roc_auc: 0.9474 (0.9362)  time: 0.2900  data: 0.0009  max mem: 3483
Val:  [   120/?]  eta: ?  loss: 0.2562 (0.4612)  accuracy: 0.8659 (0.8666)  balanced_accuracy: 0.8955 (0.8512)  pr_auc: 0.9387 (0.8840)  roc_auc: 0.9808 (0.9384)  time: 0.2667  data: 0.0008  max mem: 3483
Val:  [   130/?]  eta: ?  loss: 0.2562 (0.4833)  accuracy: 0.8529 (0.8607)  balanced_accuracy: 0.8955 (0.8489)  pr_auc: 0.9586 (0.8804)  roc_auc: 0.9894 (0.9371)  time: 0.2510  data: 0.0007  max mem: 3483
Val:  [   140/?]  eta: ?  loss: 0.4129 (0.5143)  accuracy: 0.8503 (0.8539)  balanced_accuracy: 0.8626 (0.8449)  pr_auc: 0.9586 (0.8763)  roc_auc: 0.9785 (0.9330)  time: 0.2499  data: 0.0007  max mem: 3483
Val:  [   150/?]  eta: ?  loss: 0.2950 (0.5030)  accuracy: 0.8568 (0.8561)  balanced_accuracy: 0.8885 (0.8475)  pr_auc: 0.9563 (0.8787)  roc_auc: 0.9606 (0.9338)  time: 0.2509  data: 0.0008  max mem: 3483
Val:  [   160/?]  eta: ?  loss: 0.2220 (0.4987)  accuracy: 0.8906 (0.8566)  balanced_accuracy: 0.8885 (0.8471)  pr_auc: 0.9397 (0.8786)  roc_auc: 0.9517 (0.9331)  time: 0.2536  data: 0.0008  max mem: 3483
Val:  [   170/?]  eta: ?  loss: 0.2084 (0.4911)  accuracy: 0.9245 (0.8579)  balanced_accuracy: 0.8690 (0.8457)  pr_auc: 0.9278 (0.8755)  roc_auc: 0.9761 (0.9308)  time: 0.2524  data: 0.0008  max mem: 3483
Val:  [   180/?]  eta: ?  loss: 0.1513 (0.4885)  accuracy: 0.9388 (0.8596)  balanced_accuracy: 0.8690 (0.8468)  pr_auc: 0.9397 (0.8751)  roc_auc: 0.9725 (0.9288)  time: 0.2518  data: 0.0008  max mem: 3483
Val:  [   190/?]  eta: ?  loss: 0.2230 (0.4903)  accuracy: 0.9089 (0.8590)  balanced_accuracy: 0.8859 (0.8468)  pr_auc: 0.9870 (0.8761)  roc_auc: 0.9725 (0.9276)  time: 0.2540  data: 0.0008  max mem: 3483
Val:  [   200/?]  eta: ?  loss: 0.2535 (0.4823)  accuracy: 0.8789 (0.8598)  balanced_accuracy: 0.8753 (0.8482)  pr_auc: 0.9870 (0.8821)  roc_auc: 0.9859 (0.9307)  time: 0.2693  data: 0.0009  max mem: 3483
Val:  [   210/?]  eta: ?  loss: 0.2372 (0.4802)  accuracy: 0.9062 (0.8609)  balanced_accuracy: 0.8753 (0.8485)  pr_auc: 0.9904 (0.8802)  roc_auc: 0.9932 (0.9301)  time: 0.2980  data: 0.0008  max mem: 3483
Val:  [   220/?]  eta: ?  loss: 0.2355 (0.4781)  accuracy: 0.9062 (0.8607)  balanced_accuracy: 0.8753 (0.8457)  pr_auc: 0.9853 (0.8784)  roc_auc: 0.9893 (0.9311)  time: 0.2805  data: 0.0008  max mem: 3483
Val:  [   230/?]  eta: ?  loss: 0.2109 (0.4661)  accuracy: 0.9154 (0.8626)  balanced_accuracy: 0.8962 (0.8487)  pr_auc: 0.9792 (0.8820)  roc_auc: 0.9870 (0.9330)  time: 0.2488  data: 0.0008  max mem: 3483
Val:  [   240/?]  eta: ?  loss: 0.1785 (0.4577)  accuracy: 0.9362 (0.8625)  balanced_accuracy: 0.9212 (0.8514)  pr_auc: 0.9569 (0.8845)  roc_auc: 0.9870 (0.9348)  time: 0.2494  data: 0.0008  max mem: 3483
Val:  [   250/?]  eta: ?  loss: 0.1409 (0.4570)  accuracy: 0.9362 (0.8618)  balanced_accuracy: 0.9362 (0.8527)  pr_auc: 0.9931 (0.8837)  roc_auc: 0.9924 (0.9351)  time: 0.2527  data: 0.0008  max mem: 3483
Val:  [   260/?]  eta: ?  loss: 0.0931 (0.4545)  accuracy: 0.9492 (0.8635)  balanced_accuracy: 0.9574 (0.8560)  pr_auc: 0.9991 (0.8843)  roc_auc: 0.9979 (0.9373)  time: 0.2704  data: 0.0008  max mem: 3483
Val:  [   270/?]  eta: ?  loss: 0.1424 (0.4551)  accuracy: 0.9089 (0.8635)  balanced_accuracy: 0.9386 (0.8563)  pr_auc: 0.9739 (0.8822)  roc_auc: 0.9931 (0.9375)  time: 0.2704  data: 0.0009  max mem: 3483
Val:  [   280/?]  eta: ?  loss: 0.3658 (0.4639)  accuracy: 0.9036 (0.8633)  balanced_accuracy: 0.9214 (0.8569)  pr_auc: 0.9591 (0.8781)  roc_auc: 0.9768 (0.9361)  time: 0.2553  data: 0.0009  max mem: 3483
Val:  [   290/?]  eta: ?  loss: 0.3658 (0.4738)  accuracy: 0.8737 (0.8613)  balanced_accuracy: 0.8602 (0.8543)  pr_auc: 0.9401 (0.8771)  roc_auc: 0.9601 (0.9324)  time: 0.2526  data: 0.0008  max mem: 3483
Val:  [   300/?]  eta: ?  loss: 0.5003 (0.4896)  accuracy: 0.7956 (0.8574)  balanced_accuracy: 0.8178 (0.8500)  pr_auc: 0.9273 (0.8756)  roc_auc: 0.9072 (0.9292)  time: 0.2506  data: 0.0008  max mem: 3483
Val:  [   310/?]  eta: ?  loss: 0.7709 (0.5049)  accuracy: 0.7500 (0.8540)  balanced_accuracy: 0.7500 (0.8463)  pr_auc: 0.9273 (0.8729)  roc_auc: 0.9072 (0.9265)  time: 0.2605  data: 0.0008  max mem: 3483
Val: Total time: 0:01:32 (0.2875 s / it)
* loss 0.516
Test:  [     0/?]  eta: ?  loss: 0.4644 (0.4644)  accuracy: 0.8984 (0.8984)  balanced_accuracy: 0.8982 (0.8982)  pr_auc: 0.9839 (0.9839)  roc_auc: 0.9816 (0.9816)  time: 8.0734  data: 7.7862  max mem: 3483
Test:  [    10/?]  eta: ?  loss: 0.3225 (0.3692)  accuracy: 0.8984 (0.8799)  balanced_accuracy: 0.8982 (0.8420)  pr_auc: 0.9675 (0.8664)  roc_auc: 0.9816 (0.9601)  time: 0.9744  data: 0.7086  max mem: 3483
Test:  [    20/?]  eta: ?  loss: 0.1904 (0.3677)  accuracy: 0.9036 (0.8767)  balanced_accuracy: 0.8604 (0.8453)  pr_auc: 0.9675 (0.8885)  roc_auc: 0.9813 (0.9502)  time: 0.2639  data: 0.0008  max mem: 3483
Test:  [    30/?]  eta: ?  loss: 0.2154 (0.4072)  accuracy: 0.9089 (0.8680)  balanced_accuracy: 0.8486 (0.8448)  pr_auc: 0.9599 (0.9051)  roc_auc: 0.9745 (0.9423)  time: 0.2620  data: 0.0009  max mem: 3483
Test:  [    40/?]  eta: ?  loss: 0.2265 (0.4306)  accuracy: 0.8854 (0.8686)  balanced_accuracy: 0.9072 (0.8604)  pr_auc: 0.9725 (0.9182)  roc_auc: 0.9770 (0.9467)  time: 0.2608  data: 0.0008  max mem: 3483
Test:  [    50/?]  eta: ?  loss: 0.2608 (0.4213)  accuracy: 0.9049 (0.8704)  balanced_accuracy: 0.9072 (0.8588)  pr_auc: 0.9853 (0.9117)  roc_auc: 0.9877 (0.9488)  time: 0.2823  data: 0.0008  max mem: 3483
Test:  [    60/?]  eta: ?  loss: 0.2608 (0.4007)  accuracy: 0.9049 (0.8729)  balanced_accuracy: 0.8803 (0.8557)  pr_auc: 0.9639 (0.8941)  roc_auc: 0.9836 (0.9415)  time: 0.2830  data: 0.0008  max mem: 3483
Test:  [    70/?]  eta: ?  loss: 0.2714 (0.4145)  accuracy: 0.8893 (0.8705)  balanced_accuracy: 0.8779 (0.8532)  pr_auc: 0.9549 (0.8914)  roc_auc: 0.9715 (0.9391)  time: 0.2620  data: 0.0008  max mem: 3483
Test:  [    80/?]  eta: ?  loss: 0.1981 (0.4166)  accuracy: 0.9180 (0.8706)  balanced_accuracy: 0.9446 (0.8574)  pr_auc: 0.9881 (0.8979)  roc_auc: 0.9914 (0.9431)  time: 0.2674  data: 0.0008  max mem: 3483
Test:  [    90/?]  eta: ?  loss: 0.1981 (0.4156)  accuracy: 0.8685 (0.8687)  balanced_accuracy: 0.8779 (0.8576)  pr_auc: 0.9843 (0.9014)  roc_auc: 0.9914 (0.9418)  time: 0.2776  data: 0.0008  max mem: 3483
Test:  [   100/?]  eta: ?  loss: 0.3716 (0.4220)  accuracy: 0.8346 (0.8662)  balanced_accuracy: 0.8646 (0.8521)  pr_auc: 0.9725 (0.9039)  roc_auc: 0.9758 (0.9400)  time: 0.2697  data: 0.0008  max mem: 3483
Test:  [   110/?]  eta: ?  loss: 0.5470 (0.4473)  accuracy: 0.8073 (0.8593)  balanced_accuracy: 0.7994 (0.8417)  pr_auc: 0.9440 (0.8978)  roc_auc: 0.9227 (0.9338)  time: 0.2574  data: 0.0008  max mem: 3483
Test:  [   120/?]  eta: ?  loss: 0.5286 (0.4580)  accuracy: 0.8112 (0.8553)  balanced_accuracy: 0.7681 (0.8335)  pr_auc: 0.8813 (0.8902)  roc_auc: 0.8953 (0.9244)  time: 0.2746  data: 0.0009  max mem: 3483
Test:  [   130/?]  eta: ?  loss: 0.2168 (0.4428)  accuracy: 0.9010 (0.8604)  balanced_accuracy: 0.8314 (0.8400)  pr_auc: 0.9275 (0.8866)  roc_auc: 0.9462 (0.9284)  time: 0.2754  data: 0.0009  max mem: 3483
Test:  [   140/?]  eta: ?  loss: 0.1374 (0.4341)  accuracy: 0.9362 (0.8640)  balanced_accuracy: 0.9373 (0.8459)  pr_auc: 0.9480 (0.8899)  roc_auc: 0.9842 (0.9308)  time: 0.2601  data: 0.0009  max mem: 3483
Test:  [   150/?]  eta: ?  loss: 0.2023 (0.4541)  accuracy: 0.9362 (0.8637)  balanced_accuracy: 0.9352 (0.8458)  pr_auc: 0.9342 (0.8901)  roc_auc: 0.9770 (0.9305)  time: 0.2605  data: 0.0008  max mem: 3483
Test:  [   160/?]  eta: ?  loss: 0.2054 (0.4747)  accuracy: 0.8789 (0.8608)  balanced_accuracy: 0.9055 (0.8442)  pr_auc: 0.9168 (0.8853)  roc_auc: 0.9832 (0.9262)  time: 0.2578  data: 0.0008  max mem: 3483
Test:  [   170/?]  eta: ?  loss: 0.3101 (0.4771)  accuracy: 0.8229 (0.8598)  balanced_accuracy: 0.8933 (0.8439)  pr_auc: 0.9325 (0.8863)  roc_auc: 0.9832 (0.9252)  time: 0.2522  data: 0.0008  max mem: 3483
Test:  [   180/?]  eta: ?  loss: 0.1780 (0.4648)  accuracy: 0.8724 (0.8637)  balanced_accuracy: 0.9111 (0.8490)  pr_auc: 0.9831 (0.8846)  roc_auc: 0.9846 (0.9277)  time: 0.2533  data: 0.0007  max mem: 3483
Test:  [   190/?]  eta: ?  loss: 0.1891 (0.4568)  accuracy: 0.9245 (0.8651)  balanced_accuracy: 0.8933 (0.8490)  pr_auc: 0.9723 (0.8800)  roc_auc: 0.9810 (0.9289)  time: 0.2749  data: 0.0008  max mem: 3483
Test:  [   200/?]  eta: ?  loss: 0.2100 (0.4477)  accuracy: 0.9245 (0.8674)  balanced_accuracy: 0.8924 (0.8524)  pr_auc: 0.9772 (0.8841)  roc_auc: 0.9823 (0.9311)  time: 0.2990  data: 0.0008  max mem: 3483
Test:  [   210/?]  eta: ?  loss: 0.1872 (0.4476)  accuracy: 0.9245 (0.8675)  balanced_accuracy: 0.8857 (0.8518)  pr_auc: 0.9784 (0.8787)  roc_auc: 0.9864 (0.9289)  time: 0.2815  data: 0.0008  max mem: 3483
Test:  [   220/?]  eta: ?  loss: 0.1872 (0.4719)  accuracy: 0.9036 (0.8641)  balanced_accuracy: 0.8568 (0.8473)  pr_auc: 0.9784 (0.8763)  roc_auc: 0.9864 (0.9235)  time: 0.2564  data: 0.0008  max mem: 3483
Test:  [   230/?]  eta: ?  loss: 0.3143 (0.4994)  accuracy: 0.8008 (0.8606)  balanced_accuracy: 0.8125 (0.8432)  pr_auc: 0.9490 (0.8752)  roc_auc: 0.9236 (0.9178)  time: 0.2557  data: 0.0008  max mem: 3483
Test:  [   240/?]  eta: ?  loss: 0.2702 (0.5005)  accuracy: 0.8984 (0.8608)  balanced_accuracy: 0.9167 (0.8438)  pr_auc: 0.9662 (0.8725)  roc_auc: 0.9909 (0.9169)  time: 0.2580  data: 0.0008  max mem: 3483
Test:  [   250/?]  eta: ?  loss: 0.2257 (0.5079)  accuracy: 0.8854 (0.8602)  balanced_accuracy: 0.9079 (0.8439)  pr_auc: 0.9903 (0.8749)  roc_auc: 0.9951 (0.9165)  time: 0.2617  data: 0.0009  max mem: 3483
Test:  [   260/?]  eta: ?  loss: 0.2257 (0.5024)  accuracy: 0.9023 (0.8613)  balanced_accuracy: 0.9029 (0.8446)  pr_auc: 0.9831 (0.8767)  roc_auc: 0.9869 (0.9174)  time: 0.2765  data: 0.0009  max mem: 3483
Test:  [   270/?]  eta: ?  loss: 0.1733 (0.4935)  accuracy: 0.9115 (0.8630)  balanced_accuracy: 0.9079 (0.8461)  pr_auc: 0.9831 (0.8770)  roc_auc: 0.9869 (0.9187)  time: 0.2732  data: 0.0009  max mem: 3483
Test:  [   280/?]  eta: ?  loss: 0.1477 (0.4906)  accuracy: 0.9232 (0.8634)  balanced_accuracy: 0.8963 (0.8460)  pr_auc: 0.9831 (0.8790)  roc_auc: 0.9924 (0.9197)  time: 0.2558  data: 0.0009  max mem: 3483
Test:  [   290/?]  eta: ?  loss: 0.2057 (0.4859)  accuracy: 0.9167 (0.8632)  balanced_accuracy: 0.8552 (0.8453)  pr_auc: 0.9867 (0.8806)  roc_auc: 0.9948 (0.9207)  time: 0.2548  data: 0.0008  max mem: 3483
Test:  [   300/?]  eta: ?  loss: 0.1636 (0.4827)  accuracy: 0.9076 (0.8641)  balanced_accuracy: 0.8671 (0.8451)  pr_auc: 0.9849 (0.8810)  roc_auc: 0.9948 (0.9212)  time: 0.2489  data: 0.0008  max mem: 3483
Test: Total time: 0:01:30 (0.2929 s / it)
* loss 0.480
  → Epoch   7/50 | Train Loss: 0.1806 | Val Loss: 0.5161 | Train Acc: 93.3609% | Val Acc: 85.3624% | LR: 0.000002
Max accuracy val: 86.09%, max accuracy test: 86.64%
Epoch: [7]  [     0/?]  eta: ?  lr: 0.000498  min_lr: 0.000002  loss: 0.2051 (0.2051)  class_acc: 0.9258 (0.9258)  loss_scale: 64.0000 (64.0000)  weight_decay: 0.0500 (0.0500)  grad_norm: 81.1120 (81.1120)  time: 14.3249  data: 13.2075  max mem: 3483
Epoch: [7]  [   500/?]  eta: ?  lr: 0.000498  min_lr: 0.000002  loss: 0.1518 (0.1602)  class_acc: 0.9453 (0.9415)  loss_scale: 64.0000 (64.0000)  weight_decay: 0.0500 (0.0500)  grad_norm: 69.2621 (61.2841)  time: 1.3629  data: 0.0012  max mem: 3483
Epoch: [7]  [  1000/?]  eta: ?  lr: 0.000498  min_lr: 0.000002  loss: 0.1537 (0.1584)  class_acc: 0.9473 (0.9418)  loss_scale: 64.0000 (64.0000)  weight_decay: 0.0500 (0.0500)  grad_norm: 59.0950 (60.1928)  time: 1.3316  data: 0.0012  max mem: 3483
Epoch: [7]  [  1500/?]  eta: ?  lr: 0.000498  min_lr: 0.000002  loss: 0.1482 (0.1555)  class_acc: 0.9453 (0.9428)  loss_scale: 128.0000 (66.0466)  weight_decay: 0.0500 (0.0500)  grad_norm: 48.7966 (59.4505)  time: 1.3493  data: 0.0013  max mem: 3483
NaN or Inf found in input tensor.
Epoch: [7]  [  2000/?]  eta: ?  lr: 0.000498  min_lr: 0.000002  loss: 0.1381 (0.1524)  class_acc: 0.9512 (0.9439)  loss_scale: 64.0000 (69.8851)  weight_decay: 0.0500 (0.0500)  grad_norm: 49.3066 (nan)  time: 1.3436  data: 0.0018  max mem: 3483
Epoch: [7] Total time: 0:48:35 (1.3433 s / it)
Val:  [     0/?]  eta: ?  loss: 0.0964 (0.0964)  accuracy: 0.9609 (0.9609)  balanced_accuracy: 0.9789 (0.9789)  pr_auc: 1.0000 (1.0000)  roc_auc: 1.0000 (1.0000)  time: 8.1567  data: 7.4756  max mem: 3483
Val:  [    10/?]  eta: ?  loss: 0.0964 (0.6145)  accuracy: 0.9609 (0.8626)  balanced_accuracy: 0.8975 (0.8517)  pr_auc: 0.9871 (0.9118)  roc_auc: 0.9908 (0.9231)  time: 0.9729  data: 0.6803  max mem: 3483
Val:  [    20/?]  eta: ?  loss: 0.0784 (0.5155)  accuracy: 0.9362 (0.8818)  balanced_accuracy: 0.8975 (0.8617)  pr_auc: 0.9863 (0.9268)  roc_auc: 0.9908 (0.9291)  time: 0.2535  data: 0.0008  max mem: 3483
Val:  [    30/?]  eta: ?  loss: 0.1600 (0.4296)  accuracy: 0.9362 (0.8959)  balanced_accuracy: 0.8978 (0.8784)  pr_auc: 0.9785 (0.9350)  roc_auc: 0.9856 (0.9473)  time: 0.2530  data: 0.0008  max mem: 3483
Val:  [    40/?]  eta: ?  loss: 0.1893 (0.4480)  accuracy: 0.9089 (0.8854)  balanced_accuracy: 0.9090 (0.8763)  pr_auc: 0.9757 (0.9151)  roc_auc: 0.9856 (0.9436)  time: 0.2548  data: 0.0008  max mem: 3483
Val:  [    50/?]  eta: ?  loss: 0.3073 (0.4255)  accuracy: 0.8802 (0.8848)  balanced_accuracy: 0.8763 (0.8739)  pr_auc: 0.9266 (0.9163)  roc_auc: 0.9744 (0.9456)  time: 0.2558  data: 0.0008  max mem: 3483
Val:  [    60/?]  eta: ?  loss: 0.3416 (0.4637)  accuracy: 0.8698 (0.8771)  balanced_accuracy: 0.8445 (0.8650)  pr_auc: 0.9271 (0.9069)  roc_auc: 0.9551 (0.9429)  time: 0.2766  data: 0.0008  max mem: 3483
Val:  [    70/?]  eta: ?  loss: 0.5399 (0.5049)  accuracy: 0.8190 (0.8688)  balanced_accuracy: 0.8274 (0.8546)  pr_auc: 0.9271 (0.9045)  roc_auc: 0.9159 (0.9383)  time: 0.2936  data: 0.0007  max mem: 3483
Val:  [    80/?]  eta: ?  loss: 0.3174 (0.4803)  accuracy: 0.8698 (0.8747)  balanced_accuracy: 0.8374 (0.8584)  pr_auc: 0.9375 (0.8982)  roc_auc: 0.9274 (0.9392)  time: 0.2679  data: 0.0007  max mem: 3483
Val:  [    90/?]  eta: ?  loss: 0.2600 (0.4713)  accuracy: 0.9023 (0.8754)  balanced_accuracy: 0.8628 (0.8579)  pr_auc: 0.9694 (0.8973)  roc_auc: 0.9628 (0.9425)  time: 0.2494  data: 0.0007  max mem: 3483
Val:  [   100/?]  eta: ?  loss: 0.3553 (0.4921)  accuracy: 0.8529 (0.8712)  balanced_accuracy: 0.8396 (0.8534)  pr_auc: 0.9362 (0.8868)  roc_auc: 0.9511 (0.9405)  time: 0.2522  data: 0.0008  max mem: 3483
Val:  [   110/?]  eta: ?  loss: 0.4584 (0.5051)  accuracy: 0.8503 (0.8697)  balanced_accuracy: 0.8396 (0.8545)  pr_auc: 0.9090 (0.8811)  roc_auc: 0.9485 (0.9399)  time: 0.2527  data: 0.0008  max mem: 3483
Val:  [   120/?]  eta: ?  loss: 0.3963 (0.5158)  accuracy: 0.8503 (0.8675)  balanced_accuracy: 0.9068 (0.8571)  pr_auc: 0.9171 (0.8865)  roc_auc: 0.9872 (0.9417)  time: 0.2523  data: 0.0008  max mem: 3483
Val:  [   130/?]  eta: ?  loss: 0.3963 (0.5522)  accuracy: 0.8073 (0.8608)  balanced_accuracy: 0.8840 (0.8551)  pr_auc: 0.9766 (0.8823)  roc_auc: 0.9830 (0.9410)  time: 0.2517  data: 0.0008  max mem: 3483
Val:  [   140/?]  eta: ?  loss: 0.3765 (0.5855)  accuracy: 0.8424 (0.8553)  balanced_accuracy: 0.8840 (0.8513)  pr_auc: 0.9835 (0.8772)  roc_auc: 0.9750 (0.9364)  time: 0.2649  data: 0.0008  max mem: 3483
Val:  [   150/?]  eta: ?  loss: 0.2593 (0.5694)  accuracy: 0.8893 (0.8575)  balanced_accuracy: 0.8934 (0.8544)  pr_auc: 0.9678 (0.8802)  roc_auc: 0.9737 (0.9377)  time: 0.2662  data: 0.0008  max mem: 3483
Val:  [   160/?]  eta: ?  loss: 0.3050 (0.5713)  accuracy: 0.8971 (0.8569)  balanced_accuracy: 0.9036 (0.8530)  pr_auc: 0.9463 (0.8773)  roc_auc: 0.9727 (0.9359)  time: 0.2537  data: 0.0008  max mem: 3483
Val:  [   170/?]  eta: ?  loss: 0.2938 (0.5636)  accuracy: 0.9102 (0.8579)  balanced_accuracy: 0.8785 (0.8518)  pr_auc: 0.9051 (0.8741)  roc_auc: 0.9675 (0.9342)  time: 0.2709  data: 0.0008  max mem: 3483
Val:  [   180/?]  eta: ?  loss: 0.1564 (0.5581)  accuracy: 0.9323 (0.8598)  balanced_accuracy: 0.8785 (0.8529)  pr_auc: 0.9453 (0.8736)  roc_auc: 0.9547 (0.9326)  time: 0.2694  data: 0.0008  max mem: 3483
Val:  [   190/?]  eta: ?  loss: 0.1400 (0.5508)  accuracy: 0.9440 (0.8602)  balanced_accuracy: 0.8907 (0.8542)  pr_auc: 0.9834 (0.8768)  roc_auc: 0.9854 (0.9330)  time: 0.2504  data: 0.0008  max mem: 3483
Val:  [   200/?]  eta: ?  loss: 0.2031 (0.5377)  accuracy: 0.8997 (0.8620)  balanced_accuracy: 0.8945 (0.8568)  pr_auc: 0.9884 (0.8828)  roc_auc: 0.9913 (0.9361)  time: 0.2517  data: 0.0008  max mem: 3483
Val:  [   210/?]  eta: ?  loss: 0.2202 (0.5291)  accuracy: 0.9102 (0.8634)  balanced_accuracy: 0.9084 (0.8579)  pr_auc: 0.9851 (0.8829)  roc_auc: 0.9933 (0.9364)  time: 0.2682  data: 0.0008  max mem: 3483
Val:  [   220/?]  eta: ?  loss: 0.2098 (0.5224)  accuracy: 0.9154 (0.8636)  balanced_accuracy: 0.9088 (0.8564)  pr_auc: 0.9850 (0.8827)  roc_auc: 0.9954 (0.9376)  time: 0.2673  data: 0.0008  max mem: 3483
Val:  [   230/?]  eta: ?  loss: 0.1952 (0.5105)  accuracy: 0.8997 (0.8636)  balanced_accuracy: 0.9282 (0.8575)  pr_auc: 0.9808 (0.8857)  roc_auc: 0.9922 (0.9391)  time: 0.2498  data: 0.0008  max mem: 3483
Val:  [   240/?]  eta: ?  loss: 0.1952 (0.5035)  accuracy: 0.8997 (0.8622)  balanced_accuracy: 0.9126 (0.8592)  pr_auc: 0.9806 (0.8864)  roc_auc: 0.9890 (0.9408)  time: 0.2514  data: 0.0008  max mem: 3483
Val:  [   250/?]  eta: ?  loss: 0.1692 (0.5018)  accuracy: 0.8984 (0.8626)  balanced_accuracy: 0.8981 (0.8610)  pr_auc: 0.9900 (0.8861)  roc_auc: 0.9914 (0.9411)  time: 0.2537  data: 0.0008  max mem: 3483
Val:  [   260/?]  eta: ?  loss: 0.2242 (0.5009)  accuracy: 0.9076 (0.8643)  balanced_accuracy: 0.9409 (0.8639)  pr_auc: 0.9989 (0.8846)  roc_auc: 0.9980 (0.9428)  time: 0.2544  data: 0.0008  max mem: 3483
Val:  [   270/?]  eta: ?  loss: 0.2547 (0.5059)  accuracy: 0.9076 (0.8640)  balanced_accuracy: 0.9252 (0.8641)  pr_auc: 0.9775 (0.8825)  roc_auc: 0.9826 (0.9431)  time: 0.2545  data: 0.0008  max mem: 3483
Val:  [   280/?]  eta: ?  loss: 0.3514 (0.5166)  accuracy: 0.8789 (0.8641)  balanced_accuracy: 0.9154 (0.8646)  pr_auc: 0.9396 (0.8779)  roc_auc: 0.9628 (0.9415)  time: 0.2687  data: 0.0008  max mem: 3483
Val:  [   290/?]  eta: ?  loss: 0.3388 (0.5307)  accuracy: 0.8698 (0.8616)  balanced_accuracy: 0.8590 (0.8617)  pr_auc: 0.9396 (0.8759)  roc_auc: 0.9426 (0.9377)  time: 0.2926  data: 0.0008  max mem: 3483
Val:  [   300/?]  eta: ?  loss: 0.5535 (0.5474)  accuracy: 0.7604 (0.8579)  balanced_accuracy: 0.8472 (0.8574)  pr_auc: 0.9393 (0.8732)  roc_auc: 0.9382 (0.9341)  time: 0.2760  data: 0.0008  max mem: 3483
Val:  [   310/?]  eta: ?  loss: 0.7536 (0.5628)  accuracy: 0.7604 (0.8550)  balanced_accuracy: 0.7740 (0.8539)  pr_auc: 0.9316 (0.8710)  roc_auc: 0.9030 (0.9315)  time: 0.2434  data: 0.0007  max mem: 3483
Val: Total time: 0:01:31 (0.2847 s / it)
* loss 0.576
Test:  [     0/?]  eta: ?  loss: 0.1621 (0.1621)  accuracy: 0.9648 (0.9648)  balanced_accuracy: 0.9648 (0.9648)  pr_auc: 0.9962 (0.9962)  roc_auc: 0.9960 (0.9960)  time: 7.8892  data: 7.5904  max mem: 3483
Test:  [    10/?]  eta: ?  loss: 0.4072 (0.3829)  accuracy: 0.8789 (0.8913)  balanced_accuracy: 0.9062 (0.8544)  pr_auc: 0.9709 (0.8458)  roc_auc: 0.9640 (0.9549)  time: 0.9553  data: 0.6908  max mem: 3483
Test:  [    20/?]  eta: ?  loss: 0.2490 (0.4003)  accuracy: 0.8711 (0.8789)  balanced_accuracy: 0.8788 (0.8524)  pr_auc: 0.9431 (0.8793)  roc_auc: 0.9640 (0.9494)  time: 0.2592  data: 0.0009  max mem: 3483
Test:  [    30/?]  eta: ?  loss: 0.2490 (0.4391)  accuracy: 0.8854 (0.8648)  balanced_accuracy: 0.8057 (0.8448)  pr_auc: 0.9431 (0.8966)  roc_auc: 0.9541 (0.9411)  time: 0.2550  data: 0.0008  max mem: 3483
Test:  [    40/?]  eta: ?  loss: 0.3066 (0.4809)  accuracy: 0.8854 (0.8655)  balanced_accuracy: 0.8955 (0.8593)  pr_auc: 0.9652 (0.9114)  roc_auc: 0.9775 (0.9456)  time: 0.2834  data: 0.0008  max mem: 3483
Test:  [    50/?]  eta: ?  loss: 0.2719 (0.4876)  accuracy: 0.8711 (0.8649)  balanced_accuracy: 0.9033 (0.8605)  pr_auc: 0.9771 (0.9093)  roc_auc: 0.9857 (0.9496)  time: 0.3035  data: 0.0008  max mem: 3483
Test:  [    60/?]  eta: ?  loss: 0.2912 (0.4722)  accuracy: 0.8802 (0.8664)  balanced_accuracy: 0.9004 (0.8572)  pr_auc: 0.9629 (0.8913)  roc_auc: 0.9815 (0.9376)  time: 0.2745  data: 0.0008  max mem: 3483
Test:  [    70/?]  eta: ?  loss: 0.2998 (0.4749)  accuracy: 0.8802 (0.8673)  balanced_accuracy: 0.9004 (0.8603)  pr_auc: 0.9531 (0.8933)  roc_auc: 0.9787 (0.9365)  time: 0.2537  data: 0.0008  max mem: 3483
Test:  [    80/?]  eta: ?  loss: 0.2082 (0.4845)  accuracy: 0.8776 (0.8659)  balanced_accuracy: 0.9492 (0.8633)  pr_auc: 0.9893 (0.8950)  roc_auc: 0.9947 (0.9381)  time: 0.2528  data: 0.0008  max mem: 3483
Test:  [    90/?]  eta: ?  loss: 0.2899 (0.4810)  accuracy: 0.8555 (0.8645)  balanced_accuracy: 0.8919 (0.8603)  pr_auc: 0.9824 (0.8993)  roc_auc: 0.9969 (0.9360)  time: 0.2704  data: 0.0008  max mem: 3483
Test:  [   100/?]  eta: ?  loss: 0.3741 (0.4740)  accuracy: 0.8411 (0.8645)  balanced_accuracy: 0.8696 (0.8567)  pr_auc: 0.9647 (0.9023)  roc_auc: 0.9801 (0.9372)  time: 0.2686  data: 0.0008  max mem: 3483
Test:  [   110/?]  eta: ?  loss: 0.3655 (0.4865)  accuracy: 0.8698 (0.8601)  balanced_accuracy: 0.8396 (0.8489)  pr_auc: 0.9613 (0.9002)  roc_auc: 0.9588 (0.9341)  time: 0.2502  data: 0.0008  max mem: 3483
Test:  [   120/?]  eta: ?  loss: 0.3832 (0.5034)  accuracy: 0.8698 (0.8571)  balanced_accuracy: 0.8193 (0.8415)  pr_auc: 0.9286 (0.8912)  roc_auc: 0.9310 (0.9244)  time: 0.2514  data: 0.0008  max mem: 3483
Test:  [   130/?]  eta: ?  loss: 0.2281 (0.4852)  accuracy: 0.8828 (0.8625)  balanced_accuracy: 0.9048 (0.8494)  pr_auc: 0.9286 (0.8886)  roc_auc: 0.9602 (0.9286)  time: 0.2520  data: 0.0009  max mem: 3483
Test:  [   140/?]  eta: ?  loss: 0.1464 (0.4754)  accuracy: 0.9479 (0.8646)  balanced_accuracy: 0.9275 (0.8532)  pr_auc: 0.9714 (0.8920)  roc_auc: 0.9887 (0.9314)  time: 0.2537  data: 0.0008  max mem: 3483
Test:  [   150/?]  eta: ?  loss: 0.2427 (0.4905)  accuracy: 0.8880 (0.8639)  balanced_accuracy: 0.9052 (0.8517)  pr_auc: 0.9671 (0.8941)  roc_auc: 0.9828 (0.9319)  time: 0.2543  data: 0.0008  max mem: 3483
Test:  [   160/?]  eta: ?  loss: 0.1719 (0.5161)  accuracy: 0.9115 (0.8622)  balanced_accuracy: 0.9422 (0.8510)  pr_auc: 0.9448 (0.8892)  roc_auc: 0.9913 (0.9279)  time: 0.2801  data: 0.0008  max mem: 3483
Test:  [   170/?]  eta: ?  loss: 0.2107 (0.5234)  accuracy: 0.9023 (0.8615)  balanced_accuracy: 0.9422 (0.8502)  pr_auc: 0.9448 (0.8899)  roc_auc: 0.9913 (0.9267)  time: 0.2927  data: 0.0008  max mem: 3483
Test:  [   180/?]  eta: ?  loss: 0.1574 (0.5140)  accuracy: 0.9323 (0.8641)  balanced_accuracy: 0.9422 (0.8541)  pr_auc: 0.9707 (0.8888)  roc_auc: 0.9877 (0.9291)  time: 0.2649  data: 0.0008  max mem: 3483
Test:  [   190/?]  eta: ?  loss: 0.2982 (0.5116)  accuracy: 0.9102 (0.8640)  balanced_accuracy: 0.8936 (0.8512)  pr_auc: 0.9437 (0.8799)  roc_auc: 0.9623 (0.9294)  time: 0.2540  data: 0.0009  max mem: 3483
Test:  [   200/?]  eta: ?  loss: 0.2982 (0.4997)  accuracy: 0.8815 (0.8664)  balanced_accuracy: 0.8502 (0.8546)  pr_auc: 0.9466 (0.8847)  roc_auc: 0.9713 (0.9319)  time: 0.2557  data: 0.0009  max mem: 3483
Test:  [   210/?]  eta: ?  loss: 0.2538 (0.5068)  accuracy: 0.9141 (0.8663)  balanced_accuracy: 0.8893 (0.8539)  pr_auc: 0.9854 (0.8794)  roc_auc: 0.9809 (0.9286)  time: 0.2549  data: 0.0009  max mem: 3483
Test:  [   220/?]  eta: ?  loss: 0.2860 (0.5297)  accuracy: 0.8893 (0.8631)  balanced_accuracy: 0.8893 (0.8496)  pr_auc: 0.9854 (0.8768)  roc_auc: 0.9814 (0.9230)  time: 0.2536  data: 0.0008  max mem: 3483
Test:  [   230/?]  eta: ?  loss: 0.4897 (0.5656)  accuracy: 0.8099 (0.8588)  balanced_accuracy: 0.8186 (0.8443)  pr_auc: 0.9518 (0.8753)  roc_auc: 0.9416 (0.9169)  time: 0.2534  data: 0.0008  max mem: 3483
Test:  [   240/?]  eta: ?  loss: 0.4897 (0.5746)  accuracy: 0.8268 (0.8579)  balanced_accuracy: 0.9063 (0.8440)  pr_auc: 0.9578 (0.8742)  roc_auc: 0.9873 (0.9159)  time: 0.2719  data: 0.0008  max mem: 3483
Test:  [   250/?]  eta: ?  loss: 0.1823 (0.5773)  accuracy: 0.9297 (0.8583)  balanced_accuracy: 0.9063 (0.8447)  pr_auc: 0.9714 (0.8763)  roc_auc: 0.9939 (0.9151)  time: 0.2722  data: 0.0008  max mem: 3483
Test:  [   260/?]  eta: ?  loss: 0.1823 (0.5641)  accuracy: 0.9297 (0.8605)  balanced_accuracy: 0.9166 (0.8465)  pr_auc: 0.9757 (0.8785)  roc_auc: 0.9909 (0.9170)  time: 0.2538  data: 0.0008  max mem: 3483
Test:  [   270/?]  eta: ?  loss: 0.1776 (0.5571)  accuracy: 0.9401 (0.8615)  balanced_accuracy: 0.9166 (0.8472)  pr_auc: 0.9659 (0.8776)  roc_auc: 0.9909 (0.9177)  time: 0.2633  data: 0.0008  max mem: 3483
Test:  [   280/?]  eta: ?  loss: 0.2117 (0.5556)  accuracy: 0.9036 (0.8617)  balanced_accuracy: 0.9166 (0.8466)  pr_auc: 0.9718 (0.8796)  roc_auc: 0.9920 (0.9189)  time: 0.2758  data: 0.0008  max mem: 3483
Test:  [   290/?]  eta: ?  loss: 0.2117 (0.5499)  accuracy: 0.8919 (0.8628)  balanced_accuracy: 0.8151 (0.8474)  pr_auc: 0.9659 (0.8809)  roc_auc: 0.9939 (0.9200)  time: 0.2629  data: 0.0007  max mem: 3483
Test:  [   300/?]  eta: ?  loss: 0.2188 (0.5473)  accuracy: 0.8880 (0.8634)  balanced_accuracy: 0.8151 (0.8467)  pr_auc: 0.9772 (0.8812)  roc_auc: 0.9928 (0.9205)  time: 0.2458  data: 0.0007  max mem: 3483
Test: Total time: 0:01:29 (0.2890 s / it)
* loss 0.545
  → Epoch   8/50 | Train Loss: 0.1513 | Val Loss: 0.5760 | Train Acc: 94.4343% | Val Acc: 85.4755% | LR: 0.000002
Max accuracy val: 86.09%, max accuracy test: 86.64%
Epoch: [8]  [     0/?]  eta: ?  lr: 0.000495  min_lr: 0.000002  loss: 0.1300 (0.1300)  class_acc: 0.9609 (0.9609)  loss_scale: 64.0000 (64.0000)  weight_decay: 0.0500 (0.0500)  grad_norm: 36.3075 (36.3075)  time: 13.6371  data: 12.5501  max mem: 3483
Epoch: [8]  [   500/?]  eta: ?  lr: 0.000495  min_lr: 0.000002  loss: 0.1344 (0.1359)  class_acc: 0.9453 (0.9495)  loss_scale: 64.0000 (64.0000)  weight_decay: 0.0500 (0.0500)  grad_norm: 53.6647 (55.4329)  time: 1.3117  data: 0.0012  max mem: 3483
Epoch: [8]  [  1000/?]  eta: ?  lr: 0.000495  min_lr: 0.000002  loss: 0.1320 (0.1345)  class_acc: 0.9492 (0.9500)  loss_scale: 64.0000 (64.0000)  weight_decay: 0.0500 (0.0500)  grad_norm: 42.5659 (54.8029)  time: 1.3265  data: 0.0007  max mem: 3483
Epoch: [8]  [  1500/?]  eta: ?  lr: 0.000495  min_lr: 0.000002  loss: 0.1242 (0.1327)  class_acc: 0.9531 (0.9506)  loss_scale: 128.0000 (65.4497)  weight_decay: 0.0500 (0.0500)  grad_norm: 52.5060 (54.0239)  time: 1.3422  data: 0.0020  max mem: 3483
NaN or Inf found in input tensor.
Epoch: [8]  [  2000/?]  eta: ?  lr: 0.000495  min_lr: 0.000002  loss: 0.1045 (0.1302)  class_acc: 0.9609 (0.9516)  loss_scale: 64.0000 (65.7271)  weight_decay: 0.0500 (0.0500)  grad_norm: 42.7068 (inf)  time: 1.3437  data: 0.0026  max mem: 3483
Epoch: [8] Total time: 0:48:26 (1.3392 s / it)
Val:  [     0/?]  eta: ?  loss: 0.0672 (0.0672)  accuracy: 0.9779 (0.9779)  balanced_accuracy: 0.9880 (0.9880)  pr_auc: 0.9997 (0.9997)  roc_auc: 1.0000 (1.0000)  time: 8.3052  data: 7.5988  max mem: 3483
Val:  [    10/?]  eta: ?  loss: 0.0853 (0.6659)  accuracy: 0.9427 (0.8567)  balanced_accuracy: 0.8848 (0.8335)  pr_auc: 0.9900 (0.9138)  roc_auc: 0.9937 (0.9243)  time: 0.9982  data: 0.6915  max mem: 3483
Val:  [    20/?]  eta: ?  loss: 0.0853 (0.5380)  accuracy: 0.9427 (0.8817)  balanced_accuracy: 0.8848 (0.8521)  pr_auc: 0.9899 (0.9336)  roc_auc: 0.9937 (0.9340)  time: 0.2673  data: 0.0008  max mem: 3483
Val:  [    30/?]  eta: ?  loss: 0.1731 (0.4496)  accuracy: 0.9271 (0.8930)  balanced_accuracy: 0.8730 (0.8647)  pr_auc: 0.9788 (0.9424)  roc_auc: 0.9852 (0.9505)  time: 0.2666  data: 0.0008  max mem: 3483
Val:  [    40/?]  eta: ?  loss: 0.2735 (0.4800)  accuracy: 0.9036 (0.8770)  balanced_accuracy: 0.8730 (0.8555)  pr_auc: 0.9521 (0.9205)  roc_auc: 0.9852 (0.9445)  time: 0.2883  data: 0.0008  max mem: 3483
Val:  [    50/?]  eta: ?  loss: 0.4349 (0.4618)  accuracy: 0.8724 (0.8776)  balanced_accuracy: 0.8771 (0.8547)  pr_auc: 0.9423 (0.9187)  roc_auc: 0.9843 (0.9459)  time: 0.3086  data: 0.0008  max mem: 3483
Val:  [    60/?]  eta: ?  loss: 0.4349 (0.4772)  accuracy: 0.8711 (0.8735)  balanced_accuracy: 0.8406 (0.8486)  pr_auc: 0.9343 (0.9119)  roc_auc: 0.9473 (0.9430)  time: 0.2847  data: 0.0008  max mem: 3483
Val:  [    70/?]  eta: ?  loss: 0.5446 (0.5062)  accuracy: 0.8203 (0.8674)  balanced_accuracy: 0.8060 (0.8455)  pr_auc: 0.9342 (0.9119)  roc_auc: 0.9339 (0.9393)  time: 0.2622  data: 0.0008  max mem: 3483
Val:  [    80/?]  eta: ?  loss: 0.2926 (0.4779)  accuracy: 0.8815 (0.8747)  balanced_accuracy: 0.8245 (0.8496)  pr_auc: 0.9342 (0.9027)  roc_auc: 0.9306 (0.9399)  time: 0.2614  data: 0.0008  max mem: 3483
Val:  [    90/?]  eta: ?  loss: 0.2600 (0.4650)  accuracy: 0.9167 (0.8764)  balanced_accuracy: 0.8719 (0.8503)  pr_auc: 0.9796 (0.9042)  roc_auc: 0.9612 (0.9438)  time: 0.2776  data: 0.0008  max mem: 3483
Val:  [   100/?]  eta: ?  loss: 0.2650 (0.4792)  accuracy: 0.8997 (0.8723)  balanced_accuracy: 0.8245 (0.8452)  pr_auc: 0.9473 (0.8985)  roc_auc: 0.9647 (0.9426)  time: 0.2772  data: 0.0008  max mem: 3483
Val:  [   110/?]  eta: ?  loss: 0.3076 (0.4848)  accuracy: 0.8477 (0.8714)  balanced_accuracy: 0.8254 (0.8465)  pr_auc: 0.9327 (0.8901)  roc_auc: 0.9647 (0.9425)  time: 0.2630  data: 0.0008  max mem: 3483
Val:  [   120/?]  eta: ?  loss: 0.3228 (0.4920)  accuracy: 0.8594 (0.8695)  balanced_accuracy: 0.8914 (0.8495)  pr_auc: 0.9648 (0.8953)  roc_auc: 0.9903 (0.9444)  time: 0.2644  data: 0.0009  max mem: 3483
Val:  [   130/?]  eta: ?  loss: 0.4663 (0.5203)  accuracy: 0.8464 (0.8635)  balanced_accuracy: 0.8715 (0.8462)  pr_auc: 0.9707 (0.8908)  roc_auc: 0.9921 (0.9422)  time: 0.2647  data: 0.0008  max mem: 3483
Val:  [   140/?]  eta: ?  loss: 0.6488 (0.5594)  accuracy: 0.8203 (0.8557)  balanced_accuracy: 0.8331 (0.8401)  pr_auc: 0.9707 (0.8845)  roc_auc: 0.9813 (0.9368)  time: 0.2800  data: 0.0008  max mem: 3483
Val:  [   150/?]  eta: ?  loss: 0.4640 (0.5522)  accuracy: 0.8216 (0.8566)  balanced_accuracy: 0.8369 (0.8412)  pr_auc: 0.9443 (0.8873)  roc_auc: 0.9578 (0.9375)  time: 0.2790  data: 0.0008  max mem: 3483
Val:  [   160/?]  eta: ?  loss: 0.2524 (0.5464)  accuracy: 0.8867 (0.8572)  balanced_accuracy: 0.8632 (0.8413)  pr_auc: 0.9316 (0.8861)  roc_auc: 0.9578 (0.9363)  time: 0.2847  data: 0.0009  max mem: 3483
Val:  [   170/?]  eta: ?  loss: 0.2264 (0.5387)  accuracy: 0.9154 (0.8581)  balanced_accuracy: 0.8990 (0.8407)  pr_auc: 0.9164 (0.8827)  roc_auc: 0.9798 (0.9339)  time: 0.2822  data: 0.0008  max mem: 3483
Val:  [   180/?]  eta: ?  loss: 0.1139 (0.5328)  accuracy: 0.9557 (0.8602)  balanced_accuracy: 0.8745 (0.8424)  pr_auc: 0.9616 (0.8829)  roc_auc: 0.9798 (0.9333)  time: 0.2621  data: 0.0008  max mem: 3483
Val:  [   190/?]  eta: ?  loss: 0.1226 (0.5272)  accuracy: 0.9297 (0.8603)  balanced_accuracy: 0.8647 (0.8436)  pr_auc: 0.9867 (0.8861)  roc_auc: 0.9906 (0.9343)  time: 0.2641  data: 0.0008  max mem: 3483
Val:  [   200/?]  eta: ?  loss: 0.2148 (0.5168)  accuracy: 0.9141 (0.8616)  balanced_accuracy: 0.8685 (0.8460)  pr_auc: 0.9947 (0.8916)  roc_auc: 0.9955 (0.9375)  time: 0.2794  data: 0.0008  max mem: 3483
Val:  [   210/?]  eta: ?  loss: 0.2148 (0.5130)  accuracy: 0.9154 (0.8631)  balanced_accuracy: 0.8822 (0.8468)  pr_auc: 0.9925 (0.8920)  roc_auc: 0.9955 (0.9370)  time: 0.2803  data: 0.0008  max mem: 3483
Val:  [   220/?]  eta: ?  loss: 0.2134 (0.5062)  accuracy: 0.9323 (0.8641)  balanced_accuracy: 0.8885 (0.8447)  pr_auc: 0.9863 (0.8930)  roc_auc: 0.9932 (0.9386)  time: 0.2657  data: 0.0008  max mem: 3483
Val:  [   230/?]  eta: ?  loss: 0.2134 (0.4928)  accuracy: 0.9258 (0.8657)  balanced_accuracy: 0.9139 (0.8473)  pr_auc: 0.9826 (0.8962)  roc_auc: 0.9916 (0.9402)  time: 0.2647  data: 0.0009  max mem: 3483
Val:  [   240/?]  eta: ?  loss: 0.1689 (0.4837)  accuracy: 0.9258 (0.8655)  balanced_accuracy: 0.9139 (0.8502)  pr_auc: 0.9826 (0.8983)  roc_auc: 0.9943 (0.9421)  time: 0.2629  data: 0.0009  max mem: 3483
Val:  [   250/?]  eta: ?  loss: 0.1689 (0.4840)  accuracy: 0.9297 (0.8652)  balanced_accuracy: 0.9155 (0.8523)  pr_auc: 0.9970 (0.8997)  roc_auc: 0.9966 (0.9432)  time: 0.2630  data: 0.0008  max mem: 3483
Val:  [   260/?]  eta: ?  loss: 0.1174 (0.4792)  accuracy: 0.9440 (0.8671)  balanced_accuracy: 0.9155 (0.8553)  pr_auc: 0.9986 (0.8995)  roc_auc: 0.9982 (0.9451)  time: 0.2815  data: 0.0009  max mem: 3483
Val:  [   270/?]  eta: ?  loss: 0.1624 (0.4730)  accuracy: 0.9401 (0.8682)  balanced_accuracy: 0.9073 (0.8566)  pr_auc: 0.9861 (0.8998)  roc_auc: 0.9935 (0.9463)  time: 0.3106  data: 0.0009  max mem: 3483
Val:  [   280/?]  eta: ?  loss: 0.2305 (0.4763)  accuracy: 0.8958 (0.8686)  balanced_accuracy: 0.9005 (0.8574)  pr_auc: 0.9689 (0.8960)  roc_auc: 0.9882 (0.9452)  time: 0.2920  data: 0.0009  max mem: 3483
Val:  [   290/?]  eta: ?  loss: 0.2648 (0.4836)  accuracy: 0.8893 (0.8667)  balanced_accuracy: 0.8876 (0.8555)  pr_auc: 0.9654 (0.8962)  roc_auc: 0.9732 (0.9431)  time: 0.2616  data: 0.0008  max mem: 3483
Val:  [   300/?]  eta: ?  loss: 0.5582 (0.5042)  accuracy: 0.8073 (0.8626)  balanced_accuracy: 0.8426 (0.8501)  pr_auc: 0.9435 (0.8919)  roc_auc: 0.9487 (0.9385)  time: 0.2584  data: 0.0008  max mem: 3483
Val:  [   310/?]  eta: ?  loss: 0.6998 (0.5242)  accuracy: 0.7865 (0.8593)  balanced_accuracy: 0.7640 (0.8467)  pr_auc: 0.8940 (0.8893)  roc_auc: 0.9304 (0.9357)  time: 0.2497  data: 0.0008  max mem: 3483
Val: Total time: 0:01:35 (0.2984 s / it)
* loss 0.539
Test:  [     0/?]  eta: ?  loss: 0.3427 (0.3427)  accuracy: 0.9271 (0.9271)  balanced_accuracy: 0.9269 (0.9269)  pr_auc: 0.9910 (0.9910)  roc_auc: 0.9893 (0.9893)  time: 8.1527  data: 7.8620  max mem: 3483
Test:  [    10/?]  eta: ?  loss: 0.3324 (0.4158)  accuracy: 0.9102 (0.8922)  balanced_accuracy: 0.9269 (0.8496)  pr_auc: 0.9869 (0.9101)  roc_auc: 0.9911 (0.9649)  time: 0.9744  data: 0.7155  max mem: 3483
Test:  [    20/?]  eta: ?  loss: 0.2356 (0.4029)  accuracy: 0.8737 (0.8815)  balanced_accuracy: 0.8273 (0.8401)  pr_auc: 0.9707 (0.9187)  roc_auc: 0.9893 (0.9575)  time: 0.2564  data: 0.0009  max mem: 3483
Test:  [    30/?]  eta: ?  loss: 0.2237 (0.4269)  accuracy: 0.9245 (0.8734)  balanced_accuracy: 0.7863 (0.8438)  pr_auc: 0.9654 (0.9297)  roc_auc: 0.9838 (0.9557)  time: 0.2809  data: 0.0009  max mem: 3483
Test:  [    40/?]  eta: ?  loss: 0.1876 (0.4520)  accuracy: 0.9245 (0.8733)  balanced_accuracy: 0.9209 (0.8602)  pr_auc: 0.9906 (0.9432)  roc_auc: 0.9888 (0.9576)  time: 0.2789  data: 0.0008  max mem: 3483
Test:  [    50/?]  eta: ?  loss: 0.2185 (0.4366)  accuracy: 0.9245 (0.8763)  balanced_accuracy: 0.9004 (0.8601)  pr_auc: 0.9908 (0.9317)  roc_auc: 0.9903 (0.9587)  time: 0.2544  data: 0.0008  max mem: 3483
Test:  [    60/?]  eta: ?  loss: 0.2475 (0.4149)  accuracy: 0.9180 (0.8790)  balanced_accuracy: 0.8885 (0.8580)  pr_auc: 0.9732 (0.9115)  roc_auc: 0.9862 (0.9490)  time: 0.2562  data: 0.0008  max mem: 3483
Test:  [    70/?]  eta: ?  loss: 0.1918 (0.4162)  accuracy: 0.9180 (0.8780)  balanced_accuracy: 0.8945 (0.8575)  pr_auc: 0.9661 (0.9099)  roc_auc: 0.9737 (0.9476)  time: 0.2564  data: 0.0008  max mem: 3483
Test:  [    80/?]  eta: ?  loss: 0.1918 (0.4183)  accuracy: 0.8789 (0.8770)  balanced_accuracy: 0.9411 (0.8614)  pr_auc: 0.9924 (0.9155)  roc_auc: 0.9948 (0.9512)  time: 0.2565  data: 0.0008  max mem: 3483
Test:  [    90/?]  eta: ?  loss: 0.2330 (0.4184)  accuracy: 0.8568 (0.8752)  balanced_accuracy: 0.9011 (0.8630)  pr_auc: 0.9866 (0.9181)  roc_auc: 0.9948 (0.9499)  time: 0.2804  data: 0.0008  max mem: 3483
Test:  [   100/?]  eta: ?  loss: 0.3697 (0.4250)  accuracy: 0.8398 (0.8726)  balanced_accuracy: 0.8678 (0.8562)  pr_auc: 0.9806 (0.9179)  roc_auc: 0.9945 (0.9475)  time: 0.2785  data: 0.0008  max mem: 3483
Test:  [   110/?]  eta: ?  loss: 0.5728 (0.4578)  accuracy: 0.8229 (0.8651)  balanced_accuracy: 0.8014 (0.8450)  pr_auc: 0.9294 (0.9117)  roc_auc: 0.9398 (0.9413)  time: 0.2523  data: 0.0009  max mem: 3483
Test:  [   120/?]  eta: ?  loss: 0.5728 (0.4719)  accuracy: 0.8229 (0.8619)  balanced_accuracy: 0.7441 (0.8374)  pr_auc: 0.8894 (0.9027)  roc_auc: 0.9267 (0.9311)  time: 0.2531  data: 0.0008  max mem: 3483
Test:  [   130/?]  eta: ?  loss: 0.2315 (0.4560)  accuracy: 0.9102 (0.8664)  balanced_accuracy: 0.8363 (0.8431)  pr_auc: 0.9461 (0.8978)  roc_auc: 0.9583 (0.9345)  time: 0.2541  data: 0.0008  max mem: 3483
Test:  [   140/?]  eta: ?  loss: 0.1494 (0.4451)  accuracy: 0.9206 (0.8698)  balanced_accuracy: 0.9339 (0.8484)  pr_auc: 0.9890 (0.9010)  roc_auc: 0.9938 (0.9369)  time: 0.2778  data: 0.0008  max mem: 3483
Test:  [   150/?]  eta: ?  loss: 0.1579 (0.4602)  accuracy: 0.9206 (0.8699)  balanced_accuracy: 0.9307 (0.8488)  pr_auc: 0.9717 (0.9031)  roc_auc: 0.9884 (0.9372)  time: 0.2787  data: 0.0008  max mem: 3483
Test:  [   160/?]  eta: ?  loss: 0.1387 (0.4720)  accuracy: 0.9245 (0.8688)  balanced_accuracy: 0.9377 (0.8486)  pr_auc: 0.9708 (0.8979)  roc_auc: 0.9904 (0.9334)  time: 0.2547  data: 0.0008  max mem: 3483
Test:  [   170/?]  eta: ?  loss: 0.2153 (0.4717)  accuracy: 0.8867 (0.8681)  balanced_accuracy: 0.9140 (0.8478)  pr_auc: 0.9624 (0.8985)  roc_auc: 0.9904 (0.9321)  time: 0.2508  data: 0.0008  max mem: 3483
Test:  [   180/?]  eta: ?  loss: 0.1916 (0.4596)  accuracy: 0.8919 (0.8716)  balanced_accuracy: 0.9285 (0.8527)  pr_auc: 0.9907 (0.8988)  roc_auc: 0.9932 (0.9345)  time: 0.2750  data: 0.0009  max mem: 3483
Test:  [   190/?]  eta: ?  loss: 0.1916 (0.4581)  accuracy: 0.9076 (0.8716)  balanced_accuracy: 0.9010 (0.8501)  pr_auc: 0.9719 (0.8954)  roc_auc: 0.9830 (0.9348)  time: 0.2791  data: 0.0009  max mem: 3483
Test:  [   200/?]  eta: ?  loss: 0.2513 (0.4557)  accuracy: 0.9076 (0.8722)  balanced_accuracy: 0.8552 (0.8517)  pr_auc: 0.9719 (0.8994)  roc_auc: 0.9906 (0.9370)  time: 0.2572  data: 0.0008  max mem: 3483
Test:  [   210/?]  eta: ?  loss: 0.2371 (0.4586)  accuracy: 0.9115 (0.8717)  balanced_accuracy: 0.8618 (0.8501)  pr_auc: 0.9762 (0.8933)  roc_auc: 0.9812 (0.9343)  time: 0.2570  data: 0.0009  max mem: 3483
Test:  [   220/?]  eta: ?  loss: 0.2723 (0.4820)  accuracy: 0.8828 (0.8677)  balanced_accuracy: 0.8230 (0.8452)  pr_auc: 0.9902 (0.8899)  roc_auc: 0.9812 (0.9283)  time: 0.2538  data: 0.0008  max mem: 3483
Test:  [   230/?]  eta: ?  loss: 0.6525 (0.5134)  accuracy: 0.7578 (0.8633)  balanced_accuracy: 0.7630 (0.8415)  pr_auc: 0.9452 (0.8888)  roc_auc: 0.9211 (0.9226)  time: 0.2531  data: 0.0008  max mem: 3483
Test:  [   240/?]  eta: ?  loss: 0.1847 (0.5123)  accuracy: 0.9245 (0.8642)  balanced_accuracy: 0.9253 (0.8428)  pr_auc: 0.9757 (0.8887)  roc_auc: 0.9955 (0.9216)  time: 0.2561  data: 0.0008  max mem: 3483
Test:  [   250/?]  eta: ?  loss: 0.2027 (0.5194)  accuracy: 0.9245 (0.8639)  balanced_accuracy: 0.9253 (0.8430)  pr_auc: 0.9885 (0.8906)  roc_auc: 0.9962 (0.9212)  time: 0.2577  data: 0.0009  max mem: 3483
Test:  [   260/?]  eta: ?  loss: 0.2605 (0.5167)  accuracy: 0.8685 (0.8642)  balanced_accuracy: 0.9090 (0.8427)  pr_auc: 0.9910 (0.8925)  roc_auc: 0.9938 (0.9222)  time: 0.2776  data: 0.0009  max mem: 3483
Test:  [   270/?]  eta: ?  loss: 0.2273 (0.5124)  accuracy: 0.9193 (0.8646)  balanced_accuracy: 0.9076 (0.8421)  pr_auc: 0.9868 (0.8913)  roc_auc: 0.9927 (0.9228)  time: 0.2928  data: 0.0008  max mem: 3483
Test:  [   280/?]  eta: ?  loss: 0.2078 (0.5133)  accuracy: 0.8854 (0.8643)  balanced_accuracy: 0.8884 (0.8408)  pr_auc: 0.9868 (0.8927)  roc_auc: 0.9959 (0.9238)  time: 0.2691  data: 0.0008  max mem: 3483
Test:  [   290/?]  eta: ?  loss: 0.3296 (0.5110)  accuracy: 0.8828 (0.8642)  balanced_accuracy: 0.8112 (0.8404)  pr_auc: 0.9868 (0.8941)  roc_auc: 0.9967 (0.9251)  time: 0.2506  data: 0.0009  max mem: 3483
Test:  [   300/?]  eta: ?  loss: 0.3296 (0.5112)  accuracy: 0.8880 (0.8646)  balanced_accuracy: 0.8357 (0.8393)  pr_auc: 0.9899 (0.8948)  roc_auc: 0.9960 (0.9257)  time: 0.2485  data: 0.0008  max mem: 3483
Test: Total time: 0:01:29 (0.2891 s / it)
* loss 0.512
  → Epoch   9/50 | Train Loss: 0.1298 | Val Loss: 0.5386 | Train Acc: 95.1750% | Val Acc: 85.8906% | LR: 0.000002
Max accuracy val: 86.09%, max accuracy test: 86.64%
Epoch: [9]  [     0/?]  eta: ?  lr: 0.000491  min_lr: 0.000002  loss: 0.1160 (0.1160)  class_acc: 0.9629 (0.9629)  loss_scale: 64.0000 (64.0000)  weight_decay: 0.0500 (0.0500)  grad_norm: 74.9728 (74.9728)  time: 14.1358  data: 12.8117  max mem: 3483
Epoch: [9]  [   500/?]  eta: ?  lr: 0.000490  min_lr: 0.000002  loss: 0.1093 (0.1182)  class_acc: 0.9570 (0.9565)  loss_scale: 64.0000 (64.0000)  weight_decay: 0.0500 (0.0500)  grad_norm: 44.1565 (50.1602)  time: 1.3297  data: 0.0019  max mem: 3483
Epoch: [9]  [  1000/?]  eta: ?  lr: 0.000490  min_lr: 0.000002  loss: 0.1092 (0.1177)  class_acc: 0.9570 (0.9564)  loss_scale: 64.0000 (64.0000)  weight_decay: 0.0500 (0.0500)  grad_norm: 44.5758 (50.2438)  time: 1.3317  data: 0.0012  max mem: 3483
Epoch: [9]  [  1500/?]  eta: ?  lr: 0.000490  min_lr: 0.000002  loss: 0.1238 (0.1165)  class_acc: 0.9512 (0.9566)  loss_scale: 128.0000 (70.3957)  weight_decay: 0.0500 (0.0500)  grad_norm: 51.9271 (50.1091)  time: 1.3304  data: 0.0010  max mem: 3483
NaN or Inf found in input tensor.
NaN or Inf found in input tensor.
Epoch: [9]  [  2000/?]  eta: ?  lr: 0.000490  min_lr: 0.000002  loss: 0.1049 (0.1151)  class_acc: 0.9629 (0.9570)  loss_scale: 32.0000 (69.0215)  weight_decay: 0.0500 (0.0500)  grad_norm: 42.3443 (nan)  time: 1.3555  data: 0.0010  max mem: 3483
Epoch: [9] Total time: 0:48:25 (1.3389 s / it)
Val:  [     0/?]  eta: ?  loss: 0.0379 (0.0379)  accuracy: 0.9883 (0.9883)  balanced_accuracy: 0.9937 (0.9937)  pr_auc: 1.0000 (1.0000)  roc_auc: 1.0000 (1.0000)  time: 8.1978  data: 7.5046  max mem: 3483
Val:  [    10/?]  eta: ?  loss: 0.1236 (0.5791)  accuracy: 0.9284 (0.8582)  balanced_accuracy: 0.8865 (0.8514)  pr_auc: 0.9798 (0.9047)  roc_auc: 0.9899 (0.9313)  time: 0.9777  data: 0.6829  max mem: 3483
Val:  [    20/?]  eta: ?  loss: 0.1236 (0.4718)  accuracy: 0.9284 (0.8841)  balanced_accuracy: 0.8865 (0.8645)  pr_auc: 0.9524 (0.9244)  roc_auc: 0.9899 (0.9368)  time: 0.2770  data: 0.0008  max mem: 3483
Val:  [    30/?]  eta: ?  loss: 0.2177 (0.4063)  accuracy: 0.9297 (0.8952)  balanced_accuracy: 0.8781 (0.8775)  pr_auc: 0.9524 (0.9321)  roc_auc: 0.9793 (0.9513)  time: 0.2754  data: 0.0008  max mem: 3483
Val:  [    40/?]  eta: ?  loss: 0.2335 (0.4178)  accuracy: 0.9271 (0.8865)  balanced_accuracy: 0.9056 (0.8776)  pr_auc: 0.9738 (0.9102)  roc_auc: 0.9888 (0.9476)  time: 0.2836  data: 0.0009  max mem: 3483
Val:  [    50/?]  eta: ?  loss: 0.2442 (0.3980)  accuracy: 0.8737 (0.8854)  balanced_accuracy: 0.9056 (0.8757)  pr_auc: 0.9738 (0.9114)  roc_auc: 0.9866 (0.9501)  time: 0.2843  data: 0.0008  max mem: 3483
Val:  [    60/?]  eta: ?  loss: 0.3112 (0.4420)  accuracy: 0.8333 (0.8765)  balanced_accuracy: 0.8558 (0.8675)  pr_auc: 0.9535 (0.9029)  roc_auc: 0.9699 (0.9446)  time: 0.2544  data: 0.0008  max mem: 3483
Val:  [    70/?]  eta: ?  loss: 0.4685 (0.4760)  accuracy: 0.8021 (0.8696)  balanced_accuracy: 0.8359 (0.8593)  pr_auc: 0.9390 (0.9007)  roc_auc: 0.9238 (0.9409)  time: 0.2536  data: 0.0008  max mem: 3483
Val:  [    80/?]  eta: ?  loss: 0.2719 (0.4512)  accuracy: 0.8789 (0.8752)  balanced_accuracy: 0.8231 (0.8622)  pr_auc: 0.9404 (0.9043)  roc_auc: 0.9210 (0.9422)  time: 0.2528  data: 0.0008  max mem: 3483
Val:  [    90/?]  eta: ?  loss: 0.1728 (0.4333)  accuracy: 0.9219 (0.8789)  balanced_accuracy: 0.9126 (0.8660)  pr_auc: 0.9918 (0.9095)  roc_auc: 0.9812 (0.9469)  time: 0.2685  data: 0.0008  max mem: 3483
Val:  [   100/?]  eta: ?  loss: 0.1764 (0.4400)  accuracy: 0.9036 (0.8769)  balanced_accuracy: 0.9048 (0.8663)  pr_auc: 0.9485 (0.9062)  roc_auc: 0.9784 (0.9467)  time: 0.2696  data: 0.0008  max mem: 3483
Val:  [   110/?]  eta: ?  loss: 0.3427 (0.4484)  accuracy: 0.8724 (0.8747)  balanced_accuracy: 0.8711 (0.8667)  pr_auc: 0.9321 (0.9000)  roc_auc: 0.9598 (0.9466)  time: 0.2568  data: 0.0009  max mem: 3483
Val:  [   120/?]  eta: ?  loss: 0.3746 (0.4578)  accuracy: 0.8802 (0.8731)  balanced_accuracy: 0.9021 (0.8693)  pr_auc: 0.9556 (0.9049)  roc_auc: 0.9929 (0.9485)  time: 0.2561  data: 0.0008  max mem: 3483
Val:  [   130/?]  eta: ?  loss: 0.3952 (0.4845)  accuracy: 0.8385 (0.8681)  balanced_accuracy: 0.9005 (0.8670)  pr_auc: 0.9556 (0.8976)  roc_auc: 0.9878 (0.9456)  time: 0.2545  data: 0.0008  max mem: 3483
Val:  [   140/?]  eta: ?  loss: 0.3914 (0.5170)  accuracy: 0.8385 (0.8616)  balanced_accuracy: 0.8625 (0.8619)  pr_auc: 0.9649 (0.8915)  roc_auc: 0.9869 (0.9402)  time: 0.2546  data: 0.0007  max mem: 3483
Val:  [   150/?]  eta: ?  loss: 0.3121 (0.5046)  accuracy: 0.8815 (0.8640)  balanced_accuracy: 0.8906 (0.8647)  pr_auc: 0.9649 (0.8956)  roc_auc: 0.9713 (0.9420)  time: 0.2706  data: 0.0008  max mem: 3483
Val:  [   160/?]  eta: ?  loss: 0.2049 (0.5023)  accuracy: 0.9180 (0.8644)  balanced_accuracy: 0.9146 (0.8645)  pr_auc: 0.9680 (0.8966)  roc_auc: 0.9740 (0.9410)  time: 0.2774  data: 0.0008  max mem: 3483
Val:  [   170/?]  eta: ?  loss: 0.1832 (0.4946)  accuracy: 0.9245 (0.8653)  balanced_accuracy: 0.9232 (0.8632)  pr_auc: 0.9426 (0.8925)  roc_auc: 0.9885 (0.9384)  time: 0.2590  data: 0.0008  max mem: 3483
Val:  [   180/?]  eta: ?  loss: 0.0930 (0.4874)  accuracy: 0.9570 (0.8676)  balanced_accuracy: 0.9214 (0.8642)  pr_auc: 0.9464 (0.8915)  roc_auc: 0.9885 (0.9367)  time: 0.2672  data: 0.0008  max mem: 3483
Val:  [   190/?]  eta: ?  loss: 0.0930 (0.4815)  accuracy: 0.9557 (0.8673)  balanced_accuracy: 0.9060 (0.8650)  pr_auc: 0.9930 (0.8938)  roc_auc: 0.9892 (0.9370)  time: 0.2693  data: 0.0008  max mem: 3483
Val:  [   200/?]  eta: ?  loss: 0.2072 (0.4719)  accuracy: 0.9167 (0.8686)  balanced_accuracy: 0.9060 (0.8672)  pr_auc: 0.9949 (0.8989)  roc_auc: 0.9969 (0.9401)  time: 0.2563  data: 0.0009  max mem: 3483
Val:  [   210/?]  eta: ?  loss: 0.2072 (0.4669)  accuracy: 0.9167 (0.8698)  balanced_accuracy: 0.9266 (0.8678)  pr_auc: 0.9921 (0.8993)  roc_auc: 0.9932 (0.9400)  time: 0.2588  data: 0.0009  max mem: 3483
Val:  [   220/?]  eta: ?  loss: 0.2127 (0.4602)  accuracy: 0.9349 (0.8708)  balanced_accuracy: 0.9322 (0.8664)  pr_auc: 0.9920 (0.8986)  roc_auc: 0.9917 (0.9414)  time: 0.2630  data: 0.0009  max mem: 3483
Val:  [   230/?]  eta: ?  loss: 0.2127 (0.4500)  accuracy: 0.9076 (0.8709)  balanced_accuracy: 0.9343 (0.8674)  pr_auc: 0.9947 (0.9015)  roc_auc: 0.9953 (0.9432)  time: 0.2602  data: 0.0008  max mem: 3483
Val:  [   240/?]  eta: ?  loss: 0.2028 (0.4450)  accuracy: 0.9076 (0.8691)  balanced_accuracy: 0.9212 (0.8696)  pr_auc: 0.9954 (0.9044)  roc_auc: 0.9957 (0.9450)  time: 0.2691  data: 0.0008  max mem: 3483
Val:  [   250/?]  eta: ?  loss: 0.2136 (0.4477)  accuracy: 0.8932 (0.8690)  balanced_accuracy: 0.9425 (0.8711)  pr_auc: 0.9991 (0.9032)  roc_auc: 0.9961 (0.9454)  time: 0.2719  data: 0.0008  max mem: 3483
Val:  [   260/?]  eta: ?  loss: 0.1353 (0.4464)  accuracy: 0.9245 (0.8707)  balanced_accuracy: 0.9555 (0.8737)  pr_auc: 0.9991 (0.9036)  roc_auc: 0.9986 (0.9470)  time: 0.2662  data: 0.0008  max mem: 3483
Val:  [   270/?]  eta: ?  loss: 0.1353 (0.4430)  accuracy: 0.9401 (0.8716)  balanced_accuracy: 0.9418 (0.8750)  pr_auc: 0.9948 (0.9046)  roc_auc: 0.9977 (0.9486)  time: 0.2858  data: 0.0008  max mem: 3483
Val:  [   280/?]  eta: ?  loss: 0.1961 (0.4495)  accuracy: 0.9310 (0.8717)  balanced_accuracy: 0.9325 (0.8756)  pr_auc: 0.9880 (0.9022)  roc_auc: 0.9932 (0.9482)  time: 0.2762  data: 0.0008  max mem: 3483
Val:  [   290/?]  eta: ?  loss: 0.2580 (0.4588)  accuracy: 0.9167 (0.8698)  balanced_accuracy: 0.9296 (0.8729)  pr_auc: 0.9752 (0.9019)  roc_auc: 0.9814 (0.9448)  time: 0.2687  data: 0.0008  max mem: 3483
Val:  [   300/?]  eta: ?  loss: 0.4368 (0.4768)  accuracy: 0.8073 (0.8655)  balanced_accuracy: 0.8342 (0.8671)  pr_auc: 0.9179 (0.8973)  roc_auc: 0.9429 (0.9402)  time: 0.2679  data: 0.0008  max mem: 3483
Val:  [   310/?]  eta: ?  loss: 0.5685 (0.4921)  accuracy: 0.7708 (0.8625)  balanced_accuracy: 0.7439 (0.8627)  pr_auc: 0.8979 (0.8939)  roc_auc: 0.9290 (0.9370)  time: 0.2443  data: 0.0007  max mem: 3483
Val: Total time: 0:01:32 (0.2895 s / it)
* loss 0.508
Test:  [     0/?]  eta: ?  loss: 0.2032 (0.2032)  accuracy: 0.9557 (0.9557)  balanced_accuracy: 0.9556 (0.9556)  pr_auc: 0.9940 (0.9940)  roc_auc: 0.9929 (0.9929)  time: 8.5627  data: 8.2688  max mem: 3483
Test:  [    10/?]  eta: ?  loss: 0.4608 (0.4410)  accuracy: 0.8672 (0.8742)  balanced_accuracy: 0.9123 (0.8668)  pr_auc: 0.9395 (0.8747)  roc_auc: 0.9696 (0.9575)  time: 1.0224  data: 0.7525  max mem: 3483
Test:  [    20/?]  eta: ?  loss: 0.2783 (0.4018)  accuracy: 0.8763 (0.8782)  balanced_accuracy: 0.8965 (0.8681)  pr_auc: 0.9395 (0.9006)  roc_auc: 0.9708 (0.9535)  time: 0.3104  data: 0.0008  max mem: 3483
Test:  [    30/?]  eta: ?  loss: 0.1740 (0.4125)  accuracy: 0.9219 (0.8708)  balanced_accuracy: 0.8291 (0.8619)  pr_auc: 0.9659 (0.9145)  roc_auc: 0.9708 (0.9489)  time: 0.3072  data: 0.0008  max mem: 3483
Test:  [    40/?]  eta: ?  loss: 0.1630 (0.4367)  accuracy: 0.9049 (0.8720)  balanced_accuracy: 0.9131 (0.8730)  pr_auc: 0.9797 (0.9312)  roc_auc: 0.9854 (0.9525)  time: 0.2644  data: 0.0008  max mem: 3483
Test:  [    50/?]  eta: ?  loss: 0.3484 (0.4476)  accuracy: 0.8789 (0.8703)  balanced_accuracy: 0.9092 (0.8672)  pr_auc: 0.9888 (0.9221)  roc_auc: 0.9900 (0.9545)  time: 0.2660  data: 0.0008  max mem: 3483
Test:  [    60/?]  eta: ?  loss: 0.3484 (0.4279)  accuracy: 0.8633 (0.8723)  balanced_accuracy: 0.8528 (0.8635)  pr_auc: 0.9635 (0.9056)  roc_auc: 0.9879 (0.9492)  time: 0.2662  data: 0.0009  max mem: 3483
Test:  [    70/?]  eta: ?  loss: 0.3380 (0.4213)  accuracy: 0.8568 (0.8733)  balanced_accuracy: 0.8461 (0.8662)  pr_auc: 0.9370 (0.9083)  roc_auc: 0.9498 (0.9504)  time: 0.2664  data: 0.0009  max mem: 3483
Test:  [    80/?]  eta: ?  loss: 0.1545 (0.4233)  accuracy: 0.9336 (0.8715)  balanced_accuracy: 0.9399 (0.8698)  pr_auc: 0.9947 (0.9162)  roc_auc: 0.9952 (0.9549)  time: 0.2671  data: 0.0009  max mem: 3483
Test:  [    90/?]  eta: ?  loss: 0.2745 (0.4167)  accuracy: 0.8685 (0.8705)  balanced_accuracy: 0.9316 (0.8710)  pr_auc: 0.9911 (0.9183)  roc_auc: 0.9954 (0.9541)  time: 0.2852  data: 0.0009  max mem: 3483
Test:  [   100/?]  eta: ?  loss: 0.2905 (0.4085)  accuracy: 0.8659 (0.8713)  balanced_accuracy: 0.8792 (0.8671)  pr_auc: 0.9862 (0.9182)  roc_auc: 0.9954 (0.9533)  time: 0.2823  data: 0.0008  max mem: 3483
Test:  [   110/?]  eta: ?  loss: 0.3663 (0.4281)  accuracy: 0.8659 (0.8656)  balanced_accuracy: 0.8333 (0.8575)  pr_auc: 0.9698 (0.9138)  roc_auc: 0.9247 (0.9484)  time: 0.2634  data: 0.0008  max mem: 3483
Test:  [   120/?]  eta: ?  loss: 0.3663 (0.4446)  accuracy: 0.8516 (0.8619)  balanced_accuracy: 0.7785 (0.8488)  pr_auc: 0.8944 (0.9033)  roc_auc: 0.9247 (0.9389)  time: 0.2636  data: 0.0008  max mem: 3483
Test:  [   130/?]  eta: ?  loss: 0.2332 (0.4323)  accuracy: 0.8789 (0.8659)  balanced_accuracy: 0.8568 (0.8550)  pr_auc: 0.9375 (0.8995)  roc_auc: 0.9694 (0.9421)  time: 0.2857  data: 0.0008  max mem: 3483
Test:  [   140/?]  eta: ?  loss: 0.1727 (0.4238)  accuracy: 0.9323 (0.8670)  balanced_accuracy: 0.9331 (0.8578)  pr_auc: 0.9864 (0.9030)  roc_auc: 0.9885 (0.9442)  time: 0.2864  data: 0.0009  max mem: 3483
Test:  [   150/?]  eta: ?  loss: 0.2399 (0.4381)  accuracy: 0.9076 (0.8657)  balanced_accuracy: 0.9157 (0.8555)  pr_auc: 0.9623 (0.9040)  roc_auc: 0.9781 (0.9435)  time: 0.2651  data: 0.0009  max mem: 3483
Test:  [   160/?]  eta: ?  loss: 0.2399 (0.4651)  accuracy: 0.8932 (0.8634)  balanced_accuracy: 0.9157 (0.8543)  pr_auc: 0.9430 (0.8962)  roc_auc: 0.9781 (0.9374)  time: 0.2654  data: 0.0009  max mem: 3483
Test:  [   170/?]  eta: ?  loss: 0.2455 (0.4690)  accuracy: 0.8854 (0.8628)  balanced_accuracy: 0.8998 (0.8534)  pr_auc: 0.9363 (0.8971)  roc_auc: 0.9582 (0.9361)  time: 0.2790  data: 0.0008  max mem: 3483
Test:  [   180/?]  eta: ?  loss: 0.1828 (0.4587)  accuracy: 0.9336 (0.8662)  balanced_accuracy: 0.9233 (0.8577)  pr_auc: 0.9824 (0.8962)  roc_auc: 0.9813 (0.9382)  time: 0.2785  data: 0.0008  max mem: 3483
Test:  [   190/?]  eta: ?  loss: 0.1932 (0.4530)  accuracy: 0.9128 (0.8674)  balanced_accuracy: 0.8742 (0.8577)  pr_auc: 0.9526 (0.8949)  roc_auc: 0.9799 (0.9392)  time: 0.2659  data: 0.0009  max mem: 3483
Test:  [   200/?]  eta: ?  loss: 0.2234 (0.4449)  accuracy: 0.8997 (0.8689)  balanced_accuracy: 0.8736 (0.8600)  pr_auc: 0.9669 (0.8992)  roc_auc: 0.9922 (0.9413)  time: 0.2678  data: 0.0009  max mem: 3483
Test:  [   210/?]  eta: ?  loss: 0.2082 (0.4469)  accuracy: 0.8997 (0.8693)  balanced_accuracy: 0.8815 (0.8592)  pr_auc: 0.9815 (0.8932)  roc_auc: 0.9844 (0.9391)  time: 0.2659  data: 0.0009  max mem: 3483
Test:  [   220/?]  eta: ?  loss: 0.2495 (0.4686)  accuracy: 0.8867 (0.8654)  balanced_accuracy: 0.8815 (0.8543)  pr_auc: 0.9841 (0.8901)  roc_auc: 0.9844 (0.9331)  time: 0.2626  data: 0.0008  max mem: 3483
Test:  [   230/?]  eta: ?  loss: 0.6354 (0.5010)  accuracy: 0.7956 (0.8608)  balanced_accuracy: 0.8092 (0.8496)  pr_auc: 0.9554 (0.8886)  roc_auc: 0.9363 (0.9272)  time: 0.2629  data: 0.0008  max mem: 3483
Test:  [   240/?]  eta: ?  loss: 0.4620 (0.5092)  accuracy: 0.8424 (0.8598)  balanced_accuracy: 0.8683 (0.8483)  pr_auc: 0.9700 (0.8885)  roc_auc: 0.9893 (0.9257)  time: 0.3059  data: 0.0008  max mem: 3483
Test:  [   250/?]  eta: ?  loss: 0.1406 (0.5168)  accuracy: 0.8919 (0.8589)  balanced_accuracy: 0.8875 (0.8472)  pr_auc: 0.9909 (0.8898)  roc_auc: 0.9948 (0.9242)  time: 0.3055  data: 0.0009  max mem: 3483
Test:  [   260/?]  eta: ?  loss: 0.2494 (0.5117)  accuracy: 0.8919 (0.8597)  balanced_accuracy: 0.8967 (0.8476)  pr_auc: 0.9802 (0.8909)  roc_auc: 0.9931 (0.9250)  time: 0.2639  data: 0.0008  max mem: 3483
Test:  [   270/?]  eta: ?  loss: 0.2494 (0.5041)  accuracy: 0.9115 (0.8609)  balanced_accuracy: 0.9023 (0.8486)  pr_auc: 0.9802 (0.8909)  roc_auc: 0.9853 (0.9262)  time: 0.2639  data: 0.0008  max mem: 3483
Test:  [   280/?]  eta: ?  loss: 0.1647 (0.5027)  accuracy: 0.9362 (0.8618)  balanced_accuracy: 0.8908 (0.8479)  pr_auc: 0.9858 (0.8928)  roc_auc: 0.9922 (0.9274)  time: 0.2627  data: 0.0008  max mem: 3483
Test:  [   290/?]  eta: ?  loss: 0.1729 (0.4988)  accuracy: 0.8932 (0.8621)  balanced_accuracy: 0.8483 (0.8479)  pr_auc: 0.9955 (0.8938)  roc_auc: 0.9972 (0.9284)  time: 0.2603  data: 0.0008  max mem: 3483
Test:  [   300/?]  eta: ?  loss: 0.1941 (0.4969)  accuracy: 0.8789 (0.8628)  balanced_accuracy: 0.8483 (0.8477)  pr_auc: 0.9945 (0.8946)  roc_auc: 0.9922 (0.9289)  time: 0.2539  data: 0.0008  max mem: 3483
Test: Total time: 0:01:33 (0.3013 s / it)
* loss 0.497

============================================================
Counting samples by task type...
============================================================

============================================================
Evaluating on active tasks (35,284 samples)...
============================================================
Active Test:  [     0/?]  eta: ?  loss: 0.0021 (0.0021)  accuracy: 1.0000 (1.0000)  time: 7.1040  data: 6.7958  max mem: 3483
Active Test:  [    10/?]  eta: ?  loss: 0.1023 (0.1472)  accuracy: 0.9688 (0.9418)  balanced_accuracy: 0.9643 (0.9524)  pr_auc: 0.9964 (0.9889)  roc_auc: 0.9968 (0.9930)  time: 0.8273  data: 0.6182  max mem: 3483
Active Test:  [    20/?]  eta: ?  loss: 0.0791 (0.1336)  accuracy: 0.9688 (0.9509)  balanced_accuracy: 0.9680 (0.9521)  pr_auc: 0.9964 (0.9899)  roc_auc: 0.9968 (0.9839)  time: 0.1972  data: 0.0004  max mem: 3483
Active Test:  [    30/?]  eta: ?  loss: 0.0417 (0.1686)  accuracy: 0.9844 (0.9410)  balanced_accuracy: 0.9767 (0.9558)  pr_auc: 0.9997 (0.9931)  roc_auc: 0.9989 (0.9886)  time: 0.1913  data: 0.0004  max mem: 3483
Active Test:  [    40/?]  eta: ?  loss: 0.0417 (0.2161)  accuracy: 0.9688 (0.9242)  balanced_accuracy: 0.9884 (0.9527)  pr_auc: 1.0000 (0.9919)  roc_auc: 1.0000 (0.9815)  time: 0.1879  data: 0.0004  max mem: 3483
Active Test:  [    50/?]  eta: ?  loss: 0.0604 (0.3080)  accuracy: 0.9688 (0.9136)  balanced_accuracy: 1.0000 (0.9515)  pr_auc: 1.0000 (0.9769)  roc_auc: 1.0000 (0.9747)  time: 0.1900  data: 0.0004  max mem: 3483
Active Test:  [    60/?]  eta: ?  loss: 0.0531 (0.4378)  accuracy: 0.9688 (0.8993)  balanced_accuracy: 0.9884 (0.9531)  pr_auc: 1.0000 (0.9580)  roc_auc: 1.0000 (0.9727)  time: 0.2322  data: 0.0004  max mem: 3483
Active Test:  [    70/?]  eta: ?  loss: 0.1986 (0.4492)  accuracy: 0.9219 (0.8950)  balanced_accuracy: 0.9767 (0.9378)  pr_auc: 1.0000 (0.9508)  roc_auc: 1.0000 (0.9687)  time: 0.2305  data: 0.0004  max mem: 3483
Active Test:  [    80/?]  eta: ?  loss: 0.1659 (0.4491)  accuracy: 0.9219 (0.8939)  balanced_accuracy: 0.9297 (0.9305)  pr_auc: 1.0000 (0.9562)  roc_auc: 1.0000 (0.9723)  time: 0.1896  data: 0.0004  max mem: 3483
Active Test:  [    90/?]  eta: ?  loss: 0.1110 (0.4354)  accuracy: 0.9375 (0.8941)  balanced_accuracy: 0.9124 (0.9290)  pr_auc: 1.0000 (0.9594)  roc_auc: 1.0000 (0.9745)  time: 0.1899  data: 0.0004  max mem: 3483
Active Test:  [   100/?]  eta: ?  loss: 0.1709 (0.4094)  accuracy: 0.9375 (0.8974)  balanced_accuracy: 0.9297 (0.9262)  pr_auc: 1.0000 (0.9595)  roc_auc: 1.0000 (0.9751)  time: 0.1893  data: 0.0004  max mem: 3483
Active Test:  [   110/?]  eta: ?  loss: 0.1709 (0.4211)  accuracy: 0.9219 (0.8932)  balanced_accuracy: 0.9169 (0.9116)  pr_auc: 0.9989 (0.9456)  roc_auc: 0.9978 (0.9683)  time: 0.1900  data: 0.0004  max mem: 3483
Active Test:  [   120/?]  eta: ?  loss: 0.0745 (0.4090)  accuracy: 0.9531 (0.8964)  balanced_accuracy: 0.9746 (0.9140)  pr_auc: 1.0000 (0.9494)  roc_auc: 1.0000 (0.9702)  time: 0.2060  data: 0.0004  max mem: 3483
Active Test:  [   130/?]  eta: ?  loss: 0.0190 (0.4233)  accuracy: 0.9844 (0.8947)  balanced_accuracy: 0.9762 (0.9146)  pr_auc: 1.0000 (0.9482)  roc_auc: 1.0000 (0.9713)  time: 0.2049  data: 0.0004  max mem: 3483
Active Test:  [   140/?]  eta: ?  loss: 0.1442 (0.4449)  accuracy: 0.9219 (0.8910)  balanced_accuracy: 0.9783 (0.9038)  pr_auc: 1.0000 (0.9334)  roc_auc: 1.0000 (0.9533)  time: 0.1896  data: 0.0004  max mem: 3483
Active Test:  [   150/?]  eta: ?  loss: 0.1895 (0.4923)  accuracy: 0.9219 (0.8829)  balanced_accuracy: 0.9512 (0.8986)  pr_auc: 0.9982 (0.9263)  roc_auc: 0.9989 (0.9483)  time: 0.1887  data: 0.0004  max mem: 3483
Active Test:  [   160/?]  eta: ?  loss: 0.1895 (0.5150)  accuracy: 0.8906 (0.8813)  balanced_accuracy: 0.8333 (0.8937)  pr_auc: 1.0000 (0.9179)  roc_auc: 1.0000 (0.9393)  time: 0.1888  data: 0.0004  max mem: 3483
Active Test:  [   170/?]  eta: ?  loss: 0.0611 (0.4921)  accuracy: 0.9688 (0.8858)  balanced_accuracy: 0.9778 (0.8993)  pr_auc: 1.0000 (0.9243)  roc_auc: 1.0000 (0.9441)  time: 0.1918  data: 0.0004  max mem: 3483
Active Test:  [   180/?]  eta: ?  loss: 0.1288 (0.4923)  accuracy: 0.9375 (0.8859)  balanced_accuracy: 0.9186 (0.8986)  pr_auc: 1.0000 (0.9259)  roc_auc: 1.0000 (0.9459)  time: 0.2066  data: 0.0004  max mem: 3483
Active Test:  [   190/?]  eta: ?  loss: 0.2399 (0.5101)  accuracy: 0.9219 (0.8837)  balanced_accuracy: 0.8931 (0.8955)  pr_auc: 1.0000 (0.9222)  roc_auc: 1.0000 (0.9439)  time: 0.2067  data: 0.0004  max mem: 3483
Active Test:  [   200/?]  eta: ?  loss: 0.3153 (0.5101)  accuracy: 0.8750 (0.8824)  balanced_accuracy: 0.9048 (0.8951)  pr_auc: 0.9992 (0.9188)  roc_auc: 0.9974 (0.9452)  time: 0.1924  data: 0.0004  max mem: 3483
Active Test:  [   210/?]  eta: ?  loss: 0.3911 (0.5193)  accuracy: 0.8594 (0.8771)  balanced_accuracy: 0.9070 (0.8959)  pr_auc: 0.9992 (0.9201)  roc_auc: 0.9980 (0.9463)  time: 0.2034  data: 0.0004  max mem: 3483
Active Test:  [   220/?]  eta: ?  loss: 0.2087 (0.5084)  accuracy: 0.9062 (0.8785)  balanced_accuracy: 0.9286 (0.8984)  pr_auc: 1.0000 (0.9232)  roc_auc: 1.0000 (0.9484)  time: 0.2015  data: 0.0004  max mem: 3483
Active Test:  [   230/?]  eta: ?  loss: 0.1006 (0.4992)  accuracy: 0.9531 (0.8799)  balanced_accuracy: 0.9181 (0.8949)  pr_auc: 0.9960 (0.9246)  roc_auc: 0.9980 (0.9494)  time: 0.1872  data: 0.0004  max mem: 3483
Active Test:  [   240/?]  eta: ?  loss: 0.1302 (0.4866)  accuracy: 0.9375 (0.8820)  balanced_accuracy: 0.9286 (0.8950)  pr_auc: 0.9940 (0.9248)  roc_auc: 0.9967 (0.9495)  time: 0.2029  data: 0.0004  max mem: 3483
Active Test:  [   250/?]  eta: ?  loss: 0.0768 (0.4724)  accuracy: 0.9688 (0.8849)  balanced_accuracy: 0.9417 (0.8969)  pr_auc: 0.9960 (0.9272)  roc_auc: 0.9967 (0.9505)  time: 0.2044  data: 0.0004  max mem: 3483
Active Test:  [   260/?]  eta: ?  loss: 0.0911 (0.4679)  accuracy: 0.9375 (0.8832)  balanced_accuracy: 0.9091 (0.8919)  pr_auc: 0.9988 (0.9301)  roc_auc: 0.9979 (0.9523)  time: 0.1903  data: 0.0004  max mem: 3483
Active Test:  [   270/?]  eta: ?  loss: 0.0911 (0.4540)  accuracy: 0.9375 (0.8849)  balanced_accuracy: 0.9091 (0.8936)  pr_auc: 1.0000 (0.9327)  roc_auc: 1.0000 (0.9540)  time: 0.1906  data: 0.0004  max mem: 3483
Active Test:  [   280/?]  eta: ?  loss: 0.0144 (0.4414)  accuracy: 1.0000 (0.8866)  balanced_accuracy: 0.9762 (0.8956)  pr_auc: 1.0000 (0.9355)  roc_auc: 1.0000 (0.9559)  time: 0.1910  data: 0.0004  max mem: 3483
Active Test:  [   290/?]  eta: ?  loss: 0.0645 (0.4305)  accuracy: 0.9688 (0.8890)  balanced_accuracy: 0.9881 (0.8973)  pr_auc: 1.0000 (0.9367)  roc_auc: 1.0000 (0.9567)  time: 0.1887  data: 0.0004  max mem: 3483
Active Test:  [   300/?]  eta: ?  loss: 0.0645 (0.4212)  accuracy: 0.9688 (0.8900)  balanced_accuracy: 1.0000 (0.8993)  pr_auc: 1.0000 (0.9381)  roc_auc: 1.0000 (0.9577)  time: 0.2009  data: 0.0004  max mem: 3483
Active Test:  [   310/?]  eta: ?  loss: 0.0121 (0.4096)  accuracy: 0.9844 (0.8921)  balanced_accuracy: 1.0000 (0.9013)  pr_auc: 1.0000 (0.9400)  roc_auc: 1.0000 (0.9590)  time: 0.2028  data: 0.0004  max mem: 3483
Active Test:  [   320/?]  eta: ?  loss: 0.0197 (0.4024)  accuracy: 0.9844 (0.8936)  balanced_accuracy: 1.0000 (0.9014)  pr_auc: 1.0000 (0.9415)  roc_auc: 1.0000 (0.9600)  time: 0.1892  data: 0.0004  max mem: 3483
Active Test:  [   330/?]  eta: ?  loss: 0.1381 (0.4016)  accuracy: 0.9375 (0.8936)  balanced_accuracy: 0.9375 (0.9014)  pr_auc: 1.0000 (0.9395)  roc_auc: 1.0000 (0.9582)  time: 0.1902  data: 0.0004  max mem: 3483
Active Test:  [   340/?]  eta: ?  loss: 0.1381 (0.3959)  accuracy: 0.9375 (0.8946)  balanced_accuracy: 0.9062 (0.8981)  pr_auc: 1.0000 (0.9373)  roc_auc: 1.0000 (0.9583)  time: 0.1925  data: 0.0004  max mem: 3483
Active Test:  [   350/?]  eta: ?  loss: 0.0351 (0.4005)  accuracy: 0.9844 (0.8941)  balanced_accuracy: 0.9062 (0.8996)  pr_auc: 1.0000 (0.9386)  roc_auc: 1.0000 (0.9591)  time: 0.1904  data: 0.0004  max mem: 3483
Active Test:  [   360/?]  eta: ?  loss: 0.2082 (0.4082)  accuracy: 0.9375 (0.8921)  balanced_accuracy: 0.9375 (0.8990)  pr_auc: 1.0000 (0.9386)  roc_auc: 1.0000 (0.9593)  time: 0.2147  data: 0.0004  max mem: 3483
Active Test:  [   370/?]  eta: ?  loss: 0.1673 (0.4021)  accuracy: 0.9375 (0.8915)  balanced_accuracy: 0.9531 (0.8968)  pr_auc: 1.0000 (0.9396)  roc_auc: 1.0000 (0.9595)  time: 0.2187  data: 0.0004  max mem: 3483
Active Test:  [   380/?]  eta: ?  loss: 0.0300 (0.4061)  accuracy: 0.9688 (0.8905)  balanced_accuracy: 0.9531 (0.8970)  pr_auc: 0.9985 (0.9403)  roc_auc: 0.9980 (0.9600)  time: 0.1920  data: 0.0004  max mem: 3483
Active Test:  [   390/?]  eta: ?  loss: 0.0604 (0.4035)  accuracy: 0.9688 (0.8907)  balanced_accuracy: 0.9688 (0.8990)  pr_auc: 1.0000 (0.9419)  roc_auc: 1.0000 (0.9611)  time: 0.1900  data: 0.0004  max mem: 3483
Active Test:  [   400/?]  eta: ?  loss: 0.0835 (0.3985)  accuracy: 0.9688 (0.8915)  balanced_accuracy: 0.9844 (0.9006)  pr_auc: 1.0000 (0.9432)  roc_auc: 1.0000 (0.9619)  time: 0.1898  data: 0.0004  max mem: 3483
Active Test:  [   410/?]  eta: ?  loss: 0.0246 (0.3954)  accuracy: 0.9688 (0.8923)  balanced_accuracy: 0.9844 (0.9012)  pr_auc: 1.0000 (0.9437)  roc_auc: 1.0000 (0.9623)  time: 0.1864  data: 0.0004  max mem: 3483
Active Test:  [   420/?]  eta: ?  loss: 0.0697 (0.3934)  accuracy: 0.9375 (0.8923)  balanced_accuracy: 0.9804 (0.9027)  pr_auc: 1.0000 (0.9449)  roc_auc: 1.0000 (0.9631)  time: 0.2001  data: 0.0004  max mem: 3483
Active Test:  [   430/?]  eta: ?  loss: 0.0557 (0.3863)  accuracy: 1.0000 (0.8942)  balanced_accuracy: 1.0000 (0.9030)  pr_auc: 1.0000 (0.9459)  roc_auc: 1.0000 (0.9636)  time: 0.2025  data: 0.0004  max mem: 3483
Active Test:  [   440/?]  eta: ?  loss: 0.0100 (0.3817)  accuracy: 1.0000 (0.8955)  balanced_accuracy: 1.0000 (0.9023)  pr_auc: 1.0000 (0.9436)  roc_auc: 1.0000 (0.9632)  time: 0.1888  data: 0.0004  max mem: 3483
Active Test:  [   450/?]  eta: ?  loss: 0.0497 (0.3854)  accuracy: 0.9688 (0.8943)  balanced_accuracy: 0.8462 (0.8983)  pr_auc: 1.0000 (0.9442)  roc_auc: 1.0000 (0.9633)  time: 0.1893  data: 0.0004  max mem: 3483
Active Test:  [   460/?]  eta: ?  loss: 0.0667 (0.3861)  accuracy: 0.9688 (0.8938)  balanced_accuracy: 0.8416 (0.8979)  pr_auc: 1.0000 (0.9439)  roc_auc: 1.0000 (0.9631)  time: 0.1886  data: 0.0004  max mem: 3483
Active Test:  [   470/?]  eta: ?  loss: 0.0115 (0.3811)  accuracy: 1.0000 (0.8938)  balanced_accuracy: 0.8416 (0.8982)  pr_auc: 1.0000 (0.9441)  roc_auc: 1.0000 (0.9632)  time: 0.1847  data: 0.0004  max mem: 3483
Active Test:  [   480/?]  eta: ?  loss: 0.0074 (0.3778)  accuracy: 1.0000 (0.8933)  balanced_accuracy: 0.8333 (0.8974)  pr_auc: 1.0000 (0.9447)  roc_auc: 1.0000 (0.9637)  time: 0.1988  data: 0.0003  max mem: 3483
Active Test:  [   490/?]  eta: ?  loss: 0.0185 (0.3750)  accuracy: 1.0000 (0.8943)  balanced_accuracy: 0.8333 (0.8977)  pr_auc: 1.0000 (0.9449)  roc_auc: 1.0000 (0.9638)  time: 0.1989  data: 0.0004  max mem: 3483
Active Test:  [   500/?]  eta: ?  loss: 0.0030 (0.3782)  accuracy: 1.0000 (0.8933)  balanced_accuracy: 0.8416 (0.8980)  pr_auc: 1.0000 (0.9451)  roc_auc: 1.0000 (0.9639)  time: 0.1816  data: 0.0003  max mem: 3483
Active Test:  [   510/?]  eta: ?  loss: 0.0032 (0.3738)  accuracy: 1.0000 (0.8943)  balanced_accuracy: 1.0000 (0.8984)  pr_auc: 1.0000 (0.9457)  roc_auc: 1.0000 (0.9643)  time: 0.1833  data: 0.0003  max mem: 3483
Active Test:  [   520/?]  eta: ?  loss: 0.0032 (0.3713)  accuracy: 1.0000 (0.8945)  balanced_accuracy: 1.0000 (0.8984)  pr_auc: 1.0000 (0.9460)  roc_auc: 1.0000 (0.9645)  time: 0.1908  data: 0.0003  max mem: 3483
Active Test:  [   530/?]  eta: ?  loss: 0.0087 (0.3755)  accuracy: 1.0000 (0.8938)  balanced_accuracy: 1.0000 (0.8990)  pr_auc: 1.0000 (0.9464)  roc_auc: 1.0000 (0.9647)  time: 0.1896  data: 0.0003  max mem: 3483
Active Test:  [   540/?]  eta: ?  loss: 0.0087 (0.3769)  accuracy: 1.0000 (0.8939)  balanced_accuracy: 1.0000 (0.8990)  pr_auc: 1.0000 (0.9464)  roc_auc: 1.0000 (0.9647)  time: 0.1964  data: 0.0003  max mem: 3483
Active Test: Total time: 0:01:54 (0.2092 s / it)
* loss 0.373

============================================================
Evaluating on passive tasks (204,188 samples)...
============================================================
Passive Test:  [     0/?]  eta: ?  loss: 2.5027 (2.5027)  accuracy: 0.6719 (0.6719)  time: 2.4476  data: 2.2152  max mem: 3483
Passive Test:  [    10/?]  eta: ?  loss: 1.0240 (1.0749)  accuracy: 0.7031 (0.7940)  balanced_accuracy: 0.7791 (0.7938)  pr_auc: 0.9591 (0.9245)  roc_auc: 0.9114 (0.8694)  time: 0.3931  data: 0.2017  max mem: 3483
Passive Test:  [    20/?]  eta: ?  loss: 0.2390 (1.1623)  accuracy: 0.7031 (0.7872)  balanced_accuracy: 0.7791 (0.7900)  pr_auc: 0.9591 (0.9083)  roc_auc: 0.9114 (0.8301)  time: 0.1880  data: 0.0004  max mem: 3483
Passive Test:  [    30/?]  eta: ?  loss: 0.2390 (1.1430)  accuracy: 0.6719 (0.7762)  balanced_accuracy: 0.7791 (0.7656)  pr_auc: 0.9591 (0.8826)  roc_auc: 0.9114 (0.7869)  time: 0.1878  data: 0.0004  max mem: 3483
Passive Test:  [    40/?]  eta: ?  loss: 0.2036 (1.1346)  accuracy: 0.6719 (0.7759)  balanced_accuracy: 0.9048 (0.7823)  pr_auc: 0.9730 (0.8904)  roc_auc: 0.9546 (0.7991)  time: 0.1880  data: 0.0004  max mem: 3483
Passive Test:  [    50/?]  eta: ?  loss: 0.3499 (1.1038)  accuracy: 0.7031 (0.7822)  balanced_accuracy: 0.9286 (0.8002)  pr_auc: 0.9777 (0.8998)  roc_auc: 0.9659 (0.8051)  time: 0.1895  data: 0.0004  max mem: 3483
Passive Test:  [    60/?]  eta: ?  loss: 0.3499 (1.1082)  accuracy: 0.7031 (0.7836)  balanced_accuracy: 0.8095 (0.8020)  pr_auc: 0.9535 (0.8637)  roc_auc: 0.9225 (0.7921)  time: 0.2120  data: 0.0004  max mem: 3483
Passive Test:  [    70/?]  eta: ?  loss: 0.6692 (1.0812)  accuracy: 0.6875 (0.7848)  balanced_accuracy: 0.7320 (0.7995)  pr_auc: 0.8874 (0.8537)  roc_auc: 0.7453 (0.7896)  time: 0.2130  data: 0.0004  max mem: 3483
Passive Test:  [    80/?]  eta: ?  loss: 0.6692 (1.0781)  accuracy: 0.6875 (0.7793)  balanced_accuracy: 0.7500 (0.7873)  pr_auc: 0.8874 (0.8380)  roc_auc: 0.7453 (0.7850)  time: 0.1923  data: 0.0004  max mem: 3483
Passive Test:  [    90/?]  eta: ?  loss: 0.5053 (1.0347)  accuracy: 0.7969 (0.7799)  balanced_accuracy: 0.7381 (0.7824)  pr_auc: 0.9016 (0.8469)  roc_auc: 0.8776 (0.7925)  time: 0.1922  data: 0.0004  max mem: 3483
Passive Test:  [   100/?]  eta: ?  loss: 0.5953 (1.0175)  accuracy: 0.7812 (0.7797)  balanced_accuracy: 0.7381 (0.7825)  pr_auc: 0.9016 (0.8492)  roc_auc: 0.8594 (0.8021)  time: 0.1923  data: 0.0004  max mem: 3483
Passive Test:  [   110/?]  eta: ?  loss: 0.3562 (0.9847)  accuracy: 0.8594 (0.7863)  balanced_accuracy: 0.7996 (0.7881)  pr_auc: 0.9016 (0.8541)  roc_auc: 0.8906 (0.8085)  time: 0.1958  data: 0.0004  max mem: 3483
Passive Test:  [   120/?]  eta: ?  loss: 0.2711 (0.9639)  accuracy: 0.9062 (0.7905)  balanced_accuracy: 0.8229 (0.7935)  pr_auc: 0.9369 (0.8606)  roc_auc: 0.8937 (0.8142)  time: 0.1935  data: 0.0004  max mem: 3483
Passive Test:  [   130/?]  eta: ?  loss: 0.3275 (0.9559)  accuracy: 0.7656 (0.7908)  balanced_accuracy: 0.8684 (0.7912)  pr_auc: 0.9376 (0.8604)  roc_auc: 0.9540 (0.8134)  time: 0.2024  data: 0.0004  max mem: 3483
Passive Test:  [   140/?]  eta: ?  loss: 0.7626 (0.9622)  accuracy: 0.7188 (0.7852)  balanced_accuracy: 0.7500 (0.7837)  pr_auc: 0.9278 (0.8581)  roc_auc: 0.9269 (0.8145)  time: 0.2041  data: 0.0004  max mem: 3483
Passive Test:  [   150/?]  eta: ?  loss: 1.0352 (0.9793)  accuracy: 0.6875 (0.7797)  balanced_accuracy: 0.7381 (0.7814)  pr_auc: 0.9278 (0.8603)  roc_auc: 0.9269 (0.8196)  time: 0.1887  data: 0.0004  max mem: 3483
Passive Test:  [   160/?]  eta: ?  loss: 1.4669 (1.0262)  accuracy: 0.6719 (0.7726)  balanced_accuracy: 0.7381 (0.7789)  pr_auc: 0.9030 (0.8616)  roc_auc: 0.9147 (0.8206)  time: 0.1868  data: 0.0004  max mem: 3483
Passive Test:  [   170/?]  eta: ?  loss: 1.6936 (1.0562)  accuracy: 0.6562 (0.7669)  balanced_accuracy: 0.7209 (0.7759)  pr_auc: 0.9030 (0.8633)  roc_auc: 0.9177 (0.8257)  time: 0.1871  data: 0.0004  max mem: 3483
Passive Test:  [   180/?]  eta: ?  loss: 1.2333 (1.0680)  accuracy: 0.6719 (0.7665)  balanced_accuracy: 0.7154 (0.7752)  pr_auc: 0.9030 (0.8646)  roc_auc: 0.9177 (0.8297)  time: 0.1870  data: 0.0004  max mem: 3483
Passive Test:  [   190/?]  eta: ?  loss: 0.7849 (1.0451)  accuracy: 0.7656 (0.7705)  balanced_accuracy: 0.6580 (0.7740)  pr_auc: 0.9030 (0.8597)  roc_auc: 0.9286 (0.8304)  time: 0.1875  data: 0.0004  max mem: 3483
Passive Test:  [   200/?]  eta: ?  loss: 0.3794 (1.0282)  accuracy: 0.8438 (0.7745)  balanced_accuracy: 0.9048 (0.7780)  pr_auc: 0.9808 (0.8588)  roc_auc: 0.9701 (0.8339)  time: 0.2029  data: 0.0004  max mem: 3483
Passive Test:  [   210/?]  eta: ?  loss: 0.4143 (1.0302)  accuracy: 0.7031 (0.7739)  balanced_accuracy: 0.7076 (0.7758)  pr_auc: 0.7747 (0.8535)  roc_auc: 0.8333 (0.8351)  time: 0.2041  data: 0.0004  max mem: 3483
Passive Test:  [   220/?]  eta: ?  loss: 0.7993 (1.0347)  accuracy: 0.6719 (0.7755)  balanced_accuracy: 0.7857 (0.7770)  pr_auc: 1.0000 (0.8562)  roc_auc: 1.0000 (0.8400)  time: 0.1900  data: 0.0004  max mem: 3483
Passive Test:  [   230/?]  eta: ?  loss: 0.4924 (1.0296)  accuracy: 0.7188 (0.7777)  balanced_accuracy: 0.7381 (0.7789)  pr_auc: 0.9978 (0.8582)  roc_auc: 0.9989 (0.8448)  time: 0.1904  data: 0.0004  max mem: 3483
Passive Test:  [   240/?]  eta: ?  loss: 0.3341 (1.0087)  accuracy: 0.7188 (0.7774)  balanced_accuracy: 0.7558 (0.7755)  pr_auc: 0.9978 (0.8596)  roc_auc: 0.9989 (0.8500)  time: 0.1910  data: 0.0004  max mem: 3483
Passive Test:  [   250/?]  eta: ?  loss: 0.3331 (0.9873)  accuracy: 0.7656 (0.7792)  balanced_accuracy: 0.7320 (0.7724)  pr_auc: 0.9719 (0.8589)  roc_auc: 0.9745 (0.8517)  time: 0.1903  data: 0.0004  max mem: 3483
Passive Test:  [   260/?]  eta: ?  loss: 0.3479 (0.9752)  accuracy: 0.7656 (0.7790)  balanced_accuracy: 0.7320 (0.7692)  pr_auc: 0.9719 (0.8575)  roc_auc: 0.9745 (0.8525)  time: 0.1937  data: 0.0004  max mem: 3483
Passive Test:  [   270/?]  eta: ?  loss: 0.4075 (0.9643)  accuracy: 0.8125 (0.7796)  balanced_accuracy: 0.7381 (0.7686)  pr_auc: 0.9542 (0.8588)  roc_auc: 0.9546 (0.8556)  time: 0.2105  data: 0.0004  max mem: 3483
Passive Test:  [   280/?]  eta: ?  loss: 0.5171 (0.9581)  accuracy: 0.8125 (0.7802)  balanced_accuracy: 0.7381 (0.7690)  pr_auc: 0.9755 (0.8631)  roc_auc: 0.9600 (0.8599)  time: 0.2084  data: 0.0004  max mem: 3483
Passive Test:  [   290/?]  eta: ?  loss: 0.7475 (0.9725)  accuracy: 0.7812 (0.7769)  balanced_accuracy: 0.6905 (0.7619)  pr_auc: 0.8953 (0.8561)  roc_auc: 0.8826 (0.8536)  time: 0.1927  data: 0.0004  max mem: 3483
Passive Test:  [   300/?]  eta: ?  loss: 1.2375 (0.9680)  accuracy: 0.6875 (0.7767)  balanced_accuracy: 0.6506 (0.7592)  pr_auc: 0.8520 (0.8564)  roc_auc: 0.7965 (0.8501)  time: 0.1905  data: 0.0004  max mem: 3483
Passive Test:  [   310/?]  eta: ?  loss: 0.3035 (0.9553)  accuracy: 0.7500 (0.7785)  balanced_accuracy: 0.6506 (0.7588)  pr_auc: 0.8520 (0.8578)  roc_auc: 0.7010 (0.8496)  time: 0.1878  data: 0.0004  max mem: 3483
Passive Test:  [   320/?]  eta: ?  loss: 0.0702 (0.9496)  accuracy: 0.7500 (0.7794)  balanced_accuracy: 0.6600 (0.7576)  pr_auc: 0.8520 (0.8586)  roc_auc: 0.6722 (0.8474)  time: 0.1869  data: 0.0004  max mem: 3483
Passive Test:  [   330/?]  eta: ?  loss: 0.1451 (0.9456)  accuracy: 0.7500 (0.7807)  balanced_accuracy: 0.6739 (0.7574)  pr_auc: 0.8622 (0.8602)  roc_auc: 0.9214 (0.8470)  time: 0.1883  data: 0.0004  max mem: 3483
Passive Test:  [   340/?]  eta: ?  loss: 0.2360 (0.9362)  accuracy: 0.8281 (0.7819)  balanced_accuracy: 0.6739 (0.7574)  pr_auc: 0.8660 (0.8611)  roc_auc: 0.9214 (0.8457)  time: 0.2054  data: 0.0004  max mem: 3483
Passive Test:  [   350/?]  eta: ?  loss: 0.2360 (0.9220)  accuracy: 0.8281 (0.7842)  balanced_accuracy: 0.6595 (0.7580)  pr_auc: 0.8616 (0.8599)  roc_auc: 0.9102 (0.8460)  time: 0.2056  data: 0.0004  max mem: 3483
Passive Test:  [   360/?]  eta: ?  loss: 0.0989 (0.9036)  accuracy: 0.9531 (0.7877)  balanced_accuracy: 0.6591 (0.7581)  pr_auc: 0.8592 (0.8593)  roc_auc: 0.8842 (0.8466)  time: 0.1886  data: 0.0004  max mem: 3483
Passive Test:  [   370/?]  eta: ?  loss: 0.1338 (0.8850)  accuracy: 0.9219 (0.7913)  balanced_accuracy: 0.6595 (0.7595)  pr_auc: 0.8592 (0.8600)  roc_auc: 0.8842 (0.8482)  time: 0.1870  data: 0.0004  max mem: 3483
Passive Test:  [   380/?]  eta: ?  loss: 0.0934 (0.8647)  accuracy: 0.9688 (0.7959)  balanced_accuracy: 0.7143 (0.7611)  pr_auc: 0.8660 (0.8610)  roc_auc: 0.9102 (0.8493)  time: 0.1851  data: 0.0004  max mem: 3483
Passive Test:  [   390/?]  eta: ?  loss: 0.0934 (0.8471)  accuracy: 0.9688 (0.7993)  balanced_accuracy: 0.8721 (0.7628)  pr_auc: 0.9935 (0.8625)  roc_auc: 0.9900 (0.8509)  time: 0.1842  data: 0.0004  max mem: 3483
Passive Test:  [   400/?]  eta: ?  loss: 0.1344 (0.8316)  accuracy: 0.9375 (0.8024)  balanced_accuracy: 0.8953 (0.7637)  pr_auc: 0.9935 (0.8632)  roc_auc: 0.9900 (0.8518)  time: 0.1847  data: 0.0004  max mem: 3483
Passive Test:  [   410/?]  eta: ?  loss: 0.3121 (0.8225)  accuracy: 0.8750 (0.8033)  balanced_accuracy: 0.8721 (0.7640)  pr_auc: 0.9747 (0.8635)  roc_auc: 0.9834 (0.8523)  time: 0.1834  data: 0.0004  max mem: 3483
Passive Test:  [   420/?]  eta: ?  loss: 0.3273 (0.8128)  accuracy: 0.8750 (0.8053)  balanced_accuracy: 0.9064 (0.7656)  pr_auc: 0.9935 (0.8645)  roc_auc: 0.9957 (0.8534)  time: 0.2069  data: 0.0004  max mem: 3483
Passive Test:  [   430/?]  eta: ?  loss: 0.2973 (0.8055)  accuracy: 0.8906 (0.8060)  balanced_accuracy: 0.9070 (0.7678)  pr_auc: 0.9935 (0.8659)  roc_auc: 0.9957 (0.8549)  time: 0.2074  data: 0.0004  max mem: 3483
Passive Test:  [   440/?]  eta: ?  loss: 0.2973 (0.7968)  accuracy: 0.8750 (0.8067)  balanced_accuracy: 0.9286 (0.7694)  pr_auc: 0.9978 (0.8669)  roc_auc: 0.9962 (0.8560)  time: 0.1836  data: 0.0004  max mem: 3483
Passive Test:  [   450/?]  eta: ?  loss: 0.1087 (0.7851)  accuracy: 0.9375 (0.8083)  balanced_accuracy: 0.9419 (0.7711)  pr_auc: 0.9989 (0.8678)  roc_auc: 0.9978 (0.8570)  time: 0.1836  data: 0.0004  max mem: 3483
Passive Test:  [   460/?]  eta: ?  loss: 0.0196 (0.7709)  accuracy: 1.0000 (0.8102)  balanced_accuracy: 0.9419 (0.7707)  pr_auc: 0.9978 (0.8688)  roc_auc: 0.9962 (0.8582)  time: 0.1846  data: 0.0004  max mem: 3483
Passive Test:  [   470/?]  eta: ?  loss: 0.0196 (0.7556)  accuracy: 1.0000 (0.8135)  balanced_accuracy: 0.9310 (0.7714)  pr_auc: 0.9935 (0.8697)  roc_auc: 0.9962 (0.8591)  time: 0.1850  data: 0.0004  max mem: 3483
Passive Test:  [   480/?]  eta: ?  loss: 0.0102 (0.7403)  accuracy: 1.0000 (0.8172)  balanced_accuracy: 0.9787 (0.7738)  pr_auc: 1.0000 (0.8710)  roc_auc: 1.0000 (0.8606)  time: 0.1992  data: 0.0004  max mem: 3483
Passive Test:  [   490/?]  eta: ?  loss: 0.0129 (0.7261)  accuracy: 1.0000 (0.8204)  balanced_accuracy: 0.9762 (0.7764)  pr_auc: 1.0000 (0.8728)  roc_auc: 1.0000 (0.8625)  time: 0.2002  data: 0.0004  max mem: 3483
Passive Test:  [   500/?]  eta: ?  loss: 0.0021 (0.7118)  accuracy: 1.0000 (0.8240)  balanced_accuracy: 1.0000 (0.7810)  pr_auc: 1.0000 (0.8754)  roc_auc: 1.0000 (0.8653)  time: 0.1875  data: 0.0004  max mem: 3483
Passive Test:  [   510/?]  eta: ?  loss: 0.0012 (0.6998)  accuracy: 1.0000 (0.8258)  balanced_accuracy: 1.0000 (0.7820)  pr_auc: 1.0000 (0.8786)  roc_auc: 1.0000 (0.8684)  time: 0.1899  data: 0.0004  max mem: 3483
Passive Test:  [   520/?]  eta: ?  loss: 0.0011 (0.6875)  accuracy: 1.0000 (0.8286)  balanced_accuracy: 1.0000 (0.7878)  pr_auc: 1.0000 (0.8824)  roc_auc: 1.0000 (0.8725)  time: 0.1920  data: 0.0005  max mem: 3483
Passive Test:  [   530/?]  eta: ?  loss: 0.0271 (0.6760)  accuracy: 0.9844 (0.8312)  balanced_accuracy: 0.9881 (0.7935)  pr_auc: 1.0000 (0.8860)  roc_auc: 1.0000 (0.8764)  time: 0.1928  data: 0.0005  max mem: 3483
Passive Test:  [   540/?]  eta: ?  loss: 0.0574 (0.6655)  accuracy: 0.9844 (0.8335)  balanced_accuracy: 0.9881 (0.7985)  pr_auc: 1.0000 (0.8892)  roc_auc: 1.0000 (0.8799)  time: 0.2088  data: 0.0004  max mem: 3483
Passive Test:  [   550/?]  eta: ?  loss: 0.0669 (0.6573)  accuracy: 0.9688 (0.8349)  balanced_accuracy: 0.9881 (0.8018)  pr_auc: 1.0000 (0.8918)  roc_auc: 1.0000 (0.8827)  time: 0.2078  data: 0.0004  max mem: 3483
Passive Test:  [   560/?]  eta: ?  loss: 0.1320 (0.6485)  accuracy: 0.9531 (0.8367)  balanced_accuracy: 0.9767 (0.8047)  pr_auc: 1.0000 (0.8940)  roc_auc: 1.0000 (0.8851)  time: 0.1902  data: 0.0004  max mem: 3483
Passive Test:  [   570/?]  eta: ?  loss: 0.0387 (0.6440)  accuracy: 0.9531 (0.8372)  balanced_accuracy: 0.9700 (0.8060)  pr_auc: 1.0000 (0.8952)  roc_auc: 1.0000 (0.8866)  time: 0.1885  data: 0.0004  max mem: 3483
Passive Test:  [   580/?]  eta: ?  loss: 0.0560 (0.6363)  accuracy: 0.8906 (0.8388)  balanced_accuracy: 0.9762 (0.8075)  pr_auc: 1.0000 (0.8958)  roc_auc: 1.0000 (0.8876)  time: 0.1901  data: 0.0004  max mem: 3483
Passive Test:  [   590/?]  eta: ?  loss: 0.0473 (0.6279)  accuracy: 0.9844 (0.8407)  balanced_accuracy: 0.9186 (0.8085)  pr_auc: 1.0000 (0.8966)  roc_auc: 1.0000 (0.8885)  time: 0.1883  data: 0.0004  max mem: 3483
Passive Test:  [   600/?]  eta: ?  loss: 0.0473 (0.6199)  accuracy: 0.9844 (0.8423)  balanced_accuracy: 0.9762 (0.8108)  pr_auc: 1.0000 (0.8980)  roc_auc: 1.0000 (0.8900)  time: 0.1997  data: 0.0004  max mem: 3483
Passive Test:  [   610/?]  eta: ?  loss: 0.0733 (0.6127)  accuracy: 0.9688 (0.8436)  balanced_accuracy: 0.9186 (0.8122)  pr_auc: 1.0000 (0.8989)  roc_auc: 1.0000 (0.8913)  time: 0.2017  data: 0.0004  max mem: 3483
Passive Test:  [   620/?]  eta: ?  loss: 0.1215 (0.6054)  accuracy: 0.9375 (0.8452)  balanced_accuracy: 0.9773 (0.8137)  pr_auc: 1.0000 (0.8997)  roc_auc: 1.0000 (0.8921)  time: 0.1861  data: 0.0004  max mem: 3483
Passive Test:  [   630/?]  eta: ?  loss: 0.2071 (0.5998)  accuracy: 0.9219 (0.8460)  balanced_accuracy: 0.9881 (0.8154)  pr_auc: 1.0000 (0.9008)  roc_auc: 1.0000 (0.8933)  time: 0.1847  data: 0.0003  max mem: 3483
Passive Test:  [   640/?]  eta: ?  loss: 0.1434 (0.5929)  accuracy: 0.9062 (0.8473)  balanced_accuracy: 0.9767 (0.8173)  pr_auc: 1.0000 (0.9022)  roc_auc: 1.0000 (0.8948)  time: 0.1870  data: 0.0004  max mem: 3483
Passive Test:  [   650/?]  eta: ?  loss: 0.0877 (0.5855)  accuracy: 0.9688 (0.8488)  balanced_accuracy: 0.9767 (0.8200)  pr_auc: 1.0000 (0.9041)  roc_auc: 1.0000 (0.8968)  time: 0.1893  data: 0.0004  max mem: 3483
Passive Test:  [   660/?]  eta: ?  loss: 0.0344 (0.5800)  accuracy: 0.9844 (0.8505)  balanced_accuracy: 0.9881 (0.8229)  pr_auc: 1.0000 (0.9058)  roc_auc: 1.0000 (0.8987)  time: 0.2046  data: 0.0004  max mem: 3483
Passive Test:  [   670/?]  eta: ?  loss: 0.0999 (0.5815)  accuracy: 0.9375 (0.8502)  balanced_accuracy: 0.9545 (0.8231)  pr_auc: 1.0000 (0.9074)  roc_auc: 1.0000 (0.9004)  time: 0.2039  data: 0.0004  max mem: 3483
Passive Test:  [   680/?]  eta: ?  loss: 0.3522 (0.5875)  accuracy: 0.8750 (0.8497)  balanced_accuracy: 0.9545 (0.8240)  pr_auc: 1.0000 (0.9083)  roc_auc: 1.0000 (0.9014)  time: 0.1910  data: 0.0004  max mem: 3483
Passive Test:  [   690/?]  eta: ?  loss: 0.2096 (0.5876)  accuracy: 0.8750 (0.8506)  balanced_accuracy: 0.9535 (0.8262)  pr_auc: 1.0000 (0.9096)  roc_auc: 1.0000 (0.9028)  time: 0.1912  data: 0.0004  max mem: 3483
Passive Test:  [   700/?]  eta: ?  loss: 0.0616 (0.5917)  accuracy: 0.9688 (0.8511)  balanced_accuracy: 0.9767 (0.8288)  pr_auc: 1.0000 (0.9111)  roc_auc: 1.0000 (0.9044)  time: 0.1895  data: 0.0004  max mem: 3483
Passive Test:  [   710/?]  eta: ?  loss: 0.0587 (0.5895)  accuracy: 0.9688 (0.8520)  balanced_accuracy: 0.9884 (0.8316)  pr_auc: 1.0000 (0.9126)  roc_auc: 1.0000 (0.9061)  time: 0.1902  data: 0.0004  max mem: 3483
Passive Test:  [   720/?]  eta: ?  loss: 0.2256 (0.5892)  accuracy: 0.9375 (0.8518)  balanced_accuracy: 0.9884 (0.8327)  pr_auc: 1.0000 (0.9139)  roc_auc: 1.0000 (0.9076)  time: 0.2046  data: 0.0004  max mem: 3483
Passive Test:  [   730/?]  eta: ?  loss: 0.4299 (0.5897)  accuracy: 0.7969 (0.8513)  balanced_accuracy: 0.8810 (0.8326)  pr_auc: 1.0000 (0.9155)  roc_auc: 1.0000 (0.9092)  time: 0.2181  data: 0.0004  max mem: 3483
Passive Test:  [   740/?]  eta: ?  loss: 0.1354 (0.5897)  accuracy: 0.9062 (0.8516)  balanced_accuracy: 0.8256 (0.8330)  pr_auc: 1.0000 (0.9152)  roc_auc: 1.0000 (0.9098)  time: 0.2033  data: 0.0004  max mem: 3483
Passive Test:  [   750/?]  eta: ?  loss: 0.0077 (0.5896)  accuracy: 1.0000 (0.8520)  balanced_accuracy: 0.9651 (0.8333)  pr_auc: 1.0000 (0.9142)  roc_auc: 1.0000 (0.9102)  time: 0.1914  data: 0.0004  max mem: 3483
Passive Test:  [   760/?]  eta: ?  loss: 0.3558 (0.5921)  accuracy: 0.8750 (0.8518)  balanced_accuracy: 0.8214 (0.8332)  pr_auc: 0.9980 (0.9134)  roc_auc: 0.9989 (0.9107)  time: 0.1933  data: 0.0004  max mem: 3483
Passive Test:  [   770/?]  eta: ?  loss: 0.3558 (0.5889)  accuracy: 0.8750 (0.8517)  balanced_accuracy: 0.8214 (0.8336)  pr_auc: 0.9768 (0.9133)  roc_auc: 0.9895 (0.9112)  time: 0.1932  data: 0.0004  max mem: 3483
Passive Test:  [   780/?]  eta: ?  loss: 0.1133 (0.5862)  accuracy: 0.9219 (0.8519)  balanced_accuracy: 0.9186 (0.8342)  pr_auc: 0.9932 (0.9131)  roc_auc: 0.9967 (0.9116)  time: 0.2071  data: 0.0004  max mem: 3483
Passive Test:  [   790/?]  eta: ?  loss: 0.1992 (0.5871)  accuracy: 0.8906 (0.8513)  balanced_accuracy: 0.7976 (0.8329)  pr_auc: 0.9891 (0.9128)  roc_auc: 0.9946 (0.9118)  time: 0.2051  data: 0.0004  max mem: 3483
Passive Test:  [   800/?]  eta: ?  loss: 0.5981 (0.5882)  accuracy: 0.7969 (0.8514)  balanced_accuracy: 0.7901 (0.8325)  pr_auc: 0.8920 (0.9125)  roc_auc: 0.9574 (0.9125)  time: 0.1907  data: 0.0004  max mem: 3483
Passive Test:  [   810/?]  eta: ?  loss: 0.1097 (0.5866)  accuracy: 0.9219 (0.8518)  balanced_accuracy: 0.7857 (0.8330)  pr_auc: 0.9313 (0.9131)  roc_auc: 0.9734 (0.9134)  time: 0.1901  data: 0.0004  max mem: 3483
Passive Test:  [   820/?]  eta: ?  loss: 0.4162 (0.5899)  accuracy: 0.7500 (0.8505)  balanced_accuracy: 0.7674 (0.8314)  pr_auc: 0.8712 (0.9101)  roc_auc: 0.9219 (0.9121)  time: 0.1896  data: 0.0004  max mem: 3483
Passive Test:  [   830/?]  eta: ?  loss: 0.2537 (0.5858)  accuracy: 0.7812 (0.8512)  balanced_accuracy: 0.7785 (0.8321)  pr_auc: 0.8373 (0.9094)  roc_auc: 0.9310 (0.9121)  time: 0.1903  data: 0.0004  max mem: 3483
Passive Test:  [   840/?]  eta: ?  loss: 0.1949 (0.5818)  accuracy: 0.9062 (0.8517)  balanced_accuracy: 0.7785 (0.8326)  pr_auc: 0.7762 (0.9087)  roc_auc: 0.9220 (0.9121)  time: 0.2025  data: 0.0004  max mem: 3483
Passive Test:  [   850/?]  eta: ?  loss: 0.2946 (0.5825)  accuracy: 0.8281 (0.8514)  balanced_accuracy: 0.7738 (0.8322)  pr_auc: 0.8047 (0.9085)  roc_auc: 0.9220 (0.9122)  time: 0.1998  data: 0.0004  max mem: 3483
Passive Test:  [   860/?]  eta: ?  loss: 0.3498 (0.5827)  accuracy: 0.7969 (0.8513)  balanced_accuracy: 0.8000 (0.8321)  pr_auc: 0.9072 (0.9087)  roc_auc: 0.9310 (0.9124)  time: 0.1845  data: 0.0004  max mem: 3483
Passive Test:  [   870/?]  eta: ?  loss: 0.1756 (0.5825)  accuracy: 0.7969 (0.8513)  balanced_accuracy: 0.8140 (0.8320)  pr_auc: 0.9235 (0.9092)  roc_auc: 0.9635 (0.9129)  time: 0.1840  data: 0.0004  max mem: 3483
Passive Test:  [   880/?]  eta: ?  loss: 0.3321 (0.5827)  accuracy: 0.8281 (0.8509)  balanced_accuracy: 0.8140 (0.8321)  pr_auc: 0.9258 (0.9094)  roc_auc: 0.9635 (0.9131)  time: 0.1869  data: 0.0004  max mem: 3483
Passive Test:  [   890/?]  eta: ?  loss: 0.5182 (0.5881)  accuracy: 0.7500 (0.8504)  balanced_accuracy: 0.8023 (0.8317)  pr_auc: 0.9235 (0.9093)  roc_auc: 0.9502 (0.9134)  time: 0.1893  data: 0.0004  max mem: 3483
Passive Test:  [   900/?]  eta: ?  loss: 0.6614 (0.5915)  accuracy: 0.7344 (0.8499)  balanced_accuracy: 0.8018 (0.8315)  pr_auc: 0.9207 (0.9069)  roc_auc: 0.9480 (0.9125)  time: 0.2013  data: 0.0004  max mem: 3483
Passive Test:  [   910/?]  eta: ?  loss: 0.3525 (0.5929)  accuracy: 0.8438 (0.8500)  balanced_accuracy: 0.7907 (0.8310)  pr_auc: 0.8587 (0.9036)  roc_auc: 0.9394 (0.9112)  time: 0.2007  data: 0.0004  max mem: 3483
Passive Test:  [   920/?]  eta: ?  loss: 0.1200 (0.5924)  accuracy: 0.9375 (0.8504)  balanced_accuracy: 0.8023 (0.8318)  pr_auc: 0.9074 (0.9041)  roc_auc: 0.9480 (0.9118)  time: 0.1866  data: 0.0004  max mem: 3483
Passive Test:  [   930/?]  eta: ?  loss: 0.1154 (0.5938)  accuracy: 0.9531 (0.8506)  balanced_accuracy: 0.8615 (0.8330)  pr_auc: 0.9074 (0.9037)  roc_auc: 0.9502 (0.9126)  time: 0.1870  data: 0.0004  max mem: 3483
Passive Test:  [   940/?]  eta: ?  loss: 0.1076 (0.5887)  accuracy: 0.9531 (0.8518)  balanced_accuracy: 0.9286 (0.8345)  pr_auc: 1.0000 (0.9048)  roc_auc: 1.0000 (0.9137)  time: 0.1886  data: 0.0004  max mem: 3483
Passive Test:  [   950/?]  eta: ?  loss: 0.0701 (0.5841)  accuracy: 0.9688 (0.8529)  balanced_accuracy: 0.9535 (0.8361)  pr_auc: 1.0000 (0.9048)  roc_auc: 1.0000 (0.9143)  time: 0.1908  data: 0.0004  max mem: 3483
Passive Test:  [   960/?]  eta: ?  loss: 0.1168 (0.5812)  accuracy: 0.9531 (0.8533)  balanced_accuracy: 0.9286 (0.8372)  pr_auc: 0.9955 (0.9035)  roc_auc: 0.9924 (0.9142)  time: 0.2078  data: 0.0004  max mem: 3483
Passive Test:  [   970/?]  eta: ?  loss: 0.2331 (0.5784)  accuracy: 0.8750 (0.8536)  balanced_accuracy: 0.8398 (0.8377)  pr_auc: 0.9844 (0.9031)  roc_auc: 0.9913 (0.9144)  time: 0.2084  data: 0.0004  max mem: 3483
Passive Test:  [   980/?]  eta: ?  loss: 0.3692 (0.5757)  accuracy: 0.8750 (0.8542)  balanced_accuracy: 0.8372 (0.8385)  pr_auc: 0.9838 (0.9044)  roc_auc: 0.9917 (0.9152)  time: 0.1943  data: 0.0004  max mem: 3483
Passive Test:  [   990/?]  eta: ?  loss: 0.2202 (0.5723)  accuracy: 0.9375 (0.8550)  balanced_accuracy: 0.9070 (0.8398)  pr_auc: 0.9912 (0.9058)  roc_auc: 0.9919 (0.9164)  time: 0.1942  data: 0.0004  max mem: 3483
Passive Test:  [  1000/?]  eta: ?  loss: 0.2783 (0.5695)  accuracy: 0.9219 (0.8554)  balanced_accuracy: 0.9297 (0.8408)  pr_auc: 0.9927 (0.9069)  roc_auc: 0.9913 (0.9174)  time: 0.1942  data: 0.0004  max mem: 3483
Passive Test:  [  1010/?]  eta: ?  loss: 0.2783 (0.5668)  accuracy: 0.9062 (0.8557)  balanced_accuracy: 0.9231 (0.8415)  pr_auc: 0.9990 (0.9082)  roc_auc: 0.9978 (0.9186)  time: 0.1940  data: 0.0004  max mem: 3483
Passive Test:  [  1020/?]  eta: ?  loss: 0.2350 (0.5632)  accuracy: 0.9062 (0.8564)  balanced_accuracy: 0.9059 (0.8430)  pr_auc: 1.0000 (0.9095)  roc_auc: 1.0000 (0.9197)  time: 0.2073  data: 0.0004  max mem: 3483
Passive Test:  [  1030/?]  eta: ?  loss: 0.1996 (0.5603)  accuracy: 0.9062 (0.8568)  balanced_accuracy: 0.9052 (0.8434)  pr_auc: 0.9852 (0.9102)  roc_auc: 0.9919 (0.9202)  time: 0.2091  data: 0.0004  max mem: 3483
Passive Test:  [  1040/?]  eta: ?  loss: 0.2219 (0.5586)  accuracy: 0.9062 (0.8569)  balanced_accuracy: 0.9048 (0.8429)  pr_auc: 0.9755 (0.9105)  roc_auc: 0.9806 (0.9197)  time: 0.1958  data: 0.0004  max mem: 3483
Passive Test:  [  1050/?]  eta: ?  loss: 0.1779 (0.5558)  accuracy: 0.9062 (0.8572)  balanced_accuracy: 0.8693 (0.8429)  pr_auc: 0.9523 (0.9105)  roc_auc: 0.9468 (0.9198)  time: 0.1922  data: 0.0004  max mem: 3483
Passive Test:  [  1060/?]  eta: ?  loss: 0.3881 (0.5565)  accuracy: 0.8750 (0.8568)  balanced_accuracy: 0.7984 (0.8422)  pr_auc: 0.8945 (0.9091)  roc_auc: 0.8896 (0.9187)  time: 0.1899  data: 0.0004  max mem: 3483
Passive Test:  [  1070/?]  eta: ?  loss: 0.5345 (0.5591)  accuracy: 0.8438 (0.8562)  balanced_accuracy: 0.7825 (0.8417)  pr_auc: 0.8864 (0.9075)  roc_auc: 0.8961 (0.9180)  time: 0.1900  data: 0.0004  max mem: 3483
Passive Test:  [  1080/?]  eta: ?  loss: 0.2807 (0.5591)  accuracy: 0.8594 (0.8564)  balanced_accuracy: 0.7825 (0.8421)  pr_auc: 0.9004 (0.9076)  roc_auc: 0.9070 (0.9184)  time: 0.2043  data: 0.0004  max mem: 3483
Passive Test:  [  1090/?]  eta: ?  loss: 0.1456 (0.5570)  accuracy: 0.9688 (0.8569)  balanced_accuracy: 0.9064 (0.8427)  pr_auc: 0.9393 (0.9067)  roc_auc: 0.9805 (0.9185)  time: 0.2045  data: 0.0004  max mem: 3483
Passive Test:  [  1100/?]  eta: ?  loss: 0.1181 (0.5571)  accuracy: 0.9375 (0.8568)  balanced_accuracy: 0.9070 (0.8428)  pr_auc: 0.9643 (0.9067)  roc_auc: 0.9823 (0.9190)  time: 0.1899  data: 0.0004  max mem: 3483
Passive Test:  [  1110/?]  eta: ?  loss: 0.1181 (0.5575)  accuracy: 0.9375 (0.8569)  balanced_accuracy: 0.9169 (0.8431)  pr_auc: 0.9955 (0.9071)  roc_auc: 0.9903 (0.9196)  time: 0.1903  data: 0.0004  max mem: 3483
Passive Test:  [  1120/?]  eta: ?  loss: 0.1376 (0.5594)  accuracy: 0.9375 (0.8567)  balanced_accuracy: 0.9199 (0.8430)  pr_auc: 0.9955 (0.9071)  roc_auc: 0.9934 (0.9204)  time: 0.1922  data: 0.0004  max mem: 3483
Passive Test:  [  1130/?]  eta: ?  loss: 0.2475 (0.5605)  accuracy: 0.7969 (0.8565)  balanced_accuracy: 0.7619 (0.8426)  pr_auc: 0.9918 (0.9065)  roc_auc: 0.9956 (0.9202)  time: 0.1933  data: 0.0004  max mem: 3483
Passive Test:  [  1140/?]  eta: ?  loss: 0.2475 (0.5604)  accuracy: 0.9062 (0.8567)  balanced_accuracy: 0.8693 (0.8431)  pr_auc: 0.9940 (0.9061)  roc_auc: 0.9957 (0.9202)  time: 0.2078  data: 0.0004  max mem: 3483
Passive Test:  [  1150/?]  eta: ?  loss: 0.1298 (0.5575)  accuracy: 0.9531 (0.8573)  balanced_accuracy: 0.9426 (0.8443)  pr_auc: 0.9869 (0.9068)  roc_auc: 0.9841 (0.9209)  time: 0.2077  data: 0.0004  max mem: 3483
Passive Test:  [  1160/?]  eta: ?  loss: 0.0839 (0.5539)  accuracy: 0.9688 (0.8581)  balanced_accuracy: 0.9646 (0.8458)  pr_auc: 1.0000 (0.9079)  roc_auc: 1.0000 (0.9219)  time: 0.1925  data: 0.0004  max mem: 3483
Passive Test:  [  1170/?]  eta: ?  loss: 0.0803 (0.5503)  accuracy: 0.9531 (0.8588)  balanced_accuracy: 0.9651 (0.8472)  pr_auc: 1.0000 (0.9090)  roc_auc: 1.0000 (0.9228)  time: 0.1926  data: 0.0004  max mem: 3483
Passive Test:  [  1180/?]  eta: ?  loss: 0.1000 (0.5465)  accuracy: 0.9531 (0.8597)  balanced_accuracy: 0.9651 (0.8488)  pr_auc: 1.0000 (0.9101)  roc_auc: 1.0000 (0.9238)  time: 0.1927  data: 0.0004  max mem: 3483
Passive Test:  [  1190/?]  eta: ?  loss: 0.1000 (0.5435)  accuracy: 0.9531 (0.8602)  balanced_accuracy: 0.9545 (0.8496)  pr_auc: 1.0000 (0.9110)  roc_auc: 1.0000 (0.9246)  time: 0.1969  data: 0.0004  max mem: 3483
Passive Test:  [  1200/?]  eta: ?  loss: 0.0687 (0.5417)  accuracy: 0.9688 (0.8605)  balanced_accuracy: 0.9646 (0.8508)  pr_auc: 1.0000 (0.9120)  roc_auc: 1.0000 (0.9251)  time: 0.2117  data: 0.0004  max mem: 3483
Passive Test:  [  1210/?]  eta: ?  loss: 0.0564 (0.5392)  accuracy: 0.9688 (0.8610)  balanced_accuracy: 0.9881 (0.8520)  pr_auc: 1.0000 (0.9127)  roc_auc: 1.0000 (0.9258)  time: 0.2059  data: 0.0004  max mem: 3483
Passive Test:  [  1220/?]  eta: ?  loss: 0.0279 (0.5352)  accuracy: 0.9844 (0.8620)  balanced_accuracy: 1.0000 (0.8532)  pr_auc: 1.0000 (0.9136)  roc_auc: 1.0000 (0.9265)  time: 0.1901  data: 0.0004  max mem: 3483
Passive Test:  [  1230/?]  eta: ?  loss: 0.0279 (0.5313)  accuracy: 0.9844 (0.8630)  balanced_accuracy: 1.0000 (0.8544)  pr_auc: 1.0000 (0.9143)  roc_auc: 1.0000 (0.9271)  time: 0.1897  data: 0.0004  max mem: 3483
Passive Test:  [  1240/?]  eta: ?  loss: 0.0463 (0.5284)  accuracy: 0.9844 (0.8636)  balanced_accuracy: 0.9884 (0.8556)  pr_auc: 1.0000 (0.9151)  roc_auc: 1.0000 (0.9278)  time: 0.1899  data: 0.0004  max mem: 3483
Passive Test:  [  1250/?]  eta: ?  loss: 0.1593 (0.5270)  accuracy: 0.9219 (0.8638)  balanced_accuracy: 0.9808 (0.8563)  pr_auc: 1.0000 (0.9159)  roc_auc: 1.0000 (0.9285)  time: 0.1911  data: 0.0004  max mem: 3483
Passive Test:  [  1260/?]  eta: ?  loss: 0.2667 (0.5251)  accuracy: 0.8906 (0.8641)  balanced_accuracy: 0.9175 (0.8571)  pr_auc: 1.0000 (0.9167)  roc_auc: 1.0000 (0.9293)  time: 0.2065  data: 0.0004  max mem: 3483
Passive Test:  [  1270/?]  eta: ?  loss: 0.1795 (0.5236)  accuracy: 0.9219 (0.8643)  balanced_accuracy: 0.9405 (0.8578)  pr_auc: 1.0000 (0.9177)  roc_auc: 1.0000 (0.9301)  time: 0.2073  data: 0.0004  max mem: 3483
Passive Test:  [  1280/?]  eta: ?  loss: 0.1878 (0.5226)  accuracy: 0.9062 (0.8644)  balanced_accuracy: 0.9302 (0.8584)  pr_auc: 1.0000 (0.9186)  roc_auc: 1.0000 (0.9309)  time: 0.1930  data: 0.0004  max mem: 3483
Passive Test:  [  1290/?]  eta: ?  loss: 0.1665 (0.5209)  accuracy: 0.9062 (0.8646)  balanced_accuracy: 0.9286 (0.8585)  pr_auc: 1.0000 (0.9191)  roc_auc: 1.0000 (0.9313)  time: 0.1912  data: 0.0004  max mem: 3483
Passive Test:  [  1300/?]  eta: ?  loss: 0.0753 (0.5195)  accuracy: 0.9531 (0.8650)  balanced_accuracy: 0.9286 (0.8587)  pr_auc: 1.0000 (0.9196)  roc_auc: 1.0000 (0.9317)  time: 0.1885  data: 0.0004  max mem: 3483
Passive Test:  [  1310/?]  eta: ?  loss: 0.0169 (0.5174)  accuracy: 0.9688 (0.8654)  balanced_accuracy: 0.9167 (0.8590)  pr_auc: 1.0000 (0.9200)  roc_auc: 1.0000 (0.9321)  time: 0.1867  data: 0.0004  max mem: 3483
Passive Test:  [  1320/?]  eta: ?  loss: 0.0017 (0.5151)  accuracy: 1.0000 (0.8659)  balanced_accuracy: 0.8721 (0.8592)  pr_auc: 1.0000 (0.9205)  roc_auc: 1.0000 (0.9324)  time: 0.2005  data: 0.0004  max mem: 3483
Passive Test:  [  1330/?]  eta: ?  loss: 0.0007 (0.5121)  accuracy: 1.0000 (0.8666)  balanced_accuracy: 0.8810 (0.8597)  pr_auc: 1.0000 (0.9209)  roc_auc: 1.0000 (0.9328)  time: 0.2011  data: 0.0004  max mem: 3483
Passive Test:  [  1340/?]  eta: ?  loss: 0.0009 (0.5086)  accuracy: 1.0000 (0.8674)  balanced_accuracy: 0.9762 (0.8602)  pr_auc: 1.0000 (0.9213)  roc_auc: 1.0000 (0.9331)  time: 0.1987  data: 0.0004  max mem: 3483
Passive Test:  [  1350/?]  eta: ?  loss: 0.0392 (0.5060)  accuracy: 0.9688 (0.8681)  balanced_accuracy: 0.9643 (0.8605)  pr_auc: 1.0000 (0.9215)  roc_auc: 1.0000 (0.9334)  time: 0.1970  data: 0.0004  max mem: 3483
Passive Test:  [  1360/?]  eta: ?  loss: 0.1384 (0.5063)  accuracy: 0.9375 (0.8681)  balanced_accuracy: 0.9070 (0.8602)  pr_auc: 1.0000 (0.9209)  roc_auc: 1.0000 (0.9332)  time: 0.1845  data: 0.0003  max mem: 3483
Passive Test:  [  1370/?]  eta: ?  loss: 0.1595 (0.5053)  accuracy: 0.8906 (0.8681)  balanced_accuracy: 0.9054 (0.8603)  pr_auc: 1.0000 (0.9212)  roc_auc: 1.0000 (0.9335)  time: 0.1866  data: 0.0004  max mem: 3483
Passive Test:  [  1380/?]  eta: ?  loss: 0.1488 (0.5027)  accuracy: 0.9375 (0.8686)  balanced_accuracy: 0.9070 (0.8606)  pr_auc: 1.0000 (0.9214)  roc_auc: 1.0000 (0.9337)  time: 0.2007  data: 0.0004  max mem: 3483
Passive Test:  [  1390/?]  eta: ?  loss: 0.1338 (0.5002)  accuracy: 0.9531 (0.8692)  balanced_accuracy: 0.9070 (0.8608)  pr_auc: 1.0000 (0.9217)  roc_auc: 1.0000 (0.9339)  time: 0.1990  data: 0.0004  max mem: 3483
Passive Test:  [  1400/?]  eta: ?  loss: 0.0397 (0.4980)  accuracy: 0.9688 (0.8694)  balanced_accuracy: 0.9048 (0.8607)  pr_auc: 0.9978 (0.9218)  roc_auc: 0.9989 (0.9340)  time: 0.1840  data: 0.0004  max mem: 3483
Passive Test:  [  1410/?]  eta: ?  loss: 0.0730 (0.4967)  accuracy: 0.9688 (0.8691)  balanced_accuracy: 0.9177 (0.8610)  pr_auc: 0.9924 (0.9220)  roc_auc: 0.9956 (0.9343)  time: 0.1855  data: 0.0004  max mem: 3483
Passive Test:  [  1420/?]  eta: ?  loss: 0.1549 (0.4986)  accuracy: 0.7969 (0.8681)  balanced_accuracy: 0.9297 (0.8602)  pr_auc: 0.9903 (0.9209)  roc_auc: 0.9935 (0.9335)  time: 0.1869  data: 0.0004  max mem: 3483
Passive Test:  [  1430/?]  eta: ?  loss: 0.1553 (0.4993)  accuracy: 0.7344 (0.8675)  balanced_accuracy: 0.8488 (0.8598)  pr_auc: 0.9924 (0.9200)  roc_auc: 0.9911 (0.9330)  time: 0.2019  data: 0.0004  max mem: 3483
Passive Test:  [  1440/?]  eta: ?  loss: 0.1553 (0.4980)  accuracy: 0.7812 (0.8671)  balanced_accuracy: 0.8488 (0.8601)  pr_auc: 0.9835 (0.9201)  roc_auc: 0.9867 (0.9332)  time: 0.2024  data: 0.0004  max mem: 3483
Passive Test:  [  1450/?]  eta: ?  loss: 0.4159 (0.4989)  accuracy: 0.7656 (0.8662)  balanced_accuracy: 0.7780 (0.8589)  pr_auc: 0.9949 (0.9192)  roc_auc: 0.9867 (0.9327)  time: 0.1901  data: 0.0004  max mem: 3483
Passive Test:  [  1460/?]  eta: ?  loss: 0.6259 (0.4989)  accuracy: 0.7344 (0.8655)  balanced_accuracy: 0.7273 (0.8580)  pr_auc: 1.0000 (0.9199)  roc_auc: 1.0000 (0.9332)  time: 0.1926  data: 0.0004  max mem: 3483
Passive Test:  [  1470/?]  eta: ?  loss: 0.5135 (0.4991)  accuracy: 0.7344 (0.8645)  balanced_accuracy: 0.7398 (0.8566)  pr_auc: 0.9967 (0.9199)  roc_auc: 0.9968 (0.9335)  time: 0.1927  data: 0.0004  max mem: 3483
Passive Test:  [  1480/?]  eta: ?  loss: 0.4971 (0.5020)  accuracy: 0.6562 (0.8631)  balanced_accuracy: 0.6733 (0.8544)  pr_auc: 0.9773 (0.9200)  roc_auc: 0.9701 (0.9336)  time: 0.2079  data: 0.0004  max mem: 3483
Passive Test:  [  1490/?]  eta: ?  loss: 0.4638 (0.5040)  accuracy: 0.6406 (0.8618)  balanced_accuracy: 0.6548 (0.8526)  pr_auc: 0.9773 (0.9205)  roc_auc: 0.9701 (0.9336)  time: 0.2132  data: 0.0004  max mem: 3483
Passive Test:  [  1500/?]  eta: ?  loss: 0.4996 (0.5053)  accuracy: 0.6406 (0.8606)  balanced_accuracy: 0.7143 (0.8510)  pr_auc: 0.9687 (0.9207)  roc_auc: 0.9534 (0.9336)  time: 0.2074  data: 0.0004  max mem: 3483
Passive Test:  [  1510/?]  eta: ?  loss: 0.3465 (0.5052)  accuracy: 0.6719 (0.8600)  balanced_accuracy: 0.7209 (0.8497)  pr_auc: 0.9847 (0.9211)  roc_auc: 0.9734 (0.9339)  time: 0.2018  data: 0.0004  max mem: 3483
Passive Test:  [  1520/?]  eta: ?  loss: 0.3106 (0.5061)  accuracy: 0.6875 (0.8592)  balanced_accuracy: 0.7209 (0.8488)  pr_auc: 0.9969 (0.9218)  roc_auc: 0.9967 (0.9344)  time: 0.1925  data: 0.0004  max mem: 3483
Passive Test:  [  1530/?]  eta: ?  loss: 0.3106 (0.5051)  accuracy: 0.7344 (0.8589)  balanced_accuracy: 0.7209 (0.8480)  pr_auc: 0.9989 (0.9223)  roc_auc: 0.9989 (0.9347)  time: 0.2049  data: 0.0004  max mem: 3483
Passive Test:  [  1540/?]  eta: ?  loss: 0.3262 (0.5072)  accuracy: 0.7188 (0.8582)  balanced_accuracy: 0.7093 (0.8469)  pr_auc: 0.9969 (0.9222)  roc_auc: 0.9934 (0.9345)  time: 0.2037  data: 0.0004  max mem: 3483
Passive Test:  [  1550/?]  eta: ?  loss: 0.2907 (0.5068)  accuracy: 0.6719 (0.8579)  balanced_accuracy: 0.7442 (0.8461)  pr_auc: 0.9959 (0.9216)  roc_auc: 0.9911 (0.9343)  time: 0.1898  data: 0.0004  max mem: 3483
Passive Test:  [  1560/?]  eta: ?  loss: 0.2667 (0.5075)  accuracy: 0.7812 (0.8575)  balanced_accuracy: 0.7442 (0.8453)  pr_auc: 0.9727 (0.9206)  roc_auc: 0.9658 (0.9335)  time: 0.1904  data: 0.0004  max mem: 3483
Passive Test:  [  1570/?]  eta: ?  loss: 0.1523 (0.5058)  accuracy: 0.9531 (0.8581)  balanced_accuracy: 0.7500 (0.8454)  pr_auc: 0.9958 (0.9202)  roc_auc: 0.9986 (0.9332)  time: 0.1887  data: 0.0004  max mem: 3483
Passive Test:  [  1580/?]  eta: ?  loss: 0.0382 (0.5027)  accuracy: 0.9844 (0.8589)  balanced_accuracy: 0.9500 (0.8461)  pr_auc: 0.9991 (0.9206)  roc_auc: 0.9990 (0.9335)  time: 0.2009  data: 0.0004  max mem: 3483
Passive Test:  [  1590/?]  eta: ?  loss: 0.0015 (0.4996)  accuracy: 1.0000 (0.8597)  balanced_accuracy: 0.9844 (0.8467)  pr_auc: 1.0000 (0.9210)  roc_auc: 1.0000 (0.9338)  time: 0.2016  data: 0.0004  max mem: 3483
Passive Test:  [  1600/?]  eta: ?  loss: 0.0073 (0.4967)  accuracy: 1.0000 (0.8605)  balanced_accuracy: 1.0000 (0.8474)  pr_auc: 1.0000 (0.9213)  roc_auc: 1.0000 (0.9342)  time: 0.1890  data: 0.0004  max mem: 3483
Passive Test:  [  1610/?]  eta: ?  loss: 0.0187 (0.4946)  accuracy: 1.0000 (0.8611)  balanced_accuracy: 1.0000 (0.8481)  pr_auc: 1.0000 (0.9217)  roc_auc: 1.0000 (0.9345)  time: 0.1908  data: 0.0004  max mem: 3483
Passive Test:  [  1620/?]  eta: ?  loss: 0.0855 (0.4931)  accuracy: 0.9531 (0.8614)  balanced_accuracy: 1.0000 (0.8485)  pr_auc: 1.0000 (0.9221)  roc_auc: 1.0000 (0.9348)  time: 0.1896  data: 0.0004  max mem: 3483
Passive Test:  [  1630/?]  eta: ?  loss: 0.3534 (0.4920)  accuracy: 0.8750 (0.8615)  balanced_accuracy: 1.0000 (0.8488)  pr_auc: 1.0000 (0.9223)  roc_auc: 1.0000 (0.9350)  time: 0.1867  data: 0.0004  max mem: 3483
Passive Test:  [  1640/?]  eta: ?  loss: 0.3160 (0.4909)  accuracy: 0.8750 (0.8617)  balanced_accuracy: 1.0000 (0.8490)  pr_auc: 1.0000 (0.9225)  roc_auc: 1.0000 (0.9351)  time: 0.2048  data: 0.0004  max mem: 3483
Passive Test:  [  1650/?]  eta: ?  loss: 0.2258 (0.4901)  accuracy: 0.8906 (0.8618)  balanced_accuracy: 1.0000 (0.8487)  pr_auc: 1.0000 (0.9220)  roc_auc: 1.0000 (0.9350)  time: 0.2091  data: 0.0003  max mem: 3483
Passive Test:  [  1660/?]  eta: ?  loss: 0.0342 (0.4916)  accuracy: 0.8438 (0.8614)  balanced_accuracy: 0.9111 (0.8482)  pr_auc: 1.0000 (0.9221)  roc_auc: 1.0000 (0.9352)  time: 0.1884  data: 0.0003  max mem: 3483
Passive Test:  [  1670/?]  eta: ?  loss: 0.2492 (0.4944)  accuracy: 0.8438 (0.8609)  balanced_accuracy: 0.8667 (0.8473)  pr_auc: 1.0000 (0.9218)  roc_auc: 1.0000 (0.9347)  time: 0.1844  data: 0.0004  max mem: 3483
Passive Test:  [  1680/?]  eta: ?  loss: 0.2268 (0.4937)  accuracy: 0.8750 (0.8610)  balanced_accuracy: 0.8281 (0.8468)  pr_auc: 1.0000 (0.9214)  roc_auc: 1.0000 (0.9342)  time: 0.1843  data: 0.0004  max mem: 3483
Passive Test:  [  1690/?]  eta: ?  loss: 0.0900 (0.4937)  accuracy: 0.9062 (0.8609)  balanced_accuracy: 0.6562 (0.8465)  pr_auc: 0.9912 (0.9212)  roc_auc: 0.9917 (0.9339)  time: 0.1993  data: 0.0004  max mem: 3483
Passive Test:  [  1700/?]  eta: ?  loss: 0.0064 (0.4932)  accuracy: 0.9844 (0.8608)  balanced_accuracy: 0.6406 (0.8462)  pr_auc: 0.8535 (0.9206)  roc_auc: 0.8330 (0.9333)  time: 0.2015  data: 0.0004  max mem: 3483
Passive Test:  [  1710/?]  eta: ?  loss: 0.0054 (0.4941)  accuracy: 1.0000 (0.8607)  balanced_accuracy: 0.5938 (0.8455)  pr_auc: 0.7877 (0.9197)  roc_auc: 0.7852 (0.9320)  time: 0.1876  data: 0.0004  max mem: 3483
Passive Test:  [  1720/?]  eta: ?  loss: 0.0084 (0.4930)  accuracy: 0.9844 (0.8612)  balanced_accuracy: 0.9688 (0.8458)  pr_auc: 0.9912 (0.9197)  roc_auc: 0.9893 (0.9317)  time: 0.1875  data: 0.0004  max mem: 3483
Passive Test:  [  1730/?]  eta: ?  loss: 0.0804 (0.4921)  accuracy: 0.9688 (0.8613)  balanced_accuracy: 0.9419 (0.8459)  pr_auc: 0.9991 (0.9199)  roc_auc: 0.9990 (0.9319)  time: 0.1869  data: 0.0004  max mem: 3483
Passive Test:  [  1740/?]  eta: ?  loss: 0.0602 (0.4898)  accuracy: 0.9531 (0.8619)  balanced_accuracy: 0.9688 (0.8462)  pr_auc: 1.0000 (0.9201)  roc_auc: 1.0000 (0.9321)  time: 0.1997  data: 0.0004  max mem: 3483
Passive Test:  [  1750/?]  eta: ?  loss: 0.0122 (0.4877)  accuracy: 0.9844 (0.8624)  balanced_accuracy: 0.9531 (0.8465)  pr_auc: 1.0000 (0.9204)  roc_auc: 1.0000 (0.9323)  time: 0.1988  data: 0.0004  max mem: 3483
Passive Test:  [  1760/?]  eta: ?  loss: 0.0113 (0.4854)  accuracy: 0.9844 (0.8630)  balanced_accuracy: 0.9531 (0.8466)  pr_auc: 1.0000 (0.9204)  roc_auc: 1.0000 (0.9324)  time: 0.1849  data: 0.0004  max mem: 3483
Passive Test:  [  1770/?]  eta: ?  loss: 0.0113 (0.4858)  accuracy: 0.9844 (0.8629)  balanced_accuracy: 0.9419 (0.8462)  pr_auc: 1.0000 (0.9204)  roc_auc: 1.0000 (0.9323)  time: 0.1871  data: 0.0004  max mem: 3483
Passive Test:  [  1780/?]  eta: ?  loss: 0.0631 (0.4852)  accuracy: 0.9688 (0.8631)  balanced_accuracy: 0.9219 (0.8459)  pr_auc: 1.0000 (0.9206)  roc_auc: 1.0000 (0.9325)  time: 0.1877  data: 0.0004  max mem: 3483
Passive Test:  [  1790/?]  eta: ?  loss: 0.0631 (0.4838)  accuracy: 0.9688 (0.8634)  balanced_accuracy: 0.9062 (0.8461)  pr_auc: 1.0000 (0.9210)  roc_auc: 1.0000 (0.9328)  time: 0.2019  data: 0.0004  max mem: 3483
Passive Test:  [  1800/?]  eta: ?  loss: 0.0702 (0.4831)  accuracy: 0.9688 (0.8635)  balanced_accuracy: 0.8281 (0.8458)  pr_auc: 1.0000 (0.9210)  roc_auc: 1.0000 (0.9328)  time: 0.2237  data: 0.0004  max mem: 3483
Passive Test:  [  1810/?]  eta: ?  loss: 0.0219 (0.4840)  accuracy: 0.9844 (0.8635)  balanced_accuracy: 0.8906 (0.8456)  pr_auc: 1.0000 (0.9214)  roc_auc: 1.0000 (0.9331)  time: 0.2104  data: 0.0004  max mem: 3483
Passive Test:  [  1820/?]  eta: ?  loss: 0.0057 (0.4820)  accuracy: 1.0000 (0.8641)  balanced_accuracy: 0.9844 (0.8462)  pr_auc: 1.0000 (0.9218)  roc_auc: 1.0000 (0.9335)  time: 0.1910  data: 0.0004  max mem: 3483
Passive Test:  [  1830/?]  eta: ?  loss: 0.0265 (0.4816)  accuracy: 0.9844 (0.8642)  balanced_accuracy: 0.9844 (0.8466)  pr_auc: 1.0000 (0.9219)  roc_auc: 1.0000 (0.9337)  time: 0.1891  data: 0.0004  max mem: 3483
Passive Test:  [  1840/?]  eta: ?  loss: 0.1223 (0.4813)  accuracy: 0.9375 (0.8643)  balanced_accuracy: 0.9844 (0.8470)  pr_auc: 1.0000 (0.9223)  roc_auc: 1.0000 (0.9340)  time: 0.2024  data: 0.0004  max mem: 3483
Passive Test:  [  1850/?]  eta: ?  loss: 0.1402 (0.4816)  accuracy: 0.9375 (0.8642)  balanced_accuracy: 0.9844 (0.8475)  pr_auc: 1.0000 (0.9226)  roc_auc: 1.0000 (0.9342)  time: 0.2026  data: 0.0004  max mem: 3483
Passive Test:  [  1860/?]  eta: ?  loss: 0.4246 (0.4836)  accuracy: 0.8438 (0.8638)  balanced_accuracy: 0.9844 (0.8476)  pr_auc: 1.0000 (0.9226)  roc_auc: 1.0000 (0.9343)  time: 0.1878  data: 0.0004  max mem: 3483
Passive Test:  [  1870/?]  eta: ?  loss: 0.2849 (0.4843)  accuracy: 0.8438 (0.8637)  balanced_accuracy: 0.9844 (0.8478)  pr_auc: 1.0000 (0.9227)  roc_auc: 1.0000 (0.9344)  time: 0.1865  data: 0.0004  max mem: 3483
Passive Test:  [  1880/?]  eta: ?  loss: 0.1857 (0.4873)  accuracy: 0.9062 (0.8633)  balanced_accuracy: 1.0000 (0.8482)  pr_auc: 1.0000 (0.9229)  roc_auc: 1.0000 (0.9346)  time: 0.1856  data: 0.0003  max mem: 3483
Passive Test:  [  1890/?]  eta: ?  loss: 0.3015 (0.4904)  accuracy: 0.8438 (0.8627)  balanced_accuracy: 1.0000 (0.8479)  pr_auc: 1.0000 (0.9230)  roc_auc: 1.0000 (0.9344)  time: 0.2012  data: 0.0004  max mem: 3483
Passive Test:  [  1900/?]  eta: ?  loss: 0.3015 (0.4953)  accuracy: 0.6562 (0.8621)  balanced_accuracy: 0.9583 (0.8479)  pr_auc: 1.0000 (0.9227)  roc_auc: 1.0000 (0.9342)  time: 0.2022  data: 0.0004  max mem: 3483
Passive Test:  [  1910/?]  eta: ?  loss: 0.3188 (0.4996)  accuracy: 0.6562 (0.8614)  balanced_accuracy: 0.9219 (0.8476)  pr_auc: 1.0000 (0.9227)  roc_auc: 1.0000 (0.9343)  time: 0.1873  data: 0.0004  max mem: 3483
Passive Test:  [  1920/?]  eta: ?  loss: 0.3115 (0.5000)  accuracy: 0.8125 (0.8614)  balanced_accuracy: 0.8125 (0.8476)  pr_auc: 1.0000 (0.9231)  roc_auc: 1.0000 (0.9346)  time: 0.1889  data: 0.0004  max mem: 3483
Passive Test:  [  1930/?]  eta: ?  loss: 0.2035 (0.5008)  accuracy: 0.8125 (0.8610)  balanced_accuracy: 0.8125 (0.8469)  pr_auc: 0.9991 (0.9235)  roc_auc: 0.9990 (0.9350)  time: 0.1906  data: 0.0004  max mem: 3483
Passive Test:  [  1940/?]  eta: ?  loss: 0.3432 (0.5006)  accuracy: 0.8281 (0.8608)  balanced_accuracy: 0.8125 (0.8465)  pr_auc: 0.9973 (0.9232)  roc_auc: 0.9971 (0.9352)  time: 0.2047  data: 0.0004  max mem: 3483
Passive Test:  [  1950/?]  eta: ?  loss: 0.3001 (0.5009)  accuracy: 0.8906 (0.8605)  balanced_accuracy: 0.7812 (0.8460)  pr_auc: 0.9971 (0.9237)  roc_auc: 0.9971 (0.9357)  time: 0.2075  data: 0.0004  max mem: 3483
Passive Test:  [  1960/?]  eta: ?  loss: 0.3001 (0.5009)  accuracy: 0.8906 (0.8602)  balanced_accuracy: 0.7812 (0.8457)  pr_auc: 0.9971 (0.9241)  roc_auc: 0.9971 (0.9360)  time: 0.2028  data: 0.0004  max mem: 3483
Passive Test:  [  1970/?]  eta: ?  loss: 0.3967 (0.5006)  accuracy: 0.8125 (0.8600)  balanced_accuracy: 0.8906 (0.8460)  pr_auc: 1.0000 (0.9244)  roc_auc: 1.0000 (0.9362)  time: 0.1990  data: 0.0004  max mem: 3483
Passive Test:  [  1980/?]  eta: ?  loss: 0.3332 (0.4995)  accuracy: 0.8594 (0.8601)  balanced_accuracy: 0.8906 (0.8464)  pr_auc: 1.0000 (0.9248)  roc_auc: 1.0000 (0.9365)  time: 0.1886  data: 0.0004  max mem: 3483
Passive Test:  [  1990/?]  eta: ?  loss: 0.2244 (0.4983)  accuracy: 0.8906 (0.8603)  balanced_accuracy: 0.9118 (0.8467)  pr_auc: 1.0000 (0.9252)  roc_auc: 1.0000 (0.9370)  time: 0.1908  data: 0.0004  max mem: 3483
Passive Test:  [  2000/?]  eta: ?  loss: 0.1590 (0.4965)  accuracy: 0.9219 (0.8607)  balanced_accuracy: 0.9219 (0.8473)  pr_auc: 1.0000 (0.9258)  roc_auc: 1.0000 (0.9374)  time: 0.2077  data: 0.0004  max mem: 3483
Passive Test:  [  2010/?]  eta: ?  loss: 0.1134 (0.4960)  accuracy: 0.9375 (0.8607)  balanced_accuracy: 0.9219 (0.8472)  pr_auc: 1.0000 (0.9259)  roc_auc: 1.0000 (0.9374)  time: 0.2072  data: 0.0004  max mem: 3483
Passive Test:  [  2020/?]  eta: ?  loss: 0.0698 (0.4956)  accuracy: 0.9375 (0.8607)  balanced_accuracy: 0.8281 (0.8470)  pr_auc: 1.0000 (0.9259)  roc_auc: 1.0000 (0.9374)  time: 0.1918  data: 0.0004  max mem: 3483
Passive Test:  [  2030/?]  eta: ?  loss: 0.0177 (0.4934)  accuracy: 0.9844 (0.8613)  balanced_accuracy: 0.9667 (0.8476)  pr_auc: 1.0000 (0.9262)  roc_auc: 1.0000 (0.9376)  time: 0.1895  data: 0.0004  max mem: 3483
Passive Test:  [  2040/?]  eta: ?  loss: 0.0167 (0.4924)  accuracy: 1.0000 (0.8616)  balanced_accuracy: 0.9667 (0.8480)  pr_auc: 1.0000 (0.9266)  roc_auc: 1.0000 (0.9378)  time: 0.1892  data: 0.0004  max mem: 3483
Passive Test:  [  2050/?]  eta: ?  loss: 0.1271 (0.4947)  accuracy: 0.9375 (0.8610)  balanced_accuracy: 0.9375 (0.8468)  pr_auc: 1.0000 (0.9267)  roc_auc: 1.0000 (0.9379)  time: 0.2056  data: 0.0004  max mem: 3483
Passive Test:  [  2060/?]  eta: ?  loss: 0.7859 (0.4948)  accuracy: 0.7031 (0.8609)  balanced_accuracy: 0.7031 (0.8465)  pr_auc: 0.9908 (0.9269)  roc_auc: 0.9902 (0.9379)  time: 0.2058  data: 0.0004  max mem: 3483
Passive Test:  [  2070/?]  eta: ?  loss: 0.3140 (0.4945)  accuracy: 0.8750 (0.8609)  balanced_accuracy: 0.7812 (0.8467)  pr_auc: 0.9908 (0.9272)  roc_auc: 0.9902 (0.9381)  time: 0.1929  data: 0.0004  max mem: 3483
Passive Test:  [  2080/?]  eta: ?  loss: 0.3140 (0.4947)  accuracy: 0.8750 (0.8606)  balanced_accuracy: 0.8750 (0.8462)  pr_auc: 0.9991 (0.9272)  roc_auc: 0.9990 (0.9379)  time: 0.1944  data: 0.0004  max mem: 3483
Passive Test:  [  2090/?]  eta: ?  loss: 0.2108 (0.4932)  accuracy: 0.9219 (0.8610)  balanced_accuracy: 0.9219 (0.8469)  pr_auc: 1.0000 (0.9277)  roc_auc: 1.0000 (0.9383)  time: 0.1941  data: 0.0004  max mem: 3483
Passive Test:  [  2100/?]  eta: ?  loss: 0.1209 (0.4926)  accuracy: 0.9531 (0.8612)  balanced_accuracy: 0.9531 (0.8476)  pr_auc: 1.0000 (0.9282)  roc_auc: 1.0000 (0.9386)  time: 0.2157  data: 0.0004  max mem: 3483
Passive Test:  [  2110/?]  eta: ?  loss: 0.0770 (0.4956)  accuracy: 0.9688 (0.8610)  balanced_accuracy: 0.9688 (0.8479)  pr_auc: 1.0000 (0.9283)  roc_auc: 1.0000 (0.9386)  time: 0.2217  data: 0.0004  max mem: 3483
Passive Test:  [  2120/?]  eta: ?  loss: 0.0602 (0.4976)  accuracy: 0.9688 (0.8608)  balanced_accuracy: 0.9688 (0.8479)  pr_auc: 1.0000 (0.9283)  roc_auc: 1.0000 (0.9387)  time: 0.1946  data: 0.0003  max mem: 3483
Passive Test:  [  2130/?]  eta: ?  loss: 0.2073 (0.4987)  accuracy: 0.8594 (0.8604)  balanced_accuracy: 0.9531 (0.8482)  pr_auc: 1.0000 (0.9286)  roc_auc: 1.0000 (0.9389)  time: 0.1859  data: 0.0004  max mem: 3483
Passive Test:  [  2140/?]  eta: ?  loss: 0.2073 (0.5002)  accuracy: 0.8438 (0.8602)  balanced_accuracy: 0.9688 (0.8487)  pr_auc: 1.0000 (0.9288)  roc_auc: 1.0000 (0.9391)  time: 0.1879  data: 0.0004  max mem: 3483
Passive Test:  [  2150/?]  eta: ?  loss: 0.4293 (0.5068)  accuracy: 0.8125 (0.8594)  balanced_accuracy: 0.9688 (0.8491)  pr_auc: 1.0000 (0.9290)  roc_auc: 1.0000 (0.9393)  time: 0.2028  data: 0.0004  max mem: 3483
Passive Test:  [  2160/?]  eta: ?  loss: 1.9259 (0.5120)  accuracy: 0.5156 (0.8584)  balanced_accuracy: 0.9667 (0.8485)  pr_auc: 1.0000 (0.9283)  roc_auc: 1.0000 (0.9382)  time: 0.2021  data: 0.0004  max mem: 3483
Passive Test:  [  2170/?]  eta: ?  loss: 1.9259 (0.5180)  accuracy: 0.5156 (0.8573)  balanced_accuracy: 0.8281 (0.8470)  pr_auc: 0.9348 (0.9266)  roc_auc: 0.9287 (0.9363)  time: 0.1885  data: 0.0004  max mem: 3483
Passive Test:  [  2180/?]  eta: ?  loss: 1.2314 (0.5206)  accuracy: 0.5312 (0.8568)  balanced_accuracy: 0.5000 (0.8463)  pr_auc: 0.7316 (0.9260)  roc_auc: 0.8242 (0.9355)  time: 0.1921  data: 0.0004  max mem: 3483
Passive Test:  [  2190/?]  eta: ?  loss: 0.9935 (0.5255)  accuracy: 0.6250 (0.8555)  balanced_accuracy: 0.6250 (0.8455)  pr_auc: 0.9134 (0.9254)  roc_auc: 0.9287 (0.9349)  time: 0.1923  data: 0.0004  max mem: 3483
Passive Test:  [  2200/?]  eta: ?  loss: 1.0322 (0.5288)  accuracy: 0.6250 (0.8547)  balanced_accuracy: 0.6719 (0.8454)  pr_auc: 0.9719 (0.9253)  roc_auc: 0.9717 (0.9345)  time: 0.1913  data: 0.0004  max mem: 3483
Passive Test:  [  2210/?]  eta: ?  loss: 0.2586 (0.5322)  accuracy: 0.8906 (0.8542)  balanced_accuracy: 0.8906 (0.8456)  pr_auc: 0.9981 (0.9256)  roc_auc: 0.9980 (0.9348)  time: 0.2053  data: 0.0004  max mem: 3483
Passive Test:  [  2220/?]  eta: ?  loss: 0.3881 (0.5342)  accuracy: 0.7812 (0.8536)  balanced_accuracy: 0.8804 (0.8452)  pr_auc: 1.0000 (0.9257)  roc_auc: 1.0000 (0.9349)  time: 0.2027  data: 0.0004  max mem: 3483
Passive Test:  [  2230/?]  eta: ?  loss: 0.7413 (0.5355)  accuracy: 0.6250 (0.8531)  balanced_accuracy: 0.7812 (0.8450)  pr_auc: 1.0000 (0.9257)  roc_auc: 1.0000 (0.9349)  time: 0.1864  data: 0.0004  max mem: 3483
Passive Test:  [  2240/?]  eta: ?  loss: 0.2382 (0.5361)  accuracy: 0.8281 (0.8530)  balanced_accuracy: 0.8906 (0.8453)  pr_auc: 1.0000 (0.9259)  roc_auc: 1.0000 (0.9351)  time: 0.1874  data: 0.0004  max mem: 3483
Passive Test:  [  2250/?]  eta: ?  loss: 0.0981 (0.5353)  accuracy: 0.9531 (0.8531)  balanced_accuracy: 0.8906 (0.8457)  pr_auc: 1.0000 (0.9262)  roc_auc: 1.0000 (0.9353)  time: 0.1881  data: 0.0004  max mem: 3483
Passive Test:  [  2260/?]  eta: ?  loss: 0.0576 (0.5353)  accuracy: 0.9688 (0.8531)  balanced_accuracy: 0.9062 (0.8458)  pr_auc: 1.0000 (0.9263)  roc_auc: 1.0000 (0.9354)  time: 0.2151  data: 0.0003  max mem: 3483
Passive Test:  [  2270/?]  eta: ?  loss: 0.0853 (0.5361)  accuracy: 0.9531 (0.8530)  balanced_accuracy: 0.9219 (0.8460)  pr_auc: 1.0000 (0.9265)  roc_auc: 1.0000 (0.9355)  time: 0.2141  data: 0.0004  max mem: 3483
Passive Test:  [  2280/?]  eta: ?  loss: 0.0853 (0.5396)  accuracy: 0.9531 (0.8524)  balanced_accuracy: 0.9219 (0.8460)  pr_auc: 1.0000 (0.9265)  roc_auc: 1.0000 (0.9355)  time: 0.1837  data: 0.0004  max mem: 3483
Passive Test:  [  2290/?]  eta: ?  loss: 0.4215 (0.5443)  accuracy: 0.5469 (0.8517)  balanced_accuracy: 0.9219 (0.8460)  pr_auc: 1.0000 (0.9265)  roc_auc: 1.0000 (0.9355)  time: 0.1813  data: 0.0003  max mem: 3483
Passive Test:  [  2300/?]  eta: ?  loss: 0.3140 (0.5460)  accuracy: 0.8125 (0.8516)  balanced_accuracy: 0.9219 (0.8461)  pr_auc: 1.0000 (0.9265)  roc_auc: 1.0000 (0.9356)  time: 0.1824  data: 0.0003  max mem: 3483
Passive Test:  [  2310/?]  eta: ?  loss: 0.1709 (0.5479)  accuracy: 0.9062 (0.8515)  balanced_accuracy: 0.9531 (0.8463)  pr_auc: 1.0000 (0.9266)  roc_auc: 1.0000 (0.9357)  time: 0.1977  data: 0.0004  max mem: 3483
Passive Test:  [  2320/?]  eta: ?  loss: 0.0356 (0.5490)  accuracy: 0.9688 (0.8516)  balanced_accuracy: 0.9531 (0.8467)  pr_auc: 1.0000 (0.9269)  roc_auc: 1.0000 (0.9359)  time: 0.1998  data: 0.0004  max mem: 3483
Passive Test:  [  2330/?]  eta: ?  loss: 0.0997 (0.5513)  accuracy: 0.9375 (0.8514)  balanced_accuracy: 0.9688 (0.8471)  pr_auc: 1.0000 (0.9271)  roc_auc: 1.0000 (0.9361)  time: 0.1875  data: 0.0004  max mem: 3483
Passive Test:  [  2340/?]  eta: ?  loss: 0.2577 (0.5526)  accuracy: 0.8750 (0.8512)  balanced_accuracy: 0.9688 (0.8473)  pr_auc: 1.0000 (0.9274)  roc_auc: 1.0000 (0.9363)  time: 0.1873  data: 0.0004  max mem: 3483
Passive Test:  [  2350/?]  eta: ?  loss: 0.2044 (0.5512)  accuracy: 0.9062 (0.8515)  balanced_accuracy: 0.9531 (0.8477)  pr_auc: 1.0000 (0.9276)  roc_auc: 1.0000 (0.9366)  time: 0.1895  data: 0.0004  max mem: 3483
Passive Test:  [  2360/?]  eta: ?  loss: 0.1166 (0.5494)  accuracy: 0.9375 (0.8519)  balanced_accuracy: 0.9531 (0.8482)  pr_auc: 1.0000 (0.9279)  roc_auc: 1.0000 (0.9369)  time: 0.2058  data: 0.0004  max mem: 3483
Passive Test:  [  2370/?]  eta: ?  loss: 0.1166 (0.5479)  accuracy: 0.9375 (0.8522)  balanced_accuracy: 0.9531 (0.8486)  pr_auc: 1.0000 (0.9281)  roc_auc: 1.0000 (0.9371)  time: 0.2033  data: 0.0004  max mem: 3483
Passive Test:  [  2380/?]  eta: ?  loss: 0.0398 (0.5464)  accuracy: 0.9844 (0.8525)  balanced_accuracy: 1.0000 (0.8492)  pr_auc: 1.0000 (0.9284)  roc_auc: 1.0000 (0.9374)  time: 0.1876  data: 0.0004  max mem: 3483
Passive Test:  [  2390/?]  eta: ?  loss: 0.0192 (0.5446)  accuracy: 1.0000 (0.8530)  balanced_accuracy: 1.0000 (0.8497)  pr_auc: 1.0000 (0.9287)  roc_auc: 1.0000 (0.9376)  time: 0.1883  data: 0.0004  max mem: 3483
Passive Test:  [  2400/?]  eta: ?  loss: 0.0116 (0.5429)  accuracy: 1.0000 (0.8533)  balanced_accuracy: 1.0000 (0.8501)  pr_auc: 1.0000 (0.9290)  roc_auc: 1.0000 (0.9378)  time: 0.1887  data: 0.0004  max mem: 3483
Passive Test:  [  2410/?]  eta: ?  loss: 0.0244 (0.5415)  accuracy: 0.9844 (0.8536)  balanced_accuracy: 1.0000 (0.8505)  pr_auc: 1.0000 (0.9292)  roc_auc: 1.0000 (0.9380)  time: 0.1920  data: 0.0004  max mem: 3483
Passive Test:  [  2420/?]  eta: ?  loss: 0.2215 (0.5409)  accuracy: 0.8906 (0.8535)  balanced_accuracy: 1.0000 (0.8507)  pr_auc: 1.0000 (0.9293)  roc_auc: 1.0000 (0.9382)  time: 0.2098  data: 0.0004  max mem: 3483
Passive Test:  [  2430/?]  eta: ?  loss: 0.2502 (0.5399)  accuracy: 0.8906 (0.8537)  balanced_accuracy: 1.0000 (0.8507)  pr_auc: 1.0000 (0.9293)  roc_auc: 1.0000 (0.9382)  time: 0.2041  data: 0.0003  max mem: 3483
Passive Test:  [  2440/?]  eta: ?  loss: 0.1914 (0.5385)  accuracy: 0.9219 (0.8540)  balanced_accuracy: 1.0000 (0.8507)  pr_auc: 1.0000 (0.9293)  roc_auc: 1.0000 (0.9382)  time: 0.1828  data: 0.0003  max mem: 3483
Passive Test:  [  2450/?]  eta: ?  loss: 0.1914 (0.5380)  accuracy: 0.9219 (0.8540)  balanced_accuracy: 0.9688 (0.8507)  pr_auc: 1.0000 (0.9294)  roc_auc: 1.0000 (0.9382)  time: 0.1840  data: 0.0003  max mem: 3483
Passive Test:  [  2460/?]  eta: ?  loss: 0.2318 (0.5375)  accuracy: 0.8906 (0.8541)  balanced_accuracy: 0.9219 (0.8509)  pr_auc: 1.0000 (0.9296)  roc_auc: 1.0000 (0.9384)  time: 0.1861  data: 0.0004  max mem: 3483
Passive Test:  [  2470/?]  eta: ?  loss: 0.1994 (0.5360)  accuracy: 0.9062 (0.8544)  balanced_accuracy: 0.9219 (0.8510)  pr_auc: 0.9972 (0.9299)  roc_auc: 0.9971 (0.9386)  time: 0.2024  data: 0.0004  max mem: 3483
Passive Test:  [  2480/?]  eta: ?  loss: 0.1825 (0.5350)  accuracy: 0.9062 (0.8545)  balanced_accuracy: 0.9160 (0.8513)  pr_auc: 0.9965 (0.9301)  roc_auc: 0.9961 (0.9388)  time: 0.2038  data: 0.0004  max mem: 3483
Passive Test:  [  2490/?]  eta: ?  loss: 0.1825 (0.5346)  accuracy: 0.9062 (0.8543)  balanced_accuracy: 0.9219 (0.8513)  pr_auc: 0.9991 (0.9304)  roc_auc: 0.9990 (0.9390)  time: 0.1905  data: 0.0004  max mem: 3483
Passive Test:  [  2500/?]  eta: ?  loss: 0.1257 (0.5341)  accuracy: 0.9375 (0.8541)  balanced_accuracy: 0.9375 (0.8508)  pr_auc: 1.0000 (0.9307)  roc_auc: 1.0000 (0.9392)  time: 0.1903  data: 0.0004  max mem: 3483
Passive Test:  [  2510/?]  eta: ?  loss: 0.0775 (0.5355)  accuracy: 0.9375 (0.8535)  balanced_accuracy: 0.7931 (0.8497)  pr_auc: 0.9991 (0.9302)  roc_auc: 0.9990 (0.9383)  time: 0.1882  data: 0.0004  max mem: 3483
Passive Test:  [  2520/?]  eta: ?  loss: 0.0735 (0.5365)  accuracy: 0.5625 (0.8529)  balanced_accuracy: 0.6607 (0.8492)  pr_auc: 1.0000 (0.9300)  roc_auc: 1.0000 (0.9379)  time: 0.2017  data: 0.0004  max mem: 3483
Passive Test:  [  2530/?]  eta: ?  loss: 0.0404 (0.5368)  accuracy: 0.5469 (0.8524)  balanced_accuracy: 0.5469 (0.8487)  pr_auc: 0.9698 (0.9298)  roc_auc: 0.9189 (0.9373)  time: 0.2062  data: 0.0004  max mem: 3483
Passive Test:  [  2540/?]  eta: ?  loss: 0.0715 (0.5374)  accuracy: 0.7188 (0.8519)  balanced_accuracy: 0.5000 (0.8481)  pr_auc: 0.9461 (0.9293)  roc_auc: 0.9092 (0.9365)  time: 0.1911  data: 0.0004  max mem: 3483
Passive Test:  [  2550/?]  eta: ?  loss: 0.0343 (0.5381)  accuracy: 0.9844 (0.8516)  balanced_accuracy: 0.5000 (0.8471)  pr_auc: 0.9461 (0.9282)  roc_auc: 0.9092 (0.9352)  time: 0.1877  data: 0.0004  max mem: 3483
Passive Test:  [  2560/?]  eta: ?  loss: 0.0176 (0.5381)  accuracy: 1.0000 (0.8514)  balanced_accuracy: 0.9688 (0.8473)  pr_auc: 1.0000 (0.9283)  roc_auc: 1.0000 (0.9353)  time: 0.1867  data: 0.0004  max mem: 3483
Passive Test:  [  2570/?]  eta: ?  loss: 0.0350 (0.5376)  accuracy: 0.9688 (0.8514)  balanced_accuracy: 1.0000 (0.8474)  pr_auc: 1.0000 (0.9283)  roc_auc: 1.0000 (0.9353)  time: 0.2059  data: 0.0003  max mem: 3483
Passive Test:  [  2580/?]  eta: ?  loss: 0.0409 (0.5368)  accuracy: 0.9688 (0.8515)  balanced_accuracy: 0.8906 (0.8471)  pr_auc: 1.0000 (0.9282)  roc_auc: 1.0000 (0.9353)  time: 0.2071  data: 0.0004  max mem: 3483
Passive Test:  [  2590/?]  eta: ?  loss: 0.1767 (0.5359)  accuracy: 0.9062 (0.8516)  balanced_accuracy: 0.9062 (0.8473)  pr_auc: 0.9919 (0.9283)  roc_auc: 0.9912 (0.9354)  time: 0.1878  data: 0.0004  max mem: 3483
Passive Test:  [  2600/?]  eta: ?  loss: 0.0071 (0.5342)  accuracy: 1.0000 (0.8520)  balanced_accuracy: 0.9062 (0.8474)  pr_auc: 0.9919 (0.9283)  roc_auc: 0.9912 (0.9353)  time: 0.1882  data: 0.0004  max mem: 3483
Passive Test:  [  2610/?]  eta: ?  loss: 0.0048 (0.5334)  accuracy: 1.0000 (0.8522)  balanced_accuracy: 0.8750 (0.8470)  pr_auc: 0.9619 (0.9281)  roc_auc: 0.9717 (0.9353)  time: 0.1869  data: 0.0004  max mem: 3483
Passive Test:  [  2620/?]  eta: ?  loss: 0.0126 (0.5316)  accuracy: 1.0000 (0.8527)  balanced_accuracy: 0.8750 (0.8470)  pr_auc: 0.9619 (0.9282)  roc_auc: 0.9717 (0.9354)  time: 0.1857  data: 0.0004  max mem: 3483
Passive Test:  [  2630/?]  eta: ?  loss: 0.0305 (0.5305)  accuracy: 0.9844 (0.8529)  balanced_accuracy: 0.8750 (0.8469)  pr_auc: 0.9834 (0.9283)  roc_auc: 0.9814 (0.9355)  time: 0.1999  data: 0.0004  max mem: 3483
Passive Test:  [  2640/?]  eta: ?  loss: 0.1292 (0.5310)  accuracy: 0.9531 (0.8530)  balanced_accuracy: 0.8750 (0.8468)  pr_auc: 0.9834 (0.9282)  roc_auc: 0.9814 (0.9354)  time: 0.1993  data: 0.0004  max mem: 3483
Passive Test:  [  2650/?]  eta: ?  loss: 0.1104 (0.5322)  accuracy: 0.9531 (0.8530)  balanced_accuracy: 0.8830 (0.8469)  pr_auc: 0.9610 (0.9283)  roc_auc: 0.9814 (0.9355)  time: 0.1845  data: 0.0004  max mem: 3483
Passive Test:  [  2660/?]  eta: ?  loss: 0.0836 (0.5342)  accuracy: 0.9531 (0.8529)  balanced_accuracy: 0.8830 (0.8470)  pr_auc: 0.9834 (0.9284)  roc_auc: 0.9844 (0.9356)  time: 0.1851  data: 0.0004  max mem: 3483
Passive Test:  [  2670/?]  eta: ?  loss: 0.4732 (0.5374)  accuracy: 0.5781 (0.8521)  balanced_accuracy: 0.7812 (0.8465)  pr_auc: 0.9783 (0.9282)  roc_auc: 0.9814 (0.9354)  time: 0.1852  data: 0.0004  max mem: 3483
Passive Test:  [  2680/?]  eta: ?  loss: 0.5485 (0.5399)  accuracy: 0.5781 (0.8519)  balanced_accuracy: 0.7609 (0.8461)  pr_auc: 0.9585 (0.9281)  roc_auc: 0.9677 (0.9353)  time: 0.2006  data: 0.0004  max mem: 3483
Passive Test:  [  2690/?]  eta: ?  loss: 0.1063 (0.5398)  accuracy: 0.9844 (0.8519)  balanced_accuracy: 0.6719 (0.8457)  pr_auc: 0.9818 (0.9282)  roc_auc: 0.9834 (0.9354)  time: 0.2002  data: 0.0004  max mem: 3483
Passive Test:  [  2700/?]  eta: ?  loss: 0.0219 (0.5393)  accuracy: 1.0000 (0.8522)  balanced_accuracy: 0.6719 (0.8455)  pr_auc: 0.9818 (0.9284)  roc_auc: 0.9844 (0.9355)  time: 0.1863  data: 0.0004  max mem: 3483
Passive Test:  [  2710/?]  eta: ?  loss: 0.0118 (0.5380)  accuracy: 1.0000 (0.8525)  balanced_accuracy: 0.6719 (0.8459)  pr_auc: 0.9972 (0.9287)  roc_auc: 0.9971 (0.9358)  time: 0.1881  data: 0.0004  max mem: 3483
Passive Test:  [  2720/?]  eta: ?  loss: 0.0320 (0.5364)  accuracy: 0.9844 (0.8529)  balanced_accuracy: 0.9688 (0.8463)  pr_auc: 1.0000 (0.9289)  roc_auc: 1.0000 (0.9360)  time: 0.1988  data: 0.0004  max mem: 3483
Passive Test:  [  2730/?]  eta: ?  loss: 0.0063 (0.5345)  accuracy: 1.0000 (0.8534)  balanced_accuracy: 1.0000 (0.8468)  pr_auc: 1.0000 (0.9291)  roc_auc: 1.0000 (0.9362)  time: 0.2133  data: 0.0004  max mem: 3483
Passive Test:  [  2740/?]  eta: ?  loss: 0.0055 (0.5326)  accuracy: 1.0000 (0.8539)  balanced_accuracy: 1.0000 (0.8475)  pr_auc: 1.0000 (0.9295)  roc_auc: 1.0000 (0.9365)  time: 0.2051  data: 0.0004  max mem: 3483
Passive Test:  [  2750/?]  eta: ?  loss: 0.0055 (0.5309)  accuracy: 1.0000 (0.8544)  balanced_accuracy: 1.0000 (0.8481)  pr_auc: 1.0000 (0.9298)  roc_auc: 1.0000 (0.9368)  time: 0.1917  data: 0.0004  max mem: 3483
Passive Test:  [  2760/?]  eta: ?  loss: 0.0114 (0.5296)  accuracy: 0.9844 (0.8547)  balanced_accuracy: 1.0000 (0.8487)  pr_auc: 1.0000 (0.9302)  roc_auc: 1.0000 (0.9371)  time: 0.1914  data: 0.0004  max mem: 3483
Passive Test:  [  2770/?]  eta: ?  loss: 0.0080 (0.5277)  accuracy: 1.0000 (0.8552)  balanced_accuracy: 1.0000 (0.8494)  pr_auc: 1.0000 (0.9305)  roc_auc: 1.0000 (0.9374)  time: 0.1914  data: 0.0004  max mem: 3483
Passive Test:  [  2780/?]  eta: ?  loss: 0.0050 (0.5262)  accuracy: 1.0000 (0.8556)  balanced_accuracy: 1.0000 (0.8500)  pr_auc: 1.0000 (0.9306)  roc_auc: 1.0000 (0.9377)  time: 0.2056  data: 0.0004  max mem: 3483
Passive Test:  [  2790/?]  eta: ?  loss: 0.0183 (0.5253)  accuracy: 0.9844 (0.8557)  balanced_accuracy: 1.0000 (0.8500)  pr_auc: 1.0000 (0.9308)  roc_auc: 1.0000 (0.9379)  time: 0.2039  data: 0.0004  max mem: 3483
Passive Test:  [  2800/?]  eta: ?  loss: 0.0818 (0.5255)  accuracy: 0.9531 (0.8557)  balanced_accuracy: 0.9844 (0.8504)  pr_auc: 1.0000 (0.9310)  roc_auc: 1.0000 (0.9380)  time: 0.1880  data: 0.0004  max mem: 3483
Passive Test:  [  2810/?]  eta: ?  loss: 0.0774 (0.5252)  accuracy: 0.9688 (0.8558)  balanced_accuracy: 0.9750 (0.8510)  pr_auc: 1.0000 (0.9313)  roc_auc: 1.0000 (0.9383)  time: 0.1895  data: 0.0004  max mem: 3483
Passive Test:  [  2820/?]  eta: ?  loss: 0.0888 (0.5241)  accuracy: 0.9531 (0.8561)  balanced_accuracy: 0.9750 (0.8513)  pr_auc: 1.0000 (0.9315)  roc_auc: 1.0000 (0.9384)  time: 0.1910  data: 0.0004  max mem: 3483
Passive Test:  [  2830/?]  eta: ?  loss: 0.1131 (0.5227)  accuracy: 0.9531 (0.8564)  balanced_accuracy: 0.9792 (0.8516)  pr_auc: 1.0000 (0.9317)  roc_auc: 1.0000 (0.9386)  time: 0.1902  data: 0.0004  max mem: 3483
Passive Test:  [  2840/?]  eta: ?  loss: 0.0340 (0.5219)  accuracy: 0.9219 (0.8565)  balanced_accuracy: 0.9688 (0.8519)  pr_auc: 1.0000 (0.9319)  roc_auc: 1.0000 (0.9388)  time: 0.2030  data: 0.0004  max mem: 3483
Passive Test:  [  2850/?]  eta: ?  loss: 0.0340 (0.5206)  accuracy: 0.9531 (0.8566)  balanced_accuracy: 0.9531 (0.8519)  pr_auc: 1.0000 (0.9320)  roc_auc: 1.0000 (0.9389)  time: 0.2024  data: 0.0004  max mem: 3483
Passive Test:  [  2860/?]  eta: ?  loss: 0.0036 (0.5188)  accuracy: 1.0000 (0.8571)  balanced_accuracy: 1.0000 (0.8523)  pr_auc: 1.0000 (0.9322)  roc_auc: 1.0000 (0.9391)  time: 0.1878  data: 0.0004  max mem: 3483
Passive Test:  [  2870/?]  eta: ?  loss: 0.0084 (0.5177)  accuracy: 1.0000 (0.8571)  balanced_accuracy: 0.9688 (0.8524)  pr_auc: 1.0000 (0.9323)  roc_auc: 1.0000 (0.9392)  time: 0.1894  data: 0.0004  max mem: 3483
Passive Test:  [  2880/?]  eta: ?  loss: 0.0815 (0.5171)  accuracy: 0.9688 (0.8569)  balanced_accuracy: 0.9688 (0.8524)  pr_auc: 1.0000 (0.9323)  roc_auc: 1.0000 (0.9392)  time: 0.1908  data: 0.0004  max mem: 3483
Passive Test:  [  2890/?]  eta: ?  loss: 0.1455 (0.5159)  accuracy: 0.9531 (0.8569)  balanced_accuracy: 0.9688 (0.8524)  pr_auc: 1.0000 (0.9323)  roc_auc: 1.0000 (0.9392)  time: 0.2012  data: 0.0004  max mem: 3483
Passive Test:  [  2900/?]  eta: ?  loss: 0.1012 (0.5157)  accuracy: 0.9531 (0.8567)  balanced_accuracy: 0.9688 (0.8524)  pr_auc: 1.0000 (0.9323)  roc_auc: 1.0000 (0.9392)  time: 0.1963  data: 0.0004  max mem: 3483
Passive Test:  [  2910/?]  eta: ?  loss: 0.0306 (0.5167)  accuracy: 0.9844 (0.8564)  balanced_accuracy: 0.9688 (0.8524)  pr_auc: 1.0000 (0.9323)  roc_auc: 1.0000 (0.9392)  time: 0.1813  data: 0.0003  max mem: 3483
Passive Test:  [  2920/?]  eta: ?  loss: 0.1794 (0.5160)  accuracy: 0.7500 (0.8562)  balanced_accuracy: 0.9844 (0.8525)  pr_auc: 1.0000 (0.9323)  roc_auc: 1.0000 (0.9393)  time: 0.1827  data: 0.0003  max mem: 3483
Passive Test:  [  2930/?]  eta: ?  loss: 0.2854 (0.5157)  accuracy: 0.9688 (0.8563)  balanced_accuracy: 0.9688 (0.8525)  pr_auc: 1.0000 (0.9324)  roc_auc: 1.0000 (0.9393)  time: 0.1841  data: 0.0004  max mem: 3483
Passive Test:  [  2940/?]  eta: ?  loss: 0.2842 (0.5146)  accuracy: 0.9688 (0.8567)  balanced_accuracy: 0.9688 (0.8528)  pr_auc: 1.0000 (0.9326)  roc_auc: 1.0000 (0.9394)  time: 0.2010  data: 0.0004  max mem: 3483
Passive Test:  [  2950/?]  eta: ?  loss: 0.0487 (0.5144)  accuracy: 0.9844 (0.8566)  balanced_accuracy: 0.9688 (0.8530)  pr_auc: 1.0000 (0.9327)  roc_auc: 1.0000 (0.9395)  time: 0.2032  data: 0.0004  max mem: 3483
Passive Test:  [  2960/?]  eta: ?  loss: 0.0081 (0.5139)  accuracy: 0.9844 (0.8567)  balanced_accuracy: 0.9615 (0.8532)  pr_auc: 0.9991 (0.9328)  roc_auc: 0.9990 (0.9397)  time: 0.1883  data: 0.0004  max mem: 3483
Passive Test:  [  2970/?]  eta: ?  loss: 0.0300 (0.5134)  accuracy: 0.9844 (0.8569)  balanced_accuracy: 0.9844 (0.8536)  pr_auc: 1.0000 (0.9330)  roc_auc: 1.0000 (0.9398)  time: 0.1882  data: 0.0004  max mem: 3483
Passive Test:  [  2980/?]  eta: ?  loss: 0.0300 (0.5135)  accuracy: 0.9844 (0.8570)  balanced_accuracy: 0.9844 (0.8539)  pr_auc: 1.0000 (0.9332)  roc_auc: 1.0000 (0.9400)  time: 0.1886  data: 0.0004  max mem: 3483
Passive Test:  [  2990/?]  eta: ?  loss: 0.1223 (0.5157)  accuracy: 0.9531 (0.8566)  balanced_accuracy: 0.9844 (0.8539)  pr_auc: 1.0000 (0.9329)  roc_auc: 1.0000 (0.9401)  time: 0.2040  data: 0.0004  max mem: 3483
Passive Test:  [  3000/?]  eta: ?  loss: 0.1524 (0.5170)  accuracy: 0.9219 (0.8564)  balanced_accuracy: 0.9531 (0.8539)  pr_auc: 1.0000 (0.9331)  roc_auc: 1.0000 (0.9403)  time: 0.2060  data: 0.0004  max mem: 3483
Passive Test:  [  3010/?]  eta: ?  loss: 0.1702 (0.5172)  accuracy: 0.8906 (0.8564)  balanced_accuracy: 0.9531 (0.8539)  pr_auc: 1.0000 (0.9331)  roc_auc: 1.0000 (0.9403)  time: 0.1915  data: 0.0004  max mem: 3483
Passive Test:  [  3020/?]  eta: ?  loss: 0.1328 (0.5163)  accuracy: 0.9375 (0.8566)  balanced_accuracy: 0.9531 (0.8542)  pr_auc: 1.0000 (0.9334)  roc_auc: 1.0000 (0.9406)  time: 0.1910  data: 0.0004  max mem: 3483
Passive Test:  [  3030/?]  eta: ?  loss: 0.1416 (0.5167)  accuracy: 0.9375 (0.8564)  balanced_accuracy: 0.9375 (0.8538)  pr_auc: 1.0000 (0.9333)  roc_auc: 1.0000 (0.9404)  time: 0.1949  data: 0.0004  max mem: 3483
Passive Test:  [  3040/?]  eta: ?  loss: 0.3427 (0.5180)  accuracy: 0.8594 (0.8561)  balanced_accuracy: 0.9062 (0.8532)  pr_auc: 0.9896 (0.9325)  roc_auc: 0.9873 (0.9394)  time: 0.1963  data: 0.0004  max mem: 3483
Passive Test:  [  3050/?]  eta: ?  loss: 0.4136 (0.5203)  accuracy: 0.7500 (0.8556)  balanced_accuracy: 0.6875 (0.8522)  pr_auc: 0.8123 (0.9312)  roc_auc: 0.8223 (0.9377)  time: 0.2076  data: 0.0004  max mem: 3483
Passive Test:  [  3060/?]  eta: ?  loss: 0.1345 (0.5206)  accuracy: 0.9062 (0.8555)  balanced_accuracy: 0.6875 (0.8517)  pr_auc: 0.8123 (0.9305)  roc_auc: 0.7690 (0.9368)  time: 0.2046  data: 0.0004  max mem: 3483
Passive Test:  [  3070/?]  eta: ?  loss: 0.0882 (0.5214)  accuracy: 0.9688 (0.8552)  balanced_accuracy: 0.6094 (0.8510)  pr_auc: 0.7183 (0.9298)  roc_auc: 0.7085 (0.9359)  time: 0.1892  data: 0.0004  max mem: 3483
Passive Test:  [  3080/?]  eta: ?  loss: 0.0308 (0.5211)  accuracy: 0.9844 (0.8553)  balanced_accuracy: 0.5312 (0.8507)  pr_auc: 0.5192 (0.9295)  roc_auc: 0.4844 (0.9355)  time: 0.1870  data: 0.0004  max mem: 3483
Passive Test:  [  3090/?]  eta: ?  loss: 0.1509 (0.5202)  accuracy: 0.9219 (0.8555)  balanced_accuracy: 0.7344 (0.8506)  pr_auc: 0.7183 (0.9293)  roc_auc: 0.7085 (0.9354)  time: 0.1854  data: 0.0004  max mem: 3483
Passive Test:  [  3100/?]  eta: ?  loss: 0.1547 (0.5207)  accuracy: 0.9375 (0.8556)  balanced_accuracy: 0.8065 (0.8508)  pr_auc: 0.9167 (0.9289)  roc_auc: 0.9653 (0.9353)  time: 0.2017  data: 0.0004  max mem: 3483
Passive Test:  [  3110/?]  eta: ?  loss: 0.0613 (0.5194)  accuracy: 0.9688 (0.8558)  balanced_accuracy: 0.8434 (0.8509)  pr_auc: 0.9176 (0.9290)  roc_auc: 0.9707 (0.9354)  time: 0.2003  data: 0.0004  max mem: 3483
Passive Test:  [  3120/?]  eta: ?  loss: 0.0636 (0.5189)  accuracy: 0.9688 (0.8558)  balanced_accuracy: 0.8434 (0.8509)  pr_auc: 0.9176 (0.9290)  roc_auc: 0.9707 (0.9354)  time: 0.1830  data: 0.0003  max mem: 3483
Passive Test:  [  3130/?]  eta: ?  loss: 0.0667 (0.5175)  accuracy: 0.9688 (0.8561)  balanced_accuracy: 0.8434 (0.8510)  pr_auc: 0.9176 (0.9290)  roc_auc: 0.9707 (0.9354)  time: 0.1824  data: 0.0003  max mem: 3483
Passive Test:  [  3140/?]  eta: ?  loss: 0.0350 (0.5160)  accuracy: 0.9844 (0.8565)  balanced_accuracy: 0.8434 (0.8510)  pr_auc: 0.9176 (0.9290)  roc_auc: 0.9707 (0.9354)  time: 0.1826  data: 0.0003  max mem: 3483
Passive Test:  [  3150/?]  eta: ?  loss: 0.0313 (0.5150)  accuracy: 0.9844 (0.8568)  balanced_accuracy: 0.8443 (0.8512)  pr_auc: 0.9659 (0.9291)  roc_auc: 0.9798 (0.9355)  time: 0.1983  data: 0.0004  max mem: 3483
Passive Test:  [  3160/?]  eta: ?  loss: 0.0013 (0.5138)  accuracy: 1.0000 (0.8571)  balanced_accuracy: 0.8443 (0.8512)  pr_auc: 0.9659 (0.9291)  roc_auc: 0.9798 (0.9355)  time: 0.1982  data: 0.0004  max mem: 3483
Passive Test:  [  3170/?]  eta: ?  loss: 0.0017 (0.5130)  accuracy: 1.0000 (0.8573)  balanced_accuracy: 0.8906 (0.8512)  pr_auc: 0.9673 (0.9292)  roc_auc: 0.9878 (0.9355)  time: 0.1832  data: 0.0003  max mem: 3483
Passive Test:  [  3180/?]  eta: ?  loss: 0.0579 (0.5128)  accuracy: 0.9531 (0.8572)  balanced_accuracy: 0.8906 (0.8512)  pr_auc: 0.9673 (0.9292)  roc_auc: 0.9878 (0.9355)  time: 0.1839  data: 0.0004  max mem: 3483
Passive Test: Total time: 0:10:24 (0.1959 s / it)
* loss 0.514
  ACTIVE Test Acc: 89.4816% (n=35,284)
  PASSIVE Test Acc: 85.6621% (n=204,188)
  → Epoch  10/50 | Train Loss: 0.1150 | Val Loss: 0.5080 | Train Acc: 95.7207% | Val Acc: 86.2034% | LR: 0.000002
Max accuracy val: 86.20%, max accuracy test: 86.30%
Epoch: [10]  [     0/?]  eta: ?  lr: 0.000485  min_lr: 0.000002  loss: 0.1137 (0.1137)  class_acc: 0.9531 (0.9531)  loss_scale: 32.0000 (32.0000)  weight_decay: 0.0500 (0.0500)  grad_norm: 37.9552 (37.9552)  time: 9.4760  data: 8.3367  max mem: 3483
Epoch: [10]  [   500/?]  eta: ?  lr: 0.000485  min_lr: 0.000002  loss: 0.1103 (0.1060)  class_acc: 0.9570 (0.9606)  loss_scale: 32.0000 (32.0000)  weight_decay: 0.0500 (0.0500)  grad_norm: 43.4243 (44.4204)  time: 1.3560  data: 0.0013  max mem: 3483
Epoch: [10]  [  1000/?]  eta: ?  lr: 0.000485  min_lr: 0.000002  loss: 0.0927 (0.1055)  class_acc: 0.9648 (0.9608)  loss_scale: 32.0000 (32.0000)  weight_decay: 0.0500 (0.0500)  grad_norm: 46.0186 (43.0951)  time: 1.3277  data: 0.0015  max mem: 3483
Epoch: [10]  [  1500/?]  eta: ?  lr: 0.000485  min_lr: 0.000002  loss: 0.1102 (0.1049)  class_acc: 0.9590 (0.9611)  loss_scale: 32.0000 (32.0000)  weight_decay: 0.0500 (0.0500)  grad_norm: 31.7411 (42.4254)  time: 1.3473  data: 0.0015  max mem: 3483
Epoch: [10]  [  2000/?]  eta: ?  lr: 0.000485  min_lr: 0.000002  loss: 0.0889 (0.1039)  class_acc: 0.9648 (0.9615)  loss_scale: 64.0000 (35.2304)  weight_decay: 0.0500 (0.0500)  grad_norm: 42.5807 (41.8870)  time: 1.3399  data: 0.0013  max mem: 3483
Epoch: [10] Total time: 0:48:35 (1.3435 s / it)
Val:  [     0/?]  eta: ?  loss: 0.0951 (0.0951)  accuracy: 0.9622 (0.9622)  balanced_accuracy: 0.9796 (0.9796)  pr_auc: 1.0000 (1.0000)  roc_auc: 1.0000 (1.0000)  time: 10.3288  data: 9.6432  max mem: 3483
Val:  [    10/?]  eta: ?  loss: 0.0951 (0.6535)  accuracy: 0.9622 (0.8667)  balanced_accuracy: 0.8857 (0.8516)  pr_auc: 0.9855 (0.9069)  roc_auc: 0.9841 (0.9270)  time: 1.1681  data: 0.8774  max mem: 3483
Val:  [    20/?]  eta: ?  loss: 0.0811 (0.5555)  accuracy: 0.9141 (0.8846)  balanced_accuracy: 0.8780 (0.8535)  pr_auc: 0.9563 (0.9221)  roc_auc: 0.9841 (0.9322)  time: 0.2528  data: 0.0008  max mem: 3483
Val:  [    30/?]  eta: ?  loss: 0.2608 (0.4696)  accuracy: 0.9180 (0.8929)  balanced_accuracy: 0.8582 (0.8615)  pr_auc: 0.9563 (0.9299)  roc_auc: 0.9772 (0.9481)  time: 0.2539  data: 0.0008  max mem: 3483
Val:  [    40/?]  eta: ?  loss: 0.2608 (0.4786)  accuracy: 0.9180 (0.8834)  balanced_accuracy: 0.8867 (0.8578)  pr_auc: 0.9687 (0.9172)  roc_auc: 0.9804 (0.9431)  time: 0.2562  data: 0.0008  max mem: 3483
Val:  [    50/?]  eta: ?  loss: 0.3927 (0.4595)  accuracy: 0.8841 (0.8845)  balanced_accuracy: 0.8912 (0.8592)  pr_auc: 0.9687 (0.9182)  roc_auc: 0.9804 (0.9472)  time: 0.2989  data: 0.0008  max mem: 3483
Val:  [    60/?]  eta: ?  loss: 0.4117 (0.4976)  accuracy: 0.8711 (0.8814)  balanced_accuracy: 0.8340 (0.8560)  pr_auc: 0.9464 (0.9098)  roc_auc: 0.9766 (0.9423)  time: 0.2953  data: 0.0008  max mem: 3483
Val:  [    70/?]  eta: ?  loss: 0.6054 (0.5551)  accuracy: 0.8346 (0.8717)  balanced_accuracy: 0.8220 (0.8522)  pr_auc: 0.9419 (0.9028)  roc_auc: 0.9227 (0.9349)  time: 0.2505  data: 0.0008  max mem: 3483
Val:  [    80/?]  eta: ?  loss: 0.3947 (0.5295)  accuracy: 0.8724 (0.8768)  balanced_accuracy: 0.8368 (0.8539)  pr_auc: 0.9202 (0.8972)  roc_auc: 0.9098 (0.9347)  time: 0.2490  data: 0.0008  max mem: 3483
Val:  [    90/?]  eta: ?  loss: 0.2104 (0.5094)  accuracy: 0.9115 (0.8800)  balanced_accuracy: 0.9053 (0.8584)  pr_auc: 0.9805 (0.9040)  roc_auc: 0.9752 (0.9403)  time: 0.2497  data: 0.0008  max mem: 3483
Val:  [   100/?]  eta: ?  loss: 0.2084 (0.5200)  accuracy: 0.9115 (0.8779)  balanced_accuracy: 0.8935 (0.8591)  pr_auc: 0.9449 (0.8987)  roc_auc: 0.9763 (0.9408)  time: 0.2673  data: 0.0008  max mem: 3483
Val:  [   110/?]  eta: ?  loss: 0.3032 (0.5263)  accuracy: 0.8763 (0.8765)  balanced_accuracy: 0.8935 (0.8602)  pr_auc: 0.9259 (0.8902)  roc_auc: 0.9727 (0.9410)  time: 0.2669  data: 0.0008  max mem: 3483
Val:  [   120/?]  eta: ?  loss: 0.3195 (0.5312)  accuracy: 0.8763 (0.8743)  balanced_accuracy: 0.9111 (0.8628)  pr_auc: 0.9602 (0.8952)  roc_auc: 0.9851 (0.9428)  time: 0.2506  data: 0.0007  max mem: 3483
Val:  [   130/?]  eta: ?  loss: 0.5408 (0.5617)  accuracy: 0.8047 (0.8681)  balanced_accuracy: 0.8702 (0.8589)  pr_auc: 0.9715 (0.8890)  roc_auc: 0.9851 (0.9404)  time: 0.2505  data: 0.0008  max mem: 3483
Val:  [   140/?]  eta: ?  loss: 0.5001 (0.5961)  accuracy: 0.8281 (0.8608)  balanced_accuracy: 0.8619 (0.8530)  pr_auc: 0.9841 (0.8835)  roc_auc: 0.9848 (0.9357)  time: 0.2500  data: 0.0008  max mem: 3483
Val:  [   150/?]  eta: ?  loss: 0.2746 (0.5846)  accuracy: 0.8672 (0.8625)  balanced_accuracy: 0.8702 (0.8554)  pr_auc: 0.9821 (0.8875)  roc_auc: 0.9725 (0.9372)  time: 0.2516  data: 0.0008  max mem: 3483
Val:  [   160/?]  eta: ?  loss: 0.2261 (0.5800)  accuracy: 0.9049 (0.8627)  balanced_accuracy: 0.8968 (0.8549)  pr_auc: 0.9755 (0.8881)  roc_auc: 0.9750 (0.9357)  time: 0.2852  data: 0.0008  max mem: 3483
Val:  [   170/?]  eta: ?  loss: 0.2388 (0.5693)  accuracy: 0.9128 (0.8633)  balanced_accuracy: 0.9123 (0.8538)  pr_auc: 0.9099 (0.8835)  roc_auc: 0.9762 (0.9333)  time: 0.2815  data: 0.0008  max mem: 3483
Val:  [   180/?]  eta: ?  loss: 0.1767 (0.5594)  accuracy: 0.9284 (0.8657)  balanced_accuracy: 0.8881 (0.8551)  pr_auc: 0.9409 (0.8830)  roc_auc: 0.9750 (0.9325)  time: 0.2476  data: 0.0008  max mem: 3483
Val:  [   190/?]  eta: ?  loss: 0.1767 (0.5544)  accuracy: 0.9180 (0.8670)  balanced_accuracy: 0.8846 (0.8564)  pr_auc: 0.9861 (0.8857)  roc_auc: 0.9964 (0.9329)  time: 0.2512  data: 0.0008  max mem: 3483
Val:  [   200/?]  eta: ?  loss: 0.2121 (0.5415)  accuracy: 0.8984 (0.8688)  balanced_accuracy: 0.8846 (0.8589)  pr_auc: 0.9925 (0.8908)  roc_auc: 0.9938 (0.9362)  time: 0.2531  data: 0.0009  max mem: 3483
Val:  [   210/?]  eta: ?  loss: 0.1953 (0.5359)  accuracy: 0.9128 (0.8699)  balanced_accuracy: 0.9032 (0.8596)  pr_auc: 0.9901 (0.8912)  roc_auc: 0.9931 (0.9361)  time: 0.2537  data: 0.0009  max mem: 3483
Val:  [   220/?]  eta: ?  loss: 0.1564 (0.5281)  accuracy: 0.9128 (0.8708)  balanced_accuracy: 0.9128 (0.8579)  pr_auc: 0.9883 (0.8916)  roc_auc: 0.9975 (0.9376)  time: 0.2673  data: 0.0008  max mem: 3483
Val:  [   230/?]  eta: ?  loss: 0.1691 (0.5137)  accuracy: 0.9427 (0.8741)  balanced_accuracy: 0.9345 (0.8615)  pr_auc: 0.9899 (0.8950)  roc_auc: 0.9975 (0.9396)  time: 0.2648  data: 0.0008  max mem: 3483
Val:  [   240/?]  eta: ?  loss: 0.1691 (0.5020)  accuracy: 0.9596 (0.8753)  balanced_accuracy: 0.9571 (0.8646)  pr_auc: 0.9899 (0.8966)  roc_auc: 0.9952 (0.9414)  time: 0.2497  data: 0.0007  max mem: 3483
Val:  [   250/?]  eta: ?  loss: 0.1500 (0.5044)  accuracy: 0.9440 (0.8741)  balanced_accuracy: 0.9673 (0.8657)  pr_auc: 0.9976 (0.8965)  roc_auc: 0.9962 (0.9417)  time: 0.2521  data: 0.0007  max mem: 3483
Val:  [   260/?]  eta: ?  loss: 0.1169 (0.4999)  accuracy: 0.9440 (0.8755)  balanced_accuracy: 0.9604 (0.8682)  pr_auc: 0.9976 (0.8972)  roc_auc: 0.9992 (0.9434)  time: 0.2548  data: 0.0008  max mem: 3483
Val:  [   270/?]  eta: ?  loss: 0.0869 (0.4935)  accuracy: 0.9570 (0.8767)  balanced_accuracy: 0.9578 (0.8698)  pr_auc: 0.9954 (0.8972)  roc_auc: 0.9978 (0.9448)  time: 0.2550  data: 0.0009  max mem: 3483
Val:  [   280/?]  eta: ?  loss: 0.2191 (0.4984)  accuracy: 0.9245 (0.8765)  balanced_accuracy: 0.9522 (0.8701)  pr_auc: 0.9819 (0.8941)  roc_auc: 0.9876 (0.9441)  time: 0.2914  data: 0.0009  max mem: 3483
Val:  [   290/?]  eta: ?  loss: 0.2490 (0.5075)  accuracy: 0.9167 (0.8749)  balanced_accuracy: 0.9189 (0.8679)  pr_auc: 0.9710 (0.8944)  roc_auc: 0.9813 (0.9417)  time: 0.2878  data: 0.0008  max mem: 3483
Val:  [   300/?]  eta: ?  loss: 0.3672 (0.5372)  accuracy: 0.8750 (0.8707)  balanced_accuracy: 0.8424 (0.8639)  pr_auc: 0.9388 (0.8900)  roc_auc: 0.9708 (0.9372)  time: 0.2494  data: 0.0007  max mem: 3483
Val:  [   310/?]  eta: ?  loss: 0.8541 (0.5550)  accuracy: 0.7552 (0.8673)  balanced_accuracy: 0.7605 (0.8598)  pr_auc: 0.9106 (0.8869)  roc_auc: 0.9512 (0.9339)  time: 0.2436  data: 0.0007  max mem: 3483
Val: Total time: 0:01:33 (0.2917 s / it)
* loss 0.570
Test:  [     0/?]  eta: ?  loss: 0.4369 (0.4369)  accuracy: 0.9167 (0.9167)  balanced_accuracy: 0.9165 (0.9165)  pr_auc: 0.9858 (0.9858)  roc_auc: 0.9816 (0.9816)  time: 5.8433  data: 5.5493  max mem: 3483
Test:  [    10/?]  eta: ?  loss: 0.4369 (0.5663)  accuracy: 0.8984 (0.8853)  balanced_accuracy: 0.9165 (0.8722)  pr_auc: 0.9589 (0.8726)  roc_auc: 0.9816 (0.9498)  time: 0.7672  data: 0.5053  max mem: 3483
Test:  [    20/?]  eta: ?  loss: 0.2399 (0.4644)  accuracy: 0.9154 (0.9015)  balanced_accuracy: 0.9165 (0.8842)  pr_auc: 0.9589 (0.9037)  roc_auc: 0.9816 (0.9514)  time: 0.2575  data: 0.0009  max mem: 3483
Test:  [    30/?]  eta: ?  loss: 0.2001 (0.4790)  accuracy: 0.9245 (0.8899)  balanced_accuracy: 0.8760 (0.8749)  pr_auc: 0.9712 (0.9134)  roc_auc: 0.9798 (0.9425)  time: 0.2800  data: 0.0009  max mem: 3483
Test:  [    40/?]  eta: ?  loss: 0.1921 (0.5229)  accuracy: 0.9167 (0.8873)  balanced_accuracy: 0.8989 (0.8860)  pr_auc: 0.9869 (0.9238)  roc_auc: 0.9798 (0.9476)  time: 0.2881  data: 0.0008  max mem: 3483
Test:  [    50/?]  eta: ?  loss: 0.4338 (0.5024)  accuracy: 0.8724 (0.8857)  balanced_accuracy: 0.8989 (0.8802)  pr_auc: 0.9887 (0.9178)  roc_auc: 0.9872 (0.9515)  time: 0.2755  data: 0.0008  max mem: 3483
Test:  [    60/?]  eta: ?  loss: 0.3719 (0.4716)  accuracy: 0.8828 (0.8871)  balanced_accuracy: 0.8995 (0.8750)  pr_auc: 0.9747 (0.9078)  roc_auc: 0.9847 (0.9486)  time: 0.2673  data: 0.0009  max mem: 3483
Test:  [    70/?]  eta: ?  loss: 0.3356 (0.4794)  accuracy: 0.8828 (0.8842)  balanced_accuracy: 0.8844 (0.8732)  pr_auc: 0.9572 (0.9089)  roc_auc: 0.9824 (0.9482)  time: 0.2542  data: 0.0009  max mem: 3483
Test:  [    80/?]  eta: ?  loss: 0.2898 (0.4831)  accuracy: 0.8841 (0.8822)  balanced_accuracy: 0.9150 (0.8754)  pr_auc: 0.9906 (0.9151)  roc_auc: 0.9918 (0.9523)  time: 0.2539  data: 0.0008  max mem: 3483
Test:  [    90/?]  eta: ?  loss: 0.2898 (0.4767)  accuracy: 0.8750 (0.8798)  balanced_accuracy: 0.8756 (0.8738)  pr_auc: 0.9819 (0.9154)  roc_auc: 0.9918 (0.9508)  time: 0.2535  data: 0.0008  max mem: 3483
Test:  [   100/?]  eta: ?  loss: 0.4780 (0.4800)  accuracy: 0.8424 (0.8770)  balanced_accuracy: 0.8756 (0.8676)  pr_auc: 0.9645 (0.9147)  roc_auc: 0.9894 (0.9489)  time: 0.2528  data: 0.0009  max mem: 3483
Test:  [   110/?]  eta: ?  loss: 0.5866 (0.5038)  accuracy: 0.8424 (0.8702)  balanced_accuracy: 0.7943 (0.8571)  pr_auc: 0.9471 (0.9102)  roc_auc: 0.9380 (0.9435)  time: 0.2530  data: 0.0009  max mem: 3483
Test:  [   120/?]  eta: ?  loss: 0.4991 (0.5209)  accuracy: 0.8164 (0.8664)  balanced_accuracy: 0.7821 (0.8480)  pr_auc: 0.9041 (0.8998)  roc_auc: 0.9122 (0.9341)  time: 0.2721  data: 0.0008  max mem: 3483
Test:  [   130/?]  eta: ?  loss: 0.2423 (0.5019)  accuracy: 0.9154 (0.8701)  balanced_accuracy: 0.8092 (0.8531)  pr_auc: 0.9041 (0.8947)  roc_auc: 0.9214 (0.9366)  time: 0.2713  data: 0.0008  max mem: 3483
Test:  [   140/?]  eta: ?  loss: 0.1702 (0.4923)  accuracy: 0.9518 (0.8738)  balanced_accuracy: 0.9367 (0.8586)  pr_auc: 0.9647 (0.8976)  roc_auc: 0.9855 (0.9386)  time: 0.2546  data: 0.0008  max mem: 3483
Test:  [   150/?]  eta: ?  loss: 0.2371 (0.5194)  accuracy: 0.9232 (0.8736)  balanced_accuracy: 0.9481 (0.8590)  pr_auc: 0.9514 (0.8953)  roc_auc: 0.9801 (0.9374)  time: 0.2572  data: 0.0008  max mem: 3483
Test:  [   160/?]  eta: ?  loss: 0.3104 (0.5379)  accuracy: 0.8984 (0.8709)  balanced_accuracy: 0.9481 (0.8575)  pr_auc: 0.9358 (0.8873)  roc_auc: 0.9795 (0.9325)  time: 0.2741  data: 0.0008  max mem: 3483
Test:  [   170/?]  eta: ?  loss: 0.3715 (0.5385)  accuracy: 0.8646 (0.8705)  balanced_accuracy: 0.9328 (0.8567)  pr_auc: 0.9217 (0.8879)  roc_auc: 0.9617 (0.9308)  time: 0.2688  data: 0.0008  max mem: 3483
Test:  [   180/?]  eta: ?  loss: 0.2243 (0.5272)  accuracy: 0.9115 (0.8737)  balanced_accuracy: 0.9434 (0.8614)  pr_auc: 0.9851 (0.8876)  roc_auc: 0.9939 (0.9331)  time: 0.2495  data: 0.0008  max mem: 3483
Test:  [   190/?]  eta: ?  loss: 0.2243 (0.5205)  accuracy: 0.9062 (0.8737)  balanced_accuracy: 0.8965 (0.8585)  pr_auc: 0.9696 (0.8819)  roc_auc: 0.9747 (0.9337)  time: 0.2565  data: 0.0008  max mem: 3483
Test:  [   200/?]  eta: ?  loss: 0.2875 (0.5110)  accuracy: 0.8932 (0.8744)  balanced_accuracy: 0.8815 (0.8602)  pr_auc: 0.9696 (0.8866)  roc_auc: 0.9856 (0.9359)  time: 0.2583  data: 0.0009  max mem: 3483
Test:  [   210/?]  eta: ?  loss: 0.2875 (0.5105)  accuracy: 0.8932 (0.8742)  balanced_accuracy: 0.8815 (0.8578)  pr_auc: 0.9812 (0.8810)  roc_auc: 0.9908 (0.9340)  time: 0.2746  data: 0.0008  max mem: 3483
Test:  [   220/?]  eta: ?  loss: 0.2887 (0.5301)  accuracy: 0.8659 (0.8714)  balanced_accuracy: 0.8232 (0.8542)  pr_auc: 0.9763 (0.8790)  roc_auc: 0.9856 (0.9287)  time: 0.2711  data: 0.0008  max mem: 3483
Test:  [   230/?]  eta: ?  loss: 0.6979 (0.5678)  accuracy: 0.7852 (0.8661)  balanced_accuracy: 0.8021 (0.8489)  pr_auc: 0.9491 (0.8789)  roc_auc: 0.9383 (0.9236)  time: 0.2519  data: 0.0008  max mem: 3483
Test:  [   240/?]  eta: ?  loss: 0.3221 (0.5713)  accuracy: 0.8659 (0.8658)  balanced_accuracy: 0.8848 (0.8488)  pr_auc: 0.9642 (0.8791)  roc_auc: 0.9830 (0.9222)  time: 0.2555  data: 0.0009  max mem: 3483
Test:  [   250/?]  eta: ?  loss: 0.2172 (0.5879)  accuracy: 0.8841 (0.8644)  balanced_accuracy: 0.8960 (0.8474)  pr_auc: 0.9887 (0.8807)  roc_auc: 0.9946 (0.9206)  time: 0.2572  data: 0.0009  max mem: 3483
Test:  [   260/?]  eta: ?  loss: 0.2405 (0.5840)  accuracy: 0.8763 (0.8645)  balanced_accuracy: 0.8960 (0.8471)  pr_auc: 0.9692 (0.8825)  roc_auc: 0.9830 (0.9215)  time: 0.2561  data: 0.0009  max mem: 3483
Test:  [   270/?]  eta: ?  loss: 0.2390 (0.5775)  accuracy: 0.9089 (0.8648)  balanced_accuracy: 0.8626 (0.8470)  pr_auc: 0.9692 (0.8814)  roc_auc: 0.9755 (0.9220)  time: 0.2757  data: 0.0008  max mem: 3483
Test:  [   280/?]  eta: ?  loss: 0.2098 (0.5762)  accuracy: 0.9167 (0.8648)  balanced_accuracy: 0.8233 (0.8461)  pr_auc: 0.9692 (0.8832)  roc_auc: 0.9890 (0.9232)  time: 0.2802  data: 0.0008  max mem: 3483
Test:  [   290/?]  eta: ?  loss: 0.2098 (0.5719)  accuracy: 0.8841 (0.8650)  balanced_accuracy: 0.8203 (0.8460)  pr_auc: 0.9647 (0.8839)  roc_auc: 0.9921 (0.9242)  time: 0.2585  data: 0.0008  max mem: 3483
Test:  [   300/?]  eta: ?  loss: 0.1480 (0.5681)  accuracy: 0.8841 (0.8659)  balanced_accuracy: 0.8233 (0.8455)  pr_auc: 0.9647 (0.8843)  roc_auc: 0.9921 (0.9247)  time: 0.2648  data: 0.0008  max mem: 3483
Test: Total time: 0:01:27 (0.2820 s / it)
* loss 0.569
  → Epoch  11/50 | Train Loss: 0.1035 | Val Loss: 0.5701 | Train Acc: 96.1660% | Val Acc: 86.6749% | LR: 0.000002
Max accuracy val: 86.67%, max accuracy test: 86.59%
Epoch: [11]  [     0/?]  eta: ?  lr: 0.000479  min_lr: 0.000002  loss: 0.1074 (0.1074)  class_acc: 0.9648 (0.9648)  loss_scale: 64.0000 (64.0000)  weight_decay: 0.0500 (0.0500)  grad_norm: 44.0965 (44.0965)  time: 13.5700  data: 12.5072  max mem: 3483
Epoch: [11]  [   500/?]  eta: ?  lr: 0.000479  min_lr: 0.000002  loss: 0.0962 (0.0943)  class_acc: 0.9648 (0.9651)  loss_scale: 64.0000 (64.0000)  weight_decay: 0.0500 (0.0500)  grad_norm: 39.3447 (39.5955)  time: 1.3277  data: 0.0024  max mem: 3483
Epoch: [11]  [  1000/?]  eta: ?  lr: 0.000479  min_lr: 0.000002  loss: 0.0946 (0.0947)  class_acc: 0.9648 (0.9648)  loss_scale: 64.0000 (64.0000)  weight_decay: 0.0500 (0.0500)  grad_norm: 37.7285 (39.5974)  time: 1.3311  data: 0.0020  max mem: 3483
Epoch: [11]  [  1500/?]  eta: ?  lr: 0.000479  min_lr: 0.000002  loss: 0.0986 (0.0940)  class_acc: 0.9609 (0.9649)  loss_scale: 64.0000 (64.0000)  weight_decay: 0.0500 (0.0500)  grad_norm: 35.4733 (39.5168)  time: 1.3466  data: 0.0017  max mem: 3483
NaN or Inf found in input tensor.
Epoch: [11]  [  2000/?]  eta: ?  lr: 0.000479  min_lr: 0.000002  loss: 0.0850 (0.0931)  class_acc: 0.9688 (0.9652)  loss_scale: 64.0000 (67.8381)  weight_decay: 0.0500 (0.0500)  grad_norm: 35.7316 (inf)  time: 1.3354  data: 0.0024  max mem: 3483
Epoch: [11] Total time: 0:48:27 (1.3397 s / it)
Val:  [     0/?]  eta: ?  loss: 0.1077 (0.1077)  accuracy: 0.9635 (0.9635)  balanced_accuracy: 0.9803 (0.9803)  pr_auc: 1.0000 (1.0000)  roc_auc: 1.0000 (1.0000)  time: 9.7893  data: 9.0874  max mem: 3483
Val:  [    10/?]  eta: ?  loss: 0.1077 (0.8212)  accuracy: 0.9635 (0.8659)  balanced_accuracy: 0.8848 (0.8562)  pr_auc: 0.9817 (0.8945)  roc_auc: 0.9766 (0.9190)  time: 1.1311  data: 0.8270  max mem: 3483
Val:  [    20/?]  eta: ?  loss: 0.0809 (0.6383)  accuracy: 0.9232 (0.8907)  balanced_accuracy: 0.8848 (0.8653)  pr_auc: 0.9709 (0.9186)  roc_auc: 0.9766 (0.9306)  time: 0.2658  data: 0.0008  max mem: 3483
Val:  [    30/?]  eta: ?  loss: 0.1708 (0.5180)  accuracy: 0.9258 (0.9021)  balanced_accuracy: 0.8966 (0.8810)  pr_auc: 0.9709 (0.9305)  roc_auc: 0.9823 (0.9488)  time: 0.2654  data: 0.0007  max mem: 3483
Val:  [    40/?]  eta: ?  loss: 0.2433 (0.5280)  accuracy: 0.9193 (0.8916)  balanced_accuracy: 0.8993 (0.8783)  pr_auc: 0.9629 (0.9094)  roc_auc: 0.9907 (0.9458)  time: 0.2867  data: 0.0008  max mem: 3483
Val:  [    50/?]  eta: ?  loss: 0.2782 (0.4991)  accuracy: 0.8802 (0.8900)  balanced_accuracy: 0.8848 (0.8752)  pr_auc: 0.9508 (0.9121)  roc_auc: 0.9768 (0.9488)  time: 0.2858  data: 0.0008  max mem: 3483
Val:  [    60/?]  eta: ?  loss: 0.3289 (0.5491)  accuracy: 0.8594 (0.8833)  balanced_accuracy: 0.8493 (0.8695)  pr_auc: 0.9371 (0.9042)  roc_auc: 0.9691 (0.9441)  time: 0.2838  data: 0.0008  max mem: 3483
Val:  [    70/?]  eta: ?  loss: 0.4294 (0.6114)  accuracy: 0.8203 (0.8751)  balanced_accuracy: 0.8246 (0.8664)  pr_auc: 0.9371 (0.9035)  roc_auc: 0.9150 (0.9401)  time: 0.2817  data: 0.0008  max mem: 3483
Val:  [    80/?]  eta: ?  loss: 0.3790 (0.5783)  accuracy: 0.8789 (0.8811)  balanced_accuracy: 0.8217 (0.8685)  pr_auc: 0.9251 (0.8990)  roc_auc: 0.9150 (0.9407)  time: 0.2597  data: 0.0008  max mem: 3483
Val:  [    90/?]  eta: ?  loss: 0.1602 (0.5587)  accuracy: 0.9232 (0.8848)  balanced_accuracy: 0.9142 (0.8733)  pr_auc: 0.9857 (0.9045)  roc_auc: 0.9764 (0.9446)  time: 0.2620  data: 0.0008  max mem: 3483
Val:  [   100/?]  eta: ?  loss: 0.2388 (0.5732)  accuracy: 0.9036 (0.8816)  balanced_accuracy: 0.8957 (0.8740)  pr_auc: 0.9444 (0.9036)  roc_auc: 0.9792 (0.9449)  time: 0.2643  data: 0.0008  max mem: 3483
Val:  [   110/?]  eta: ?  loss: 0.3319 (0.5876)  accuracy: 0.8672 (0.8792)  balanced_accuracy: 0.8906 (0.8741)  pr_auc: 0.9142 (0.8915)  roc_auc: 0.9611 (0.9445)  time: 0.2645  data: 0.0008  max mem: 3483
Val:  [   120/?]  eta: ?  loss: 0.3003 (0.6037)  accuracy: 0.8828 (0.8769)  balanced_accuracy: 0.9134 (0.8764)  pr_auc: 0.9604 (0.8955)  roc_auc: 0.9877 (0.9455)  time: 0.2621  data: 0.0008  max mem: 3483
Val:  [   130/?]  eta: ?  loss: 0.5397 (0.6451)  accuracy: 0.8177 (0.8708)  balanced_accuracy: 0.8903 (0.8721)  pr_auc: 0.9845 (0.8894)  roc_auc: 0.9714 (0.9426)  time: 0.2598  data: 0.0008  max mem: 3483
Val:  [   140/?]  eta: ?  loss: 0.3813 (0.6865)  accuracy: 0.8815 (0.8655)  balanced_accuracy: 0.8891 (0.8682)  pr_auc: 0.9845 (0.8838)  roc_auc: 0.9826 (0.9377)  time: 0.2588  data: 0.0008  max mem: 3483
Val:  [   150/?]  eta: ?  loss: 0.3706 (0.6679)  accuracy: 0.8867 (0.8679)  balanced_accuracy: 0.8903 (0.8709)  pr_auc: 0.9706 (0.8883)  roc_auc: 0.9745 (0.9398)  time: 0.2990  data: 0.0009  max mem: 3483
Val:  [   160/?]  eta: ?  loss: 0.3397 (0.6613)  accuracy: 0.8958 (0.8683)  balanced_accuracy: 0.9125 (0.8705)  pr_auc: 0.9767 (0.8889)  roc_auc: 0.9826 (0.9398)  time: 0.2997  data: 0.0009  max mem: 3483
Val:  [   170/?]  eta: ?  loss: 0.2297 (0.6498)  accuracy: 0.9232 (0.8692)  balanced_accuracy: 0.9281 (0.8700)  pr_auc: 0.9434 (0.8865)  roc_auc: 0.9913 (0.9384)  time: 0.2619  data: 0.0008  max mem: 3483
Val:  [   180/?]  eta: ?  loss: 0.1792 (0.6396)  accuracy: 0.9453 (0.8717)  balanced_accuracy: 0.9072 (0.8711)  pr_auc: 0.9767 (0.8858)  roc_auc: 0.9753 (0.9370)  time: 0.2640  data: 0.0008  max mem: 3483
Val:  [   190/?]  eta: ?  loss: 0.0935 (0.6300)  accuracy: 0.9518 (0.8719)  balanced_accuracy: 0.9072 (0.8723)  pr_auc: 0.9927 (0.8891)  roc_auc: 0.9821 (0.9377)  time: 0.2656  data: 0.0008  max mem: 3483
Val:  [   200/?]  eta: ?  loss: 0.2100 (0.6137)  accuracy: 0.9102 (0.8734)  balanced_accuracy: 0.9196 (0.8746)  pr_auc: 0.9928 (0.8941)  roc_auc: 0.9957 (0.9407)  time: 0.2651  data: 0.0008  max mem: 3483
Val:  [   210/?]  eta: ?  loss: 0.2100 (0.6049)  accuracy: 0.9258 (0.8743)  balanced_accuracy: 0.9196 (0.8745)  pr_auc: 0.9928 (0.8931)  roc_auc: 0.9940 (0.9406)  time: 0.2648  data: 0.0008  max mem: 3483
Val:  [   220/?]  eta: ?  loss: 0.2636 (0.5953)  accuracy: 0.9258 (0.8752)  balanced_accuracy: 0.9000 (0.8723)  pr_auc: 0.9912 (0.8931)  roc_auc: 0.9940 (0.9418)  time: 0.2654  data: 0.0008  max mem: 3483
Val:  [   230/?]  eta: ?  loss: 0.2446 (0.5796)  accuracy: 0.9036 (0.8765)  balanced_accuracy: 0.9219 (0.8747)  pr_auc: 0.9812 (0.8961)  roc_auc: 0.9880 (0.9435)  time: 0.2636  data: 0.0008  max mem: 3483
Val:  [   240/?]  eta: ?  loss: 0.1656 (0.5705)  accuracy: 0.9219 (0.8756)  balanced_accuracy: 0.9499 (0.8773)  pr_auc: 0.9867 (0.8948)  roc_auc: 0.9949 (0.9453)  time: 0.2759  data: 0.0008  max mem: 3483
Val:  [   250/?]  eta: ?  loss: 0.1653 (0.5705)  accuracy: 0.9362 (0.8756)  balanced_accuracy: 0.9654 (0.8789)  pr_auc: 0.9986 (0.8948)  roc_auc: 0.9986 (0.9460)  time: 0.2769  data: 0.0008  max mem: 3483
Val:  [   260/?]  eta: ?  loss: 0.2041 (0.5724)  accuracy: 0.9180 (0.8770)  balanced_accuracy: 0.9574 (0.8812)  pr_auc: 0.9993 (0.8943)  roc_auc: 0.9976 (0.9473)  time: 0.2789  data: 0.0008  max mem: 3483
Val:  [   270/?]  eta: ?  loss: 0.2041 (0.5723)  accuracy: 0.9180 (0.8774)  balanced_accuracy: 0.9466 (0.8821)  pr_auc: 0.9838 (0.8926)  roc_auc: 0.9944 (0.9482)  time: 0.2845  data: 0.0008  max mem: 3483
Val:  [   280/?]  eta: ?  loss: 0.2889 (0.5873)  accuracy: 0.9154 (0.8770)  balanced_accuracy: 0.9416 (0.8821)  pr_auc: 0.9710 (0.8889)  roc_auc: 0.9843 (0.9473)  time: 0.2691  data: 0.0009  max mem: 3483
Val:  [   290/?]  eta: ?  loss: 0.2889 (0.6012)  accuracy: 0.9154 (0.8751)  balanced_accuracy: 0.9159 (0.8796)  pr_auc: 0.9710 (0.8877)  roc_auc: 0.9789 (0.9439)  time: 0.2625  data: 0.0008  max mem: 3483
Val:  [   300/?]  eta: ?  loss: 0.6488 (0.6235)  accuracy: 0.7995 (0.8715)  balanced_accuracy: 0.8612 (0.8751)  pr_auc: 0.9394 (0.8845)  roc_auc: 0.9632 (0.9405)  time: 0.2598  data: 0.0008  max mem: 3483
Val:  [   310/?]  eta: ?  loss: 0.7763 (0.6410)  accuracy: 0.7770 (0.8684)  balanced_accuracy: 0.8110 (0.8708)  pr_auc: 0.9394 (0.8823)  roc_auc: 0.9416 (0.9372)  time: 0.2471  data: 0.0007  max mem: 3483
Val: Total time: 0:01:35 (0.2987 s / it)
* loss 0.655
Test:  [     0/?]  eta: ?  loss: 0.4265 (0.4265)  accuracy: 0.9557 (0.9557)  balanced_accuracy: 0.9556 (0.9556)  pr_auc: 0.9727 (0.9727)  roc_auc: 0.9520 (0.9520)  time: 8.1061  data: 7.8036  max mem: 3483
Test:  [    10/?]  eta: ?  loss: 0.6629 (0.6139)  accuracy: 0.8568 (0.8776)  balanced_accuracy: 0.8926 (0.8670)  pr_auc: 0.9416 (0.8978)  roc_auc: 0.9712 (0.9505)  time: 1.0173  data: 0.7102  max mem: 3483
Test:  [    20/?]  eta: ?  loss: 0.2267 (0.5343)  accuracy: 0.8867 (0.8842)  balanced_accuracy: 0.8926 (0.8729)  pr_auc: 0.9537 (0.9140)  roc_auc: 0.9792 (0.9511)  time: 0.3050  data: 0.0008  max mem: 3483
Test:  [    30/?]  eta: ?  loss: 0.1957 (0.4871)  accuracy: 0.9232 (0.8852)  balanced_accuracy: 0.8994 (0.8768)  pr_auc: 0.9678 (0.9292)  roc_auc: 0.9797 (0.9526)  time: 0.2834  data: 0.0008  max mem: 3483
Test:  [    40/?]  eta: ?  loss: 0.2190 (0.5202)  accuracy: 0.9128 (0.8884)  balanced_accuracy: 0.9186 (0.8928)  pr_auc: 0.9870 (0.9358)  roc_auc: 0.9837 (0.9555)  time: 0.2648  data: 0.0008  max mem: 3483
Test:  [    50/?]  eta: ?  loss: 0.3379 (0.5303)  accuracy: 0.9154 (0.8864)  balanced_accuracy: 0.9258 (0.8868)  pr_auc: 0.9895 (0.9258)  roc_auc: 0.9894 (0.9558)  time: 0.2652  data: 0.0009  max mem: 3483
Test:  [    60/?]  eta: ?  loss: 0.3982 (0.5078)  accuracy: 0.8750 (0.8865)  balanced_accuracy: 0.8729 (0.8800)  pr_auc: 0.9559 (0.9093)  roc_auc: 0.9880 (0.9527)  time: 0.2808  data: 0.0009  max mem: 3483
Test:  [    70/?]  eta: ?  loss: 0.3571 (0.5121)  accuracy: 0.8750 (0.8848)  balanced_accuracy: 0.8729 (0.8791)  pr_auc: 0.9254 (0.9083)  roc_auc: 0.9651 (0.9519)  time: 0.2789  data: 0.0009  max mem: 3483
Test:  [    80/?]  eta: ?  loss: 0.2496 (0.5219)  accuracy: 0.9115 (0.8813)  balanced_accuracy: 0.9326 (0.8809)  pr_auc: 0.9967 (0.9167)  roc_auc: 0.9971 (0.9565)  time: 0.2613  data: 0.0008  max mem: 3483
Test:  [    90/?]  eta: ?  loss: 0.3352 (0.5311)  accuracy: 0.8372 (0.8774)  balanced_accuracy: 0.9178 (0.8779)  pr_auc: 0.9868 (0.9166)  roc_auc: 0.9971 (0.9529)  time: 0.2613  data: 0.0008  max mem: 3483
Test:  [   100/?]  eta: ?  loss: 0.3962 (0.5324)  accuracy: 0.8372 (0.8767)  balanced_accuracy: 0.8588 (0.8737)  pr_auc: 0.9758 (0.9162)  roc_auc: 0.9877 (0.9522)  time: 0.2627  data: 0.0008  max mem: 3483
Test:  [   110/?]  eta: ?  loss: 0.3841 (0.5543)  accuracy: 0.8568 (0.8710)  balanced_accuracy: 0.8148 (0.8639)  pr_auc: 0.9700 (0.9124)  roc_auc: 0.9394 (0.9480)  time: 0.2769  data: 0.0008  max mem: 3483
Test:  [   120/?]  eta: ?  loss: 0.6522 (0.5808)  accuracy: 0.8229 (0.8663)  balanced_accuracy: 0.7897 (0.8546)  pr_auc: 0.9270 (0.9023)  roc_auc: 0.8953 (0.9375)  time: 0.2761  data: 0.0008  max mem: 3483
Test:  [   130/?]  eta: ?  loss: 0.3673 (0.5611)  accuracy: 0.8841 (0.8701)  balanced_accuracy: 0.8660 (0.8602)  pr_auc: 0.9270 (0.8983)  roc_auc: 0.9667 (0.9406)  time: 0.2824  data: 0.0009  max mem: 3483
Test:  [   140/?]  eta: ?  loss: 0.2098 (0.5483)  accuracy: 0.9193 (0.8736)  balanced_accuracy: 0.9273 (0.8653)  pr_auc: 0.9744 (0.9023)  roc_auc: 0.9917 (0.9428)  time: 0.2860  data: 0.0009  max mem: 3483
Test:  [   150/?]  eta: ?  loss: 0.2218 (0.5794)  accuracy: 0.9206 (0.8735)  balanced_accuracy: 0.9231 (0.8650)  pr_auc: 0.9513 (0.9024)  roc_auc: 0.9814 (0.9407)  time: 0.2672  data: 0.0008  max mem: 3483
Test:  [   160/?]  eta: ?  loss: 0.2243 (0.6127)  accuracy: 0.9154 (0.8717)  balanced_accuracy: 0.9276 (0.8643)  pr_auc: 0.9227 (0.8959)  roc_auc: 0.9744 (0.9365)  time: 0.2784  data: 0.0008  max mem: 3483
Test:  [   170/?]  eta: ?  loss: 0.3176 (0.6118)  accuracy: 0.8971 (0.8719)  balanced_accuracy: 0.9276 (0.8639)  pr_auc: 0.9291 (0.8970)  roc_auc: 0.9744 (0.9358)  time: 0.2740  data: 0.0008  max mem: 3483
Test:  [   180/?]  eta: ?  loss: 0.1773 (0.5981)  accuracy: 0.9336 (0.8748)  balanced_accuracy: 0.9410 (0.8677)  pr_auc: 0.9808 (0.8962)  roc_auc: 0.9928 (0.9378)  time: 0.2591  data: 0.0008  max mem: 3483
Test:  [   190/?]  eta: ?  loss: 0.2192 (0.5931)  accuracy: 0.9076 (0.8749)  balanced_accuracy: 0.8976 (0.8660)  pr_auc: 0.9610 (0.8887)  roc_auc: 0.9804 (0.9379)  time: 0.2654  data: 0.0008  max mem: 3483
Test:  [   200/?]  eta: ?  loss: 0.2826 (0.5787)  accuracy: 0.8984 (0.8767)  balanced_accuracy: 0.8984 (0.8685)  pr_auc: 0.9742 (0.8931)  roc_auc: 0.9827 (0.9401)  time: 0.2687  data: 0.0009  max mem: 3483
Test:  [   210/?]  eta: ?  loss: 0.2398 (0.5780)  accuracy: 0.9284 (0.8770)  balanced_accuracy: 0.9066 (0.8674)  pr_auc: 0.9920 (0.8876)  roc_auc: 0.9923 (0.9368)  time: 0.2819  data: 0.0009  max mem: 3483
Test:  [   220/?]  eta: ?  loss: 0.2714 (0.6105)  accuracy: 0.9193 (0.8733)  balanced_accuracy: 0.8891 (0.8625)  pr_auc: 0.9920 (0.8856)  roc_auc: 0.9913 (0.9316)  time: 0.2775  data: 0.0008  max mem: 3483
Test:  [   230/?]  eta: ?  loss: 0.5162 (0.6607)  accuracy: 0.7891 (0.8682)  balanced_accuracy: 0.8008 (0.8564)  pr_auc: 0.9381 (0.8835)  roc_auc: 0.9238 (0.9253)  time: 0.2614  data: 0.0008  max mem: 3483
Test:  [   240/?]  eta: ?  loss: 0.4552 (0.6706)  accuracy: 0.8659 (0.8675)  balanced_accuracy: 0.9225 (0.8561)  pr_auc: 0.9481 (0.8809)  roc_auc: 0.9893 (0.9239)  time: 0.2918  data: 0.0008  max mem: 3483
Test:  [   250/?]  eta: ?  loss: 0.2898 (0.6801)  accuracy: 0.9036 (0.8670)  balanced_accuracy: 0.9225 (0.8553)  pr_auc: 0.9921 (0.8829)  roc_auc: 0.9941 (0.9224)  time: 0.2915  data: 0.0008  max mem: 3483
Test:  [   260/?]  eta: ?  loss: 0.2898 (0.6710)  accuracy: 0.9102 (0.8680)  balanced_accuracy: 0.9166 (0.8559)  pr_auc: 0.9743 (0.8852)  roc_auc: 0.9847 (0.9236)  time: 0.2785  data: 0.0008  max mem: 3483
Test:  [   270/?]  eta: ?  loss: 0.1702 (0.6607)  accuracy: 0.9388 (0.8686)  balanced_accuracy: 0.9166 (0.8559)  pr_auc: 0.9608 (0.8842)  roc_auc: 0.9836 (0.9242)  time: 0.2789  data: 0.0008  max mem: 3483
Test:  [   280/?]  eta: ?  loss: 0.1834 (0.6592)  accuracy: 0.9336 (0.8687)  balanced_accuracy: 0.9017 (0.8551)  pr_auc: 0.9949 (0.8862)  roc_auc: 0.9923 (0.9253)  time: 0.2625  data: 0.0008  max mem: 3483
Test:  [   290/?]  eta: ?  loss: 0.3526 (0.6539)  accuracy: 0.8776 (0.8688)  balanced_accuracy: 0.8650 (0.8549)  pr_auc: 0.9913 (0.8864)  roc_auc: 0.9898 (0.9261)  time: 0.2607  data: 0.0008  max mem: 3483
Test:  [   300/?]  eta: ?  loss: 0.2954 (0.6483)  accuracy: 0.9002 (0.8696)  balanced_accuracy: 0.8650 (0.8549)  pr_auc: 0.9949 (0.8874)  roc_auc: 0.9898 (0.9265)  time: 0.2529  data: 0.0008  max mem: 3483
Test: Total time: 0:01:32 (0.3000 s / it)
* loss 0.647
  → Epoch  12/50 | Train Loss: 0.0928 | Val Loss: 0.6552 | Train Acc: 96.5330% | Val Acc: 86.8014% | LR: 0.000002
Max accuracy val: 86.80%, max accuracy test: 86.98%
Epoch: [12]  [     0/?]  eta: ?  lr: 0.000471  min_lr: 0.000002  loss: 0.1474 (0.1474)  class_acc: 0.9629 (0.9629)  loss_scale: 64.0000 (64.0000)  weight_decay: 0.0500 (0.0500)  grad_norm: 74.1664 (74.1664)  time: 13.5753  data: 12.4997  max mem: 3483
Epoch: [12]  [   500/?]  eta: ?  lr: 0.000471  min_lr: 0.000002  loss: 0.0925 (0.0863)  class_acc: 0.9648 (0.9682)  loss_scale: 64.0000 (64.0000)  weight_decay: 0.0500 (0.0500)  grad_norm: 32.3699 (37.6748)  time: 1.3354  data: 0.0013  max mem: 3483
Epoch: [12]  [  1000/?]  eta: ?  lr: 0.000471  min_lr: 0.000002  loss: 0.0868 (0.0865)  class_acc: 0.9648 (0.9678)  loss_scale: 64.0000 (64.0000)  weight_decay: 0.0500 (0.0500)  grad_norm: 31.6939 (37.5039)  time: 1.3321  data: 0.0013  max mem: 3483
NaN or Inf found in input tensor.
Epoch: [12]  [  1500/?]  eta: ?  lr: 0.000471  min_lr: 0.000002  loss: 0.0868 (0.0860)  class_acc: 0.9688 (0.9678)  loss_scale: 32.0000 (62.9554)  weight_decay: 0.0500 (0.0500)  grad_norm: 31.7205 (inf)  time: 1.3486  data: 0.0006  max mem: 3483
Epoch: [12]  [  2000/?]  eta: ?  lr: 0.000471  min_lr: 0.000002  loss: 0.0745 (0.0855)  class_acc: 0.9707 (0.9679)  loss_scale: 32.0000 (55.2204)  weight_decay: 0.0500 (0.0500)  grad_norm: 31.8484 (inf)  time: 1.3351  data: 0.0026  max mem: 3483
Epoch: [12] Total time: 0:48:28 (1.3404 s / it)
Val:  [     0/?]  eta: ?  loss: 0.0693 (0.0693)  accuracy: 0.9766 (0.9766)  balanced_accuracy: 0.9873 (0.9873)  pr_auc: 1.0000 (1.0000)  roc_auc: 1.0000 (1.0000)  time: 8.2309  data: 7.5566  max mem: 3483
Val:  [    10/?]  eta: ?  loss: 0.0693 (0.8824)  accuracy: 0.9766 (0.8764)  balanced_accuracy: 0.8818 (0.8540)  pr_auc: 0.9937 (0.9137)  roc_auc: 0.9875 (0.9159)  time: 1.0117  data: 0.6877  max mem: 3483
Val:  [    20/?]  eta: ?  loss: 0.0554 (0.7166)  accuracy: 0.9245 (0.8919)  balanced_accuracy: 0.8756 (0.8593)  pr_auc: 0.9656 (0.9280)  roc_auc: 0.9764 (0.9237)  time: 0.2707  data: 0.0008  max mem: 3483
Val:  [    30/?]  eta: ?  loss: 0.1564 (0.5987)  accuracy: 0.9193 (0.8993)  balanced_accuracy: 0.8730 (0.8732)  pr_auc: 0.9666 (0.9358)  roc_auc: 0.9769 (0.9427)  time: 0.2517  data: 0.0008  max mem: 3483
Val:  [    40/?]  eta: ?  loss: 0.2698 (0.6027)  accuracy: 0.9115 (0.8896)  balanced_accuracy: 0.8776 (0.8689)  pr_auc: 0.9666 (0.9145)  roc_auc: 0.9839 (0.9401)  time: 0.2540  data: 0.0008  max mem: 3483
Val:  [    50/?]  eta: ?  loss: 0.2760 (0.5918)  accuracy: 0.8646 (0.8854)  balanced_accuracy: 0.9043 (0.8639)  pr_auc: 0.9585 (0.9126)  roc_auc: 0.9814 (0.9421)  time: 0.2759  data: 0.0008  max mem: 3483
Val:  [    60/?]  eta: ?  loss: 0.2760 (0.6332)  accuracy: 0.8737 (0.8819)  balanced_accuracy: 0.8233 (0.8607)  pr_auc: 0.9585 (0.9024)  roc_auc: 0.9766 (0.9384)  time: 0.2738  data: 0.0008  max mem: 3483
Val:  [    70/?]  eta: ?  loss: 0.4689 (0.6867)  accuracy: 0.8490 (0.8758)  balanced_accuracy: 0.8233 (0.8615)  pr_auc: 0.9458 (0.9022)  roc_auc: 0.9161 (0.9346)  time: 0.2511  data: 0.0008  max mem: 3483
Val:  [    80/?]  eta: ?  loss: 0.2092 (0.6445)  accuracy: 0.8867 (0.8832)  balanced_accuracy: 0.8391 (0.8640)  pr_auc: 0.9245 (0.8955)  roc_auc: 0.9161 (0.9351)  time: 0.2482  data: 0.0007  max mem: 3483
Val:  [    90/?]  eta: ?  loss: 0.2588 (0.6294)  accuracy: 0.9349 (0.8848)  balanced_accuracy: 0.8994 (0.8659)  pr_auc: 0.9852 (0.9028)  roc_auc: 0.9782 (0.9397)  time: 0.2491  data: 0.0008  max mem: 3483
Val:  [   100/?]  eta: ?  loss: 0.2888 (0.6339)  accuracy: 0.9310 (0.8841)  balanced_accuracy: 0.8733 (0.8652)  pr_auc: 0.9551 (0.9002)  roc_auc: 0.9782 (0.9421)  time: 0.2522  data: 0.0008  max mem: 3483
Val:  [   110/?]  eta: ?  loss: 0.3657 (0.6372)  accuracy: 0.8789 (0.8840)  balanced_accuracy: 0.8733 (0.8659)  pr_auc: 0.9338 (0.8922)  roc_auc: 0.9730 (0.9425)  time: 0.2682  data: 0.0008  max mem: 3483
Val:  [   120/?]  eta: ?  loss: 0.4866 (0.6499)  accuracy: 0.8568 (0.8806)  balanced_accuracy: 0.8682 (0.8670)  pr_auc: 0.9627 (0.8969)  roc_auc: 0.9759 (0.9445)  time: 0.2935  data: 0.0008  max mem: 3483
Val:  [   130/?]  eta: ?  loss: 0.6769 (0.6948)  accuracy: 0.8385 (0.8737)  balanced_accuracy: 0.8611 (0.8623)  pr_auc: 0.9701 (0.8906)  roc_auc: 0.9696 (0.9424)  time: 0.2769  data: 0.0007  max mem: 3483
Val:  [   140/?]  eta: ?  loss: 0.7866 (0.7547)  accuracy: 0.8385 (0.8657)  balanced_accuracy: 0.8291 (0.8553)  pr_auc: 0.9800 (0.8844)  roc_auc: 0.9709 (0.9370)  time: 0.2520  data: 0.0008  max mem: 3483
Val:  [   150/?]  eta: ?  loss: 0.2509 (0.7408)  accuracy: 0.8646 (0.8672)  balanced_accuracy: 0.8755 (0.8570)  pr_auc: 0.9724 (0.8876)  roc_auc: 0.9711 (0.9382)  time: 0.2536  data: 0.0008  max mem: 3483
Val:  [   160/?]  eta: ?  loss: 0.2509 (0.7313)  accuracy: 0.9115 (0.8673)  balanced_accuracy: 0.8841 (0.8563)  pr_auc: 0.9618 (0.8851)  roc_auc: 0.9711 (0.9374)  time: 0.2534  data: 0.0008  max mem: 3483
Val:  [   170/?]  eta: ?  loss: 0.2654 (0.7162)  accuracy: 0.9115 (0.8675)  balanced_accuracy: 0.9059 (0.8558)  pr_auc: 0.9112 (0.8820)  roc_auc: 0.9761 (0.9356)  time: 0.2659  data: 0.0008  max mem: 3483
Val:  [   180/?]  eta: ?  loss: 0.2610 (0.7029)  accuracy: 0.9180 (0.8701)  balanced_accuracy: 0.8966 (0.8570)  pr_auc: 0.9618 (0.8816)  roc_auc: 0.9761 (0.9346)  time: 0.2655  data: 0.0008  max mem: 3483
Val:  [   190/?]  eta: ?  loss: 0.2600 (0.6941)  accuracy: 0.9193 (0.8714)  balanced_accuracy: 0.8986 (0.8585)  pr_auc: 0.9922 (0.8847)  roc_auc: 0.9852 (0.9350)  time: 0.2527  data: 0.0008  max mem: 3483
Val:  [   200/?]  eta: ?  loss: 0.2568 (0.6792)  accuracy: 0.9193 (0.8729)  balanced_accuracy: 0.8986 (0.8601)  pr_auc: 0.9976 (0.8895)  roc_auc: 0.9972 (0.9380)  time: 0.2541  data: 0.0008  max mem: 3483
Val:  [   210/?]  eta: ?  loss: 0.2341 (0.6703)  accuracy: 0.9180 (0.8743)  balanced_accuracy: 0.8982 (0.8609)  pr_auc: 0.9905 (0.8896)  roc_auc: 0.9972 (0.9383)  time: 0.2556  data: 0.0009  max mem: 3483
Val:  [   220/?]  eta: ?  loss: 0.2142 (0.6646)  accuracy: 0.9219 (0.8747)  balanced_accuracy: 0.8982 (0.8583)  pr_auc: 0.9898 (0.8903)  roc_auc: 0.9967 (0.9398)  time: 0.2537  data: 0.0009  max mem: 3483
Val:  [   230/?]  eta: ?  loss: 0.1818 (0.6443)  accuracy: 0.9492 (0.8780)  balanced_accuracy: 0.9352 (0.8618)  pr_auc: 0.9868 (0.8939)  roc_auc: 0.9962 (0.9418)  time: 0.2722  data: 0.0008  max mem: 3483
Val:  [   240/?]  eta: ?  loss: 0.1487 (0.6289)  accuracy: 0.9557 (0.8791)  balanced_accuracy: 0.9574 (0.8647)  pr_auc: 0.9953 (0.8935)  roc_auc: 0.9967 (0.9436)  time: 0.2841  data: 0.0007  max mem: 3483
Val:  [   250/?]  eta: ?  loss: 0.0964 (0.6330)  accuracy: 0.9674 (0.8778)  balanced_accuracy: 0.9681 (0.8655)  pr_auc: 0.9980 (0.8933)  roc_auc: 0.9979 (0.9439)  time: 0.2640  data: 0.0008  max mem: 3483
Val:  [   260/?]  eta: ?  loss: 0.1016 (0.6319)  accuracy: 0.9349 (0.8785)  balanced_accuracy: 0.9501 (0.8673)  pr_auc: 0.9973 (0.8932)  roc_auc: 0.9986 (0.9456)  time: 0.2549  data: 0.0008  max mem: 3483
Val:  [   270/?]  eta: ?  loss: 0.1444 (0.6293)  accuracy: 0.9349 (0.8795)  balanced_accuracy: 0.9455 (0.8693)  pr_auc: 0.9929 (0.8909)  roc_auc: 0.9947 (0.9464)  time: 0.2567  data: 0.0008  max mem: 3483
Val:  [   280/?]  eta: ?  loss: 0.1803 (0.6419)  accuracy: 0.9180 (0.8791)  balanced_accuracy: 0.9458 (0.8697)  pr_auc: 0.9741 (0.8870)  roc_auc: 0.9791 (0.9454)  time: 0.2558  data: 0.0008  max mem: 3483
Val:  [   290/?]  eta: ?  loss: 0.3644 (0.6616)  accuracy: 0.8867 (0.8764)  balanced_accuracy: 0.9076 (0.8663)  pr_auc: 0.9729 (0.8846)  roc_auc: 0.9760 (0.9414)  time: 0.2684  data: 0.0008  max mem: 3483
Val:  [   300/?]  eta: ?  loss: 0.6191 (0.6914)  accuracy: 0.8151 (0.8724)  balanced_accuracy: 0.8151 (0.8610)  pr_auc: 0.9256 (0.8813)  roc_auc: 0.9475 (0.9367)  time: 0.2662  data: 0.0008  max mem: 3483
Val:  [   310/?]  eta: ?  loss: 0.9648 (0.7119)  accuracy: 0.7865 (0.8690)  balanced_accuracy: 0.7317 (0.8570)  pr_auc: 0.9256 (0.8787)  roc_auc: 0.9338 (0.9329)  time: 0.2442  data: 0.0007  max mem: 3483
Val: Total time: 0:01:31 (0.2860 s / it)
* loss 0.728
Test:  [     0/?]  eta: ?  loss: 0.3989 (0.3989)  accuracy: 0.9518 (0.9518)  balanced_accuracy: 0.9517 (0.9517)  pr_auc: 0.9767 (0.9767)  roc_auc: 0.9602 (0.9602)  time: 7.9737  data: 7.6983  max mem: 3483
Test:  [    10/?]  eta: ?  loss: 0.2112 (0.5485)  accuracy: 0.9349 (0.9142)  balanced_accuracy: 0.9454 (0.8634)  pr_auc: 0.9767 (0.8527)  roc_auc: 0.9783 (0.9382)  time: 0.9601  data: 0.7006  max mem: 3483
Test:  [    20/?]  eta: ?  loss: 0.1714 (0.5131)  accuracy: 0.9271 (0.9134)  balanced_accuracy: 0.9125 (0.8733)  pr_auc: 0.9730 (0.8898)  roc_auc: 0.9789 (0.9452)  time: 0.2565  data: 0.0008  max mem: 3483
Test:  [    30/?]  eta: ?  loss: 0.3176 (0.5254)  accuracy: 0.8906 (0.8986)  balanced_accuracy: 0.8350 (0.8685)  pr_auc: 0.9625 (0.9131)  roc_auc: 0.9789 (0.9497)  time: 0.2562  data: 0.0009  max mem: 3483
Test:  [    40/?]  eta: ?  loss: 0.3888 (0.5644)  accuracy: 0.8906 (0.8948)  balanced_accuracy: 0.8789 (0.8813)  pr_auc: 0.9636 (0.9229)  roc_auc: 0.9819 (0.9534)  time: 0.2819  data: 0.0008  max mem: 3483
Test:  [    50/?]  eta: ?  loss: 0.3472 (0.5661)  accuracy: 0.9010 (0.8915)  balanced_accuracy: 0.8877 (0.8750)  pr_auc: 0.9852 (0.9148)  roc_auc: 0.9820 (0.9543)  time: 0.2797  data: 0.0008  max mem: 3483
Test:  [    60/?]  eta: ?  loss: 0.3472 (0.5391)  accuracy: 0.8841 (0.8922)  balanced_accuracy: 0.8877 (0.8699)  pr_auc: 0.9671 (0.8962)  roc_auc: 0.9820 (0.9496)  time: 0.2540  data: 0.0008  max mem: 3483
Test:  [    70/?]  eta: ?  loss: 0.3220 (0.5408)  accuracy: 0.8802 (0.8902)  balanced_accuracy: 0.8848 (0.8701)  pr_auc: 0.9369 (0.8953)  roc_auc: 0.9677 (0.9485)  time: 0.2544  data: 0.0009  max mem: 3483
Test:  [    80/?]  eta: ?  loss: 0.2470 (0.5561)  accuracy: 0.8880 (0.8882)  balanced_accuracy: 0.9521 (0.8730)  pr_auc: 0.9932 (0.9028)  roc_auc: 0.9930 (0.9522)  time: 0.2536  data: 0.0009  max mem: 3483
Test:  [    90/?]  eta: ?  loss: 0.2474 (0.5574)  accuracy: 0.8542 (0.8857)  balanced_accuracy: 0.9141 (0.8713)  pr_auc: 0.9932 (0.9060)  roc_auc: 0.9936 (0.9498)  time: 0.2536  data: 0.0008  max mem: 3483
Test:  [   100/?]  eta: ?  loss: 0.4467 (0.5525)  accuracy: 0.8542 (0.8846)  balanced_accuracy: 0.8934 (0.8684)  pr_auc: 0.9780 (0.9077)  roc_auc: 0.9936 (0.9500)  time: 0.2545  data: 0.0008  max mem: 3483
Test:  [   110/?]  eta: ?  loss: 0.5456 (0.5652)  accuracy: 0.8568 (0.8770)  balanced_accuracy: 0.7916 (0.8582)  pr_auc: 0.9685 (0.9073)  roc_auc: 0.9555 (0.9473)  time: 0.2772  data: 0.0008  max mem: 3483
Test:  [   120/?]  eta: ?  loss: 0.4949 (0.5795)  accuracy: 0.8177 (0.8741)  balanced_accuracy: 0.7842 (0.8505)  pr_auc: 0.9228 (0.8991)  roc_auc: 0.9265 (0.9383)  time: 0.2756  data: 0.0008  max mem: 3483
Test:  [   130/?]  eta: ?  loss: 0.3117 (0.5568)  accuracy: 0.8984 (0.8785)  balanced_accuracy: 0.8148 (0.8566)  pr_auc: 0.9569 (0.8942)  roc_auc: 0.9628 (0.9410)  time: 0.2694  data: 0.0008  max mem: 3483
Test:  [   140/?]  eta: ?  loss: 0.1979 (0.5461)  accuracy: 0.9219 (0.8804)  balanced_accuracy: 0.9289 (0.8598)  pr_auc: 0.9651 (0.8980)  roc_auc: 0.9905 (0.9425)  time: 0.2720  data: 0.0009  max mem: 3483
Test:  [   150/?]  eta: ?  loss: 0.2321 (0.5761)  accuracy: 0.9036 (0.8800)  balanced_accuracy: 0.8983 (0.8597)  pr_auc: 0.9647 (0.8987)  roc_auc: 0.9771 (0.9409)  time: 0.2562  data: 0.0008  max mem: 3483
Test:  [   160/?]  eta: ?  loss: 0.1913 (0.6044)  accuracy: 0.9232 (0.8782)  balanced_accuracy: 0.8983 (0.8589)  pr_auc: 0.9570 (0.8938)  roc_auc: 0.9901 (0.9366)  time: 0.2539  data: 0.0008  max mem: 3483
Test:  [   170/?]  eta: ?  loss: 0.2171 (0.5990)  accuracy: 0.9232 (0.8793)  balanced_accuracy: 0.9447 (0.8594)  pr_auc: 0.9570 (0.8954)  roc_auc: 0.9901 (0.9361)  time: 0.2492  data: 0.0007  max mem: 3483
Test:  [   180/?]  eta: ?  loss: 0.1057 (0.5829)  accuracy: 0.9466 (0.8825)  balanced_accuracy: 0.9447 (0.8637)  pr_auc: 0.9969 (0.8959)  roc_auc: 0.9968 (0.9385)  time: 0.2495  data: 0.0008  max mem: 3483
Test:  [   190/?]  eta: ?  loss: 0.1662 (0.5831)  accuracy: 0.9102 (0.8815)  balanced_accuracy: 0.8843 (0.8592)  pr_auc: 0.9527 (0.8886)  roc_auc: 0.9900 (0.9379)  time: 0.2536  data: 0.0009  max mem: 3483
Test:  [   200/?]  eta: ?  loss: 0.3032 (0.5757)  accuracy: 0.8828 (0.8814)  balanced_accuracy: 0.8398 (0.8601)  pr_auc: 0.9527 (0.8926)  roc_auc: 0.9900 (0.9394)  time: 0.2546  data: 0.0009  max mem: 3483
Test:  [   210/?]  eta: ?  loss: 0.3032 (0.5801)  accuracy: 0.8958 (0.8801)  balanced_accuracy: 0.8568 (0.8572)  pr_auc: 0.9788 (0.8869)  roc_auc: 0.9905 (0.9374)  time: 0.2545  data: 0.0008  max mem: 3483
Test:  [   220/?]  eta: ?  loss: 0.3762 (0.6142)  accuracy: 0.8568 (0.8763)  balanced_accuracy: 0.8398 (0.8528)  pr_auc: 0.9748 (0.8841)  roc_auc: 0.9815 (0.9315)  time: 0.2725  data: 0.0009  max mem: 3483
Test:  [   230/?]  eta: ?  loss: 0.7456 (0.6667)  accuracy: 0.7956 (0.8706)  balanced_accuracy: 0.7318 (0.8466)  pr_auc: 0.9516 (0.8826)  roc_auc: 0.9382 (0.9251)  time: 0.2911  data: 0.0009  max mem: 3483
Test:  [   240/?]  eta: ?  loss: 0.5219 (0.6784)  accuracy: 0.8555 (0.8695)  balanced_accuracy: 0.8959 (0.8462)  pr_auc: 0.9516 (0.8769)  roc_auc: 0.9770 (0.9235)  time: 0.2741  data: 0.0008  max mem: 3483
Test:  [   250/?]  eta: ?  loss: 0.2854 (0.6940)  accuracy: 0.9115 (0.8686)  balanced_accuracy: 0.9067 (0.8460)  pr_auc: 0.9813 (0.8788)  roc_auc: 0.9930 (0.9216)  time: 0.2567  data: 0.0008  max mem: 3483
Test:  [   260/?]  eta: ?  loss: 0.2989 (0.6868)  accuracy: 0.9115 (0.8688)  balanced_accuracy: 0.9071 (0.8454)  pr_auc: 0.9790 (0.8814)  roc_auc: 0.9880 (0.9227)  time: 0.2544  data: 0.0008  max mem: 3483
Test:  [   270/?]  eta: ?  loss: 0.2941 (0.6767)  accuracy: 0.9167 (0.8690)  balanced_accuracy: 0.9071 (0.8447)  pr_auc: 0.9721 (0.8814)  roc_auc: 0.9850 (0.9238)  time: 0.2537  data: 0.0008  max mem: 3483
Test:  [   280/?]  eta: ?  loss: 0.2558 (0.6770)  accuracy: 0.9167 (0.8688)  balanced_accuracy: 0.8259 (0.8435)  pr_auc: 0.9794 (0.8830)  roc_auc: 0.9956 (0.9246)  time: 0.2539  data: 0.0009  max mem: 3483
Test:  [   290/?]  eta: ?  loss: 0.2558 (0.6734)  accuracy: 0.9167 (0.8688)  balanced_accuracy: 0.7828 (0.8430)  pr_auc: 0.9767 (0.8838)  roc_auc: 0.9791 (0.9255)  time: 0.2523  data: 0.0008  max mem: 3483
Test:  [   300/?]  eta: ?  loss: 0.3129 (0.6710)  accuracy: 0.8958 (0.8695)  balanced_accuracy: 0.8518 (0.8427)  pr_auc: 0.9767 (0.8848)  roc_auc: 0.9833 (0.9258)  time: 0.2480  data: 0.0007  max mem: 3483
Test: Total time: 0:01:28 (0.2869 s / it)
* loss 0.670
  → Epoch  13/50 | Train Loss: 0.0853 | Val Loss: 0.7277 | Train Acc: 96.8039% | Val Acc: 86.8623% | LR: 0.000002
Max accuracy val: 86.86%, max accuracy test: 86.95%
Epoch: [13]  [     0/?]  eta: ?  lr: 0.000463  min_lr: 0.000002  loss: 0.0827 (0.0827)  class_acc: 0.9766 (0.9766)  loss_scale: 32.0000 (32.0000)  weight_decay: 0.0500 (0.0500)  grad_norm: 49.0788 (49.0788)  time: 14.4733  data: 13.2742  max mem: 3483
Epoch: [13]  [   500/?]  eta: ?  lr: 0.000463  min_lr: 0.000002  loss: 0.0782 (0.0791)  class_acc: 0.9668 (0.9705)  loss_scale: 32.0000 (32.0000)  weight_decay: 0.0500 (0.0500)  grad_norm: 33.2443 (35.3807)  time: 1.3484  data: 0.0016  max mem: 3483
Epoch: [13]  [  1000/?]  eta: ?  lr: 0.000463  min_lr: 0.000002  loss: 0.0730 (0.0795)  class_acc: 0.9707 (0.9702)  loss_scale: 32.0000 (32.0000)  weight_decay: 0.0500 (0.0500)  grad_norm: 35.0028 (35.2285)  time: 1.3316  data: 0.0018  max mem: 3483
Epoch: [13]  [  1500/?]  eta: ?  lr: 0.000463  min_lr: 0.000002  loss: 0.0790 (0.0799)  class_acc: 0.9688 (0.9701)  loss_scale: 64.0000 (36.6689)  weight_decay: 0.0500 (0.0500)  grad_norm: 29.1097 (35.4778)  time: 1.3484  data: 0.0022  max mem: 3483
NaN or Inf found in input tensor.
Epoch: [13]  [  2000/?]  eta: ?  lr: 0.000463  min_lr: 0.000002  loss: 0.0686 (0.0794)  class_acc: 0.9727 (0.9703)  loss_scale: 32.0000 (38.9405)  weight_decay: 0.0500 (0.0500)  grad_norm: 26.2109 (inf)  time: 1.3431  data: 0.0024  max mem: 3483
Epoch: [13] Total time: 0:48:44 (1.3478 s / it)
Val:  [     0/?]  eta: ?  loss: 0.0654 (0.0654)  accuracy: 0.9661 (0.9661)  balanced_accuracy: 0.9817 (0.9817)  pr_auc: 1.0000 (1.0000)  roc_auc: 1.0000 (1.0000)  time: 8.1261  data: 7.4365  max mem: 3483
Val:  [    10/?]  eta: ?  loss: 0.0732 (0.7867)  accuracy: 0.9661 (0.8719)  balanced_accuracy: 0.9160 (0.8544)  pr_auc: 0.9804 (0.8865)  roc_auc: 0.9883 (0.9164)  time: 0.9675  data: 0.6767  max mem: 3483
Val:  [    20/?]  eta: ?  loss: 0.0732 (0.6478)  accuracy: 0.9349 (0.8881)  balanced_accuracy: 0.8902 (0.8566)  pr_auc: 0.9755 (0.9102)  roc_auc: 0.9874 (0.9226)  time: 0.2514  data: 0.0008  max mem: 3483
Val:  [    30/?]  eta: ?  loss: 0.2122 (0.5542)  accuracy: 0.9349 (0.8940)  balanced_accuracy: 0.8712 (0.8658)  pr_auc: 0.9693 (0.9217)  roc_auc: 0.9817 (0.9410)  time: 0.2516  data: 0.0008  max mem: 3483
Val:  [    40/?]  eta: ?  loss: 0.2096 (0.5372)  accuracy: 0.9362 (0.8872)  balanced_accuracy: 0.8902 (0.8701)  pr_auc: 0.9736 (0.9126)  roc_auc: 0.9881 (0.9428)  time: 0.2533  data: 0.0008  max mem: 3483
Val:  [    50/?]  eta: ?  loss: 0.2013 (0.5060)  accuracy: 0.9076 (0.8880)  balanced_accuracy: 0.9043 (0.8725)  pr_auc: 0.9762 (0.9189)  roc_auc: 0.9885 (0.9481)  time: 0.2779  data: 0.0008  max mem: 3483
Val:  [    60/?]  eta: ?  loss: 0.2247 (0.5452)  accuracy: 0.8659 (0.8835)  balanced_accuracy: 0.8274 (0.8674)  pr_auc: 0.9578 (0.9105)  roc_auc: 0.9718 (0.9454)  time: 0.2769  data: 0.0008  max mem: 3483
Val:  [    70/?]  eta: ?  loss: 0.4472 (0.6010)  accuracy: 0.8503 (0.8767)  balanced_accuracy: 0.8146 (0.8659)  pr_auc: 0.9412 (0.9095)  roc_auc: 0.9205 (0.9413)  time: 0.2722  data: 0.0007  max mem: 3483
Val:  [    80/?]  eta: ?  loss: 0.3270 (0.5659)  accuracy: 0.8893 (0.8837)  balanced_accuracy: 0.8150 (0.8704)  pr_auc: 0.9331 (0.9041)  roc_auc: 0.9131 (0.9421)  time: 0.2696  data: 0.0008  max mem: 3483
Val:  [    90/?]  eta: ?  loss: 0.2346 (0.5521)  accuracy: 0.9388 (0.8859)  balanced_accuracy: 0.9172 (0.8718)  pr_auc: 0.9707 (0.9099)  roc_auc: 0.9792 (0.9459)  time: 0.2498  data: 0.0008  max mem: 3483
Val:  [   100/?]  eta: ?  loss: 0.3179 (0.5614)  accuracy: 0.8984 (0.8837)  balanced_accuracy: 0.8745 (0.8705)  pr_auc: 0.9581 (0.9047)  roc_auc: 0.9711 (0.9470)  time: 0.2528  data: 0.0008  max mem: 3483
Val:  [   110/?]  eta: ?  loss: 0.3206 (0.5703)  accuracy: 0.8802 (0.8821)  balanced_accuracy: 0.8795 (0.8711)  pr_auc: 0.9278 (0.8962)  roc_auc: 0.9748 (0.9475)  time: 0.2531  data: 0.0008  max mem: 3483
Val:  [   120/?]  eta: ?  loss: 0.4020 (0.5802)  accuracy: 0.8711 (0.8799)  balanced_accuracy: 0.9012 (0.8738)  pr_auc: 0.9550 (0.9015)  roc_auc: 0.9931 (0.9495)  time: 0.2541  data: 0.0008  max mem: 3483
Val:  [   130/?]  eta: ?  loss: 0.4020 (0.6117)  accuracy: 0.8451 (0.8740)  balanced_accuracy: 0.8795 (0.8710)  pr_auc: 0.9828 (0.8969)  roc_auc: 0.9946 (0.9487)  time: 0.2537  data: 0.0008  max mem: 3483
Val:  [   140/?]  eta: ?  loss: 0.4910 (0.6544)  accuracy: 0.8477 (0.8676)  balanced_accuracy: 0.8455 (0.8654)  pr_auc: 0.9828 (0.8908)  roc_auc: 0.9942 (0.9434)  time: 0.2509  data: 0.0008  max mem: 3483
Val:  [   150/?]  eta: ?  loss: 0.2885 (0.6383)  accuracy: 0.8672 (0.8698)  balanced_accuracy: 0.8849 (0.8679)  pr_auc: 0.9750 (0.8944)  roc_auc: 0.9888 (0.9450)  time: 0.2522  data: 0.0008  max mem: 3483
Val:  [   160/?]  eta: ?  loss: 0.2728 (0.6315)  accuracy: 0.9232 (0.8705)  balanced_accuracy: 0.9233 (0.8676)  pr_auc: 0.9634 (0.8953)  roc_auc: 0.9885 (0.9444)  time: 0.2741  data: 0.0008  max mem: 3483
Val:  [   170/?]  eta: ?  loss: 0.2134 (0.6202)  accuracy: 0.9271 (0.8715)  balanced_accuracy: 0.9233 (0.8666)  pr_auc: 0.9318 (0.8916)  roc_auc: 0.9885 (0.9422)  time: 0.2908  data: 0.0008  max mem: 3483
Val:  [   180/?]  eta: ?  loss: 0.1615 (0.6115)  accuracy: 0.9492 (0.8736)  balanced_accuracy: 0.9222 (0.8674)  pr_auc: 0.9495 (0.8904)  roc_auc: 0.9885 (0.9405)  time: 0.2700  data: 0.0008  max mem: 3483
Val:  [   190/?]  eta: ?  loss: 0.1615 (0.6062)  accuracy: 0.9310 (0.8733)  balanced_accuracy: 0.9037 (0.8679)  pr_auc: 0.9786 (0.8931)  roc_auc: 0.9931 (0.9408)  time: 0.2523  data: 0.0008  max mem: 3483
Val:  [   200/?]  eta: ?  loss: 0.1641 (0.5897)  accuracy: 0.9440 (0.8752)  balanced_accuracy: 0.9140 (0.8708)  pr_auc: 0.9983 (0.8982)  roc_auc: 0.9970 (0.9438)  time: 0.2536  data: 0.0008  max mem: 3483
Val:  [   210/?]  eta: ?  loss: 0.1145 (0.5786)  accuracy: 0.9466 (0.8769)  balanced_accuracy: 0.9431 (0.8722)  pr_auc: 0.9966 (0.8985)  roc_auc: 0.9969 (0.9441)  time: 0.2552  data: 0.0008  max mem: 3483
Val:  [   220/?]  eta: ?  loss: 0.2255 (0.5739)  accuracy: 0.9349 (0.8772)  balanced_accuracy: 0.9349 (0.8695)  pr_auc: 0.9940 (0.8985)  roc_auc: 0.9969 (0.9454)  time: 0.2537  data: 0.0009  max mem: 3483
Val:  [   230/?]  eta: ?  loss: 0.2255 (0.5566)  accuracy: 0.9323 (0.8789)  balanced_accuracy: 0.9410 (0.8723)  pr_auc: 0.9935 (0.9017)  roc_auc: 0.9973 (0.9472)  time: 0.2513  data: 0.0009  max mem: 3483
Val:  [   240/?]  eta: ?  loss: 0.1111 (0.5474)  accuracy: 0.9323 (0.8779)  balanced_accuracy: 0.9481 (0.8746)  pr_auc: 0.9935 (0.9013)  roc_auc: 0.9954 (0.9489)  time: 0.2517  data: 0.0008  max mem: 3483
Val:  [   250/?]  eta: ?  loss: 0.1164 (0.5512)  accuracy: 0.9310 (0.8772)  balanced_accuracy: 0.9477 (0.8758)  pr_auc: 0.9988 (0.9002)  roc_auc: 0.9966 (0.9488)  time: 0.2681  data: 0.0008  max mem: 3483
Val:  [   260/?]  eta: ?  loss: 0.1164 (0.5530)  accuracy: 0.9466 (0.8787)  balanced_accuracy: 0.9462 (0.8781)  pr_auc: 0.9988 (0.8995)  roc_auc: 0.9989 (0.9498)  time: 0.2695  data: 0.0008  max mem: 3483
Val:  [   270/?]  eta: ?  loss: 0.0865 (0.5507)  accuracy: 0.9466 (0.8795)  balanced_accuracy: 0.9462 (0.8788)  pr_auc: 0.9966 (0.8977)  roc_auc: 0.9979 (0.9505)  time: 0.2560  data: 0.0008  max mem: 3483
Val:  [   280/?]  eta: ?  loss: 0.2097 (0.5594)  accuracy: 0.9297 (0.8797)  balanced_accuracy: 0.9448 (0.8793)  pr_auc: 0.9865 (0.8938)  roc_auc: 0.9877 (0.9495)  time: 0.2826  data: 0.0009  max mem: 3483
Val:  [   290/?]  eta: ?  loss: 0.3625 (0.5725)  accuracy: 0.8737 (0.8778)  balanced_accuracy: 0.9032 (0.8767)  pr_auc: 0.9672 (0.8934)  roc_auc: 0.9834 (0.9464)  time: 0.2793  data: 0.0008  max mem: 3483
Val:  [   300/?]  eta: ?  loss: 0.5870 (0.6020)  accuracy: 0.8190 (0.8737)  balanced_accuracy: 0.8668 (0.8714)  pr_auc: 0.9621 (0.8887)  roc_auc: 0.9610 (0.9413)  time: 0.2509  data: 0.0008  max mem: 3483
Val:  [   310/?]  eta: ?  loss: 0.6806 (0.6237)  accuracy: 0.8021 (0.8700)  balanced_accuracy: 0.8151 (0.8666)  pr_auc: 0.9515 (0.8852)  roc_auc: 0.9536 (0.9365)  time: 0.2445  data: 0.0007  max mem: 3483
Val: Total time: 0:01:31 (0.2846 s / it)
* loss 0.646
Test:  [     0/?]  eta: ?  loss: 0.5137 (0.5137)  accuracy: 0.9284 (0.9284)  balanced_accuracy: 0.9282 (0.9282)  pr_auc: 0.9708 (0.9708)  roc_auc: 0.9478 (0.9478)  time: 8.2121  data: 7.9193  max mem: 3483
Test:  [    10/?]  eta: ?  loss: 0.3975 (0.5419)  accuracy: 0.8997 (0.8977)  balanced_accuracy: 0.9238 (0.8767)  pr_auc: 0.9708 (0.9057)  roc_auc: 0.9900 (0.9459)  time: 0.9813  data: 0.7207  max mem: 3483
Test:  [    20/?]  eta: ?  loss: 0.2676 (0.5069)  accuracy: 0.8997 (0.8916)  balanced_accuracy: 0.9007 (0.8659)  pr_auc: 0.9708 (0.9151)  roc_auc: 0.9900 (0.9497)  time: 0.2809  data: 0.0008  max mem: 3483
Test:  [    30/?]  eta: ?  loss: 0.2120 (0.4859)  accuracy: 0.9154 (0.8928)  balanced_accuracy: 0.8760 (0.8737)  pr_auc: 0.9728 (0.9315)  roc_auc: 0.9757 (0.9515)  time: 0.2800  data: 0.0008  max mem: 3483
Test:  [    40/?]  eta: ?  loss: 0.1711 (0.5012)  accuracy: 0.9193 (0.8961)  balanced_accuracy: 0.9247 (0.8920)  pr_auc: 0.9850 (0.9400)  roc_auc: 0.9818 (0.9562)  time: 0.2753  data: 0.0008  max mem: 3483
Test:  [    50/?]  eta: ?  loss: 0.2655 (0.5086)  accuracy: 0.9193 (0.8923)  balanced_accuracy: 0.9247 (0.8858)  pr_auc: 0.9879 (0.9304)  roc_auc: 0.9921 (0.9583)  time: 0.2747  data: 0.0008  max mem: 3483
Test:  [    60/?]  eta: ?  loss: 0.2855 (0.4786)  accuracy: 0.9297 (0.8950)  balanced_accuracy: 0.8846 (0.8814)  pr_auc: 0.9790 (0.9141)  roc_auc: 0.9904 (0.9558)  time: 0.2570  data: 0.0009  max mem: 3483
Test:  [    70/?]  eta: ?  loss: 0.1656 (0.4877)  accuracy: 0.9362 (0.8928)  balanced_accuracy: 0.9360 (0.8808)  pr_auc: 0.9790 (0.9148)  roc_auc: 0.9904 (0.9547)  time: 0.2568  data: 0.0009  max mem: 3483
Test:  [    80/?]  eta: ?  loss: 0.2171 (0.4998)  accuracy: 0.8815 (0.8889)  balanced_accuracy: 0.9468 (0.8822)  pr_auc: 0.9967 (0.9213)  roc_auc: 0.9963 (0.9584)  time: 0.2724  data: 0.0009  max mem: 3483
Test:  [    90/?]  eta: ?  loss: 0.3491 (0.5019)  accuracy: 0.8776 (0.8850)  balanced_accuracy: 0.9092 (0.8790)  pr_auc: 0.9920 (0.9212)  roc_auc: 0.9952 (0.9545)  time: 0.2709  data: 0.0009  max mem: 3483
Test:  [   100/?]  eta: ?  loss: 0.3776 (0.4968)  accuracy: 0.8672 (0.8847)  balanced_accuracy: 0.8736 (0.8750)  pr_auc: 0.9810 (0.9210)  roc_auc: 0.9917 (0.9541)  time: 0.2520  data: 0.0008  max mem: 3483
Test:  [   110/?]  eta: ?  loss: 0.3776 (0.5227)  accuracy: 0.8607 (0.8779)  balanced_accuracy: 0.8223 (0.8642)  pr_auc: 0.9740 (0.9160)  roc_auc: 0.9448 (0.9490)  time: 0.2534  data: 0.0009  max mem: 3483
Test:  [   120/?]  eta: ?  loss: 0.4241 (0.5396)  accuracy: 0.8268 (0.8752)  balanced_accuracy: 0.7994 (0.8566)  pr_auc: 0.8974 (0.9060)  roc_auc: 0.9318 (0.9394)  time: 0.2557  data: 0.0008  max mem: 3483
Test:  [   130/?]  eta: ?  loss: 0.2146 (0.5207)  accuracy: 0.9062 (0.8797)  balanced_accuracy: 0.8447 (0.8627)  pr_auc: 0.9485 (0.9005)  roc_auc: 0.9581 (0.9415)  time: 0.2566  data: 0.0008  max mem: 3483
Test:  [   140/?]  eta: ?  loss: 0.2252 (0.5084)  accuracy: 0.9375 (0.8831)  balanced_accuracy: 0.9342 (0.8677)  pr_auc: 0.9801 (0.9049)  roc_auc: 0.9837 (0.9436)  time: 0.2734  data: 0.0008  max mem: 3483
Test:  [   150/?]  eta: ?  loss: 0.2252 (0.5326)  accuracy: 0.9375 (0.8828)  balanced_accuracy: 0.9495 (0.8680)  pr_auc: 0.9636 (0.9055)  roc_auc: 0.9785 (0.9426)  time: 0.2961  data: 0.0008  max mem: 3483
Test:  [   160/?]  eta: ?  loss: 0.1588 (0.5619)  accuracy: 0.9284 (0.8807)  balanced_accuracy: 0.9474 (0.8673)  pr_auc: 0.9442 (0.9000)  roc_auc: 0.9929 (0.9382)  time: 0.2767  data: 0.0008  max mem: 3483
Test:  [   170/?]  eta: ?  loss: 0.2679 (0.5652)  accuracy: 0.9036 (0.8803)  balanced_accuracy: 0.9447 (0.8667)  pr_auc: 0.9269 (0.9001)  roc_auc: 0.9929 (0.9368)  time: 0.2495  data: 0.0008  max mem: 3483
Test:  [   180/?]  eta: ?  loss: 0.1694 (0.5502)  accuracy: 0.9271 (0.8834)  balanced_accuracy: 0.9415 (0.8709)  pr_auc: 0.9906 (0.9005)  roc_auc: 0.9953 (0.9392)  time: 0.2506  data: 0.0008  max mem: 3483
Test:  [   190/?]  eta: ?  loss: 0.1694 (0.5430)  accuracy: 0.9232 (0.8840)  balanced_accuracy: 0.9105 (0.8684)  pr_auc: 0.9843 (0.8991)  roc_auc: 0.9900 (0.9400)  time: 0.2558  data: 0.0009  max mem: 3483
Test:  [   200/?]  eta: ?  loss: 0.2307 (0.5339)  accuracy: 0.9232 (0.8849)  balanced_accuracy: 0.8837 (0.8702)  pr_auc: 0.9817 (0.9030)  roc_auc: 0.9900 (0.9419)  time: 0.2755  data: 0.0008  max mem: 3483
Test:  [   210/?]  eta: ?  loss: 0.3089 (0.5381)  accuracy: 0.9323 (0.8840)  balanced_accuracy: 0.9073 (0.8680)  pr_auc: 0.9834 (0.8965)  roc_auc: 0.9829 (0.9378)  time: 0.2742  data: 0.0008  max mem: 3483
Test:  [   220/?]  eta: ?  loss: 0.4020 (0.5684)  accuracy: 0.8750 (0.8800)  balanced_accuracy: 0.8619 (0.8631)  pr_auc: 0.9850 (0.8941)  roc_auc: 0.9827 (0.9326)  time: 0.2564  data: 0.0008  max mem: 3483
Test:  [   230/?]  eta: ?  loss: 0.5474 (0.6153)  accuracy: 0.7799 (0.8748)  balanced_accuracy: 0.7971 (0.8574)  pr_auc: 0.9448 (0.8928)  roc_auc: 0.9317 (0.9270)  time: 0.2561  data: 0.0008  max mem: 3483
Test:  [   240/?]  eta: ?  loss: 0.4669 (0.6248)  accuracy: 0.8750 (0.8741)  balanced_accuracy: 0.9017 (0.8574)  pr_auc: 0.9543 (0.8911)  roc_auc: 0.9915 (0.9257)  time: 0.2563  data: 0.0009  max mem: 3483
Test:  [   250/?]  eta: ?  loss: 0.2428 (0.6336)  accuracy: 0.9062 (0.8735)  balanced_accuracy: 0.9074 (0.8565)  pr_auc: 0.9879 (0.8927)  roc_auc: 0.9974 (0.9245)  time: 0.2584  data: 0.0009  max mem: 3483
Test:  [   260/?]  eta: ?  loss: 0.2875 (0.6264)  accuracy: 0.9089 (0.8739)  balanced_accuracy: 0.8975 (0.8567)  pr_auc: 0.9718 (0.8947)  roc_auc: 0.9938 (0.9257)  time: 0.2828  data: 0.0008  max mem: 3483
Test:  [   270/?]  eta: ?  loss: 0.2043 (0.6150)  accuracy: 0.9128 (0.8747)  balanced_accuracy: 0.8991 (0.8571)  pr_auc: 0.9736 (0.8948)  roc_auc: 0.9934 (0.9270)  time: 0.2938  data: 0.0008  max mem: 3483
Test:  [   280/?]  eta: ?  loss: 0.1789 (0.6127)  accuracy: 0.9362 (0.8749)  balanced_accuracy: 0.8816 (0.8565)  pr_auc: 0.9870 (0.8967)  roc_auc: 0.9941 (0.9282)  time: 0.2661  data: 0.0008  max mem: 3483
Test:  [   290/?]  eta: ?  loss: 0.1789 (0.6077)  accuracy: 0.9167 (0.8751)  balanced_accuracy: 0.8653 (0.8563)  pr_auc: 0.9901 (0.8974)  roc_auc: 0.9895 (0.9292)  time: 0.2515  data: 0.0008  max mem: 3483
Test:  [   300/?]  eta: ?  loss: 0.1544 (0.6038)  accuracy: 0.9076 (0.8759)  balanced_accuracy: 0.8653 (0.8561)  pr_auc: 0.9902 (0.8986)  roc_auc: 0.9895 (0.9298)  time: 0.2471  data: 0.0007  max mem: 3483
Test: Total time: 0:01:30 (0.2911 s / it)
* loss 0.606
  → Epoch  14/50 | Train Loss: 0.0793 | Val Loss: 0.6464 | Train Acc: 97.0323% | Val Acc: 86.9534% | LR: 0.000002
Max accuracy val: 86.95%, max accuracy test: 87.58%
Epoch: [14]  [     0/?]  eta: ?  lr: 0.000453  min_lr: 0.000002  loss: 0.0988 (0.0988)  class_acc: 0.9629 (0.9629)  loss_scale: 32.0000 (32.0000)  weight_decay: 0.0500 (0.0500)  grad_norm: 40.5329 (40.5329)  time: 15.1922  data: 13.3483  max mem: 3483
Epoch: [14]  [   500/?]  eta: ?  lr: 0.000453  min_lr: 0.000002  loss: 0.0744 (0.0749)  class_acc: 0.9727 (0.9722)  loss_scale: 32.0000 (32.0000)  weight_decay: 0.0500 (0.0500)  grad_norm: 34.0676 (34.1819)  time: 1.3493  data: 0.0020  max mem: 3483
Epoch: [14]  [  1000/?]  eta: ?  lr: 0.000453  min_lr: 0.000002  loss: 0.0770 (0.0753)  class_acc: 0.9707 (0.9720)  loss_scale: 32.0000 (32.0000)  weight_decay: 0.0500 (0.0500)  grad_norm: 30.9856 (34.2247)  time: 1.3332  data: 0.0014  max mem: 3483
Epoch: [14]  [  1500/?]  eta: ?  lr: 0.000453  min_lr: 0.000002  loss: 0.0770 (0.0751)  class_acc: 0.9727 (0.9720)  loss_scale: 32.0000 (32.0000)  weight_decay: 0.0500 (0.0500)  grad_norm: 32.9353 (34.0476)  time: 1.3543  data: 0.0019  max mem: 3483
NaN or Inf found in input tensor.
Epoch: [14]  [  2000/?]  eta: ?  lr: 0.000453  min_lr: 0.000002  loss: 0.0701 (0.0747)  class_acc: 0.9727 (0.9721)  loss_scale: 32.0000 (35.4383)  weight_decay: 0.0500 (0.0500)  grad_norm: 30.6844 (inf)  time: 1.3442  data: 0.0021  max mem: 3483
Epoch: [14] Total time: 0:48:48 (1.3493 s / it)
Val:  [     0/?]  eta: ?  loss: 0.1654 (0.1654)  accuracy: 0.9531 (0.9531)  balanced_accuracy: 0.9746 (0.9746)  pr_auc: 1.0000 (1.0000)  roc_auc: 1.0000 (1.0000)  time: 8.8946  data: 8.2257  max mem: 3483
Val:  [    10/?]  eta: ?  loss: 0.1654 (0.8153)  accuracy: 0.9531 (0.8759)  balanced_accuracy: 0.9297 (0.8618)  pr_auc: 0.9748 (0.8930)  roc_auc: 0.9842 (0.9181)  time: 1.0380  data: 0.7485  max mem: 3483
Val:  [    20/?]  eta: ?  loss: 0.2114 (0.6664)  accuracy: 0.9219 (0.8891)  balanced_accuracy: 0.8706 (0.8642)  pr_auc: 0.9656 (0.9109)  roc_auc: 0.9794 (0.9206)  time: 0.2531  data: 0.0008  max mem: 3483
Val:  [    30/?]  eta: ?  loss: 0.2158 (0.5565)  accuracy: 0.9219 (0.8984)  balanced_accuracy: 0.8706 (0.8782)  pr_auc: 0.9665 (0.9189)  roc_auc: 0.9789 (0.9400)  time: 0.2552  data: 0.0008  max mem: 3483
Val:  [    40/?]  eta: ?  loss: 0.2303 (0.5470)  accuracy: 0.9219 (0.8905)  balanced_accuracy: 0.8789 (0.8792)  pr_auc: 0.9656 (0.9077)  roc_auc: 0.9848 (0.9436)  time: 0.2565  data: 0.0008  max mem: 3483
Val:  [    50/?]  eta: ?  loss: 0.2698 (0.5248)  accuracy: 0.8932 (0.8897)  balanced_accuracy: 0.8819 (0.8802)  pr_auc: 0.9604 (0.9138)  roc_auc: 0.9822 (0.9478)  time: 0.2762  data: 0.0008  max mem: 3483
Val:  [    60/?]  eta: ?  loss: 0.3141 (0.5553)  accuracy: 0.8568 (0.8860)  balanced_accuracy: 0.8747 (0.8777)  pr_auc: 0.9383 (0.9058)  roc_auc: 0.9686 (0.9448)  time: 0.2741  data: 0.0009  max mem: 3483
Val:  [    70/?]  eta: ?  loss: 0.5368 (0.6154)  accuracy: 0.8529 (0.8778)  balanced_accuracy: 0.8469 (0.8740)  pr_auc: 0.9383 (0.9027)  roc_auc: 0.9175 (0.9403)  time: 0.2669  data: 0.0008  max mem: 3483
Val:  [    80/?]  eta: ?  loss: 0.4072 (0.5803)  accuracy: 0.8776 (0.8844)  balanced_accuracy: 0.8716 (0.8779)  pr_auc: 0.9303 (0.8932)  roc_auc: 0.9322 (0.9409)  time: 0.2710  data: 0.0008  max mem: 3483
Val:  [    90/?]  eta: ?  loss: 0.2284 (0.5607)  accuracy: 0.9258 (0.8873)  balanced_accuracy: 0.9141 (0.8791)  pr_auc: 0.9901 (0.8959)  roc_auc: 0.9751 (0.9439)  time: 0.2562  data: 0.0007  max mem: 3483
Val:  [   100/?]  eta: ?  loss: 0.2754 (0.5804)  accuracy: 0.9193 (0.8843)  balanced_accuracy: 0.9061 (0.8778)  pr_auc: 0.9522 (0.8934)  roc_auc: 0.9809 (0.9429)  time: 0.2524  data: 0.0007  max mem: 3483
Val:  [   110/?]  eta: ?  loss: 0.3213 (0.6042)  accuracy: 0.8802 (0.8817)  balanced_accuracy: 0.8750 (0.8777)  pr_auc: 0.9261 (0.8850)  roc_auc: 0.9645 (0.9426)  time: 0.2694  data: 0.0008  max mem: 3483
Val:  [   120/?]  eta: ?  loss: 0.3213 (0.6231)  accuracy: 0.9062 (0.8799)  balanced_accuracy: 0.9189 (0.8807)  pr_auc: 0.9618 (0.8897)  roc_auc: 0.9909 (0.9446)  time: 0.2685  data: 0.0008  max mem: 3483
Val:  [   130/?]  eta: ?  loss: 0.6036 (0.6648)  accuracy: 0.8008 (0.8738)  balanced_accuracy: 0.8801 (0.8772)  pr_auc: 0.9652 (0.8833)  roc_auc: 0.9715 (0.9426)  time: 0.2512  data: 0.0008  max mem: 3483
Val:  [   140/?]  eta: ?  loss: 0.5380 (0.7116)  accuracy: 0.8411 (0.8674)  balanced_accuracy: 0.8518 (0.8720)  pr_auc: 0.9761 (0.8775)  roc_auc: 0.9736 (0.9372)  time: 0.2516  data: 0.0008  max mem: 3483
Val:  [   150/?]  eta: ?  loss: 0.4012 (0.6978)  accuracy: 0.8607 (0.8692)  balanced_accuracy: 0.8801 (0.8738)  pr_auc: 0.9540 (0.8791)  roc_auc: 0.9715 (0.9379)  time: 0.2532  data: 0.0008  max mem: 3483
Val:  [   160/?]  eta: ?  loss: 0.3080 (0.6936)  accuracy: 0.9102 (0.8694)  balanced_accuracy: 0.9212 (0.8730)  pr_auc: 0.9540 (0.8804)  roc_auc: 0.9736 (0.9380)  time: 0.2690  data: 0.0008  max mem: 3483
Val:  [   170/?]  eta: ?  loss: 0.2435 (0.6864)  accuracy: 0.9245 (0.8698)  balanced_accuracy: 0.9212 (0.8701)  pr_auc: 0.9327 (0.8757)  roc_auc: 0.9860 (0.9349)  time: 0.2665  data: 0.0009  max mem: 3483
Val:  [   180/?]  eta: ?  loss: 0.1464 (0.6724)  accuracy: 0.9349 (0.8716)  balanced_accuracy: 0.9060 (0.8714)  pr_auc: 0.9540 (0.8762)  roc_auc: 0.9860 (0.9345)  time: 0.2514  data: 0.0008  max mem: 3483
Val:  [   190/?]  eta: ?  loss: 0.1098 (0.6590)  accuracy: 0.9583 (0.8719)  balanced_accuracy: 0.9060 (0.8720)  pr_auc: 0.9830 (0.8800)  roc_auc: 0.9961 (0.9358)  time: 0.2744  data: 0.0008  max mem: 3483
Val:  [   200/?]  eta: ?  loss: 0.2756 (0.6412)  accuracy: 0.8958 (0.8731)  balanced_accuracy: 0.8967 (0.8739)  pr_auc: 0.9970 (0.8857)  roc_auc: 0.9971 (0.9390)  time: 0.2728  data: 0.0008  max mem: 3483
Val:  [   210/?]  eta: ?  loss: 0.2756 (0.6286)  accuracy: 0.9193 (0.8747)  balanced_accuracy: 0.9131 (0.8743)  pr_auc: 0.9959 (0.8868)  roc_auc: 0.9957 (0.9386)  time: 0.2662  data: 0.0009  max mem: 3483
Val:  [   220/?]  eta: ?  loss: 0.1424 (0.6171)  accuracy: 0.9375 (0.8756)  balanced_accuracy: 0.9193 (0.8728)  pr_auc: 0.9893 (0.8877)  roc_auc: 0.9956 (0.9402)  time: 0.2672  data: 0.0008  max mem: 3483
Val:  [   230/?]  eta: ?  loss: 0.1424 (0.6007)  accuracy: 0.9401 (0.8772)  balanced_accuracy: 0.9401 (0.8757)  pr_auc: 0.9931 (0.8910)  roc_auc: 0.9980 (0.9421)  time: 0.2519  data: 0.0008  max mem: 3483
Val:  [   240/?]  eta: ?  loss: 0.1554 (0.5938)  accuracy: 0.9401 (0.8761)  balanced_accuracy: 0.9534 (0.8781)  pr_auc: 0.9960 (0.8899)  roc_auc: 0.9980 (0.9438)  time: 0.2509  data: 0.0008  max mem: 3483
Val:  [   250/?]  eta: ?  loss: 0.1554 (0.5935)  accuracy: 0.9297 (0.8760)  balanced_accuracy: 0.9534 (0.8798)  pr_auc: 0.9991 (0.8901)  roc_auc: 0.9985 (0.9447)  time: 0.2519  data: 0.0008  max mem: 3483
Val:  [   260/?]  eta: ?  loss: 0.1167 (0.5936)  accuracy: 0.9531 (0.8778)  balanced_accuracy: 0.9531 (0.8822)  pr_auc: 0.9994 (0.8899)  roc_auc: 0.9990 (0.9461)  time: 0.2704  data: 0.0008  max mem: 3483
Val:  [   270/?]  eta: ?  loss: 0.1167 (0.5915)  accuracy: 0.9531 (0.8784)  balanced_accuracy: 0.9501 (0.8831)  pr_auc: 0.9970 (0.8891)  roc_auc: 0.9970 (0.9473)  time: 0.2713  data: 0.0008  max mem: 3483
Val:  [   280/?]  eta: ?  loss: 0.1578 (0.6074)  accuracy: 0.9362 (0.8784)  balanced_accuracy: 0.9448 (0.8834)  pr_auc: 0.9873 (0.8854)  roc_auc: 0.9915 (0.9465)  time: 0.2546  data: 0.0008  max mem: 3483
Val:  [   290/?]  eta: ?  loss: 0.2754 (0.6179)  accuracy: 0.9128 (0.8768)  balanced_accuracy: 0.8907 (0.8805)  pr_auc: 0.9818 (0.8848)  roc_auc: 0.9888 (0.9434)  time: 0.2538  data: 0.0008  max mem: 3483
Val:  [   300/?]  eta: ?  loss: 0.4688 (0.6438)  accuracy: 0.8008 (0.8727)  balanced_accuracy: 0.8742 (0.8756)  pr_auc: 0.9484 (0.8807)  roc_auc: 0.9654 (0.9379)  time: 0.2776  data: 0.0008  max mem: 3483
Val:  [   310/?]  eta: ?  loss: 0.8122 (0.6566)  accuracy: 0.7565 (0.8699)  balanced_accuracy: 0.8008 (0.8723)  pr_auc: 0.9296 (0.8787)  roc_auc: 0.9459 (0.9355)  time: 0.2695  data: 0.0008  max mem: 3483
Val: Total time: 0:01:32 (0.2896 s / it)
* loss 0.672
Test:  [     0/?]  eta: ?  loss: 0.3357 (0.3357)  accuracy: 0.9479 (0.9479)  balanced_accuracy: 0.9478 (0.9478)  pr_auc: 0.9784 (0.9784)  roc_auc: 0.9617 (0.9617)  time: 8.3319  data: 8.0412  max mem: 3483
Test:  [    10/?]  eta: ?  loss: 0.3357 (0.5360)  accuracy: 0.9062 (0.8957)  balanced_accuracy: 0.9248 (0.8899)  pr_auc: 0.9646 (0.9082)  roc_auc: 0.9828 (0.9389)  time: 0.9918  data: 0.7317  max mem: 3483
Test:  [    20/?]  eta: ?  loss: 0.2204 (0.5083)  accuracy: 0.9076 (0.8953)  balanced_accuracy: 0.9155 (0.8869)  pr_auc: 0.9725 (0.9206)  roc_auc: 0.9857 (0.9473)  time: 0.2570  data: 0.0008  max mem: 3483
Test:  [    30/?]  eta: ?  loss: 0.1823 (0.4835)  accuracy: 0.9206 (0.8909)  balanced_accuracy: 0.8867 (0.8827)  pr_auc: 0.9725 (0.9313)  roc_auc: 0.9799 (0.9472)  time: 0.2571  data: 0.0008  max mem: 3483
Test:  [    40/?]  eta: ?  loss: 0.1969 (0.5315)  accuracy: 0.9206 (0.8913)  balanced_accuracy: 0.9193 (0.8953)  pr_auc: 0.9832 (0.9330)  roc_auc: 0.9799 (0.9514)  time: 0.2587  data: 0.0009  max mem: 3483
Test:  [    50/?]  eta: ?  loss: 0.2328 (0.5595)  accuracy: 0.9336 (0.8869)  balanced_accuracy: 0.9193 (0.8869)  pr_auc: 0.9832 (0.9133)  roc_auc: 0.9836 (0.9481)  time: 0.2582  data: 0.0009  max mem: 3483
Test:  [    60/?]  eta: ?  loss: 0.3721 (0.5272)  accuracy: 0.8841 (0.8893)  balanced_accuracy: 0.8828 (0.8818)  pr_auc: 0.9265 (0.8989)  roc_auc: 0.9698 (0.9469)  time: 0.2843  data: 0.0009  max mem: 3483
Test:  [    70/?]  eta: ?  loss: 0.2730 (0.5428)  accuracy: 0.8841 (0.8878)  balanced_accuracy: 0.8828 (0.8823)  pr_auc: 0.9164 (0.8986)  roc_auc: 0.9698 (0.9464)  time: 0.2833  data: 0.0008  max mem: 3483
Test:  [    80/?]  eta: ?  loss: 0.2445 (0.5534)  accuracy: 0.9271 (0.8850)  balanced_accuracy: 0.9463 (0.8835)  pr_auc: 0.9903 (0.9063)  roc_auc: 0.9947 (0.9505)  time: 0.2548  data: 0.0008  max mem: 3483
Test:  [    90/?]  eta: ?  loss: 0.2586 (0.5534)  accuracy: 0.8633 (0.8829)  balanced_accuracy: 0.9246 (0.8809)  pr_auc: 0.9769 (0.9067)  roc_auc: 0.9947 (0.9484)  time: 0.2778  data: 0.0009  max mem: 3483
Test:  [   100/?]  eta: ?  loss: 0.5468 (0.5457)  accuracy: 0.8633 (0.8823)  balanced_accuracy: 0.8930 (0.8777)  pr_auc: 0.9661 (0.9070)  roc_auc: 0.9925 (0.9485)  time: 0.2770  data: 0.0008  max mem: 3483
Test:  [   110/?]  eta: ?  loss: 0.5310 (0.5626)  accuracy: 0.8529 (0.8762)  balanced_accuracy: 0.8002 (0.8679)  pr_auc: 0.9641 (0.9044)  roc_auc: 0.9594 (0.9449)  time: 0.2530  data: 0.0008  max mem: 3483
Test:  [   120/?]  eta: ?  loss: 0.5003 (0.5783)  accuracy: 0.8372 (0.8726)  balanced_accuracy: 0.7944 (0.8589)  pr_auc: 0.9251 (0.8952)  roc_auc: 0.9224 (0.9336)  time: 0.2538  data: 0.0008  max mem: 3483
Test:  [   130/?]  eta: ?  loss: 0.3476 (0.5605)  accuracy: 0.8919 (0.8763)  balanced_accuracy: 0.8293 (0.8642)  pr_auc: 0.9467 (0.8900)  roc_auc: 0.9583 (0.9365)  time: 0.2565  data: 0.0008  max mem: 3483
Test:  [   140/?]  eta: ?  loss: 0.2261 (0.5499)  accuracy: 0.9271 (0.8777)  balanced_accuracy: 0.9322 (0.8661)  pr_auc: 0.9629 (0.8929)  roc_auc: 0.9821 (0.9387)  time: 0.2593  data: 0.0009  max mem: 3483
Test:  [   150/?]  eta: ?  loss: 0.2793 (0.5728)  accuracy: 0.8789 (0.8767)  balanced_accuracy: 0.8804 (0.8643)  pr_auc: 0.9403 (0.8928)  roc_auc: 0.9739 (0.9372)  time: 0.2587  data: 0.0009  max mem: 3483
Test:  [   160/?]  eta: ?  loss: 0.2042 (0.6104)  accuracy: 0.9180 (0.8754)  balanced_accuracy: 0.9339 (0.8644)  pr_auc: 0.9290 (0.8882)  roc_auc: 0.9765 (0.9336)  time: 0.2559  data: 0.0008  max mem: 3483
Test:  [   170/?]  eta: ?  loss: 0.2042 (0.6115)  accuracy: 0.9115 (0.8762)  balanced_accuracy: 0.9339 (0.8643)  pr_auc: 0.9201 (0.8888)  roc_auc: 0.9765 (0.9327)  time: 0.2681  data: 0.0008  max mem: 3483
Test:  [   180/?]  eta: ?  loss: 0.1846 (0.5969)  accuracy: 0.9297 (0.8789)  balanced_accuracy: 0.9388 (0.8681)  pr_auc: 0.9766 (0.8890)  roc_auc: 0.9908 (0.9350)  time: 0.2898  data: 0.0008  max mem: 3483
Test:  [   190/?]  eta: ?  loss: 0.2217 (0.5895)  accuracy: 0.9297 (0.8792)  balanced_accuracy: 0.9065 (0.8667)  pr_auc: 0.9583 (0.8874)  roc_auc: 0.9842 (0.9358)  time: 0.2765  data: 0.0008  max mem: 3483
Test:  [   200/?]  eta: ?  loss: 0.2330 (0.5767)  accuracy: 0.9076 (0.8805)  balanced_accuracy: 0.9020 (0.8688)  pr_auc: 0.9807 (0.8914)  roc_auc: 0.9931 (0.9378)  time: 0.2567  data: 0.0008  max mem: 3483
Test:  [   210/?]  eta: ?  loss: 0.2330 (0.5819)  accuracy: 0.9206 (0.8803)  balanced_accuracy: 0.9065 (0.8671)  pr_auc: 0.9841 (0.8857)  roc_auc: 0.9897 (0.9355)  time: 0.2571  data: 0.0008  max mem: 3483
Test:  [   220/?]  eta: ?  loss: 0.3458 (0.6148)  accuracy: 0.9128 (0.8764)  balanced_accuracy: 0.8919 (0.8622)  pr_auc: 0.9817 (0.8832)  roc_auc: 0.9836 (0.9301)  time: 0.2542  data: 0.0008  max mem: 3483
Test:  [   230/?]  eta: ?  loss: 0.7114 (0.6675)  accuracy: 0.8125 (0.8708)  balanced_accuracy: 0.7969 (0.8553)  pr_auc: 0.9469 (0.8814)  roc_auc: 0.9318 (0.9240)  time: 0.2541  data: 0.0008  max mem: 3483
Test:  [   240/?]  eta: ?  loss: 0.4588 (0.6837)  accuracy: 0.8750 (0.8697)  balanced_accuracy: 0.8697 (0.8546)  pr_auc: 0.9568 (0.8772)  roc_auc: 0.9836 (0.9226)  time: 0.2573  data: 0.0008  max mem: 3483
Test:  [   250/?]  eta: ?  loss: 0.2027 (0.6958)  accuracy: 0.9193 (0.8685)  balanced_accuracy: 0.9056 (0.8539)  pr_auc: 0.9632 (0.8766)  roc_auc: 0.9878 (0.9213)  time: 0.2588  data: 0.0009  max mem: 3483
Test:  [   260/?]  eta: ?  loss: 0.2443 (0.6903)  accuracy: 0.9193 (0.8688)  balanced_accuracy: 0.9092 (0.8540)  pr_auc: 0.9636 (0.8786)  roc_auc: 0.9770 (0.9217)  time: 0.2584  data: 0.0009  max mem: 3483
Test:  [   270/?]  eta: ?  loss: 0.2699 (0.6844)  accuracy: 0.9193 (0.8686)  balanced_accuracy: 0.9109 (0.8535)  pr_auc: 0.9632 (0.8771)  roc_auc: 0.9770 (0.9216)  time: 0.2741  data: 0.0008  max mem: 3483
Test:  [   280/?]  eta: ?  loss: 0.2870 (0.6825)  accuracy: 0.8997 (0.8692)  balanced_accuracy: 0.8794 (0.8532)  pr_auc: 0.9722 (0.8787)  roc_auc: 0.9821 (0.9227)  time: 0.2708  data: 0.0008  max mem: 3483
Test:  [   290/?]  eta: ?  loss: 0.2870 (0.6766)  accuracy: 0.9076 (0.8698)  balanced_accuracy: 0.8698 (0.8535)  pr_auc: 0.9601 (0.8792)  roc_auc: 0.9810 (0.9233)  time: 0.2711  data: 0.0008  max mem: 3483
Test:  [   300/?]  eta: ?  loss: 0.2430 (0.6703)  accuracy: 0.9232 (0.8707)  balanced_accuracy: 0.8698 (0.8533)  pr_auc: 0.9722 (0.8799)  roc_auc: 0.9821 (0.9235)  time: 0.2672  data: 0.0007  max mem: 3483
Test: Total time: 0:01:29 (0.2900 s / it)
* loss 0.669

============================================================
Counting samples by task type...
============================================================

============================================================
Evaluating on active tasks (35,284 samples)...
============================================================
Active Test:  [     0/?]  eta: ?  loss: 0.0004 (0.0004)  accuracy: 1.0000 (1.0000)  time: 7.0843  data: 6.7883  max mem: 3483
Active Test:  [    10/?]  eta: ?  loss: 0.1885 (0.1931)  accuracy: 0.9219 (0.9148)  balanced_accuracy: 0.9405 (0.9320)  pr_auc: 0.9966 (0.9917)  roc_auc: 0.9924 (0.9932)  time: 0.8169  data: 0.6175  max mem: 3483
Active Test:  [    20/?]  eta: ?  loss: 0.1783 (0.2110)  accuracy: 0.9219 (0.9241)  balanced_accuracy: 0.9419 (0.9328)  pr_auc: 0.9978 (0.9861)  roc_auc: 0.9989 (0.9762)  time: 0.1905  data: 0.0004  max mem: 3483
Active Test:  [    30/?]  eta: ?  loss: 0.1222 (0.2572)  accuracy: 0.9531 (0.9153)  balanced_accuracy: 0.9535 (0.9407)  pr_auc: 1.0000 (0.9904)  roc_auc: 1.0000 (0.9824)  time: 0.1895  data: 0.0004  max mem: 3483
Active Test:  [    40/?]  eta: ?  loss: 0.2085 (0.3075)  accuracy: 0.9062 (0.9013)  balanced_accuracy: 0.9767 (0.9333)  pr_auc: 1.0000 (0.9874)  roc_auc: 1.0000 (0.9682)  time: 0.2216  data: 0.0004  max mem: 3483
Active Test:  [    50/?]  eta: ?  loss: 0.0298 (0.4232)  accuracy: 0.9219 (0.8974)  balanced_accuracy: 0.9884 (0.9387)  pr_auc: 1.0000 (0.9781)  roc_auc: 1.0000 (0.9692)  time: 0.2230  data: 0.0004  max mem: 3483
Active Test:  [    60/?]  eta: ?  loss: 0.0137 (0.6257)  accuracy: 0.9844 (0.8865)  balanced_accuracy: 1.0000 (0.9428)  pr_auc: 1.0000 (0.9617)  roc_auc: 1.0000 (0.9700)  time: 0.1906  data: 0.0004  max mem: 3483
Active Test:  [    70/?]  eta: ?  loss: 0.2276 (0.6405)  accuracy: 0.9219 (0.8816)  balanced_accuracy: 0.9583 (0.9210)  pr_auc: 1.0000 (0.9469)  roc_auc: 1.0000 (0.9629)  time: 0.1895  data: 0.0004  max mem: 3483
Active Test:  [    80/?]  eta: ?  loss: 0.3637 (0.6165)  accuracy: 0.8906 (0.8827)  balanced_accuracy: 0.8837 (0.9169)  pr_auc: 1.0000 (0.9516)  roc_auc: 1.0000 (0.9669)  time: 0.1885  data: 0.0004  max mem: 3483
Active Test:  [    90/?]  eta: ?  loss: 0.4207 (0.5991)  accuracy: 0.8438 (0.8803)  balanced_accuracy: 0.8452 (0.9110)  pr_auc: 1.0000 (0.9483)  roc_auc: 1.0000 (0.9650)  time: 0.2032  data: 0.0004  max mem: 3483
Active Test:  [   100/?]  eta: ?  loss: 0.2459 (0.5691)  accuracy: 0.9062 (0.8846)  balanced_accuracy: 0.8981 (0.9067)  pr_auc: 0.9995 (0.9433)  roc_auc: 0.9989 (0.9632)  time: 0.2035  data: 0.0004  max mem: 3483
Active Test:  [   110/?]  eta: ?  loss: 0.1103 (0.5834)  accuracy: 0.9375 (0.8830)  balanced_accuracy: 0.8981 (0.8957)  pr_auc: 0.9986 (0.9310)  roc_auc: 0.9978 (0.9525)  time: 0.1901  data: 0.0004  max mem: 3483
Active Test:  [   120/?]  eta: ?  loss: 0.0557 (0.5705)  accuracy: 0.9844 (0.8869)  balanced_accuracy: 0.9767 (0.9000)  pr_auc: 1.0000 (0.9352)  roc_auc: 1.0000 (0.9548)  time: 0.1976  data: 0.0004  max mem: 3483
Active Test:  [   130/?]  eta: ?  loss: 0.0598 (0.6008)  accuracy: 0.9688 (0.8826)  balanced_accuracy: 0.9762 (0.9002)  pr_auc: 1.0000 (0.9304)  roc_auc: 1.0000 (0.9565)  time: 0.1962  data: 0.0004  max mem: 3483
Active Test:  [   140/?]  eta: ?  loss: 0.4477 (0.6303)  accuracy: 0.8281 (0.8777)  balanced_accuracy: 0.9565 (0.8897)  pr_auc: 0.9982 (0.9181)  roc_auc: 0.9989 (0.9437)  time: 0.1893  data: 0.0004  max mem: 3483
Active Test:  [   150/?]  eta: ?  loss: 0.0342 (0.6832)  accuracy: 0.7656 (0.8713)  balanced_accuracy: 0.9565 (0.8849)  pr_auc: 0.9959 (0.9111)  roc_auc: 0.9978 (0.9391)  time: 0.1880  data: 0.0004  max mem: 3483
Active Test:  [   160/?]  eta: ?  loss: 0.0316 (0.6983)  accuracy: 0.9219 (0.8714)  balanced_accuracy: 0.8810 (0.8816)  pr_auc: 1.0000 (0.9055)  roc_auc: 1.0000 (0.9334)  time: 0.1889  data: 0.0004  max mem: 3483
Active Test:  [   170/?]  eta: ?  loss: 0.0119 (0.6716)  accuracy: 0.9219 (0.8756)  balanced_accuracy: 0.9878 (0.8871)  pr_auc: 1.0000 (0.9127)  roc_auc: 1.0000 (0.9384)  time: 0.2065  data: 0.0004  max mem: 3483
Active Test:  [   180/?]  eta: ?  loss: 0.2700 (0.6792)  accuracy: 0.9062 (0.8765)  balanced_accuracy: 0.9302 (0.8875)  pr_auc: 1.0000 (0.9132)  roc_auc: 1.0000 (0.9397)  time: 0.2066  data: 0.0004  max mem: 3483
Active Test:  [   190/?]  eta: ?  loss: 0.4480 (0.7252)  accuracy: 0.8594 (0.8735)  balanced_accuracy: 0.8594 (0.8832)  pr_auc: 0.9992 (0.9099)  roc_auc: 0.9989 (0.9378)  time: 0.1917  data: 0.0004  max mem: 3483
Active Test:  [   200/?]  eta: ?  loss: 0.5558 (0.7364)  accuracy: 0.8125 (0.8711)  balanced_accuracy: 0.8594 (0.8814)  pr_auc: 0.9958 (0.9039)  roc_auc: 0.9951 (0.9379)  time: 0.1922  data: 0.0004  max mem: 3483
Active Test:  [   210/?]  eta: ?  loss: 0.9198 (0.7518)  accuracy: 0.7500 (0.8660)  balanced_accuracy: 0.8594 (0.8806)  pr_auc: 0.9950 (0.9052)  roc_auc: 0.9941 (0.9391)  time: 0.1894  data: 0.0004  max mem: 3483
Active Test:  [   220/?]  eta: ?  loss: 0.2873 (0.7363)  accuracy: 0.8438 (0.8681)  balanced_accuracy: 0.9048 (0.8839)  pr_auc: 0.9950 (0.9089)  roc_auc: 0.9967 (0.9415)  time: 0.1876  data: 0.0004  max mem: 3483
Active Test:  [   230/?]  eta: ?  loss: 0.0859 (0.7148)  accuracy: 0.9531 (0.8709)  balanced_accuracy: 0.8990 (0.8827)  pr_auc: 0.9916 (0.9113)  roc_auc: 0.9956 (0.9431)  time: 0.1875  data: 0.0004  max mem: 3483
Active Test:  [   240/?]  eta: ?  loss: 0.1110 (0.6980)  accuracy: 0.9688 (0.8725)  balanced_accuracy: 0.9529 (0.8834)  pr_auc: 0.9916 (0.9104)  roc_auc: 0.9956 (0.9435)  time: 0.2025  data: 0.0004  max mem: 3483
Active Test:  [   250/?]  eta: ?  loss: 0.1110 (0.6809)  accuracy: 0.9219 (0.8741)  balanced_accuracy: 0.9545 (0.8856)  pr_auc: 0.9916 (0.9134)  roc_auc: 0.9956 (0.9450)  time: 0.2041  data: 0.0004  max mem: 3483
Active Test:  [   260/?]  eta: ?  loss: 0.1499 (0.6638)  accuracy: 0.9219 (0.8746)  balanced_accuracy: 0.9526 (0.8840)  pr_auc: 1.0000 (0.9173)  roc_auc: 1.0000 (0.9474)  time: 0.1895  data: 0.0004  max mem: 3483
Active Test:  [   270/?]  eta: ?  loss: 0.1220 (0.6422)  accuracy: 0.9531 (0.8771)  balanced_accuracy: 0.9526 (0.8865)  pr_auc: 1.0000 (0.9203)  roc_auc: 1.0000 (0.9494)  time: 0.1979  data: 0.0004  max mem: 3483
Active Test:  [   280/?]  eta: ?  loss: 0.0016 (0.6219)  accuracy: 1.0000 (0.8793)  balanced_accuracy: 1.0000 (0.8892)  pr_auc: 1.0000 (0.9237)  roc_auc: 1.0000 (0.9515)  time: 0.1988  data: 0.0004  max mem: 3483
Active Test:  [   290/?]  eta: ?  loss: 0.0270 (0.6060)  accuracy: 0.9688 (0.8820)  balanced_accuracy: 1.0000 (0.8907)  pr_auc: 1.0000 (0.9248)  roc_auc: 1.0000 (0.9523)  time: 0.1884  data: 0.0004  max mem: 3483
Active Test:  [   300/?]  eta: ?  loss: 0.0580 (0.5898)  accuracy: 0.9688 (0.8843)  balanced_accuracy: 0.9904 (0.8922)  pr_auc: 1.0000 (0.9265)  roc_auc: 1.0000 (0.9534)  time: 0.1862  data: 0.0004  max mem: 3483
Active Test:  [   310/?]  eta: ?  loss: 0.0081 (0.5721)  accuracy: 1.0000 (0.8876)  balanced_accuracy: 1.0000 (0.8952)  pr_auc: 1.0000 (0.9287)  roc_auc: 1.0000 (0.9548)  time: 0.2035  data: 0.0004  max mem: 3483
Active Test:  [   320/?]  eta: ?  loss: 0.0006 (0.5588)  accuracy: 1.0000 (0.8892)  balanced_accuracy: 0.9907 (0.8951)  pr_auc: 1.0000 (0.9306)  roc_auc: 1.0000 (0.9561)  time: 0.2043  data: 0.0004  max mem: 3483
Active Test:  [   330/?]  eta: ?  loss: 0.0906 (0.5508)  accuracy: 0.9688 (0.8872)  balanced_accuracy: 0.9907 (0.8920)  pr_auc: 1.0000 (0.9302)  roc_auc: 1.0000 (0.9558)  time: 0.1877  data: 0.0004  max mem: 3483
Active Test:  [   340/?]  eta: ?  loss: 0.0819 (0.5403)  accuracy: 0.9688 (0.8888)  balanced_accuracy: 0.8906 (0.8912)  pr_auc: 1.0000 (0.9281)  roc_auc: 1.0000 (0.9557)  time: 0.1870  data: 0.0004  max mem: 3483
Active Test:  [   350/?]  eta: ?  loss: 0.0110 (0.5477)  accuracy: 1.0000 (0.8891)  balanced_accuracy: 0.9262 (0.8931)  pr_auc: 1.0000 (0.9296)  roc_auc: 1.0000 (0.9566)  time: 0.1872  data: 0.0004  max mem: 3483
Active Test:  [   360/?]  eta: ?  loss: 0.0838 (0.5516)  accuracy: 0.9531 (0.8878)  balanced_accuracy: 0.9531 (0.8932)  pr_auc: 1.0000 (0.9305)  roc_auc: 1.0000 (0.9573)  time: 0.1895  data: 0.0004  max mem: 3483
Active Test:  [   370/?]  eta: ?  loss: 0.0838 (0.5402)  accuracy: 0.9531 (0.8876)  balanced_accuracy: 0.9531 (0.8912)  pr_auc: 1.0000 (0.9320)  roc_auc: 1.0000 (0.9581)  time: 0.1900  data: 0.0004  max mem: 3483
Active Test:  [   380/?]  eta: ?  loss: 0.0370 (0.5426)  accuracy: 0.9844 (0.8869)  balanced_accuracy: 0.9531 (0.8913)  pr_auc: 1.0000 (0.9325)  roc_auc: 1.0000 (0.9571)  time: 0.2027  data: 0.0004  max mem: 3483
Active Test:  [   390/?]  eta: ?  loss: 0.0167 (0.5408)  accuracy: 0.9844 (0.8874)  balanced_accuracy: 0.9844 (0.8937)  pr_auc: 1.0000 (0.9344)  roc_auc: 1.0000 (0.9583)  time: 0.2039  data: 0.0004  max mem: 3483
Active Test:  [   400/?]  eta: ?  loss: 0.0103 (0.5310)  accuracy: 1.0000 (0.8891)  balanced_accuracy: 1.0000 (0.8957)  pr_auc: 1.0000 (0.9358)  roc_auc: 1.0000 (0.9592)  time: 0.1891  data: 0.0004  max mem: 3483
Active Test:  [   410/?]  eta: ?  loss: 0.0165 (0.5278)  accuracy: 0.9844 (0.8898)  balanced_accuracy: 1.0000 (0.8964)  pr_auc: 1.0000 (0.9364)  roc_auc: 1.0000 (0.9596)  time: 0.1862  data: 0.0004  max mem: 3483
Active Test:  [   420/?]  eta: ?  loss: 0.0908 (0.5279)  accuracy: 0.9531 (0.8900)  balanced_accuracy: 1.0000 (0.8980)  pr_auc: 1.0000 (0.9377)  roc_auc: 1.0000 (0.9604)  time: 0.1922  data: 0.0004  max mem: 3483
Active Test:  [   430/?]  eta: ?  loss: 0.0908 (0.5180)  accuracy: 0.9531 (0.8917)  balanced_accuracy: 0.9688 (0.8983)  pr_auc: 1.0000 (0.9386)  roc_auc: 1.0000 (0.9608)  time: 0.1989  data: 0.0004  max mem: 3483
Active Test:  [   440/?]  eta: ?  loss: 0.0002 (0.5102)  accuracy: 1.0000 (0.8930)  balanced_accuracy: 0.9683 (0.8976)  pr_auc: 1.0000 (0.9361)  roc_auc: 1.0000 (0.9596)  time: 0.1933  data: 0.0004  max mem: 3483
Active Test:  [   450/?]  eta: ?  loss: 0.0428 (0.5120)  accuracy: 0.9688 (0.8918)  balanced_accuracy: 0.8846 (0.8946)  pr_auc: 0.9995 (0.9369)  roc_auc: 0.9961 (0.9599)  time: 0.2035  data: 0.0004  max mem: 3483
Active Test:  [   460/?]  eta: ?  loss: 0.0606 (0.5106)  accuracy: 0.9375 (0.8918)  balanced_accuracy: 0.8275 (0.8944)  pr_auc: 1.0000 (0.9372)  roc_auc: 1.0000 (0.9601)  time: 0.2031  data: 0.0004  max mem: 3483
Active Test:  [   470/?]  eta: ?  loss: 0.0010 (0.5030)  accuracy: 1.0000 (0.8914)  balanced_accuracy: 0.8100 (0.8942)  pr_auc: 1.0000 (0.9374)  roc_auc: 1.0000 (0.9603)  time: 0.1854  data: 0.0003  max mem: 3483
Active Test:  [   480/?]  eta: ?  loss: 0.0038 (0.4977)  accuracy: 1.0000 (0.8912)  balanced_accuracy: 0.8070 (0.8938)  pr_auc: 1.0000 (0.9381)  roc_auc: 1.0000 (0.9607)  time: 0.1840  data: 0.0003  max mem: 3483
Active Test:  [   490/?]  eta: ?  loss: 0.0038 (0.4976)  accuracy: 1.0000 (0.8923)  balanced_accuracy: 0.8070 (0.8941)  pr_auc: 1.0000 (0.9383)  roc_auc: 1.0000 (0.9609)  time: 0.1837  data: 0.0003  max mem: 3483
Active Test:  [   500/?]  eta: ?  loss: 0.0003 (0.5017)  accuracy: 1.0000 (0.8915)  balanced_accuracy: 0.8100 (0.8945)  pr_auc: 1.0000 (0.9385)  roc_auc: 1.0000 (0.9610)  time: 0.1821  data: 0.0003  max mem: 3483
Active Test:  [   510/?]  eta: ?  loss: 0.0001 (0.4942)  accuracy: 1.0000 (0.8930)  balanced_accuracy: 0.9722 (0.8951)  pr_auc: 1.0000 (0.9392)  roc_auc: 1.0000 (0.9614)  time: 0.1836  data: 0.0004  max mem: 3483
Active Test:  [   520/?]  eta: ?  loss: 0.0009 (0.4885)  accuracy: 1.0000 (0.8937)  balanced_accuracy: 1.0000 (0.8954)  pr_auc: 1.0000 (0.9396)  roc_auc: 1.0000 (0.9617)  time: 0.1997  data: 0.0004  max mem: 3483
Active Test:  [   530/?]  eta: ?  loss: 0.0009 (0.5031)  accuracy: 1.0000 (0.8931)  balanced_accuracy: 1.0000 (0.8957)  pr_auc: 1.0000 (0.9400)  roc_auc: 1.0000 (0.9619)  time: 0.1988  data: 0.0004  max mem: 3483
Active Test:  [   540/?]  eta: ?  loss: 0.0007 (0.5059)  accuracy: 1.0000 (0.8931)  balanced_accuracy: 1.0000 (0.8957)  pr_auc: 1.0000 (0.9400)  roc_auc: 1.0000 (0.9619)  time: 0.1816  data: 0.0003  max mem: 3483
Active Test: Total time: 0:01:53 (0.2074 s / it)
* loss 0.501

============================================================
Evaluating on passive tasks (204,188 samples)...
============================================================
Passive Test:  [     0/?]  eta: ?  loss: 4.0455 (4.0455)  accuracy: 0.6719 (0.6719)  time: 2.4309  data: 2.1982  max mem: 3483
Passive Test:  [    10/?]  eta: ?  loss: 1.7654 (1.7356)  accuracy: 0.7188 (0.7969)  balanced_accuracy: 0.7907 (0.7674)  pr_auc: 0.9127 (0.9232)  roc_auc: 0.7835 (0.8179)  time: 0.3913  data: 0.2002  max mem: 3483
Passive Test:  [    20/?]  eta: ?  loss: 0.4000 (1.8024)  accuracy: 0.7188 (0.7976)  balanced_accuracy: 0.7857 (0.7782)  pr_auc: 0.9127 (0.9248)  roc_auc: 0.7835 (0.8231)  time: 0.1982  data: 0.0004  max mem: 3483
Passive Test:  [    30/?]  eta: ?  loss: 0.4000 (1.7099)  accuracy: 0.6719 (0.7954)  balanced_accuracy: 0.7857 (0.7708)  pr_auc: 0.9127 (0.9151)  roc_auc: 0.7835 (0.8036)  time: 0.1984  data: 0.0004  max mem: 3483
Passive Test:  [    40/?]  eta: ?  loss: 0.3550 (1.6681)  accuracy: 0.6719 (0.7946)  balanced_accuracy: 0.8095 (0.7906)  pr_auc: 0.9643 (0.9225)  roc_auc: 0.9396 (0.8218)  time: 0.1882  data: 0.0004  max mem: 3483
Passive Test:  [    50/?]  eta: ?  loss: 0.4841 (1.6680)  accuracy: 0.6719 (0.7926)  balanced_accuracy: 0.9048 (0.7961)  pr_auc: 0.9643 (0.9223)  roc_auc: 0.9396 (0.8182)  time: 0.1893  data: 0.0004  max mem: 3483
Passive Test:  [    60/?]  eta: ?  loss: 0.4841 (1.6890)  accuracy: 0.6719 (0.7907)  balanced_accuracy: 0.7619 (0.7963)  pr_auc: 0.9528 (0.8804)  roc_auc: 0.9131 (0.8007)  time: 0.2113  data: 0.0004  max mem: 3483
Passive Test:  [    70/?]  eta: ?  loss: 0.7246 (1.6444)  accuracy: 0.7344 (0.7903)  balanced_accuracy: 0.7320 (0.7936)  pr_auc: 0.9026 (0.8676)  roc_auc: 0.7530 (0.7969)  time: 0.2123  data: 0.0004  max mem: 3483
Passive Test:  [    80/?]  eta: ?  loss: 0.7246 (1.6299)  accuracy: 0.7344 (0.7853)  balanced_accuracy: 0.7500 (0.7851)  pr_auc: 0.9026 (0.8495)  roc_auc: 0.7530 (0.7907)  time: 0.1922  data: 0.0004  max mem: 3483
Passive Test:  [    90/?]  eta: ?  loss: 0.6265 (1.5453)  accuracy: 0.7812 (0.7862)  balanced_accuracy: 0.7554 (0.7810)  pr_auc: 0.9377 (0.8563)  roc_auc: 0.8870 (0.7962)  time: 0.1923  data: 0.0004  max mem: 3483
Passive Test:  [   100/?]  eta: ?  loss: 0.7725 (1.5012)  accuracy: 0.7656 (0.7870)  balanced_accuracy: 0.7209 (0.7813)  pr_auc: 0.9178 (0.8539)  roc_auc: 0.9048 (0.7999)  time: 0.1923  data: 0.0004  max mem: 3483
Passive Test:  [   110/?]  eta: ?  loss: 0.3978 (1.4379)  accuracy: 0.8438 (0.7952)  balanced_accuracy: 0.7907 (0.7888)  pr_auc: 0.9279 (0.8613)  roc_auc: 0.9147 (0.8055)  time: 0.1909  data: 0.0004  max mem: 3483
Passive Test:  [   120/?]  eta: ?  loss: 0.2065 (1.4070)  accuracy: 0.9219 (0.7978)  balanced_accuracy: 0.7984 (0.7935)  pr_auc: 0.9046 (0.8657)  roc_auc: 0.9147 (0.8071)  time: 0.1888  data: 0.0004  max mem: 3483
Passive Test:  [   130/?]  eta: ?  loss: 0.2061 (1.3748)  accuracy: 0.8281 (0.8007)  balanced_accuracy: 0.9167 (0.7960)  pr_auc: 0.9978 (0.8690)  roc_auc: 0.9989 (0.8088)  time: 0.1877  data: 0.0004  max mem: 3483
Passive Test:  [   140/?]  eta: ?  loss: 0.7312 (1.3608)  accuracy: 0.7969 (0.7983)  balanced_accuracy: 0.8333 (0.7941)  pr_auc: 0.9645 (0.8682)  roc_auc: 0.9545 (0.8122)  time: 0.2030  data: 0.0004  max mem: 3483
Passive Test:  [   150/?]  eta: ?  loss: 1.5401 (1.3839)  accuracy: 0.6875 (0.7942)  balanced_accuracy: 0.8333 (0.7944)  pr_auc: 0.9621 (0.8712)  roc_auc: 0.9545 (0.8165)  time: 0.2030  data: 0.0004  max mem: 3483
Passive Test:  [   160/?]  eta: ?  loss: 2.0282 (1.4399)  accuracy: 0.6719 (0.7890)  balanced_accuracy: 0.8095 (0.7945)  pr_auc: 0.9492 (0.8741)  roc_auc: 0.9269 (0.8202)  time: 0.1872  data: 0.0004  max mem: 3483
Passive Test:  [   170/?]  eta: ?  loss: 1.9742 (1.4552)  accuracy: 0.6719 (0.7848)  balanced_accuracy: 0.7599 (0.7944)  pr_auc: 0.9492 (0.8784)  roc_auc: 0.9340 (0.8266)  time: 0.1911  data: 0.0004  max mem: 3483
Passive Test:  [   180/?]  eta: ?  loss: 1.3222 (1.4582)  accuracy: 0.7031 (0.7851)  balanced_accuracy: 0.7619 (0.7953)  pr_auc: 0.9561 (0.8808)  roc_auc: 0.9686 (0.8317)  time: 0.2005  data: 0.0004  max mem: 3483
Passive Test:  [   190/?]  eta: ?  loss: 0.7233 (1.4237)  accuracy: 0.7969 (0.7881)  balanced_accuracy: 0.7619 (0.7921)  pr_auc: 0.9651 (0.8739)  roc_auc: 0.9712 (0.8300)  time: 0.1964  data: 0.0004  max mem: 3483
Passive Test:  [   200/?]  eta: ?  loss: 0.2700 (1.4119)  accuracy: 0.8438 (0.7915)  balanced_accuracy: 0.8810 (0.7954)  pr_auc: 0.9912 (0.8698)  roc_auc: 0.9956 (0.8280)  time: 0.1877  data: 0.0004  max mem: 3483
Passive Test:  [   210/?]  eta: ?  loss: 0.5920 (1.4137)  accuracy: 0.7656 (0.7915)  balanced_accuracy: 0.7576 (0.7940)  pr_auc: 0.8405 (0.8669)  roc_auc: 0.8937 (0.8308)  time: 0.1898  data: 0.0004  max mem: 3483
Passive Test:  [   220/?]  eta: ?  loss: 1.0098 (1.4265)  accuracy: 0.7344 (0.7921)  balanced_accuracy: 0.7857 (0.7942)  pr_auc: 1.0000 (0.8699)  roc_auc: 1.0000 (0.8360)  time: 0.1898  data: 0.0004  max mem: 3483
Passive Test:  [   230/?]  eta: ?  loss: 1.0098 (1.4242)  accuracy: 0.7344 (0.7942)  balanced_accuracy: 0.7576 (0.7956)  pr_auc: 0.9936 (0.8689)  roc_auc: 0.9967 (0.8384)  time: 0.2036  data: 0.0004  max mem: 3483
Passive Test:  [   240/?]  eta: ?  loss: 0.4795 (1.4036)  accuracy: 0.8438 (0.7964)  balanced_accuracy: 0.7857 (0.7937)  pr_auc: 1.0000 (0.8655)  roc_auc: 1.0000 (0.8385)  time: 0.2043  data: 0.0004  max mem: 3483
Passive Test:  [   250/?]  eta: ?  loss: 0.4795 (1.3828)  accuracy: 0.8438 (0.7984)  balanced_accuracy: 0.7727 (0.7899)  pr_auc: 0.9956 (0.8618)  roc_auc: 0.9978 (0.8377)  time: 0.1900  data: 0.0004  max mem: 3483
Passive Test:  [   260/?]  eta: ?  loss: 0.5321 (1.3638)  accuracy: 0.8594 (0.7999)  balanced_accuracy: 0.7727 (0.7876)  pr_auc: 0.9901 (0.8613)  roc_auc: 0.9945 (0.8384)  time: 0.1897  data: 0.0004  max mem: 3483
Passive Test:  [   270/?]  eta: ?  loss: 0.5321 (1.3510)  accuracy: 0.8594 (0.8011)  balanced_accuracy: 0.7500 (0.7862)  pr_auc: 0.9731 (0.8621)  roc_auc: 0.9767 (0.8407)  time: 0.1896  data: 0.0004  max mem: 3483
Passive Test:  [   280/?]  eta: ?  loss: 0.9030 (1.3425)  accuracy: 0.7812 (0.8013)  balanced_accuracy: 0.7558 (0.7863)  pr_auc: 0.9710 (0.8670)  roc_auc: 0.9767 (0.8447)  time: 0.1921  data: 0.0004  max mem: 3483
Passive Test:  [   290/?]  eta: ?  loss: 1.1199 (1.3567)  accuracy: 0.7188 (0.7977)  balanced_accuracy: 0.6744 (0.7790)  pr_auc: 0.9148 (0.8630)  roc_auc: 0.8843 (0.8413)  time: 0.1932  data: 0.0004  max mem: 3483
Passive Test:  [   300/?]  eta: ?  loss: 0.9349 (1.3536)  accuracy: 0.7500 (0.7967)  balanced_accuracy: 0.6429 (0.7751)  pr_auc: 0.8824 (0.8613)  roc_auc: 0.8084 (0.8361)  time: 0.1898  data: 0.0004  max mem: 3483
Passive Test:  [   310/?]  eta: ?  loss: 0.2105 (1.3334)  accuracy: 0.8750 (0.7981)  balanced_accuracy: 0.6310 (0.7742)  pr_auc: 0.8616 (0.8609)  roc_auc: 0.8084 (0.8338)  time: 0.1874  data: 0.0004  max mem: 3483
Passive Test:  [   320/?]  eta: ?  loss: 0.0477 (1.3245)  accuracy: 0.9219 (0.7985)  balanced_accuracy: 0.6591 (0.7723)  pr_auc: 0.8439 (0.8612)  roc_auc: 0.6157 (0.8313)  time: 0.2020  data: 0.0004  max mem: 3483
Passive Test:  [   330/?]  eta: ?  loss: 0.1470 (1.3171)  accuracy: 0.7500 (0.7990)  balanced_accuracy: 0.6591 (0.7709)  pr_auc: 0.9322 (0.8631)  roc_auc: 0.9513 (0.8315)  time: 0.2056  data: 0.0004  max mem: 3483
Passive Test:  [   340/?]  eta: ?  loss: 0.3907 (1.2975)  accuracy: 0.8594 (0.8006)  balanced_accuracy: 0.7045 (0.7718)  pr_auc: 0.9335 (0.8650)  roc_auc: 0.9419 (0.8325)  time: 0.1917  data: 0.0004  max mem: 3483
Passive Test:  [   350/?]  eta: ?  loss: 0.3907 (1.2716)  accuracy: 0.8594 (0.8031)  balanced_accuracy: 0.7708 (0.7734)  pr_auc: 0.9322 (0.8660)  roc_auc: 0.9269 (0.8356)  time: 0.1894  data: 0.0004  max mem: 3483
Passive Test:  [   360/?]  eta: ?  loss: 0.1442 (1.2470)  accuracy: 0.9531 (0.8056)  balanced_accuracy: 0.7708 (0.7730)  pr_auc: 0.9255 (0.8652)  roc_auc: 0.9237 (0.8365)  time: 0.1874  data: 0.0004  max mem: 3483
Passive Test:  [   370/?]  eta: ?  loss: 0.2605 (1.2234)  accuracy: 0.8906 (0.8077)  balanced_accuracy: 0.8001 (0.7736)  pr_auc: 0.9335 (0.8662)  roc_auc: 0.9237 (0.8385)  time: 0.1855  data: 0.0004  max mem: 3483
Passive Test:  [   380/?]  eta: ?  loss: 0.2307 (1.1967)  accuracy: 0.9219 (0.8114)  balanced_accuracy: 0.8001 (0.7749)  pr_auc: 0.9335 (0.8672)  roc_auc: 0.9237 (0.8397)  time: 0.1847  data: 0.0004  max mem: 3483
Passive Test:  [   390/?]  eta: ?  loss: 0.1826 (1.1725)  accuracy: 0.9375 (0.8143)  balanced_accuracy: 0.8361 (0.7763)  pr_auc: 0.9863 (0.8684)  roc_auc: 0.9810 (0.8412)  time: 0.1841  data: 0.0004  max mem: 3483
Passive Test:  [   400/?]  eta: ?  loss: 0.1826 (1.1479)  accuracy: 0.9375 (0.8173)  balanced_accuracy: 0.8496 (0.7771)  pr_auc: 0.9894 (0.8691)  roc_auc: 0.9934 (0.8422)  time: 0.1841  data: 0.0004  max mem: 3483
Passive Test:  [   410/?]  eta: ?  loss: 0.2233 (1.1350)  accuracy: 0.8906 (0.8183)  balanced_accuracy: 0.8496 (0.7777)  pr_auc: 0.9863 (0.8694)  roc_auc: 0.9850 (0.8428)  time: 0.1975  data: 0.0004  max mem: 3483
Passive Test:  [   420/?]  eta: ?  loss: 0.4121 (1.1244)  accuracy: 0.8281 (0.8188)  balanced_accuracy: 0.9048 (0.7792)  pr_auc: 0.9978 (0.8704)  roc_auc: 0.9957 (0.8439)  time: 0.1977  data: 0.0004  max mem: 3483
Passive Test:  [   430/?]  eta: ?  loss: 0.4624 (1.1172)  accuracy: 0.7812 (0.8185)  balanced_accuracy: 0.9186 (0.7811)  pr_auc: 0.9978 (0.8717)  roc_auc: 0.9957 (0.8456)  time: 0.1840  data: 0.0004  max mem: 3483
Passive Test:  [   440/?]  eta: ?  loss: 0.3257 (1.1086)  accuracy: 0.7812 (0.8188)  balanced_accuracy: 0.9300 (0.7827)  pr_auc: 0.9989 (0.8726)  roc_auc: 0.9978 (0.8467)  time: 0.1839  data: 0.0004  max mem: 3483
Passive Test:  [   450/?]  eta: ?  loss: 0.2744 (1.0972)  accuracy: 0.9062 (0.8203)  balanced_accuracy: 0.9302 (0.7842)  pr_auc: 0.9995 (0.8735)  roc_auc: 0.9989 (0.8478)  time: 0.1835  data: 0.0004  max mem: 3483
Passive Test:  [   460/?]  eta: ?  loss: 0.0216 (1.0763)  accuracy: 0.9844 (0.8222)  balanced_accuracy: 0.9302 (0.7844)  pr_auc: 1.0000 (0.8749)  roc_auc: 1.0000 (0.8495)  time: 0.1837  data: 0.0004  max mem: 3483
Passive Test:  [   470/?]  eta: ?  loss: 0.0026 (1.0543)  accuracy: 1.0000 (0.8253)  balanced_accuracy: 0.9302 (0.7851)  pr_auc: 1.0000 (0.8758)  roc_auc: 1.0000 (0.8505)  time: 0.1828  data: 0.0004  max mem: 3483
Passive Test:  [   480/?]  eta: ?  loss: 0.0017 (1.0326)  accuracy: 1.0000 (0.8289)  balanced_accuracy: 0.9574 (0.7873)  pr_auc: 1.0000 (0.8771)  roc_auc: 1.0000 (0.8521)  time: 0.1830  data: 0.0004  max mem: 3483
Passive Test:  [   490/?]  eta: ?  loss: 0.0028 (1.0120)  accuracy: 1.0000 (0.8322)  balanced_accuracy: 0.9921 (0.7900)  pr_auc: 1.0000 (0.8788)  roc_auc: 1.0000 (0.8541)  time: 0.2002  data: 0.0004  max mem: 3483
Passive Test:  [   500/?]  eta: ?  loss: 0.0014 (0.9919)  accuracy: 1.0000 (0.8355)  balanced_accuracy: 1.0000 (0.7942)  pr_auc: 1.0000 (0.8812)  roc_auc: 1.0000 (0.8571)  time: 0.2158  data: 0.0004  max mem: 3483
Passive Test:  [   510/?]  eta: ?  loss: 0.0003 (0.9741)  accuracy: 1.0000 (0.8382)  balanced_accuracy: 1.0000 (0.7982)  pr_auc: 1.0000 (0.8843)  roc_auc: 1.0000 (0.8605)  time: 0.2027  data: 0.0004  max mem: 3483
Passive Test:  [   520/?]  eta: ?  loss: 0.0003 (0.9565)  accuracy: 1.0000 (0.8408)  balanced_accuracy: 1.0000 (0.8039)  pr_auc: 1.0000 (0.8879)  roc_auc: 1.0000 (0.8649)  time: 0.1909  data: 0.0004  max mem: 3483
Passive Test:  [   530/?]  eta: ?  loss: 0.0080 (0.9395)  accuracy: 1.0000 (0.8435)  balanced_accuracy: 1.0000 (0.8095)  pr_auc: 1.0000 (0.8914)  roc_auc: 1.0000 (0.8690)  time: 0.1922  data: 0.0004  max mem: 3483
Passive Test:  [   540/?]  eta: ?  loss: 0.0080 (0.9250)  accuracy: 1.0000 (0.8457)  balanced_accuracy: 1.0000 (0.8142)  pr_auc: 1.0000 (0.8944)  roc_auc: 1.0000 (0.8729)  time: 0.1927  data: 0.0004  max mem: 3483
Passive Test:  [   550/?]  eta: ?  loss: 0.0606 (0.9171)  accuracy: 0.9688 (0.8465)  balanced_accuracy: 0.9881 (0.8166)  pr_auc: 1.0000 (0.8959)  roc_auc: 1.0000 (0.8756)  time: 0.1918  data: 0.0004  max mem: 3483
Passive Test:  [   560/?]  eta: ?  loss: 0.0843 (0.9048)  accuracy: 0.9688 (0.8482)  balanced_accuracy: 0.9800 (0.8194)  pr_auc: 1.0000 (0.8980)  roc_auc: 1.0000 (0.8781)  time: 0.1901  data: 0.0004  max mem: 3483
Passive Test:  [   570/?]  eta: ?  loss: 0.0594 (0.8974)  accuracy: 0.9219 (0.8488)  balanced_accuracy: 0.9524 (0.8207)  pr_auc: 1.0000 (0.8992)  roc_auc: 1.0000 (0.8797)  time: 0.1884  data: 0.0004  max mem: 3483
Passive Test:  [   580/?]  eta: ?  loss: 0.0594 (0.8857)  accuracy: 0.9219 (0.8502)  balanced_accuracy: 0.9286 (0.8218)  pr_auc: 1.0000 (0.8995)  roc_auc: 1.0000 (0.8807)  time: 0.1858  data: 0.0004  max mem: 3483
Passive Test:  [   590/?]  eta: ?  loss: 0.0320 (0.8737)  accuracy: 0.9844 (0.8519)  balanced_accuracy: 0.9186 (0.8226)  pr_auc: 1.0000 (0.9003)  roc_auc: 1.0000 (0.8817)  time: 0.2003  data: 0.0004  max mem: 3483
Passive Test:  [   600/?]  eta: ?  loss: 0.0323 (0.8633)  accuracy: 0.9844 (0.8531)  balanced_accuracy: 0.9286 (0.8245)  pr_auc: 1.0000 (0.9014)  roc_auc: 1.0000 (0.8832)  time: 0.2013  data: 0.0004  max mem: 3483
Passive Test:  [   610/?]  eta: ?  loss: 0.0452 (0.8566)  accuracy: 0.9688 (0.8541)  balanced_accuracy: 0.9186 (0.8257)  pr_auc: 1.0000 (0.9011)  roc_auc: 1.0000 (0.8845)  time: 0.1865  data: 0.0004  max mem: 3483
Passive Test:  [   620/?]  eta: ?  loss: 0.2507 (0.8527)  accuracy: 0.8750 (0.8544)  balanced_accuracy: 0.9762 (0.8271)  pr_auc: 1.0000 (0.9019)  roc_auc: 1.0000 (0.8854)  time: 0.1849  data: 0.0004  max mem: 3483
Passive Test:  [   630/?]  eta: ?  loss: 0.5774 (0.8494)  accuracy: 0.8438 (0.8545)  balanced_accuracy: 1.0000 (0.8287)  pr_auc: 1.0000 (0.9023)  roc_auc: 1.0000 (0.8866)  time: 0.1847  data: 0.0004  max mem: 3483
Passive Test:  [   640/?]  eta: ?  loss: 0.6252 (0.8427)  accuracy: 0.8438 (0.8548)  balanced_accuracy: 1.0000 (0.8301)  pr_auc: 1.0000 (0.9036)  roc_auc: 1.0000 (0.8881)  time: 0.2042  data: 0.0004  max mem: 3483
Passive Test:  [   650/?]  eta: ?  loss: 0.2149 (0.8322)  accuracy: 0.9062 (0.8562)  balanced_accuracy: 0.9767 (0.8324)  pr_auc: 1.0000 (0.9053)  roc_auc: 1.0000 (0.8901)  time: 0.2098  data: 0.0004  max mem: 3483
Passive Test:  [   660/?]  eta: ?  loss: 0.0429 (0.8249)  accuracy: 0.9844 (0.8576)  balanced_accuracy: 0.9884 (0.8351)  pr_auc: 1.0000 (0.9070)  roc_auc: 1.0000 (0.8921)  time: 0.1932  data: 0.0004  max mem: 3483
Passive Test:  [   670/?]  eta: ?  loss: 0.0429 (0.8267)  accuracy: 0.9844 (0.8573)  balanced_accuracy: 0.9884 (0.8355)  pr_auc: 1.0000 (0.9085)  roc_auc: 1.0000 (0.8939)  time: 0.1892  data: 0.0004  max mem: 3483
Passive Test:  [   680/?]  eta: ?  loss: 0.1607 (0.8365)  accuracy: 0.9219 (0.8574)  balanced_accuracy: 0.9884 (0.8367)  pr_auc: 1.0000 (0.9094)  roc_auc: 1.0000 (0.8949)  time: 0.2008  data: 0.0004  max mem: 3483
Passive Test:  [   690/?]  eta: ?  loss: 0.0390 (0.8383)  accuracy: 0.9688 (0.8583)  balanced_accuracy: 0.9884 (0.8388)  pr_auc: 1.0000 (0.9107)  roc_auc: 1.0000 (0.8965)  time: 0.2002  data: 0.0004  max mem: 3483
Passive Test:  [   700/?]  eta: ?  loss: 0.0259 (0.8467)  accuracy: 1.0000 (0.8588)  balanced_accuracy: 0.9884 (0.8414)  pr_auc: 1.0000 (0.9122)  roc_auc: 1.0000 (0.8982)  time: 0.1882  data: 0.0004  max mem: 3483
Passive Test:  [   710/?]  eta: ?  loss: 0.0270 (0.8451)  accuracy: 0.9844 (0.8598)  balanced_accuracy: 1.0000 (0.8442)  pr_auc: 1.0000 (0.9138)  roc_auc: 1.0000 (0.9001)  time: 0.1889  data: 0.0004  max mem: 3483
Passive Test:  [   720/?]  eta: ?  loss: 0.0538 (0.8477)  accuracy: 0.9844 (0.8595)  balanced_accuracy: 1.0000 (0.8452)  pr_auc: 1.0000 (0.9150)  roc_auc: 1.0000 (0.9015)  time: 0.1885  data: 0.0004  max mem: 3483
Passive Test:  [   730/?]  eta: ?  loss: 0.5603 (0.8482)  accuracy: 0.7969 (0.8591)  balanced_accuracy: 0.8929 (0.8451)  pr_auc: 1.0000 (0.9156)  roc_auc: 1.0000 (0.9030)  time: 0.1889  data: 0.0004  max mem: 3483
Passive Test:  [   740/?]  eta: ?  loss: 0.1429 (0.8462)  accuracy: 0.9062 (0.8594)  balanced_accuracy: 0.8372 (0.8455)  pr_auc: 1.0000 (0.9152)  roc_auc: 1.0000 (0.9039)  time: 0.1891  data: 0.0004  max mem: 3483
Passive Test:  [   750/?]  eta: ?  loss: 0.0017 (0.8429)  accuracy: 1.0000 (0.8599)  balanced_accuracy: 0.9318 (0.8459)  pr_auc: 1.0000 (0.9159)  roc_auc: 1.0000 (0.9056)  time: 0.1899  data: 0.0004  max mem: 3483
Passive Test:  [   760/?]  eta: ?  loss: 0.0224 (0.8414)  accuracy: 0.9062 (0.8599)  balanced_accuracy: 0.8837 (0.8463)  pr_auc: 1.0000 (0.9168)  roc_auc: 1.0000 (0.9072)  time: 0.1921  data: 0.0006  max mem: 3483
Passive Test:  [   770/?]  eta: ?  loss: 0.2766 (0.8379)  accuracy: 0.8594 (0.8601)  balanced_accuracy: 0.8953 (0.8475)  pr_auc: 1.0000 (0.9184)  roc_auc: 1.0000 (0.9090)  time: 0.2079  data: 0.0006  max mem: 3483
Passive Test:  [   780/?]  eta: ?  loss: 0.1013 (0.8344)  accuracy: 0.9531 (0.8604)  balanced_accuracy: 0.9286 (0.8485)  pr_auc: 1.0000 (0.9193)  roc_auc: 1.0000 (0.9105)  time: 0.2072  data: 0.0004  max mem: 3483
Passive Test:  [   790/?]  eta: ?  loss: 0.1714 (0.8355)  accuracy: 0.8594 (0.8599)  balanced_accuracy: 0.8095 (0.8477)  pr_auc: 1.0000 (0.9195)  roc_auc: 1.0000 (0.9114)  time: 0.1966  data: 0.0004  max mem: 3483
Passive Test:  [   800/?]  eta: ?  loss: 0.2256 (0.8329)  accuracy: 0.8594 (0.8603)  balanced_accuracy: 0.7907 (0.8480)  pr_auc: 0.9978 (0.9195)  roc_auc: 0.9994 (0.9123)  time: 0.2080  data: 0.0004  max mem: 3483
Passive Test:  [   810/?]  eta: ?  loss: 0.1328 (0.8288)  accuracy: 0.9531 (0.8607)  balanced_accuracy: 0.7907 (0.8485)  pr_auc: 0.9925 (0.9201)  roc_auc: 0.9957 (0.9134)  time: 0.2014  data: 0.0004  max mem: 3483
Passive Test:  [   820/?]  eta: ?  loss: 0.9044 (0.8327)  accuracy: 0.8125 (0.8599)  balanced_accuracy: 0.7901 (0.8477)  pr_auc: 0.9130 (0.9180)  roc_auc: 0.9643 (0.9131)  time: 0.1893  data: 0.0004  max mem: 3483
Passive Test:  [   830/?]  eta: ?  loss: 0.1980 (0.8253)  accuracy: 0.8438 (0.8609)  balanced_accuracy: 0.8128 (0.8490)  pr_auc: 0.9130 (0.9182)  roc_auc: 0.9643 (0.9139)  time: 0.1894  data: 0.0004  max mem: 3483
Passive Test:  [   840/?]  eta: ?  loss: 0.0360 (0.8189)  accuracy: 0.9688 (0.8617)  balanced_accuracy: 0.8488 (0.8496)  pr_auc: 0.8778 (0.9177)  roc_auc: 0.9458 (0.9143)  time: 0.1869  data: 0.0004  max mem: 3483
Passive Test:  [   850/?]  eta: ?  loss: 0.2754 (0.8202)  accuracy: 0.8906 (0.8615)  balanced_accuracy: 0.8344 (0.8491)  pr_auc: 0.8287 (0.9166)  roc_auc: 0.9252 (0.9141)  time: 0.1847  data: 0.0004  max mem: 3483
Passive Test:  [   860/?]  eta: ?  loss: 0.5854 (0.8222)  accuracy: 0.7969 (0.8614)  balanced_accuracy: 0.8488 (0.8491)  pr_auc: 0.8555 (0.9165)  roc_auc: 0.9458 (0.9143)  time: 0.1977  data: 0.0004  max mem: 3483
Passive Test:  [   870/?]  eta: ?  loss: 0.3007 (0.8201)  accuracy: 0.8125 (0.8614)  balanced_accuracy: 0.8488 (0.8491)  pr_auc: 0.9130 (0.9168)  roc_auc: 0.9767 (0.9148)  time: 0.1978  data: 0.0004  max mem: 3483
Passive Test:  [   880/?]  eta: ?  loss: 0.1915 (0.8183)  accuracy: 0.8906 (0.8611)  balanced_accuracy: 0.8488 (0.8491)  pr_auc: 0.9130 (0.9169)  roc_auc: 0.9767 (0.9149)  time: 0.1833  data: 0.0004  max mem: 3483
Passive Test:  [   890/?]  eta: ?  loss: 0.4969 (0.8285)  accuracy: 0.8281 (0.8605)  balanced_accuracy: 0.8344 (0.8486)  pr_auc: 0.8778 (0.9148)  roc_auc: 0.9458 (0.9142)  time: 0.1830  data: 0.0004  max mem: 3483
Passive Test:  [   900/?]  eta: ?  loss: 0.7016 (0.8356)  accuracy: 0.7969 (0.8597)  balanced_accuracy: 0.8140 (0.8484)  pr_auc: 0.8287 (0.9132)  roc_auc: 0.9225 (0.9137)  time: 0.1841  data: 0.0004  max mem: 3483
Passive Test:  [   910/?]  eta: ?  loss: 0.4260 (0.8411)  accuracy: 0.8281 (0.8596)  balanced_accuracy: 0.7907 (0.8479)  pr_auc: 0.7000 (0.9105)  roc_auc: 0.8953 (0.9129)  time: 0.1864  data: 0.0004  max mem: 3483
Passive Test:  [   920/?]  eta: ?  loss: 0.0515 (0.8417)  accuracy: 0.9688 (0.8600)  balanced_accuracy: 0.8452 (0.8487)  pr_auc: 0.8887 (0.9110)  roc_auc: 0.9618 (0.9135)  time: 0.1869  data: 0.0004  max mem: 3483
Passive Test:  [   930/?]  eta: ?  loss: 0.0445 (0.8455)  accuracy: 0.9688 (0.8603)  balanced_accuracy: 0.8934 (0.8500)  pr_auc: 0.9435 (0.9103)  roc_auc: 0.9854 (0.9141)  time: 0.1868  data: 0.0004  max mem: 3483
Passive Test:  [   940/?]  eta: ?  loss: 0.0222 (0.8369)  accuracy: 0.9844 (0.8617)  balanced_accuracy: 0.9767 (0.8517)  pr_auc: 1.0000 (0.9114)  roc_auc: 1.0000 (0.9152)  time: 0.1887  data: 0.0004  max mem: 3483
Passive Test:  [   950/?]  eta: ?  loss: 0.0148 (0.8308)  accuracy: 1.0000 (0.8626)  balanced_accuracy: 1.0000 (0.8531)  pr_auc: 1.0000 (0.9107)  roc_auc: 1.0000 (0.9154)  time: 0.2199  data: 0.0004  max mem: 3483
Passive Test:  [   960/?]  eta: ?  loss: 0.0464 (0.8291)  accuracy: 0.9688 (0.8627)  balanced_accuracy: 0.9651 (0.8526)  pr_auc: 1.0000 (0.9072)  roc_auc: 1.0000 (0.9143)  time: 0.2214  data: 0.0004  max mem: 3483
Passive Test:  [   970/?]  eta: ?  loss: 0.2218 (0.8237)  accuracy: 0.8594 (0.8631)  balanced_accuracy: 0.8452 (0.8533)  pr_auc: 0.9736 (0.9068)  roc_auc: 0.9679 (0.9148)  time: 0.1928  data: 0.0004  max mem: 3483
Passive Test:  [   980/?]  eta: ?  loss: 0.2218 (0.8194)  accuracy: 0.8750 (0.8634)  balanced_accuracy: 0.8721 (0.8533)  pr_auc: 0.9826 (0.9080)  roc_auc: 0.9735 (0.9157)  time: 0.1930  data: 0.0004  max mem: 3483
Passive Test:  [   990/?]  eta: ?  loss: 0.2205 (0.8147)  accuracy: 0.9375 (0.8639)  balanced_accuracy: 0.9333 (0.8539)  pr_auc: 0.9828 (0.9091)  roc_auc: 0.9790 (0.9166)  time: 0.1927  data: 0.0004  max mem: 3483
Passive Test:  [  1000/?]  eta: ?  loss: 0.3949 (0.8136)  accuracy: 0.9062 (0.8635)  balanced_accuracy: 0.8931 (0.8536)  pr_auc: 0.9839 (0.9099)  roc_auc: 0.9764 (0.9173)  time: 0.1934  data: 0.0004  max mem: 3483
Passive Test:  [  1010/?]  eta: ?  loss: 0.4598 (0.8104)  accuracy: 0.8125 (0.8635)  balanced_accuracy: 0.8361 (0.8538)  pr_auc: 0.9893 (0.9110)  roc_auc: 0.9773 (0.9184)  time: 0.1934  data: 0.0004  max mem: 3483
Passive Test:  [  1020/?]  eta: ?  loss: 0.3164 (0.8054)  accuracy: 0.8906 (0.8640)  balanced_accuracy: 0.9048 (0.8548)  pr_auc: 0.9995 (0.9122)  roc_auc: 0.9989 (0.9195)  time: 0.1929  data: 0.0004  max mem: 3483
Passive Test:  [  1030/?]  eta: ?  loss: 0.1888 (0.7994)  accuracy: 0.9219 (0.8648)  balanced_accuracy: 0.9181 (0.8559)  pr_auc: 0.9901 (0.9130)  roc_auc: 0.9889 (0.9202)  time: 0.1918  data: 0.0004  max mem: 3483
Passive Test:  [  1040/?]  eta: ?  loss: 0.1771 (0.7943)  accuracy: 0.9531 (0.8653)  balanced_accuracy: 0.9405 (0.8561)  pr_auc: 0.9785 (0.9136)  roc_auc: 0.9779 (0.9205)  time: 0.2063  data: 0.0004  max mem: 3483
Passive Test:  [  1050/?]  eta: ?  loss: 0.1771 (0.7902)  accuracy: 0.9219 (0.8654)  balanced_accuracy: 0.8583 (0.8555)  pr_auc: 0.9651 (0.9126)  roc_auc: 0.9668 (0.9202)  time: 0.2058  data: 0.0004  max mem: 3483
Passive Test:  [  1060/?]  eta: ?  loss: 0.4918 (0.7914)  accuracy: 0.8594 (0.8646)  balanced_accuracy: 0.7857 (0.8542)  pr_auc: 0.9103 (0.9102)  roc_auc: 0.8950 (0.9183)  time: 0.1900  data: 0.0004  max mem: 3483
Passive Test:  [  1070/?]  eta: ?  loss: 0.8111 (0.7943)  accuracy: 0.8125 (0.8637)  balanced_accuracy: 0.7229 (0.8532)  pr_auc: 0.7495 (0.9082)  roc_auc: 0.8350 (0.9172)  time: 0.1899  data: 0.0004  max mem: 3483
Passive Test:  [  1080/?]  eta: ?  loss: 0.4424 (0.7916)  accuracy: 0.8438 (0.8638)  balanced_accuracy: 0.7907 (0.8532)  pr_auc: 0.8152 (0.9078)  roc_auc: 0.8998 (0.9175)  time: 0.1902  data: 0.0004  max mem: 3483
Passive Test:  [  1090/?]  eta: ?  loss: 0.3244 (0.7879)  accuracy: 0.8594 (0.8639)  balanced_accuracy: 0.8239 (0.8530)  pr_auc: 0.8482 (0.9074)  roc_auc: 0.9258 (0.9178)  time: 0.1901  data: 0.0004  max mem: 3483
Passive Test:  [  1100/?]  eta: ?  loss: 0.4589 (0.7861)  accuracy: 0.8125 (0.8637)  balanced_accuracy: 0.8367 (0.8529)  pr_auc: 0.8936 (0.9077)  roc_auc: 0.9643 (0.9183)  time: 0.1978  data: 0.0004  max mem: 3483
Passive Test:  [  1110/?]  eta: ?  loss: 0.3558 (0.7869)  accuracy: 0.8906 (0.8638)  balanced_accuracy: 0.8171 (0.8530)  pr_auc: 0.9785 (0.9069)  roc_auc: 0.9643 (0.9185)  time: 0.2075  data: 0.0004  max mem: 3483
Passive Test:  [  1120/?]  eta: ?  loss: 0.0726 (0.7905)  accuracy: 0.9219 (0.8635)  balanced_accuracy: 0.8171 (0.8527)  pr_auc: 0.9817 (0.9062)  roc_auc: 0.9670 (0.9186)  time: 0.2008  data: 0.0004  max mem: 3483
Passive Test:  [  1130/?]  eta: ?  loss: 0.2935 (0.7910)  accuracy: 0.7969 (0.8634)  balanced_accuracy: 0.7442 (0.8524)  pr_auc: 0.9901 (0.9058)  roc_auc: 0.9756 (0.9187)  time: 0.2074  data: 0.0004  max mem: 3483
Passive Test:  [  1140/?]  eta: ?  loss: 0.2935 (0.7914)  accuracy: 0.8125 (0.8633)  balanced_accuracy: 0.7674 (0.8525)  pr_auc: 0.9876 (0.9053)  roc_auc: 0.9675 (0.9189)  time: 0.2073  data: 0.0004  max mem: 3483
Passive Test:  [  1150/?]  eta: ?  loss: 0.0771 (0.7892)  accuracy: 0.9688 (0.8638)  balanced_accuracy: 0.9643 (0.8536)  pr_auc: 0.9994 (0.9053)  roc_auc: 0.9989 (0.9193)  time: 0.1923  data: 0.0004  max mem: 3483
Passive Test:  [  1160/?]  eta: ?  loss: 0.0770 (0.7850)  accuracy: 0.9688 (0.8643)  balanced_accuracy: 0.9654 (0.8546)  pr_auc: 1.0000 (0.9060)  roc_auc: 1.0000 (0.9201)  time: 0.1924  data: 0.0004  max mem: 3483
Passive Test:  [  1170/?]  eta: ?  loss: 0.1181 (0.7798)  accuracy: 0.9688 (0.8651)  balanced_accuracy: 0.9651 (0.8560)  pr_auc: 1.0000 (0.9072)  roc_auc: 1.0000 (0.9211)  time: 0.1926  data: 0.0004  max mem: 3483
Passive Test:  [  1180/?]  eta: ?  loss: 0.0442 (0.7740)  accuracy: 0.9844 (0.8660)  balanced_accuracy: 0.9881 (0.8575)  pr_auc: 1.0000 (0.9083)  roc_auc: 1.0000 (0.9221)  time: 0.1927  data: 0.0004  max mem: 3483
Passive Test:  [  1190/?]  eta: ?  loss: 0.0190 (0.7690)  accuracy: 0.9844 (0.8667)  balanced_accuracy: 0.9773 (0.8587)  pr_auc: 1.0000 (0.9094)  roc_auc: 1.0000 (0.9230)  time: 0.1930  data: 0.0004  max mem: 3483
Passive Test:  [  1200/?]  eta: ?  loss: 0.0190 (0.7659)  accuracy: 0.9844 (0.8670)  balanced_accuracy: 0.9773 (0.8598)  pr_auc: 1.0000 (0.9102)  roc_auc: 1.0000 (0.9236)  time: 0.1925  data: 0.0004  max mem: 3483
Passive Test:  [  1210/?]  eta: ?  loss: 0.0101 (0.7617)  accuracy: 1.0000 (0.8675)  balanced_accuracy: 1.0000 (0.8610)  pr_auc: 1.0000 (0.9109)  roc_auc: 1.0000 (0.9242)  time: 0.1902  data: 0.0004  max mem: 3483
Passive Test:  [  1220/?]  eta: ?  loss: 0.0081 (0.7558)  accuracy: 1.0000 (0.8685)  balanced_accuracy: 1.0000 (0.8622)  pr_auc: 1.0000 (0.9118)  roc_auc: 1.0000 (0.9250)  time: 0.2051  data: 0.0004  max mem: 3483
Passive Test:  [  1230/?]  eta: ?  loss: 0.0103 (0.7499)  accuracy: 0.9844 (0.8695)  balanced_accuracy: 1.0000 (0.8633)  pr_auc: 1.0000 (0.9126)  roc_auc: 1.0000 (0.9256)  time: 0.2054  data: 0.0004  max mem: 3483
Passive Test:  [  1240/?]  eta: ?  loss: 0.0344 (0.7451)  accuracy: 0.9844 (0.8701)  balanced_accuracy: 1.0000 (0.8643)  pr_auc: 1.0000 (0.9134)  roc_auc: 1.0000 (0.9263)  time: 0.1892  data: 0.0004  max mem: 3483
Passive Test:  [  1250/?]  eta: ?  loss: 0.1281 (0.7427)  accuracy: 0.9375 (0.8701)  balanced_accuracy: 0.9762 (0.8650)  pr_auc: 1.0000 (0.9142)  roc_auc: 1.0000 (0.9270)  time: 0.1916  data: 0.0004  max mem: 3483
Passive Test:  [  1260/?]  eta: ?  loss: 0.3572 (0.7403)  accuracy: 0.8906 (0.8703)  balanced_accuracy: 0.9286 (0.8656)  pr_auc: 1.0000 (0.9151)  roc_auc: 1.0000 (0.9278)  time: 0.2049  data: 0.0004  max mem: 3483
Passive Test:  [  1270/?]  eta: ?  loss: 0.3964 (0.7378)  accuracy: 0.8594 (0.8703)  balanced_accuracy: 0.8953 (0.8661)  pr_auc: 1.0000 (0.9161)  roc_auc: 1.0000 (0.9287)  time: 0.2040  data: 0.0004  max mem: 3483
Passive Test:  [  1280/?]  eta: ?  loss: 0.3964 (0.7366)  accuracy: 0.8594 (0.8702)  balanced_accuracy: 0.8953 (0.8664)  pr_auc: 1.0000 (0.9170)  roc_auc: 1.0000 (0.9294)  time: 0.1923  data: 0.0004  max mem: 3483
Passive Test:  [  1290/?]  eta: ?  loss: 0.2578 (0.7359)  accuracy: 0.8750 (0.8703)  balanced_accuracy: 0.8953 (0.8664)  pr_auc: 1.0000 (0.9175)  roc_auc: 1.0000 (0.9297)  time: 0.1900  data: 0.0004  max mem: 3483
Passive Test:  [  1300/?]  eta: ?  loss: 0.1456 (0.7346)  accuracy: 0.9688 (0.8704)  balanced_accuracy: 0.8690 (0.8664)  pr_auc: 1.0000 (0.9179)  roc_auc: 1.0000 (0.9299)  time: 0.1866  data: 0.0004  max mem: 3483
Passive Test:  [  1310/?]  eta: ?  loss: 0.0634 (0.7333)  accuracy: 0.9531 (0.8706)  balanced_accuracy: 0.8571 (0.8664)  pr_auc: 0.9957 (0.9183)  roc_auc: 0.9911 (0.9302)  time: 0.2008  data: 0.0004  max mem: 3483
Passive Test:  [  1320/?]  eta: ?  loss: 0.0003 (0.7306)  accuracy: 1.0000 (0.8709)  balanced_accuracy: 0.8372 (0.8665)  pr_auc: 1.0000 (0.9187)  roc_auc: 1.0000 (0.9305)  time: 0.2019  data: 0.0004  max mem: 3483
Passive Test:  [  1330/?]  eta: ?  loss: 0.0002 (0.7259)  accuracy: 1.0000 (0.8716)  balanced_accuracy: 0.8721 (0.8669)  pr_auc: 1.0000 (0.9192)  roc_auc: 1.0000 (0.9309)  time: 0.1870  data: 0.0004  max mem: 3483
Passive Test:  [  1340/?]  eta: ?  loss: 0.0003 (0.7209)  accuracy: 1.0000 (0.8724)  balanced_accuracy: 0.9796 (0.8675)  pr_auc: 1.0000 (0.9196)  roc_auc: 1.0000 (0.9312)  time: 0.1860  data: 0.0004  max mem: 3483
Passive Test:  [  1350/?]  eta: ?  loss: 0.0489 (0.7165)  accuracy: 0.9688 (0.8731)  balanced_accuracy: 0.9767 (0.8679)  pr_auc: 1.0000 (0.9198)  roc_auc: 1.0000 (0.9315)  time: 0.1851  data: 0.0004  max mem: 3483
Passive Test:  [  1360/?]  eta: ?  loss: 0.0717 (0.7157)  accuracy: 0.9688 (0.8732)  balanced_accuracy: 0.9419 (0.8675)  pr_auc: 1.0000 (0.9192)  roc_auc: 1.0000 (0.9313)  time: 0.1846  data: 0.0004  max mem: 3483
Passive Test:  [  1370/?]  eta: ?  loss: 0.0663 (0.7124)  accuracy: 0.9375 (0.8736)  balanced_accuracy: 0.9405 (0.8678)  pr_auc: 1.0000 (0.9196)  roc_auc: 1.0000 (0.9316)  time: 0.1865  data: 0.0004  max mem: 3483
Passive Test:  [  1380/?]  eta: ?  loss: 0.0967 (0.7081)  accuracy: 0.9375 (0.8742)  balanced_accuracy: 0.9405 (0.8680)  pr_auc: 1.0000 (0.9197)  roc_auc: 1.0000 (0.9318)  time: 0.1870  data: 0.0004  max mem: 3483
Passive Test:  [  1390/?]  eta: ?  loss: 0.0967 (0.7039)  accuracy: 0.9375 (0.8747)  balanced_accuracy: 0.9064 (0.8681)  pr_auc: 0.9924 (0.9199)  roc_auc: 0.9973 (0.9319)  time: 0.1846  data: 0.0004  max mem: 3483
Passive Test:  [  1400/?]  eta: ?  loss: 0.0656 (0.7007)  accuracy: 0.9844 (0.8749)  balanced_accuracy: 0.9048 (0.8679)  pr_auc: 0.9872 (0.9195)  roc_auc: 0.9922 (0.9318)  time: 0.1985  data: 0.0004  max mem: 3483
Passive Test:  [  1410/?]  eta: ?  loss: 0.0668 (0.6990)  accuracy: 0.9844 (0.8747)  balanced_accuracy: 0.9059 (0.8681)  pr_auc: 0.9491 (0.9186)  roc_auc: 0.9657 (0.9315)  time: 0.2100  data: 0.0004  max mem: 3483
Passive Test:  [  1420/?]  eta: ?  loss: 0.0668 (0.7014)  accuracy: 0.8594 (0.8738)  balanced_accuracy: 0.9048 (0.8673)  pr_auc: 0.9450 (0.9175)  roc_auc: 0.9535 (0.9307)  time: 0.1957  data: 0.0004  max mem: 3483
Passive Test:  [  1430/?]  eta: ?  loss: 0.0780 (0.7019)  accuracy: 0.8125 (0.8731)  balanced_accuracy: 0.8832 (0.8666)  pr_auc: 0.8673 (0.9165)  roc_auc: 0.9410 (0.9302)  time: 0.1860  data: 0.0004  max mem: 3483
Passive Test:  [  1440/?]  eta: ?  loss: 0.0780 (0.6991)  accuracy: 0.8125 (0.8729)  balanced_accuracy: 0.8463 (0.8667)  pr_auc: 0.8673 (0.9165)  roc_auc: 0.9410 (0.9303)  time: 0.1869  data: 0.0004  max mem: 3483
Passive Test:  [  1450/?]  eta: ?  loss: 0.4569 (0.6981)  accuracy: 0.7812 (0.8723)  balanced_accuracy: 0.7890 (0.8658)  pr_auc: 1.0000 (0.9159)  roc_auc: 1.0000 (0.9303)  time: 0.1888  data: 0.0004  max mem: 3483
Passive Test:  [  1460/?]  eta: ?  loss: 0.5208 (0.6977)  accuracy: 0.7656 (0.8713)  balanced_accuracy: 0.6905 (0.8645)  pr_auc: 1.0000 (0.9164)  roc_auc: 1.0000 (0.9306)  time: 0.1916  data: 0.0004  max mem: 3483
Passive Test:  [  1470/?]  eta: ?  loss: 0.7908 (0.6984)  accuracy: 0.7500 (0.8703)  balanced_accuracy: 0.7694 (0.8631)  pr_auc: 0.9924 (0.9161)  roc_auc: 0.9827 (0.9306)  time: 0.1927  data: 0.0004  max mem: 3483
Passive Test:  [  1480/?]  eta: ?  loss: 0.8142 (0.7030)  accuracy: 0.6875 (0.8689)  balanced_accuracy: 0.6937 (0.8609)  pr_auc: 0.9675 (0.9150)  roc_auc: 0.9480 (0.9291)  time: 0.1925  data: 0.0004  max mem: 3483
Passive Test:  [  1490/?]  eta: ?  loss: 0.7192 (0.7063)  accuracy: 0.7031 (0.8677)  balanced_accuracy: 0.6678 (0.8595)  pr_auc: 0.9675 (0.9152)  roc_auc: 0.9276 (0.9286)  time: 0.2068  data: 0.0004  max mem: 3483
Passive Test:  [  1500/?]  eta: ?  loss: 0.5289 (0.7055)  accuracy: 0.7500 (0.8670)  balanced_accuracy: 0.7273 (0.8586)  pr_auc: 0.9778 (0.9154)  roc_auc: 0.9565 (0.9288)  time: 0.2068  data: 0.0004  max mem: 3483
Passive Test:  [  1510/?]  eta: ?  loss: 0.3509 (0.7035)  accuracy: 0.7969 (0.8670)  balanced_accuracy: 0.8217 (0.8587)  pr_auc: 0.9883 (0.9158)  roc_auc: 0.9773 (0.9292)  time: 0.1922  data: 0.0004  max mem: 3483
Passive Test:  [  1520/?]  eta: ?  loss: 0.2415 (0.7012)  accuracy: 0.9062 (0.8671)  balanced_accuracy: 0.8815 (0.8591)  pr_auc: 1.0000 (0.9166)  roc_auc: 1.0000 (0.9298)  time: 0.1926  data: 0.0004  max mem: 3483
Passive Test:  [  1530/?]  eta: ?  loss: 0.2491 (0.6993)  accuracy: 0.9062 (0.8669)  balanced_accuracy: 0.8721 (0.8587)  pr_auc: 1.0000 (0.9171)  roc_auc: 1.0000 (0.9302)  time: 0.1904  data: 0.0004  max mem: 3483
Passive Test:  [  1540/?]  eta: ?  loss: 0.2640 (0.6988)  accuracy: 0.8594 (0.8667)  balanced_accuracy: 0.8023 (0.8582)  pr_auc: 1.0000 (0.9175)  roc_auc: 1.0000 (0.9305)  time: 0.1891  data: 0.0004  max mem: 3483
Passive Test:  [  1550/?]  eta: ?  loss: 0.2089 (0.6973)  accuracy: 0.8750 (0.8670)  balanced_accuracy: 0.7857 (0.8581)  pr_auc: 1.0000 (0.9172)  roc_auc: 1.0000 (0.9302)  time: 0.1894  data: 0.0004  max mem: 3483
Passive Test:  [  1560/?]  eta: ?  loss: 0.1475 (0.6965)  accuracy: 0.9531 (0.8672)  balanced_accuracy: 0.8636 (0.8579)  pr_auc: 1.0000 (0.9166)  roc_auc: 1.0000 (0.9299)  time: 0.1964  data: 0.0004  max mem: 3483
Passive Test:  [  1570/?]  eta: ?  loss: 0.0760 (0.6923)  accuracy: 0.9844 (0.8679)  balanced_accuracy: 0.9651 (0.8583)  pr_auc: 1.0000 (0.9169)  roc_auc: 1.0000 (0.9302)  time: 0.1980  data: 0.0004  max mem: 3483
Passive Test:  [  1580/?]  eta: ?  loss: 0.0026 (0.6879)  accuracy: 1.0000 (0.8688)  balanced_accuracy: 0.9694 (0.8590)  pr_auc: 1.0000 (0.9173)  roc_auc: 1.0000 (0.9305)  time: 0.2050  data: 0.0004  max mem: 3483
Passive Test:  [  1590/?]  eta: ?  loss: 0.0003 (0.6837)  accuracy: 1.0000 (0.8695)  balanced_accuracy: 1.0000 (0.8596)  pr_auc: 1.0000 (0.9177)  roc_auc: 1.0000 (0.9308)  time: 0.2028  data: 0.0004  max mem: 3483
Passive Test:  [  1600/?]  eta: ?  loss: 0.0007 (0.6795)  accuracy: 1.0000 (0.8703)  balanced_accuracy: 1.0000 (0.8602)  pr_auc: 1.0000 (0.9181)  roc_auc: 1.0000 (0.9311)  time: 0.1866  data: 0.0004  max mem: 3483
Passive Test:  [  1610/?]  eta: ?  loss: 0.0045 (0.6757)  accuracy: 1.0000 (0.8709)  balanced_accuracy: 1.0000 (0.8607)  pr_auc: 1.0000 (0.9184)  roc_auc: 1.0000 (0.9314)  time: 0.1862  data: 0.0004  max mem: 3483
Passive Test:  [  1620/?]  eta: ?  loss: 0.0695 (0.6735)  accuracy: 0.9688 (0.8712)  balanced_accuracy: 1.0000 (0.8609)  pr_auc: 1.0000 (0.9189)  roc_auc: 1.0000 (0.9318)  time: 0.1881  data: 0.0004  max mem: 3483
Passive Test:  [  1630/?]  eta: ?  loss: 0.2180 (0.6715)  accuracy: 0.9062 (0.8714)  balanced_accuracy: 1.0000 (0.8612)  pr_auc: 1.0000 (0.9191)  roc_auc: 1.0000 (0.9320)  time: 0.1870  data: 0.0004  max mem: 3483
Passive Test:  [  1640/?]  eta: ?  loss: 0.3447 (0.6700)  accuracy: 0.8906 (0.8715)  balanced_accuracy: 1.0000 (0.8613)  pr_auc: 1.0000 (0.9193)  roc_auc: 1.0000 (0.9321)  time: 0.1843  data: 0.0004  max mem: 3483
Passive Test:  [  1650/?]  eta: ?  loss: 0.1623 (0.6670)  accuracy: 0.9219 (0.8719)  balanced_accuracy: 0.9531 (0.8614)  pr_auc: 1.0000 (0.9191)  roc_auc: 1.0000 (0.9322)  time: 0.1839  data: 0.0004  max mem: 3483
Passive Test:  [  1660/?]  eta: ?  loss: 0.0416 (0.6661)  accuracy: 0.9375 (0.8721)  balanced_accuracy: 0.9286 (0.8611)  pr_auc: 1.0000 (0.9192)  roc_auc: 1.0000 (0.9322)  time: 0.1836  data: 0.0004  max mem: 3483
Passive Test:  [  1670/?]  eta: ?  loss: 0.3191 (0.6681)  accuracy: 0.8906 (0.8716)  balanced_accuracy: 0.8906 (0.8602)  pr_auc: 0.9972 (0.9190)  roc_auc: 0.9971 (0.9320)  time: 0.2002  data: 0.0004  max mem: 3483
Passive Test:  [  1680/?]  eta: ?  loss: 0.1694 (0.6665)  accuracy: 0.9062 (0.8718)  balanced_accuracy: 0.8438 (0.8597)  pr_auc: 0.9970 (0.9187)  roc_auc: 0.9961 (0.9316)  time: 0.2001  data: 0.0003  max mem: 3483
Passive Test:  [  1690/?]  eta: ?  loss: 0.0049 (0.6640)  accuracy: 1.0000 (0.8721)  balanced_accuracy: 0.8333 (0.8596)  pr_auc: 0.9130 (0.9187)  roc_auc: 0.9540 (0.9315)  time: 0.1850  data: 0.0004  max mem: 3483
Passive Test:  [  1700/?]  eta: ?  loss: 0.0017 (0.6620)  accuracy: 0.9844 (0.8722)  balanced_accuracy: 0.6875 (0.8593)  pr_auc: 0.8805 (0.9182)  roc_auc: 0.9033 (0.9309)  time: 0.1869  data: 0.0004  max mem: 3483
Passive Test:  [  1710/?]  eta: ?  loss: 0.0012 (0.6612)  accuracy: 1.0000 (0.8721)  balanced_accuracy: 0.6719 (0.8587)  pr_auc: 0.8652 (0.9178)  roc_auc: 0.8560 (0.9305)  time: 0.1876  data: 0.0004  max mem: 3483
Passive Test:  [  1720/?]  eta: ?  loss: 0.0065 (0.6594)  accuracy: 1.0000 (0.8725)  balanced_accuracy: 0.8594 (0.8588)  pr_auc: 0.9345 (0.9178)  roc_auc: 0.9219 (0.9304)  time: 0.1940  data: 0.0004  max mem: 3483
Passive Test:  [  1730/?]  eta: ?  loss: 0.0498 (0.6579)  accuracy: 0.9531 (0.8725)  balanced_accuracy: 0.8438 (0.8588)  pr_auc: 0.9927 (0.9180)  roc_auc: 0.9713 (0.9306)  time: 0.1938  data: 0.0003  max mem: 3483
Passive Test:  [  1740/?]  eta: ?  loss: 0.0476 (0.6547)  accuracy: 0.9688 (0.8730)  balanced_accuracy: 0.9219 (0.8592)  pr_auc: 1.0000 (0.9182)  roc_auc: 1.0000 (0.9308)  time: 0.1866  data: 0.0004  max mem: 3483
Passive Test:  [  1750/?]  eta: ?  loss: 0.0028 (0.6512)  accuracy: 1.0000 (0.8736)  balanced_accuracy: 0.9706 (0.8595)  pr_auc: 1.0000 (0.9184)  roc_auc: 1.0000 (0.9309)  time: 0.1853  data: 0.0004  max mem: 3483
Passive Test:  [  1760/?]  eta: ?  loss: 0.0006 (0.6481)  accuracy: 1.0000 (0.8742)  balanced_accuracy: 0.9706 (0.8597)  pr_auc: 1.0000 (0.9186)  roc_auc: 1.0000 (0.9311)  time: 0.1995  data: 0.0004  max mem: 3483
Passive Test:  [  1770/?]  eta: ?  loss: 0.0012 (0.6496)  accuracy: 1.0000 (0.8742)  balanced_accuracy: 0.9623 (0.8594)  pr_auc: 1.0000 (0.9181)  roc_auc: 1.0000 (0.9308)  time: 0.2018  data: 0.0004  max mem: 3483
Passive Test:  [  1780/?]  eta: ?  loss: 0.0097 (0.6499)  accuracy: 1.0000 (0.8743)  balanced_accuracy: 0.9706 (0.8591)  pr_auc: 1.0000 (0.9180)  roc_auc: 1.0000 (0.9307)  time: 0.1883  data: 0.0004  max mem: 3483
Passive Test:  [  1790/?]  eta: ?  loss: 0.0671 (0.6484)  accuracy: 0.9688 (0.8744)  balanced_accuracy: 0.9623 (0.8589)  pr_auc: 1.0000 (0.9182)  roc_auc: 1.0000 (0.9309)  time: 0.1877  data: 0.0004  max mem: 3483
Passive Test:  [  1800/?]  eta: ?  loss: 0.0851 (0.6475)  accuracy: 0.9688 (0.8745)  balanced_accuracy: 0.7969 (0.8587)  pr_auc: 1.0000 (0.9182)  roc_auc: 1.0000 (0.9309)  time: 0.1876  data: 0.0004  max mem: 3483
Passive Test:  [  1810/?]  eta: ?  loss: 0.0215 (0.6508)  accuracy: 0.9844 (0.8744)  balanced_accuracy: 0.9688 (0.8584)  pr_auc: 1.0000 (0.9179)  roc_auc: 1.0000 (0.9306)  time: 0.1890  data: 0.0004  max mem: 3483
Passive Test:  [  1820/?]  eta: ?  loss: 0.0086 (0.6487)  accuracy: 1.0000 (0.8748)  balanced_accuracy: 0.9688 (0.8588)  pr_auc: 1.0000 (0.9182)  roc_auc: 1.0000 (0.9309)  time: 0.1904  data: 0.0004  max mem: 3483
Passive Test:  [  1830/?]  eta: ?  loss: 0.1114 (0.6488)  accuracy: 0.9375 (0.8748)  balanced_accuracy: 0.9688 (0.8590)  pr_auc: 1.0000 (0.9181)  roc_auc: 1.0000 (0.9311)  time: 0.1883  data: 0.0004  max mem: 3483
Passive Test:  [  1840/?]  eta: ?  loss: 0.2542 (0.6491)  accuracy: 0.8750 (0.8746)  balanced_accuracy: 0.9219 (0.8590)  pr_auc: 1.0000 (0.9185)  roc_auc: 1.0000 (0.9315)  time: 0.1876  data: 0.0004  max mem: 3483
Passive Test:  [  1850/?]  eta: ?  loss: 0.4080 (0.6488)  accuracy: 0.8281 (0.8744)  balanced_accuracy: 0.9375 (0.8595)  pr_auc: 1.0000 (0.9188)  roc_auc: 1.0000 (0.9317)  time: 0.2022  data: 0.0004  max mem: 3483
Passive Test:  [  1860/?]  eta: ?  loss: 0.8635 (0.6540)  accuracy: 0.7500 (0.8738)  balanced_accuracy: 0.9219 (0.8596)  pr_auc: 1.0000 (0.9185)  roc_auc: 1.0000 (0.9316)  time: 0.2019  data: 0.0004  max mem: 3483
Passive Test:  [  1870/?]  eta: ?  loss: 0.8635 (0.6576)  accuracy: 0.7344 (0.8734)  balanced_accuracy: 0.9625 (0.8598)  pr_auc: 1.0000 (0.9187)  roc_auc: 1.0000 (0.9317)  time: 0.1872  data: 0.0004  max mem: 3483
Passive Test:  [  1880/?]  eta: ?  loss: 0.2177 (0.6631)  accuracy: 0.7969 (0.8729)  balanced_accuracy: 1.0000 (0.8602)  pr_auc: 1.0000 (0.9189)  roc_auc: 1.0000 (0.9318)  time: 0.2033  data: 0.0004  max mem: 3483
Passive Test:  [  1890/?]  eta: ?  loss: 0.4829 (0.6684)  accuracy: 0.7969 (0.8723)  balanced_accuracy: 1.0000 (0.8598)  pr_auc: 1.0000 (0.9190)  roc_auc: 1.0000 (0.9318)  time: 0.2038  data: 0.0004  max mem: 3483
Passive Test:  [  1900/?]  eta: ?  loss: 0.4925 (0.6760)  accuracy: 0.7344 (0.8717)  balanced_accuracy: 0.9844 (0.8599)  pr_auc: 1.0000 (0.9192)  roc_auc: 1.0000 (0.9320)  time: 0.1879  data: 0.0004  max mem: 3483
Passive Test:  [  1910/?]  eta: ?  loss: 0.7123 (0.6821)  accuracy: 0.7344 (0.8712)  balanced_accuracy: 0.9375 (0.8596)  pr_auc: 1.0000 (0.9191)  roc_auc: 1.0000 (0.9321)  time: 0.1870  data: 0.0004  max mem: 3483
Passive Test:  [  1920/?]  eta: ?  loss: 0.4038 (0.6826)  accuracy: 0.8281 (0.8710)  balanced_accuracy: 0.8281 (0.8595)  pr_auc: 0.9834 (0.9194)  roc_auc: 0.9945 (0.9323)  time: 0.1885  data: 0.0004  max mem: 3483
Passive Test:  [  1930/?]  eta: ?  loss: 0.4038 (0.6816)  accuracy: 0.8281 (0.8708)  balanced_accuracy: 0.8281 (0.8592)  pr_auc: 0.9962 (0.9198)  roc_auc: 0.9961 (0.9327)  time: 0.1911  data: 0.0004  max mem: 3483
Passive Test:  [  1940/?]  eta: ?  loss: 0.5715 (0.6816)  accuracy: 0.7969 (0.8705)  balanced_accuracy: 0.8175 (0.8589)  pr_auc: 0.9946 (0.9196)  roc_auc: 0.9945 (0.9328)  time: 0.2057  data: 0.0004  max mem: 3483
Passive Test:  [  1950/?]  eta: ?  loss: 0.3080 (0.6814)  accuracy: 0.8750 (0.8702)  balanced_accuracy: 0.8175 (0.8585)  pr_auc: 0.9973 (0.9196)  roc_auc: 0.9971 (0.9329)  time: 0.2059  data: 0.0004  max mem: 3483
Passive Test:  [  1960/?]  eta: ?  loss: 0.1875 (0.6815)  accuracy: 0.8594 (0.8699)  balanced_accuracy: 0.8125 (0.8582)  pr_auc: 1.0000 (0.9200)  roc_auc: 1.0000 (0.9332)  time: 0.1904  data: 0.0004  max mem: 3483
Passive Test:  [  1970/?]  eta: ?  loss: 0.5277 (0.6820)  accuracy: 0.7969 (0.8696)  balanced_accuracy: 0.9375 (0.8587)  pr_auc: 1.0000 (0.9204)  roc_auc: 1.0000 (0.9335)  time: 0.1893  data: 0.0004  max mem: 3483
Passive Test:  [  1980/?]  eta: ?  loss: 0.2736 (0.6810)  accuracy: 0.8594 (0.8696)  balanced_accuracy: 0.9531 (0.8591)  pr_auc: 1.0000 (0.9207)  roc_auc: 1.0000 (0.9338)  time: 0.1887  data: 0.0004  max mem: 3483
Passive Test:  [  1990/?]  eta: ?  loss: 0.2736 (0.6793)  accuracy: 0.8906 (0.8696)  balanced_accuracy: 0.9688 (0.8594)  pr_auc: 1.0000 (0.9212)  roc_auc: 1.0000 (0.9342)  time: 0.1901  data: 0.0004  max mem: 3483
Passive Test:  [  2000/?]  eta: ?  loss: 0.0994 (0.6767)  accuracy: 0.9531 (0.8701)  balanced_accuracy: 0.9688 (0.8601)  pr_auc: 1.0000 (0.9218)  roc_auc: 1.0000 (0.9347)  time: 0.1924  data: 0.0004  max mem: 3483
Passive Test:  [  2010/?]  eta: ?  loss: 0.0486 (0.6758)  accuracy: 0.9688 (0.8700)  balanced_accuracy: 0.9531 (0.8598)  pr_auc: 1.0000 (0.9219)  roc_auc: 1.0000 (0.9347)  time: 0.1918  data: 0.0004  max mem: 3483
Passive Test:  [  2020/?]  eta: ?  loss: 0.0312 (0.6748)  accuracy: 0.9375 (0.8700)  balanced_accuracy: 0.8276 (0.8597)  pr_auc: 1.0000 (0.9221)  roc_auc: 1.0000 (0.9349)  time: 0.1907  data: 0.0004  max mem: 3483
Passive Test:  [  2030/?]  eta: ?  loss: 0.0026 (0.6718)  accuracy: 1.0000 (0.8705)  balanced_accuracy: 0.9583 (0.8602)  pr_auc: 1.0000 (0.9224)  roc_auc: 1.0000 (0.9351)  time: 0.2112  data: 0.0004  max mem: 3483
Passive Test:  [  2040/?]  eta: ?  loss: 0.0014 (0.6696)  accuracy: 1.0000 (0.8709)  balanced_accuracy: 1.0000 (0.8606)  pr_auc: 1.0000 (0.9229)  roc_auc: 1.0000 (0.9355)  time: 0.2119  data: 0.0004  max mem: 3483
Passive Test:  [  2050/?]  eta: ?  loss: 0.0240 (0.6695)  accuracy: 0.9531 (0.8705)  balanced_accuracy: 0.9531 (0.8599)  pr_auc: 1.0000 (0.9232)  roc_auc: 1.0000 (0.9358)  time: 0.1913  data: 0.0004  max mem: 3483
Passive Test:  [  2060/?]  eta: ?  loss: 0.3439 (0.6685)  accuracy: 0.8438 (0.8705)  balanced_accuracy: 0.7344 (0.8596)  pr_auc: 1.0000 (0.9235)  roc_auc: 1.0000 (0.9360)  time: 0.1904  data: 0.0004  max mem: 3483
Passive Test:  [  2070/?]  eta: ?  loss: 0.1124 (0.6668)  accuracy: 0.9375 (0.8706)  balanced_accuracy: 0.9062 (0.8600)  pr_auc: 1.0000 (0.9240)  roc_auc: 1.0000 (0.9364)  time: 0.1920  data: 0.0004  max mem: 3483
Passive Test:  [  2080/?]  eta: ?  loss: 0.1124 (0.6655)  accuracy: 0.9219 (0.8708)  balanced_accuracy: 0.9219 (0.8603)  pr_auc: 1.0000 (0.9243)  roc_auc: 1.0000 (0.9365)  time: 0.1937  data: 0.0004  max mem: 3483
Passive Test:  [  2090/?]  eta: ?  loss: 0.0899 (0.6630)  accuracy: 0.9531 (0.8712)  balanced_accuracy: 0.9531 (0.8610)  pr_auc: 1.0000 (0.9248)  roc_auc: 1.0000 (0.9369)  time: 0.1938  data: 0.0004  max mem: 3483
Passive Test:  [  2100/?]  eta: ?  loss: 0.0801 (0.6618)  accuracy: 0.9531 (0.8714)  balanced_accuracy: 0.9531 (0.8616)  pr_auc: 1.0000 (0.9253)  roc_auc: 1.0000 (0.9372)  time: 0.1936  data: 0.0004  max mem: 3483
Passive Test:  [  2110/?]  eta: ?  loss: 0.0564 (0.6647)  accuracy: 0.9531 (0.8712)  balanced_accuracy: 0.9531 (0.8618)  pr_auc: 1.0000 (0.9254)  roc_auc: 1.0000 (0.9372)  time: 0.1893  data: 0.0004  max mem: 3483
Passive Test:  [  2120/?]  eta: ?  loss: 0.0331 (0.6673)  accuracy: 0.9844 (0.8709)  balanced_accuracy: 0.9531 (0.8618)  pr_auc: 1.0000 (0.9253)  roc_auc: 1.0000 (0.9373)  time: 0.1837  data: 0.0004  max mem: 3483
Passive Test:  [  2130/?]  eta: ?  loss: 0.3375 (0.6685)  accuracy: 0.8750 (0.8704)  balanced_accuracy: 0.9531 (0.8620)  pr_auc: 1.0000 (0.9255)  roc_auc: 1.0000 (0.9375)  time: 0.2000  data: 0.0004  max mem: 3483
Passive Test:  [  2140/?]  eta: ?  loss: 0.2797 (0.6701)  accuracy: 0.8906 (0.8702)  balanced_accuracy: 0.9531 (0.8624)  pr_auc: 1.0000 (0.9258)  roc_auc: 1.0000 (0.9377)  time: 0.2029  data: 0.0004  max mem: 3483
Passive Test:  [  2150/?]  eta: ?  loss: 0.2797 (0.6781)  accuracy: 0.8750 (0.8694)  balanced_accuracy: 0.9688 (0.8628)  pr_auc: 1.0000 (0.9260)  roc_auc: 1.0000 (0.9379)  time: 0.1880  data: 0.0004  max mem: 3483
Passive Test:  [  2160/?]  eta: ?  loss: 1.6593 (0.6849)  accuracy: 0.6094 (0.8685)  balanced_accuracy: 0.9531 (0.8621)  pr_auc: 1.0000 (0.9252)  roc_auc: 1.0000 (0.9367)  time: 0.1868  data: 0.0004  max mem: 3483
Passive Test:  [  2170/?]  eta: ?  loss: 2.2552 (0.6944)  accuracy: 0.5781 (0.8671)  balanced_accuracy: 0.8594 (0.8604)  pr_auc: 0.9641 (0.9239)  roc_auc: 0.9502 (0.9349)  time: 0.1883  data: 0.0004  max mem: 3483
Passive Test:  [  2180/?]  eta: ?  loss: 2.0146 (0.6958)  accuracy: 0.5938 (0.8668)  balanced_accuracy: 0.5781 (0.8599)  pr_auc: 0.8862 (0.9236)  roc_auc: 0.9038 (0.9345)  time: 0.1920  data: 0.0004  max mem: 3483
Passive Test:  [  2190/?]  eta: ?  loss: 0.9431 (0.7021)  accuracy: 0.7500 (0.8659)  balanced_accuracy: 0.7500 (0.8592)  pr_auc: 0.8958 (0.9231)  roc_auc: 0.9502 (0.9338)  time: 0.1945  data: 0.0004  max mem: 3483
Passive Test:  [  2200/?]  eta: ?  loss: 0.6418 (0.7076)  accuracy: 0.7500 (0.8655)  balanced_accuracy: 0.7879 (0.8592)  pr_auc: 0.9832 (0.9228)  roc_auc: 0.9824 (0.9331)  time: 0.1934  data: 0.0004  max mem: 3483
Passive Test:  [  2210/?]  eta: ?  loss: 0.2604 (0.7127)  accuracy: 0.8906 (0.8651)  balanced_accuracy: 0.9124 (0.8594)  pr_auc: 0.9971 (0.9225)  roc_auc: 0.9971 (0.9333)  time: 0.1905  data: 0.0004  max mem: 3483
Passive Test:  [  2220/?]  eta: ?  loss: 0.3298 (0.7138)  accuracy: 0.8750 (0.8648)  balanced_accuracy: 0.8906 (0.8592)  pr_auc: 1.0000 (0.9227)  roc_auc: 1.0000 (0.9334)  time: 0.2017  data: 0.0004  max mem: 3483
Passive Test:  [  2230/?]  eta: ?  loss: 0.3298 (0.7140)  accuracy: 0.8438 (0.8646)  balanced_accuracy: 0.8750 (0.8592)  pr_auc: 1.0000 (0.9228)  roc_auc: 1.0000 (0.9334)  time: 0.2003  data: 0.0004  max mem: 3483
Passive Test:  [  2240/?]  eta: ?  loss: 0.2203 (0.7156)  accuracy: 0.9062 (0.8643)  balanced_accuracy: 0.9062 (0.8592)  pr_auc: 1.0000 (0.9230)  roc_auc: 1.0000 (0.9335)  time: 0.1872  data: 0.0004  max mem: 3483
Passive Test:  [  2250/?]  eta: ?  loss: 0.2181 (0.7158)  accuracy: 0.9062 (0.8640)  balanced_accuracy: 0.8750 (0.8590)  pr_auc: 1.0000 (0.9232)  roc_auc: 1.0000 (0.9338)  time: 0.1875  data: 0.0004  max mem: 3483
Passive Test:  [  2260/?]  eta: ?  loss: 0.0298 (0.7156)  accuracy: 0.9844 (0.8640)  balanced_accuracy: 0.8750 (0.8592)  pr_auc: 1.0000 (0.9233)  roc_auc: 1.0000 (0.9339)  time: 0.1856  data: 0.0004  max mem: 3483
Passive Test:  [  2270/?]  eta: ?  loss: 0.0147 (0.7164)  accuracy: 0.9844 (0.8639)  balanced_accuracy: 0.9375 (0.8595)  pr_auc: 1.0000 (0.9236)  roc_auc: 1.0000 (0.9341)  time: 0.1849  data: 0.0004  max mem: 3483
Passive Test:  [  2280/?]  eta: ?  loss: 0.0147 (0.7215)  accuracy: 0.9688 (0.8633)  balanced_accuracy: 0.9375 (0.8595)  pr_auc: 1.0000 (0.9236)  roc_auc: 1.0000 (0.9341)  time: 0.1837  data: 0.0004  max mem: 3483
Passive Test:  [  2290/?]  eta: ?  loss: 0.2892 (0.7290)  accuracy: 0.5469 (0.8626)  balanced_accuracy: 0.9375 (0.8595)  pr_auc: 1.0000 (0.9236)  roc_auc: 1.0000 (0.9341)  time: 0.1818  data: 0.0003  max mem: 3483
Passive Test:  [  2300/?]  eta: ?  loss: 0.2277 (0.7314)  accuracy: 0.8750 (0.8626)  balanced_accuracy: 0.9444 (0.8596)  pr_auc: 1.0000 (0.9236)  roc_auc: 1.0000 (0.9341)  time: 0.1822  data: 0.0003  max mem: 3483
Passive Test:  [  2310/?]  eta: ?  loss: 0.0528 (0.7375)  accuracy: 0.9375 (0.8624)  balanced_accuracy: 0.9688 (0.8598)  pr_auc: 1.0000 (0.9237)  roc_auc: 1.0000 (0.9342)  time: 0.1977  data: 0.0003  max mem: 3483
Passive Test:  [  2320/?]  eta: ?  loss: 0.0138 (0.7409)  accuracy: 0.9844 (0.8625)  balanced_accuracy: 0.9844 (0.8602)  pr_auc: 1.0000 (0.9240)  roc_auc: 1.0000 (0.9344)  time: 0.2005  data: 0.0004  max mem: 3483
Passive Test:  [  2330/?]  eta: ?  loss: 0.0956 (0.7452)  accuracy: 0.9688 (0.8622)  balanced_accuracy: 1.0000 (0.8606)  pr_auc: 1.0000 (0.9242)  roc_auc: 1.0000 (0.9346)  time: 0.1873  data: 0.0004  max mem: 3483
Passive Test:  [  2340/?]  eta: ?  loss: 0.2804 (0.7474)  accuracy: 0.8750 (0.8619)  balanced_accuracy: 0.9915 (0.8609)  pr_auc: 1.0000 (0.9245)  roc_auc: 1.0000 (0.9349)  time: 0.1923  data: 0.0004  max mem: 3483
Passive Test:  [  2350/?]  eta: ?  loss: 0.1497 (0.7452)  accuracy: 0.9219 (0.8622)  balanced_accuracy: 0.9688 (0.8612)  pr_auc: 1.0000 (0.9247)  roc_auc: 1.0000 (0.9351)  time: 0.1975  data: 0.0004  max mem: 3483
Passive Test:  [  2360/?]  eta: ?  loss: 0.0914 (0.7427)  accuracy: 0.9531 (0.8625)  balanced_accuracy: 0.9688 (0.8617)  pr_auc: 1.0000 (0.9250)  roc_auc: 1.0000 (0.9354)  time: 0.1931  data: 0.0004  max mem: 3483
Passive Test:  [  2370/?]  eta: ?  loss: 0.1157 (0.7404)  accuracy: 0.9531 (0.8628)  balanced_accuracy: 0.9688 (0.8621)  pr_auc: 1.0000 (0.9253)  roc_auc: 1.0000 (0.9357)  time: 0.1882  data: 0.0004  max mem: 3483
Passive Test:  [  2380/?]  eta: ?  loss: 0.1157 (0.7382)  accuracy: 0.9375 (0.8630)  balanced_accuracy: 0.9844 (0.8625)  pr_auc: 1.0000 (0.9256)  roc_auc: 1.0000 (0.9359)  time: 0.1881  data: 0.0004  max mem: 3483
Passive Test:  [  2390/?]  eta: ?  loss: 0.0241 (0.7353)  accuracy: 1.0000 (0.8636)  balanced_accuracy: 1.0000 (0.8630)  pr_auc: 1.0000 (0.9258)  roc_auc: 1.0000 (0.9361)  time: 0.1880  data: 0.0004  max mem: 3483
Passive Test:  [  2400/?]  eta: ?  loss: 0.0058 (0.7329)  accuracy: 1.0000 (0.8639)  balanced_accuracy: 1.0000 (0.8634)  pr_auc: 1.0000 (0.9261)  roc_auc: 1.0000 (0.9364)  time: 0.2026  data: 0.0004  max mem: 3483
Passive Test:  [  2410/?]  eta: ?  loss: 0.0034 (0.7307)  accuracy: 1.0000 (0.8642)  balanced_accuracy: 1.0000 (0.8638)  pr_auc: 1.0000 (0.9263)  roc_auc: 1.0000 (0.9365)  time: 0.2025  data: 0.0004  max mem: 3483
Passive Test:  [  2420/?]  eta: ?  loss: 0.2505 (0.7303)  accuracy: 0.8906 (0.8640)  balanced_accuracy: 1.0000 (0.8640)  pr_auc: 1.0000 (0.9264)  roc_auc: 1.0000 (0.9367)  time: 0.1864  data: 0.0004  max mem: 3483
Passive Test:  [  2430/?]  eta: ?  loss: 0.1993 (0.7281)  accuracy: 0.9219 (0.8642)  balanced_accuracy: 1.0000 (0.8640)  pr_auc: 1.0000 (0.9264)  roc_auc: 1.0000 (0.9367)  time: 0.1834  data: 0.0003  max mem: 3483
Passive Test:  [  2440/?]  eta: ?  loss: 0.0426 (0.7259)  accuracy: 0.9688 (0.8646)  balanced_accuracy: 1.0000 (0.8640)  pr_auc: 1.0000 (0.9264)  roc_auc: 1.0000 (0.9367)  time: 0.1810  data: 0.0003  max mem: 3483
Passive Test:  [  2450/?]  eta: ?  loss: 0.0974 (0.7244)  accuracy: 0.9688 (0.8647)  balanced_accuracy: 0.9844 (0.8641)  pr_auc: 1.0000 (0.9266)  roc_auc: 1.0000 (0.9368)  time: 0.1830  data: 0.0004  max mem: 3483
Passive Test:  [  2460/?]  eta: ?  loss: 0.1396 (0.7244)  accuracy: 0.8906 (0.8646)  balanced_accuracy: 0.9688 (0.8642)  pr_auc: 1.0000 (0.9268)  roc_auc: 1.0000 (0.9370)  time: 0.1861  data: 0.0004  max mem: 3483
Passive Test:  [  2470/?]  eta: ?  loss: 0.2779 (0.7231)  accuracy: 0.8906 (0.8647)  balanced_accuracy: 0.9062 (0.8643)  pr_auc: 0.9984 (0.9271)  roc_auc: 0.9980 (0.9372)  time: 0.1876  data: 0.0004  max mem: 3483
Passive Test:  [  2480/?]  eta: ?  loss: 0.1077 (0.7210)  accuracy: 0.9375 (0.8649)  balanced_accuracy: 0.9342 (0.8646)  pr_auc: 0.9982 (0.9273)  roc_auc: 0.9980 (0.9374)  time: 0.1882  data: 0.0004  max mem: 3483
Passive Test:  [  2490/?]  eta: ?  loss: 0.0612 (0.7199)  accuracy: 0.9688 (0.8649)  balanced_accuracy: 0.9531 (0.8647)  pr_auc: 0.9982 (0.9276)  roc_auc: 0.9980 (0.9376)  time: 0.2040  data: 0.0004  max mem: 3483
Passive Test:  [  2500/?]  eta: ?  loss: 0.0401 (0.7188)  accuracy: 0.9688 (0.8648)  balanced_accuracy: 0.9688 (0.8644)  pr_auc: 1.0000 (0.9279)  roc_auc: 1.0000 (0.9378)  time: 0.2213  data: 0.0004  max mem: 3483
Passive Test:  [  2510/?]  eta: ?  loss: 0.0211 (0.7216)  accuracy: 0.9688 (0.8642)  balanced_accuracy: 0.9107 (0.8634)  pr_auc: 0.9991 (0.9274)  roc_auc: 0.9990 (0.9368)  time: 0.2049  data: 0.0004  max mem: 3483
Passive Test:  [  2520/?]  eta: ?  loss: 0.0911 (0.7230)  accuracy: 0.8438 (0.8637)  balanced_accuracy: 0.7845 (0.8628)  pr_auc: 0.9991 (0.9269)  roc_auc: 0.9990 (0.9360)  time: 0.1864  data: 0.0004  max mem: 3483
Passive Test:  [  2530/?]  eta: ?  loss: 0.0911 (0.7241)  accuracy: 0.6719 (0.8631)  balanced_accuracy: 0.6562 (0.8621)  pr_auc: 0.9850 (0.9263)  roc_auc: 0.9873 (0.9350)  time: 0.1878  data: 0.0004  max mem: 3483
Passive Test:  [  2540/?]  eta: ?  loss: 0.0080 (0.7251)  accuracy: 0.7344 (0.8625)  balanced_accuracy: 0.5000 (0.8613)  pr_auc: 0.9264 (0.9257)  roc_auc: 0.9570 (0.9341)  time: 0.1875  data: 0.0004  max mem: 3483
Passive Test:  [  2550/?]  eta: ?  loss: 0.0060 (0.7281)  accuracy: 1.0000 (0.8620)  balanced_accuracy: 0.4844 (0.8601)  pr_auc: 0.6414 (0.9246)  roc_auc: 0.5103 (0.9326)  time: 0.1870  data: 0.0004  max mem: 3483
Passive Test:  [  2560/?]  eta: ?  loss: 0.0020 (0.7289)  accuracy: 1.0000 (0.8618)  balanced_accuracy: 0.9688 (0.8603)  pr_auc: 1.0000 (0.9247)  roc_auc: 1.0000 (0.9327)  time: 0.1862  data: 0.0004  max mem: 3483
Passive Test:  [  2570/?]  eta: ?  loss: 0.0461 (0.7288)  accuracy: 0.8594 (0.8616)  balanced_accuracy: 0.9688 (0.8602)  pr_auc: 1.0000 (0.9247)  roc_auc: 1.0000 (0.9328)  time: 0.1837  data: 0.0004  max mem: 3483
Passive Test:  [  2580/?]  eta: ?  loss: 0.0776 (0.7281)  accuracy: 0.8750 (0.8617)  balanced_accuracy: 0.8750 (0.8599)  pr_auc: 0.9938 (0.9246)  roc_auc: 0.9941 (0.9327)  time: 0.1998  data: 0.0004  max mem: 3483
Passive Test:  [  2590/?]  eta: ?  loss: 0.1099 (0.7276)  accuracy: 0.8750 (0.8615)  balanced_accuracy: 0.8750 (0.8597)  pr_auc: 0.9938 (0.9244)  roc_auc: 0.9941 (0.9325)  time: 0.2025  data: 0.0004  max mem: 3483
Passive Test:  [  2600/?]  eta: ?  loss: 0.0571 (0.7258)  accuracy: 0.9844 (0.8618)  balanced_accuracy: 0.8750 (0.8597)  pr_auc: 0.9938 (0.9243)  roc_auc: 0.9941 (0.9324)  time: 0.1876  data: 0.0004  max mem: 3483
Passive Test:  [  2610/?]  eta: ?  loss: 0.0020 (0.7254)  accuracy: 0.9844 (0.8619)  balanced_accuracy: 0.8000 (0.8591)  pr_auc: 0.9701 (0.9237)  roc_auc: 0.9600 (0.9321)  time: 0.1863  data: 0.0004  max mem: 3483
Passive Test:  [  2620/?]  eta: ?  loss: 0.0014 (0.7233)  accuracy: 0.9844 (0.8622)  balanced_accuracy: 0.8281 (0.8592)  pr_auc: 0.9701 (0.9238)  roc_auc: 0.9600 (0.9322)  time: 0.1857  data: 0.0004  max mem: 3483
Passive Test:  [  2630/?]  eta: ?  loss: 0.0023 (0.7214)  accuracy: 0.9688 (0.8624)  balanced_accuracy: 0.8750 (0.8593)  pr_auc: 0.9798 (0.9240)  roc_auc: 0.9814 (0.9323)  time: 0.1852  data: 0.0004  max mem: 3483
Passive Test:  [  2640/?]  eta: ?  loss: 0.3006 (0.7241)  accuracy: 0.8906 (0.8622)  balanced_accuracy: 0.8906 (0.8593)  pr_auc: 0.9701 (0.9240)  roc_auc: 0.9701 (0.9323)  time: 0.1839  data: 0.0004  max mem: 3483
Passive Test:  [  2650/?]  eta: ?  loss: 0.2382 (0.7273)  accuracy: 0.9219 (0.8622)  balanced_accuracy: 0.8906 (0.8595)  pr_auc: 0.9701 (0.9239)  roc_auc: 0.9701 (0.9324)  time: 0.1837  data: 0.0003  max mem: 3483
Passive Test:  [  2660/?]  eta: ?  loss: 0.0129 (0.7320)  accuracy: 0.9844 (0.8621)  balanced_accuracy: 0.8906 (0.8596)  pr_auc: 0.9701 (0.9240)  roc_auc: 0.9805 (0.9325)  time: 0.1918  data: 0.0004  max mem: 3483
Passive Test:  [  2670/?]  eta: ?  loss: 0.4006 (0.7365)  accuracy: 0.5938 (0.8613)  balanced_accuracy: 0.8906 (0.8590)  pr_auc: 0.9641 (0.9235)  roc_auc: 0.9701 (0.9320)  time: 0.2069  data: 0.0004  max mem: 3483
Passive Test:  [  2680/?]  eta: ?  loss: 0.4170 (0.7401)  accuracy: 0.5781 (0.8610)  balanced_accuracy: 0.8723 (0.8586)  pr_auc: 0.9249 (0.9235)  roc_auc: 0.9701 (0.9319)  time: 0.2001  data: 0.0003  max mem: 3483
Passive Test:  [  2690/?]  eta: ?  loss: 0.4395 (0.7402)  accuracy: 0.8281 (0.8608)  balanced_accuracy: 0.8723 (0.8581)  pr_auc: 0.9697 (0.9236)  roc_auc: 0.9707 (0.9319)  time: 0.1844  data: 0.0004  max mem: 3483
Passive Test:  [  2700/?]  eta: ?  loss: 0.0043 (0.7398)  accuracy: 0.9375 (0.8610)  balanced_accuracy: 0.7344 (0.8578)  pr_auc: 0.9641 (0.9236)  roc_auc: 0.9634 (0.9319)  time: 0.1853  data: 0.0004  max mem: 3483
Passive Test:  [  2710/?]  eta: ?  loss: 0.0017 (0.7379)  accuracy: 1.0000 (0.8613)  balanced_accuracy: 0.7344 (0.8582)  pr_auc: 0.9698 (0.9239)  roc_auc: 0.9634 (0.9321)  time: 0.1875  data: 0.0004  max mem: 3483
Passive Test:  [  2720/?]  eta: ?  loss: 0.0005 (0.7354)  accuracy: 1.0000 (0.8617)  balanced_accuracy: 0.9844 (0.8587)  pr_auc: 1.0000 (0.9241)  roc_auc: 1.0000 (0.9323)  time: 0.1879  data: 0.0004  max mem: 3483
Passive Test:  [  2730/?]  eta: ?  loss: 0.0008 (0.7327)  accuracy: 1.0000 (0.8622)  balanced_accuracy: 1.0000 (0.8592)  pr_auc: 1.0000 (0.9244)  roc_auc: 1.0000 (0.9326)  time: 0.1879  data: 0.0004  max mem: 3483
Passive Test:  [  2740/?]  eta: ?  loss: 0.0005 (0.7300)  accuracy: 1.0000 (0.8627)  balanced_accuracy: 1.0000 (0.8599)  pr_auc: 1.0000 (0.9248)  roc_auc: 1.0000 (0.9329)  time: 0.1895  data: 0.0004  max mem: 3483
Passive Test:  [  2750/?]  eta: ?  loss: 0.0003 (0.7274)  accuracy: 1.0000 (0.8632)  balanced_accuracy: 1.0000 (0.8605)  pr_auc: 1.0000 (0.9251)  roc_auc: 1.0000 (0.9332)  time: 0.1907  data: 0.0004  max mem: 3483
Passive Test:  [  2760/?]  eta: ?  loss: 0.0006 (0.7252)  accuracy: 1.0000 (0.8635)  balanced_accuracy: 1.0000 (0.8611)  pr_auc: 1.0000 (0.9255)  roc_auc: 1.0000 (0.9335)  time: 0.2057  data: 0.0004  max mem: 3483
Passive Test:  [  2770/?]  eta: ?  loss: 0.0019 (0.7227)  accuracy: 1.0000 (0.8640)  balanced_accuracy: 1.0000 (0.8618)  pr_auc: 1.0000 (0.9259)  roc_auc: 1.0000 (0.9339)  time: 0.2055  data: 0.0004  max mem: 3483
Passive Test:  [  2780/?]  eta: ?  loss: 0.0003 (0.7202)  accuracy: 1.0000 (0.8644)  balanced_accuracy: 1.0000 (0.8623)  pr_auc: 1.0000 (0.9261)  roc_auc: 1.0000 (0.9342)  time: 0.1908  data: 0.0004  max mem: 3483
Passive Test:  [  2790/?]  eta: ?  loss: 0.0099 (0.7184)  accuracy: 0.9844 (0.8646)  balanced_accuracy: 1.0000 (0.8623)  pr_auc: 1.0000 (0.9264)  roc_auc: 1.0000 (0.9344)  time: 0.1890  data: 0.0004  max mem: 3483
Passive Test:  [  2800/?]  eta: ?  loss: 0.0908 (0.7167)  accuracy: 0.9219 (0.8648)  balanced_accuracy: 0.9914 (0.8626)  pr_auc: 1.0000 (0.9266)  roc_auc: 1.0000 (0.9345)  time: 0.1877  data: 0.0004  max mem: 3483
Passive Test:  [  2810/?]  eta: ?  loss: 0.0639 (0.7147)  accuracy: 0.9531 (0.8651)  balanced_accuracy: 0.9688 (0.8631)  pr_auc: 1.0000 (0.9269)  roc_auc: 1.0000 (0.9349)  time: 0.1980  data: 0.0004  max mem: 3483
Passive Test:  [  2820/?]  eta: ?  loss: 0.0639 (0.7126)  accuracy: 0.9688 (0.8654)  balanced_accuracy: 0.9688 (0.8634)  pr_auc: 1.0000 (0.9271)  roc_auc: 1.0000 (0.9350)  time: 0.1993  data: 0.0004  max mem: 3483
Passive Test:  [  2830/?]  eta: ?  loss: 0.0211 (0.7106)  accuracy: 0.9844 (0.8657)  balanced_accuracy: 0.9688 (0.8636)  pr_auc: 1.0000 (0.9273)  roc_auc: 1.0000 (0.9352)  time: 0.1893  data: 0.0004  max mem: 3483
Passive Test:  [  2840/?]  eta: ?  loss: 0.0038 (0.7085)  accuracy: 0.9844 (0.8660)  balanced_accuracy: 0.9688 (0.8639)  pr_auc: 1.0000 (0.9276)  roc_auc: 1.0000 (0.9354)  time: 0.1876  data: 0.0004  max mem: 3483
Passive Test:  [  2850/?]  eta: ?  loss: 0.0038 (0.7064)  accuracy: 0.9844 (0.8662)  balanced_accuracy: 0.9688 (0.8639)  pr_auc: 1.0000 (0.9278)  roc_auc: 1.0000 (0.9356)  time: 0.2024  data: 0.0004  max mem: 3483
Passive Test:  [  2860/?]  eta: ?  loss: 0.0007 (0.7041)  accuracy: 1.0000 (0.8666)  balanced_accuracy: 1.0000 (0.8643)  pr_auc: 1.0000 (0.9280)  roc_auc: 1.0000 (0.9358)  time: 0.2029  data: 0.0004  max mem: 3483
Passive Test:  [  2870/?]  eta: ?  loss: 0.0011 (0.7021)  accuracy: 1.0000 (0.8667)  balanced_accuracy: 0.9688 (0.8644)  pr_auc: 1.0000 (0.9281)  roc_auc: 1.0000 (0.9359)  time: 0.1874  data: 0.0004  max mem: 3483
Passive Test:  [  2880/?]  eta: ?  loss: 0.1535 (0.7006)  accuracy: 0.9375 (0.8664)  balanced_accuracy: 0.9688 (0.8644)  pr_auc: 1.0000 (0.9281)  roc_auc: 1.0000 (0.9359)  time: 0.1843  data: 0.0004  max mem: 3483
Passive Test:  [  2890/?]  eta: ?  loss: 0.2505 (0.6992)  accuracy: 0.8438 (0.8662)  balanced_accuracy: 0.9688 (0.8644)  pr_auc: 1.0000 (0.9281)  roc_auc: 1.0000 (0.9359)  time: 0.1823  data: 0.0003  max mem: 3483
Passive Test:  [  2900/?]  eta: ?  loss: 0.0328 (0.6984)  accuracy: 0.8438 (0.8659)  balanced_accuracy: 0.9688 (0.8644)  pr_auc: 1.0000 (0.9281)  roc_auc: 1.0000 (0.9359)  time: 0.1813  data: 0.0003  max mem: 3483
Passive Test:  [  2910/?]  eta: ?  loss: 0.0194 (0.6990)  accuracy: 0.7031 (0.8655)  balanced_accuracy: 0.9688 (0.8644)  pr_auc: 1.0000 (0.9281)  roc_auc: 1.0000 (0.9359)  time: 0.1807  data: 0.0003  max mem: 3483
Passive Test:  [  2920/?]  eta: ?  loss: 0.2769 (0.6985)  accuracy: 0.5312 (0.8650)  balanced_accuracy: 0.9844 (0.8644)  pr_auc: 1.0000 (0.9282)  roc_auc: 1.0000 (0.9359)  time: 0.1817  data: 0.0003  max mem: 3483
Passive Test:  [  2930/?]  eta: ?  loss: 0.3693 (0.6995)  accuracy: 0.6250 (0.8646)  balanced_accuracy: 0.9688 (0.8645)  pr_auc: 1.0000 (0.9283)  roc_auc: 1.0000 (0.9360)  time: 0.1836  data: 0.0003  max mem: 3483
Passive Test:  [  2940/?]  eta: ?  loss: 0.2110 (0.6979)  accuracy: 0.9219 (0.8648)  balanced_accuracy: 0.9688 (0.8648)  pr_auc: 1.0000 (0.9285)  roc_auc: 1.0000 (0.9361)  time: 0.2004  data: 0.0004  max mem: 3483
Passive Test:  [  2950/?]  eta: ?  loss: 0.0073 (0.6970)  accuracy: 0.9219 (0.8649)  balanced_accuracy: 0.9688 (0.8650)  pr_auc: 1.0000 (0.9286)  roc_auc: 1.0000 (0.9363)  time: 0.2015  data: 0.0004  max mem: 3483
Passive Test:  [  2960/?]  eta: ?  loss: 0.0008 (0.6956)  accuracy: 1.0000 (0.8651)  balanced_accuracy: 0.9844 (0.8652)  pr_auc: 1.0000 (0.9288)  roc_auc: 1.0000 (0.9365)  time: 0.1871  data: 0.0004  max mem: 3483
Passive Test:  [  2970/?]  eta: ?  loss: 0.0048 (0.6948)  accuracy: 1.0000 (0.8652)  balanced_accuracy: 1.0000 (0.8655)  pr_auc: 1.0000 (0.9290)  roc_auc: 1.0000 (0.9366)  time: 0.1906  data: 0.0003  max mem: 3483
Passive Test:  [  2980/?]  eta: ?  loss: 0.0048 (0.6946)  accuracy: 1.0000 (0.8653)  balanced_accuracy: 1.0000 (0.8658)  pr_auc: 1.0000 (0.9292)  roc_auc: 1.0000 (0.9368)  time: 0.1912  data: 0.0004  max mem: 3483
Passive Test:  [  2990/?]  eta: ?  loss: 0.0389 (0.6961)  accuracy: 0.9219 (0.8651)  balanced_accuracy: 1.0000 (0.8660)  pr_auc: 1.0000 (0.9295)  roc_auc: 1.0000 (0.9370)  time: 0.1890  data: 0.0004  max mem: 3483
Passive Test:  [  3000/?]  eta: ?  loss: 0.2547 (0.6974)  accuracy: 0.8906 (0.8648)  balanced_accuracy: 0.9219 (0.8660)  pr_auc: 1.0000 (0.9298)  roc_auc: 1.0000 (0.9373)  time: 0.1907  data: 0.0004  max mem: 3483
Passive Test:  [  3010/?]  eta: ?  loss: 0.2413 (0.6972)  accuracy: 0.8906 (0.8648)  balanced_accuracy: 0.9219 (0.8659)  pr_auc: 1.0000 (0.9299)  roc_auc: 1.0000 (0.9375)  time: 0.1908  data: 0.0004  max mem: 3483
Passive Test:  [  3020/?]  eta: ?  loss: 0.1330 (0.6956)  accuracy: 0.9531 (0.8651)  balanced_accuracy: 0.9688 (0.8663)  pr_auc: 1.0000 (0.9302)  roc_auc: 1.0000 (0.9377)  time: 0.1904  data: 0.0004  max mem: 3483
Passive Test:  [  3030/?]  eta: ?  loss: 0.0949 (0.6949)  accuracy: 0.9688 (0.8651)  balanced_accuracy: 0.9688 (0.8661)  pr_auc: 1.0000 (0.9304)  roc_auc: 1.0000 (0.9379)  time: 0.2047  data: 0.0004  max mem: 3483
Passive Test:  [  3040/?]  eta: ?  loss: 0.1573 (0.6961)  accuracy: 0.9375 (0.8648)  balanced_accuracy: 0.9404 (0.8656)  pr_auc: 1.0000 (0.9298)  roc_auc: 1.0000 (0.9371)  time: 0.2054  data: 0.0004  max mem: 3483
Passive Test:  [  3050/?]  eta: ?  loss: 0.2614 (0.6990)  accuracy: 0.8125 (0.8643)  balanced_accuracy: 0.7188 (0.8646)  pr_auc: 0.9370 (0.9285)  roc_auc: 0.9521 (0.9353)  time: 0.1916  data: 0.0004  max mem: 3483
Passive Test:  [  3060/?]  eta: ?  loss: 0.1840 (0.6994)  accuracy: 0.9219 (0.8641)  balanced_accuracy: 0.7188 (0.8639)  pr_auc: 0.8594 (0.9277)  roc_auc: 0.8340 (0.9344)  time: 0.1888  data: 0.0004  max mem: 3483
Passive Test:  [  3070/?]  eta: ?  loss: 0.0890 (0.7013)  accuracy: 0.9531 (0.8637)  balanced_accuracy: 0.5156 (0.8629)  pr_auc: 0.4600 (0.9267)  roc_auc: 0.4834 (0.9332)  time: 0.1879  data: 0.0004  max mem: 3483
Passive Test:  [  3080/?]  eta: ?  loss: 0.1195 (0.7010)  accuracy: 0.8750 (0.8637)  balanced_accuracy: 0.4802 (0.8626)  pr_auc: 0.4214 (0.9263)  roc_auc: 0.3929 (0.9327)  time: 0.1864  data: 0.0004  max mem: 3483
Passive Test:  [  3090/?]  eta: ?  loss: 0.1729 (0.7000)  accuracy: 0.9375 (0.8637)  balanced_accuracy: 0.5938 (0.8624)  pr_auc: 0.6420 (0.9262)  roc_auc: 0.7109 (0.9325)  time: 0.1858  data: 0.0003  max mem: 3483
Passive Test:  [  3100/?]  eta: ?  loss: 0.1729 (0.7005)  accuracy: 0.9375 (0.8638)  balanced_accuracy: 0.8065 (0.8627)  pr_auc: 0.7915 (0.9258)  roc_auc: 0.8550 (0.9326)  time: 0.1879  data: 0.0004  max mem: 3483
Passive Test:  [  3110/?]  eta: ?  loss: 0.0145 (0.6988)  accuracy: 0.9844 (0.8640)  balanced_accuracy: 0.8594 (0.8628)  pr_auc: 0.7983 (0.9259)  roc_auc: 0.9297 (0.9326)  time: 0.1853  data: 0.0004  max mem: 3483
Passive Test:  [  3120/?]  eta: ?  loss: 0.0125 (0.6975)  accuracy: 1.0000 (0.8642)  balanced_accuracy: 0.8594 (0.8628)  pr_auc: 0.7983 (0.9259)  roc_auc: 0.9297 (0.9326)  time: 0.1984  data: 0.0004  max mem: 3483
Passive Test:  [  3130/?]  eta: ?  loss: 0.0125 (0.6954)  accuracy: 1.0000 (0.8646)  balanced_accuracy: 0.8594 (0.8629)  pr_auc: 0.7983 (0.9259)  roc_auc: 0.9297 (0.9327)  time: 0.2098  data: 0.0004  max mem: 3483
Passive Test:  [  3140/?]  eta: ?  loss: 0.0081 (0.6933)  accuracy: 1.0000 (0.8650)  balanced_accuracy: 0.8594 (0.8629)  pr_auc: 0.7983 (0.9259)  roc_auc: 0.9297 (0.9327)  time: 0.1933  data: 0.0004  max mem: 3483
Passive Test:  [  3150/?]  eta: ?  loss: 0.0022 (0.6914)  accuracy: 1.0000 (0.8653)  balanced_accuracy: 0.8750 (0.8630)  pr_auc: 0.9199 (0.9260)  roc_auc: 0.9918 (0.9327)  time: 0.1824  data: 0.0003  max mem: 3483
Passive Test:  [  3160/?]  eta: ?  loss: 0.0008 (0.6892)  accuracy: 1.0000 (0.8657)  balanced_accuracy: 0.8750 (0.8630)  pr_auc: 0.9199 (0.9260)  roc_auc: 0.9918 (0.9327)  time: 0.1826  data: 0.0003  max mem: 3483
Passive Test:  [  3170/?]  eta: ?  loss: 0.0008 (0.6880)  accuracy: 1.0000 (0.8658)  balanced_accuracy: 0.8852 (0.8631)  pr_auc: 1.0000 (0.9261)  roc_auc: 1.0000 (0.9328)  time: 0.1828  data: 0.0003  max mem: 3483
Passive Test:  [  3180/?]  eta: ?  loss: 0.0172 (0.6871)  accuracy: 0.9688 (0.8658)  balanced_accuracy: 0.8852 (0.8631)  pr_auc: 1.0000 (0.9261)  roc_auc: 1.0000 (0.9328)  time: 0.1831  data: 0.0003  max mem: 3483
Passive Test: Total time: 0:10:17 (0.1937 s / it)
* loss 0.687
  ACTIVE Test Acc: 89.3932% (n=35,284)
  PASSIVE Test Acc: 86.5546% (n=204,188)
  → Epoch  15/50 | Train Loss: 0.0746 | Val Loss: 0.6724 | Train Acc: 97.2097% | Val Acc: 86.9684% | LR: 0.000002
Max accuracy val: 86.97%, max accuracy test: 87.08%
Epoch: [15]  [     0/?]  eta: ?  lr: 0.000443  min_lr: 0.000002  loss: 0.0690 (0.0690)  class_acc: 0.9746 (0.9746)  loss_scale: 32.0000 (32.0000)  weight_decay: 0.0500 (0.0500)  grad_norm: 33.5627 (33.5627)  time: 9.1952  data: 8.0778  max mem: 3483
Epoch: [15]  [   500/?]  eta: ?  lr: 0.000443  min_lr: 0.000002  loss: 0.0712 (0.0698)  class_acc: 0.9727 (0.9741)  loss_scale: 32.0000 (32.0000)  weight_decay: 0.0500 (0.0500)  grad_norm: 31.0061 (33.3453)  time: 1.3496  data: 0.0014  max mem: 3483
Epoch: [15]  [  1000/?]  eta: ?  lr: 0.000443  min_lr: 0.000002  loss: 0.0654 (0.0709)  class_acc: 0.9746 (0.9739)  loss_scale: 32.0000 (32.0000)  weight_decay: 0.0500 (0.0500)  grad_norm: 33.4644 (33.4997)  time: 1.3272  data: 0.0014  max mem: 3483
Epoch: [15]  [  1500/?]  eta: ?  lr: 0.000443  min_lr: 0.000002  loss: 0.0733 (0.0715)  class_acc: 0.9707 (0.9736)  loss_scale: 32.0000 (32.0000)  weight_decay: 0.0500 (0.0500)  grad_norm: 37.9621 (33.9897)  time: 1.3468  data: 0.0013  max mem: 3483
Epoch: [15]  [  2000/?]  eta: ?  lr: 0.000442  min_lr: 0.000002  loss: 0.0625 (0.0712)  class_acc: 0.9766 (0.9737)  loss_scale: 64.0000 (38.5567)  weight_decay: 0.0500 (0.0500)  grad_norm: 27.2570 (33.6469)  time: 1.3237  data: 0.0017  max mem: 3483
Epoch: [15] Total time: 0:48:30 (1.3412 s / it)
Val:  [     0/?]  eta: ?  loss: 0.1326 (0.1326)  accuracy: 0.9531 (0.9531)  balanced_accuracy: 0.9746 (0.9746)  pr_auc: 1.0000 (1.0000)  roc_auc: 1.0000 (1.0000)  time: 10.3673  data: 9.6801  max mem: 3483
Val:  [    10/?]  eta: ?  loss: 0.1326 (0.6432)  accuracy: 0.9531 (0.8749)  balanced_accuracy: 0.9026 (0.8617)  pr_auc: 0.9791 (0.9152)  roc_auc: 0.9695 (0.9120)  time: 1.1752  data: 0.8807  max mem: 3483
Val:  [    20/?]  eta: ?  loss: 0.0730 (0.5320)  accuracy: 0.9544 (0.8896)  balanced_accuracy: 0.9026 (0.8613)  pr_auc: 0.9791 (0.9256)  roc_auc: 0.9695 (0.9199)  time: 0.2588  data: 0.0008  max mem: 3483
Val:  [    30/?]  eta: ?  loss: 0.1523 (0.4400)  accuracy: 0.9414 (0.9036)  balanced_accuracy: 0.8984 (0.8793)  pr_auc: 0.9755 (0.9306)  roc_auc: 0.9792 (0.9408)  time: 0.2780  data: 0.0008  max mem: 3483
Val:  [    40/?]  eta: ?  loss: 0.1992 (0.4467)  accuracy: 0.9141 (0.8926)  balanced_accuracy: 0.9052 (0.8766)  pr_auc: 0.9670 (0.9159)  roc_auc: 0.9913 (0.9429)  time: 0.2772  data: 0.0008  max mem: 3483
Val:  [    50/?]  eta: ?  loss: 0.2644 (0.4409)  accuracy: 0.8672 (0.8892)  balanced_accuracy: 0.9022 (0.8748)  pr_auc: 0.9652 (0.9162)  roc_auc: 0.9874 (0.9455)  time: 0.2608  data: 0.0008  max mem: 3483
Val:  [    60/?]  eta: ?  loss: 0.2644 (0.4599)  accuracy: 0.8893 (0.8867)  balanced_accuracy: 0.8639 (0.8741)  pr_auc: 0.9652 (0.9112)  roc_auc: 0.9696 (0.9431)  time: 0.2590  data: 0.0008  max mem: 3483
Val:  [    70/?]  eta: ?  loss: 0.3473 (0.4965)  accuracy: 0.8411 (0.8797)  balanced_accuracy: 0.8516 (0.8723)  pr_auc: 0.9652 (0.9128)  roc_auc: 0.9366 (0.9394)  time: 0.2750  data: 0.0008  max mem: 3483
Val:  [    80/?]  eta: ?  loss: 0.3549 (0.4689)  accuracy: 0.8867 (0.8862)  balanced_accuracy: 0.8516 (0.8761)  pr_auc: 0.9305 (0.9080)  roc_auc: 0.9366 (0.9408)  time: 0.2730  data: 0.0007  max mem: 3483
Val:  [    90/?]  eta: ?  loss: 0.2111 (0.4569)  accuracy: 0.9232 (0.8890)  balanced_accuracy: 0.9162 (0.8794)  pr_auc: 0.9815 (0.9121)  roc_auc: 0.9785 (0.9447)  time: 0.2547  data: 0.0008  max mem: 3483
Val:  [   100/?]  eta: ?  loss: 0.2111 (0.4680)  accuracy: 0.9076 (0.8870)  balanced_accuracy: 0.8877 (0.8801)  pr_auc: 0.9564 (0.9081)  roc_auc: 0.9816 (0.9458)  time: 0.2573  data: 0.0008  max mem: 3483
Val:  [   110/?]  eta: ?  loss: 0.2305 (0.4802)  accuracy: 0.8789 (0.8856)  balanced_accuracy: 0.8877 (0.8802)  pr_auc: 0.9440 (0.8983)  roc_auc: 0.9785 (0.9461)  time: 0.2580  data: 0.0008  max mem: 3483
Val:  [   120/?]  eta: ?  loss: 0.3357 (0.4953)  accuracy: 0.8789 (0.8836)  balanced_accuracy: 0.9147 (0.8829)  pr_auc: 0.9767 (0.9025)  roc_auc: 0.9929 (0.9478)  time: 0.2576  data: 0.0008  max mem: 3483
Val:  [   130/?]  eta: ?  loss: 0.4750 (0.5320)  accuracy: 0.8359 (0.8774)  balanced_accuracy: 0.8898 (0.8795)  pr_auc: 0.9767 (0.8963)  roc_auc: 0.9779 (0.9463)  time: 0.2555  data: 0.0008  max mem: 3483
Val:  [   140/?]  eta: ?  loss: 0.5419 (0.5716)  accuracy: 0.8307 (0.8701)  balanced_accuracy: 0.8652 (0.8734)  pr_auc: 0.9708 (0.8897)  roc_auc: 0.9750 (0.9408)  time: 0.2947  data: 0.0008  max mem: 3483
Val:  [   150/?]  eta: ?  loss: 0.4232 (0.5601)  accuracy: 0.8763 (0.8719)  balanced_accuracy: 0.8704 (0.8749)  pr_auc: 0.9669 (0.8927)  roc_auc: 0.9750 (0.9421)  time: 0.2954  data: 0.0008  max mem: 3483
Val:  [   160/?]  eta: ?  loss: 0.1819 (0.5561)  accuracy: 0.9310 (0.8724)  balanced_accuracy: 0.9240 (0.8739)  pr_auc: 0.9626 (0.8927)  roc_auc: 0.9774 (0.9414)  time: 0.2573  data: 0.0008  max mem: 3483
Val:  [   170/?]  eta: ?  loss: 0.1819 (0.5517)  accuracy: 0.9310 (0.8730)  balanced_accuracy: 0.9240 (0.8722)  pr_auc: 0.9389 (0.8896)  roc_auc: 0.9774 (0.9390)  time: 0.2557  data: 0.0008  max mem: 3483
Val:  [   180/?]  eta: ?  loss: 0.1404 (0.5428)  accuracy: 0.9297 (0.8749)  balanced_accuracy: 0.9013 (0.8728)  pr_auc: 0.9545 (0.8885)  roc_auc: 0.9774 (0.9378)  time: 0.2544  data: 0.0008  max mem: 3483
Val:  [   190/?]  eta: ?  loss: 0.0942 (0.5320)  accuracy: 0.9167 (0.8753)  balanced_accuracy: 0.9013 (0.8739)  pr_auc: 0.9884 (0.8920)  roc_auc: 0.9908 (0.9394)  time: 0.2566  data: 0.0008  max mem: 3483
Val:  [   200/?]  eta: ?  loss: 0.1447 (0.5192)  accuracy: 0.9440 (0.8770)  balanced_accuracy: 0.9301 (0.8764)  pr_auc: 0.9978 (0.8971)  roc_auc: 0.9964 (0.9422)  time: 0.2560  data: 0.0008  max mem: 3483
Val:  [   210/?]  eta: ?  loss: 0.1447 (0.5118)  accuracy: 0.9440 (0.8783)  balanced_accuracy: 0.9301 (0.8764)  pr_auc: 0.9955 (0.8976)  roc_auc: 0.9942 (0.9419)  time: 0.2564  data: 0.0009  max mem: 3483
Val:  [   220/?]  eta: ?  loss: 0.2243 (0.5051)  accuracy: 0.9232 (0.8790)  balanced_accuracy: 0.9232 (0.8748)  pr_auc: 0.9953 (0.8958)  roc_auc: 0.9942 (0.9430)  time: 0.2575  data: 0.0009  max mem: 3483
Val:  [   230/?]  eta: ?  loss: 0.2243 (0.4917)  accuracy: 0.9206 (0.8802)  balanced_accuracy: 0.9435 (0.8771)  pr_auc: 0.9935 (0.8989)  roc_auc: 0.9926 (0.9449)  time: 0.2708  data: 0.0008  max mem: 3483
Val:  [   240/?]  eta: ?  loss: 0.1690 (0.4845)  accuracy: 0.9206 (0.8791)  balanced_accuracy: 0.9487 (0.8792)  pr_auc: 0.9937 (0.9014)  roc_auc: 0.9981 (0.9467)  time: 0.2676  data: 0.0008  max mem: 3483
Val:  [   250/?]  eta: ?  loss: 0.1690 (0.4840)  accuracy: 0.9362 (0.8791)  balanced_accuracy: 0.9483 (0.8806)  pr_auc: 0.9994 (0.9009)  roc_auc: 0.9993 (0.9473)  time: 0.2821  data: 0.0008  max mem: 3483
Val:  [   260/?]  eta: ?  loss: 0.0700 (0.4832)  accuracy: 0.9557 (0.8807)  balanced_accuracy: 0.9601 (0.8829)  pr_auc: 0.9995 (0.9010)  roc_auc: 0.9993 (0.9486)  time: 0.2852  data: 0.0008  max mem: 3483
Val:  [   270/?]  eta: ?  loss: 0.0912 (0.4815)  accuracy: 0.9557 (0.8817)  balanced_accuracy: 0.9601 (0.8842)  pr_auc: 0.9970 (0.8999)  roc_auc: 0.9985 (0.9497)  time: 0.2596  data: 0.0008  max mem: 3483
Val:  [   280/?]  eta: ?  loss: 0.1859 (0.4942)  accuracy: 0.9206 (0.8813)  balanced_accuracy: 0.9448 (0.8841)  pr_auc: 0.9827 (0.8958)  roc_auc: 0.9892 (0.9488)  time: 0.2602  data: 0.0009  max mem: 3483
Val:  [   290/?]  eta: ?  loss: 0.2248 (0.5014)  accuracy: 0.9128 (0.8799)  balanced_accuracy: 0.9089 (0.8814)  pr_auc: 0.9767 (0.8950)  roc_auc: 0.9843 (0.9461)  time: 0.2705  data: 0.0009  max mem: 3483
Val:  [   300/?]  eta: ?  loss: 0.3823 (0.5203)  accuracy: 0.8398 (0.8760)  balanced_accuracy: 0.8774 (0.8773)  pr_auc: 0.9666 (0.8913)  roc_auc: 0.9627 (0.9421)  time: 0.2678  data: 0.0008  max mem: 3483
Val:  [   310/?]  eta: ?  loss: 0.7058 (0.5337)  accuracy: 0.7698 (0.8730)  balanced_accuracy: 0.8022 (0.8733)  pr_auc: 0.9398 (0.8891)  roc_auc: 0.9496 (0.9394)  time: 0.2453  data: 0.0008  max mem: 3483
Val: Total time: 0:01:34 (0.2959 s / it)
* loss 0.548
Test:  [     0/?]  eta: ?  loss: 0.2669 (0.2669)  accuracy: 0.9479 (0.9479)  balanced_accuracy: 0.9478 (0.9478)  pr_auc: 0.9818 (0.9818)  roc_auc: 0.9725 (0.9725)  time: 5.8447  data: 5.5504  max mem: 3483
Test:  [    10/?]  eta: ?  loss: 0.2984 (0.4407)  accuracy: 0.8906 (0.8941)  balanced_accuracy: 0.9080 (0.8614)  pr_auc: 0.9629 (0.8640)  roc_auc: 0.9737 (0.9351)  time: 0.7654  data: 0.5054  max mem: 3483
Test:  [    20/?]  eta: ?  loss: 0.2085 (0.4277)  accuracy: 0.9115 (0.8927)  balanced_accuracy: 0.9022 (0.8707)  pr_auc: 0.9766 (0.9024)  roc_auc: 0.9835 (0.9459)  time: 0.2984  data: 0.0009  max mem: 3483
Test:  [    30/?]  eta: ?  loss: 0.1661 (0.4091)  accuracy: 0.9310 (0.8913)  balanced_accuracy: 0.9022 (0.8732)  pr_auc: 0.9766 (0.9168)  roc_auc: 0.9847 (0.9478)  time: 0.2969  data: 0.0008  max mem: 3483
Test:  [    40/?]  eta: ?  loss: 0.1639 (0.4255)  accuracy: 0.9219 (0.8935)  balanced_accuracy: 0.9141 (0.8894)  pr_auc: 0.9881 (0.9272)  roc_auc: 0.9847 (0.9531)  time: 0.2551  data: 0.0009  max mem: 3483
Test:  [    50/?]  eta: ?  loss: 0.3938 (0.4271)  accuracy: 0.8997 (0.8933)  balanced_accuracy: 0.9140 (0.8850)  pr_auc: 0.9912 (0.9165)  roc_auc: 0.9947 (0.9507)  time: 0.2559  data: 0.0008  max mem: 3483
Test:  [    60/?]  eta: ?  loss: 0.3110 (0.4039)  accuracy: 0.9141 (0.8973)  balanced_accuracy: 0.9054 (0.8825)  pr_auc: 0.9768 (0.9064)  roc_auc: 0.9851 (0.9432)  time: 0.2568  data: 0.0009  max mem: 3483
Test:  [    70/?]  eta: ?  loss: 0.2267 (0.4170)  accuracy: 0.9141 (0.8961)  balanced_accuracy: 0.8993 (0.8835)  pr_auc: 0.9382 (0.9054)  roc_auc: 0.9680 (0.9418)  time: 0.2565  data: 0.0009  max mem: 3483
Test:  [    80/?]  eta: ?  loss: 0.1814 (0.4348)  accuracy: 0.9036 (0.8921)  balanced_accuracy: 0.9446 (0.8853)  pr_auc: 0.9890 (0.9089)  roc_auc: 0.9874 (0.9424)  time: 0.2542  data: 0.0009  max mem: 3483
Test:  [    90/?]  eta: ?  loss: 0.3427 (0.4306)  accuracy: 0.8802 (0.8896)  balanced_accuracy: 0.9258 (0.8833)  pr_auc: 0.9890 (0.9115)  roc_auc: 0.9953 (0.9425)  time: 0.2719  data: 0.0008  max mem: 3483
Test:  [   100/?]  eta: ?  loss: 0.3427 (0.4246)  accuracy: 0.8711 (0.8891)  balanced_accuracy: 0.8842 (0.8790)  pr_auc: 0.9827 (0.9122)  roc_auc: 0.9953 (0.9433)  time: 0.2717  data: 0.0008  max mem: 3483
Test:  [   110/?]  eta: ?  loss: 0.3624 (0.4458)  accuracy: 0.8620 (0.8824)  balanced_accuracy: 0.8135 (0.8686)  pr_auc: 0.9701 (0.9107)  roc_auc: 0.9660 (0.9414)  time: 0.2529  data: 0.0008  max mem: 3483
Test:  [   120/?]  eta: ?  loss: 0.5412 (0.4616)  accuracy: 0.8464 (0.8790)  balanced_accuracy: 0.7924 (0.8609)  pr_auc: 0.9354 (0.9014)  roc_auc: 0.9276 (0.9311)  time: 0.2528  data: 0.0008  max mem: 3483
Test:  [   130/?]  eta: ?  loss: 0.2365 (0.4473)  accuracy: 0.9076 (0.8824)  balanced_accuracy: 0.8374 (0.8660)  pr_auc: 0.9536 (0.8977)  roc_auc: 0.9646 (0.9349)  time: 0.2776  data: 0.0009  max mem: 3483
Test:  [   140/?]  eta: ?  loss: 0.1330 (0.4362)  accuracy: 0.9206 (0.8851)  balanced_accuracy: 0.9331 (0.8707)  pr_auc: 0.9839 (0.9025)  roc_auc: 0.9942 (0.9378)  time: 0.2793  data: 0.0008  max mem: 3483
Test:  [   150/?]  eta: ?  loss: 0.2040 (0.4520)  accuracy: 0.9206 (0.8848)  balanced_accuracy: 0.9149 (0.8706)  pr_auc: 0.9838 (0.9032)  roc_auc: 0.9836 (0.9378)  time: 0.2563  data: 0.0008  max mem: 3483
Test:  [   160/?]  eta: ?  loss: 0.1824 (0.4816)  accuracy: 0.9336 (0.8828)  balanced_accuracy: 0.9432 (0.8703)  pr_auc: 0.9782 (0.8990)  roc_auc: 0.9895 (0.9343)  time: 0.2732  data: 0.0008  max mem: 3483
Test:  [   170/?]  eta: ?  loss: 0.2677 (0.4847)  accuracy: 0.8958 (0.8824)  balanced_accuracy: 0.9432 (0.8695)  pr_auc: 0.9616 (0.8996)  roc_auc: 0.9895 (0.9333)  time: 0.2692  data: 0.0007  max mem: 3483
Test:  [   180/?]  eta: ?  loss: 0.1879 (0.4758)  accuracy: 0.9232 (0.8846)  balanced_accuracy: 0.9431 (0.8731)  pr_auc: 0.9861 (0.8989)  roc_auc: 0.9957 (0.9357)  time: 0.2517  data: 0.0007  max mem: 3483
Test:  [   190/?]  eta: ?  loss: 0.2380 (0.4699)  accuracy: 0.9180 (0.8854)  balanced_accuracy: 0.8918 (0.8718)  pr_auc: 0.9387 (0.8965)  roc_auc: 0.9837 (0.9370)  time: 0.2556  data: 0.0008  max mem: 3483
Test:  [   200/?]  eta: ?  loss: 0.2334 (0.4608)  accuracy: 0.9180 (0.8864)  balanced_accuracy: 0.8918 (0.8736)  pr_auc: 0.9851 (0.9005)  roc_auc: 0.9928 (0.9392)  time: 0.2572  data: 0.0009  max mem: 3483
Test:  [   210/?]  eta: ?  loss: 0.1992 (0.4646)  accuracy: 0.9336 (0.8863)  balanced_accuracy: 0.9177 (0.8719)  pr_auc: 0.9940 (0.8945)  roc_auc: 0.9947 (0.9357)  time: 0.2577  data: 0.0009  max mem: 3483
Test:  [   220/?]  eta: ?  loss: 0.1997 (0.4902)  accuracy: 0.9076 (0.8825)  balanced_accuracy: 0.9177 (0.8671)  pr_auc: 0.9946 (0.8921)  roc_auc: 0.9956 (0.9305)  time: 0.2549  data: 0.0009  max mem: 3483
Test:  [   230/?]  eta: ?  loss: 0.7003 (0.5266)  accuracy: 0.8177 (0.8771)  balanced_accuracy: 0.8603 (0.8615)  pr_auc: 0.9487 (0.8909)  roc_auc: 0.9471 (0.9252)  time: 0.2522  data: 0.0008  max mem: 3483
Test:  [   240/?]  eta: ?  loss: 0.3688 (0.5309)  accuracy: 0.8620 (0.8764)  balanced_accuracy: 0.9001 (0.8615)  pr_auc: 0.9551 (0.8894)  roc_auc: 0.9892 (0.9240)  time: 0.2815  data: 0.0008  max mem: 3483
Test:  [   250/?]  eta: ?  loss: 0.2680 (0.5391)  accuracy: 0.9219 (0.8751)  balanced_accuracy: 0.9383 (0.8605)  pr_auc: 0.9774 (0.8897)  roc_auc: 0.9926 (0.9225)  time: 0.2973  data: 0.0008  max mem: 3483
Test:  [   260/?]  eta: ?  loss: 0.2680 (0.5389)  accuracy: 0.9076 (0.8747)  balanced_accuracy: 0.8988 (0.8600)  pr_auc: 0.9774 (0.8912)  roc_auc: 0.9892 (0.9226)  time: 0.2690  data: 0.0008  max mem: 3483
Test:  [   270/?]  eta: ?  loss: 0.2845 (0.5344)  accuracy: 0.8971 (0.8747)  balanced_accuracy: 0.8777 (0.8593)  pr_auc: 0.9708 (0.8901)  roc_auc: 0.9812 (0.9231)  time: 0.2553  data: 0.0009  max mem: 3483
Test:  [   280/?]  eta: ?  loss: 0.2409 (0.5337)  accuracy: 0.8971 (0.8749)  balanced_accuracy: 0.8763 (0.8587)  pr_auc: 0.9816 (0.8914)  roc_auc: 0.9894 (0.9241)  time: 0.2545  data: 0.0009  max mem: 3483
Test:  [   290/?]  eta: ?  loss: 0.1937 (0.5297)  accuracy: 0.9089 (0.8750)  balanced_accuracy: 0.8733 (0.8586)  pr_auc: 0.9733 (0.8927)  roc_auc: 0.9894 (0.9250)  time: 0.2520  data: 0.0009  max mem: 3483
Test:  [   300/?]  eta: ?  loss: 0.1937 (0.5276)  accuracy: 0.9089 (0.8755)  balanced_accuracy: 0.8736 (0.8581)  pr_auc: 0.9771 (0.8933)  roc_auc: 0.9894 (0.9254)  time: 0.2469  data: 0.0008  max mem: 3483
Test: Total time: 0:01:27 (0.2833 s / it)
* loss 0.529
  → Epoch  16/50 | Train Loss: 0.0711 | Val Loss: 0.5481 | Train Acc: 97.3775% | Val Acc: 87.2758% | LR: 0.000002
Max accuracy val: 87.28%, max accuracy test: 87.53%
Epoch: [16]  [     0/?]  eta: ?  lr: 0.000431  min_lr: 0.000002  loss: 0.0925 (0.0925)  class_acc: 0.9668 (0.9668)  loss_scale: 64.0000 (64.0000)  weight_decay: 0.0500 (0.0500)  grad_norm: 38.1673 (38.1673)  time: 13.5043  data: 12.4312  max mem: 3483
NaN or Inf found in input tensor.
Epoch: [16]  [   500/?]  eta: ?  lr: 0.000431  min_lr: 0.000002  loss: 0.0742 (0.0673)  class_acc: 0.9746 (0.9756)  loss_scale: 32.0000 (40.6228)  weight_decay: 0.0500 (0.0500)  grad_norm: 35.0068 (inf)  time: 1.3360  data: 0.0013  max mem: 3483
NaN or Inf found in input tensor.
Epoch: [16]  [  1000/?]  eta: ?  lr: 0.000431  min_lr: 0.000002  loss: 0.0688 (0.0698)  class_acc: 0.9746 (0.9751)  loss_scale: 16.0000 (33.9181)  weight_decay: 0.0500 (0.0500)  grad_norm: 41.7504 (nan)  time: 1.3299  data: 0.0017  max mem: 3483
Epoch: [16]  [  1500/?]  eta: ?  lr: 0.000431  min_lr: 0.000002  loss: 0.1059 (0.0724)  class_acc: 0.9668 (0.9747)  loss_scale: 16.0000 (27.9494)  weight_decay: 0.0500 (0.0500)  grad_norm: 41.9300 (nan)  time: 1.3433  data: 0.0019  max mem: 3483
Epoch: [16]  [  2000/?]  eta: ?  lr: 0.000431  min_lr: 0.000002  loss: 0.0806 (0.0763)  class_acc: 0.9746 (0.9736)  loss_scale: 16.0000 (24.9635)  weight_decay: 0.0500 (0.0500)  grad_norm: 24.1256 (nan)  time: 1.3201  data: 0.0019  max mem: 3483
Epoch: [16] Total time: 0:48:25 (1.3389 s / it)
Val:  [     0/?]  eta: ?  loss: 0.0772 (0.0772)  accuracy: 0.9766 (0.9766)  balanced_accuracy: 0.9873 (0.9873)  pr_auc: 0.9997 (0.9997)  roc_auc: 1.0000 (1.0000)  time: 9.6517  data: 8.9739  max mem: 3483
Val:  [    10/?]  eta: ?  loss: 0.0794 (0.5452)  accuracy: 0.9609 (0.8770)  balanced_accuracy: 0.9170 (0.8613)  pr_auc: 0.9710 (0.9160)  roc_auc: 0.9863 (0.8980)  time: 1.1095  data: 0.8166  max mem: 3483
Val:  [    20/?]  eta: ?  loss: 0.0794 (0.4610)  accuracy: 0.9440 (0.8953)  balanced_accuracy: 0.9170 (0.8670)  pr_auc: 0.9710 (0.9241)  roc_auc: 0.9855 (0.9072)  time: 0.2760  data: 0.0008  max mem: 3483
Val:  [    30/?]  eta: ?  loss: 0.1843 (0.3938)  accuracy: 0.9440 (0.9078)  balanced_accuracy: 0.9170 (0.8837)  pr_auc: 0.9667 (0.9250)  roc_auc: 0.9693 (0.9270)  time: 0.2747  data: 0.0008  max mem: 3483
Val:  [    40/?]  eta: ?  loss: 0.1892 (0.4023)  accuracy: 0.9336 (0.8963)  balanced_accuracy: 0.9385 (0.8794)  pr_auc: 0.9667 (0.9162)  roc_auc: 0.9803 (0.9321)  time: 0.2556  data: 0.0008  max mem: 3483
Val:  [    50/?]  eta: ?  loss: 0.2510 (0.3968)  accuracy: 0.8919 (0.8944)  balanced_accuracy: 0.8871 (0.8783)  pr_auc: 0.9388 (0.9206)  roc_auc: 0.9604 (0.9367)  time: 0.2575  data: 0.0009  max mem: 3483
Val:  [    60/?]  eta: ?  loss: 0.3177 (0.4321)  accuracy: 0.8724 (0.8861)  balanced_accuracy: 0.8555 (0.8681)  pr_auc: 0.9297 (0.9066)  roc_auc: 0.9494 (0.9287)  time: 0.2558  data: 0.0008  max mem: 3483
Val:  [    70/?]  eta: ?  loss: 0.6212 (0.4771)  accuracy: 0.8099 (0.8761)  balanced_accuracy: 0.8438 (0.8583)  pr_auc: 0.9174 (0.9015)  roc_auc: 0.9191 (0.9234)  time: 0.2732  data: 0.0008  max mem: 3483
Val:  [    80/?]  eta: ?  loss: 0.3446 (0.4522)  accuracy: 0.8698 (0.8820)  balanced_accuracy: 0.8189 (0.8600)  pr_auc: 0.9174 (0.8920)  roc_auc: 0.9166 (0.9226)  time: 0.2708  data: 0.0008  max mem: 3483
Val:  [    90/?]  eta: ?  loss: 0.2485 (0.4469)  accuracy: 0.9271 (0.8829)  balanced_accuracy: 0.8854 (0.8618)  pr_auc: 0.9823 (0.8973)  roc_auc: 0.9570 (0.9280)  time: 0.2524  data: 0.0008  max mem: 3483
Val:  [   100/?]  eta: ?  loss: 0.2495 (0.4610)  accuracy: 0.8997 (0.8800)  balanced_accuracy: 0.8639 (0.8619)  pr_auc: 0.9535 (0.8942)  roc_auc: 0.9643 (0.9280)  time: 0.2537  data: 0.0008  max mem: 3483
Val:  [   110/?]  eta: ?  loss: 0.3086 (0.4676)  accuracy: 0.8438 (0.8794)  balanced_accuracy: 0.8639 (0.8640)  pr_auc: 0.9366 (0.8836)  roc_auc: 0.9504 (0.9288)  time: 0.2528  data: 0.0008  max mem: 3483
Val:  [   120/?]  eta: ?  loss: 0.3462 (0.4763)  accuracy: 0.8542 (0.8777)  balanced_accuracy: 0.9070 (0.8669)  pr_auc: 0.9759 (0.8892)  roc_auc: 0.9786 (0.9312)  time: 0.2520  data: 0.0008  max mem: 3483
Val:  [   130/?]  eta: ?  loss: 0.5242 (0.5006)  accuracy: 0.8477 (0.8721)  balanced_accuracy: 0.8577 (0.8641)  pr_auc: 0.9780 (0.8881)  roc_auc: 0.9786 (0.9304)  time: 0.2506  data: 0.0008  max mem: 3483
Val:  [   140/?]  eta: ?  loss: 0.4916 (0.5354)  accuracy: 0.8464 (0.8650)  balanced_accuracy: 0.8427 (0.8588)  pr_auc: 0.9780 (0.8824)  roc_auc: 0.9778 (0.9261)  time: 0.2704  data: 0.0008  max mem: 3483
Val:  [   150/?]  eta: ?  loss: 0.3419 (0.5249)  accuracy: 0.8815 (0.8665)  balanced_accuracy: 0.8857 (0.8608)  pr_auc: 0.9780 (0.8865)  roc_auc: 0.9778 (0.9277)  time: 0.2877  data: 0.0008  max mem: 3483
Val:  [   160/?]  eta: ?  loss: 0.2602 (0.5212)  accuracy: 0.9049 (0.8667)  balanced_accuracy: 0.9104 (0.8598)  pr_auc: 0.9719 (0.8865)  roc_auc: 0.9778 (0.9274)  time: 0.2688  data: 0.0008  max mem: 3483
Val:  [   170/?]  eta: ?  loss: 0.2162 (0.5148)  accuracy: 0.9206 (0.8669)  balanced_accuracy: 0.9095 (0.8578)  pr_auc: 0.9025 (0.8823)  roc_auc: 0.9689 (0.9251)  time: 0.2533  data: 0.0008  max mem: 3483
Val:  [   180/?]  eta: ?  loss: 0.1976 (0.5028)  accuracy: 0.9271 (0.8700)  balanced_accuracy: 0.8958 (0.8591)  pr_auc: 0.9719 (0.8821)  roc_auc: 0.9667 (0.9243)  time: 0.2538  data: 0.0008  max mem: 3483
Val:  [   190/?]  eta: ?  loss: 0.1120 (0.4954)  accuracy: 0.9622 (0.8702)  balanced_accuracy: 0.9216 (0.8609)  pr_auc: 0.9961 (0.8860)  roc_auc: 0.9962 (0.9262)  time: 0.2544  data: 0.0008  max mem: 3483
Val:  [   200/?]  eta: ?  loss: 0.1270 (0.4810)  accuracy: 0.9310 (0.8728)  balanced_accuracy: 0.9260 (0.8649)  pr_auc: 0.9961 (0.8916)  roc_auc: 0.9962 (0.9295)  time: 0.2547  data: 0.0008  max mem: 3483
Val:  [   210/?]  eta: ?  loss: 0.1270 (0.4724)  accuracy: 0.9310 (0.8747)  balanced_accuracy: 0.9277 (0.8665)  pr_auc: 0.9939 (0.8922)  roc_auc: 0.9942 (0.9292)  time: 0.2695  data: 0.0009  max mem: 3483
Val:  [   220/?]  eta: ?  loss: 0.1667 (0.4671)  accuracy: 0.9297 (0.8754)  balanced_accuracy: 0.9277 (0.8650)  pr_auc: 0.9939 (0.8917)  roc_auc: 0.9941 (0.9302)  time: 0.2697  data: 0.0009  max mem: 3483
Val:  [   230/?]  eta: ?  loss: 0.1667 (0.4560)  accuracy: 0.9206 (0.8759)  balanced_accuracy: 0.9297 (0.8666)  pr_auc: 0.9927 (0.8946)  roc_auc: 0.9935 (0.9323)  time: 0.2534  data: 0.0008  max mem: 3483
Val:  [   240/?]  eta: ?  loss: 0.2155 (0.4492)  accuracy: 0.9180 (0.8745)  balanced_accuracy: 0.9373 (0.8688)  pr_auc: 0.9926 (0.8970)  roc_auc: 0.9966 (0.9339)  time: 0.2521  data: 0.0008  max mem: 3483
Val:  [   250/?]  eta: ?  loss: 0.1456 (0.4527)  accuracy: 0.9180 (0.8741)  balanced_accuracy: 0.9549 (0.8700)  pr_auc: 0.9978 (0.8960)  roc_auc: 0.9978 (0.9340)  time: 0.2787  data: 0.0008  max mem: 3483
Val:  [   260/?]  eta: ?  loss: 0.1200 (0.4502)  accuracy: 0.9492 (0.8757)  balanced_accuracy: 0.9601 (0.8723)  pr_auc: 0.9971 (0.8964)  roc_auc: 0.9976 (0.9360)  time: 0.2962  data: 0.0009  max mem: 3483
Val:  [   270/?]  eta: ?  loss: 0.1200 (0.4469)  accuracy: 0.9492 (0.8766)  balanced_accuracy: 0.9596 (0.8736)  pr_auc: 0.9902 (0.8960)  roc_auc: 0.9959 (0.9376)  time: 0.2727  data: 0.0009  max mem: 3483
Val:  [   280/?]  eta: ?  loss: 0.2688 (0.4537)  accuracy: 0.9076 (0.8764)  balanced_accuracy: 0.9158 (0.8742)  pr_auc: 0.9786 (0.8918)  roc_auc: 0.9882 (0.9371)  time: 0.2562  data: 0.0008  max mem: 3483
Val:  [   290/?]  eta: ?  loss: 0.2688 (0.4623)  accuracy: 0.9023 (0.8748)  balanced_accuracy: 0.8908 (0.8709)  pr_auc: 0.9666 (0.8902)  roc_auc: 0.9728 (0.9340)  time: 0.2535  data: 0.0008  max mem: 3483
Val:  [   300/?]  eta: ?  loss: 0.4962 (0.4819)  accuracy: 0.8516 (0.8710)  balanced_accuracy: 0.8206 (0.8663)  pr_auc: 0.9627 (0.8860)  roc_auc: 0.9521 (0.9290)  time: 0.2521  data: 0.0008  max mem: 3483
Val:  [   310/?]  eta: ?  loss: 0.6288 (0.4978)  accuracy: 0.7914 (0.8677)  balanced_accuracy: 0.8021 (0.8629)  pr_auc: 0.9502 (0.8830)  roc_auc: 0.9084 (0.9252)  time: 0.2588  data: 0.0007  max mem: 3483
Val: Total time: 0:01:33 (0.2916 s / it)
* loss 0.508
Test:  [     0/?]  eta: ?  loss: 0.2698 (0.2698)  accuracy: 0.9414 (0.9414)  balanced_accuracy: 0.9413 (0.9413)  pr_auc: 0.9677 (0.9677)  roc_auc: 0.9379 (0.9379)  time: 8.0691  data: 7.7591  max mem: 3483
Test:  [    10/?]  eta: ?  loss: 0.2680 (0.3942)  accuracy: 0.9049 (0.8963)  balanced_accuracy: 0.8887 (0.8587)  pr_auc: 0.9454 (0.8418)  roc_auc: 0.9724 (0.9230)  time: 1.0193  data: 0.7062  max mem: 3483
Test:  [    20/?]  eta: ?  loss: 0.2317 (0.3666)  accuracy: 0.9049 (0.8925)  balanced_accuracy: 0.8823 (0.8655)  pr_auc: 0.9454 (0.8905)  roc_auc: 0.9724 (0.9398)  time: 0.2908  data: 0.0008  max mem: 3483
Test:  [    30/?]  eta: ?  loss: 0.2112 (0.3813)  accuracy: 0.9193 (0.8886)  balanced_accuracy: 0.8711 (0.8686)  pr_auc: 0.9624 (0.9084)  roc_auc: 0.9606 (0.9383)  time: 0.2669  data: 0.0008  max mem: 3483
Test:  [    40/?]  eta: ?  loss: 0.1953 (0.3917)  accuracy: 0.9128 (0.8917)  balanced_accuracy: 0.9301 (0.8859)  pr_auc: 0.9768 (0.9136)  roc_auc: 0.9743 (0.9445)  time: 0.2666  data: 0.0008  max mem: 3483
Test:  [    50/?]  eta: ?  loss: 0.2949 (0.3889)  accuracy: 0.8958 (0.8928)  balanced_accuracy: 0.9348 (0.8829)  pr_auc: 0.9840 (0.9069)  roc_auc: 0.9865 (0.9438)  time: 0.2912  data: 0.0009  max mem: 3483
Test:  [    60/?]  eta: ?  loss: 0.2312 (0.3669)  accuracy: 0.9102 (0.8964)  balanced_accuracy: 0.9297 (0.8808)  pr_auc: 0.9787 (0.8964)  roc_auc: 0.9885 (0.9324)  time: 0.2890  data: 0.0009  max mem: 3483
Test:  [    70/?]  eta: ?  loss: 0.2223 (0.3800)  accuracy: 0.9102 (0.8947)  balanced_accuracy: 0.9238 (0.8820)  pr_auc: 0.9482 (0.8950)  roc_auc: 0.9885 (0.9288)  time: 0.2643  data: 0.0008  max mem: 3483
Test:  [    80/?]  eta: ?  loss: 0.1782 (0.3981)  accuracy: 0.8750 (0.8899)  balanced_accuracy: 0.9457 (0.8830)  pr_auc: 0.9787 (0.8967)  roc_auc: 0.9947 (0.9267)  time: 0.2651  data: 0.0008  max mem: 3483
Test:  [    90/?]  eta: ?  loss: 0.3681 (0.4019)  accuracy: 0.8203 (0.8860)  balanced_accuracy: 0.9062 (0.8805)  pr_auc: 0.9844 (0.8992)  roc_auc: 0.9947 (0.9273)  time: 0.2635  data: 0.0008  max mem: 3483
Test:  [   100/?]  eta: ?  loss: 0.4025 (0.4079)  accuracy: 0.8203 (0.8841)  balanced_accuracy: 0.8606 (0.8755)  pr_auc: 0.9751 (0.9000)  roc_auc: 0.9629 (0.9255)  time: 0.2623  data: 0.0008  max mem: 3483
Test:  [   110/?]  eta: ?  loss: 0.5923 (0.4271)  accuracy: 0.8372 (0.8778)  balanced_accuracy: 0.8047 (0.8658)  pr_auc: 0.9725 (0.8995)  roc_auc: 0.9175 (0.9234)  time: 0.2622  data: 0.0008  max mem: 3483
Test:  [   120/?]  eta: ?  loss: 0.5923 (0.4422)  accuracy: 0.8190 (0.8735)  balanced_accuracy: 0.7819 (0.8560)  pr_auc: 0.9098 (0.8898)  roc_auc: 0.8674 (0.9147)  time: 0.2984  data: 0.0008  max mem: 3483
Test:  [   130/?]  eta: ?  loss: 0.2106 (0.4257)  accuracy: 0.9180 (0.8783)  balanced_accuracy: 0.8942 (0.8626)  pr_auc: 0.9266 (0.8873)  roc_auc: 0.9736 (0.9197)  time: 0.2973  data: 0.0008  max mem: 3483
Test:  [   140/?]  eta: ?  loss: 0.1561 (0.4157)  accuracy: 0.9362 (0.8797)  balanced_accuracy: 0.9436 (0.8655)  pr_auc: 0.9845 (0.8925)  roc_auc: 0.9885 (0.9223)  time: 0.2634  data: 0.0008  max mem: 3483
Test:  [   150/?]  eta: ?  loss: 0.2081 (0.4308)  accuracy: 0.9297 (0.8767)  balanced_accuracy: 0.9436 (0.8612)  pr_auc: 0.9661 (0.8933)  roc_auc: 0.9829 (0.9202)  time: 0.2668  data: 0.0008  max mem: 3483
Test:  [   160/?]  eta: ?  loss: 0.2081 (0.4503)  accuracy: 0.9010 (0.8741)  balanced_accuracy: 0.9460 (0.8605)  pr_auc: 0.9833 (0.8909)  roc_auc: 0.9944 (0.9187)  time: 0.2650  data: 0.0008  max mem: 3483
Test:  [   170/?]  eta: ?  loss: 0.2272 (0.4481)  accuracy: 0.8932 (0.8749)  balanced_accuracy: 0.9460 (0.8602)  pr_auc: 0.9833 (0.8919)  roc_auc: 0.9942 (0.9183)  time: 0.2587  data: 0.0008  max mem: 3483
Test:  [   180/?]  eta: ?  loss: 0.1589 (0.4354)  accuracy: 0.9466 (0.8788)  balanced_accuracy: 0.9595 (0.8653)  pr_auc: 0.9909 (0.8955)  roc_auc: 0.9942 (0.9220)  time: 0.2594  data: 0.0008  max mem: 3483
Test:  [   190/?]  eta: ?  loss: 0.2617 (0.4333)  accuracy: 0.9023 (0.8787)  balanced_accuracy: 0.9147 (0.8641)  pr_auc: 0.9593 (0.8910)  roc_auc: 0.9895 (0.9231)  time: 0.2655  data: 0.0009  max mem: 3483
Test:  [   200/?]  eta: ?  loss: 0.2857 (0.4267)  accuracy: 0.8958 (0.8796)  balanced_accuracy: 0.8491 (0.8659)  pr_auc: 0.9579 (0.8954)  roc_auc: 0.9773 (0.9261)  time: 0.2813  data: 0.0009  max mem: 3483
Test:  [   210/?]  eta: ?  loss: 0.2340 (0.4291)  accuracy: 0.9180 (0.8796)  balanced_accuracy: 0.8866 (0.8644)  pr_auc: 0.9926 (0.8895)  roc_auc: 0.9854 (0.9229)  time: 0.2801  data: 0.0008  max mem: 3483
Test:  [   220/?]  eta: ?  loss: 0.1839 (0.4531)  accuracy: 0.9180 (0.8750)  balanced_accuracy: 0.8820 (0.8587)  pr_auc: 0.9937 (0.8863)  roc_auc: 0.9911 (0.9164)  time: 0.2623  data: 0.0008  max mem: 3483
Test:  [   230/?]  eta: ?  loss: 0.5126 (0.4821)  accuracy: 0.7826 (0.8700)  balanced_accuracy: 0.8125 (0.8536)  pr_auc: 0.9597 (0.8853)  roc_auc: 0.9555 (0.9113)  time: 0.2798  data: 0.0009  max mem: 3483
Test:  [   240/?]  eta: ?  loss: 0.3580 (0.4854)  accuracy: 0.8646 (0.8697)  balanced_accuracy: 0.9165 (0.8527)  pr_auc: 0.9673 (0.8844)  roc_auc: 0.9902 (0.9103)  time: 0.2827  data: 0.0009  max mem: 3483
Test:  [   250/?]  eta: ?  loss: 0.3098 (0.4965)  accuracy: 0.9023 (0.8679)  balanced_accuracy: 0.9268 (0.8514)  pr_auc: 0.9734 (0.8855)  roc_auc: 0.9902 (0.9080)  time: 0.2669  data: 0.0009  max mem: 3483
Test:  [   260/?]  eta: ?  loss: 0.2825 (0.4956)  accuracy: 0.8906 (0.8678)  balanced_accuracy: 0.9126 (0.8505)  pr_auc: 0.9765 (0.8859)  roc_auc: 0.9863 (0.9088)  time: 0.2651  data: 0.0009  max mem: 3483
Test:  [   270/?]  eta: ?  loss: 0.2343 (0.4942)  accuracy: 0.9062 (0.8676)  balanced_accuracy: 0.8944 (0.8497)  pr_auc: 0.9765 (0.8850)  roc_auc: 0.9863 (0.9088)  time: 0.2796  data: 0.0008  max mem: 3483
Test:  [   280/?]  eta: ?  loss: 0.2211 (0.4940)  accuracy: 0.9219 (0.8679)  balanced_accuracy: 0.8381 (0.8489)  pr_auc: 0.9765 (0.8867)  roc_auc: 0.9900 (0.9101)  time: 0.2784  data: 0.0008  max mem: 3483
Test:  [   290/?]  eta: ?  loss: 0.2211 (0.4895)  accuracy: 0.9036 (0.8685)  balanced_accuracy: 0.8249 (0.8492)  pr_auc: 0.9713 (0.8879)  roc_auc: 0.9904 (0.9114)  time: 0.2595  data: 0.0008  max mem: 3483
Test:  [   300/?]  eta: ?  loss: 0.2099 (0.4875)  accuracy: 0.9193 (0.8693)  balanced_accuracy: 0.8565 (0.8490)  pr_auc: 0.9713 (0.8878)  roc_auc: 0.9886 (0.9117)  time: 0.2521  data: 0.0008  max mem: 3483
Test: Total time: 0:01:32 (0.2974 s / it)
* loss 0.491
  → Epoch  17/50 | Train Loss: 0.0768 | Val Loss: 0.5081 | Train Acc: 97.3371% | Val Acc: 86.7408% | LR: 0.000002
Max accuracy val: 87.28%, max accuracy test: 87.53%
Epoch: [17]  [     0/?]  eta: ?  lr: 0.000419  min_lr: 0.000002  loss: 0.0842 (0.0842)  class_acc: 0.9727 (0.9727)  loss_scale: 16.0000 (16.0000)  weight_decay: 0.0500 (0.0500)  grad_norm: 65.6749 (65.6749)  time: 13.5347  data: 12.4713  max mem: 3483
Epoch: [17]  [   500/?]  eta: ?  lr: 0.000419  min_lr: 0.000002  loss: 0.0812 (0.0773)  class_acc: 0.9727 (0.9726)  loss_scale: 16.0000 (16.0000)  weight_decay: 0.0500 (0.0500)  grad_norm: 24.1138 (32.8740)  time: 1.3451  data: 0.0016  max mem: 3483
WARNING: NaN/Inf in model output at epoch 17, step 657 - skipping batch
  Output stats: min=nan, max=nan, mean=nan
WARNING: Skipping batch (loss=nan, output_has_nan=True) at epoch 17, step 657
  Loss scale: 16.0
  Learning rate: 1.5485875189316493e-06
  Total skipped batches this epoch: 1
WARNING: NaN/Inf in model output at epoch 17, step 659 - skipping batch
  Output stats: min=nan, max=nan, mean=nan
WARNING: Skipping batch (loss=nan, output_has_nan=True) at epoch 17, step 659
  Loss scale: 16.0
  Learning rate: 1.5485865786454045e-06
  Total skipped batches this epoch: 1
WARNING: NaN/Inf in model output at epoch 17, step 661 - skipping batch
  Output stats: min=nan, max=nan, mean=nan
WARNING: Skipping batch (loss=nan, output_has_nan=True) at epoch 17, step 661
  Loss scale: 16.0
  Learning rate: 1.5485856383579784e-06
  Total skipped batches this epoch: 1
WARNING: NaN/Inf in model output at epoch 17, step 662 - skipping batch
  Output stats: min=nan, max=nan, mean=nan
WARNING: Skipping batch (loss=nan, output_has_nan=True) at epoch 17, step 662
  Loss scale: 16.0
  Learning rate: 1.5485851682138223e-06
  Total skipped batches this epoch: 2
WARNING: NaN/Inf in model output at epoch 17, step 663 - skipping batch
  Output stats: min=nan, max=nan, mean=nan
WARNING: Skipping batch (loss=nan, output_has_nan=True) at epoch 17, step 663
  Loss scale: 16.0
  Learning rate: 1.5485846980693714e-06
  Total skipped batches this epoch: 3
WARNING: NaN/Inf in model output at epoch 17, step 665 - skipping batch
  Output stats: min=nan, max=nan, mean=nan
WARNING: Skipping batch (loss=nan, output_has_nan=True) at epoch 17, step 665
  Loss scale: 16.0
  Learning rate: 1.5485837577795834e-06
  Total skipped batches this epoch: 1
WARNING: NaN/Inf in model output at epoch 17, step 666 - skipping batch
  Output stats: min=nan, max=nan, mean=nan
WARNING: Skipping batch (loss=nan, output_has_nan=True) at epoch 17, step 666
  Loss scale: 16.0
  Learning rate: 1.5485832876342463e-06
  Total skipped batches this epoch: 2
WARNING: NaN/Inf in model output at epoch 17, step 667 - skipping batch
  Output stats: min=nan, max=nan, mean=nan
WARNING: Skipping batch (loss=nan, output_has_nan=True) at epoch 17, step 667
  Loss scale: 16.0
  Learning rate: 1.5485828174886143e-06
  Total skipped batches this epoch: 3
WARNING: NaN/Inf in model output at epoch 17, step 668 - skipping batch
  Output stats: min=nan, max=nan, mean=nan
WARNING: Skipping batch (loss=nan, output_has_nan=True) at epoch 17, step 668
  Loss scale: 16.0
  Learning rate: 1.548582347342687e-06
  Total skipped batches this epoch: 4
WARNING: NaN/Inf in model output at epoch 17, step 669 - skipping batch
  Output stats: min=nan, max=nan, mean=nan
WARNING: Skipping batch (loss=nan, output_has_nan=True) at epoch 17, step 669
  Loss scale: 16.0
  Learning rate: 1.548581877196464e-06
  Total skipped batches this epoch: 5
WARNING: NaN/Inf in model output at epoch 17, step 670 - skipping batch
  Output stats: min=nan, max=nan, mean=nan
WARNING: Skipping batch (loss=nan, output_has_nan=True) at epoch 17, step 670
  Loss scale: 16.0
  Learning rate: 1.5485814070499462e-06
  Total skipped batches this epoch: 6
ERROR: Skipped 6 batches in a row. Training unstable, stopping.
  This suggests the model may be corrupted or there's a systematic issue.

Training unstable: too many consecutive NaN/Inf batches
Loading best checkpoint for final evaluation (see below).
Training time 18:29:23

Loading best model from labram_gender_2s_20260226_094535/output/checkpoint-best.pth for final evaluation...

================================================================================
Final evaluation by task type (active/passive)
================================================================================

============================================================
Counting samples by task type...
============================================================

============================================================
Evaluating on active tasks (35,284 samples)...
============================================================
Active Test:  [     0/?]  eta: ?  loss: 0.0021 (0.0021)  accuracy: 1.0000 (1.0000)  time: 7.9592  data: 6.9714  max mem: 6614
Active Test:  [    10/?]  eta: ?  loss: 0.0612 (0.2211)  accuracy: 0.9844 (0.9176)  balanced_accuracy: 0.9545 (0.9547)  pr_auc: 0.9961 (0.9886)  roc_auc: 0.9864 (0.9906)  time: 0.9064  data: 0.6341  max mem: 6614
Active Test:  [    20/?]  eta: ?  loss: 0.1225 (0.2671)  accuracy: 0.9531 (0.9115)  balanced_accuracy: 0.9646 (0.9238)  pr_auc: 0.9984 (0.9783)  roc_auc: 0.9967 (0.9551)  time: 0.1944  data: 0.0004  max mem: 6614
Active Test:  [    30/?]  eta: ?  loss: 0.1225 (0.2625)  accuracy: 0.9531 (0.9093)  balanced_accuracy: 0.9881 (0.9381)  pr_auc: 1.0000 (0.9851)  roc_auc: 1.0000 (0.9693)  time: 0.2154  data: 0.0004  max mem: 6614
Active Test:  [    40/?]  eta: ?  loss: 0.1985 (0.3192)  accuracy: 0.8594 (0.8914)  balanced_accuracy: 1.0000 (0.9333)  pr_auc: 1.0000 (0.9827)  roc_auc: 1.0000 (0.9578)  time: 0.2135  data: 0.0003  max mem: 6614
Active Test:  [    50/?]  eta: ?  loss: 0.0191 (0.3781)  accuracy: 1.0000 (0.8912)  balanced_accuracy: 1.0000 (0.9397)  pr_auc: 1.0000 (0.9772)  roc_auc: 1.0000 (0.9629)  time: 0.1858  data: 0.0003  max mem: 6614
Active Test:  [    60/?]  eta: ?  loss: 0.0191 (0.4872)  accuracy: 1.0000 (0.8824)  balanced_accuracy: 1.0000 (0.9438)  pr_auc: 1.0000 (0.9609)  roc_auc: 1.0000 (0.9647)  time: 0.1868  data: 0.0004  max mem: 6614
Active Test:  [    70/?]  eta: ?  loss: 0.1890 (0.4981)  accuracy: 0.9219 (0.8807)  balanced_accuracy: 0.9767 (0.9298)  pr_auc: 1.0000 (0.9540)  roc_auc: 1.0000 (0.9641)  time: 0.1860  data: 0.0004  max mem: 6614
Active Test:  [    80/?]  eta: ?  loss: 0.1977 (0.4967)  accuracy: 0.8906 (0.8796)  balanced_accuracy: 0.8636 (0.9224)  pr_auc: 1.0000 (0.9574)  roc_auc: 1.0000 (0.9677)  time: 0.1854  data: 0.0003  max mem: 6614
Active Test:  [    90/?]  eta: ?  loss: 0.2258 (0.4970)  accuracy: 0.8594 (0.8788)  balanced_accuracy: 0.8488 (0.9174)  pr_auc: 1.0000 (0.9523)  roc_auc: 1.0000 (0.9663)  time: 0.1853  data: 0.0003  max mem: 6614
Active Test:  [   100/?]  eta: ?  loss: 0.1634 (0.4677)  accuracy: 0.9062 (0.8841)  balanced_accuracy: 0.8953 (0.9147)  pr_auc: 0.9990 (0.9535)  roc_auc: 0.9978 (0.9671)  time: 0.1858  data: 0.0003  max mem: 6614
Active Test:  [   110/?]  eta: ?  loss: 0.1473 (0.4686)  accuracy: 0.9375 (0.8846)  balanced_accuracy: 0.9024 (0.9057)  pr_auc: 0.9930 (0.9424)  roc_auc: 0.9939 (0.9592)  time: 0.1938  data: 0.0004  max mem: 6614
Active Test:  [   120/?]  eta: ?  loss: 0.0751 (0.4589)  accuracy: 0.9688 (0.8877)  balanced_accuracy: 0.9676 (0.9082)  pr_auc: 0.9989 (0.9433)  roc_auc: 0.9979 (0.9617)  time: 0.2104  data: 0.0004  max mem: 6614
Active Test:  [   130/?]  eta: ?  loss: 0.0751 (0.4836)  accuracy: 0.9688 (0.8847)  balanced_accuracy: 0.9881 (0.9086)  pr_auc: 0.9989 (0.9407)  roc_auc: 0.9983 (0.9639)  time: 0.2019  data: 0.0003  max mem: 6614
Active Test:  [   140/?]  eta: ?  loss: 0.3298 (0.5001)  accuracy: 0.8750 (0.8810)  balanced_accuracy: 0.9565 (0.8983)  pr_auc: 1.0000 (0.9282)  roc_auc: 1.0000 (0.9492)  time: 0.1862  data: 0.0003  max mem: 6614
Active Test:  [   150/?]  eta: ?  loss: 0.0395 (0.5391)  accuracy: 0.8594 (0.8741)  balanced_accuracy: 0.9565 (0.8931)  pr_auc: 1.0000 (0.9227)  roc_auc: 1.0000 (0.9470)  time: 0.1853  data: 0.0003  max mem: 6614
Active Test:  [   160/?]  eta: ?  loss: 0.0395 (0.5545)  accuracy: 0.9844 (0.8740)  balanced_accuracy: 0.9762 (0.8900)  pr_auc: 1.0000 (0.9139)  roc_auc: 1.0000 (0.9351)  time: 0.1859  data: 0.0003  max mem: 6614
Active Test:  [   170/?]  eta: ?  loss: 0.0260 (0.5333)  accuracy: 0.9844 (0.8780)  balanced_accuracy: 0.9878 (0.8945)  pr_auc: 1.0000 (0.9206)  roc_auc: 1.0000 (0.9401)  time: 0.1926  data: 0.0003  max mem: 6614
Active Test:  [   180/?]  eta: ?  loss: 0.1986 (0.5410)  accuracy: 0.9219 (0.8789)  balanced_accuracy: 0.9364 (0.8949)  pr_auc: 1.0000 (0.9199)  roc_auc: 1.0000 (0.9405)  time: 0.1934  data: 0.0003  max mem: 6614
Active Test:  [   190/?]  eta: ?  loss: 0.2559 (0.5726)  accuracy: 0.9062 (0.8763)  balanced_accuracy: 0.8810 (0.8910)  pr_auc: 1.0000 (0.9156)  roc_auc: 1.0000 (0.9374)  time: 0.1893  data: 0.0004  max mem: 6614
Active Test:  [   200/?]  eta: ?  loss: 0.4094 (0.5879)  accuracy: 0.8281 (0.8728)  balanced_accuracy: 0.8571 (0.8876)  pr_auc: 0.9991 (0.9093)  roc_auc: 0.9974 (0.9370)  time: 0.1888  data: 0.0004  max mem: 6614
Active Test:  [   210/?]  eta: ?  loss: 1.1144 (0.6122)  accuracy: 0.7031 (0.8672)  balanced_accuracy: 0.8843 (0.8866)  pr_auc: 0.9359 (0.9093)  roc_auc: 0.9838 (0.9380)  time: 0.1994  data: 0.0004  max mem: 6614
Active Test:  [   220/?]  eta: ?  loss: 0.1709 (0.6007)  accuracy: 0.8594 (0.8697)  balanced_accuracy: 0.9524 (0.8903)  pr_auc: 0.9959 (0.9129)  roc_auc: 0.9978 (0.9404)  time: 0.1976  data: 0.0004  max mem: 6614
Active Test:  [   230/?]  eta: ?  loss: 0.0769 (0.5801)  accuracy: 0.9844 (0.8736)  balanced_accuracy: 0.9524 (0.8903)  pr_auc: 0.9907 (0.9152)  roc_auc: 0.9956 (0.9420)  time: 0.1847  data: 0.0003  max mem: 6614
Active Test:  [   240/?]  eta: ?  loss: 0.0614 (0.5633)  accuracy: 0.9688 (0.8760)  balanced_accuracy: 0.9646 (0.8906)  pr_auc: 0.9959 (0.9166)  roc_auc: 0.9978 (0.9434)  time: 0.1849  data: 0.0003  max mem: 6614
Active Test:  [   250/?]  eta: ?  loss: 0.0614 (0.5469)  accuracy: 0.9688 (0.8789)  balanced_accuracy: 0.9737 (0.8929)  pr_auc: 1.0000 (0.9195)  roc_auc: 1.0000 (0.9452)  time: 0.1864  data: 0.0003  max mem: 6614
Active Test:  [   260/?]  eta: ?  loss: 0.0857 (0.5321)  accuracy: 0.9688 (0.8798)  balanced_accuracy: 0.9750 (0.8916)  pr_auc: 1.0000 (0.9230)  roc_auc: 1.0000 (0.9476)  time: 0.1875  data: 0.0004  max mem: 6614
Active Test:  [   270/?]  eta: ?  loss: 0.0438 (0.5155)  accuracy: 0.9844 (0.8820)  balanced_accuracy: 0.9767 (0.8935)  pr_auc: 1.0000 (0.9260)  roc_auc: 1.0000 (0.9496)  time: 0.1876  data: 0.0003  max mem: 6614
Active Test:  [   280/?]  eta: ?  loss: 0.0138 (0.4998)  accuracy: 0.9844 (0.8836)  balanced_accuracy: 0.9853 (0.8953)  pr_auc: 1.0000 (0.9291)  roc_auc: 1.0000 (0.9518)  time: 0.1875  data: 0.0003  max mem: 6614
Active Test:  [   290/?]  eta: ?  loss: 0.0680 (0.4876)  accuracy: 0.9844 (0.8862)  balanced_accuracy: 0.9853 (0.8969)  pr_auc: 1.0000 (0.9304)  roc_auc: 1.0000 (0.9526)  time: 0.1858  data: 0.0003  max mem: 6614
Active Test:  [   300/?]  eta: ?  loss: 0.0395 (0.4750)  accuracy: 0.9844 (0.8887)  balanced_accuracy: 0.9881 (0.8988)  pr_auc: 1.0000 (0.9320)  roc_auc: 1.0000 (0.9537)  time: 0.1998  data: 0.0003  max mem: 6614
Active Test:  [   310/?]  eta: ?  loss: 0.0043 (0.4604)  accuracy: 1.0000 (0.8921)  balanced_accuracy: 1.0000 (0.9017)  pr_auc: 1.0000 (0.9340)  roc_auc: 1.0000 (0.9551)  time: 0.2006  data: 0.0003  max mem: 6614
Active Test:  [   320/?]  eta: ?  loss: 0.0023 (0.4505)  accuracy: 1.0000 (0.8936)  balanced_accuracy: 0.9919 (0.9015)  pr_auc: 1.0000 (0.9360)  roc_auc: 1.0000 (0.9564)  time: 0.1886  data: 0.0003  max mem: 6614
Active Test:  [   330/?]  eta: ?  loss: 0.1306 (0.4474)  accuracy: 0.9062 (0.8918)  balanced_accuracy: 0.9844 (0.8992)  pr_auc: 1.0000 (0.9352)  roc_auc: 1.0000 (0.9558)  time: 0.1912  data: 0.0004  max mem: 6614
Active Test:  [   340/?]  eta: ?  loss: 0.1673 (0.4414)  accuracy: 0.9531 (0.8931)  balanced_accuracy: 0.9032 (0.8981)  pr_auc: 1.0000 (0.9331)  roc_auc: 1.0000 (0.9555)  time: 0.1876  data: 0.0003  max mem: 6614
Active Test:  [   350/?]  eta: ?  loss: 0.0203 (0.4475)  accuracy: 0.9844 (0.8934)  balanced_accuracy: 0.9062 (0.8996)  pr_auc: 1.0000 (0.9344)  roc_auc: 1.0000 (0.9564)  time: 0.1845  data: 0.0003  max mem: 6614
Active Test:  [   360/?]  eta: ?  loss: 0.1010 (0.4561)  accuracy: 0.9219 (0.8918)  balanced_accuracy: 0.9219 (0.8993)  pr_auc: 1.0000 (0.9350)  roc_auc: 1.0000 (0.9572)  time: 0.1855  data: 0.0003  max mem: 6614
Active Test:  [   370/?]  eta: ?  loss: 0.1010 (0.4476)  accuracy: 0.9375 (0.8914)  balanced_accuracy: 0.9375 (0.8970)  pr_auc: 1.0000 (0.9362)  roc_auc: 1.0000 (0.9578)  time: 0.1858  data: 0.0003  max mem: 6614
Active Test:  [   380/?]  eta: ?  loss: 0.0092 (0.4504)  accuracy: 0.9844 (0.8905)  balanced_accuracy: 0.9375 (0.8968)  pr_auc: 1.0000 (0.9368)  roc_auc: 1.0000 (0.9582)  time: 0.1857  data: 0.0003  max mem: 6614
Active Test:  [   390/?]  eta: ?  loss: 0.0084 (0.4465)  accuracy: 0.9844 (0.8911)  balanced_accuracy: 0.9844 (0.8991)  pr_auc: 1.0000 (0.9386)  roc_auc: 1.0000 (0.9594)  time: 0.2009  data: 0.0003  max mem: 6614
Active Test:  [   400/?]  eta: ?  loss: 0.0259 (0.4368)  accuracy: 0.9844 (0.8930)  balanced_accuracy: 1.0000 (0.9007)  pr_auc: 1.0000 (0.9399)  roc_auc: 1.0000 (0.9602)  time: 0.2001  data: 0.0004  max mem: 6614
Active Test:  [   410/?]  eta: ?  loss: 0.0210 (0.4369)  accuracy: 1.0000 (0.8940)  balanced_accuracy: 1.0000 (0.9014)  pr_auc: 1.0000 (0.9405)  roc_auc: 1.0000 (0.9606)  time: 0.1834  data: 0.0004  max mem: 6614
Active Test:  [   420/?]  eta: ?  loss: 0.0210 (0.4390)  accuracy: 1.0000 (0.8943)  balanced_accuracy: 0.9844 (0.9032)  pr_auc: 1.0000 (0.9417)  roc_auc: 1.0000 (0.9614)  time: 0.1828  data: 0.0003  max mem: 6614
Active Test:  [   430/?]  eta: ?  loss: 0.0439 (0.4303)  accuracy: 0.9844 (0.8965)  balanced_accuracy: 0.9844 (0.9043)  pr_auc: 1.0000 (0.9427)  roc_auc: 1.0000 (0.9619)  time: 0.1846  data: 0.0003  max mem: 6614
Active Test:  [   440/?]  eta: ?  loss: 0.0058 (0.4239)  accuracy: 1.0000 (0.8979)  balanced_accuracy: 0.9844 (0.9038)  pr_auc: 1.0000 (0.9407)  roc_auc: 1.0000 (0.9616)  time: 0.1855  data: 0.0003  max mem: 6614
Active Test:  [   450/?]  eta: ?  loss: 0.0188 (0.4220)  accuracy: 0.9844 (0.8979)  balanced_accuracy: 0.9444 (0.9021)  pr_auc: 1.0000 (0.9417)  roc_auc: 1.0000 (0.9622)  time: 0.1858  data: 0.0003  max mem: 6614
Active Test:  [   460/?]  eta: ?  loss: 0.0403 (0.4198)  accuracy: 0.9375 (0.8975)  balanced_accuracy: 0.8438 (0.9012)  pr_auc: 1.0000 (0.9427)  roc_auc: 1.0000 (0.9628)  time: 0.1852  data: 0.0003  max mem: 6614
Active Test:  [   470/?]  eta: ?  loss: 0.0012 (0.4153)  accuracy: 1.0000 (0.8971)  balanced_accuracy: 0.8438 (0.9010)  pr_auc: 1.0000 (0.9429)  roc_auc: 1.0000 (0.9629)  time: 0.1816  data: 0.0003  max mem: 6614
Active Test:  [   480/?]  eta: ?  loss: 0.0044 (0.4119)  accuracy: 1.0000 (0.8960)  balanced_accuracy: 0.8438 (0.9006)  pr_auc: 1.0000 (0.9436)  roc_auc: 1.0000 (0.9634)  time: 0.2064  data: 0.0003  max mem: 6614
Active Test:  [   490/?]  eta: ?  loss: 0.0079 (0.4106)  accuracy: 1.0000 (0.8973)  balanced_accuracy: 0.8438 (0.9009)  pr_auc: 1.0000 (0.9438)  roc_auc: 1.0000 (0.9635)  time: 0.2083  data: 0.0003  max mem: 6614
Active Test:  [   500/?]  eta: ?  loss: 0.0033 (0.4100)  accuracy: 1.0000 (0.8973)  balanced_accuracy: 0.8594 (0.9012)  pr_auc: 1.0000 (0.9440)  roc_auc: 1.0000 (0.9636)  time: 0.1802  data: 0.0003  max mem: 6614
Active Test:  [   510/?]  eta: ?  loss: 0.0012 (0.4056)  accuracy: 1.0000 (0.8983)  balanced_accuracy: 0.9561 (0.9015)  pr_auc: 1.0000 (0.9446)  roc_auc: 1.0000 (0.9640)  time: 0.1800  data: 0.0003  max mem: 6614
Active Test:  [   520/?]  eta: ?  loss: 0.0012 (0.4039)  accuracy: 1.0000 (0.8984)  balanced_accuracy: 0.9886 (0.9013)  pr_auc: 1.0000 (0.9450)  roc_auc: 1.0000 (0.9643)  time: 0.1809  data: 0.0004  max mem: 6614
Active Test:  [   530/?]  eta: ?  loss: 0.0016 (0.4123)  accuracy: 1.0000 (0.8978)  balanced_accuracy: 0.9886 (0.9015)  pr_auc: 1.0000 (0.9453)  roc_auc: 1.0000 (0.9645)  time: 0.1799  data: 0.0004  max mem: 6614
Active Test:  [   540/?]  eta: ?  loss: 0.0014 (0.4158)  accuracy: 1.0000 (0.8975)  balanced_accuracy: 0.9886 (0.9015)  pr_auc: 1.0000 (0.9453)  roc_auc: 1.0000 (0.9645)  time: 0.1786  data: 0.0003  max mem: 6614
Active Test: Total time: 0:01:52 (0.2051 s / it)
* loss 0.413

============================================================
Evaluating on passive tasks (204,188 samples)...
============================================================
Passive Test:  [     0/?]  eta: ?  loss: 2.8577 (2.8577)  accuracy: 0.6719 (0.6719)  time: 2.4641  data: 2.2341  max mem: 6614
Passive Test:  [    10/?]  eta: ?  loss: 1.5465 (1.2808)  accuracy: 0.6875 (0.8026)  balanced_accuracy: 0.7674 (0.7906)  pr_auc: 0.9081 (0.9243)  roc_auc: 0.7780 (0.8232)  time: 0.4320  data: 0.2034  max mem: 6614
Passive Test:  [    20/?]  eta: ?  loss: 0.2298 (1.3016)  accuracy: 0.6875 (0.8088)  balanced_accuracy: 0.7674 (0.8181)  pr_auc: 0.9081 (0.9270)  roc_auc: 0.7780 (0.8298)  time: 0.2064  data: 0.0004  max mem: 6614
Passive Test:  [    30/?]  eta: ?  loss: 0.1964 (1.2604)  accuracy: 0.6719 (0.8065)  balanced_accuracy: 0.7674 (0.8098)  pr_auc: 0.9081 (0.9202)  roc_auc: 0.7780 (0.8141)  time: 0.1845  data: 0.0003  max mem: 6614
Passive Test:  [    40/?]  eta: ?  loss: 0.1964 (1.2520)  accuracy: 0.6719 (0.8037)  balanced_accuracy: 0.9091 (0.8234)  pr_auc: 0.9899 (0.9282)  roc_auc: 0.9823 (0.8321)  time: 0.1859  data: 0.0003  max mem: 6614
Passive Test:  [    50/?]  eta: ?  loss: 0.2686 (1.2449)  accuracy: 0.6719 (0.8027)  balanced_accuracy: 0.9408 (0.8314)  pr_auc: 0.9899 (0.9275)  roc_auc: 0.9823 (0.8286)  time: 0.1873  data: 0.0004  max mem: 6614
Passive Test:  [    60/?]  eta: ?  loss: 0.5322 (1.2796)  accuracy: 0.6562 (0.7979)  balanced_accuracy: 0.7381 (0.8211)  pr_auc: 0.9455 (0.8834)  roc_auc: 0.9037 (0.8069)  time: 0.2029  data: 0.0004  max mem: 6614
Passive Test:  [    70/?]  eta: ?  loss: 0.5322 (1.2716)  accuracy: 0.6719 (0.7960)  balanced_accuracy: 0.7442 (0.8175)  pr_auc: 0.8403 (0.8671)  roc_auc: 0.6069 (0.7977)  time: 0.2040  data: 0.0003  max mem: 6614
Passive Test:  [    80/?]  eta: ?  loss: 0.5141 (1.2452)  accuracy: 0.6719 (0.7936)  balanced_accuracy: 0.7558 (0.8116)  pr_auc: 0.8403 (0.8506)  roc_auc: 0.6899 (0.7951)  time: 0.1999  data: 0.0003  max mem: 6614
Passive Test:  [    90/?]  eta: ?  loss: 0.5082 (1.1720)  accuracy: 0.8125 (0.7965)  balanced_accuracy: 0.7619 (0.8089)  pr_auc: 0.9514 (0.8595)  roc_auc: 0.9136 (0.8044)  time: 0.1997  data: 0.0004  max mem: 6614
Passive Test:  [   100/?]  eta: ?  loss: 0.5082 (1.1280)  accuracy: 0.7812 (0.7975)  balanced_accuracy: 0.7619 (0.8070)  pr_auc: 0.9893 (0.8606)  roc_auc: 0.9767 (0.8170)  time: 0.1901  data: 0.0004  max mem: 6614
Passive Test:  [   110/?]  eta: ?  loss: 0.4538 (1.0936)  accuracy: 0.8594 (0.8038)  balanced_accuracy: 0.8095 (0.8113)  pr_auc: 0.9857 (0.8611)  roc_auc: 0.9767 (0.8199)  time: 0.2025  data: 0.0004  max mem: 6614
Passive Test:  [   120/?]  eta: ?  loss: 0.2054 (1.0930)  accuracy: 0.8906 (0.8050)  balanced_accuracy: 0.8223 (0.8133)  pr_auc: 0.9233 (0.8641)  roc_auc: 0.9169 (0.8171)  time: 0.2005  data: 0.0004  max mem: 6614
Passive Test:  [   130/?]  eta: ?  loss: 0.2354 (1.0950)  accuracy: 0.7500 (0.8039)  balanced_accuracy: 0.8693 (0.8105)  pr_auc: 0.9857 (0.8643)  roc_auc: 0.9922 (0.8154)  time: 0.1860  data: 0.0004  max mem: 6614
Passive Test:  [   140/?]  eta: ?  loss: 0.9168 (1.0864)  accuracy: 0.7500 (0.8010)  balanced_accuracy: 0.8333 (0.8070)  pr_auc: 0.9995 (0.8607)  roc_auc: 0.9989 (0.8161)  time: 0.1862  data: 0.0004  max mem: 6614
Passive Test:  [   150/?]  eta: ?  loss: 1.3448 (1.0965)  accuracy: 0.7188 (0.7986)  balanced_accuracy: 0.8693 (0.8115)  pr_auc: 1.0000 (0.8662)  roc_auc: 1.0000 (0.8228)  time: 0.1858  data: 0.0003  max mem: 6614
Passive Test:  [   160/?]  eta: ?  loss: 1.4747 (1.1404)  accuracy: 0.6719 (0.7925)  balanced_accuracy: 0.8693 (0.8115)  pr_auc: 0.9932 (0.8678)  roc_auc: 0.9967 (0.8211)  time: 0.1843  data: 0.0004  max mem: 6614
Passive Test:  [   170/?]  eta: ?  loss: 1.9179 (1.1580)  accuracy: 0.6562 (0.7898)  balanced_accuracy: 0.8256 (0.8142)  pr_auc: 0.9972 (0.8728)  roc_auc: 0.9967 (0.8275)  time: 0.1994  data: 0.0004  max mem: 6614
Passive Test:  [   180/?]  eta: ?  loss: 0.7049 (1.1500)  accuracy: 0.7656 (0.7910)  balanced_accuracy: 0.8571 (0.8160)  pr_auc: 0.9972 (0.8776)  roc_auc: 0.9967 (0.8341)  time: 0.2031  data: 0.0004  max mem: 6614
Passive Test:  [   190/?]  eta: ?  loss: 0.2916 (1.1115)  accuracy: 0.8594 (0.7957)  balanced_accuracy: 0.8571 (0.8143)  pr_auc: 0.9861 (0.8780)  roc_auc: 0.9939 (0.8380)  time: 0.1877  data: 0.0004  max mem: 6614
Passive Test:  [   200/?]  eta: ?  loss: 0.2068 (1.0960)  accuracy: 0.8906 (0.7991)  balanced_accuracy: 0.9048 (0.8161)  pr_auc: 0.9972 (0.8758)  roc_auc: 0.9956 (0.8392)  time: 0.1852  data: 0.0003  max mem: 6614
Passive Test:  [   210/?]  eta: ?  loss: 0.5574 (1.0981)  accuracy: 0.7656 (0.7991)  balanced_accuracy: 0.7536 (0.8136)  pr_auc: 0.9443 (0.8733)  roc_auc: 0.9513 (0.8419)  time: 0.1866  data: 0.0004  max mem: 6614
Passive Test:  [   220/?]  eta: ?  loss: 1.0159 (1.1078)  accuracy: 0.7344 (0.7995)  balanced_accuracy: 0.8333 (0.8130)  pr_auc: 0.9851 (0.8751)  roc_auc: 0.9911 (0.8455)  time: 0.2008  data: 0.0003  max mem: 6614
Passive Test:  [   230/?]  eta: ?  loss: 1.0159 (1.1057)  accuracy: 0.7344 (0.8011)  balanced_accuracy: 0.7536 (0.8134)  pr_auc: 0.9593 (0.8733)  roc_auc: 0.9779 (0.8457)  time: 0.2081  data: 0.0003  max mem: 6614
Passive Test:  [   240/?]  eta: ?  loss: 0.4267 (1.0868)  accuracy: 0.8125 (0.8024)  balanced_accuracy: 0.8333 (0.8095)  pr_auc: 0.9956 (0.8716)  roc_auc: 0.9978 (0.8484)  time: 0.1945  data: 0.0003  max mem: 6614
Passive Test:  [   250/?]  eta: ?  loss: 0.4267 (1.0699)  accuracy: 0.8281 (0.8039)  balanced_accuracy: 0.6618 (0.8045)  pr_auc: 0.9794 (0.8672)  roc_auc: 0.9823 (0.8478)  time: 0.1870  data: 0.0003  max mem: 6614
Passive Test:  [   260/?]  eta: ?  loss: 0.6042 (1.0623)  accuracy: 0.8281 (0.8044)  balanced_accuracy: 0.7083 (0.8000)  pr_auc: 0.9647 (0.8645)  roc_auc: 0.9773 (0.8474)  time: 0.1870  data: 0.0003  max mem: 6614
Passive Test:  [   270/?]  eta: ?  loss: 0.6042 (1.0510)  accuracy: 0.8281 (0.8057)  balanced_accuracy: 0.7083 (0.7985)  pr_auc: 0.9647 (0.8658)  roc_auc: 0.9756 (0.8506)  time: 0.2009  data: 0.0003  max mem: 6614
Passive Test:  [   280/?]  eta: ?  loss: 0.7958 (1.0428)  accuracy: 0.7812 (0.8060)  balanced_accuracy: 0.7558 (0.7985)  pr_auc: 0.9747 (0.8707)  roc_auc: 0.9756 (0.8547)  time: 0.2023  data: 0.0003  max mem: 6614
Passive Test:  [   290/?]  eta: ?  loss: 1.0764 (1.0517)  accuracy: 0.7656 (0.8035)  balanced_accuracy: 0.6733 (0.7923)  pr_auc: 0.9428 (0.8664)  roc_auc: 0.9103 (0.8521)  time: 0.1893  data: 0.0003  max mem: 6614
Passive Test:  [   300/?]  eta: ?  loss: 0.7526 (1.0564)  accuracy: 0.7812 (0.8011)  balanced_accuracy: 0.6562 (0.7849)  pr_auc: 0.9023 (0.8628)  roc_auc: 0.8766 (0.8438)  time: 0.1870  data: 0.0004  max mem: 6614
Passive Test:  [   310/?]  eta: ?  loss: 0.1407 (1.0465)  accuracy: 0.9531 (0.8015)  balanced_accuracy: 0.6562 (0.7813)  pr_auc: 0.8960 (0.8612)  roc_auc: 0.8766 (0.8389)  time: 0.1848  data: 0.0003  max mem: 6614
Passive Test:  [   320/?]  eta: ?  loss: 0.1057 (1.0531)  accuracy: 0.9531 (0.7995)  balanced_accuracy: 0.6429 (0.7746)  pr_auc: 0.8415 (0.8594)  roc_auc: 0.6766 (0.8327)  time: 0.1980  data: 0.0003  max mem: 6614
Passive Test:  [   330/?]  eta: ?  loss: 0.2013 (1.0559)  accuracy: 0.7188 (0.7983)  balanced_accuracy: 0.5000 (0.7699)  pr_auc: 0.8828 (0.8594)  roc_auc: 0.9070 (0.8307)  time: 0.1994  data: 0.0004  max mem: 6614
Passive Test:  [   340/?]  eta: ?  loss: 0.2544 (1.0514)  accuracy: 0.7500 (0.7976)  balanced_accuracy: 0.5714 (0.7660)  pr_auc: 0.8832 (0.8600)  roc_auc: 0.9109 (0.8289)  time: 0.1869  data: 0.0004  max mem: 6614
Passive Test:  [   350/?]  eta: ?  loss: 0.2544 (1.0388)  accuracy: 0.8125 (0.7983)  balanced_accuracy: 0.6190 (0.7651)  pr_auc: 0.8888 (0.8576)  roc_auc: 0.9129 (0.8297)  time: 0.1874  data: 0.0004  max mem: 6614
Passive Test:  [   360/?]  eta: ?  loss: 0.1688 (1.0190)  accuracy: 0.9062 (0.8009)  balanced_accuracy: 0.6364 (0.7655)  pr_auc: 0.8888 (0.8579)  roc_auc: 0.9129 (0.8311)  time: 0.1856  data: 0.0003  max mem: 6614
Passive Test:  [   370/?]  eta: ?  loss: 0.1912 (0.9979)  accuracy: 0.9062 (0.8042)  balanced_accuracy: 0.7143 (0.7670)  pr_auc: 0.9013 (0.8592)  roc_auc: 0.9158 (0.8333)  time: 0.1998  data: 0.0003  max mem: 6614
Passive Test:  [   380/?]  eta: ?  loss: 0.1602 (0.9764)  accuracy: 0.9375 (0.8080)  balanced_accuracy: 0.7625 (0.7686)  pr_auc: 0.9219 (0.8603)  roc_auc: 0.9192 (0.8346)  time: 0.1982  data: 0.0003  max mem: 6614
Passive Test:  [   390/?]  eta: ?  loss: 0.1602 (0.9591)  accuracy: 0.9375 (0.8107)  balanced_accuracy: 0.8256 (0.7699)  pr_auc: 0.9766 (0.8614)  roc_auc: 0.9730 (0.8361)  time: 0.1867  data: 0.0003  max mem: 6614
Passive Test:  [   400/?]  eta: ?  loss: 0.1579 (0.9386)  accuracy: 0.9375 (0.8141)  balanced_accuracy: 0.9048 (0.7708)  pr_auc: 0.9915 (0.8622)  roc_auc: 0.9946 (0.8371)  time: 0.1870  data: 0.0003  max mem: 6614
Passive Test:  [   410/?]  eta: ?  loss: 0.1250 (0.9223)  accuracy: 0.9375 (0.8165)  balanced_accuracy: 0.8517 (0.7710)  pr_auc: 0.9766 (0.8617)  roc_auc: 0.9730 (0.8374)  time: 0.1803  data: 0.0003  max mem: 6614
Passive Test:  [   420/?]  eta: ?  loss: 0.2697 (0.9128)  accuracy: 0.9062 (0.8178)  balanced_accuracy: 0.9186 (0.7726)  pr_auc: 0.9972 (0.8627)  roc_auc: 0.9956 (0.8386)  time: 0.1945  data: 0.0003  max mem: 6614
Passive Test:  [   430/?]  eta: ?  loss: 0.3673 (0.9049)  accuracy: 0.8438 (0.8182)  balanced_accuracy: 0.9186 (0.7746)  pr_auc: 0.9972 (0.8640)  roc_auc: 0.9956 (0.8403)  time: 0.1955  data: 0.0003  max mem: 6614
Passive Test:  [   440/?]  eta: ?  loss: 0.3673 (0.9002)  accuracy: 0.7969 (0.8183)  balanced_accuracy: 0.9302 (0.7763)  pr_auc: 1.0000 (0.8650)  roc_auc: 1.0000 (0.8415)  time: 0.1808  data: 0.0003  max mem: 6614
Passive Test:  [   450/?]  eta: ?  loss: 0.1019 (0.8917)  accuracy: 0.9688 (0.8196)  balanced_accuracy: 0.9524 (0.7778)  pr_auc: 1.0000 (0.8660)  roc_auc: 1.0000 (0.8427)  time: 0.1805  data: 0.0004  max mem: 6614
Passive Test:  [   460/?]  eta: ?  loss: 0.0541 (0.8760)  accuracy: 0.9688 (0.8212)  balanced_accuracy: 0.9419 (0.7776)  pr_auc: 1.0000 (0.8674)  roc_auc: 1.0000 (0.8443)  time: 0.1815  data: 0.0004  max mem: 6614
Passive Test:  [   470/?]  eta: ?  loss: 0.0357 (0.8587)  accuracy: 0.9844 (0.8241)  balanced_accuracy: 0.9224 (0.7782)  pr_auc: 1.0000 (0.8683)  roc_auc: 1.0000 (0.8454)  time: 0.1954  data: 0.0003  max mem: 6614
Passive Test:  [   480/?]  eta: ?  loss: 0.0021 (0.8410)  accuracy: 1.0000 (0.8277)  balanced_accuracy: 0.9681 (0.7804)  pr_auc: 1.0000 (0.8697)  roc_auc: 1.0000 (0.8471)  time: 0.1954  data: 0.0003  max mem: 6614
Passive Test:  [   490/?]  eta: ?  loss: 0.0014 (0.8241)  accuracy: 1.0000 (0.8311)  balanced_accuracy: 0.9884 (0.7834)  pr_auc: 1.0000 (0.8715)  roc_auc: 1.0000 (0.8492)  time: 0.1823  data: 0.0003  max mem: 6614
Passive Test:  [   500/?]  eta: ?  loss: 0.0010 (0.8077)  accuracy: 1.0000 (0.8345)  balanced_accuracy: 0.9921 (0.7877)  pr_auc: 1.0000 (0.8741)  roc_auc: 1.0000 (0.8523)  time: 0.1843  data: 0.0003  max mem: 6614
Passive Test:  [   510/?]  eta: ?  loss: 0.0010 (0.7932)  accuracy: 1.0000 (0.8375)  balanced_accuracy: 1.0000 (0.7927)  pr_auc: 1.0000 (0.8774)  roc_auc: 1.0000 (0.8559)  time: 0.1869  data: 0.0003  max mem: 6614
Passive Test:  [   520/?]  eta: ?  loss: 0.0009 (0.7786)  accuracy: 1.0000 (0.8403)  balanced_accuracy: 1.0000 (0.7989)  pr_auc: 1.0000 (0.8813)  roc_auc: 1.0000 (0.8604)  time: 0.2027  data: 0.0004  max mem: 6614
Passive Test:  [   530/?]  eta: ?  loss: 0.0029 (0.7654)  accuracy: 1.0000 (0.8428)  balanced_accuracy: 1.0000 (0.8044)  pr_auc: 1.0000 (0.8849)  roc_auc: 1.0000 (0.8647)  time: 0.2035  data: 0.0004  max mem: 6614
Passive Test:  [   540/?]  eta: ?  loss: 0.0053 (0.7540)  accuracy: 1.0000 (0.8450)  balanced_accuracy: 1.0000 (0.8092)  pr_auc: 1.0000 (0.8881)  roc_auc: 1.0000 (0.8684)  time: 0.1916  data: 0.0004  max mem: 6614
Passive Test:  [   550/?]  eta: ?  loss: 0.0159 (0.7463)  accuracy: 0.9844 (0.8462)  balanced_accuracy: 1.0000 (0.8120)  pr_auc: 1.0000 (0.8907)  roc_auc: 1.0000 (0.8715)  time: 0.1933  data: 0.0004  max mem: 6614
Passive Test:  [   560/?]  eta: ?  loss: 0.0324 (0.7351)  accuracy: 0.9688 (0.8482)  balanced_accuracy: 1.0000 (0.8151)  pr_auc: 1.0000 (0.8929)  roc_auc: 1.0000 (0.8740)  time: 0.1895  data: 0.0003  max mem: 6614
Passive Test:  [   570/?]  eta: ?  loss: 0.0101 (0.7274)  accuracy: 0.9688 (0.8491)  balanced_accuracy: 0.9900 (0.8167)  pr_auc: 1.0000 (0.8942)  roc_auc: 1.0000 (0.8757)  time: 0.1992  data: 0.0003  max mem: 6614
Passive Test:  [   580/?]  eta: ?  loss: 0.0275 (0.7190)  accuracy: 0.9375 (0.8505)  balanced_accuracy: 1.0000 (0.8179)  pr_auc: 1.0000 (0.8939)  roc_auc: 1.0000 (0.8765)  time: 0.1976  data: 0.0003  max mem: 6614
Passive Test:  [   590/?]  eta: ?  loss: 0.0144 (0.7116)  accuracy: 0.9844 (0.8518)  balanced_accuracy: 0.9048 (0.8183)  pr_auc: 1.0000 (0.8944)  roc_auc: 1.0000 (0.8773)  time: 0.1820  data: 0.0003  max mem: 6614
Passive Test:  [   600/?]  eta: ?  loss: 0.0124 (0.7029)  accuracy: 0.9844 (0.8533)  balanced_accuracy: 0.9524 (0.8204)  pr_auc: 1.0000 (0.8958)  roc_auc: 1.0000 (0.8789)  time: 0.1824  data: 0.0003  max mem: 6614
Passive Test:  [   610/?]  eta: ?  loss: 0.0843 (0.6978)  accuracy: 0.9688 (0.8540)  balanced_accuracy: 0.9074 (0.8217)  pr_auc: 0.9960 (0.8961)  roc_auc: 0.9978 (0.8802)  time: 0.1838  data: 0.0003  max mem: 6614
Passive Test:  [   620/?]  eta: ?  loss: 0.4045 (0.6939)  accuracy: 0.8438 (0.8544)  balanced_accuracy: 1.0000 (0.8232)  pr_auc: 1.0000 (0.8969)  roc_auc: 1.0000 (0.8812)  time: 0.1965  data: 0.0003  max mem: 6614
Passive Test:  [   630/?]  eta: ?  loss: 0.5030 (0.6923)  accuracy: 0.8438 (0.8546)  balanced_accuracy: 1.0000 (0.8248)  pr_auc: 1.0000 (0.8980)  roc_auc: 1.0000 (0.8824)  time: 0.1960  data: 0.0003  max mem: 6614
Passive Test:  [   640/?]  eta: ?  loss: 0.3995 (0.6869)  accuracy: 0.8750 (0.8551)  balanced_accuracy: 1.0000 (0.8263)  pr_auc: 1.0000 (0.8995)  roc_auc: 1.0000 (0.8841)  time: 0.1839  data: 0.0003  max mem: 6614
Passive Test:  [   650/?]  eta: ?  loss: 0.1398 (0.6789)  accuracy: 0.9219 (0.8565)  balanced_accuracy: 1.0000 (0.8287)  pr_auc: 1.0000 (0.9013)  roc_auc: 1.0000 (0.8863)  time: 0.1862  data: 0.0003  max mem: 6614
Passive Test:  [   660/?]  eta: ?  loss: 0.0513 (0.6736)  accuracy: 0.9844 (0.8579)  balanced_accuracy: 0.9881 (0.8314)  pr_auc: 1.0000 (0.9031)  roc_auc: 1.0000 (0.8883)  time: 0.1872  data: 0.0003  max mem: 6614
Passive Test:  [   670/?]  eta: ?  loss: 0.0695 (0.6752)  accuracy: 0.9688 (0.8579)  balanced_accuracy: 0.9767 (0.8318)  pr_auc: 1.0000 (0.9047)  roc_auc: 1.0000 (0.8902)  time: 0.1871  data: 0.0003  max mem: 6614
Passive Test:  [   680/?]  eta: ?  loss: 0.1412 (0.6806)  accuracy: 0.8594 (0.8579)  balanced_accuracy: 0.9767 (0.8329)  pr_auc: 1.0000 (0.9057)  roc_auc: 1.0000 (0.8913)  time: 0.1995  data: 0.0003  max mem: 6614
Passive Test:  [   690/?]  eta: ?  loss: 0.0705 (0.6811)  accuracy: 0.9688 (0.8586)  balanced_accuracy: 0.9767 (0.8348)  pr_auc: 1.0000 (0.9070)  roc_auc: 1.0000 (0.8929)  time: 0.1985  data: 0.0004  max mem: 6614
Passive Test:  [   700/?]  eta: ?  loss: 0.0126 (0.6856)  accuracy: 0.9844 (0.8590)  balanced_accuracy: 0.9767 (0.8373)  pr_auc: 1.0000 (0.9086)  roc_auc: 1.0000 (0.8946)  time: 0.1924  data: 0.0003  max mem: 6614
Passive Test:  [   710/?]  eta: ?  loss: 0.0110 (0.6834)  accuracy: 1.0000 (0.8600)  balanced_accuracy: 1.0000 (0.8402)  pr_auc: 1.0000 (0.9102)  roc_auc: 1.0000 (0.8965)  time: 0.1941  data: 0.0003  max mem: 6614
Passive Test:  [   720/?]  eta: ?  loss: 0.0829 (0.6836)  accuracy: 0.9531 (0.8600)  balanced_accuracy: 1.0000 (0.8416)  pr_auc: 1.0000 (0.9113)  roc_auc: 1.0000 (0.8981)  time: 0.1872  data: 0.0003  max mem: 6614
Passive Test:  [   730/?]  eta: ?  loss: 0.3184 (0.6830)  accuracy: 0.8750 (0.8598)  balanced_accuracy: 0.9651 (0.8418)  pr_auc: 1.0000 (0.9126)  roc_auc: 1.0000 (0.8998)  time: 0.1870  data: 0.0004  max mem: 6614
Passive Test:  [   740/?]  eta: ?  loss: 0.1243 (0.6802)  accuracy: 0.9375 (0.8600)  balanced_accuracy: 0.9070 (0.8421)  pr_auc: 1.0000 (0.9134)  roc_auc: 1.0000 (0.9012)  time: 0.2017  data: 0.0004  max mem: 6614
Passive Test:  [   750/?]  eta: ?  loss: 0.0024 (0.6766)  accuracy: 0.9844 (0.8606)  balanced_accuracy: 0.9302 (0.8426)  pr_auc: 1.0000 (0.9149)  roc_auc: 1.0000 (0.9031)  time: 0.2025  data: 0.0003  max mem: 6614
Passive Test:  [   760/?]  eta: ?  loss: 0.1417 (0.6752)  accuracy: 0.8750 (0.8604)  balanced_accuracy: 0.8605 (0.8426)  pr_auc: 1.0000 (0.9163)  roc_auc: 1.0000 (0.9050)  time: 0.1894  data: 0.0004  max mem: 6614
Passive Test:  [   770/?]  eta: ?  loss: 0.1849 (0.6721)  accuracy: 0.9219 (0.8605)  balanced_accuracy: 0.8810 (0.8435)  pr_auc: 1.0000 (0.9160)  roc_auc: 1.0000 (0.9055)  time: 0.1891  data: 0.0004  max mem: 6614
Passive Test:  [   780/?]  eta: ?  loss: 0.1000 (0.6680)  accuracy: 0.9531 (0.8609)  balanced_accuracy: 0.9524 (0.8445)  pr_auc: 1.0000 (0.9170)  roc_auc: 1.0000 (0.9069)  time: 0.1892  data: 0.0003  max mem: 6614
Passive Test:  [   790/?]  eta: ?  loss: 0.1014 (0.6675)  accuracy: 0.9062 (0.8604)  balanced_accuracy: 0.8488 (0.8434)  pr_auc: 0.9918 (0.9172)  roc_auc: 0.9961 (0.9075)  time: 0.1877  data: 0.0003  max mem: 6614
Passive Test:  [   800/?]  eta: ?  loss: 0.3862 (0.6652)  accuracy: 0.8594 (0.8608)  balanced_accuracy: 0.8372 (0.8437)  pr_auc: 0.9881 (0.9179)  roc_auc: 0.9922 (0.9088)  time: 0.2011  data: 0.0003  max mem: 6614
Passive Test:  [   810/?]  eta: ?  loss: 0.1285 (0.6617)  accuracy: 0.9531 (0.8613)  balanced_accuracy: 0.8333 (0.8443)  pr_auc: 0.9903 (0.9188)  roc_auc: 0.9935 (0.9099)  time: 0.2011  data: 0.0003  max mem: 6614
Passive Test:  [   820/?]  eta: ?  loss: 0.6509 (0.6643)  accuracy: 0.7812 (0.8604)  balanced_accuracy: 0.8023 (0.8436)  pr_auc: 0.9456 (0.9170)  roc_auc: 0.9707 (0.9098)  time: 0.1868  data: 0.0003  max mem: 6614
Passive Test:  [   830/?]  eta: ?  loss: 0.0407 (0.6582)  accuracy: 0.8750 (0.8616)  balanced_accuracy: 0.8140 (0.8450)  pr_auc: 0.9456 (0.9174)  roc_auc: 0.9816 (0.9106)  time: 0.1864  data: 0.0003  max mem: 6614
Passive Test:  [   840/?]  eta: ?  loss: 0.0163 (0.6522)  accuracy: 0.9844 (0.8628)  balanced_accuracy: 0.8604 (0.8457)  pr_auc: 0.8991 (0.9170)  roc_auc: 0.9458 (0.9110)  time: 0.1839  data: 0.0003  max mem: 6614
Passive Test:  [   850/?]  eta: ?  loss: 0.0734 (0.6546)  accuracy: 0.9688 (0.8629)  balanced_accuracy: 0.8604 (0.8453)  pr_auc: 0.8582 (0.9153)  roc_auc: 0.9391 (0.9105)  time: 0.1816  data: 0.0003  max mem: 6614
Passive Test:  [   860/?]  eta: ?  loss: 0.1688 (0.6550)  accuracy: 0.8750 (0.8630)  balanced_accuracy: 0.8604 (0.8452)  pr_auc: 0.8582 (0.9152)  roc_auc: 0.9391 (0.9106)  time: 0.2002  data: 0.0003  max mem: 6614
Passive Test:  [   870/?]  eta: ?  loss: 0.0892 (0.6537)  accuracy: 0.8125 (0.8630)  balanced_accuracy: 0.8604 (0.8452)  pr_auc: 0.9717 (0.9156)  roc_auc: 0.9897 (0.9111)  time: 0.2007  data: 0.0003  max mem: 6614
Passive Test:  [   880/?]  eta: ?  loss: 0.3069 (0.6518)  accuracy: 0.8281 (0.8628)  balanced_accuracy: 0.8488 (0.8452)  pr_auc: 0.9717 (0.9158)  roc_auc: 0.9897 (0.9114)  time: 0.1807  data: 0.0003  max mem: 6614
Passive Test:  [   890/?]  eta: ?  loss: 0.4722 (0.6601)  accuracy: 0.8125 (0.8621)  balanced_accuracy: 0.8452 (0.8447)  pr_auc: 0.8991 (0.9137)  roc_auc: 0.9458 (0.9106)  time: 0.1807  data: 0.0003  max mem: 6614
Passive Test:  [   900/?]  eta: ?  loss: 0.3879 (0.6640)  accuracy: 0.8125 (0.8616)  balanced_accuracy: 0.8023 (0.8445)  pr_auc: 0.6984 (0.9114)  roc_auc: 0.9253 (0.9096)  time: 0.1816  data: 0.0003  max mem: 6614
Passive Test:  [   910/?]  eta: ?  loss: 0.3081 (0.6668)  accuracy: 0.8750 (0.8617)  balanced_accuracy: 0.7982 (0.8443)  pr_auc: 0.6395 (0.9086)  roc_auc: 0.8420 (0.9088)  time: 0.1828  data: 0.0003  max mem: 6614
Passive Test:  [   920/?]  eta: ?  loss: 0.0955 (0.6672)  accuracy: 0.9375 (0.8621)  balanced_accuracy: 0.8256 (0.8449)  pr_auc: 0.9293 (0.9092)  roc_auc: 0.9590 (0.9093)  time: 0.1972  data: 0.0004  max mem: 6614
Passive Test:  [   930/?]  eta: ?  loss: 0.0868 (0.6701)  accuracy: 0.9688 (0.8622)  balanced_accuracy: 0.8832 (0.8460)  pr_auc: 0.9422 (0.9085)  roc_auc: 0.9727 (0.9101)  time: 0.1980  data: 0.0004  max mem: 6614
Passive Test:  [   940/?]  eta: ?  loss: 0.0636 (0.6637)  accuracy: 0.9844 (0.8635)  balanced_accuracy: 0.9535 (0.8476)  pr_auc: 1.0000 (0.9096)  roc_auc: 1.0000 (0.9112)  time: 0.1856  data: 0.0003  max mem: 6614
Passive Test:  [   950/?]  eta: ?  loss: 0.0629 (0.6598)  accuracy: 0.9844 (0.8642)  balanced_accuracy: 0.9545 (0.8488)  pr_auc: 1.0000 (0.9089)  roc_auc: 1.0000 (0.9115)  time: 0.1862  data: 0.0003  max mem: 6614
Passive Test:  [   960/?]  eta: ?  loss: 0.1339 (0.6590)  accuracy: 0.9375 (0.8642)  balanced_accuracy: 0.9419 (0.8487)  pr_auc: 0.9989 (0.9070)  roc_auc: 0.9978 (0.9110)  time: 0.1880  data: 0.0003  max mem: 6614
Passive Test:  [   970/?]  eta: ?  loss: 0.4358 (0.6564)  accuracy: 0.8281 (0.8642)  balanced_accuracy: 0.8452 (0.8489)  pr_auc: 0.9668 (0.9065)  roc_auc: 0.9889 (0.9113)  time: 0.1895  data: 0.0003  max mem: 6614
Passive Test:  [   980/?]  eta: ?  loss: 0.3728 (0.6534)  accuracy: 0.8594 (0.8644)  balanced_accuracy: 0.8605 (0.8490)  pr_auc: 0.9895 (0.9077)  roc_auc: 0.9935 (0.9124)  time: 0.2036  data: 0.0003  max mem: 6614
Passive Test:  [   990/?]  eta: ?  loss: 0.2815 (0.6503)  accuracy: 0.8750 (0.8647)  balanced_accuracy: 0.9070 (0.8495)  pr_auc: 0.9963 (0.9092)  roc_auc: 0.9972 (0.9137)  time: 0.2035  data: 0.0004  max mem: 6614
Passive Test:  [  1000/?]  eta: ?  loss: 0.3017 (0.6510)  accuracy: 0.8750 (0.8640)  balanced_accuracy: 0.9053 (0.8490)  pr_auc: 0.9972 (0.9101)  roc_auc: 0.9959 (0.9148)  time: 0.1891  data: 0.0003  max mem: 6614
Passive Test:  [  1010/?]  eta: ?  loss: 0.3815 (0.6491)  accuracy: 0.8594 (0.8640)  balanced_accuracy: 0.8250 (0.8492)  pr_auc: 0.9978 (0.9113)  roc_auc: 0.9959 (0.9160)  time: 0.1957  data: 0.0003  max mem: 6614
Passive Test:  [  1020/?]  eta: ?  loss: 0.2563 (0.6456)  accuracy: 0.8906 (0.8643)  balanced_accuracy: 0.8815 (0.8502)  pr_auc: 0.9995 (0.9124)  roc_auc: 0.9989 (0.9170)  time: 0.1986  data: 0.0003  max mem: 6614
Passive Test:  [  1030/?]  eta: ?  loss: 0.1512 (0.6410)  accuracy: 0.9531 (0.8650)  balanced_accuracy: 0.9419 (0.8511)  pr_auc: 0.9932 (0.9132)  roc_auc: 0.9945 (0.9178)  time: 0.1908  data: 0.0003  max mem: 6614
Passive Test:  [  1040/?]  eta: ?  loss: 0.0685 (0.6383)  accuracy: 0.9531 (0.8652)  balanced_accuracy: 0.9177 (0.8508)  pr_auc: 0.9771 (0.9134)  roc_auc: 0.9751 (0.9175)  time: 0.2012  data: 0.0003  max mem: 6614
Passive Test:  [  1050/?]  eta: ?  loss: 0.1355 (0.6360)  accuracy: 0.9062 (0.8652)  balanced_accuracy: 0.8477 (0.8500)  pr_auc: 0.9429 (0.9128)  roc_auc: 0.9657 (0.9170)  time: 0.2005  data: 0.0003  max mem: 6614
Passive Test:  [  1060/?]  eta: ?  loss: 0.4294 (0.6376)  accuracy: 0.8125 (0.8642)  balanced_accuracy: 0.7587 (0.8485)  pr_auc: 0.8398 (0.9104)  roc_auc: 0.8079 (0.9150)  time: 0.1861  data: 0.0004  max mem: 6614
Passive Test:  [  1070/?]  eta: ?  loss: 0.7308 (0.6408)  accuracy: 0.7656 (0.8633)  balanced_accuracy: 0.7442 (0.8475)  pr_auc: 0.8398 (0.9090)  roc_auc: 0.8128 (0.9143)  time: 0.1863  data: 0.0004  max mem: 6614
Passive Test:  [  1080/?]  eta: ?  loss: 0.5343 (0.6396)  accuracy: 0.7812 (0.8630)  balanced_accuracy: 0.7674 (0.8470)  pr_auc: 0.8417 (0.9091)  roc_auc: 0.9053 (0.9148)  time: 0.1862  data: 0.0004  max mem: 6614
Passive Test:  [  1090/?]  eta: ?  loss: 0.2413 (0.6367)  accuracy: 0.8750 (0.8632)  balanced_accuracy: 0.8095 (0.8472)  pr_auc: 0.9563 (0.9096)  roc_auc: 0.9551 (0.9154)  time: 0.1858  data: 0.0003  max mem: 6614
Passive Test:  [  1100/?]  eta: ?  loss: 0.2413 (0.6354)  accuracy: 0.8750 (0.8631)  balanced_accuracy: 0.8134 (0.8472)  pr_auc: 0.9824 (0.9099)  roc_auc: 0.9913 (0.9160)  time: 0.2002  data: 0.0003  max mem: 6614
Passive Test:  [  1110/?]  eta: ?  loss: 0.3485 (0.6357)  accuracy: 0.8594 (0.8632)  balanced_accuracy: 0.8214 (0.8472)  pr_auc: 0.9791 (0.9096)  roc_auc: 0.9751 (0.9164)  time: 0.2010  data: 0.0003  max mem: 6614
Passive Test:  [  1120/?]  eta: ?  loss: 0.0884 (0.6379)  accuracy: 0.8750 (0.8629)  balanced_accuracy: 0.8214 (0.8470)  pr_auc: 0.9791 (0.9094)  roc_auc: 0.9734 (0.9170)  time: 0.1883  data: 0.0004  max mem: 6614
Passive Test:  [  1130/?]  eta: ?  loss: 0.2268 (0.6383)  accuracy: 0.8750 (0.8626)  balanced_accuracy: 0.8095 (0.8462)  pr_auc: 0.9935 (0.9088)  roc_auc: 0.9895 (0.9168)  time: 0.1894  data: 0.0003  max mem: 6614
Passive Test:  [  1140/?]  eta: ?  loss: 0.1374 (0.6379)  accuracy: 0.9219 (0.8627)  balanced_accuracy: 0.8972 (0.8467)  pr_auc: 0.9956 (0.9078)  roc_auc: 0.9946 (0.9166)  time: 0.1896  data: 0.0004  max mem: 6614
Passive Test:  [  1150/?]  eta: ?  loss: 0.0663 (0.6356)  accuracy: 0.9531 (0.8630)  balanced_accuracy: 0.9545 (0.8475)  pr_auc: 0.9989 (0.9077)  roc_auc: 0.9978 (0.9169)  time: 0.1896  data: 0.0004  max mem: 6614
Passive Test:  [  1160/?]  eta: ?  loss: 0.0663 (0.6319)  accuracy: 0.9531 (0.8636)  balanced_accuracy: 0.9529 (0.8487)  pr_auc: 1.0000 (0.9087)  roc_auc: 1.0000 (0.9178)  time: 0.2038  data: 0.0004  max mem: 6614
Passive Test:  [  1170/?]  eta: ?  loss: 0.0805 (0.6278)  accuracy: 0.9375 (0.8643)  balanced_accuracy: 0.9419 (0.8502)  pr_auc: 1.0000 (0.9097)  roc_auc: 1.0000 (0.9188)  time: 0.2148  data: 0.0003  max mem: 6614
Passive Test:  [  1180/?]  eta: ?  loss: 0.0712 (0.6235)  accuracy: 0.9688 (0.8652)  balanced_accuracy: 0.9762 (0.8518)  pr_auc: 1.0000 (0.9107)  roc_auc: 1.0000 (0.9198)  time: 0.2001  data: 0.0004  max mem: 6614
Passive Test:  [  1190/?]  eta: ?  loss: 0.0524 (0.6193)  accuracy: 0.9844 (0.8660)  balanced_accuracy: 0.9762 (0.8531)  pr_auc: 1.0000 (0.9118)  roc_auc: 1.0000 (0.9208)  time: 0.1891  data: 0.0004  max mem: 6614
Passive Test:  [  1200/?]  eta: ?  loss: 0.0294 (0.6166)  accuracy: 0.9844 (0.8664)  balanced_accuracy: 0.9773 (0.8543)  pr_auc: 1.0000 (0.9127)  roc_auc: 1.0000 (0.9214)  time: 0.1891  data: 0.0003  max mem: 6614
Passive Test:  [  1210/?]  eta: ?  loss: 0.0075 (0.6133)  accuracy: 1.0000 (0.8669)  balanced_accuracy: 1.0000 (0.8556)  pr_auc: 1.0000 (0.9134)  roc_auc: 1.0000 (0.9221)  time: 0.1880  data: 0.0003  max mem: 6614
Passive Test:  [  1220/?]  eta: ?  loss: 0.0303 (0.6089)  accuracy: 0.9844 (0.8677)  balanced_accuracy: 1.0000 (0.8567)  pr_auc: 1.0000 (0.9143)  roc_auc: 1.0000 (0.9229)  time: 0.2017  data: 0.0004  max mem: 6614
Passive Test:  [  1230/?]  eta: ?  loss: 0.0710 (0.6043)  accuracy: 0.9844 (0.8687)  balanced_accuracy: 1.0000 (0.8578)  pr_auc: 1.0000 (0.9150)  roc_auc: 1.0000 (0.9235)  time: 0.2012  data: 0.0004  max mem: 6614
Passive Test:  [  1240/?]  eta: ?  loss: 0.0718 (0.6004)  accuracy: 0.9688 (0.8694)  balanced_accuracy: 0.9762 (0.8589)  pr_auc: 1.0000 (0.9157)  roc_auc: 1.0000 (0.9242)  time: 0.1871  data: 0.0004  max mem: 6614
Passive Test:  [  1250/?]  eta: ?  loss: 0.1265 (0.5973)  accuracy: 0.9688 (0.8699)  balanced_accuracy: 0.9615 (0.8599)  pr_auc: 1.0000 (0.9164)  roc_auc: 1.0000 (0.9249)  time: 0.1886  data: 0.0004  max mem: 6614
Passive Test:  [  1260/?]  eta: ?  loss: 0.1725 (0.5946)  accuracy: 0.9219 (0.8703)  balanced_accuracy: 0.9519 (0.8608)  pr_auc: 1.0000 (0.9173)  roc_auc: 1.0000 (0.9258)  time: 0.1894  data: 0.0004  max mem: 6614
Passive Test:  [  1270/?]  eta: ?  loss: 0.0868 (0.5922)  accuracy: 0.9531 (0.8705)  balanced_accuracy: 0.9643 (0.8616)  pr_auc: 1.0000 (0.9182)  roc_auc: 1.0000 (0.9266)  time: 0.1897  data: 0.0004  max mem: 6614
Passive Test:  [  1280/?]  eta: ?  loss: 0.0657 (0.5899)  accuracy: 0.9688 (0.8709)  balanced_accuracy: 0.9767 (0.8624)  pr_auc: 1.0000 (0.9192)  roc_auc: 1.0000 (0.9275)  time: 0.2037  data: 0.0003  max mem: 6614
Passive Test:  [  1290/?]  eta: ?  loss: 0.0595 (0.5878)  accuracy: 0.9688 (0.8712)  balanced_accuracy: 0.9767 (0.8627)  pr_auc: 1.0000 (0.9197)  roc_auc: 1.0000 (0.9279)  time: 0.2011  data: 0.0003  max mem: 6614
Passive Test:  [  1300/?]  eta: ?  loss: 0.0432 (0.5859)  accuracy: 0.9844 (0.8716)  balanced_accuracy: 0.9524 (0.8629)  pr_auc: 1.0000 (0.9201)  roc_auc: 1.0000 (0.9283)  time: 0.1841  data: 0.0003  max mem: 6614
Passive Test:  [  1310/?]  eta: ?  loss: 0.0285 (0.5832)  accuracy: 0.9844 (0.8720)  balanced_accuracy: 0.9405 (0.8632)  pr_auc: 1.0000 (0.9206)  roc_auc: 1.0000 (0.9287)  time: 0.1837  data: 0.0003  max mem: 6614
Passive Test:  [  1320/?]  eta: ?  loss: 0.0024 (0.5803)  accuracy: 1.0000 (0.8725)  balanced_accuracy: 0.8953 (0.8634)  pr_auc: 1.0000 (0.9210)  roc_auc: 1.0000 (0.9290)  time: 0.1890  data: 0.0003  max mem: 6614
Passive Test:  [  1330/?]  eta: ?  loss: 0.0011 (0.5771)  accuracy: 1.0000 (0.8731)  balanced_accuracy: 0.8488 (0.8637)  pr_auc: 1.0000 (0.9214)  roc_auc: 1.0000 (0.9294)  time: 0.1936  data: 0.0003  max mem: 6614
Passive Test:  [  1340/?]  eta: ?  loss: 0.0014 (0.5730)  accuracy: 1.0000 (0.8740)  balanced_accuracy: 0.9898 (0.8643)  pr_auc: 1.0000 (0.9219)  roc_auc: 1.0000 (0.9298)  time: 0.2029  data: 0.0003  max mem: 6614
Passive Test:  [  1350/?]  eta: ?  loss: 0.0206 (0.5692)  accuracy: 0.9844 (0.8747)  balanced_accuracy: 0.9884 (0.8647)  pr_auc: 1.0000 (0.9221)  roc_auc: 1.0000 (0.9300)  time: 0.1979  data: 0.0003  max mem: 6614
Passive Test:  [  1360/?]  eta: ?  loss: 0.0392 (0.5674)  accuracy: 0.9844 (0.8750)  balanced_accuracy: 0.9651 (0.8646)  pr_auc: 1.0000 (0.9216)  roc_auc: 1.0000 (0.9299)  time: 0.1827  data: 0.0003  max mem: 6614
Passive Test:  [  1370/?]  eta: ?  loss: 0.0847 (0.5647)  accuracy: 0.9531 (0.8754)  balanced_accuracy: 0.9419 (0.8649)  pr_auc: 1.0000 (0.9218)  roc_auc: 1.0000 (0.9303)  time: 0.1839  data: 0.0003  max mem: 6614
Passive Test:  [  1380/?]  eta: ?  loss: 0.0891 (0.5616)  accuracy: 0.9531 (0.8760)  balanced_accuracy: 0.9419 (0.8650)  pr_auc: 1.0000 (0.9219)  roc_auc: 1.0000 (0.9304)  time: 0.1835  data: 0.0003  max mem: 6614
Passive Test:  [  1390/?]  eta: ?  loss: 0.0503 (0.5583)  accuracy: 0.9688 (0.8766)  balanced_accuracy: 0.9286 (0.8652)  pr_auc: 0.9978 (0.9221)  roc_auc: 0.9989 (0.9306)  time: 0.1817  data: 0.0003  max mem: 6614
Passive Test:  [  1400/?]  eta: ?  loss: 0.0373 (0.5562)  accuracy: 0.9844 (0.8768)  balanced_accuracy: 0.9091 (0.8651)  pr_auc: 0.9846 (0.9216)  roc_auc: 0.9911 (0.9304)  time: 0.1955  data: 0.0003  max mem: 6614
Passive Test:  [  1410/?]  eta: ?  loss: 0.0237 (0.5553)  accuracy: 0.9844 (0.8767)  balanced_accuracy: 0.9091 (0.8654)  pr_auc: 0.9804 (0.9208)  roc_auc: 0.9900 (0.9303)  time: 0.1973  data: 0.0004  max mem: 6614
Passive Test:  [  1420/?]  eta: ?  loss: 0.0827 (0.5577)  accuracy: 0.8281 (0.8757)  balanced_accuracy: 0.8721 (0.8645)  pr_auc: 0.9599 (0.9197)  roc_auc: 0.9643 (0.9295)  time: 0.1845  data: 0.0004  max mem: 6614
Passive Test:  [  1430/?]  eta: ?  loss: 0.0827 (0.5588)  accuracy: 0.7500 (0.8750)  balanced_accuracy: 0.8721 (0.8638)  pr_auc: 0.7239 (0.9185)  roc_auc: 0.8728 (0.9289)  time: 0.1888  data: 0.0004  max mem: 6614
Passive Test:  [  1440/?]  eta: ?  loss: 0.0732 (0.5572)  accuracy: 0.7656 (0.8748)  balanced_accuracy: 0.8721 (0.8640)  pr_auc: 0.7421 (0.9183)  roc_auc: 0.8726 (0.9289)  time: 0.1888  data: 0.0004  max mem: 6614
Passive Test:  [  1450/?]  eta: ?  loss: 0.5284 (0.5581)  accuracy: 0.7656 (0.8740)  balanced_accuracy: 0.7536 (0.8629)  pr_auc: 1.0000 (0.9173)  roc_auc: 1.0000 (0.9285)  time: 0.1876  data: 0.0003  max mem: 6614
Passive Test:  [  1460/?]  eta: ?  loss: 0.5941 (0.5586)  accuracy: 0.7656 (0.8731)  balanced_accuracy: 0.7093 (0.8617)  pr_auc: 1.0000 (0.9176)  roc_auc: 1.0000 (0.9288)  time: 0.2044  data: 0.0003  max mem: 6614
Passive Test:  [  1470/?]  eta: ?  loss: 0.3673 (0.5588)  accuracy: 0.7812 (0.8724)  balanced_accuracy: 0.7835 (0.8606)  pr_auc: 0.9834 (0.9168)  roc_auc: 0.9889 (0.9285)  time: 0.2036  data: 0.0003  max mem: 6614
Passive Test:  [  1480/?]  eta: ?  loss: 0.4743 (0.5623)  accuracy: 0.6875 (0.8711)  balanced_accuracy: 0.6279 (0.8586)  pr_auc: 0.8944 (0.9157)  roc_auc: 0.8870 (0.9273)  time: 0.1969  data: 0.0003  max mem: 6614
Passive Test:  [  1490/?]  eta: ?  loss: 0.4743 (0.5647)  accuracy: 0.6875 (0.8702)  balanced_accuracy: 0.6395 (0.8575)  pr_auc: 0.9589 (0.9161)  roc_auc: 0.8904 (0.9271)  time: 0.1972  data: 0.0003  max mem: 6614
Passive Test:  [  1500/?]  eta: ?  loss: 0.3922 (0.5641)  accuracy: 0.7500 (0.8696)  balanced_accuracy: 0.7619 (0.8570)  pr_auc: 0.9922 (0.9168)  roc_auc: 0.9870 (0.9276)  time: 0.1900  data: 0.0003  max mem: 6614
Passive Test:  [  1510/?]  eta: ?  loss: 0.2598 (0.5626)  accuracy: 0.8125 (0.8695)  balanced_accuracy: 0.8339 (0.8570)  pr_auc: 0.9908 (0.9175)  roc_auc: 0.9856 (0.9281)  time: 0.1897  data: 0.0003  max mem: 6614
Passive Test:  [  1520/?]  eta: ?  loss: 0.2598 (0.5625)  accuracy: 0.8750 (0.8693)  balanced_accuracy: 0.8615 (0.8570)  pr_auc: 0.9924 (0.9182)  roc_auc: 0.9945 (0.9286)  time: 0.2044  data: 0.0003  max mem: 6614
Passive Test:  [  1530/?]  eta: ?  loss: 0.3444 (0.5622)  accuracy: 0.8438 (0.8689)  balanced_accuracy: 0.8256 (0.8562)  pr_auc: 0.9966 (0.9185)  roc_auc: 0.9946 (0.9286)  time: 0.2029  data: 0.0003  max mem: 6614
Passive Test:  [  1540/?]  eta: ?  loss: 0.3444 (0.5649)  accuracy: 0.7656 (0.8683)  balanced_accuracy: 0.7262 (0.8554)  pr_auc: 0.9912 (0.9186)  roc_auc: 0.9812 (0.9285)  time: 0.1876  data: 0.0003  max mem: 6614
Passive Test:  [  1550/?]  eta: ?  loss: 0.2368 (0.5644)  accuracy: 0.8594 (0.8685)  balanced_accuracy: 0.7262 (0.8551)  pr_auc: 0.9912 (0.9184)  roc_auc: 0.9860 (0.9283)  time: 0.1876  data: 0.0003  max mem: 6614
Passive Test:  [  1560/?]  eta: ?  loss: 0.1553 (0.5644)  accuracy: 0.9531 (0.8685)  balanced_accuracy: 0.8636 (0.8546)  pr_auc: 0.9920 (0.9182)  roc_auc: 0.9922 (0.9282)  time: 0.1883  data: 0.0003  max mem: 6614
Passive Test:  [  1570/?]  eta: ?  loss: 0.1132 (0.5612)  accuracy: 0.9844 (0.8692)  balanced_accuracy: 0.9535 (0.8550)  pr_auc: 1.0000 (0.9185)  roc_auc: 1.0000 (0.9284)  time: 0.1867  data: 0.0003  max mem: 6614
Passive Test:  [  1580/?]  eta: ?  loss: 0.0043 (0.5577)  accuracy: 1.0000 (0.8700)  balanced_accuracy: 0.9694 (0.8556)  pr_auc: 1.0000 (0.9188)  roc_auc: 1.0000 (0.9288)  time: 0.1988  data: 0.0003  max mem: 6614
Passive Test:  [  1590/?]  eta: ?  loss: 0.0009 (0.5544)  accuracy: 1.0000 (0.8708)  balanced_accuracy: 1.0000 (0.8563)  pr_auc: 1.0000 (0.9192)  roc_auc: 1.0000 (0.9291)  time: 0.1990  data: 0.0003  max mem: 6614
Passive Test:  [  1600/?]  eta: ?  loss: 0.0056 (0.5510)  accuracy: 1.0000 (0.8716)  balanced_accuracy: 1.0000 (0.8569)  pr_auc: 1.0000 (0.9196)  roc_auc: 1.0000 (0.9294)  time: 0.1853  data: 0.0003  max mem: 6614
Passive Test:  [  1610/?]  eta: ?  loss: 0.0106 (0.5478)  accuracy: 1.0000 (0.8723)  balanced_accuracy: 1.0000 (0.8574)  pr_auc: 1.0000 (0.9200)  roc_auc: 1.0000 (0.9298)  time: 0.1851  data: 0.0003  max mem: 6614
Passive Test:  [  1620/?]  eta: ?  loss: 0.0326 (0.5466)  accuracy: 0.9844 (0.8723)  balanced_accuracy: 1.0000 (0.8573)  pr_auc: 1.0000 (0.9204)  roc_auc: 1.0000 (0.9301)  time: 0.1846  data: 0.0003  max mem: 6614
Passive Test:  [  1630/?]  eta: ?  loss: 0.2146 (0.5454)  accuracy: 0.9062 (0.8725)  balanced_accuracy: 1.0000 (0.8576)  pr_auc: 1.0000 (0.9206)  roc_auc: 1.0000 (0.9303)  time: 0.1837  data: 0.0003  max mem: 6614
Passive Test:  [  1640/?]  eta: ?  loss: 0.2179 (0.5441)  accuracy: 0.9062 (0.8726)  balanced_accuracy: 1.0000 (0.8578)  pr_auc: 1.0000 (0.9208)  roc_auc: 1.0000 (0.9305)  time: 0.2010  data: 0.0003  max mem: 6614
Passive Test:  [  1650/?]  eta: ?  loss: 0.1752 (0.5431)  accuracy: 0.9062 (0.8727)  balanced_accuracy: 0.9844 (0.8575)  pr_auc: 1.0000 (0.9203)  roc_auc: 1.0000 (0.9304)  time: 0.2000  data: 0.0003  max mem: 6614
Passive Test:  [  1660/?]  eta: ?  loss: 0.0049 (0.5426)  accuracy: 0.8750 (0.8727)  balanced_accuracy: 0.9000 (0.8569)  pr_auc: 1.0000 (0.9205)  roc_auc: 1.0000 (0.9305)  time: 0.1806  data: 0.0003  max mem: 6614
Passive Test:  [  1670/?]  eta: ?  loss: 0.2478 (0.5447)  accuracy: 0.8750 (0.8722)  balanced_accuracy: 0.7188 (0.8561)  pr_auc: 1.0000 (0.9206)  roc_auc: 1.0000 (0.9306)  time: 0.1814  data: 0.0003  max mem: 6614
Passive Test:  [  1680/?]  eta: ?  loss: 0.1914 (0.5431)  accuracy: 0.8906 (0.8724)  balanced_accuracy: 0.7031 (0.8557)  pr_auc: 1.0000 (0.9205)  roc_auc: 1.0000 (0.9305)  time: 0.1816  data: 0.0003  max mem: 6614
Passive Test:  [  1690/?]  eta: ?  loss: 0.0214 (0.5418)  accuracy: 0.9844 (0.8725)  balanced_accuracy: 0.7031 (0.8554)  pr_auc: 0.9985 (0.9204)  roc_auc: 0.9965 (0.9303)  time: 0.1826  data: 0.0003  max mem: 6614
Passive Test:  [  1700/?]  eta: ?  loss: 0.0031 (0.5402)  accuracy: 1.0000 (0.8727)  balanced_accuracy: 0.6552 (0.8553)  pr_auc: 0.9496 (0.9201)  roc_auc: 0.9570 (0.9300)  time: 0.1990  data: 0.0003  max mem: 6614
Passive Test:  [  1710/?]  eta: ?  loss: 0.0018 (0.5405)  accuracy: 1.0000 (0.8727)  balanced_accuracy: 0.6875 (0.8548)  pr_auc: 0.9102 (0.9194)  roc_auc: 0.9111 (0.9292)  time: 0.1992  data: 0.0003  max mem: 6614
Passive Test:  [  1720/?]  eta: ?  loss: 0.0018 (0.5394)  accuracy: 1.0000 (0.8730)  balanced_accuracy: 1.0000 (0.8550)  pr_auc: 1.0000 (0.9194)  roc_auc: 1.0000 (0.9289)  time: 0.1843  data: 0.0003  max mem: 6614
Passive Test:  [  1730/?]  eta: ?  loss: 0.0185 (0.5385)  accuracy: 0.9844 (0.8731)  balanced_accuracy: 0.9688 (0.8552)  pr_auc: 1.0000 (0.9197)  roc_auc: 1.0000 (0.9292)  time: 0.1835  data: 0.0003  max mem: 6614
Passive Test:  [  1740/?]  eta: ?  loss: 0.0617 (0.5359)  accuracy: 0.9844 (0.8737)  balanced_accuracy: 0.9902 (0.8554)  pr_auc: 1.0000 (0.9199)  roc_auc: 1.0000 (0.9293)  time: 0.1829  data: 0.0004  max mem: 6614
Passive Test:  [  1750/?]  eta: ?  loss: 0.0074 (0.5334)  accuracy: 0.9844 (0.8742)  balanced_accuracy: 1.0000 (0.8558)  pr_auc: 1.0000 (0.9201)  roc_auc: 1.0000 (0.9295)  time: 0.1827  data: 0.0003  max mem: 6614
Passive Test:  [  1760/?]  eta: ?  loss: 0.0025 (0.5308)  accuracy: 1.0000 (0.8747)  balanced_accuracy: 1.0000 (0.8560)  pr_auc: 1.0000 (0.9202)  roc_auc: 1.0000 (0.9296)  time: 0.2006  data: 0.0003  max mem: 6614
Passive Test:  [  1770/?]  eta: ?  loss: 0.0026 (0.5325)  accuracy: 1.0000 (0.8747)  balanced_accuracy: 0.9844 (0.8556)  pr_auc: 1.0000 (0.9198)  roc_auc: 1.0000 (0.9293)  time: 0.2022  data: 0.0003  max mem: 6614
Passive Test:  [  1780/?]  eta: ?  loss: 0.0300 (0.5331)  accuracy: 0.9844 (0.8748)  balanced_accuracy: 0.9844 (0.8552)  pr_auc: 1.0000 (0.9198)  roc_auc: 1.0000 (0.9293)  time: 0.1840  data: 0.0004  max mem: 6614
Passive Test:  [  1790/?]  eta: ?  loss: 0.0355 (0.5317)  accuracy: 0.9844 (0.8751)  balanced_accuracy: 0.9811 (0.8556)  pr_auc: 1.0000 (0.9201)  roc_auc: 1.0000 (0.9296)  time: 0.1837  data: 0.0004  max mem: 6614
Passive Test:  [  1800/?]  eta: ?  loss: 0.0541 (0.5310)  accuracy: 0.9688 (0.8752)  balanced_accuracy: 0.8906 (0.8555)  pr_auc: 1.0000 (0.9203)  roc_auc: 1.0000 (0.9297)  time: 0.1907  data: 0.0003  max mem: 6614
Passive Test:  [  1810/?]  eta: ?  loss: 0.0541 (0.5335)  accuracy: 0.9688 (0.8749)  balanced_accuracy: 0.9844 (0.8553)  pr_auc: 1.0000 (0.9202)  roc_auc: 1.0000 (0.9297)  time: 0.1921  data: 0.0003  max mem: 6614
Passive Test:  [  1820/?]  eta: ?  loss: 0.0144 (0.5319)  accuracy: 1.0000 (0.8754)  balanced_accuracy: 1.0000 (0.8558)  pr_auc: 1.0000 (0.9206)  roc_auc: 1.0000 (0.9300)  time: 0.2009  data: 0.0004  max mem: 6614
Passive Test:  [  1830/?]  eta: ?  loss: 0.0685 (0.5321)  accuracy: 0.9688 (0.8753)  balanced_accuracy: 0.9875 (0.8560)  pr_auc: 1.0000 (0.9204)  roc_auc: 1.0000 (0.9302)  time: 0.1986  data: 0.0004  max mem: 6614
Passive Test:  [  1840/?]  eta: ?  loss: 0.2404 (0.5318)  accuracy: 0.9062 (0.8753)  balanced_accuracy: 0.9651 (0.8563)  pr_auc: 1.0000 (0.9208)  roc_auc: 1.0000 (0.9306)  time: 0.1836  data: 0.0003  max mem: 6614
Passive Test:  [  1850/?]  eta: ?  loss: 0.2010 (0.5308)  accuracy: 0.8750 (0.8755)  balanced_accuracy: 0.9688 (0.8568)  pr_auc: 1.0000 (0.9211)  roc_auc: 1.0000 (0.9308)  time: 0.1835  data: 0.0003  max mem: 6614
Passive Test:  [  1860/?]  eta: ?  loss: 0.3781 (0.5334)  accuracy: 0.8750 (0.8752)  balanced_accuracy: 0.9651 (0.8569)  pr_auc: 1.0000 (0.9210)  roc_auc: 1.0000 (0.9309)  time: 0.1830  data: 0.0003  max mem: 6614
Passive Test:  [  1870/?]  eta: ?  loss: 0.3345 (0.5351)  accuracy: 0.8750 (0.8750)  balanced_accuracy: 0.9875 (0.8571)  pr_auc: 1.0000 (0.9212)  roc_auc: 1.0000 (0.9310)  time: 0.1820  data: 0.0003  max mem: 6614
Passive Test:  [  1880/?]  eta: ?  loss: 0.1030 (0.5398)  accuracy: 0.9219 (0.8745)  balanced_accuracy: 1.0000 (0.8575)  pr_auc: 1.0000 (0.9214)  roc_auc: 1.0000 (0.9312)  time: 0.1952  data: 0.0003  max mem: 6614
Passive Test:  [  1890/?]  eta: ?  loss: 0.1914 (0.5439)  accuracy: 0.8125 (0.8741)  balanced_accuracy: 1.0000 (0.8573)  pr_auc: 1.0000 (0.9214)  roc_auc: 1.0000 (0.9311)  time: 0.1969  data: 0.0003  max mem: 6614
Passive Test:  [  1900/?]  eta: ?  loss: 0.3491 (0.5499)  accuracy: 0.7344 (0.8735)  balanced_accuracy: 0.9219 (0.8572)  pr_auc: 1.0000 (0.9215)  roc_auc: 1.0000 (0.9312)  time: 0.1837  data: 0.0003  max mem: 6614
Passive Test:  [  1910/?]  eta: ?  loss: 0.3491 (0.5541)  accuracy: 0.7656 (0.8731)  balanced_accuracy: 0.9167 (0.8571)  pr_auc: 1.0000 (0.9214)  roc_auc: 1.0000 (0.9312)  time: 0.1823  data: 0.0003  max mem: 6614
Passive Test:  [  1920/?]  eta: ?  loss: 0.4132 (0.5547)  accuracy: 0.7969 (0.8728)  balanced_accuracy: 0.7969 (0.8568)  pr_auc: 0.9962 (0.9217)  roc_auc: 0.9961 (0.9314)  time: 0.1840  data: 0.0003  max mem: 6614
Passive Test:  [  1930/?]  eta: ?  loss: 0.4132 (0.5547)  accuracy: 0.7969 (0.8726)  balanced_accuracy: 0.7969 (0.8565)  pr_auc: 0.9962 (0.9221)  roc_auc: 0.9961 (0.9317)  time: 0.1865  data: 0.0003  max mem: 6614
Passive Test:  [  1940/?]  eta: ?  loss: 0.5814 (0.5555)  accuracy: 0.7656 (0.8721)  balanced_accuracy: 0.7812 (0.8561)  pr_auc: 0.9972 (0.9226)  roc_auc: 0.9971 (0.9321)  time: 0.2013  data: 0.0003  max mem: 6614
Passive Test:  [  1950/?]  eta: ?  loss: 0.4379 (0.5561)  accuracy: 0.7656 (0.8718)  balanced_accuracy: 0.7656 (0.8554)  pr_auc: 0.9991 (0.9230)  roc_auc: 0.9990 (0.9324)  time: 0.2091  data: 0.0004  max mem: 6614
Passive Test:  [  1960/?]  eta: ?  loss: 0.4379 (0.5579)  accuracy: 0.8594 (0.8712)  balanced_accuracy: 0.7500 (0.8549)  pr_auc: 0.9972 (0.9233)  roc_auc: 0.9971 (0.9327)  time: 0.1957  data: 0.0004  max mem: 6614
Passive Test:  [  1970/?]  eta: ?  loss: 0.7313 (0.5589)  accuracy: 0.7500 (0.8707)  balanced_accuracy: 0.8750 (0.8554)  pr_auc: 1.0000 (0.9236)  roc_auc: 1.0000 (0.9330)  time: 0.1869  data: 0.0004  max mem: 6614
Passive Test:  [  1980/?]  eta: ?  loss: 0.3614 (0.5583)  accuracy: 0.8438 (0.8706)  balanced_accuracy: 0.9375 (0.8557)  pr_auc: 1.0000 (0.9240)  roc_auc: 1.0000 (0.9333)  time: 0.1856  data: 0.0003  max mem: 6614
Passive Test:  [  1990/?]  eta: ?  loss: 0.3050 (0.5569)  accuracy: 0.8594 (0.8707)  balanced_accuracy: 0.9531 (0.8561)  pr_auc: 1.0000 (0.9245)  roc_auc: 1.0000 (0.9337)  time: 0.1869  data: 0.0003  max mem: 6614
Passive Test:  [  2000/?]  eta: ?  loss: 0.0567 (0.5549)  accuracy: 0.9531 (0.8711)  balanced_accuracy: 0.9844 (0.8568)  pr_auc: 1.0000 (0.9250)  roc_auc: 1.0000 (0.9342)  time: 0.2029  data: 0.0003  max mem: 6614
Passive Test:  [  2010/?]  eta: ?  loss: 0.0557 (0.5540)  accuracy: 0.9844 (0.8710)  balanced_accuracy: 0.9531 (0.8566)  pr_auc: 1.0000 (0.9254)  roc_auc: 1.0000 (0.9345)  time: 0.2030  data: 0.0003  max mem: 6614
Passive Test:  [  2020/?]  eta: ?  loss: 0.0611 (0.5526)  accuracy: 0.9531 (0.8712)  balanced_accuracy: 0.8125 (0.8567)  pr_auc: 1.0000 (0.9257)  roc_auc: 1.0000 (0.9348)  time: 0.1875  data: 0.0003  max mem: 6614
Passive Test:  [  2030/?]  eta: ?  loss: 0.0014 (0.5501)  accuracy: 1.0000 (0.8717)  balanced_accuracy: 0.9750 (0.8572)  pr_auc: 1.0000 (0.9260)  roc_auc: 1.0000 (0.9351)  time: 0.1858  data: 0.0003  max mem: 6614
Passive Test:  [  2040/?]  eta: ?  loss: 0.0010 (0.5488)  accuracy: 1.0000 (0.8720)  balanced_accuracy: 1.0000 (0.8576)  pr_auc: 1.0000 (0.9263)  roc_auc: 1.0000 (0.9353)  time: 0.1856  data: 0.0003  max mem: 6614
Passive Test:  [  2050/?]  eta: ?  loss: 0.0423 (0.5499)  accuracy: 0.9062 (0.8715)  balanced_accuracy: 0.9062 (0.8566)  pr_auc: 1.0000 (0.9264)  roc_auc: 1.0000 (0.9353)  time: 0.1868  data: 0.0003  max mem: 6614
Passive Test:  [  2060/?]  eta: ?  loss: 0.5152 (0.5507)  accuracy: 0.7344 (0.8713)  balanced_accuracy: 0.7344 (0.8562)  pr_auc: 1.0000 (0.9266)  roc_auc: 1.0000 (0.9353)  time: 0.2070  data: 0.0004  max mem: 6614
Passive Test:  [  2070/?]  eta: ?  loss: 0.0713 (0.5499)  accuracy: 0.9688 (0.8715)  balanced_accuracy: 0.9531 (0.8565)  pr_auc: 0.9991 (0.9271)  roc_auc: 0.9990 (0.9358)  time: 0.2091  data: 0.0004  max mem: 6614
Passive Test:  [  2080/?]  eta: ?  loss: 0.0430 (0.5491)  accuracy: 0.9844 (0.8716)  balanced_accuracy: 0.9815 (0.8568)  pr_auc: 1.0000 (0.9274)  roc_auc: 1.0000 (0.9359)  time: 0.1904  data: 0.0004  max mem: 6614
Passive Test:  [  2090/?]  eta: ?  loss: 0.1269 (0.5471)  accuracy: 0.9531 (0.8720)  balanced_accuracy: 0.9531 (0.8576)  pr_auc: 1.0000 (0.9279)  roc_auc: 1.0000 (0.9364)  time: 0.1898  data: 0.0004  max mem: 6614
Passive Test:  [  2100/?]  eta: ?  loss: 0.0568 (0.5461)  accuracy: 0.9688 (0.8723)  balanced_accuracy: 0.9688 (0.8583)  pr_auc: 1.0000 (0.9283)  roc_auc: 1.0000 (0.9365)  time: 0.1901  data: 0.0004  max mem: 6614
Passive Test:  [  2110/?]  eta: ?  loss: 0.0216 (0.5490)  accuracy: 1.0000 (0.8721)  balanced_accuracy: 1.0000 (0.8586)  pr_auc: 1.0000 (0.9285)  roc_auc: 1.0000 (0.9366)  time: 0.1973  data: 0.0004  max mem: 6614
Passive Test:  [  2120/?]  eta: ?  loss: 0.0274 (0.5504)  accuracy: 0.9844 (0.8721)  balanced_accuracy: 0.9811 (0.8586)  pr_auc: 1.0000 (0.9285)  roc_auc: 1.0000 (0.9367)  time: 0.2058  data: 0.0003  max mem: 6614
Passive Test:  [  2130/?]  eta: ?  loss: 0.1152 (0.5522)  accuracy: 0.9375 (0.8716)  balanced_accuracy: 0.9917 (0.8590)  pr_auc: 1.0000 (0.9288)  roc_auc: 1.0000 (0.9369)  time: 0.1963  data: 0.0004  max mem: 6614
Passive Test:  [  2140/?]  eta: ?  loss: 0.1119 (0.5530)  accuracy: 0.9531 (0.8715)  balanced_accuracy: 0.9917 (0.8594)  pr_auc: 1.0000 (0.9290)  roc_auc: 1.0000 (0.9371)  time: 0.1846  data: 0.0004  max mem: 6614
Passive Test:  [  2150/?]  eta: ?  loss: 0.1119 (0.5582)  accuracy: 0.9531 (0.8708)  balanced_accuracy: 1.0000 (0.8598)  pr_auc: 1.0000 (0.9293)  roc_auc: 1.0000 (0.9373)  time: 0.1840  data: 0.0004  max mem: 6614
Passive Test:  [  2160/?]  eta: ?  loss: 0.8947 (0.5616)  accuracy: 0.7188 (0.8700)  balanced_accuracy: 0.9844 (0.8592)  pr_auc: 1.0000 (0.9285)  roc_auc: 1.0000 (0.9363)  time: 0.1835  data: 0.0003  max mem: 6614
Passive Test:  [  2170/?]  eta: ?  loss: 0.8947 (0.5657)  accuracy: 0.7188 (0.8693)  balanced_accuracy: 0.8438 (0.8581)  pr_auc: 0.9769 (0.9275)  roc_auc: 0.9727 (0.9354)  time: 0.1846  data: 0.0003  max mem: 6614
Passive Test:  [  2180/?]  eta: ?  loss: 0.5924 (0.5672)  accuracy: 0.7969 (0.8687)  balanced_accuracy: 0.5469 (0.8574)  pr_auc: 0.8624 (0.9272)  roc_auc: 0.8843 (0.9348)  time: 0.2022  data: 0.0004  max mem: 6614
Passive Test:  [  2190/?]  eta: ?  loss: 0.4531 (0.5708)  accuracy: 0.6719 (0.8679)  balanced_accuracy: 0.8125 (0.8566)  pr_auc: 0.9769 (0.9268)  roc_auc: 0.9727 (0.9344)  time: 0.2031  data: 0.0004  max mem: 6614
Passive Test:  [  2200/?]  eta: ?  loss: 0.4531 (0.5736)  accuracy: 0.6719 (0.8675)  balanced_accuracy: 0.8333 (0.8567)  pr_auc: 1.0000 (0.9267)  roc_auc: 1.0000 (0.9342)  time: 0.1875  data: 0.0003  max mem: 6614
Passive Test:  [  2210/?]  eta: ?  loss: 0.1182 (0.5770)  accuracy: 0.8750 (0.8670)  balanced_accuracy: 0.9531 (0.8569)  pr_auc: 1.0000 (0.9269)  roc_auc: 1.0000 (0.9344)  time: 0.1859  data: 0.0004  max mem: 6614
Passive Test:  [  2220/?]  eta: ?  loss: 0.4490 (0.5789)  accuracy: 0.8125 (0.8666)  balanced_accuracy: 0.8750 (0.8568)  pr_auc: 1.0000 (0.9270)  roc_auc: 1.0000 (0.9345)  time: 0.1829  data: 0.0004  max mem: 6614
Passive Test:  [  2230/?]  eta: ?  loss: 0.4490 (0.5801)  accuracy: 0.7812 (0.8662)  balanced_accuracy: 0.8750 (0.8566)  pr_auc: 1.0000 (0.9270)  roc_auc: 1.0000 (0.9344)  time: 0.1818  data: 0.0003  max mem: 6614
Passive Test:  [  2240/?]  eta: ?  loss: 0.3370 (0.5817)  accuracy: 0.8438 (0.8660)  balanced_accuracy: 0.8958 (0.8567)  pr_auc: 1.0000 (0.9273)  roc_auc: 1.0000 (0.9346)  time: 0.1977  data: 0.0003  max mem: 6614
Passive Test:  [  2250/?]  eta: ?  loss: 0.1792 (0.5821)  accuracy: 0.8594 (0.8658)  balanced_accuracy: 0.8594 (0.8567)  pr_auc: 1.0000 (0.9275)  roc_auc: 1.0000 (0.9349)  time: 0.1985  data: 0.0003  max mem: 6614
Passive Test:  [  2260/?]  eta: ?  loss: 0.0279 (0.5825)  accuracy: 0.9844 (0.8658)  balanced_accuracy: 0.8594 (0.8569)  pr_auc: 1.0000 (0.9276)  roc_auc: 1.0000 (0.9350)  time: 0.1881  data: 0.0003  max mem: 6614
Passive Test:  [  2270/?]  eta: ?  loss: 0.0122 (0.5836)  accuracy: 1.0000 (0.8658)  balanced_accuracy: 0.9286 (0.8572)  pr_auc: 1.0000 (0.9278)  roc_auc: 1.0000 (0.9351)  time: 0.1913  data: 0.0003  max mem: 6614
Passive Test:  [  2280/?]  eta: ?  loss: 0.0090 (0.5891)  accuracy: 0.9844 (0.8651)  balanced_accuracy: 0.9286 (0.8572)  pr_auc: 1.0000 (0.9278)  roc_auc: 1.0000 (0.9351)  time: 0.1844  data: 0.0003  max mem: 6614
Passive Test:  [  2290/?]  eta: ?  loss: 0.1799 (0.5962)  accuracy: 0.5312 (0.8645)  balanced_accuracy: 0.9286 (0.8572)  pr_auc: 1.0000 (0.9278)  roc_auc: 1.0000 (0.9351)  time: 0.1782  data: 0.0003  max mem: 6614
Passive Test:  [  2300/?]  eta: ?  loss: 0.1622 (0.5986)  accuracy: 0.9062 (0.8645)  balanced_accuracy: 0.9375 (0.8573)  pr_auc: 1.0000 (0.9279)  roc_auc: 1.0000 (0.9352)  time: 0.1925  data: 0.0003  max mem: 6614
Passive Test:  [  2310/?]  eta: ?  loss: 0.0807 (0.6020)  accuracy: 0.9531 (0.8643)  balanced_accuracy: 0.9444 (0.8575)  pr_auc: 1.0000 (0.9280)  roc_auc: 1.0000 (0.9353)  time: 0.1938  data: 0.0003  max mem: 6614
Passive Test:  [  2320/?]  eta: ?  loss: 0.0807 (0.6036)  accuracy: 0.9375 (0.8643)  balanced_accuracy: 0.9844 (0.8578)  pr_auc: 1.0000 (0.9282)  roc_auc: 1.0000 (0.9355)  time: 0.1818  data: 0.0003  max mem: 6614
Passive Test:  [  2330/?]  eta: ?  loss: 0.0765 (0.6069)  accuracy: 0.9062 (0.8640)  balanced_accuracy: 0.9844 (0.8582)  pr_auc: 1.0000 (0.9285)  roc_auc: 1.0000 (0.9357)  time: 0.1836  data: 0.0003  max mem: 6614
Passive Test:  [  2340/?]  eta: ?  loss: 0.1873 (0.6101)  accuracy: 0.8906 (0.8637)  balanced_accuracy: 0.9844 (0.8586)  pr_auc: 1.0000 (0.9287)  roc_auc: 1.0000 (0.9359)  time: 0.1843  data: 0.0003  max mem: 6614
Passive Test:  [  2350/?]  eta: ?  loss: 0.1873 (0.6082)  accuracy: 0.9375 (0.8640)  balanced_accuracy: 0.9688 (0.8591)  pr_auc: 1.0000 (0.9290)  roc_auc: 1.0000 (0.9362)  time: 0.1858  data: 0.0003  max mem: 6614
Passive Test:  [  2360/?]  eta: ?  loss: 0.0637 (0.6062)  accuracy: 0.9688 (0.8644)  balanced_accuracy: 0.9597 (0.8596)  pr_auc: 1.0000 (0.9293)  roc_auc: 1.0000 (0.9365)  time: 0.2015  data: 0.0003  max mem: 6614
Passive Test:  [  2370/?]  eta: ?  loss: 0.0715 (0.6046)  accuracy: 0.9688 (0.8646)  balanced_accuracy: 0.9796 (0.8600)  pr_auc: 1.0000 (0.9295)  roc_auc: 1.0000 (0.9367)  time: 0.2003  data: 0.0004  max mem: 6614
Passive Test:  [  2380/?]  eta: ?  loss: 0.0825 (0.6034)  accuracy: 0.9531 (0.8648)  balanced_accuracy: 0.9844 (0.8605)  pr_auc: 1.0000 (0.9298)  roc_auc: 1.0000 (0.9370)  time: 0.1852  data: 0.0004  max mem: 6614
Passive Test:  [  2390/?]  eta: ?  loss: 0.0520 (0.6011)  accuracy: 0.9844 (0.8652)  balanced_accuracy: 0.9844 (0.8609)  pr_auc: 1.0000 (0.9301)  roc_auc: 1.0000 (0.9372)  time: 0.1856  data: 0.0004  max mem: 6614
Passive Test:  [  2400/?]  eta: ?  loss: 0.0101 (0.5993)  accuracy: 0.9844 (0.8655)  balanced_accuracy: 0.9844 (0.8614)  pr_auc: 1.0000 (0.9303)  roc_auc: 1.0000 (0.9375)  time: 0.1853  data: 0.0004  max mem: 6614
Passive Test:  [  2410/?]  eta: ?  loss: 0.0022 (0.5975)  accuracy: 1.0000 (0.8659)  balanced_accuracy: 1.0000 (0.8617)  pr_auc: 1.0000 (0.9305)  roc_auc: 1.0000 (0.9376)  time: 0.1842  data: 0.0003  max mem: 6614
Passive Test:  [  2420/?]  eta: ?  loss: 0.1195 (0.5964)  accuracy: 0.9531 (0.8660)  balanced_accuracy: 0.9844 (0.8620)  pr_auc: 1.0000 (0.9306)  roc_auc: 1.0000 (0.9378)  time: 0.2045  data: 0.0003  max mem: 6614
Passive Test:  [  2430/?]  eta: ?  loss: 0.1110 (0.5947)  accuracy: 0.9531 (0.8662)  balanced_accuracy: 0.9844 (0.8620)  pr_auc: 1.0000 (0.9306)  roc_auc: 1.0000 (0.9378)  time: 0.2042  data: 0.0003  max mem: 6614
Passive Test:  [  2440/?]  eta: ?  loss: 0.0196 (0.5934)  accuracy: 0.9844 (0.8665)  balanced_accuracy: 0.9844 (0.8620)  pr_auc: 1.0000 (0.9306)  roc_auc: 1.0000 (0.9378)  time: 0.1803  data: 0.0003  max mem: 6614
Passive Test:  [  2450/?]  eta: ?  loss: 0.0578 (0.5928)  accuracy: 0.9531 (0.8666)  balanced_accuracy: 0.9844 (0.8621)  pr_auc: 1.0000 (0.9308)  roc_auc: 1.0000 (0.9379)  time: 0.1795  data: 0.0003  max mem: 6614
Passive Test:  [  2460/?]  eta: ?  loss: 0.1824 (0.5924)  accuracy: 0.8750 (0.8665)  balanced_accuracy: 0.9531 (0.8622)  pr_auc: 1.0000 (0.9310)  roc_auc: 1.0000 (0.9381)  time: 0.1827  data: 0.0003  max mem: 6614
Passive Test:  [  2470/?]  eta: ?  loss: 0.1987 (0.5909)  accuracy: 0.9219 (0.8667)  balanced_accuracy: 0.9256 (0.8623)  pr_auc: 1.0000 (0.9312)  roc_auc: 1.0000 (0.9383)  time: 0.1844  data: 0.0003  max mem: 6614
Passive Test:  [  2480/?]  eta: ?  loss: 0.1029 (0.5894)  accuracy: 0.9375 (0.8669)  balanced_accuracy: 0.9062 (0.8625)  pr_auc: 1.0000 (0.9314)  roc_auc: 1.0000 (0.9385)  time: 0.2000  data: 0.0003  max mem: 6614
Passive Test:  [  2490/?]  eta: ?  loss: 0.0631 (0.5881)  accuracy: 0.9688 (0.8670)  balanced_accuracy: 0.9688 (0.8628)  pr_auc: 0.9982 (0.9317)  roc_auc: 0.9980 (0.9387)  time: 0.2015  data: 0.0004  max mem: 6614
Passive Test:  [  2500/?]  eta: ?  loss: 0.0664 (0.5873)  accuracy: 0.9688 (0.8668)  balanced_accuracy: 0.9688 (0.8623)  pr_auc: 0.9982 (0.9319)  roc_auc: 0.9980 (0.9388)  time: 0.1869  data: 0.0004  max mem: 6614
Passive Test:  [  2510/?]  eta: ?  loss: 0.0667 (0.5892)  accuracy: 0.9219 (0.8662)  balanced_accuracy: 0.8017 (0.8613)  pr_auc: 0.9982 (0.9315)  roc_auc: 0.9980 (0.9380)  time: 0.1849  data: 0.0004  max mem: 6614
Passive Test:  [  2520/?]  eta: ?  loss: 0.0760 (0.5905)  accuracy: 0.6406 (0.8656)  balanced_accuracy: 0.7411 (0.8607)  pr_auc: 0.9918 (0.9311)  roc_auc: 0.9917 (0.9373)  time: 0.1839  data: 0.0004  max mem: 6614
Passive Test:  [  2530/?]  eta: ?  loss: 0.0760 (0.5911)  accuracy: 0.5625 (0.8650)  balanced_accuracy: 0.6406 (0.8602)  pr_auc: 0.9836 (0.9306)  roc_auc: 0.9463 (0.9364)  time: 0.1845  data: 0.0004  max mem: 6614
Passive Test:  [  2540/?]  eta: ?  loss: 0.0308 (0.5915)  accuracy: 0.7969 (0.8647)  balanced_accuracy: 0.4844 (0.8597)  pr_auc: 0.9685 (0.9302)  roc_auc: 0.9375 (0.9356)  time: 0.1984  data: 0.0003  max mem: 6614
Passive Test:  [  2550/?]  eta: ?  loss: 0.0308 (0.5935)  accuracy: 0.9844 (0.8642)  balanced_accuracy: 0.4844 (0.8585)  pr_auc: 0.7743 (0.9291)  roc_auc: 0.6450 (0.9342)  time: 0.1990  data: 0.0003  max mem: 6614
Passive Test:  [  2560/?]  eta: ?  loss: 0.0315 (0.5934)  accuracy: 0.9844 (0.8641)  balanced_accuracy: 0.9688 (0.8587)  pr_auc: 1.0000 (0.9291)  roc_auc: 1.0000 (0.9343)  time: 0.1832  data: 0.0003  max mem: 6614
Passive Test:  [  2570/?]  eta: ?  loss: 0.1078 (0.5936)  accuracy: 0.9688 (0.8639)  balanced_accuracy: 0.9688 (0.8586)  pr_auc: 1.0000 (0.9292)  roc_auc: 1.0000 (0.9344)  time: 0.1798  data: 0.0003  max mem: 6614
Passive Test:  [  2580/?]  eta: ?  loss: 0.1078 (0.5928)  accuracy: 0.9688 (0.8640)  balanced_accuracy: 0.8000 (0.8584)  pr_auc: 1.0000 (0.9291)  roc_auc: 1.0000 (0.9343)  time: 0.1922  data: 0.0003  max mem: 6614
Passive Test:  [  2590/?]  eta: ?  loss: 0.1104 (0.5919)  accuracy: 0.9062 (0.8640)  balanced_accuracy: 0.8438 (0.8583)  pr_auc: 1.0000 (0.9289)  roc_auc: 1.0000 (0.9341)  time: 0.1961  data: 0.0004  max mem: 6614
Passive Test:  [  2600/?]  eta: ?  loss: 0.0373 (0.5905)  accuracy: 0.9844 (0.8643)  balanced_accuracy: 0.8438 (0.8583)  pr_auc: 1.0000 (0.9287)  roc_auc: 1.0000 (0.9339)  time: 0.2002  data: 0.0004  max mem: 6614
Passive Test:  [  2610/?]  eta: ?  loss: 0.0133 (0.5892)  accuracy: 0.9844 (0.8646)  balanced_accuracy: 0.8000 (0.8581)  pr_auc: 0.9840 (0.9289)  roc_auc: 0.9834 (0.9340)  time: 0.1983  data: 0.0004  max mem: 6614
Passive Test:  [  2620/?]  eta: ?  loss: 0.0280 (0.5871)  accuracy: 0.9844 (0.8650)  balanced_accuracy: 0.8125 (0.8582)  pr_auc: 0.9840 (0.9289)  roc_auc: 0.9834 (0.9341)  time: 0.1817  data: 0.0003  max mem: 6614
Passive Test:  [  2630/?]  eta: ?  loss: 0.0357 (0.5858)  accuracy: 0.9844 (0.8652)  balanced_accuracy: 0.8906 (0.8584)  pr_auc: 0.9963 (0.9291)  roc_auc: 0.9961 (0.9342)  time: 0.1809  data: 0.0003  max mem: 6614
Passive Test:  [  2640/?]  eta: ?  loss: 0.0842 (0.5865)  accuracy: 0.9531 (0.8653)  balanced_accuracy: 0.9062 (0.8584)  pr_auc: 0.9963 (0.9291)  roc_auc: 0.9961 (0.9343)  time: 0.1806  data: 0.0003  max mem: 6614
Passive Test:  [  2650/?]  eta: ?  loss: 0.0788 (0.5881)  accuracy: 0.9531 (0.8653)  balanced_accuracy: 0.9375 (0.8586)  pr_auc: 0.9963 (0.9291)  roc_auc: 0.9961 (0.9343)  time: 0.1800  data: 0.0003  max mem: 6614
Passive Test:  [  2660/?]  eta: ?  loss: 0.0126 (0.5905)  accuracy: 0.9844 (0.8652)  balanced_accuracy: 0.9375 (0.8587)  pr_auc: 0.9963 (0.9292)  roc_auc: 0.9961 (0.9344)  time: 0.1960  data: 0.0003  max mem: 6614
Passive Test:  [  2670/?]  eta: ?  loss: 0.3561 (0.5932)  accuracy: 0.5781 (0.8644)  balanced_accuracy: 0.9219 (0.8582)  pr_auc: 0.9943 (0.9288)  roc_auc: 0.9941 (0.9339)  time: 0.1963  data: 0.0003  max mem: 6614
Passive Test:  [  2680/?]  eta: ?  loss: 0.4560 (0.5951)  accuracy: 0.5781 (0.8641)  balanced_accuracy: 0.9062 (0.8578)  pr_auc: 0.9933 (0.9287)  roc_auc: 0.9932 (0.9338)  time: 0.1815  data: 0.0003  max mem: 6614
Passive Test:  [  2690/?]  eta: ?  loss: 0.0930 (0.5951)  accuracy: 0.9688 (0.8642)  balanced_accuracy: 0.9062 (0.8573)  pr_auc: 0.9922 (0.9287)  roc_auc: 0.9922 (0.9337)  time: 0.1818  data: 0.0003  max mem: 6614
Passive Test:  [  2700/?]  eta: ?  loss: 0.0051 (0.5947)  accuracy: 0.9844 (0.8643)  balanced_accuracy: 0.7609 (0.8571)  pr_auc: 0.9664 (0.9287)  roc_auc: 0.9531 (0.9336)  time: 0.1825  data: 0.0003  max mem: 6614
Passive Test:  [  2710/?]  eta: ?  loss: 0.0018 (0.5932)  accuracy: 1.0000 (0.8647)  balanced_accuracy: 0.7609 (0.8575)  pr_auc: 0.9664 (0.9288)  roc_auc: 0.9531 (0.9337)  time: 0.1848  data: 0.0004  max mem: 6614
Passive Test:  [  2720/?]  eta: ?  loss: 0.0018 (0.5913)  accuracy: 1.0000 (0.8650)  balanced_accuracy: 0.9825 (0.8580)  pr_auc: 1.0000 (0.9291)  roc_auc: 1.0000 (0.9339)  time: 0.2000  data: 0.0004  max mem: 6614
Passive Test:  [  2730/?]  eta: ?  loss: 0.0031 (0.5892)  accuracy: 1.0000 (0.8655)  balanced_accuracy: 1.0000 (0.8585)  pr_auc: 1.0000 (0.9293)  roc_auc: 1.0000 (0.9342)  time: 0.1994  data: 0.0003  max mem: 6614
Passive Test:  [  2740/?]  eta: ?  loss: 0.0014 (0.5870)  accuracy: 1.0000 (0.8660)  balanced_accuracy: 1.0000 (0.8592)  pr_auc: 1.0000 (0.9297)  roc_auc: 1.0000 (0.9345)  time: 0.1958  data: 0.0003  max mem: 6614
Passive Test:  [  2750/?]  eta: ?  loss: 0.0013 (0.5850)  accuracy: 1.0000 (0.8664)  balanced_accuracy: 1.0000 (0.8598)  pr_auc: 1.0000 (0.9300)  roc_auc: 1.0000 (0.9348)  time: 0.1971  data: 0.0004  max mem: 6614
Passive Test:  [  2760/?]  eta: ?  loss: 0.0014 (0.5837)  accuracy: 1.0000 (0.8667)  balanced_accuracy: 1.0000 (0.8603)  pr_auc: 1.0000 (0.9304)  roc_auc: 1.0000 (0.9351)  time: 0.1876  data: 0.0004  max mem: 6614
Passive Test:  [  2770/?]  eta: ?  loss: 0.0016 (0.5816)  accuracy: 1.0000 (0.8671)  balanced_accuracy: 1.0000 (0.8610)  pr_auc: 1.0000 (0.9307)  roc_auc: 1.0000 (0.9354)  time: 0.1874  data: 0.0004  max mem: 6614
Passive Test:  [  2780/?]  eta: ?  loss: 0.0012 (0.5798)  accuracy: 1.0000 (0.8675)  balanced_accuracy: 1.0000 (0.8616)  pr_auc: 1.0000 (0.9310)  roc_auc: 1.0000 (0.9358)  time: 0.2019  data: 0.0003  max mem: 6614
Passive Test:  [  2790/?]  eta: ?  loss: 0.0034 (0.5787)  accuracy: 1.0000 (0.8676)  balanced_accuracy: 1.0000 (0.8616)  pr_auc: 1.0000 (0.9312)  roc_auc: 1.0000 (0.9359)  time: 0.2002  data: 0.0003  max mem: 6614
Passive Test:  [  2800/?]  eta: ?  loss: 0.0426 (0.5778)  accuracy: 0.9688 (0.8677)  balanced_accuracy: 1.0000 (0.8619)  pr_auc: 1.0000 (0.9314)  roc_auc: 1.0000 (0.9361)  time: 0.1838  data: 0.0003  max mem: 6614
Passive Test:  [  2810/?]  eta: ?  loss: 0.0401 (0.5763)  accuracy: 0.9844 (0.8679)  balanced_accuracy: 0.9844 (0.8625)  pr_auc: 1.0000 (0.9317)  roc_auc: 1.0000 (0.9364)  time: 0.1855  data: 0.0003  max mem: 6614
Passive Test:  [  2820/?]  eta: ?  loss: 0.0722 (0.5748)  accuracy: 0.9531 (0.8682)  balanced_accuracy: 0.9844 (0.8628)  pr_auc: 1.0000 (0.9319)  roc_auc: 1.0000 (0.9366)  time: 0.1868  data: 0.0003  max mem: 6614
Passive Test:  [  2830/?]  eta: ?  loss: 0.0565 (0.5732)  accuracy: 0.9688 (0.8684)  balanced_accuracy: 0.9531 (0.8629)  pr_auc: 1.0000 (0.9322)  roc_auc: 1.0000 (0.9368)  time: 0.1859  data: 0.0004  max mem: 6614
Passive Test:  [  2840/?]  eta: ?  loss: 0.0232 (0.5718)  accuracy: 0.9844 (0.8686)  balanced_accuracy: 0.9375 (0.8631)  pr_auc: 1.0000 (0.9324)  roc_auc: 1.0000 (0.9370)  time: 0.1994  data: 0.0004  max mem: 6614
Passive Test:  [  2850/?]  eta: ?  loss: 0.0183 (0.5701)  accuracy: 0.9844 (0.8687)  balanced_accuracy: 0.9219 (0.8631)  pr_auc: 1.0000 (0.9326)  roc_auc: 1.0000 (0.9372)  time: 0.1985  data: 0.0003  max mem: 6614
Passive Test:  [  2860/?]  eta: ?  loss: 0.0017 (0.5682)  accuracy: 1.0000 (0.8691)  balanced_accuracy: 1.0000 (0.8634)  pr_auc: 1.0000 (0.9328)  roc_auc: 1.0000 (0.9374)  time: 0.1841  data: 0.0003  max mem: 6614
Passive Test:  [  2870/?]  eta: ?  loss: 0.0034 (0.5666)  accuracy: 1.0000 (0.8692)  balanced_accuracy: 0.9688 (0.8635)  pr_auc: 1.0000 (0.9329)  roc_auc: 1.0000 (0.9375)  time: 0.1840  data: 0.0004  max mem: 6614
Passive Test:  [  2880/?]  eta: ?  loss: 0.0634 (0.5654)  accuracy: 0.9531 (0.8690)  balanced_accuracy: 0.9688 (0.8635)  pr_auc: 1.0000 (0.9329)  roc_auc: 1.0000 (0.9375)  time: 0.1812  data: 0.0003  max mem: 6614
Passive Test:  [  2890/?]  eta: ?  loss: 0.1557 (0.5645)  accuracy: 0.9219 (0.8689)  balanced_accuracy: 0.9688 (0.8635)  pr_auc: 1.0000 (0.9329)  roc_auc: 1.0000 (0.9375)  time: 0.1785  data: 0.0003  max mem: 6614
Passive Test:  [  2900/?]  eta: ?  loss: 0.0170 (0.5641)  accuracy: 0.8594 (0.8686)  balanced_accuracy: 0.9688 (0.8635)  pr_auc: 1.0000 (0.9329)  roc_auc: 1.0000 (0.9375)  time: 0.2056  data: 0.0003  max mem: 6614
Passive Test:  [  2910/?]  eta: ?  loss: 0.0507 (0.5653)  accuracy: 0.8594 (0.8682)  balanced_accuracy: 0.9688 (0.8635)  pr_auc: 1.0000 (0.9329)  roc_auc: 1.0000 (0.9375)  time: 0.2052  data: 0.0003  max mem: 6614
Passive Test:  [  2920/?]  eta: ?  loss: 0.2360 (0.5651)  accuracy: 0.5781 (0.8678)  balanced_accuracy: 0.9844 (0.8636)  pr_auc: 1.0000 (0.9330)  roc_auc: 1.0000 (0.9376)  time: 0.1783  data: 0.0003  max mem: 6614
Passive Test:  [  2930/?]  eta: ?  loss: 0.3581 (0.5650)  accuracy: 0.7969 (0.8677)  balanced_accuracy: 0.9688 (0.8637)  pr_auc: 1.0000 (0.9331)  roc_auc: 1.0000 (0.9377)  time: 0.1805  data: 0.0003  max mem: 6614
Passive Test:  [  2940/?]  eta: ?  loss: 0.1312 (0.5635)  accuracy: 0.9531 (0.8679)  balanced_accuracy: 0.9688 (0.8640)  pr_auc: 1.0000 (0.9332)  roc_auc: 1.0000 (0.9378)  time: 0.1829  data: 0.0003  max mem: 6614
Passive Test:  [  2950/?]  eta: ?  loss: 0.0041 (0.5628)  accuracy: 0.9688 (0.8680)  balanced_accuracy: 0.9688 (0.8643)  pr_auc: 1.0000 (0.9334)  roc_auc: 1.0000 (0.9380)  time: 0.1840  data: 0.0003  max mem: 6614
Passive Test:  [  2960/?]  eta: ?  loss: 0.0016 (0.5617)  accuracy: 1.0000 (0.8682)  balanced_accuracy: 0.9688 (0.8647)  pr_auc: 1.0000 (0.9336)  roc_auc: 1.0000 (0.9382)  time: 0.1991  data: 0.0003  max mem: 6614
Passive Test:  [  2970/?]  eta: ?  loss: 0.0036 (0.5612)  accuracy: 1.0000 (0.8683)  balanced_accuracy: 1.0000 (0.8650)  pr_auc: 1.0000 (0.9338)  roc_auc: 1.0000 (0.9383)  time: 0.1990  data: 0.0003  max mem: 6614
Passive Test:  [  2980/?]  eta: ?  loss: 0.0191 (0.5611)  accuracy: 0.9844 (0.8683)  balanced_accuracy: 1.0000 (0.8653)  pr_auc: 1.0000 (0.9340)  roc_auc: 1.0000 (0.9385)  time: 0.1840  data: 0.0003  max mem: 6614
Passive Test:  [  2990/?]  eta: ?  loss: 0.0191 (0.5627)  accuracy: 0.9844 (0.8681)  balanced_accuracy: 1.0000 (0.8656)  pr_auc: 1.0000 (0.9342)  roc_auc: 1.0000 (0.9387)  time: 0.1855  data: 0.0003  max mem: 6614
Passive Test:  [  3000/?]  eta: ?  loss: 0.0945 (0.5635)  accuracy: 0.9375 (0.8679)  balanced_accuracy: 0.9844 (0.8658)  pr_auc: 1.0000 (0.9345)  roc_auc: 1.0000 (0.9390)  time: 0.1876  data: 0.0003  max mem: 6614
Passive Test:  [  3010/?]  eta: ?  loss: 0.1390 (0.5631)  accuracy: 0.8906 (0.8679)  balanced_accuracy: 0.9688 (0.8658)  pr_auc: 1.0000 (0.9347)  roc_auc: 1.0000 (0.9392)  time: 0.1873  data: 0.0003  max mem: 6614
Passive Test:  [  3020/?]  eta: ?  loss: 0.0699 (0.5617)  accuracy: 0.9688 (0.8682)  balanced_accuracy: 0.9531 (0.8661)  pr_auc: 1.0000 (0.9350)  roc_auc: 1.0000 (0.9395)  time: 0.2020  data: 0.0003  max mem: 6614
Passive Test:  [  3030/?]  eta: ?  loss: 0.0484 (0.5623)  accuracy: 0.9688 (0.8681)  balanced_accuracy: 0.9375 (0.8657)  pr_auc: 1.0000 (0.9346)  roc_auc: 1.0000 (0.9391)  time: 0.2020  data: 0.0003  max mem: 6614
Passive Test:  [  3040/?]  eta: ?  loss: 0.0754 (0.5634)  accuracy: 0.9375 (0.8678)  balanced_accuracy: 0.9251 (0.8651)  pr_auc: 0.9982 (0.9339)  roc_auc: 0.9980 (0.9382)  time: 0.1877  data: 0.0003  max mem: 6614
Passive Test:  [  3050/?]  eta: ?  loss: 0.1941 (0.5660)  accuracy: 0.8594 (0.8673)  balanced_accuracy: 0.7812 (0.8641)  pr_auc: 0.8851 (0.9326)  roc_auc: 0.8975 (0.9364)  time: 0.1905  data: 0.0004  max mem: 6614
Passive Test:  [  3060/?]  eta: ?  loss: 0.1144 (0.5662)  accuracy: 0.9375 (0.8672)  balanced_accuracy: 0.7812 (0.8636)  pr_auc: 0.8851 (0.9319)  roc_auc: 0.8975 (0.9356)  time: 0.1913  data: 0.0003  max mem: 6614
Passive Test:  [  3070/?]  eta: ?  loss: 0.0554 (0.5672)  accuracy: 0.9688 (0.8670)  balanced_accuracy: 0.6250 (0.8630)  pr_auc: 0.7184 (0.9313)  roc_auc: 0.7480 (0.9347)  time: 0.1883  data: 0.0003  max mem: 6614
Passive Test:  [  3080/?]  eta: ?  loss: 0.1885 (0.5671)  accuracy: 0.9375 (0.8670)  balanced_accuracy: 0.5000 (0.8628)  pr_auc: 0.5251 (0.9310)  roc_auc: 0.5166 (0.9343)  time: 0.1978  data: 0.0003  max mem: 6614
Passive Test:  [  3090/?]  eta: ?  loss: 0.0948 (0.5665)  accuracy: 0.9531 (0.8670)  balanced_accuracy: 0.5796 (0.8625)  pr_auc: 0.7184 (0.9308)  roc_auc: 0.7437 (0.9341)  time: 0.1962  data: 0.0003  max mem: 6614
Passive Test:  [  3100/?]  eta: ?  loss: 0.0795 (0.5671)  accuracy: 0.9688 (0.8669)  balanced_accuracy: 0.8689 (0.8627)  pr_auc: 0.9807 (0.9305)  roc_auc: 0.9775 (0.9341)  time: 0.1829  data: 0.0003  max mem: 6614
Passive Test:  [  3110/?]  eta: ?  loss: 0.0435 (0.5664)  accuracy: 0.9688 (0.8669)  balanced_accuracy: 0.9062 (0.8628)  pr_auc: 0.9853 (0.9305)  roc_auc: 0.9858 (0.9341)  time: 0.1812  data: 0.0003  max mem: 6614
Passive Test:  [  3120/?]  eta: ?  loss: 0.0435 (0.5654)  accuracy: 0.9844 (0.8670)  balanced_accuracy: 0.9062 (0.8628)  pr_auc: 0.9853 (0.9305)  roc_auc: 0.9858 (0.9341)  time: 0.1786  data: 0.0003  max mem: 6614
Passive Test:  [  3130/?]  eta: ?  loss: 0.0392 (0.5638)  accuracy: 0.9844 (0.8674)  balanced_accuracy: 0.9062 (0.8629)  pr_auc: 0.9853 (0.9306)  roc_auc: 0.9858 (0.9342)  time: 0.1793  data: 0.0003  max mem: 6614
Passive Test:  [  3140/?]  eta: ?  loss: 0.0126 (0.5621)  accuracy: 1.0000 (0.8678)  balanced_accuracy: 0.9062 (0.8629)  pr_auc: 0.9853 (0.9306)  roc_auc: 0.9858 (0.9342)  time: 0.1940  data: 0.0003  max mem: 6614
Passive Test:  [  3150/?]  eta: ?  loss: 0.0042 (0.5604)  accuracy: 1.0000 (0.8681)  balanced_accuracy: 0.9286 (0.8630)  pr_auc: 0.9991 (0.9306)  roc_auc: 0.9990 (0.9343)  time: 0.1937  data: 0.0003  max mem: 6614
Passive Test:  [  3160/?]  eta: ?  loss: 0.0030 (0.5587)  accuracy: 1.0000 (0.8685)  balanced_accuracy: 0.9286 (0.8630)  pr_auc: 0.9991 (0.9306)  roc_auc: 0.9990 (0.9343)  time: 0.1792  data: 0.0003  max mem: 6614
Passive Test:  [  3170/?]  eta: ?  loss: 0.0028 (0.5578)  accuracy: 1.0000 (0.8687)  balanced_accuracy: 0.9375 (0.8631)  pr_auc: 1.0000 (0.9307)  roc_auc: 1.0000 (0.9343)  time: 0.1798  data: 0.0003  max mem: 6614
Passive Test:  [  3180/?]  eta: ?  loss: 0.0298 (0.5575)  accuracy: 0.9844 (0.8686)  balanced_accuracy: 0.9375 (0.8631)  pr_auc: 1.0000 (0.9307)  roc_auc: 1.0000 (0.9343)  time: 0.1796  data: 0.0003  max mem: 6614
Passive Test: Total time: 0:10:12 (0.1921 s / it)
* loss 0.557

================================================================================
Final Task-Type-Specific Results:
================================================================================
  ACTIVE tasks: Accuracy = 89.8124%, F1-Score = 0.0000 (n=35,284)
  PASSIVE tasks: Accuracy = 86.8481%, F1-Score = 0.0000 (n=204,188)
==========================================
Fine-tuning completed for gender_baseline
Results saved to: labram_gender_2s_20260226_094535/output
Logs saved to: labram_gender_2s_20260226_094535/logs
