Using conda Python: /home/mojtabam/miniconda3/envs/eeg_env/bin/python
==========================================
LaBraM Fine-tuning for age_baseline
==========================================
Dataset: age_baseline
Segment Length: 1s
Output Dir: /home/mojtabam/projects/aip-aghodsib/mojtabam/EEG/final_logs/LaBraM/labram_age_1s/output
Model: labram_base_patch200_200
Batch Size: 1024
Epochs: 50
Learning Rate: 0.0005
==========================================
LaBraM fine-tuning starting...
Loading dataset configuration (this may take a moment)...
Age baseline dataset loaded
  HDF5 directory: /home/mojtabam/scratch/processed_eeg_data_hdf5
  Segment length: 1s
  Task type: both
  Random seed: 42
  Note: Using pre-split HDF5 files (train/val/test splits from preprocessing)
  Note: IterableDataset size is unknown until iteration
Not using distributed mode
Namespace(batch_size=1024, epochs=50, update_freq=1, save_ckpt_freq=5, robust_test=None, model='labram_base_patch200_200', qkv_bias=True, rel_pos_bias=True, abs_pos_emb=True, layer_scale_init_value=0.1, input_size=200, drop=0.0, attn_drop_rate=0.0, drop_path=0.1, disable_eval_during_finetuning=False, model_ema=True, model_ema_decay=0.996, model_ema_force_cpu=False, opt='adamw', opt_eps=1e-08, opt_betas=[0.9, 0.98], clip_grad=3.0, momentum=0.9, weight_decay=0.05, weight_decay_end=None, lr=0.0005, layer_decay=0.65, warmup_lr=1e-06, min_lr=1e-05, warmup_epochs=5, warmup_steps=-1, smoothing=0.0, reprob=0.25, remode='pixel', recount=1, resplit=False, finetune='/home/mojtabam/projects/aip-aghodsib/mojtabam/EEG/LaBraM/checkpoints/labram-base.pth', model_key='model|module', model_prefix='', model_filter_name='gzp', init_scale=0.001, use_mean_pooling=True, disable_weight_decay_on_rel_pos_bias=False, nb_classes=3, output_dir='/home/mojtabam/projects/aip-aghodsib/mojtabam/EEG/final_logs/LaBraM/labram_age_1s/output', log_dir='/home/mojtabam/projects/aip-aghodsib/mojtabam/EEG/final_logs/LaBraM/labram_age_1s/logs', device='cuda', seed=42, resume='/home/mojtabam/projects/aip-aghodsib/mojtabam/EEG/final_logs/checkpoints/age_labram_1s_best.pth', auto_resume=True, save_ckpt=True, start_epoch=0, eval=False, dist_eval=False, num_workers=10, pin_mem=True, aggregate_by_participant='majority_vote', early_stopping_patience=10, early_stopping_min_delta=0.002, world_size=1, local_rank=-1, dist_on_itp=False, dist_url='env://', enable_deepspeed=False, dataset='age_baseline', segment_length='1s', data_path=None, class_weight_power=1.0, is_cross_validation=False, cv_folds=None, distributed=False)
Using device: cuda (2 GPU(s): ['NVIDIA L40S', 'NVIDIA L40S'])
Age baseline dataset loaded
  HDF5 directory: /home/mojtabam/scratch/processed_eeg_data_hdf5
  Segment length: 1s
  Task type: both
  Random seed: 42
  Note: Using pre-split HDF5 files (train/val/test splits from preprocessing)
  Note: IterableDataset size is unknown until iteration
Using IterableDataset - DataLoader will iterate directly (no sampler)
Distributed training: 1 tasks, rank 0
DataLoader num_workers: 0 (1s segments: single process to avoid each worker building HDF5 cache; first batch may take 10-30 min)
Patch size = 200
Load ckpt from /home/mojtabam/projects/aip-aghodsib/mojtabam/EEG/LaBraM/checkpoints/labram-base.pth
Load state_dict by model_key = model
Weights of NeuralTransformer not initialized from pretrained model: ['blocks.0.attn.q_bias', 'blocks.0.attn.v_bias', 'blocks.1.attn.q_bias', 'blocks.1.attn.v_bias', 'blocks.2.attn.q_bias', 'blocks.2.attn.v_bias', 'blocks.3.attn.q_bias', 'blocks.3.attn.v_bias', 'blocks.4.attn.q_bias', 'blocks.4.attn.v_bias', 'blocks.5.attn.q_bias', 'blocks.5.attn.v_bias', 'blocks.6.attn.q_bias', 'blocks.6.attn.v_bias', 'blocks.7.attn.q_bias', 'blocks.7.attn.v_bias', 'blocks.8.attn.q_bias', 'blocks.8.attn.v_bias', 'blocks.9.attn.q_bias', 'blocks.9.attn.v_bias', 'blocks.10.attn.q_bias', 'blocks.10.attn.v_bias', 'blocks.11.attn.q_bias', 'blocks.11.attn.v_bias', 'fc_norm.weight', 'fc_norm.bias', 'head.weight', 'head.bias']
Weights from pretrained model not used in NeuralTransformer: ['mask_token', 'lm_head.weight', 'lm_head.bias', 'norm.weight', 'norm.bias']
Wrapped model in DataParallel across 2 GPU(s).
Using EMA with decay = 0.99600000
Model = NeuralTransformer(
  (patch_embed): TemporalConv(
    (conv1): Conv2d(1, 8, kernel_size=(1, 15), stride=(1, 8), padding=(0, 7))
    (gelu1): GELU(approximate='none')
    (norm1): GroupNorm(4, 8, eps=1e-05, affine=True)
    (conv2): Conv2d(8, 8, kernel_size=(1, 3), stride=(1, 1), padding=(0, 1))
    (gelu2): GELU(approximate='none')
    (norm2): GroupNorm(4, 8, eps=1e-05, affine=True)
    (conv3): Conv2d(8, 8, kernel_size=(1, 3), stride=(1, 1), padding=(0, 1))
    (norm3): GroupNorm(4, 8, eps=1e-05, affine=True)
    (gelu3): GELU(approximate='none')
  )
  (pos_drop): Dropout(p=0.0, inplace=False)
  (blocks): ModuleList(
    (0): Block(
      (norm1): LayerNorm((200,), eps=1e-06, elementwise_affine=True)
      (attn): Attention(
        (qkv): Linear(in_features=200, out_features=600, bias=False)
        (q_norm): LayerNorm((20,), eps=1e-06, elementwise_affine=True)
        (k_norm): LayerNorm((20,), eps=1e-06, elementwise_affine=True)
        (attn_drop): Dropout(p=0.0, inplace=False)
        (proj): Linear(in_features=200, out_features=200, bias=True)
        (proj_drop): Dropout(p=0.0, inplace=False)
      )
      (drop_path): Identity()
      (norm2): LayerNorm((200,), eps=1e-06, elementwise_affine=True)
      (mlp): Mlp(
        (fc1): Linear(in_features=200, out_features=800, bias=True)
        (act): GELU(approximate='none')
        (fc2): Linear(in_features=800, out_features=200, bias=True)
        (drop): Dropout(p=0.0, inplace=False)
      )
    )
    (1): Block(
      (norm1): LayerNorm((200,), eps=1e-06, elementwise_affine=True)
      (attn): Attention(
        (qkv): Linear(in_features=200, out_features=600, bias=False)
        (q_norm): LayerNorm((20,), eps=1e-06, elementwise_affine=True)
        (k_norm): LayerNorm((20,), eps=1e-06, elementwise_affine=True)
        (attn_drop): Dropout(p=0.0, inplace=False)
        (proj): Linear(in_features=200, out_features=200, bias=True)
        (proj_drop): Dropout(p=0.0, inplace=False)
      )
      (drop_path): DropPath(p=0.00909090880304575)
      (norm2): LayerNorm((200,), eps=1e-06, elementwise_affine=True)
      (mlp): Mlp(
        (fc1): Linear(in_features=200, out_features=800, bias=True)
        (act): GELU(approximate='none')
        (fc2): Linear(in_features=800, out_features=200, bias=True)
        (drop): Dropout(p=0.0, inplace=False)
      )
    )
    (2): Block(
      (norm1): LayerNorm((200,), eps=1e-06, elementwise_affine=True)
      (attn): Attention(
        (qkv): Linear(in_features=200, out_features=600, bias=False)
        (q_norm): LayerNorm((20,), eps=1e-06, elementwise_affine=True)
        (k_norm): LayerNorm((20,), eps=1e-06, elementwise_affine=True)
        (attn_drop): Dropout(p=0.0, inplace=False)
        (proj): Linear(in_features=200, out_features=200, bias=True)
        (proj_drop): Dropout(p=0.0, inplace=False)
      )
      (drop_path): DropPath(p=0.0181818176060915)
      (norm2): LayerNorm((200,), eps=1e-06, elementwise_affine=True)
      (mlp): Mlp(
        (fc1): Linear(in_features=200, out_features=800, bias=True)
        (act): GELU(approximate='none')
        (fc2): Linear(in_features=800, out_features=200, bias=True)
        (drop): Dropout(p=0.0, inplace=False)
      )
    )
    (3): Block(
      (norm1): LayerNorm((200,), eps=1e-06, elementwise_affine=True)
      (attn): Attention(
        (qkv): Linear(in_features=200, out_features=600, bias=False)
        (q_norm): LayerNorm((20,), eps=1e-06, elementwise_affine=True)
        (k_norm): LayerNorm((20,), eps=1e-06, elementwise_affine=True)
        (attn_drop): Dropout(p=0.0, inplace=False)
        (proj): Linear(in_features=200, out_features=200, bias=True)
        (proj_drop): Dropout(p=0.0, inplace=False)
      )
      (drop_path): DropPath(p=0.027272727340459824)
      (norm2): LayerNorm((200,), eps=1e-06, elementwise_affine=True)
      (mlp): Mlp(
        (fc1): Linear(in_features=200, out_features=800, bias=True)
        (act): GELU(approximate='none')
        (fc2): Linear(in_features=800, out_features=200, bias=True)
        (drop): Dropout(p=0.0, inplace=False)
      )
    )
    (4): Block(
      (norm1): LayerNorm((200,), eps=1e-06, elementwise_affine=True)
      (attn): Attention(
        (qkv): Linear(in_features=200, out_features=600, bias=False)
        (q_norm): LayerNorm((20,), eps=1e-06, elementwise_affine=True)
        (k_norm): LayerNorm((20,), eps=1e-06, elementwise_affine=True)
        (attn_drop): Dropout(p=0.0, inplace=False)
        (proj): Linear(in_features=200, out_features=200, bias=True)
        (proj_drop): Dropout(p=0.0, inplace=False)
      )
      (drop_path): DropPath(p=0.036363635212183)
      (norm2): LayerNorm((200,), eps=1e-06, elementwise_affine=True)
      (mlp): Mlp(
        (fc1): Linear(in_features=200, out_features=800, bias=True)
        (act): GELU(approximate='none')
        (fc2): Linear(in_features=800, out_features=200, bias=True)
        (drop): Dropout(p=0.0, inplace=False)
      )
    )
    (5): Block(
      (norm1): LayerNorm((200,), eps=1e-06, elementwise_affine=True)
      (attn): Attention(
        (qkv): Linear(in_features=200, out_features=600, bias=False)
        (q_norm): LayerNorm((20,), eps=1e-06, elementwise_affine=True)
        (k_norm): LayerNorm((20,), eps=1e-06, elementwise_affine=True)
        (attn_drop): Dropout(p=0.0, inplace=False)
        (proj): Linear(in_features=200, out_features=200, bias=True)
        (proj_drop): Dropout(p=0.0, inplace=False)
      )
      (drop_path): DropPath(p=0.045454543083906174)
      (norm2): LayerNorm((200,), eps=1e-06, elementwise_affine=True)
      (mlp): Mlp(
        (fc1): Linear(in_features=200, out_features=800, bias=True)
        (act): GELU(approximate='none')
        (fc2): Linear(in_features=800, out_features=200, bias=True)
        (drop): Dropout(p=0.0, inplace=False)
      )
    )
    (6): Block(
      (norm1): LayerNorm((200,), eps=1e-06, elementwise_affine=True)
      (attn): Attention(
        (qkv): Linear(in_features=200, out_features=600, bias=False)
        (q_norm): LayerNorm((20,), eps=1e-06, elementwise_affine=True)
        (k_norm): LayerNorm((20,), eps=1e-06, elementwise_affine=True)
        (attn_drop): Dropout(p=0.0, inplace=False)
        (proj): Linear(in_features=200, out_features=200, bias=True)
        (proj_drop): Dropout(p=0.0, inplace=False)
      )
      (drop_path): DropPath(p=0.054545458406209946)
      (norm2): LayerNorm((200,), eps=1e-06, elementwise_affine=True)
      (mlp): Mlp(
        (fc1): Linear(in_features=200, out_features=800, bias=True)
        (act): GELU(approximate='none')
        (fc2): Linear(in_features=800, out_features=200, bias=True)
        (drop): Dropout(p=0.0, inplace=False)
      )
    )
    (7): Block(
      (norm1): LayerNorm((200,), eps=1e-06, elementwise_affine=True)
      (attn): Attention(
        (qkv): Linear(in_features=200, out_features=600, bias=False)
        (q_norm): LayerNorm((20,), eps=1e-06, elementwise_affine=True)
        (k_norm): LayerNorm((20,), eps=1e-06, elementwise_affine=True)
        (attn_drop): Dropout(p=0.0, inplace=False)
        (proj): Linear(in_features=200, out_features=200, bias=True)
        (proj_drop): Dropout(p=0.0, inplace=False)
      )
      (drop_path): DropPath(p=0.06363636255264282)
      (norm2): LayerNorm((200,), eps=1e-06, elementwise_affine=True)
      (mlp): Mlp(
        (fc1): Linear(in_features=200, out_features=800, bias=True)
        (act): GELU(approximate='none')
        (fc2): Linear(in_features=800, out_features=200, bias=True)
        (drop): Dropout(p=0.0, inplace=False)
      )
    )
    (8): Block(
      (norm1): LayerNorm((200,), eps=1e-06, elementwise_affine=True)
      (attn): Attention(
        (qkv): Linear(in_features=200, out_features=600, bias=False)
        (q_norm): LayerNorm((20,), eps=1e-06, elementwise_affine=True)
        (k_norm): LayerNorm((20,), eps=1e-06, elementwise_affine=True)
        (attn_drop): Dropout(p=0.0, inplace=False)
        (proj): Linear(in_features=200, out_features=200, bias=True)
        (proj_drop): Dropout(p=0.0, inplace=False)
      )
      (drop_path): DropPath(p=0.0727272778749466)
      (norm2): LayerNorm((200,), eps=1e-06, elementwise_affine=True)
      (mlp): Mlp(
        (fc1): Linear(in_features=200, out_features=800, bias=True)
        (act): GELU(approximate='none')
        (fc2): Linear(in_features=800, out_features=200, bias=True)
        (drop): Dropout(p=0.0, inplace=False)
      )
    )
    (9): Block(
      (norm1): LayerNorm((200,), eps=1e-06, elementwise_affine=True)
      (attn): Attention(
        (qkv): Linear(in_features=200, out_features=600, bias=False)
        (q_norm): LayerNorm((20,), eps=1e-06, elementwise_affine=True)
        (k_norm): LayerNorm((20,), eps=1e-06, elementwise_affine=True)
        (attn_drop): Dropout(p=0.0, inplace=False)
        (proj): Linear(in_features=200, out_features=200, bias=True)
        (proj_drop): Dropout(p=0.0, inplace=False)
      )
      (drop_path): DropPath(p=0.08181818574666977)
      (norm2): LayerNorm((200,), eps=1e-06, elementwise_affine=True)
      (mlp): Mlp(
        (fc1): Linear(in_features=200, out_features=800, bias=True)
        (act): GELU(approximate='none')
        (fc2): Linear(in_features=800, out_features=200, bias=True)
        (drop): Dropout(p=0.0, inplace=False)
      )
    )
    (10): Block(
      (norm1): LayerNorm((200,), eps=1e-06, elementwise_affine=True)
      (attn): Attention(
        (qkv): Linear(in_features=200, out_features=600, bias=False)
        (q_norm): LayerNorm((20,), eps=1e-06, elementwise_affine=True)
        (k_norm): LayerNorm((20,), eps=1e-06, elementwise_affine=True)
        (attn_drop): Dropout(p=0.0, inplace=False)
        (proj): Linear(in_features=200, out_features=200, bias=True)
        (proj_drop): Dropout(p=0.0, inplace=False)
      )
      (drop_path): DropPath(p=0.09090909361839294)
      (norm2): LayerNorm((200,), eps=1e-06, elementwise_affine=True)
      (mlp): Mlp(
        (fc1): Linear(in_features=200, out_features=800, bias=True)
        (act): GELU(approximate='none')
        (fc2): Linear(in_features=800, out_features=200, bias=True)
        (drop): Dropout(p=0.0, inplace=False)
      )
    )
    (11): Block(
      (norm1): LayerNorm((200,), eps=1e-06, elementwise_affine=True)
      (attn): Attention(
        (qkv): Linear(in_features=200, out_features=600, bias=False)
        (q_norm): LayerNorm((20,), eps=1e-06, elementwise_affine=True)
        (k_norm): LayerNorm((20,), eps=1e-06, elementwise_affine=True)
        (attn_drop): Dropout(p=0.0, inplace=False)
        (proj): Linear(in_features=200, out_features=200, bias=True)
        (proj_drop): Dropout(p=0.0, inplace=False)
      )
      (drop_path): DropPath(p=0.10000000149011612)
      (norm2): LayerNorm((200,), eps=1e-06, elementwise_affine=True)
      (mlp): Mlp(
        (fc1): Linear(in_features=200, out_features=800, bias=True)
        (act): GELU(approximate='none')
        (fc2): Linear(in_features=800, out_features=200, bias=True)
        (drop): Dropout(p=0.0, inplace=False)
      )
    )
  )
  (norm): Identity()
  (fc_norm): LayerNorm((200,), eps=1e-06, elementwise_affine=True)
  (head): Linear(in_features=200, out_features=3, bias=True)
)
number of params: 5825339
LR = 0.00050000
Batch size = 1024
Update frequent = 1
Number of training examples = Unknown (IterableDataset)
Number of training steps per epoch = Determined during training (IterableDataset)
Note: LR schedule uses placeholder value - actual steps determined by iterator exhaustion
Assigned values = [0.003697205891018715, 0.005688009063105715, 0.008750783174008792, 0.013462743344628911, 0.02071191283789063, 0.03186448128906251, 0.049022278906250015, 0.07541889062500001, 0.11602906250000002, 0.17850625000000003, 0.274625, 0.42250000000000004, 0.65, 1.0]
Skip weight decay name marked in model: {'time_embed', 'pos_embed', 'cls_token'}
Param groups = {
  "layer_0_no_decay": {
    "weight_decay": 0.0,
    "params": [
      "cls_token",
      "pos_embed",
      "patch_embed.conv1.bias",
      "patch_embed.norm1.weight",
      "patch_embed.norm1.bias",
      "patch_embed.conv2.bias",
      "patch_embed.norm2.weight",
      "patch_embed.norm2.bias",
      "patch_embed.conv3.bias",
      "patch_embed.norm3.weight",
      "patch_embed.norm3.bias"
    ],
    "lr_scale": 0.003697205891018715
  },
  "layer_13_no_decay": {
    "weight_decay": 0.0,
    "params": [
      "time_embed",
      "fc_norm.weight",
      "fc_norm.bias",
      "head.bias"
    ],
    "lr_scale": 1.0
  },
  "layer_0_decay": {
    "weight_decay": 0.05,
    "params": [
      "patch_embed.conv1.weight",
      "patch_embed.conv2.weight",
      "patch_embed.conv3.weight"
    ],
    "lr_scale": 0.003697205891018715
  },
  "layer_1_no_decay": {
    "weight_decay": 0.0,
    "params": [
      "blocks.0.gamma_1",
      "blocks.0.gamma_2",
      "blocks.0.norm1.weight",
      "blocks.0.norm1.bias",
      "blocks.0.attn.q_bias",
      "blocks.0.attn.v_bias",
      "blocks.0.attn.q_norm.weight",
      "blocks.0.attn.q_norm.bias",
      "blocks.0.attn.k_norm.weight",
      "blocks.0.attn.k_norm.bias",
      "blocks.0.attn.proj.bias",
      "blocks.0.norm2.weight",
      "blocks.0.norm2.bias",
      "blocks.0.mlp.fc1.bias",
      "blocks.0.mlp.fc2.bias"
    ],
    "lr_scale": 0.005688009063105715
  },
  "layer_1_decay": {
    "weight_decay": 0.05,
    "params": [
      "blocks.0.attn.qkv.weight",
      "blocks.0.attn.proj.weight",
      "blocks.0.mlp.fc1.weight",
      "blocks.0.mlp.fc2.weight"
    ],
    "lr_scale": 0.005688009063105715
  },
  "layer_2_no_decay": {
    "weight_decay": 0.0,
    "params": [
      "blocks.1.gamma_1",
      "blocks.1.gamma_2",
      "blocks.1.norm1.weight",
      "blocks.1.norm1.bias",
      "blocks.1.attn.q_bias",
      "blocks.1.attn.v_bias",
      "blocks.1.attn.q_norm.weight",
      "blocks.1.attn.q_norm.bias",
      "blocks.1.attn.k_norm.weight",
      "blocks.1.attn.k_norm.bias",
      "blocks.1.attn.proj.bias",
      "blocks.1.norm2.weight",
      "blocks.1.norm2.bias",
      "blocks.1.mlp.fc1.bias",
      "blocks.1.mlp.fc2.bias"
    ],
    "lr_scale": 0.008750783174008792
  },
  "layer_2_decay": {
    "weight_decay": 0.05,
    "params": [
      "blocks.1.attn.qkv.weight",
      "blocks.1.attn.proj.weight",
      "blocks.1.mlp.fc1.weight",
      "blocks.1.mlp.fc2.weight"
    ],
    "lr_scale": 0.008750783174008792
  },
  "layer_3_no_decay": {
    "weight_decay": 0.0,
    "params": [
      "blocks.2.gamma_1",
      "blocks.2.gamma_2",
      "blocks.2.norm1.weight",
      "blocks.2.norm1.bias",
      "blocks.2.attn.q_bias",
      "blocks.2.attn.v_bias",
      "blocks.2.attn.q_norm.weight",
      "blocks.2.attn.q_norm.bias",
      "blocks.2.attn.k_norm.weight",
      "blocks.2.attn.k_norm.bias",
      "blocks.2.attn.proj.bias",
      "blocks.2.norm2.weight",
      "blocks.2.norm2.bias",
      "blocks.2.mlp.fc1.bias",
      "blocks.2.mlp.fc2.bias"
    ],
    "lr_scale": 0.013462743344628911
  },
  "layer_3_decay": {
    "weight_decay": 0.05,
    "params": [
      "blocks.2.attn.qkv.weight",
      "blocks.2.attn.proj.weight",
      "blocks.2.mlp.fc1.weight",
      "blocks.2.mlp.fc2.weight"
    ],
    "lr_scale": 0.013462743344628911
  },
  "layer_4_no_decay": {
    "weight_decay": 0.0,
    "params": [
      "blocks.3.gamma_1",
      "blocks.3.gamma_2",
      "blocks.3.norm1.weight",
      "blocks.3.norm1.bias",
      "blocks.3.attn.q_bias",
      "blocks.3.attn.v_bias",
      "blocks.3.attn.q_norm.weight",
      "blocks.3.attn.q_norm.bias",
      "blocks.3.attn.k_norm.weight",
      "blocks.3.attn.k_norm.bias",
      "blocks.3.attn.proj.bias",
      "blocks.3.norm2.weight",
      "blocks.3.norm2.bias",
      "blocks.3.mlp.fc1.bias",
      "blocks.3.mlp.fc2.bias"
    ],
    "lr_scale": 0.02071191283789063
  },
  "layer_4_decay": {
    "weight_decay": 0.05,
    "params": [
      "blocks.3.attn.qkv.weight",
      "blocks.3.attn.proj.weight",
      "blocks.3.mlp.fc1.weight",
      "blocks.3.mlp.fc2.weight"
    ],
    "lr_scale": 0.02071191283789063
  },
  "layer_5_no_decay": {
    "weight_decay": 0.0,
    "params": [
      "blocks.4.gamma_1",
      "blocks.4.gamma_2",
      "blocks.4.norm1.weight",
      "blocks.4.norm1.bias",
      "blocks.4.attn.q_bias",
      "blocks.4.attn.v_bias",
      "blocks.4.attn.q_norm.weight",
      "blocks.4.attn.q_norm.bias",
      "blocks.4.attn.k_norm.weight",
      "blocks.4.attn.k_norm.bias",
      "blocks.4.attn.proj.bias",
      "blocks.4.norm2.weight",
      "blocks.4.norm2.bias",
      "blocks.4.mlp.fc1.bias",
      "blocks.4.mlp.fc2.bias"
    ],
    "lr_scale": 0.03186448128906251
  },
  "layer_5_decay": {
    "weight_decay": 0.05,
    "params": [
      "blocks.4.attn.qkv.weight",
      "blocks.4.attn.proj.weight",
      "blocks.4.mlp.fc1.weight",
      "blocks.4.mlp.fc2.weight"
    ],
    "lr_scale": 0.03186448128906251
  },
  "layer_6_no_decay": {
    "weight_decay": 0.0,
    "params": [
      "blocks.5.gamma_1",
      "blocks.5.gamma_2",
      "blocks.5.norm1.weight",
      "blocks.5.norm1.bias",
      "blocks.5.attn.q_bias",
      "blocks.5.attn.v_bias",
      "blocks.5.attn.q_norm.weight",
      "blocks.5.attn.q_norm.bias",
      "blocks.5.attn.k_norm.weight",
      "blocks.5.attn.k_norm.bias",
      "blocks.5.attn.proj.bias",
      "blocks.5.norm2.weight",
      "blocks.5.norm2.bias",
      "blocks.5.mlp.fc1.bias",
      "blocks.5.mlp.fc2.bias"
    ],
    "lr_scale": 0.049022278906250015
  },
  "layer_6_decay": {
    "weight_decay": 0.05,
    "params": [
      "blocks.5.attn.qkv.weight",
      "blocks.5.attn.proj.weight",
      "blocks.5.mlp.fc1.weight",
      "blocks.5.mlp.fc2.weight"
    ],
    "lr_scale": 0.049022278906250015
  },
  "layer_7_no_decay": {
    "weight_decay": 0.0,
    "params": [
      "blocks.6.gamma_1",
      "blocks.6.gamma_2",
      "blocks.6.norm1.weight",
      "blocks.6.norm1.bias",
      "blocks.6.attn.q_bias",
      "blocks.6.attn.v_bias",
      "blocks.6.attn.q_norm.weight",
      "blocks.6.attn.q_norm.bias",
      "blocks.6.attn.k_norm.weight",
      "blocks.6.attn.k_norm.bias",
      "blocks.6.attn.proj.bias",
      "blocks.6.norm2.weight",
      "blocks.6.norm2.bias",
      "blocks.6.mlp.fc1.bias",
      "blocks.6.mlp.fc2.bias"
    ],
    "lr_scale": 0.07541889062500001
  },
  "layer_7_decay": {
    "weight_decay": 0.05,
    "params": [
      "blocks.6.attn.qkv.weight",
      "blocks.6.attn.proj.weight",
      "blocks.6.mlp.fc1.weight",
      "blocks.6.mlp.fc2.weight"
    ],
    "lr_scale": 0.07541889062500001
  },
  "layer_8_no_decay": {
    "weight_decay": 0.0,
    "params": [
      "blocks.7.gamma_1",
      "blocks.7.gamma_2",
      "blocks.7.norm1.weight",
      "blocks.7.norm1.bias",
      "blocks.7.attn.q_bias",
      "blocks.7.attn.v_bias",
      "blocks.7.attn.q_norm.weight",
      "blocks.7.attn.q_norm.bias",
      "blocks.7.attn.k_norm.weight",
      "blocks.7.attn.k_norm.bias",
      "blocks.7.attn.proj.bias",
      "blocks.7.norm2.weight",
      "blocks.7.norm2.bias",
      "blocks.7.mlp.fc1.bias",
      "blocks.7.mlp.fc2.bias"
    ],
    "lr_scale": 0.11602906250000002
  },
  "layer_8_decay": {
    "weight_decay": 0.05,
    "params": [
      "blocks.7.attn.qkv.weight",
      "blocks.7.attn.proj.weight",
      "blocks.7.mlp.fc1.weight",
      "blocks.7.mlp.fc2.weight"
    ],
    "lr_scale": 0.11602906250000002
  },
  "layer_9_no_decay": {
    "weight_decay": 0.0,
    "params": [
      "blocks.8.gamma_1",
      "blocks.8.gamma_2",
      "blocks.8.norm1.weight",
      "blocks.8.norm1.bias",
      "blocks.8.attn.q_bias",
      "blocks.8.attn.v_bias",
      "blocks.8.attn.q_norm.weight",
      "blocks.8.attn.q_norm.bias",
      "blocks.8.attn.k_norm.weight",
      "blocks.8.attn.k_norm.bias",
      "blocks.8.attn.proj.bias",
      "blocks.8.norm2.weight",
      "blocks.8.norm2.bias",
      "blocks.8.mlp.fc1.bias",
      "blocks.8.mlp.fc2.bias"
    ],
    "lr_scale": 0.17850625000000003
  },
  "layer_9_decay": {
    "weight_decay": 0.05,
    "params": [
      "blocks.8.attn.qkv.weight",
      "blocks.8.attn.proj.weight",
      "blocks.8.mlp.fc1.weight",
      "blocks.8.mlp.fc2.weight"
    ],
    "lr_scale": 0.17850625000000003
  },
  "layer_10_no_decay": {
    "weight_decay": 0.0,
    "params": [
      "blocks.9.gamma_1",
      "blocks.9.gamma_2",
      "blocks.9.norm1.weight",
      "blocks.9.norm1.bias",
      "blocks.9.attn.q_bias",
      "blocks.9.attn.v_bias",
      "blocks.9.attn.q_norm.weight",
      "blocks.9.attn.q_norm.bias",
      "blocks.9.attn.k_norm.weight",
      "blocks.9.attn.k_norm.bias",
      "blocks.9.attn.proj.bias",
      "blocks.9.norm2.weight",
      "blocks.9.norm2.bias",
      "blocks.9.mlp.fc1.bias",
      "blocks.9.mlp.fc2.bias"
    ],
    "lr_scale": 0.274625
  },
  "layer_10_decay": {
    "weight_decay": 0.05,
    "params": [
      "blocks.9.attn.qkv.weight",
      "blocks.9.attn.proj.weight",
      "blocks.9.mlp.fc1.weight",
      "blocks.9.mlp.fc2.weight"
    ],
    "lr_scale": 0.274625
  },
  "layer_11_no_decay": {
    "weight_decay": 0.0,
    "params": [
      "blocks.10.gamma_1",
      "blocks.10.gamma_2",
      "blocks.10.norm1.weight",
      "blocks.10.norm1.bias",
      "blocks.10.attn.q_bias",
      "blocks.10.attn.v_bias",
      "blocks.10.attn.q_norm.weight",
      "blocks.10.attn.q_norm.bias",
      "blocks.10.attn.k_norm.weight",
      "blocks.10.attn.k_norm.bias",
      "blocks.10.attn.proj.bias",
      "blocks.10.norm2.weight",
      "blocks.10.norm2.bias",
      "blocks.10.mlp.fc1.bias",
      "blocks.10.mlp.fc2.bias"
    ],
    "lr_scale": 0.42250000000000004
  },
  "layer_11_decay": {
    "weight_decay": 0.05,
    "params": [
      "blocks.10.attn.qkv.weight",
      "blocks.10.attn.proj.weight",
      "blocks.10.mlp.fc1.weight",
      "blocks.10.mlp.fc2.weight"
    ],
    "lr_scale": 0.42250000000000004
  },
  "layer_12_no_decay": {
    "weight_decay": 0.0,
    "params": [
      "blocks.11.gamma_1",
      "blocks.11.gamma_2",
      "blocks.11.norm1.weight",
      "blocks.11.norm1.bias",
      "blocks.11.attn.q_bias",
      "blocks.11.attn.v_bias",
      "blocks.11.attn.q_norm.weight",
      "blocks.11.attn.q_norm.bias",
      "blocks.11.attn.k_norm.weight",
      "blocks.11.attn.k_norm.bias",
      "blocks.11.attn.proj.bias",
      "blocks.11.norm2.weight",
      "blocks.11.norm2.bias",
      "blocks.11.mlp.fc1.bias",
      "blocks.11.mlp.fc2.bias"
    ],
    "lr_scale": 0.65
  },
  "layer_12_decay": {
    "weight_decay": 0.05,
    "params": [
      "blocks.11.attn.qkv.weight",
      "blocks.11.attn.proj.weight",
      "blocks.11.mlp.fc1.weight",
      "blocks.11.mlp.fc2.weight"
    ],
    "lr_scale": 0.65
  },
  "layer_13_decay": {
    "weight_decay": 0.05,
    "params": [
      "head.weight"
    ],
    "lr_scale": 1.0
  }
}
Optimizer config: {'lr': 0.0005, 'weight_decay': 0.0, 'eps': 1e-08, 'betas': [0.9, 0.98]}
Use step level LR scheduler!
Set warmup steps = 500000
Set warmup steps = 0
Max WD = 0.0500000, Min WD = 0.0500000
criterion = CrossEntropyLoss()
Resume checkpoint /home/mojtabam/projects/aip-aghodsib/mojtabam/EEG/final_logs/checkpoints/age_labram_1s_best.pth
/home/mojtabam/miniconda3/envs/eeg_env/lib/python3.10/site-packages/timm/utils/model_ema.py:52: FutureWarning: You are using `torch.load` with `weights_only=False` (the current default value), which uses the default pickle module implicitly. It is possible to construct malicious pickle data which will execute arbitrary code during unpickling (See https://github.com/pytorch/pytorch/blob/main/SECURITY.md#untrusted-models for more details). In a future release, the default value for `weights_only` will be flipped to `True`. This limits the functions that could be executed during unpickling. Arbitrary objects will no longer be allowed to be loaded via this mode unless they are explicitly allowlisted by the user via `torch.serialization.add_safe_globals`. We recommend you start setting `weights_only=True` for any use case where you don't have full control of the loaded file. Please open an issue on GitHub for any issues related to this experimental feature.
  checkpoint = torch.load(checkpoint_path, map_location='cpu')
Failed to find state_dict_ema, starting from loaded model weights
Start training for 50 epochs

============================================================
Counting task types in validation and test sets...
============================================================
  Validation: 69,183 active, 407,568 passive samples
  Test: 70,487 active, 399,292 passive samples
============================================================

  Counting task types in training dataset...
  Training dataset: 324,136 active, 1,891,495 passive samples
libibverbs: Warning: couldn't load driver 'libvmw_pvrdma-rdmav34.so': libvmw_pvrdma-rdmav34.so: cannot open shared object file: No such file or directory
NaN or Inf found in input tensor.
Epoch: [0]  [     0/?]  eta: ?  lr: 0.000000  min_lr: 0.000000  loss: 0.7488 (0.7488)  class_acc: 0.6475 (0.6475)  loss_scale: 32768.0000 (32768.0000)  weight_decay: 0.0500 (0.0500)  grad_norm: nan (nan)  time: 25.7731  data: 23.8392  max mem: 5361
NaN or Inf found in input tensor.
NaN or Inf found in input tensor.
NaN or Inf found in input tensor.
NaN or Inf found in input tensor.
NaN or Inf found in input tensor.
NaN or Inf found in input tensor.
NaN or Inf found in input tensor.
Epoch: [0]  [   500/?]  eta: ?  lr: 0.000001  min_lr: 0.000000  loss: 0.7326 (0.7423)  class_acc: 0.6475 (0.6433)  loss_scale: 256.0000 (609.5968)  weight_decay: 0.0500 (0.0500)  grad_norm: 60.2317 (nan)  time: 3.9118  data: 3.3414  max mem: 5415
Epoch: [0]  [  1000/?]  eta: ?  lr: 0.000001  min_lr: 0.000000  loss: 0.7378 (0.7379)  class_acc: 0.6445 (0.6457)  loss_scale: 256.0000 (432.9750)  weight_decay: 0.0500 (0.0500)  grad_norm: 59.2163 (nan)  time: 2.3483  data: 1.7782  max mem: 5415
Epoch: [0]  [  1500/?]  eta: ?  lr: 0.000002  min_lr: 0.000000  loss: 0.7391 (0.7365)  class_acc: 0.6455 (0.6466)  loss_scale: 256.0000 (374.0227)  weight_decay: 0.0500 (0.0500)  grad_norm: 65.2481 (nan)  time: 1.5539  data: 0.9989  max mem: 5415
Epoch: [0]  [  2000/?]  eta: ?  lr: 0.000002  min_lr: 0.000000  loss: 0.7199 (0.7346)  class_acc: 0.6553 (0.6477)  loss_scale: 256.0000 (344.5317)  weight_decay: 0.0500 (0.0500)  grad_norm: 59.7354 (nan)  time: 1.3409  data: 0.7896  max mem: 5415
Epoch: [0] Total time: 1:39:32 (2.7614 s / it)

============================================================
  DIAGNOSTIC: Epoch 0 Summary
============================================================
  Processed: 2,214,912 samples in 2,163 batches
  Batch size: 1024
  Expected batches: ~2,163 (samples ÷ batch_size)
  Average samples per batch: 1024.00

  Comparison with CNN (baseline):
    CNN: ~1,792,000 samples (~7,000 batches, batch_size=256)
    LaBraM: 2,214,912 samples (2,163 batches, batch_size=1024)
    Ratio: 1.24x samples (more than CNN)
    ⚠️  WARNING: Significant difference from CNN dataset size!
    This suggests a serious issue with data loading or participant splits!
    Possible causes:
      1. Different participant splits (check random_seed and split ratios)
      2. Data duplication in IterableDataset (samples yielded multiple times)
      3. Different task_type usage (CNN might use 'active' or 'passive' instead of 'both')
      4. Different number of participants in train split
      5. LaBraM iterating through dataset multiple times
    Action: Check participant counts and verify no duplication in __iter__ methods
============================================================

Val:  [     0/?]  eta: ?  loss: 0.6615 (0.6615)  accuracy: 0.6973 (0.6973)  balanced_accuracy: 0.7410 (0.7410)  f1_weighted: 0.6927 (0.6927)  time: 4.0096  data: 3.6304  max mem: 5415
Val:  [    10/?]  eta: ?  loss: 0.8769 (0.8628)  accuracy: 0.6113 (0.6056)  balanced_accuracy: 0.5809 (0.6074)  f1_weighted: 0.6148 (0.6144)  time: 2.0046  data: 1.8635  max mem: 5415
Val:  [    20/?]  eta: ?  loss: 0.9440 (0.9181)  accuracy: 0.5208 (0.5633)  balanced_accuracy: 0.5436 (0.5592)  f1_weighted: 0.5559 (0.5746)  time: 1.8030  data: 1.6816  max mem: 5415
Val:  [    30/?]  eta: ?  loss: 0.8740 (0.8835)  accuracy: 0.5664 (0.5870)  balanced_accuracy: 0.5808 (0.5921)  f1_weighted: 0.5715 (0.5964)  time: 1.8083  data: 1.6828  max mem: 5415
Val:  [    40/?]  eta: ?  loss: 0.8343 (0.8790)  accuracy: 0.6185 (0.5867)  balanced_accuracy: 0.6351 (0.5966)  f1_weighted: 0.6224 (0.5951)  time: 1.8135  data: 1.6889  max mem: 5415
Val:  [    50/?]  eta: ?  loss: 0.8827 (0.8775)  accuracy: 0.5534 (0.5793)  balanced_accuracy: 0.5746 (0.5895)  f1_weighted: 0.5522 (0.5907)  time: 1.7794  data: 1.6557  max mem: 5415
Val:  [    60/?]  eta: ?  loss: 0.8944 (0.8836)  accuracy: 0.5534 (0.5771)  balanced_accuracy: 0.5229 (0.5789)  f1_weighted: 0.5611 (0.5933)  time: 1.7221  data: 1.5932  max mem: 5415
Val:  [    70/?]  eta: ?  loss: 0.9210 (0.8869)  accuracy: 0.5788 (0.5750)  balanced_accuracy: 0.5703 (0.5777)  f1_weighted: 0.6239 (0.5978)  time: 1.6875  data: 1.5629  max mem: 5415
Val:  [    80/?]  eta: ?  loss: 0.8708 (0.8776)  accuracy: 0.5846 (0.5812)  balanced_accuracy: 0.5920 (0.5820)  f1_weighted: 0.6394 (0.6021)  time: 1.6890  data: 1.5709  max mem: 5415
Val:  [    90/?]  eta: ?  loss: 0.7810 (0.8714)  accuracy: 0.5846 (0.5828)  balanced_accuracy: 0.5920 (0.5833)  f1_weighted: 0.6092 (0.6031)  time: 1.7100  data: 1.5903  max mem: 5415
Val:  [   100/?]  eta: ?  loss: 0.8317 (0.8730)  accuracy: 0.5833 (0.5824)  balanced_accuracy: 0.6039 (0.5809)  f1_weighted: 0.6050 (0.6019)  time: 1.7174  data: 1.5977  max mem: 5415
Val:  [   110/?]  eta: ?  loss: 0.9092 (0.8977)  accuracy: 0.5475 (0.5749)  balanced_accuracy: 0.5413 (0.5753)  f1_weighted: 0.5738 (0.5952)  time: 1.7013  data: 1.5766  max mem: 5415
Val:  [   120/?]  eta: ?  loss: 0.8891 (0.8995)  accuracy: 0.5410 (0.5751)  balanced_accuracy: 0.5196 (0.5702)  f1_weighted: 0.5818 (0.5948)  time: 1.6901  data: 1.5656  max mem: 5415
Val:  [   130/?]  eta: ?  loss: 0.8891 (0.9020)  accuracy: 0.5605 (0.5722)  balanced_accuracy: 0.5153 (0.5652)  f1_weighted: 0.6023 (0.5935)  time: 1.6914  data: 1.5711  max mem: 5415
Val:  [   140/?]  eta: ?  loss: 0.9016 (0.9052)  accuracy: 0.5371 (0.5698)  balanced_accuracy: 0.5327 (0.5641)  f1_weighted: 0.5781 (0.5911)  time: 1.6927  data: 1.5721  max mem: 5415
Val:  [   150/?]  eta: ?  loss: 0.8561 (0.9071)  accuracy: 0.5345 (0.5691)  balanced_accuracy: 0.5327 (0.5611)  f1_weighted: 0.5599 (0.5919)  time: 1.7178  data: 1.5973  max mem: 5415
Val:  [   160/?]  eta: ?  loss: 0.9946 (0.9131)  accuracy: 0.5345 (0.5666)  balanced_accuracy: 0.5023 (0.5583)  f1_weighted: 0.5477 (0.5880)  time: 1.7279  data: 1.6088  max mem: 5415
Val:  [   170/?]  eta: ?  loss: 1.0113 (0.9188)  accuracy: 0.5436 (0.5660)  balanced_accuracy: 0.5042 (0.5542)  f1_weighted: 0.5442 (0.5881)  time: 1.7055  data: 1.5863  max mem: 5415
Val:  [   180/?]  eta: ?  loss: 0.8979 (0.9124)  accuracy: 0.5527 (0.5682)  balanced_accuracy: 0.5149 (0.5554)  f1_weighted: 0.6041 (0.5898)  time: 1.7029  data: 1.5818  max mem: 5415
Val:  [   190/?]  eta: ?  loss: 0.6955 (0.9022)  accuracy: 0.6686 (0.5741)  balanced_accuracy: 0.6820 (0.5637)  f1_weighted: 0.6746 (0.5952)  time: 1.7157  data: 1.5942  max mem: 5415
Val:  [   200/?]  eta: ?  loss: 0.8093 (0.9026)  accuracy: 0.5964 (0.5730)  balanced_accuracy: 0.6892 (0.5645)  f1_weighted: 0.6347 (0.5945)  time: 1.7100  data: 1.5876  max mem: 5415
Val:  [   210/?]  eta: ?  loss: 0.9005 (0.9025)  accuracy: 0.5527 (0.5732)  balanced_accuracy: 0.5910 (0.5644)  f1_weighted: 0.5953 (0.5958)  time: 1.7177  data: 1.5976  max mem: 5415
Val:  [   220/?]  eta: ?  loss: 0.9586 (0.9028)  accuracy: 0.5990 (0.5747)  balanced_accuracy: 0.5493 (0.5647)  f1_weighted: 0.6112 (0.5967)  time: 1.7670  data: 1.6424  max mem: 5415
Val:  [   230/?]  eta: ?  loss: 0.8195 (0.8966)  accuracy: 0.6185 (0.5775)  balanced_accuracy: 0.5886 (0.5702)  f1_weighted: 0.6112 (0.5995)  time: 1.7778  data: 1.6487  max mem: 5415
Val:  [   240/?]  eta: ?  loss: 0.8596 (0.9036)  accuracy: 0.5684 (0.5720)  balanced_accuracy: 0.5340 (0.5638)  f1_weighted: 0.5802 (0.5948)  time: 1.7628  data: 1.6345  max mem: 5415
Val:  [   250/?]  eta: ?  loss: 0.9152 (0.9010)  accuracy: 0.5312 (0.5726)  balanced_accuracy: 0.4882 (0.5643)  f1_weighted: 0.5766 (0.5958)  time: 1.7716  data: 1.6461  max mem: 5415
Val:  [   260/?]  eta: ?  loss: 0.9161 (0.9145)  accuracy: 0.5098 (0.5676)  balanced_accuracy: 0.5124 (0.5614)  f1_weighted: 0.5237 (0.5908)  time: 1.7806  data: 1.6626  max mem: 5415
Val:  [   270/?]  eta: ?  loss: 1.1106 (0.9243)  accuracy: 0.4694 (0.5648)  balanced_accuracy: 0.4868 (0.5586)  f1_weighted: 0.5007 (0.5883)  time: 1.7902  data: 1.6741  max mem: 5415
Val:  [   280/?]  eta: ?  loss: 0.9897 (0.9247)  accuracy: 0.4896 (0.5612)  balanced_accuracy: 0.5005 (0.5555)  f1_weighted: 0.5007 (0.5862)  time: 1.7878  data: 1.6706  max mem: 5415
Val:  [   290/?]  eta: ?  loss: 0.9160 (0.9275)  accuracy: 0.4779 (0.5591)  balanced_accuracy: 0.4787 (0.5532)  f1_weighted: 0.4912 (0.5836)  time: 1.7835  data: 1.6623  max mem: 5415
Val:  [   300/?]  eta: ?  loss: 0.8758 (0.9252)  accuracy: 0.4961 (0.5597)  balanced_accuracy: 0.4947 (0.5544)  f1_weighted: 0.5303 (0.5850)  time: 1.8265  data: 1.7010  max mem: 5415
Val:  [   310/?]  eta: ?  loss: 0.6830 (0.9163)  accuracy: 0.6608 (0.5639)  balanced_accuracy: 0.6732 (0.5591)  f1_weighted: 0.7373 (0.5904)  time: 1.9022  data: 1.7816  max mem: 5415
Val: Total time: 0:09:07 (1.7597 s / it)
* loss 0.916
Test:  [     0/?]  eta: ?  loss: 0.6815 (0.6815)  accuracy: 0.6751 (0.6751)  balanced_accuracy: 0.6847 (0.6847)  f1_weighted: 0.6732 (0.6732)  time: 2.6431  data: 2.5315  max mem: 5415
Test:  [    10/?]  eta: ?  loss: 0.8530 (0.8175)  accuracy: 0.6198 (0.6333)  balanced_accuracy: 0.6225 (0.6236)  f1_weighted: 0.6213 (0.6409)  time: 1.8875  data: 1.7694  max mem: 5415
Test:  [    20/?]  eta: ?  loss: 0.8600 (0.8886)  accuracy: 0.5833 (0.5946)  balanced_accuracy: 0.5727 (0.5825)  f1_weighted: 0.5921 (0.6013)  time: 1.8090  data: 1.6887  max mem: 5415
Test:  [    30/?]  eta: ?  loss: 0.8927 (0.8895)  accuracy: 0.5833 (0.5995)  balanced_accuracy: 0.5887 (0.5937)  f1_weighted: 0.5921 (0.6099)  time: 1.7266  data: 1.6078  max mem: 5415
Test:  [    40/?]  eta: ?  loss: 1.0290 (0.9694)  accuracy: 0.5684 (0.5751)  balanced_accuracy: 0.5640 (0.5770)  f1_weighted: 0.5897 (0.5853)  time: 1.5323  data: 1.4163  max mem: 5415
Test:  [    50/?]  eta: ?  loss: 0.9612 (0.9259)  accuracy: 0.5742 (0.5943)  balanced_accuracy: 0.5770 (0.5932)  f1_weighted: 0.5897 (0.6029)  time: 1.3958  data: 1.2790  max mem: 5415
Test:  [    60/?]  eta: ?  loss: 0.7636 (0.9354)  accuracy: 0.6204 (0.5821)  balanced_accuracy: 0.5766 (0.5826)  f1_weighted: 0.6149 (0.5941)  time: 1.3237  data: 1.2069  max mem: 5415
Test:  [    70/?]  eta: ?  loss: 0.7199 (0.8922)  accuracy: 0.6400 (0.6005)  balanced_accuracy: 0.5806 (0.6002)  f1_weighted: 0.6404 (0.6120)  time: 1.2464  data: 1.1303  max mem: 5415
Test:  [    80/?]  eta: ?  loss: 0.7404 (0.9126)  accuracy: 0.6543 (0.5911)  balanced_accuracy: 0.5806 (0.5844)  f1_weighted: 0.6617 (0.6011)  time: 1.1935  data: 1.0776  max mem: 5415
Test:  [    90/?]  eta: ?  loss: 0.9101 (0.9116)  accuracy: 0.5592 (0.5931)  balanced_accuracy: 0.5440 (0.5842)  f1_weighted: 0.5862 (0.6040)  time: 1.1855  data: 1.0694  max mem: 5415
Test:  [   100/?]  eta: ?  loss: 0.8396 (0.9133)  accuracy: 0.5560 (0.5852)  balanced_accuracy: 0.5440 (0.5740)  f1_weighted: 0.5862 (0.5969)  time: 1.1847  data: 1.0680  max mem: 5415
Test:  [   110/?]  eta: ?  loss: 0.8503 (0.9081)  accuracy: 0.5579 (0.5856)  balanced_accuracy: 0.5576 (0.5744)  f1_weighted: 0.5704 (0.5985)  time: 1.1675  data: 1.0503  max mem: 5415
Test:  [   120/?]  eta: ?  loss: 0.8069 (0.9079)  accuracy: 0.6016 (0.5844)  balanced_accuracy: 0.6138 (0.5762)  f1_weighted: 0.6192 (0.5970)  time: 1.1780  data: 1.0610  max mem: 5415
Test:  [   130/?]  eta: ?  loss: 0.7365 (0.8963)  accuracy: 0.6087 (0.5890)  balanced_accuracy: 0.6471 (0.5819)  f1_weighted: 0.6223 (0.6024)  time: 1.1754  data: 1.0578  max mem: 5415
Test:  [   140/?]  eta: ?  loss: 0.7740 (0.9026)  accuracy: 0.6087 (0.5869)  balanced_accuracy: 0.6670 (0.5831)  f1_weighted: 0.6264 (0.6022)  time: 1.1665  data: 1.0462  max mem: 5415
Test:  [   150/?]  eta: ?  loss: 1.0795 (0.9250)  accuracy: 0.4935 (0.5812)  balanced_accuracy: 0.5138 (0.5773)  f1_weighted: 0.5399 (0.5973)  time: 1.1743  data: 1.0470  max mem: 5415
Test:  [   160/?]  eta: ?  loss: 1.0434 (0.9232)  accuracy: 0.4668 (0.5793)  balanced_accuracy: 0.4852 (0.5741)  f1_weighted: 0.5106 (0.5944)  time: 1.1687  data: 1.0445  max mem: 5415
Test:  [   170/?]  eta: ?  loss: 0.9332 (0.9299)  accuracy: 0.5339 (0.5767)  balanced_accuracy: 0.5053 (0.5735)  f1_weighted: 0.5614 (0.5924)  time: 1.1742  data: 1.0521  max mem: 5415
Test:  [   180/?]  eta: ?  loss: 0.9332 (0.9265)  accuracy: 0.5651 (0.5802)  balanced_accuracy: 0.5766 (0.5753)  f1_weighted: 0.5781 (0.5956)  time: 1.1903  data: 1.0668  max mem: 5415
Test:  [   190/?]  eta: ?  loss: 0.8008 (0.9210)  accuracy: 0.6113 (0.5814)  balanced_accuracy: 0.5846 (0.5766)  f1_weighted: 0.6037 (0.5960)  time: 1.1861  data: 1.0682  max mem: 5415
Test:  [   200/?]  eta: ?  loss: 0.8008 (0.9156)  accuracy: 0.6113 (0.5826)  balanced_accuracy: 0.6096 (0.5787)  f1_weighted: 0.6128 (0.5970)  time: 1.2026  data: 1.0857  max mem: 5415
Test:  [   210/?]  eta: ?  loss: 0.8010 (0.9157)  accuracy: 0.6042 (0.5823)  balanced_accuracy: 0.6002 (0.5781)  f1_weighted: 0.6187 (0.5962)  time: 1.2306  data: 1.1142  max mem: 5415
Test:  [   220/?]  eta: ?  loss: 0.8770 (0.9190)  accuracy: 0.5391 (0.5802)  balanced_accuracy: 0.4928 (0.5755)  f1_weighted: 0.5353 (0.5942)  time: 1.2524  data: 1.1287  max mem: 5415
Test:  [   230/?]  eta: ?  loss: 0.8721 (0.9192)  accuracy: 0.5449 (0.5794)  balanced_accuracy: 0.5107 (0.5751)  f1_weighted: 0.5682 (0.5932)  time: 1.2523  data: 1.1269  max mem: 5415
Test:  [   240/?]  eta: ?  loss: 0.8799 (0.9261)  accuracy: 0.5508 (0.5762)  balanced_accuracy: 0.5512 (0.5727)  f1_weighted: 0.5772 (0.5917)  time: 1.2265  data: 1.1073  max mem: 5415
Test:  [   250/?]  eta: ?  loss: 0.7984 (0.9202)  accuracy: 0.5664 (0.5779)  balanced_accuracy: 0.5533 (0.5735)  f1_weighted: 0.6212 (0.5948)  time: 1.2325  data: 1.1132  max mem: 5415
Test:  [   260/?]  eta: ?  loss: 0.8119 (0.9232)  accuracy: 0.5664 (0.5760)  balanced_accuracy: 0.5591 (0.5719)  f1_weighted: 0.6212 (0.5934)  time: 1.2739  data: 1.1549  max mem: 5415
Test:  [   270/?]  eta: ?  loss: 0.7642 (0.9136)  accuracy: 0.6035 (0.5806)  balanced_accuracy: 0.5824 (0.5758)  f1_weighted: 0.6274 (0.5982)  time: 1.3002  data: 1.1811  max mem: 5415
Test:  [   280/?]  eta: ?  loss: 0.8000 (0.9237)  accuracy: 0.5924 (0.5764)  balanced_accuracy: 0.5924 (0.5717)  f1_weighted: 0.6072 (0.5944)  time: 1.3011  data: 1.1821  max mem: 5415
Test:  [   290/?]  eta: ?  loss: 1.0864 (0.9280)  accuracy: 0.4577 (0.5744)  balanced_accuracy: 0.4439 (0.5701)  f1_weighted: 0.5256 (0.5923)  time: 1.3174  data: 1.1957  max mem: 5415
Test:  [   300/?]  eta: ?  loss: 1.0864 (0.9338)  accuracy: 0.4525 (0.5706)  balanced_accuracy: 0.4170 (0.5638)  f1_weighted: 0.4477 (0.5882)  time: 1.3526  data: 1.2314  max mem: 5415
Test: Total time: 0:06:37 (1.2990 s / it)
* loss 0.933
  → Epoch   1/50 | Train Loss: 0.7337 | Val Loss: 0.9163 | Train Acc: 64.8267% | Val Acc: 56.3900% | LR: 0.000000
Max accuracy val: 56.39%, max accuracy test: 57.03%
  Test segment-level: 0.5703 | participant (mean prob): 0.6716 | participant (majority vote): 0.6907
Epoch: [1]  [     0/?]  eta: ?  lr: 0.000100  min_lr: 0.000000  loss: 0.7185 (0.7185)  class_acc: 0.6543 (0.6543)  loss_scale: 256.0000 (256.0000)  weight_decay: 0.0500 (0.0500)  grad_norm: 56.6835 (56.6835)  time: 19.8194  data: 19.5097  max mem: 5415
NaN or Inf found in input tensor.
Epoch: [1]  [   500/?]  eta: ?  lr: 0.000101  min_lr: 0.000000  loss: 0.7321 (0.7364)  class_acc: 0.6475 (0.6467)  loss_scale: 256.0000 (295.8563)  weight_decay: 0.0500 (0.0500)  grad_norm: 68.8704 (nan)  time: 3.9113  data: 3.3456  max mem: 5415
Epoch: [1]  [  1000/?]  eta: ?  lr: 0.000101  min_lr: 0.000000  loss: 0.6995 (0.7258)  class_acc: 0.6631 (0.6525)  loss_scale: 256.0000 (275.9481)  weight_decay: 0.0500 (0.0500)  grad_norm: 68.6940 (nan)  time: 2.3645  data: 1.8021  max mem: 5415
Epoch: [1]  [  1500/?]  eta: ?  lr: 0.000102  min_lr: 0.000000  loss: 0.6829 (0.7165)  class_acc: 0.6709 (0.6576)  loss_scale: 256.0000 (269.3031)  weight_decay: 0.0500 (0.0500)  grad_norm: 71.0295 (nan)  time: 1.6115  data: 1.0453  max mem: 5415
Epoch: [1]  [  2000/?]  eta: ?  lr: 0.000102  min_lr: 0.000000  loss: 0.6542 (0.7070)  class_acc: 0.6895 (0.6631)  loss_scale: 256.0000 (265.9790)  weight_decay: 0.0500 (0.0500)  grad_norm: 68.5096 (nan)  time: 1.3158  data: 0.7685  max mem: 5415
Epoch: [1] Total time: 1:37:46 (2.7120 s / it)
Val:  [     0/?]  eta: ?  loss: 0.7224 (0.7224)  accuracy: 0.6947 (0.6947)  balanced_accuracy: 0.7457 (0.7457)  f1_weighted: 0.6880 (0.6880)  time: 3.8457  data: 3.4736  max mem: 5415
Val:  [    10/?]  eta: ?  loss: 0.9221 (0.9366)  accuracy: 0.6133 (0.6015)  balanced_accuracy: 0.5953 (0.6078)  f1_weighted: 0.6127 (0.6100)  time: 2.0191  data: 1.8669  max mem: 5415
Val:  [    20/?]  eta: ?  loss: 1.0253 (1.0062)  accuracy: 0.5286 (0.5550)  balanced_accuracy: 0.5312 (0.5548)  f1_weighted: 0.5332 (0.5659)  time: 1.8259  data: 1.6971  max mem: 5415
Val:  [    30/?]  eta: ?  loss: 0.9784 (0.9844)  accuracy: 0.5443 (0.5731)  balanced_accuracy: 0.5522 (0.5811)  f1_weighted: 0.5581 (0.5825)  time: 1.8199  data: 1.6963  max mem: 5415
Val:  [    40/?]  eta: ?  loss: 0.9784 (0.9812)  accuracy: 0.5723 (0.5726)  balanced_accuracy: 0.6353 (0.5862)  f1_weighted: 0.5727 (0.5807)  time: 1.8265  data: 1.7028  max mem: 5415
Val:  [    50/?]  eta: ?  loss: 0.9826 (0.9737)  accuracy: 0.5345 (0.5657)  balanced_accuracy: 0.5490 (0.5790)  f1_weighted: 0.5429 (0.5763)  time: 1.7972  data: 1.6740  max mem: 5415
Val:  [    60/?]  eta: ?  loss: 0.9652 (0.9762)  accuracy: 0.5358 (0.5685)  balanced_accuracy: 0.5371 (0.5697)  f1_weighted: 0.5781 (0.5830)  time: 1.7242  data: 1.6068  max mem: 5415
Val:  [    70/?]  eta: ?  loss: 1.0299 (0.9795)  accuracy: 0.5853 (0.5676)  balanced_accuracy: 0.5536 (0.5698)  f1_weighted: 0.6234 (0.5885)  time: 1.6688  data: 1.5526  max mem: 5415
Val:  [    80/?]  eta: ?  loss: 0.9422 (0.9711)  accuracy: 0.5885 (0.5725)  balanced_accuracy: 0.6032 (0.5734)  f1_weighted: 0.6065 (0.5919)  time: 1.6718  data: 1.5523  max mem: 5415
Val:  [    90/?]  eta: ?  loss: 0.8850 (0.9592)  accuracy: 0.5749 (0.5751)  balanced_accuracy: 0.5999 (0.5747)  f1_weighted: 0.5906 (0.5936)  time: 1.7008  data: 1.5815  max mem: 5415
Val:  [   100/?]  eta: ?  loss: 0.9596 (0.9649)  accuracy: 0.5625 (0.5741)  balanced_accuracy: 0.5866 (0.5733)  f1_weighted: 0.5731 (0.5917)  time: 1.6989  data: 1.5802  max mem: 5415
Val:  [   110/?]  eta: ?  loss: 1.0381 (0.9976)  accuracy: 0.4922 (0.5652)  balanced_accuracy: 0.5021 (0.5649)  f1_weighted: 0.5649 (0.5842)  time: 1.6827  data: 1.5623  max mem: 5415
Val:  [   120/?]  eta: ?  loss: 1.0364 (0.9956)  accuracy: 0.4961 (0.5677)  balanced_accuracy: 0.5021 (0.5648)  f1_weighted: 0.5986 (0.5866)  time: 1.6823  data: 1.5600  max mem: 5415
Val:  [   130/?]  eta: ?  loss: 0.9232 (1.0029)  accuracy: 0.5449 (0.5621)  balanced_accuracy: 0.4972 (0.5597)  f1_weighted: 0.5806 (0.5828)  time: 1.7034  data: 1.5792  max mem: 5415
Val:  [   140/?]  eta: ?  loss: 1.0675 (1.0060)  accuracy: 0.5124 (0.5605)  balanced_accuracy: 0.5469 (0.5604)  f1_weighted: 0.5471 (0.5811)  time: 1.7028  data: 1.5818  max mem: 5415
Val:  [   150/?]  eta: ?  loss: 1.0008 (1.0081)  accuracy: 0.5072 (0.5590)  balanced_accuracy: 0.5469 (0.5569)  f1_weighted: 0.5564 (0.5813)  time: 1.6816  data: 1.5613  max mem: 5415
Val:  [   160/?]  eta: ?  loss: 1.0128 (1.0120)  accuracy: 0.4954 (0.5571)  balanced_accuracy: 0.4852 (0.5545)  f1_weighted: 0.5377 (0.5781)  time: 1.6804  data: 1.5600  max mem: 5415
Val:  [   170/?]  eta: ?  loss: 1.0695 (1.0183)  accuracy: 0.5345 (0.5575)  balanced_accuracy: 0.4906 (0.5510)  f1_weighted: 0.5556 (0.5791)  time: 1.6962  data: 1.5682  max mem: 5415
Val:  [   180/?]  eta: ?  loss: 1.0489 (1.0143)  accuracy: 0.5521 (0.5569)  balanced_accuracy: 0.5026 (0.5506)  f1_weighted: 0.5883 (0.5787)  time: 1.7153  data: 1.5798  max mem: 5415
Val:  [   190/?]  eta: ?  loss: 0.8146 (1.0041)  accuracy: 0.6048 (0.5613)  balanced_accuracy: 0.6435 (0.5574)  f1_weighted: 0.6090 (0.5823)  time: 1.7058  data: 1.5806  max mem: 5415
Val:  [   200/?]  eta: ?  loss: 0.8678 (1.0018)  accuracy: 0.5977 (0.5614)  balanced_accuracy: 0.6486 (0.5588)  f1_weighted: 0.6060 (0.5828)  time: 1.6931  data: 1.5752  max mem: 5415
Val:  [   210/?]  eta: ?  loss: 0.9425 (0.9996)  accuracy: 0.5716 (0.5620)  balanced_accuracy: 0.5715 (0.5588)  f1_weighted: 0.6053 (0.5845)  time: 1.7128  data: 1.5879  max mem: 5415
Val:  [   220/?]  eta: ?  loss: 0.9599 (0.9991)  accuracy: 0.5931 (0.5633)  balanced_accuracy: 0.5715 (0.5590)  f1_weighted: 0.6071 (0.5854)  time: 1.7528  data: 1.6296  max mem: 5415
Val:  [   230/?]  eta: ?  loss: 0.9013 (0.9936)  accuracy: 0.6029 (0.5654)  balanced_accuracy: 0.6217 (0.5648)  f1_weighted: 0.6071 (0.5876)  time: 1.7642  data: 1.6461  max mem: 5415
Val:  [   240/?]  eta: ?  loss: 0.9333 (1.0001)  accuracy: 0.5417 (0.5603)  balanced_accuracy: 0.5330 (0.5582)  f1_weighted: 0.5610 (0.5836)  time: 1.7512  data: 1.6322  max mem: 5415
Val:  [   250/?]  eta: ?  loss: 0.9672 (0.9952)  accuracy: 0.5391 (0.5621)  balanced_accuracy: 0.4642 (0.5605)  f1_weighted: 0.5707 (0.5856)  time: 1.7701  data: 1.6510  max mem: 5415
Val:  [   260/?]  eta: ?  loss: 1.0060 (1.0109)  accuracy: 0.4922 (0.5574)  balanced_accuracy: 0.4861 (0.5573)  f1_weighted: 0.4897 (0.5809)  time: 1.7818  data: 1.6631  max mem: 5415
Val:  [   270/?]  eta: ?  loss: 1.2459 (1.0188)  accuracy: 0.4609 (0.5556)  balanced_accuracy: 0.4611 (0.5551)  f1_weighted: 0.4897 (0.5793)  time: 1.7749  data: 1.6580  max mem: 5415
Val:  [   280/?]  eta: ?  loss: 0.9883 (1.0193)  accuracy: 0.5176 (0.5520)  balanced_accuracy: 0.4922 (0.5523)  f1_weighted: 0.5405 (0.5770)  time: 1.7866  data: 1.6696  max mem: 5415
Val:  [   290/?]  eta: ?  loss: 1.0602 (1.0218)  accuracy: 0.4661 (0.5505)  balanced_accuracy: 0.4651 (0.5501)  f1_weighted: 0.5032 (0.5749)  time: 1.7961  data: 1.6788  max mem: 5415
Val:  [   300/?]  eta: ?  loss: 0.9040 (1.0201)  accuracy: 0.5052 (0.5510)  balanced_accuracy: 0.5015 (0.5513)  f1_weighted: 0.5331 (0.5761)  time: 1.8188  data: 1.7019  max mem: 5415
Val:  [   310/?]  eta: ?  loss: 0.7588 (1.0082)  accuracy: 0.6257 (0.5555)  balanced_accuracy: 0.6254 (0.5554)  f1_weighted: 0.7430 (0.5820)  time: 1.8674  data: 1.7520  max mem: 5415
Val: Total time: 0:09:05 (1.7526 s / it)
* loss 1.008
Test:  [     0/?]  eta: ?  loss: 0.9426 (0.9426)  accuracy: 0.6341 (0.6341)  balanced_accuracy: 0.6681 (0.6681)  f1_weighted: 0.6292 (0.6292)  time: 2.9024  data: 2.7852  max mem: 5415
Test:  [    10/?]  eta: ?  loss: 0.9426 (0.9009)  accuracy: 0.6198 (0.6127)  balanced_accuracy: 0.6374 (0.5994)  f1_weighted: 0.6231 (0.6225)  time: 1.9168  data: 1.7993  max mem: 5415
Test:  [    20/?]  eta: ?  loss: 1.0069 (0.9848)  accuracy: 0.5430 (0.5718)  balanced_accuracy: 0.5703 (0.5649)  f1_weighted: 0.5517 (0.5815)  time: 1.8000  data: 1.6826  max mem: 5415
Test:  [    30/?]  eta: ?  loss: 0.9497 (0.9731)  accuracy: 0.5553 (0.5823)  balanced_accuracy: 0.5775 (0.5794)  f1_weighted: 0.5644 (0.5939)  time: 1.6897  data: 1.5732  max mem: 5415
Test:  [    40/?]  eta: ?  loss: 1.0326 (1.0675)  accuracy: 0.5553 (0.5658)  balanced_accuracy: 0.5841 (0.5706)  f1_weighted: 0.5792 (0.5769)  time: 1.5137  data: 1.3981  max mem: 5415
Test:  [    50/?]  eta: ?  loss: 0.9842 (1.0255)  accuracy: 0.5729 (0.5769)  balanced_accuracy: 0.5841 (0.5818)  f1_weighted: 0.5806 (0.5865)  time: 1.4186  data: 1.3031  max mem: 5415
Test:  [    60/?]  eta: ?  loss: 0.8509 (1.0309)  accuracy: 0.5729 (0.5664)  balanced_accuracy: 0.5627 (0.5690)  f1_weighted: 0.5970 (0.5804)  time: 1.3561  data: 1.2320  max mem: 5415
Test:  [    70/?]  eta: ?  loss: 0.8393 (0.9850)  accuracy: 0.6107 (0.5845)  balanced_accuracy: 0.5907 (0.5852)  f1_weighted: 0.6049 (0.5974)  time: 1.2580  data: 1.1334  max mem: 5415
Test:  [    80/?]  eta: ?  loss: 0.7869 (0.9986)  accuracy: 0.6400 (0.5787)  balanced_accuracy: 0.6194 (0.5746)  f1_weighted: 0.6491 (0.5892)  time: 1.2086  data: 1.0923  max mem: 5415
Test:  [    90/?]  eta: ?  loss: 0.9827 (0.9985)  accuracy: 0.5540 (0.5792)  balanced_accuracy: 0.5552 (0.5740)  f1_weighted: 0.5415 (0.5910)  time: 1.2258  data: 1.1026  max mem: 5415
Test:  [   100/?]  eta: ?  loss: 0.8810 (0.9953)  accuracy: 0.5540 (0.5730)  balanced_accuracy: 0.5300 (0.5647)  f1_weighted: 0.5390 (0.5851)  time: 1.2283  data: 1.1044  max mem: 5415
Test:  [   110/?]  eta: ?  loss: 0.8810 (0.9849)  accuracy: 0.5697 (0.5770)  balanced_accuracy: 0.5347 (0.5687)  f1_weighted: 0.5624 (0.5904)  time: 1.2112  data: 1.0944  max mem: 5415
Test:  [   120/?]  eta: ?  loss: 0.8450 (0.9799)  accuracy: 0.5892 (0.5774)  balanced_accuracy: 0.6202 (0.5712)  f1_weighted: 0.5758 (0.5906)  time: 1.2180  data: 1.1021  max mem: 5415
Test:  [   130/?]  eta: ?  loss: 0.8151 (0.9687)  accuracy: 0.6113 (0.5802)  balanced_accuracy: 0.6426 (0.5767)  f1_weighted: 0.6230 (0.5945)  time: 1.2081  data: 1.0923  max mem: 5415
Test:  [   140/?]  eta: ?  loss: 0.8104 (0.9737)  accuracy: 0.6400 (0.5805)  balanced_accuracy: 0.6159 (0.5785)  f1_weighted: 0.6522 (0.5967)  time: 1.2311  data: 1.0987  max mem: 5415
Test:  [   150/?]  eta: ?  loss: 1.1851 (0.9970)  accuracy: 0.5208 (0.5762)  balanced_accuracy: 0.5209 (0.5744)  f1_weighted: 0.5487 (0.5929)  time: 1.2301  data: 1.0978  max mem: 5415
Test:  [   160/?]  eta: ?  loss: 1.0830 (0.9947)  accuracy: 0.5176 (0.5744)  balanced_accuracy: 0.5209 (0.5707)  f1_weighted: 0.5320 (0.5901)  time: 1.1993  data: 1.0835  max mem: 5415
Test:  [   170/?]  eta: ?  loss: 0.9868 (1.0038)  accuracy: 0.5241 (0.5713)  balanced_accuracy: 0.5647 (0.5696)  f1_weighted: 0.5636 (0.5876)  time: 1.2120  data: 1.0960  max mem: 5415
Test:  [   180/?]  eta: ?  loss: 1.0513 (1.0007)  accuracy: 0.5293 (0.5737)  balanced_accuracy: 0.5647 (0.5705)  f1_weighted: 0.5651 (0.5898)  time: 1.2139  data: 1.0975  max mem: 5415
Test:  [   190/?]  eta: ?  loss: 0.8693 (0.9935)  accuracy: 0.6068 (0.5754)  balanced_accuracy: 0.5985 (0.5733)  f1_weighted: 0.5916 (0.5907)  time: 1.2077  data: 1.0917  max mem: 5415
Test:  [   200/?]  eta: ?  loss: 0.7959 (0.9876)  accuracy: 0.6159 (0.5767)  balanced_accuracy: 0.6228 (0.5757)  f1_weighted: 0.6211 (0.5917)  time: 1.2162  data: 1.1001  max mem: 5415
Test:  [   210/?]  eta: ?  loss: 0.7959 (0.9886)  accuracy: 0.5885 (0.5753)  balanced_accuracy: 0.6120 (0.5739)  f1_weighted: 0.5949 (0.5900)  time: 1.2412  data: 1.1159  max mem: 5415
Test:  [   220/?]  eta: ?  loss: 0.9264 (0.9934)  accuracy: 0.5449 (0.5729)  balanced_accuracy: 0.5070 (0.5712)  f1_weighted: 0.5670 (0.5877)  time: 1.2471  data: 1.1216  max mem: 5415
Test:  [   230/?]  eta: ?  loss: 0.8805 (0.9899)  accuracy: 0.5540 (0.5734)  balanced_accuracy: 0.5372 (0.5717)  f1_weighted: 0.5728 (0.5880)  time: 1.2514  data: 1.1346  max mem: 5415
Test:  [   240/?]  eta: ?  loss: 0.9027 (0.9975)  accuracy: 0.5560 (0.5708)  balanced_accuracy: 0.5736 (0.5698)  f1_weighted: 0.5848 (0.5869)  time: 1.2473  data: 1.1205  max mem: 5415
Test:  [   250/?]  eta: ?  loss: 0.9311 (0.9922)  accuracy: 0.5736 (0.5719)  balanced_accuracy: 0.5536 (0.5701)  f1_weighted: 0.6114 (0.5893)  time: 1.2539  data: 1.1263  max mem: 5415
Test:  [   260/?]  eta: ?  loss: 0.8944 (0.9953)  accuracy: 0.5664 (0.5699)  balanced_accuracy: 0.4948 (0.5682)  f1_weighted: 0.5868 (0.5878)  time: 1.2934  data: 1.1759  max mem: 5415
Test:  [   270/?]  eta: ?  loss: 0.8599 (0.9863)  accuracy: 0.5983 (0.5740)  balanced_accuracy: 0.5932 (0.5720)  f1_weighted: 0.6237 (0.5922)  time: 1.3119  data: 1.1955  max mem: 5415
Test:  [   280/?]  eta: ?  loss: 0.9120 (0.9977)  accuracy: 0.5658 (0.5702)  balanced_accuracy: 0.5733 (0.5686)  f1_weighted: 0.6123 (0.5889)  time: 1.3096  data: 1.1927  max mem: 5415
Test:  [   290/?]  eta: ?  loss: 1.1828 (1.0024)  accuracy: 0.4857 (0.5687)  balanced_accuracy: 0.4536 (0.5667)  f1_weighted: 0.5477 (0.5872)  time: 1.3037  data: 1.1860  max mem: 5415
Test:  [   300/?]  eta: ?  loss: 1.1381 (1.0086)  accuracy: 0.4551 (0.5655)  balanced_accuracy: 0.4158 (0.5614)  f1_weighted: 0.4645 (0.5839)  time: 1.3297  data: 1.2123  max mem: 5415
Test: Total time: 0:06:42 (1.3168 s / it)
* loss 1.008
  → Epoch   2/50 | Train Loss: 0.7037 | Val Loss: 1.0082 | Train Acc: 66.4812% | Val Acc: 55.5537% | LR: 0.000000
Max accuracy val: 56.39%, max accuracy test: 57.03%
  Test segment-level: 0.5654 | participant (mean prob): 0.6886 | participant (majority vote): 0.6907
Epoch: [2]  [     0/?]  eta: ?  lr: 0.000200  min_lr: 0.000001  loss: 0.6531 (0.6531)  class_acc: 0.6953 (0.6953)  loss_scale: 256.0000 (256.0000)  weight_decay: 0.0500 (0.0500)  grad_norm: 68.1200 (68.1200)  time: 20.0000  data: 19.6483  max mem: 5415
NaN or Inf found in input tensor.
Epoch: [2]  [   500/?]  eta: ?  lr: 0.000201  min_lr: 0.000001  loss: 0.6533 (0.6675)  class_acc: 0.6895 (0.6853)  loss_scale: 256.0000 (314.7625)  weight_decay: 0.0500 (0.0500)  grad_norm: 73.8038 (nan)  time: 3.9033  data: 3.3483  max mem: 5415
Epoch: [2]  [  1000/?]  eta: ?  lr: 0.000201  min_lr: 0.000001  loss: 0.6226 (0.6544)  class_acc: 0.7031 (0.6925)  loss_scale: 256.0000 (285.4106)  weight_decay: 0.0500 (0.0500)  grad_norm: 71.6107 (nan)  time: 2.3626  data: 1.8119  max mem: 5415
Epoch: [2]  [  1500/?]  eta: ?  lr: 0.000202  min_lr: 0.000001  loss: 0.6063 (0.6413)  class_acc: 0.7139 (0.6995)  loss_scale: 256.0000 (275.6136)  weight_decay: 0.0500 (0.0500)  grad_norm: 84.9238 (nan)  time: 1.5636  data: 1.0130  max mem: 5415
Epoch: [2]  [  2000/?]  eta: ?  lr: 0.000202  min_lr: 0.000001  loss: 0.5698 (0.6283)  class_acc: 0.7324 (0.7063)  loss_scale: 256.0000 (270.7126)  weight_decay: 0.0500 (0.0500)  grad_norm: 79.4598 (nan)  time: 1.3493  data: 0.7929  max mem: 5415
Epoch: [2] Total time: 1:38:43 (2.7388 s / it)
Val:  [     0/?]  eta: ?  loss: 0.7067 (0.7067)  accuracy: 0.6888 (0.6888)  balanced_accuracy: 0.7180 (0.7180)  f1_weighted: 0.6841 (0.6841)  time: 3.9410  data: 3.4202  max mem: 5415
Val:  [    10/?]  eta: ?  loss: 0.9633 (0.9736)  accuracy: 0.5716 (0.5969)  balanced_accuracy: 0.5947 (0.5993)  f1_weighted: 0.5883 (0.6065)  time: 2.0115  data: 1.8575  max mem: 5415
Val:  [    20/?]  eta: ?  loss: 1.1060 (1.0759)  accuracy: 0.5521 (0.5572)  balanced_accuracy: 0.5273 (0.5563)  f1_weighted: 0.5573 (0.5684)  time: 1.8134  data: 1.6937  max mem: 5415
Val:  [    30/?]  eta: ?  loss: 1.1060 (1.0643)  accuracy: 0.5547 (0.5705)  balanced_accuracy: 0.5735 (0.5809)  f1_weighted: 0.5582 (0.5806)  time: 1.8148  data: 1.6907  max mem: 5415
Val:  [    40/?]  eta: ?  loss: 0.9310 (1.0415)  accuracy: 0.5794 (0.5762)  balanced_accuracy: 0.6295 (0.5878)  f1_weighted: 0.5919 (0.5846)  time: 1.8173  data: 1.6876  max mem: 5415
Val:  [    50/?]  eta: ?  loss: 0.9854 (1.0482)  accuracy: 0.5508 (0.5676)  balanced_accuracy: 0.5675 (0.5767)  f1_weighted: 0.5489 (0.5770)  time: 1.7856  data: 1.6570  max mem: 5415
Val:  [    60/?]  eta: ?  loss: 1.1361 (1.0630)  accuracy: 0.5150 (0.5614)  balanced_accuracy: 0.4900 (0.5602)  f1_weighted: 0.5496 (0.5766)  time: 1.7252  data: 1.6025  max mem: 5415
Val:  [    70/?]  eta: ?  loss: 1.0764 (1.0582)  accuracy: 0.5280 (0.5642)  balanced_accuracy: 0.4974 (0.5588)  f1_weighted: 0.5643 (0.5845)  time: 1.6629  data: 1.5442  max mem: 5415
Val:  [    80/?]  eta: ?  loss: 1.0319 (1.0555)  accuracy: 0.5710 (0.5642)  balanced_accuracy: 0.5690 (0.5600)  f1_weighted: 0.5874 (0.5845)  time: 1.6736  data: 1.5542  max mem: 5415
Val:  [    90/?]  eta: ?  loss: 1.0319 (1.0577)  accuracy: 0.5671 (0.5599)  balanced_accuracy: 0.5473 (0.5588)  f1_weighted: 0.5796 (0.5798)  time: 1.7026  data: 1.5758  max mem: 5415
Val:  [   100/?]  eta: ?  loss: 1.0036 (1.0572)  accuracy: 0.5553 (0.5635)  balanced_accuracy: 0.5471 (0.5629)  f1_weighted: 0.5933 (0.5824)  time: 1.6705  data: 1.5465  max mem: 5415
Val:  [   110/?]  eta: ?  loss: 1.0407 (1.0871)  accuracy: 0.5482 (0.5563)  balanced_accuracy: 0.5600 (0.5562)  f1_weighted: 0.5703 (0.5764)  time: 1.6810  data: 1.5565  max mem: 5415
Val:  [   120/?]  eta: ?  loss: 1.0769 (1.0933)  accuracy: 0.5482 (0.5553)  balanced_accuracy: 0.5026 (0.5516)  f1_weighted: 0.5673 (0.5753)  time: 1.6861  data: 1.5621  max mem: 5415
Val:  [   130/?]  eta: ?  loss: 1.0612 (1.0929)  accuracy: 0.5482 (0.5524)  balanced_accuracy: 0.5026 (0.5480)  f1_weighted: 0.5673 (0.5738)  time: 1.6895  data: 1.5702  max mem: 5415
Val:  [   140/?]  eta: ?  loss: 1.0612 (1.0981)  accuracy: 0.5280 (0.5504)  balanced_accuracy: 0.5243 (0.5480)  f1_weighted: 0.5356 (0.5715)  time: 1.6975  data: 1.5669  max mem: 5415
Val:  [   150/?]  eta: ?  loss: 1.1183 (1.1045)  accuracy: 0.5286 (0.5499)  balanced_accuracy: 0.5177 (0.5437)  f1_weighted: 0.5581 (0.5726)  time: 1.6815  data: 1.5532  max mem: 5415
Val:  [   160/?]  eta: ?  loss: 1.1935 (1.1124)  accuracy: 0.5078 (0.5467)  balanced_accuracy: 0.4706 (0.5404)  f1_weighted: 0.5410 (0.5684)  time: 1.6757  data: 1.5564  max mem: 5415
Val:  [   170/?]  eta: ?  loss: 1.2668 (1.1263)  accuracy: 0.5013 (0.5445)  balanced_accuracy: 0.4560 (0.5364)  f1_weighted: 0.5192 (0.5678)  time: 1.6692  data: 1.5499  max mem: 5415
Val:  [   180/?]  eta: ?  loss: 1.1995 (1.1252)  accuracy: 0.5163 (0.5436)  balanced_accuracy: 0.4890 (0.5360)  f1_weighted: 0.5482 (0.5670)  time: 1.6929  data: 1.5747  max mem: 5415
Val:  [   190/?]  eta: ?  loss: 0.9818 (1.1127)  accuracy: 0.5547 (0.5480)  balanced_accuracy: 0.5915 (0.5429)  f1_weighted: 0.5984 (0.5711)  time: 1.7008  data: 1.5838  max mem: 5415
Val:  [   200/?]  eta: ?  loss: 0.9503 (1.1178)  accuracy: 0.5690 (0.5463)  balanced_accuracy: 0.6151 (0.5427)  f1_weighted: 0.5917 (0.5698)  time: 1.7169  data: 1.5958  max mem: 5415
Val:  [   210/?]  eta: ?  loss: 1.0394 (1.1207)  accuracy: 0.5182 (0.5447)  balanced_accuracy: 0.4849 (0.5401)  f1_weighted: 0.5590 (0.5697)  time: 1.7505  data: 1.6291  max mem: 5415
Val:  [   220/?]  eta: ?  loss: 0.9601 (1.1181)  accuracy: 0.5671 (0.5468)  balanced_accuracy: 0.5040 (0.5415)  f1_weighted: 0.5983 (0.5707)  time: 1.7749  data: 1.6587  max mem: 5415
Val:  [   230/?]  eta: ?  loss: 0.9261 (1.1085)  accuracy: 0.5996 (0.5500)  balanced_accuracy: 0.6030 (0.5475)  f1_weighted: 0.6021 (0.5737)  time: 1.7891  data: 1.6710  max mem: 5415
Val:  [   240/?]  eta: ?  loss: 1.0260 (1.1160)  accuracy: 0.5007 (0.5452)  balanced_accuracy: 0.5266 (0.5416)  f1_weighted: 0.5500 (0.5698)  time: 1.7896  data: 1.6715  max mem: 5415
Val:  [   250/?]  eta: ?  loss: 1.0260 (1.1092)  accuracy: 0.4870 (0.5467)  balanced_accuracy: 0.4843 (0.5434)  f1_weighted: 0.5319 (0.5717)  time: 1.8093  data: 1.6898  max mem: 5415
Val:  [   260/?]  eta: ?  loss: 1.1160 (1.1262)  accuracy: 0.4954 (0.5430)  balanced_accuracy: 0.4955 (0.5407)  f1_weighted: 0.5091 (0.5677)  time: 1.8292  data: 1.7097  max mem: 5415
Val:  [   270/?]  eta: ?  loss: 1.3209 (1.1355)  accuracy: 0.4447 (0.5416)  balanced_accuracy: 0.4573 (0.5395)  f1_weighted: 0.5091 (0.5662)  time: 1.8347  data: 1.7170  max mem: 5415
Val:  [   280/?]  eta: ?  loss: 1.1469 (1.1359)  accuracy: 0.5137 (0.5379)  balanced_accuracy: 0.4648 (0.5367)  f1_weighted: 0.5268 (0.5639)  time: 1.8610  data: 1.7358  max mem: 5415
Val:  [   290/?]  eta: ?  loss: 1.0626 (1.1379)  accuracy: 0.4857 (0.5361)  balanced_accuracy: 0.4549 (0.5340)  f1_weighted: 0.5136 (0.5616)  time: 1.8571  data: 1.7326  max mem: 5415
Val:  [   300/?]  eta: ?  loss: 0.9987 (1.1334)  accuracy: 0.5137 (0.5379)  balanced_accuracy: 0.4985 (0.5363)  f1_weighted: 0.5175 (0.5641)  time: 1.8623  data: 1.7442  max mem: 5415
Val:  [   310/?]  eta: ?  loss: 0.8094 (1.1282)  accuracy: 0.5853 (0.5391)  balanced_accuracy: 0.5853 (0.5375)  f1_weighted: 0.6594 (0.5672)  time: 1.8918  data: 1.7756  max mem: 5415
Val: Total time: 0:09:08 (1.7638 s / it)
* loss 1.128
Test:  [     0/?]  eta: ?  loss: 1.3871 (1.3871)  accuracy: 0.5892 (0.5892)  balanced_accuracy: 0.6273 (0.6273)  f1_weighted: 0.5805 (0.5805)  time: 2.9111  data: 2.7946  max mem: 5415
Test:  [    10/?]  eta: ?  loss: 1.1141 (1.1246)  accuracy: 0.5547 (0.5533)  balanced_accuracy: 0.5406 (0.5481)  f1_weighted: 0.5560 (0.5653)  time: 1.9039  data: 1.7860  max mem: 5415
Test:  [    20/?]  eta: ?  loss: 1.1285 (1.2013)  accuracy: 0.5339 (0.5359)  balanced_accuracy: 0.5079 (0.5300)  f1_weighted: 0.5536 (0.5451)  time: 1.8280  data: 1.7084  max mem: 5415
Test:  [    30/?]  eta: ?  loss: 1.2221 (1.2005)  accuracy: 0.5397 (0.5471)  balanced_accuracy: 0.5556 (0.5414)  f1_weighted: 0.5564 (0.5587)  time: 1.7452  data: 1.6266  max mem: 5415
Test:  [    40/?]  eta: ?  loss: 1.2509 (1.2486)  accuracy: 0.5254 (0.5371)  balanced_accuracy: 0.5369 (0.5346)  f1_weighted: 0.5211 (0.5488)  time: 1.5405  data: 1.4250  max mem: 5415
Test:  [    50/?]  eta: ?  loss: 1.1593 (1.1960)  accuracy: 0.5273 (0.5498)  balanced_accuracy: 0.5398 (0.5483)  f1_weighted: 0.5563 (0.5600)  time: 1.4172  data: 1.3020  max mem: 5415
Test:  [    60/?]  eta: ?  loss: 0.9899 (1.2102)  accuracy: 0.5462 (0.5418)  balanced_accuracy: 0.5426 (0.5413)  f1_weighted: 0.5608 (0.5556)  time: 1.3593  data: 1.2434  max mem: 5415
Test:  [    70/?]  eta: ?  loss: 0.9892 (1.1706)  accuracy: 0.5872 (0.5574)  balanced_accuracy: 0.5466 (0.5542)  f1_weighted: 0.5951 (0.5711)  time: 1.2575  data: 1.1418  max mem: 5415
Test:  [    80/?]  eta: ?  loss: 1.0787 (1.2064)  accuracy: 0.5508 (0.5470)  balanced_accuracy: 0.5393 (0.5394)  f1_weighted: 0.5858 (0.5601)  time: 1.1995  data: 1.0798  max mem: 5415
Test:  [    90/?]  eta: ?  loss: 1.1076 (1.1942)  accuracy: 0.5273 (0.5498)  balanced_accuracy: 0.4997 (0.5408)  f1_weighted: 0.5347 (0.5634)  time: 1.2048  data: 1.0847  max mem: 5415
Test:  [   100/?]  eta: ?  loss: 1.1127 (1.1865)  accuracy: 0.5078 (0.5436)  balanced_accuracy: 0.4607 (0.5319)  f1_weighted: 0.5347 (0.5571)  time: 1.2087  data: 1.0927  max mem: 5415
Test:  [   110/?]  eta: ?  loss: 1.1127 (1.1672)  accuracy: 0.5514 (0.5487)  balanced_accuracy: 0.4996 (0.5382)  f1_weighted: 0.5586 (0.5636)  time: 1.2423  data: 1.1266  max mem: 5415
Test:  [   120/?]  eta: ?  loss: 0.8813 (1.1645)  accuracy: 0.5892 (0.5466)  balanced_accuracy: 0.5698 (0.5385)  f1_weighted: 0.5882 (0.5614)  time: 1.2214  data: 1.1060  max mem: 5415
Test:  [   130/?]  eta: ?  loss: 0.8700 (1.1452)  accuracy: 0.5990 (0.5513)  balanced_accuracy: 0.5882 (0.5450)  f1_weighted: 0.5908 (0.5669)  time: 1.1779  data: 1.0619  max mem: 5415
Test:  [   140/?]  eta: ?  loss: 0.9070 (1.1435)  accuracy: 0.6237 (0.5537)  balanced_accuracy: 0.5952 (0.5486)  f1_weighted: 0.6572 (0.5709)  time: 1.1804  data: 1.0646  max mem: 5415
Test:  [   150/?]  eta: ?  loss: 1.3788 (1.1752)  accuracy: 0.4902 (0.5493)  balanced_accuracy: 0.5297 (0.5451)  f1_weighted: 0.5261 (0.5667)  time: 1.1967  data: 1.0810  max mem: 5415
Test:  [   160/?]  eta: ?  loss: 1.1699 (1.1605)  accuracy: 0.5143 (0.5503)  balanced_accuracy: 0.5297 (0.5439)  f1_weighted: 0.5166 (0.5668)  time: 1.2147  data: 1.0984  max mem: 5415
Test:  [   170/?]  eta: ?  loss: 0.9801 (1.1619)  accuracy: 0.5482 (0.5488)  balanced_accuracy: 0.5435 (0.5436)  f1_weighted: 0.5414 (0.5660)  time: 1.1974  data: 1.0814  max mem: 5415
Test:  [   180/?]  eta: ?  loss: 1.0915 (1.1568)  accuracy: 0.5443 (0.5499)  balanced_accuracy: 0.5505 (0.5452)  f1_weighted: 0.5584 (0.5672)  time: 1.1897  data: 1.0734  max mem: 5415
Test:  [   190/?]  eta: ?  loss: 1.0661 (1.1492)  accuracy: 0.5469 (0.5519)  balanced_accuracy: 0.5758 (0.5478)  f1_weighted: 0.5540 (0.5683)  time: 1.1986  data: 1.0820  max mem: 5415
Test:  [   200/?]  eta: ?  loss: 0.9016 (1.1423)  accuracy: 0.5632 (0.5530)  balanced_accuracy: 0.5988 (0.5501)  f1_weighted: 0.5605 (0.5691)  time: 1.2133  data: 1.0892  max mem: 5415
Test:  [   210/?]  eta: ?  loss: 0.9016 (1.1366)  accuracy: 0.5768 (0.5534)  balanced_accuracy: 0.5933 (0.5501)  f1_weighted: 0.5798 (0.5694)  time: 1.2291  data: 1.1056  max mem: 5415
Test:  [   220/?]  eta: ?  loss: 1.1121 (1.1450)  accuracy: 0.5176 (0.5496)  balanced_accuracy: 0.5061 (0.5468)  f1_weighted: 0.5418 (0.5658)  time: 1.2250  data: 1.1106  max mem: 5415
Test:  [   230/?]  eta: ?  loss: 1.0298 (1.1374)  accuracy: 0.5247 (0.5520)  balanced_accuracy: 0.5567 (0.5499)  f1_weighted: 0.5469 (0.5681)  time: 1.2341  data: 1.1199  max mem: 5415
Test:  [   240/?]  eta: ?  loss: 1.0033 (1.1473)  accuracy: 0.5820 (0.5501)  balanced_accuracy: 0.5919 (0.5486)  f1_weighted: 0.5954 (0.5677)  time: 1.2460  data: 1.1297  max mem: 5415
Test:  [   250/?]  eta: ?  loss: 1.1331 (1.1432)  accuracy: 0.5443 (0.5507)  balanced_accuracy: 0.5354 (0.5489)  f1_weighted: 0.6054 (0.5697)  time: 1.2693  data: 1.1514  max mem: 5415
Test:  [   260/?]  eta: ?  loss: 1.0042 (1.1402)  accuracy: 0.5664 (0.5510)  balanced_accuracy: 0.5394 (0.5497)  f1_weighted: 0.6076 (0.5706)  time: 1.2869  data: 1.1696  max mem: 5415
Test:  [   270/?]  eta: ?  loss: 0.9379 (1.1319)  accuracy: 0.5977 (0.5550)  balanced_accuracy: 0.6065 (0.5535)  f1_weighted: 0.6224 (0.5748)  time: 1.2827  data: 1.1657  max mem: 5415
Test:  [   280/?]  eta: ?  loss: 1.1273 (1.1437)  accuracy: 0.5339 (0.5518)  balanced_accuracy: 0.5599 (0.5518)  f1_weighted: 0.5782 (0.5719)  time: 1.3004  data: 1.1832  max mem: 5415
Test:  [   290/?]  eta: ?  loss: 1.3631 (1.1486)  accuracy: 0.4674 (0.5499)  balanced_accuracy: 0.4665 (0.5501)  f1_weighted: 0.4955 (0.5695)  time: 1.3191  data: 1.2019  max mem: 5415
Test:  [   300/?]  eta: ?  loss: 1.2385 (1.1539)  accuracy: 0.4759 (0.5471)  balanced_accuracy: 0.4121 (0.5457)  f1_weighted: 0.4787 (0.5666)  time: 1.3441  data: 1.2275  max mem: 5415
Test: Total time: 0:06:41 (1.3129 s / it)
* loss 1.155
  → Epoch   3/50 | Train Loss: 0.6245 | Val Loss: 1.1282 | Train Acc: 70.8275% | Val Acc: 53.9122% | LR: 0.000001
Max accuracy val: 56.39%, max accuracy test: 57.03%
  Test segment-level: 0.5465 | participant (mean prob): 0.6419 | participant (majority vote): 0.6419
Epoch: [3]  [     0/?]  eta: ?  lr: 0.000300  min_lr: 0.000001  loss: 0.6020 (0.6020)  class_acc: 0.7139 (0.7139)  loss_scale: 256.0000 (256.0000)  weight_decay: 0.0500 (0.0500)  grad_norm: 135.5690 (135.5690)  time: 20.1852  data: 19.8135  max mem: 5415
NaN or Inf found in input tensor.
Epoch: [3]  [   500/?]  eta: ?  lr: 0.000301  min_lr: 0.000001  loss: 0.5638 (0.5775)  class_acc: 0.7373 (0.7334)  loss_scale: 256.0000 (257.0220)  weight_decay: 0.0500 (0.0500)  grad_norm: 75.6063 (nan)  time: 3.9484  data: 3.3842  max mem: 5415
Epoch: [3]  [  1000/?]  eta: ?  lr: 0.000301  min_lr: 0.000001  loss: 0.5242 (0.5622)  class_acc: 0.7598 (0.7408)  loss_scale: 256.0000 (256.5115)  weight_decay: 0.0500 (0.0500)  grad_norm: 89.0655 (nan)  time: 2.4330  data: 1.8689  max mem: 5415
Epoch: [3]  [  1500/?]  eta: ?  lr: 0.000302  min_lr: 0.000001  loss: 0.5049 (0.5477)  class_acc: 0.7734 (0.7482)  loss_scale: 256.0000 (256.3411)  weight_decay: 0.0500 (0.0500)  grad_norm: 81.2154 (nan)  time: 1.5686  data: 1.0221  max mem: 5415
Epoch: [3]  [  2000/?]  eta: ?  lr: 0.000302  min_lr: 0.000001  loss: 0.4647 (0.5335)  class_acc: 0.7900 (0.7554)  loss_scale: 256.0000 (256.2559)  weight_decay: 0.0500 (0.0500)  grad_norm: 74.3465 (nan)  time: 1.3390  data: 0.7835  max mem: 5415
NaN or Inf found in input tensor.
Epoch: [3] Total time: 1:38:46 (2.7400 s / it)
Val:  [     0/?]  eta: ?  loss: 0.7574 (0.7574)  accuracy: 0.7142 (0.7142)  balanced_accuracy: 0.7157 (0.7157)  f1_weighted: 0.7170 (0.7170)  time: 3.7889  data: 3.4125  max mem: 5415
Val:  [    10/?]  eta: ?  loss: 1.1049 (1.1768)  accuracy: 0.5417 (0.5713)  balanced_accuracy: 0.5167 (0.5701)  f1_weighted: 0.5410 (0.5839)  time: 2.0052  data: 1.8641  max mem: 5415
Val:  [    20/?]  eta: ?  loss: 1.3117 (1.2779)  accuracy: 0.5072 (0.5383)  balanced_accuracy: 0.5136 (0.5371)  f1_weighted: 0.5157 (0.5521)  time: 1.8499  data: 1.7177  max mem: 5415
Val:  [    30/?]  eta: ?  loss: 1.3177 (1.2716)  accuracy: 0.5436 (0.5502)  balanced_accuracy: 0.5201 (0.5522)  f1_weighted: 0.5495 (0.5632)  time: 1.8632  data: 1.7220  max mem: 5415
Val:  [    40/?]  eta: ?  loss: 1.1076 (1.2372)  accuracy: 0.5658 (0.5578)  balanced_accuracy: 0.5975 (0.5588)  f1_weighted: 0.5749 (0.5688)  time: 1.8393  data: 1.7062  max mem: 5415
Val:  [    50/?]  eta: ?  loss: 1.1499 (1.2413)  accuracy: 0.5430 (0.5529)  balanced_accuracy: 0.5674 (0.5555)  f1_weighted: 0.5551 (0.5648)  time: 1.8100  data: 1.6848  max mem: 5415
Val:  [    60/?]  eta: ?  loss: 1.2862 (1.2539)  accuracy: 0.5299 (0.5498)  balanced_accuracy: 0.4965 (0.5447)  f1_weighted: 0.5523 (0.5679)  time: 1.7330  data: 1.6050  max mem: 5415
Val:  [    70/?]  eta: ?  loss: 1.2866 (1.2396)  accuracy: 0.5339 (0.5528)  balanced_accuracy: 0.4965 (0.5466)  f1_weighted: 0.5791 (0.5762)  time: 1.6778  data: 1.5513  max mem: 5415
Val:  [    80/?]  eta: ?  loss: 1.1713 (1.2486)  accuracy: 0.5501 (0.5532)  balanced_accuracy: 0.5421 (0.5480)  f1_weighted: 0.5801 (0.5753)  time: 1.6656  data: 1.5470  max mem: 5415
Val:  [    90/?]  eta: ?  loss: 1.1842 (1.2474)  accuracy: 0.5371 (0.5504)  balanced_accuracy: 0.5619 (0.5489)  f1_weighted: 0.5489 (0.5722)  time: 1.6502  data: 1.5304  max mem: 5415
Val:  [   100/?]  eta: ?  loss: 1.1479 (1.2429)  accuracy: 0.5443 (0.5526)  balanced_accuracy: 0.5769 (0.5499)  f1_weighted: 0.5568 (0.5736)  time: 1.6814  data: 1.5483  max mem: 5415
Val:  [   110/?]  eta: ?  loss: 1.2560 (1.2776)  accuracy: 0.5443 (0.5477)  balanced_accuracy: 0.5136 (0.5430)  f1_weighted: 0.5764 (0.5696)  time: 1.6951  data: 1.5561  max mem: 5415
Val:  [   120/?]  eta: ?  loss: 1.1595 (1.2794)  accuracy: 0.5443 (0.5499)  balanced_accuracy: 0.4665 (0.5413)  f1_weighted: 0.5764 (0.5710)  time: 1.6853  data: 1.5529  max mem: 5415
Val:  [   130/?]  eta: ?  loss: 1.0882 (1.2744)  accuracy: 0.5260 (0.5468)  balanced_accuracy: 0.4888 (0.5386)  f1_weighted: 0.5959 (0.5695)  time: 1.6858  data: 1.5526  max mem: 5415
Val:  [   140/?]  eta: ?  loss: 1.0882 (1.2719)  accuracy: 0.5260 (0.5465)  balanced_accuracy: 0.5110 (0.5403)  f1_weighted: 0.5545 (0.5690)  time: 1.6852  data: 1.5603  max mem: 5415
Val:  [   150/?]  eta: ?  loss: 1.2707 (1.2802)  accuracy: 0.5202 (0.5436)  balanced_accuracy: 0.5110 (0.5361)  f1_weighted: 0.5652 (0.5678)  time: 1.6796  data: 1.5544  max mem: 5415
Val:  [   160/?]  eta: ?  loss: 1.3162 (1.2939)  accuracy: 0.4883 (0.5385)  balanced_accuracy: 0.4576 (0.5311)  f1_weighted: 0.5214 (0.5617)  time: 1.6633  data: 1.5365  max mem: 5415
Val:  [   170/?]  eta: ?  loss: 1.4721 (1.3085)  accuracy: 0.4922 (0.5378)  balanced_accuracy: 0.4402 (0.5271)  f1_weighted: 0.5253 (0.5619)  time: 1.6691  data: 1.5329  max mem: 5415
Val:  [   180/?]  eta: ?  loss: 1.4768 (1.3102)  accuracy: 0.5065 (0.5352)  balanced_accuracy: 0.4650 (0.5249)  f1_weighted: 0.5560 (0.5591)  time: 1.6924  data: 1.5534  max mem: 5415
Val:  [   190/?]  eta: ?  loss: 1.1060 (1.2930)  accuracy: 0.5560 (0.5401)  balanced_accuracy: 0.5931 (0.5320)  f1_weighted: 0.5560 (0.5634)  time: 1.6872  data: 1.5644  max mem: 5415
Val:  [   200/?]  eta: ?  loss: 0.9843 (1.2919)  accuracy: 0.5456 (0.5397)  balanced_accuracy: 0.6151 (0.5322)  f1_weighted: 0.6104 (0.5637)  time: 1.6822  data: 1.5614  max mem: 5415
Val:  [   210/?]  eta: ?  loss: 1.2231 (1.2868)  accuracy: 0.5306 (0.5400)  balanced_accuracy: 0.5068 (0.5320)  f1_weighted: 0.5776 (0.5651)  time: 1.7218  data: 1.5926  max mem: 5415
Val:  [   220/?]  eta: ?  loss: 0.9963 (1.2846)  accuracy: 0.5553 (0.5409)  balanced_accuracy: 0.5377 (0.5326)  f1_weighted: 0.5776 (0.5651)  time: 1.7390  data: 1.6100  max mem: 5415
Val:  [   230/?]  eta: ?  loss: 1.0097 (1.2733)  accuracy: 0.5599 (0.5432)  balanced_accuracy: 0.5814 (0.5375)  f1_weighted: 0.5644 (0.5671)  time: 1.7313  data: 1.6094  max mem: 5415
Val:  [   240/?]  eta: ?  loss: 1.2157 (1.2807)  accuracy: 0.4753 (0.5380)  balanced_accuracy: 0.5060 (0.5317)  f1_weighted: 0.5192 (0.5629)  time: 1.7414  data: 1.6075  max mem: 5415
Val:  [   250/?]  eta: ?  loss: 1.2501 (1.2746)  accuracy: 0.4701 (0.5387)  balanced_accuracy: 0.4317 (0.5322)  f1_weighted: 0.5040 (0.5640)  time: 1.7528  data: 1.6187  max mem: 5415
Val:  [   260/?]  eta: ?  loss: 1.2968 (1.2893)  accuracy: 0.4785 (0.5352)  balanced_accuracy: 0.4854 (0.5301)  f1_weighted: 0.5040 (0.5606)  time: 1.7721  data: 1.6520  max mem: 5415
Val:  [   270/?]  eta: ?  loss: 1.6412 (1.2973)  accuracy: 0.4505 (0.5347)  balanced_accuracy: 0.4971 (0.5294)  f1_weighted: 0.4603 (0.5600)  time: 1.7785  data: 1.6604  max mem: 5415
Val:  [   280/?]  eta: ?  loss: 1.2316 (1.2978)  accuracy: 0.4421 (0.5311)  balanced_accuracy: 0.4570 (0.5270)  f1_weighted: 0.4844 (0.5583)  time: 1.8075  data: 1.6748  max mem: 5415
Val:  [   290/?]  eta: ?  loss: 1.3394 (1.3056)  accuracy: 0.4596 (0.5281)  balanced_accuracy: 0.4521 (0.5240)  f1_weighted: 0.4862 (0.5549)  time: 1.8121  data: 1.6794  max mem: 5415
Val:  [   300/?]  eta: ?  loss: 1.2410 (1.3021)  accuracy: 0.4772 (0.5303)  balanced_accuracy: 0.4709 (0.5272)  f1_weighted: 0.4903 (0.5575)  time: 1.8076  data: 1.6897  max mem: 5415
Val:  [   310/?]  eta: ?  loss: 0.7941 (1.2887)  accuracy: 0.6276 (0.5336)  balanced_accuracy: 0.6048 (0.5304)  f1_weighted: 0.7323 (0.5623)  time: 1.8475  data: 1.7183  max mem: 5415
Val: Total time: 0:09:03 (1.7470 s / it)
* loss 1.289
Test:  [     0/?]  eta: ?  loss: 1.5047 (1.5047)  accuracy: 0.5553 (0.5553)  balanced_accuracy: 0.5912 (0.5912)  f1_weighted: 0.5447 (0.5447)  time: 2.6788  data: 2.5676  max mem: 5415
Test:  [    10/?]  eta: ?  loss: 1.3308 (1.2937)  accuracy: 0.5553 (0.5511)  balanced_accuracy: 0.5626 (0.5392)  f1_weighted: 0.5447 (0.5645)  time: 1.8693  data: 1.7372  max mem: 5415
Test:  [    20/?]  eta: ?  loss: 1.4229 (1.4421)  accuracy: 0.4883 (0.5233)  balanced_accuracy: 0.4706 (0.5082)  f1_weighted: 0.5075 (0.5336)  time: 1.7871  data: 1.6496  max mem: 5415
Test:  [    30/?]  eta: ?  loss: 1.4229 (1.4232)  accuracy: 0.5117 (0.5333)  balanced_accuracy: 0.5313 (0.5181)  f1_weighted: 0.5074 (0.5452)  time: 1.6915  data: 1.5626  max mem: 5415
Test:  [    40/?]  eta: ?  loss: 1.4300 (1.4882)  accuracy: 0.5117 (0.5326)  balanced_accuracy: 0.5515 (0.5258)  f1_weighted: 0.5303 (0.5442)  time: 1.5189  data: 1.3952  max mem: 5415
Test:  [    50/?]  eta: ?  loss: 1.4300 (1.4349)  accuracy: 0.5430 (0.5398)  balanced_accuracy: 0.5530 (0.5346)  f1_weighted: 0.5468 (0.5503)  time: 1.4245  data: 1.2997  max mem: 5415
Test:  [    60/?]  eta: ?  loss: 1.0990 (1.4267)  accuracy: 0.5430 (0.5345)  balanced_accuracy: 0.5505 (0.5341)  f1_weighted: 0.5468 (0.5488)  time: 1.3449  data: 1.2269  max mem: 5415
Test:  [    70/?]  eta: ?  loss: 0.9991 (1.3459)  accuracy: 0.6185 (0.5582)  balanced_accuracy: 0.5739 (0.5568)  f1_weighted: 0.6074 (0.5715)  time: 1.2396  data: 1.1232  max mem: 5415
Test:  [    80/?]  eta: ?  loss: 1.0342 (1.3660)  accuracy: 0.6419 (0.5510)  balanced_accuracy: 0.5891 (0.5464)  f1_weighted: 0.6444 (0.5622)  time: 1.2191  data: 1.0924  max mem: 5415
Test:  [    90/?]  eta: ?  loss: 1.3722 (1.3617)  accuracy: 0.5130 (0.5512)  balanced_accuracy: 0.4656 (0.5419)  f1_weighted: 0.5225 (0.5640)  time: 1.2166  data: 1.0902  max mem: 5415
Test:  [   100/?]  eta: ?  loss: 1.2216 (1.3466)  accuracy: 0.4831 (0.5446)  balanced_accuracy: 0.4128 (0.5315)  f1_weighted: 0.5155 (0.5574)  time: 1.1900  data: 1.0732  max mem: 5415
Test:  [   110/?]  eta: ?  loss: 1.2216 (1.3379)  accuracy: 0.4941 (0.5500)  balanced_accuracy: 0.4979 (0.5382)  f1_weighted: 0.5266 (0.5641)  time: 1.1858  data: 1.0682  max mem: 5415
Test:  [   120/?]  eta: ?  loss: 1.0850 (1.3426)  accuracy: 0.5586 (0.5480)  balanced_accuracy: 0.5616 (0.5391)  f1_weighted: 0.5552 (0.5619)  time: 1.1975  data: 1.0703  max mem: 5415
Test:  [   130/?]  eta: ?  loss: 0.9403 (1.3217)  accuracy: 0.5970 (0.5506)  balanced_accuracy: 0.6083 (0.5440)  f1_weighted: 0.6322 (0.5651)  time: 1.1989  data: 1.0721  max mem: 5415
Test:  [   140/?]  eta: ?  loss: 0.9228 (1.3310)  accuracy: 0.6237 (0.5523)  balanced_accuracy: 0.6305 (0.5479)  f1_weighted: 0.6562 (0.5682)  time: 1.1928  data: 1.0758  max mem: 5415
Test:  [   150/?]  eta: ?  loss: 1.5995 (1.3641)  accuracy: 0.4837 (0.5478)  balanced_accuracy: 0.5286 (0.5451)  f1_weighted: 0.5282 (0.5642)  time: 1.2075  data: 1.0808  max mem: 5415
Test:  [   160/?]  eta: ?  loss: 1.3186 (1.3488)  accuracy: 0.4837 (0.5473)  balanced_accuracy: 0.4947 (0.5431)  f1_weighted: 0.5282 (0.5624)  time: 1.1986  data: 1.0727  max mem: 5415
Test:  [   170/?]  eta: ?  loss: 1.1433 (1.3502)  accuracy: 0.5228 (0.5454)  balanced_accuracy: 0.4947 (0.5421)  f1_weighted: 0.5548 (0.5612)  time: 1.1781  data: 1.0620  max mem: 5415
Test:  [   180/?]  eta: ?  loss: 1.2272 (1.3502)  accuracy: 0.5182 (0.5453)  balanced_accuracy: 0.4851 (0.5419)  f1_weighted: 0.5577 (0.5610)  time: 1.1991  data: 1.0666  max mem: 5415
Test:  [   190/?]  eta: ?  loss: 1.2576 (1.3419)  accuracy: 0.5182 (0.5466)  balanced_accuracy: 0.5448 (0.5436)  f1_weighted: 0.5238 (0.5614)  time: 1.2028  data: 1.0628  max mem: 5415
Test:  [   200/?]  eta: ?  loss: 1.1075 (1.3308)  accuracy: 0.5794 (0.5477)  balanced_accuracy: 0.5708 (0.5457)  f1_weighted: 0.5698 (0.5623)  time: 1.2005  data: 1.0709  max mem: 5415
Test:  [   210/?]  eta: ?  loss: 1.1075 (1.3228)  accuracy: 0.5397 (0.5477)  balanced_accuracy: 0.5429 (0.5449)  f1_weighted: 0.5376 (0.5620)  time: 1.2189  data: 1.0947  max mem: 5415
Test:  [   220/?]  eta: ?  loss: 1.1192 (1.3261)  accuracy: 0.5234 (0.5454)  balanced_accuracy: 0.4939 (0.5419)  f1_weighted: 0.5376 (0.5598)  time: 1.2263  data: 1.1004  max mem: 5415
Test:  [   230/?]  eta: ?  loss: 1.0789 (1.3141)  accuracy: 0.5371 (0.5480)  balanced_accuracy: 0.5429 (0.5451)  f1_weighted: 0.5958 (0.5624)  time: 1.2485  data: 1.1173  max mem: 5415
Test:  [   240/?]  eta: ?  loss: 1.2535 (1.3278)  accuracy: 0.5638 (0.5453)  balanced_accuracy: 0.5859 (0.5429)  f1_weighted: 0.5958 (0.5615)  time: 1.2437  data: 1.1202  max mem: 5415
Test:  [   250/?]  eta: ?  loss: 1.3692 (1.3204)  accuracy: 0.5638 (0.5472)  balanced_accuracy: 0.5365 (0.5438)  f1_weighted: 0.6262 (0.5651)  time: 1.2636  data: 1.1400  max mem: 5415
Test:  [   260/?]  eta: ?  loss: 1.2134 (1.3204)  accuracy: 0.5488 (0.5457)  balanced_accuracy: 0.5365 (0.5431)  f1_weighted: 0.5912 (0.5644)  time: 1.2928  data: 1.1684  max mem: 5415
Test:  [   270/?]  eta: ?  loss: 1.0943 (1.3077)  accuracy: 0.5612 (0.5496)  balanced_accuracy: 0.5736 (0.5470)  f1_weighted: 0.5894 (0.5685)  time: 1.2987  data: 1.1663  max mem: 5415
Test:  [   280/?]  eta: ?  loss: 1.1768 (1.3180)  accuracy: 0.5521 (0.5475)  balanced_accuracy: 0.5736 (0.5456)  f1_weighted: 0.5881 (0.5670)  time: 1.3139  data: 1.1799  max mem: 5415
Test:  [   290/?]  eta: ?  loss: 1.6439 (1.3268)  accuracy: 0.4701 (0.5446)  balanced_accuracy: 0.4303 (0.5429)  f1_weighted: 0.4954 (0.5637)  time: 1.3124  data: 1.1921  max mem: 5415
Test:  [   300/?]  eta: ?  loss: 1.4174 (1.3320)  accuracy: 0.5085 (0.5423)  balanced_accuracy: 0.4557 (0.5390)  f1_weighted: 0.5090 (0.5614)  time: 1.3400  data: 1.2092  max mem: 5415
Test: Total time: 0:06:39 (1.3060 s / it)
* loss 1.334
  → Epoch   4/50 | Train Loss: 0.5293 | Val Loss: 1.2887 | Train Acc: 75.7447% | Val Acc: 53.3631% | LR: 0.000001
Max accuracy val: 56.39%, max accuracy test: 57.03%
  Test segment-level: 0.5415 | participant (mean prob): 0.6462 | participant (majority vote): 0.6356
Epoch: [4]  [     0/?]  eta: ?  lr: 0.000400  min_lr: 0.000001  loss: 0.4948 (0.4948)  class_acc: 0.7725 (0.7725)  loss_scale: 256.0000 (256.0000)  weight_decay: 0.0500 (0.0500)  grad_norm: 94.3562 (94.3562)  time: 20.3668  data: 20.0693  max mem: 5415
Epoch: [4]  [   500/?]  eta: ?  lr: 0.000401  min_lr: 0.000001  loss: 0.4823 (0.4771)  class_acc: 0.7783 (0.7838)  loss_scale: 256.0000 (256.0000)  weight_decay: 0.0500 (0.0500)  grad_norm: 83.3901 (88.0195)  time: 3.9140  data: 3.3550  max mem: 5415
Epoch: [4]  [  1000/?]  eta: ?  lr: 0.000401  min_lr: 0.000001  loss: 0.4268 (0.4639)  class_acc: 0.8105 (0.7904)  loss_scale: 256.0000 (256.0000)  weight_decay: 0.0500 (0.0500)  grad_norm: 69.6109 (84.5585)  time: 2.4068  data: 1.8390  max mem: 5415
Epoch: [4]  [  1500/?]  eta: ?  lr: 0.000402  min_lr: 0.000001  loss: 0.4125 (0.4512)  class_acc: 0.8174 (0.7965)  loss_scale: 256.0000 (256.0000)  weight_decay: 0.0500 (0.0500)  grad_norm: 76.1575 (82.6839)  time: 1.5966  data: 1.0353  max mem: 5415
Epoch: [4]  [  2000/?]  eta: ?  lr: 0.000402  min_lr: 0.000001  loss: 0.3823 (0.4386)  class_acc: 0.8281 (0.8025)  loss_scale: 512.0000 (260.0940)  weight_decay: 0.0500 (0.0500)  grad_norm: 70.7172 (81.5332)  time: 1.3268  data: 0.7828  max mem: 5415
NaN or Inf found in input tensor.
Epoch: [4] Total time: 1:39:21 (2.7559 s / it)
Val:  [     0/?]  eta: ?  loss: 1.0739 (1.0739)  accuracy: 0.6621 (0.6621)  balanced_accuracy: 0.7078 (0.7078)  f1_weighted: 0.6531 (0.6531)  time: 3.9054  data: 3.3974  max mem: 5415
Val:  [    10/?]  eta: ?  loss: 1.2731 (1.4793)  accuracy: 0.5579 (0.5828)  balanced_accuracy: 0.5780 (0.6008)  f1_weighted: 0.5792 (0.5850)  time: 1.9997  data: 1.8461  max mem: 5415
Val:  [    20/?]  eta: ?  loss: 1.6419 (1.6049)  accuracy: 0.5182 (0.5458)  balanced_accuracy: 0.5536 (0.5706)  f1_weighted: 0.5112 (0.5478)  time: 1.8264  data: 1.7045  max mem: 5415
Val:  [    30/?]  eta: ?  loss: 1.7267 (1.6449)  accuracy: 0.5039 (0.5467)  balanced_accuracy: 0.5618 (0.5813)  f1_weighted: 0.4990 (0.5473)  time: 1.8412  data: 1.7146  max mem: 5415
Val:  [    40/?]  eta: ?  loss: 1.7534 (1.6975)  accuracy: 0.4857 (0.5325)  balanced_accuracy: 0.6036 (0.5776)  f1_weighted: 0.4924 (0.5304)  time: 1.8299  data: 1.6954  max mem: 5415
Val:  [    50/?]  eta: ?  loss: 1.6728 (1.6825)  accuracy: 0.4857 (0.5268)  balanced_accuracy: 0.5500 (0.5707)  f1_weighted: 0.4917 (0.5291)  time: 1.7985  data: 1.6631  max mem: 5415
Val:  [    60/?]  eta: ?  loss: 1.4799 (1.6324)  accuracy: 0.5638 (0.5418)  balanced_accuracy: 0.5569 (0.5660)  f1_weighted: 0.5645 (0.5465)  time: 1.7298  data: 1.5982  max mem: 5415
Val:  [    70/?]  eta: ?  loss: 1.3448 (1.6074)  accuracy: 0.6113 (0.5443)  balanced_accuracy: 0.5626 (0.5668)  f1_weighted: 0.6320 (0.5547)  time: 1.6667  data: 1.5407  max mem: 5415
Val:  [    80/?]  eta: ?  loss: 1.4938 (1.6213)  accuracy: 0.5859 (0.5443)  balanced_accuracy: 0.5391 (0.5612)  f1_weighted: 0.5753 (0.5536)  time: 1.6744  data: 1.5392  max mem: 5415
Val:  [    90/?]  eta: ?  loss: 1.3648 (1.5763)  accuracy: 0.5872 (0.5520)  balanced_accuracy: 0.5425 (0.5635)  f1_weighted: 0.5766 (0.5606)  time: 1.6834  data: 1.5467  max mem: 5415
Val:  [   100/?]  eta: ?  loss: 1.2781 (1.5730)  accuracy: 0.5807 (0.5500)  balanced_accuracy: 0.5566 (0.5606)  f1_weighted: 0.5710 (0.5577)  time: 1.6830  data: 1.5618  max mem: 5415
Val:  [   110/?]  eta: ?  loss: 1.7274 (1.6005)  accuracy: 0.4759 (0.5454)  balanced_accuracy: 0.5240 (0.5568)  f1_weighted: 0.5070 (0.5552)  time: 1.6878  data: 1.5684  max mem: 5415
Val:  [   120/?]  eta: ?  loss: 1.5982 (1.6028)  accuracy: 0.4896 (0.5433)  balanced_accuracy: 0.4795 (0.5531)  f1_weighted: 0.5070 (0.5542)  time: 1.6927  data: 1.5587  max mem: 5415
Val:  [   130/?]  eta: ?  loss: 1.5666 (1.6144)  accuracy: 0.4896 (0.5376)  balanced_accuracy: 0.4674 (0.5503)  f1_weighted: 0.4936 (0.5505)  time: 1.6938  data: 1.5595  max mem: 5415
Val:  [   140/?]  eta: ?  loss: 1.5822 (1.6337)  accuracy: 0.4557 (0.5342)  balanced_accuracy: 0.4837 (0.5474)  f1_weighted: 0.4936 (0.5474)  time: 1.7017  data: 1.5792  max mem: 5415
Val:  [   150/?]  eta: ?  loss: 1.7403 (1.6457)  accuracy: 0.4512 (0.5309)  balanced_accuracy: 0.4748 (0.5419)  f1_weighted: 0.4796 (0.5457)  time: 1.7365  data: 1.6053  max mem: 5415
Val:  [   160/?]  eta: ?  loss: 1.7698 (1.6641)  accuracy: 0.4368 (0.5276)  balanced_accuracy: 0.4527 (0.5384)  f1_weighted: 0.4406 (0.5414)  time: 1.7600  data: 1.6328  max mem: 5415
Val:  [   170/?]  eta: ?  loss: 1.6585 (1.6634)  accuracy: 0.5286 (0.5307)  balanced_accuracy: 0.5107 (0.5385)  f1_weighted: 0.5415 (0.5445)  time: 1.7802  data: 1.6603  max mem: 5415
Val:  [   180/?]  eta: ?  loss: 1.6585 (1.6797)  accuracy: 0.5286 (0.5260)  balanced_accuracy: 0.5343 (0.5368)  f1_weighted: 0.5415 (0.5397)  time: 1.7925  data: 1.6715  max mem: 5415
Val:  [   190/?]  eta: ?  loss: 1.7777 (1.6818)  accuracy: 0.4740 (0.5270)  balanced_accuracy: 0.5746 (0.5405)  f1_weighted: 0.4898 (0.5393)  time: 1.7822  data: 1.6446  max mem: 5415
Val:  [   200/?]  eta: ?  loss: 1.5791 (1.6761)  accuracy: 0.5072 (0.5276)  balanced_accuracy: 0.5980 (0.5398)  f1_weighted: 0.5697 (0.5411)  time: 1.8211  data: 1.6849  max mem: 5415
Val:  [   210/?]  eta: ?  loss: 1.5791 (1.6775)  accuracy: 0.4915 (0.5263)  balanced_accuracy: 0.4820 (0.5378)  f1_weighted: 0.5697 (0.5409)  time: 1.8650  data: 1.7455  max mem: 5415
Val:  [   220/?]  eta: ?  loss: 1.3391 (1.6589)  accuracy: 0.5449 (0.5306)  balanced_accuracy: 0.5353 (0.5411)  f1_weighted: 0.6065 (0.5448)  time: 1.8457  data: 1.7241  max mem: 5415
Val:  [   230/?]  eta: ?  loss: 1.4134 (1.6641)  accuracy: 0.5534 (0.5300)  balanced_accuracy: 0.6394 (0.5461)  f1_weighted: 0.5515 (0.5439)  time: 1.8236  data: 1.6941  max mem: 5415
Val:  [   240/?]  eta: ?  loss: 1.8836 (1.6699)  accuracy: 0.4655 (0.5261)  balanced_accuracy: 0.5474 (0.5404)  f1_weighted: 0.5170 (0.5409)  time: 1.8073  data: 1.6789  max mem: 5415
Val:  [   250/?]  eta: ?  loss: 1.5660 (1.6650)  accuracy: 0.4655 (0.5255)  balanced_accuracy: 0.4462 (0.5408)  f1_weighted: 0.4947 (0.5408)  time: 1.8663  data: 1.7476  max mem: 5415
Val:  [   260/?]  eta: ?  loss: 1.5112 (1.6769)  accuracy: 0.4701 (0.5224)  balanced_accuracy: 0.4939 (0.5379)  f1_weighted: 0.4847 (0.5380)  time: 1.9101  data: 1.7827  max mem: 5415
Val:  [   270/?]  eta: ?  loss: 1.7600 (1.6748)  accuracy: 0.4792 (0.5235)  balanced_accuracy: 0.4791 (0.5381)  f1_weighted: 0.4986 (0.5392)  time: 1.8462  data: 1.7193  max mem: 5415
Val:  [   280/?]  eta: ?  loss: 1.6040 (1.6686)  accuracy: 0.5020 (0.5205)  balanced_accuracy: 0.4942 (0.5355)  f1_weighted: 0.5453 (0.5379)  time: 1.8051  data: 1.6881  max mem: 5415
Val:  [   290/?]  eta: ?  loss: 1.6040 (1.6728)  accuracy: 0.4395 (0.5181)  balanced_accuracy: 0.4283 (0.5328)  f1_weighted: 0.4557 (0.5351)  time: 1.7882  data: 1.6714  max mem: 5415
Val:  [   300/?]  eta: ?  loss: 1.4264 (1.6662)  accuracy: 0.4779 (0.5194)  balanced_accuracy: 0.4891 (0.5345)  f1_weighted: 0.4657 (0.5372)  time: 1.7997  data: 1.6732  max mem: 5415
Val:  [   310/?]  eta: ?  loss: 1.0645 (1.6444)  accuracy: 0.6283 (0.5236)  balanced_accuracy: 0.5667 (0.5367)  f1_weighted: 0.6917 (0.5429)  time: 1.8518  data: 1.7202  max mem: 5415
Val: Total time: 0:09:16 (1.7886 s / it)
* loss 1.644
Test:  [     0/?]  eta: ?  loss: 2.2456 (2.2456)  accuracy: 0.5039 (0.5039)  balanced_accuracy: 0.5674 (0.5674)  f1_weighted: 0.4839 (0.4839)  time: 2.7068  data: 2.5884  max mem: 5415
Test:  [    10/?]  eta: ?  loss: 1.7548 (1.7543)  accuracy: 0.5326 (0.5298)  balanced_accuracy: 0.5674 (0.5424)  f1_weighted: 0.5469 (0.5306)  time: 1.8819  data: 1.7643  max mem: 5415
Test:  [    20/?]  eta: ?  loss: 1.7548 (1.8384)  accuracy: 0.5078 (0.5019)  balanced_accuracy: 0.5170 (0.5163)  f1_weighted: 0.5197 (0.5072)  time: 1.7961  data: 1.6786  max mem: 5415
Test:  [    30/?]  eta: ?  loss: 1.6295 (1.7951)  accuracy: 0.5143 (0.5156)  balanced_accuracy: 0.5298 (0.5260)  f1_weighted: 0.5181 (0.5220)  time: 1.7292  data: 1.6039  max mem: 5415
Test:  [    40/?]  eta: ?  loss: 1.6958 (1.7934)  accuracy: 0.5495 (0.5194)  balanced_accuracy: 0.5609 (0.5353)  f1_weighted: 0.5557 (0.5275)  time: 1.5483  data: 1.4240  max mem: 5415
Test:  [    50/?]  eta: ?  loss: 1.6298 (1.7571)  accuracy: 0.5684 (0.5282)  balanced_accuracy: 0.5913 (0.5421)  f1_weighted: 0.5802 (0.5332)  time: 1.4031  data: 1.2869  max mem: 5415
Test:  [    60/?]  eta: ?  loss: 1.4764 (1.7426)  accuracy: 0.5423 (0.5231)  balanced_accuracy: 0.5416 (0.5402)  f1_weighted: 0.5407 (0.5325)  time: 1.3407  data: 1.2159  max mem: 5415
Test:  [    70/?]  eta: ?  loss: 1.3421 (1.6751)  accuracy: 0.5618 (0.5411)  balanced_accuracy: 0.5637 (0.5534)  f1_weighted: 0.5657 (0.5474)  time: 1.2503  data: 1.1259  max mem: 5415
Test:  [    80/?]  eta: ?  loss: 1.3942 (1.7220)  accuracy: 0.5618 (0.5295)  balanced_accuracy: 0.5513 (0.5367)  f1_weighted: 0.5657 (0.5353)  time: 1.2008  data: 1.0843  max mem: 5415
Test:  [    90/?]  eta: ?  loss: 1.9681 (1.7276)  accuracy: 0.4811 (0.5276)  balanced_accuracy: 0.4429 (0.5358)  f1_weighted: 0.4629 (0.5350)  time: 1.2025  data: 1.0859  max mem: 5415
Test:  [   100/?]  eta: ?  loss: 1.2493 (1.6895)  accuracy: 0.4811 (0.5242)  balanced_accuracy: 0.4412 (0.5290)  f1_weighted: 0.4712 (0.5317)  time: 1.2251  data: 1.0998  max mem: 5415
Test:  [   110/?]  eta: ?  loss: 1.2634 (1.6625)  accuracy: 0.4915 (0.5320)  balanced_accuracy: 0.4821 (0.5347)  f1_weighted: 0.5062 (0.5399)  time: 1.2612  data: 1.1350  max mem: 5415
Test:  [   120/?]  eta: ?  loss: 1.5675 (1.6638)  accuracy: 0.5924 (0.5347)  balanced_accuracy: 0.5817 (0.5368)  f1_weighted: 0.5731 (0.5409)  time: 1.2374  data: 1.1206  max mem: 5415
Test:  [   130/?]  eta: ?  loss: 1.4738 (1.6610)  accuracy: 0.5586 (0.5322)  balanced_accuracy: 0.5817 (0.5386)  f1_weighted: 0.5615 (0.5397)  time: 1.2157  data: 1.0955  max mem: 5415
Test:  [   140/?]  eta: ?  loss: 1.3624 (1.6496)  accuracy: 0.5586 (0.5353)  balanced_accuracy: 0.6302 (0.5426)  f1_weighted: 0.6063 (0.5455)  time: 1.2154  data: 1.0876  max mem: 5415
Test:  [   150/?]  eta: ?  loss: 1.4984 (1.6713)  accuracy: 0.5332 (0.5326)  balanced_accuracy: 0.5444 (0.5387)  f1_weighted: 0.5629 (0.5432)  time: 1.1967  data: 1.0732  max mem: 5415
Test:  [   160/?]  eta: ?  loss: 1.5274 (1.6527)  accuracy: 0.5111 (0.5314)  balanced_accuracy: 0.4795 (0.5374)  f1_weighted: 0.5244 (0.5412)  time: 1.1999  data: 1.0747  max mem: 5415
Test:  [   170/?]  eta: ?  loss: 1.6495 (1.6714)  accuracy: 0.4648 (0.5255)  balanced_accuracy: 0.4909 (0.5344)  f1_weighted: 0.4879 (0.5354)  time: 1.2028  data: 1.0704  max mem: 5415
Test:  [   180/?]  eta: ?  loss: 1.4836 (1.6522)  accuracy: 0.5169 (0.5284)  balanced_accuracy: 0.5405 (0.5360)  f1_weighted: 0.5025 (0.5383)  time: 1.1930  data: 1.0634  max mem: 5415
Test:  [   190/?]  eta: ?  loss: 1.3686 (1.6458)  accuracy: 0.5651 (0.5296)  balanced_accuracy: 0.5748 (0.5397)  f1_weighted: 0.5625 (0.5384)  time: 1.1916  data: 1.0567  max mem: 5415
Test:  [   200/?]  eta: ?  loss: 1.3426 (1.6325)  accuracy: 0.5736 (0.5319)  balanced_accuracy: 0.6003 (0.5433)  f1_weighted: 0.5619 (0.5406)  time: 1.1980  data: 1.0701  max mem: 5415
Test:  [   210/?]  eta: ?  loss: 1.2076 (1.6149)  accuracy: 0.5736 (0.5327)  balanced_accuracy: 0.5909 (0.5442)  f1_weighted: 0.5632 (0.5410)  time: 1.2286  data: 1.1059  max mem: 5415
Test:  [   220/?]  eta: ?  loss: 1.1881 (1.6159)  accuracy: 0.5378 (0.5310)  balanced_accuracy: 0.5095 (0.5408)  f1_weighted: 0.5542 (0.5398)  time: 1.2464  data: 1.1234  max mem: 5415
Test:  [   230/?]  eta: ?  loss: 1.2692 (1.6006)  accuracy: 0.5378 (0.5335)  balanced_accuracy: 0.5176 (0.5431)  f1_weighted: 0.5579 (0.5423)  time: 1.2435  data: 1.1271  max mem: 5415
Test:  [   240/?]  eta: ?  loss: 1.4765 (1.6152)  accuracy: 0.5365 (0.5312)  balanced_accuracy: 0.5543 (0.5399)  f1_weighted: 0.5638 (0.5421)  time: 1.2403  data: 1.1231  max mem: 5415
Test:  [   250/?]  eta: ?  loss: 1.5638 (1.6112)  accuracy: 0.5449 (0.5322)  balanced_accuracy: 0.5543 (0.5406)  f1_weighted: 0.5745 (0.5447)  time: 1.2452  data: 1.1219  max mem: 5415
Test:  [   260/?]  eta: ?  loss: 1.5720 (1.6164)  accuracy: 0.5436 (0.5310)  balanced_accuracy: 0.5588 (0.5401)  f1_weighted: 0.5752 (0.5445)  time: 1.2626  data: 1.1393  max mem: 5415
Test:  [   270/?]  eta: ?  loss: 1.2760 (1.5898)  accuracy: 0.5553 (0.5363)  balanced_accuracy: 0.5865 (0.5456)  f1_weighted: 0.5993 (0.5504)  time: 1.2699  data: 1.1527  max mem: 5415
Test:  [   280/?]  eta: ?  loss: 1.2760 (1.6144)  accuracy: 0.5228 (0.5318)  balanced_accuracy: 0.5638 (0.5417)  f1_weighted: 0.5702 (0.5465)  time: 1.2811  data: 1.1640  max mem: 5415
Test:  [   290/?]  eta: ?  loss: 2.1850 (1.6231)  accuracy: 0.4258 (0.5292)  balanced_accuracy: 0.4195 (0.5387)  f1_weighted: 0.4737 (0.5440)  time: 1.3088  data: 1.1840  max mem: 5415
Test:  [   300/?]  eta: ?  loss: 1.6838 (1.6301)  accuracy: 0.4785 (0.5264)  balanced_accuracy: 0.4887 (0.5351)  f1_weighted: 0.4939 (0.5417)  time: 1.3421  data: 1.2098  max mem: 5415
Test: Total time: 0:06:41 (1.3105 s / it)
* loss 1.627

============================================================
Counting samples by task type...
============================================================

============================================================
Evaluating on active tasks (69,183 samples)...
============================================================
Active Test:  [     0/?]  eta: ?  loss: 1.9880 (1.9880)  accuracy: 0.4844 (0.4844)  balanced_accuracy: 0.5574 (0.5574)  f1_weighted: 0.4687 (0.4687)  time: 3.1365  data: 3.0350  max mem: 5415
Active Test:  [    10/?]  eta: ?  loss: 1.5577 (1.5425)  accuracy: 0.5781 (0.5682)  balanced_accuracy: 0.6245 (0.6122)  f1_weighted: 0.5426 (0.5639)  time: 0.3426  data: 0.2761  max mem: 5415
Active Test:  [    20/?]  eta: ?  loss: 1.3338 (1.3445)  accuracy: 0.5781 (0.5990)  balanced_accuracy: 0.6303 (0.6369)  f1_weighted: 0.6586 (0.6148)  time: 0.0643  data: 0.0003  max mem: 5415
Active Test:  [    30/?]  eta: ?  loss: 1.0711 (1.2175)  accuracy: 0.6406 (0.6169)  balanced_accuracy: 0.6585 (0.6522)  f1_weighted: 0.6742 (0.6300)  time: 0.0666  data: 0.0003  max mem: 5415
Active Test:  [    40/?]  eta: ?  loss: 0.7998 (1.1444)  accuracy: 0.6406 (0.6246)  balanced_accuracy: 0.6585 (0.6570)  f1_weighted: 0.6564 (0.6356)  time: 0.0675  data: 0.0003  max mem: 5415
Active Test:  [    50/?]  eta: ?  loss: 0.7394 (1.0667)  accuracy: 0.7031 (0.6385)  balanced_accuracy: 0.6538 (0.6633)  f1_weighted: 0.6997 (0.6520)  time: 0.0659  data: 0.0003  max mem: 5415
Active Test:  [    60/?]  eta: ?  loss: 0.7144 (1.0195)  accuracy: 0.7188 (0.6522)  balanced_accuracy: 0.7257 (0.6763)  f1_weighted: 0.7515 (0.6677)  time: 0.0644  data: 0.0003  max mem: 5415
Active Test:  [    70/?]  eta: ?  loss: 0.8710 (1.0250)  accuracy: 0.6719 (0.6474)  balanced_accuracy: 0.7081 (0.6700)  f1_weighted: 0.7003 (0.6660)  time: 0.0626  data: 0.0003  max mem: 5415
Active Test:  [    80/?]  eta: ?  loss: 1.2746 (1.0772)  accuracy: 0.5938 (0.6310)  balanced_accuracy: 0.6305 (0.6515)  f1_weighted: 0.6518 (0.6504)  time: 0.0622  data: 0.0003  max mem: 5415
Active Test:  [    90/?]  eta: ?  loss: 1.5094 (1.1302)  accuracy: 0.4688 (0.6137)  balanced_accuracy: 0.4868 (0.6284)  f1_weighted: 0.4646 (0.6305)  time: 0.0638  data: 0.0003  max mem: 5415
Active Test:  [   100/?]  eta: ?  loss: 1.8061 (1.2079)  accuracy: 0.4375 (0.5975)  balanced_accuracy: 0.3867 (0.6047)  f1_weighted: 0.4198 (0.6083)  time: 0.0736  data: 0.0003  max mem: 5415
Active Test:  [   110/?]  eta: ?  loss: 1.9593 (1.3032)  accuracy: 0.4531 (0.5818)  balanced_accuracy: 0.3846 (0.5858)  f1_weighted: 0.3785 (0.5881)  time: 0.0718  data: 0.0003  max mem: 5415
Active Test:  [   120/?]  eta: ?  loss: 2.0107 (1.3798)  accuracy: 0.4844 (0.5721)  balanced_accuracy: 0.3867 (0.5709)  f1_weighted: 0.4040 (0.5769)  time: 0.0601  data: 0.0003  max mem: 5415
Active Test:  [   130/?]  eta: ?  loss: 1.9102 (1.4072)  accuracy: 0.5000 (0.5688)  balanced_accuracy: 0.4615 (0.5670)  f1_weighted: 0.4812 (0.5729)  time: 0.0608  data: 0.0003  max mem: 5415
Active Test:  [   140/?]  eta: ?  loss: 1.7767 (1.4300)  accuracy: 0.5000 (0.5668)  balanced_accuracy: 0.5172 (0.5647)  f1_weighted: 0.4666 (0.5685)  time: 0.0628  data: 0.0003  max mem: 5415
Active Test:  [   150/?]  eta: ?  loss: 1.7453 (1.4404)  accuracy: 0.5312 (0.5662)  balanced_accuracy: 0.6199 (0.5665)  f1_weighted: 0.5066 (0.5661)  time: 0.0624  data: 0.0003  max mem: 5415
Active Test:  [   160/?]  eta: ?  loss: 1.4876 (1.4634)  accuracy: 0.5156 (0.5589)  balanced_accuracy: 0.5867 (0.5623)  f1_weighted: 0.4946 (0.5595)  time: 0.0609  data: 0.0003  max mem: 5415
Active Test:  [   170/?]  eta: ?  loss: 1.4876 (1.4773)  accuracy: 0.4375 (0.5552)  balanced_accuracy: 0.5579 (0.5603)  f1_weighted: 0.4572 (0.5586)  time: 0.0601  data: 0.0003  max mem: 5415
Active Test:  [   180/?]  eta: ?  loss: 1.9480 (1.5116)  accuracy: 0.4219 (0.5466)  balanced_accuracy: 0.4060 (0.5524)  f1_weighted: 0.4465 (0.5524)  time: 0.0604  data: 0.0003  max mem: 5415
Active Test:  [   190/?]  eta: ?  loss: 1.9700 (1.5433)  accuracy: 0.4219 (0.5408)  balanced_accuracy: 0.4497 (0.5489)  f1_weighted: 0.4385 (0.5471)  time: 0.0611  data: 0.0003  max mem: 5415
Active Test:  [   200/?]  eta: ?  loss: 2.0772 (1.5748)  accuracy: 0.4375 (0.5375)  balanced_accuracy: 0.4615 (0.5458)  f1_weighted: 0.4393 (0.5430)  time: 0.0631  data: 0.0003  max mem: 5415
Active Test:  [   210/?]  eta: ?  loss: 2.4338 (1.6194)  accuracy: 0.4375 (0.5346)  balanced_accuracy: 0.4561 (0.5414)  f1_weighted: 0.4345 (0.5384)  time: 0.0630  data: 0.0003  max mem: 5415
Active Test:  [   220/?]  eta: ?  loss: 2.3389 (1.6377)  accuracy: 0.5625 (0.5351)  balanced_accuracy: 0.4790 (0.5404)  f1_weighted: 0.5049 (0.5385)  time: 0.0616  data: 0.0003  max mem: 5415
Active Test:  [   230/?]  eta: ?  loss: 1.7081 (1.6609)  accuracy: 0.5938 (0.5357)  balanced_accuracy: 0.5299 (0.5408)  f1_weighted: 0.5893 (0.5399)  time: 0.0622  data: 0.0003  max mem: 5415
Active Test:  [   240/?]  eta: ?  loss: 1.4021 (1.6597)  accuracy: 0.6094 (0.5378)  balanced_accuracy: 0.6094 (0.5429)  f1_weighted: 0.6192 (0.5417)  time: 0.0619  data: 0.0003  max mem: 5415
Active Test:  [   250/?]  eta: ?  loss: 1.0739 (1.6382)  accuracy: 0.6250 (0.5435)  balanced_accuracy: 0.6344 (0.5470)  f1_weighted: 0.6391 (0.5481)  time: 0.0629  data: 0.0003  max mem: 5415
Active Test:  [   260/?]  eta: ?  loss: 0.8343 (1.6161)  accuracy: 0.6875 (0.5492)  balanced_accuracy: 0.6344 (0.5513)  f1_weighted: 0.6910 (0.5545)  time: 0.0629  data: 0.0003  max mem: 5415
Active Test:  [   270/?]  eta: ?  loss: 0.9065 (1.6173)  accuracy: 0.6406 (0.5511)  balanced_accuracy: 0.5941 (0.5512)  f1_weighted: 0.6505 (0.5573)  time: 0.0630  data: 0.0003  max mem: 5415
Active Test:  [   280/?]  eta: ?  loss: 1.7229 (1.6175)  accuracy: 0.5938 (0.5545)  balanced_accuracy: 0.5810 (0.5510)  f1_weighted: 0.6358 (0.5604)  time: 0.0605  data: 0.0003  max mem: 5415
Active Test:  [   290/?]  eta: ?  loss: 1.4593 (1.6093)  accuracy: 0.7031 (0.5588)  balanced_accuracy: 0.5810 (0.5511)  f1_weighted: 0.6752 (0.5652)  time: 0.0587  data: 0.0003  max mem: 5415
Active Test:  [   300/?]  eta: ?  loss: 1.3629 (1.6107)  accuracy: 0.6719 (0.5596)  balanced_accuracy: 0.5064 (0.5503)  f1_weighted: 0.6737 (0.5663)  time: 0.0686  data: 0.0003  max mem: 5415
Active Test:  [   310/?]  eta: ?  loss: 1.4143 (1.6062)  accuracy: 0.6250 (0.5611)  balanced_accuracy: 0.5128 (0.5527)  f1_weighted: 0.6485 (0.5685)  time: 0.0699  data: 0.0003  max mem: 5415
Active Test:  [   320/?]  eta: ?  loss: 1.5308 (1.6035)  accuracy: 0.5938 (0.5616)  balanced_accuracy: 0.6425 (0.5553)  f1_weighted: 0.6154 (0.5694)  time: 0.0631  data: 0.0003  max mem: 5415
Active Test:  [   330/?]  eta: ?  loss: 2.2828 (1.6293)  accuracy: 0.4844 (0.5580)  balanced_accuracy: 0.5374 (0.5527)  f1_weighted: 0.5527 (0.5662)  time: 0.0703  data: 0.0003  max mem: 5415
Active Test:  [   340/?]  eta: ?  loss: 2.4604 (1.6617)  accuracy: 0.3906 (0.5539)  balanced_accuracy: 0.4018 (0.5500)  f1_weighted: 0.4250 (0.5625)  time: 0.0710  data: 0.0003  max mem: 5415
Active Test:  [   350/?]  eta: ?  loss: 2.4995 (1.6773)  accuracy: 0.4688 (0.5521)  balanced_accuracy: 0.5354 (0.5505)  f1_weighted: 0.4904 (0.5608)  time: 0.0645  data: 0.0003  max mem: 5415
Active Test:  [   360/?]  eta: ?  loss: 1.7577 (1.6797)  accuracy: 0.5469 (0.5527)  balanced_accuracy: 0.5282 (0.5504)  f1_weighted: 0.5388 (0.5615)  time: 0.0601  data: 0.0003  max mem: 5415
Active Test:  [   370/?]  eta: ?  loss: 1.4504 (1.6748)  accuracy: 0.5781 (0.5529)  balanced_accuracy: 0.5154 (0.5500)  f1_weighted: 0.5623 (0.5614)  time: 0.0575  data: 0.0003  max mem: 5415
Active Test:  [   380/?]  eta: ?  loss: 1.2828 (1.6617)  accuracy: 0.5938 (0.5557)  balanced_accuracy: 0.6154 (0.5526)  f1_weighted: 0.6078 (0.5638)  time: 0.0607  data: 0.0003  max mem: 5415
Active Test:  [   390/?]  eta: ?  loss: 1.0485 (1.6499)  accuracy: 0.6719 (0.5574)  balanced_accuracy: 0.6425 (0.5544)  f1_weighted: 0.6700 (0.5663)  time: 0.0631  data: 0.0003  max mem: 5415
Active Test:  [   400/?]  eta: ?  loss: 1.1462 (1.6385)  accuracy: 0.6406 (0.5596)  balanced_accuracy: 0.6414 (0.5566)  f1_weighted: 0.6660 (0.5689)  time: 0.0712  data: 0.0003  max mem: 5415
Active Test:  [   410/?]  eta: ?  loss: 1.1722 (1.6297)  accuracy: 0.6094 (0.5607)  balanced_accuracy: 0.6149 (0.5577)  f1_weighted: 0.5934 (0.5701)  time: 0.0704  data: 0.0003  max mem: 5415
Active Test:  [   420/?]  eta: ?  loss: 1.3645 (1.6310)  accuracy: 0.5469 (0.5599)  balanced_accuracy: 0.5502 (0.5565)  f1_weighted: 0.5659 (0.5694)  time: 0.0628  data: 0.0003  max mem: 5415
Active Test:  [   430/?]  eta: ?  loss: 1.6224 (1.6313)  accuracy: 0.5156 (0.5579)  balanced_accuracy: 0.5108 (0.5549)  f1_weighted: 0.5015 (0.5673)  time: 0.0715  data: 0.0003  max mem: 5415
Active Test:  [   440/?]  eta: ?  loss: 1.8547 (1.6373)  accuracy: 0.4688 (0.5562)  balanced_accuracy: 0.4960 (0.5539)  f1_weighted: 0.4723 (0.5650)  time: 0.0794  data: 0.0003  max mem: 5415
Active Test:  [   450/?]  eta: ?  loss: 1.5035 (1.6275)  accuracy: 0.5156 (0.5570)  balanced_accuracy: 0.5111 (0.5553)  f1_weighted: 0.4964 (0.5656)  time: 0.0792  data: 0.0003  max mem: 5415
Active Test:  [   460/?]  eta: ?  loss: 1.5035 (1.6278)  accuracy: 0.5625 (0.5564)  balanced_accuracy: 0.5864 (0.5556)  f1_weighted: 0.5617 (0.5647)  time: 0.0696  data: 0.0003  max mem: 5415
Active Test:  [   470/?]  eta: ?  loss: 1.6470 (1.6333)  accuracy: 0.5156 (0.5550)  balanced_accuracy: 0.5534 (0.5546)  f1_weighted: 0.5299 (0.5635)  time: 0.0620  data: 0.0003  max mem: 5415
Active Test:  [   480/?]  eta: ?  loss: 2.1638 (1.6430)  accuracy: 0.4688 (0.5536)  balanced_accuracy: 0.5129 (0.5546)  f1_weighted: 0.5397 (0.5626)  time: 0.0643  data: 0.0003  max mem: 5415
Active Test:  [   490/?]  eta: ?  loss: 2.2777 (1.6537)  accuracy: 0.3750 (0.5510)  balanced_accuracy: 0.5106 (0.5528)  f1_weighted: 0.4923 (0.5607)  time: 0.0642  data: 0.0003  max mem: 5415
Active Test:  [   500/?]  eta: ?  loss: 1.9755 (1.6571)  accuracy: 0.4219 (0.5490)  balanced_accuracy: 0.4639 (0.5520)  f1_weighted: 0.4773 (0.5586)  time: 0.0638  data: 0.0003  max mem: 5415
Active Test:  [   510/?]  eta: ?  loss: 1.5545 (1.6578)  accuracy: 0.4531 (0.5477)  balanced_accuracy: 0.5395 (0.5521)  f1_weighted: 0.5232 (0.5573)  time: 0.0629  data: 0.0003  max mem: 5415
Active Test:  [   520/?]  eta: ?  loss: 1.1101 (1.6510)  accuracy: 0.5469 (0.5480)  balanced_accuracy: 0.6406 (0.5533)  f1_weighted: 0.5493 (0.5580)  time: 0.0630  data: 0.0003  max mem: 5415
Active Test:  [   530/?]  eta: ?  loss: 0.9520 (1.6462)  accuracy: 0.5000 (0.5482)  balanced_accuracy: 0.5994 (0.5550)  f1_weighted: 0.5542 (0.5580)  time: 0.0614  data: 0.0003  max mem: 5415
Active Test:  [   540/?]  eta: ?  loss: 1.2951 (1.6419)  accuracy: 0.4844 (0.5481)  balanced_accuracy: 0.5905 (0.5566)  f1_weighted: 0.5542 (0.5585)  time: 0.0609  data: 0.0003  max mem: 5415
Active Test:  [   550/?]  eta: ?  loss: 1.6835 (1.6439)  accuracy: 0.4844 (0.5472)  balanced_accuracy: 0.6275 (0.5571)  f1_weighted: 0.5573 (0.5583)  time: 0.0634  data: 0.0003  max mem: 5415
Active Test:  [   560/?]  eta: ?  loss: 1.6835 (1.6416)  accuracy: 0.4375 (0.5467)  balanced_accuracy: 0.5038 (0.5566)  f1_weighted: 0.5369 (0.5587)  time: 0.0639  data: 0.0003  max mem: 5415
Active Test:  [   570/?]  eta: ?  loss: 1.5600 (1.6435)  accuracy: 0.4062 (0.5459)  balanced_accuracy: 0.4457 (0.5563)  f1_weighted: 0.5369 (0.5584)  time: 0.0645  data: 0.0003  max mem: 5415
Active Test:  [   580/?]  eta: ?  loss: 1.6006 (1.6464)  accuracy: 0.4062 (0.5447)  balanced_accuracy: 0.5128 (0.5566)  f1_weighted: 0.4529 (0.5573)  time: 0.0640  data: 0.0003  max mem: 5415
Active Test:  [   590/?]  eta: ?  loss: 2.1290 (1.6625)  accuracy: 0.3281 (0.5415)  balanced_accuracy: 0.4375 (0.5540)  f1_weighted: 0.3718 (0.5541)  time: 0.0630  data: 0.0003  max mem: 5415
Active Test:  [   600/?]  eta: ?  loss: 2.8419 (1.6785)  accuracy: 0.3281 (0.5387)  balanced_accuracy: 0.3125 (0.5510)  f1_weighted: 0.3667 (0.5514)  time: 0.0615  data: 0.0003  max mem: 5415
Active Test:  [   610/?]  eta: ?  loss: 1.5757 (1.6771)  accuracy: 0.4531 (0.5392)  balanced_accuracy: 0.3958 (0.5507)  f1_weighted: 0.4753 (0.5520)  time: 0.0616  data: 0.0003  max mem: 5415
Active Test:  [   620/?]  eta: ?  loss: 1.3837 (1.6810)  accuracy: 0.5156 (0.5391)  balanced_accuracy: 0.4479 (0.5501)  f1_weighted: 0.5443 (0.5518)  time: 0.0630  data: 0.0003  max mem: 5415
Active Test:  [   630/?]  eta: ?  loss: 1.4453 (1.6767)  accuracy: 0.5000 (0.5394)  balanced_accuracy: 0.4523 (0.5504)  f1_weighted: 0.5000 (0.5516)  time: 0.0623  data: 0.0003  max mem: 5415
Active Test:  [   640/?]  eta: ?  loss: 1.4419 (1.6743)  accuracy: 0.6094 (0.5398)  balanced_accuracy: 0.5729 (0.5506)  f1_weighted: 0.5636 (0.5518)  time: 0.0629  data: 0.0003  max mem: 5415
Active Test:  [   650/?]  eta: ?  loss: 0.7509 (1.6649)  accuracy: 0.6719 (0.5414)  balanced_accuracy: 0.7036 (0.5522)  f1_weighted: 0.6839 (0.5534)  time: 0.0622  data: 0.0003  max mem: 5415
Active Test:  [   660/?]  eta: ?  loss: 0.7076 (1.6599)  accuracy: 0.6875 (0.5421)  balanced_accuracy: 0.7344 (0.5527)  f1_weighted: 0.7204 (0.5543)  time: 0.0622  data: 0.0003  max mem: 5415
Active Test:  [   670/?]  eta: ?  loss: 0.7076 (1.6559)  accuracy: 0.5312 (0.5437)  balanced_accuracy: 0.5708 (0.5540)  f1_weighted: 0.5208 (0.5561)  time: 0.0636  data: 0.0003  max mem: 5415
Active Test:  [   680/?]  eta: ?  loss: 1.1156 (1.6564)  accuracy: 0.4531 (0.5442)  balanced_accuracy: 0.5708 (0.5544)  f1_weighted: 0.4871 (0.5568)  time: 0.0622  data: 0.0003  max mem: 5415
Active Test:  [   690/?]  eta: ?  loss: 1.4482 (1.6548)  accuracy: 0.4844 (0.5435)  balanced_accuracy: 0.5078 (0.5533)  f1_weighted: 0.5264 (0.5562)  time: 0.0615  data: 0.0003  max mem: 5415
Active Test:  [   700/?]  eta: ?  loss: 1.3412 (1.6517)  accuracy: 0.4844 (0.5432)  balanced_accuracy: 0.5046 (0.5527)  f1_weighted: 0.5267 (0.5558)  time: 0.0617  data: 0.0003  max mem: 5415
Active Test:  [   710/?]  eta: ?  loss: 1.3277 (1.6508)  accuracy: 0.5312 (0.5432)  balanced_accuracy: 0.5046 (0.5518)  f1_weighted: 0.5274 (0.5557)  time: 0.0620  data: 0.0003  max mem: 5415
Active Test:  [   720/?]  eta: ?  loss: 1.2892 (1.6495)  accuracy: 0.5625 (0.5430)  balanced_accuracy: 0.4792 (0.5517)  f1_weighted: 0.5276 (0.5555)  time: 0.0630  data: 0.0003  max mem: 5415
Active Test:  [   730/?]  eta: ?  loss: 1.3093 (1.6559)  accuracy: 0.4688 (0.5414)  balanced_accuracy: 0.4792 (0.5504)  f1_weighted: 0.4235 (0.5538)  time: 0.0625  data: 0.0003  max mem: 5415
Active Test:  [   740/?]  eta: ?  loss: 1.5561 (1.6580)  accuracy: 0.4531 (0.5405)  balanced_accuracy: 0.4531 (0.5493)  f1_weighted: 0.5462 (0.5530)  time: 0.0623  data: 0.0003  max mem: 5415
Active Test:  [   750/?]  eta: ?  loss: 1.7543 (1.6615)  accuracy: 0.4531 (0.5391)  balanced_accuracy: 0.4062 (0.5475)  f1_weighted: 0.4777 (0.5512)  time: 0.0628  data: 0.0003  max mem: 5415
Active Test:  [   760/?]  eta: ?  loss: 1.8464 (1.6637)  accuracy: 0.4688 (0.5381)  balanced_accuracy: 0.3906 (0.5471)  f1_weighted: 0.4781 (0.5508)  time: 0.0615  data: 0.0002  max mem: 5415
Active Test:  [   770/?]  eta: ?  loss: 1.5419 (1.6625)  accuracy: 0.4531 (0.5372)  balanced_accuracy: 0.4688 (0.5463)  f1_weighted: 0.5208 (0.5504)  time: 0.0619  data: 0.0003  max mem: 5415
Active Test:  [   780/?]  eta: ?  loss: 1.2980 (1.6570)  accuracy: 0.4375 (0.5369)  balanced_accuracy: 0.4583 (0.5461)  f1_weighted: 0.5455 (0.5503)  time: 0.0638  data: 0.0003  max mem: 5415
Active Test:  [   790/?]  eta: ?  loss: 1.2258 (1.6560)  accuracy: 0.4219 (0.5360)  balanced_accuracy: 0.4583 (0.5452)  f1_weighted: 0.5455 (0.5498)  time: 0.0652  data: 0.0003  max mem: 5415
Active Test:  [   800/?]  eta: ?  loss: 1.4467 (1.6589)  accuracy: 0.3438 (0.5346)  balanced_accuracy: 0.3438 (0.5435)  f1_weighted: 0.4464 (0.5486)  time: 0.0727  data: 0.0003  max mem: 5415
Active Test:  [   810/?]  eta: ?  loss: 1.4950 (1.6611)  accuracy: 0.3906 (0.5334)  balanced_accuracy: 0.3281 (0.5419)  f1_weighted: 0.4464 (0.5478)  time: 0.0711  data: 0.0003  max mem: 5415
Active Test:  [   820/?]  eta: ?  loss: 1.5001 (1.6622)  accuracy: 0.4375 (0.5324)  balanced_accuracy: 0.4414 (0.5411)  f1_weighted: 0.4709 (0.5469)  time: 0.0628  data: 0.0003  max mem: 5415
Active Test:  [   830/?]  eta: ?  loss: 1.7350 (1.6682)  accuracy: 0.4375 (0.5312)  balanced_accuracy: 0.4792 (0.5401)  f1_weighted: 0.4607 (0.5459)  time: 0.0626  data: 0.0003  max mem: 5415
Active Test:  [   840/?]  eta: ?  loss: 1.8317 (1.6720)  accuracy: 0.4375 (0.5302)  balanced_accuracy: 0.4583 (0.5394)  f1_weighted: 0.4607 (0.5448)  time: 0.0627  data: 0.0003  max mem: 5415
Active Test:  [   850/?]  eta: ?  loss: 2.2852 (1.6820)  accuracy: 0.3906 (0.5282)  balanced_accuracy: 0.3958 (0.5377)  f1_weighted: 0.3901 (0.5428)  time: 0.0627  data: 0.0003  max mem: 5415
Active Test:  [   860/?]  eta: ?  loss: 2.3632 (1.6855)  accuracy: 0.4062 (0.5281)  balanced_accuracy: 0.4688 (0.5377)  f1_weighted: 0.4167 (0.5426)  time: 0.0759  data: 0.0003  max mem: 5415
Active Test:  [   870/?]  eta: ?  loss: 1.9651 (1.6954)  accuracy: 0.4219 (0.5267)  balanced_accuracy: 0.4910 (0.5366)  f1_weighted: 0.4860 (0.5414)  time: 0.0757  data: 0.0003  max mem: 5415
Active Test:  [   880/?]  eta: ?  loss: 1.9799 (1.6983)  accuracy: 0.4062 (0.5255)  balanced_accuracy: 0.4459 (0.5355)  f1_weighted: 0.4287 (0.5402)  time: 0.0629  data: 0.0003  max mem: 5415
Active Test:  [   890/?]  eta: ?  loss: 1.5177 (1.6978)  accuracy: 0.5156 (0.5262)  balanced_accuracy: 0.5421 (0.5360)  f1_weighted: 0.5755 (0.5408)  time: 0.0698  data: 0.0003  max mem: 5415
Active Test:  [   900/?]  eta: ?  loss: 1.4260 (1.6971)  accuracy: 0.5781 (0.5260)  balanced_accuracy: 0.6025 (0.5355)  f1_weighted: 0.6014 (0.5408)  time: 0.0688  data: 0.0003  max mem: 5415
Active Test:  [   910/?]  eta: ?  loss: 1.4713 (1.6929)  accuracy: 0.5000 (0.5268)  balanced_accuracy: 0.5000 (0.5355)  f1_weighted: 0.5733 (0.5419)  time: 0.0673  data: 0.0003  max mem: 5415
Active Test:  [   920/?]  eta: ?  loss: 1.2078 (1.6887)  accuracy: 0.5625 (0.5270)  balanced_accuracy: 0.5066 (0.5354)  f1_weighted: 0.5982 (0.5423)  time: 0.0703  data: 0.0003  max mem: 5415
Active Test:  [   930/?]  eta: ?  loss: 1.1240 (1.6815)  accuracy: 0.6094 (0.5282)  balanced_accuracy: 0.6104 (0.5367)  f1_weighted: 0.6210 (0.5439)  time: 0.0660  data: 0.0003  max mem: 5415
Active Test:  [   940/?]  eta: ?  loss: 1.0547 (1.6809)  accuracy: 0.6094 (0.5285)  balanced_accuracy: 0.6250 (0.5368)  f1_weighted: 0.6485 (0.5447)  time: 0.0628  data: 0.0003  max mem: 5415
Active Test:  [   950/?]  eta: ?  loss: 1.1368 (1.6774)  accuracy: 0.6094 (0.5290)  balanced_accuracy: 0.6061 (0.5373)  f1_weighted: 0.6667 (0.5455)  time: 0.0626  data: 0.0003  max mem: 5415
Active Test:  [   960/?]  eta: ?  loss: 0.7897 (1.6672)  accuracy: 0.6719 (0.5313)  balanced_accuracy: 0.7475 (0.5397)  f1_weighted: 0.6981 (0.5478)  time: 0.0642  data: 0.0003  max mem: 5415
Active Test:  [   970/?]  eta: ?  loss: 0.8645 (1.6714)  accuracy: 0.6719 (0.5313)  balanced_accuracy: 0.7143 (0.5403)  f1_weighted: 0.7008 (0.5480)  time: 0.0634  data: 0.0003  max mem: 5415
Active Test:  [   980/?]  eta: ?  loss: 2.1111 (1.6777)  accuracy: 0.4375 (0.5302)  balanced_accuracy: 0.5504 (0.5394)  f1_weighted: 0.5287 (0.5476)  time: 0.0622  data: 0.0003  max mem: 5415
Active Test:  [   990/?]  eta: ?  loss: 2.1536 (1.6846)  accuracy: 0.4219 (0.5289)  balanced_accuracy: 0.4009 (0.5380)  f1_weighted: 0.4544 (0.5467)  time: 0.0619  data: 0.0003  max mem: 5415
Active Test:  [  1000/?]  eta: ?  loss: 2.0103 (1.6924)  accuracy: 0.4219 (0.5280)  balanced_accuracy: 0.3992 (0.5372)  f1_weighted: 0.4523 (0.5457)  time: 0.0624  data: 0.0003  max mem: 5415
Active Test:  [  1010/?]  eta: ?  loss: 1.3078 (1.6972)  accuracy: 0.5469 (0.5281)  balanced_accuracy: 0.6141 (0.5375)  f1_weighted: 0.5713 (0.5455)  time: 0.0626  data: 0.0003  max mem: 5415
Active Test:  [  1020/?]  eta: ?  loss: 1.3478 (1.7043)  accuracy: 0.5469 (0.5278)  balanced_accuracy: 0.5925 (0.5374)  f1_weighted: 0.5335 (0.5454)  time: 0.0627  data: 0.0003  max mem: 5415
Active Test:  [  1030/?]  eta: ?  loss: 1.2999 (1.6997)  accuracy: 0.5781 (0.5288)  balanced_accuracy: 0.6061 (0.5385)  f1_weighted: 0.5962 (0.5467)  time: 0.0621  data: 0.0003  max mem: 5415
Active Test:  [  1040/?]  eta: ?  loss: 1.3753 (1.7042)  accuracy: 0.5625 (0.5280)  balanced_accuracy: 0.5786 (0.5377)  f1_weighted: 0.5962 (0.5462)  time: 0.0596  data: 0.0003  max mem: 5415
Active Test:  [  1050/?]  eta: ?  loss: 2.0354 (1.7078)  accuracy: 0.3594 (0.5267)  balanced_accuracy: 0.4531 (0.5367)  f1_weighted: 0.4648 (0.5455)  time: 0.0603  data: 0.0003  max mem: 5415
Active Test:  [  1060/?]  eta: ?  loss: 1.7726 (1.7048)  accuracy: 0.3906 (0.5260)  balanced_accuracy: 0.4531 (0.5362)  f1_weighted: 0.4754 (0.5451)  time: 0.0696  data: 0.0003  max mem: 5415
Active Test:  [  1070/?]  eta: ?  loss: 0.9239 (1.7027)  accuracy: 0.4531 (0.5258)  balanced_accuracy: 0.5000 (0.5366)  f1_weighted: 0.4856 (0.5454)  time: 0.0705  data: 0.0003  max mem: 5415
Active Test: Total time: 0:01:13 (0.0676 s / it)
* loss 1.704

============================================================
Evaluating on passive tasks (407,568 samples)...
============================================================
Passive Test:  [     0/?]  eta: ?  loss: 0.3541 (0.3541)  accuracy: 0.7656 (0.7656)  balanced_accuracy: 0.6282 (0.6282)  f1_weighted: 0.7126 (0.7126)  time: 1.2132  data: 1.1539  max mem: 5415
Passive Test:  [    10/?]  eta: ?  loss: 1.6284 (1.4426)  accuracy: 0.4844 (0.5270)  balanced_accuracy: 0.5308 (0.5144)  f1_weighted: 0.4511 (0.4964)  time: 0.1689  data: 0.1066  max mem: 5415
Passive Test:  [    20/?]  eta: ?  loss: 1.8095 (1.5868)  accuracy: 0.4219 (0.5015)  balanced_accuracy: 0.4565 (0.4801)  f1_weighted: 0.3659 (0.4684)  time: 0.0631  data: 0.0011  max mem: 5415
Passive Test:  [    30/?]  eta: ?  loss: 2.1618 (1.6663)  accuracy: 0.3906 (0.4808)  balanced_accuracy: 0.3887 (0.4646)  f1_weighted: 0.3524 (0.4524)  time: 0.0614  data: 0.0003  max mem: 5415
Passive Test:  [    40/?]  eta: ?  loss: 1.5585 (1.6085)  accuracy: 0.4219 (0.4878)  balanced_accuracy: 0.3739 (0.4657)  f1_weighted: 0.3719 (0.4635)  time: 0.0634  data: 0.0003  max mem: 5415
Passive Test:  [    50/?]  eta: ?  loss: 1.5585 (1.6357)  accuracy: 0.4219 (0.4871)  balanced_accuracy: 0.4200 (0.4689)  f1_weighted: 0.3922 (0.4630)  time: 0.0664  data: 0.0003  max mem: 5415
Passive Test:  [    60/?]  eta: ?  loss: 1.4464 (1.6013)  accuracy: 0.5000 (0.4997)  balanced_accuracy: 0.4453 (0.4797)  f1_weighted: 0.4543 (0.4757)  time: 0.0645  data: 0.0003  max mem: 5415
Passive Test:  [    70/?]  eta: ?  loss: 1.3269 (1.6334)  accuracy: 0.4844 (0.4969)  balanced_accuracy: 0.4524 (0.4807)  f1_weighted: 0.4677 (0.4732)  time: 0.0623  data: 0.0003  max mem: 5415
Passive Test:  [    80/?]  eta: ?  loss: 1.3540 (1.5973)  accuracy: 0.4688 (0.5039)  balanced_accuracy: 0.4826 (0.4932)  f1_weighted: 0.4506 (0.4832)  time: 0.0630  data: 0.0003  max mem: 5415
Passive Test:  [    90/?]  eta: ?  loss: 1.3540 (1.6392)  accuracy: 0.4375 (0.5026)  balanced_accuracy: 0.5304 (0.4966)  f1_weighted: 0.3890 (0.4802)  time: 0.0617  data: 0.0003  max mem: 5415
Passive Test:  [   100/?]  eta: ?  loss: 1.3210 (1.6484)  accuracy: 0.4688 (0.5088)  balanced_accuracy: 0.5983 (0.5077)  f1_weighted: 0.3890 (0.4872)  time: 0.0607  data: 0.0003  max mem: 5415
Passive Test:  [   110/?]  eta: ?  loss: 1.3210 (1.6671)  accuracy: 0.4531 (0.5070)  balanced_accuracy: 0.5655 (0.5082)  f1_weighted: 0.4134 (0.4852)  time: 0.0623  data: 0.0003  max mem: 5415
Passive Test:  [   120/?]  eta: ?  loss: 1.4696 (1.6759)  accuracy: 0.4531 (0.5098)  balanced_accuracy: 0.5010 (0.5113)  f1_weighted: 0.4134 (0.4885)  time: 0.0633  data: 0.0003  max mem: 5415
Passive Test:  [   130/?]  eta: ?  loss: 1.6409 (1.6981)  accuracy: 0.4531 (0.5098)  balanced_accuracy: 0.5000 (0.5130)  f1_weighted: 0.4636 (0.4892)  time: 0.0707  data: 0.0003  max mem: 5415
Passive Test:  [   140/?]  eta: ?  loss: 1.6409 (1.6861)  accuracy: 0.4375 (0.5095)  balanced_accuracy: 0.4579 (0.5136)  f1_weighted: 0.4271 (0.4900)  time: 0.0694  data: 0.0002  max mem: 5415
Passive Test:  [   150/?]  eta: ?  loss: 1.4125 (1.6832)  accuracy: 0.4219 (0.5098)  balanced_accuracy: 0.4464 (0.5152)  f1_weighted: 0.4271 (0.4918)  time: 0.0701  data: 0.0003  max mem: 5415
Passive Test:  [   160/?]  eta: ?  loss: 1.4125 (1.6681)  accuracy: 0.4531 (0.5107)  balanced_accuracy: 0.4534 (0.5171)  f1_weighted: 0.4680 (0.4945)  time: 0.0734  data: 0.0003  max mem: 5415
Passive Test:  [   170/?]  eta: ?  loss: 1.6500 (1.6671)  accuracy: 0.4062 (0.5073)  balanced_accuracy: 0.4534 (0.5168)  f1_weighted: 0.4680 (0.4935)  time: 0.0644  data: 0.0003  max mem: 5415
Passive Test:  [   180/?]  eta: ?  loss: 1.5510 (1.6443)  accuracy: 0.4375 (0.5106)  balanced_accuracy: 0.5195 (0.5214)  f1_weighted: 0.5082 (0.4987)  time: 0.0623  data: 0.0003  max mem: 5415
Passive Test:  [   190/?]  eta: ?  loss: 1.3079 (1.6357)  accuracy: 0.5000 (0.5102)  balanced_accuracy: 0.5564 (0.5220)  f1_weighted: 0.5383 (0.5006)  time: 0.0629  data: 0.0003  max mem: 5415
Passive Test:  [   200/?]  eta: ?  loss: 1.2640 (1.6074)  accuracy: 0.5469 (0.5152)  balanced_accuracy: 0.5891 (0.5255)  f1_weighted: 0.5815 (0.5081)  time: 0.0625  data: 0.0003  max mem: 5415
Passive Test:  [   210/?]  eta: ?  loss: 1.1576 (1.5819)  accuracy: 0.5781 (0.5180)  balanced_accuracy: 0.6046 (0.5279)  f1_weighted: 0.6174 (0.5136)  time: 0.0609  data: 0.0003  max mem: 5415
Passive Test:  [   220/?]  eta: ?  loss: 0.9308 (1.5608)  accuracy: 0.5625 (0.5197)  balanced_accuracy: 0.6068 (0.5300)  f1_weighted: 0.6010 (0.5179)  time: 0.0686  data: 0.0003  max mem: 5415
Passive Test:  [   230/?]  eta: ?  loss: 1.0322 (1.5420)  accuracy: 0.5625 (0.5237)  balanced_accuracy: 0.6068 (0.5334)  f1_weighted: 0.6248 (0.5239)  time: 0.0686  data: 0.0003  max mem: 5415
Passive Test:  [   240/?]  eta: ?  loss: 1.0547 (1.5499)  accuracy: 0.5781 (0.5229)  balanced_accuracy: 0.5088 (0.5305)  f1_weighted: 0.5913 (0.5253)  time: 0.0586  data: 0.0002  max mem: 5415
Passive Test:  [   250/?]  eta: ?  loss: 1.2587 (1.5518)  accuracy: 0.5156 (0.5222)  balanced_accuracy: 0.4949 (0.5290)  f1_weighted: 0.5464 (0.5264)  time: 0.0601  data: 0.0003  max mem: 5415
Passive Test:  [   260/?]  eta: ?  loss: 1.1196 (1.5512)  accuracy: 0.5312 (0.5223)  balanced_accuracy: 0.4949 (0.5279)  f1_weighted: 0.5783 (0.5277)  time: 0.0687  data: 0.0003  max mem: 5415
Passive Test:  [   270/?]  eta: ?  loss: 1.0235 (1.5566)  accuracy: 0.5312 (0.5220)  balanced_accuracy: 0.4899 (0.5277)  f1_weighted: 0.5783 (0.5288)  time: 0.0747  data: 0.0003  max mem: 5415
Passive Test:  [   280/?]  eta: ?  loss: 0.8073 (1.5501)  accuracy: 0.5156 (0.5237)  balanced_accuracy: 0.4662 (0.5291)  f1_weighted: 0.5902 (0.5315)  time: 0.0698  data: 0.0003  max mem: 5415
Passive Test:  [   290/?]  eta: ?  loss: 1.3853 (1.5394)  accuracy: 0.5156 (0.5247)  balanced_accuracy: 0.5737 (0.5310)  f1_weighted: 0.5902 (0.5331)  time: 0.0633  data: 0.0003  max mem: 5415
Passive Test:  [   300/?]  eta: ?  loss: 1.2818 (1.5257)  accuracy: 0.5625 (0.5280)  balanced_accuracy: 0.5688 (0.5336)  f1_weighted: 0.6018 (0.5368)  time: 0.0615  data: 0.0003  max mem: 5415
Passive Test:  [   310/?]  eta: ?  loss: 0.9270 (1.5060)  accuracy: 0.5625 (0.5310)  balanced_accuracy: 0.5547 (0.5367)  f1_weighted: 0.6079 (0.5402)  time: 0.0639  data: 0.0003  max mem: 5415
Passive Test:  [   320/?]  eta: ?  loss: 0.8721 (1.4867)  accuracy: 0.5469 (0.5348)  balanced_accuracy: 0.5837 (0.5402)  f1_weighted: 0.5885 (0.5443)  time: 0.0645  data: 0.0003  max mem: 5415
Passive Test:  [   330/?]  eta: ?  loss: 0.9760 (1.4721)  accuracy: 0.5625 (0.5374)  balanced_accuracy: 0.6012 (0.5426)  f1_weighted: 0.6054 (0.5473)  time: 0.0627  data: 0.0003  max mem: 5415
Passive Test:  [   340/?]  eta: ?  loss: 1.0781 (1.4685)  accuracy: 0.5781 (0.5389)  balanced_accuracy: 0.6275 (0.5440)  f1_weighted: 0.6293 (0.5494)  time: 0.0626  data: 0.0003  max mem: 5415
Passive Test:  [   350/?]  eta: ?  loss: 1.2876 (1.4718)  accuracy: 0.5312 (0.5375)  balanced_accuracy: 0.5905 (0.5441)  f1_weighted: 0.5636 (0.5485)  time: 0.0626  data: 0.0003  max mem: 5415
Passive Test:  [   360/?]  eta: ?  loss: 1.3480 (1.4649)  accuracy: 0.5156 (0.5380)  balanced_accuracy: 0.5719 (0.5458)  f1_weighted: 0.5636 (0.5494)  time: 0.0626  data: 0.0003  max mem: 5415
Passive Test:  [   370/?]  eta: ?  loss: 1.3955 (1.4681)  accuracy: 0.4531 (0.5353)  balanced_accuracy: 0.5436 (0.5450)  f1_weighted: 0.4804 (0.5467)  time: 0.0626  data: 0.0003  max mem: 5415
Passive Test:  [   380/?]  eta: ?  loss: 1.5592 (1.4781)  accuracy: 0.4219 (0.5347)  balanced_accuracy: 0.5673 (0.5454)  f1_weighted: 0.4483 (0.5458)  time: 0.0630  data: 0.0003  max mem: 5415
Passive Test:  [   390/?]  eta: ?  loss: 1.5676 (1.4871)  accuracy: 0.4688 (0.5339)  balanced_accuracy: 0.5686 (0.5461)  f1_weighted: 0.4888 (0.5448)  time: 0.0626  data: 0.0003  max mem: 5415
Passive Test:  [   400/?]  eta: ?  loss: 1.5676 (1.4929)  accuracy: 0.4844 (0.5327)  balanced_accuracy: 0.5686 (0.5452)  f1_weighted: 0.4956 (0.5434)  time: 0.0624  data: 0.0003  max mem: 5415
Passive Test:  [   410/?]  eta: ?  loss: 1.4027 (1.4970)  accuracy: 0.5000 (0.5322)  balanced_accuracy: 0.5784 (0.5458)  f1_weighted: 0.4956 (0.5427)  time: 0.0602  data: 0.0002  max mem: 5415
Passive Test:  [   420/?]  eta: ?  loss: 1.7594 (1.4986)  accuracy: 0.5469 (0.5330)  balanced_accuracy: 0.5890 (0.5469)  f1_weighted: 0.5465 (0.5435)  time: 0.0586  data: 0.0002  max mem: 5415
Passive Test:  [   430/?]  eta: ?  loss: 1.6385 (1.5007)  accuracy: 0.5469 (0.5322)  balanced_accuracy: 0.5882 (0.5471)  f1_weighted: 0.5370 (0.5426)  time: 0.0617  data: 0.0003  max mem: 5415
Passive Test:  [   440/?]  eta: ?  loss: 1.4249 (1.4998)  accuracy: 0.5469 (0.5331)  balanced_accuracy: 0.5983 (0.5488)  f1_weighted: 0.5370 (0.5435)  time: 0.0626  data: 0.0003  max mem: 5415
Passive Test:  [   450/?]  eta: ?  loss: 1.4652 (1.5001)  accuracy: 0.5938 (0.5338)  balanced_accuracy: 0.5983 (0.5500)  f1_weighted: 0.6115 (0.5442)  time: 0.0618  data: 0.0002  max mem: 5415
Passive Test:  [   460/?]  eta: ?  loss: 1.6078 (1.5062)  accuracy: 0.5781 (0.5333)  balanced_accuracy: 0.5962 (0.5508)  f1_weighted: 0.5526 (0.5434)  time: 0.0624  data: 0.0002  max mem: 5415
Passive Test:  [   470/?]  eta: ?  loss: 1.7566 (1.5101)  accuracy: 0.4844 (0.5324)  balanced_accuracy: 0.5769 (0.5510)  f1_weighted: 0.4774 (0.5420)  time: 0.0627  data: 0.0003  max mem: 5415
Passive Test:  [   480/?]  eta: ?  loss: 1.7900 (1.5183)  accuracy: 0.4219 (0.5309)  balanced_accuracy: 0.5321 (0.5506)  f1_weighted: 0.4227 (0.5401)  time: 0.0625  data: 0.0003  max mem: 5415
Passive Test:  [   490/?]  eta: ?  loss: 1.9486 (1.5329)  accuracy: 0.4375 (0.5291)  balanced_accuracy: 0.5169 (0.5500)  f1_weighted: 0.4064 (0.5377)  time: 0.0638  data: 0.0003  max mem: 5415
Passive Test:  [   500/?]  eta: ?  loss: 1.9169 (1.5370)  accuracy: 0.4375 (0.5279)  balanced_accuracy: 0.5278 (0.5495)  f1_weighted: 0.4402 (0.5363)  time: 0.0642  data: 0.0003  max mem: 5415
Passive Test:  [   510/?]  eta: ?  loss: 1.9456 (1.5469)  accuracy: 0.3906 (0.5257)  balanced_accuracy: 0.4642 (0.5480)  f1_weighted: 0.3894 (0.5336)  time: 0.0622  data: 0.0003  max mem: 5415
Passive Test:  [   520/?]  eta: ?  loss: 2.2169 (1.5548)  accuracy: 0.3750 (0.5236)  balanced_accuracy: 0.4629 (0.5464)  f1_weighted: 0.3474 (0.5313)  time: 0.0612  data: 0.0002  max mem: 5415
Passive Test:  [   530/?]  eta: ?  loss: 2.1133 (1.5619)  accuracy: 0.3906 (0.5218)  balanced_accuracy: 0.4850 (0.5451)  f1_weighted: 0.3877 (0.5296)  time: 0.0622  data: 0.0003  max mem: 5415
Passive Test:  [   540/?]  eta: ?  loss: 1.6196 (1.5614)  accuracy: 0.4844 (0.5226)  balanced_accuracy: 0.4987 (0.5459)  f1_weighted: 0.4724 (0.5304)  time: 0.0635  data: 0.0003  max mem: 5415
Passive Test:  [   550/?]  eta: ?  loss: 1.5024 (1.5590)  accuracy: 0.5156 (0.5226)  balanced_accuracy: 0.5064 (0.5455)  f1_weighted: 0.4795 (0.5306)  time: 0.0614  data: 0.0003  max mem: 5415
Passive Test:  [   560/?]  eta: ?  loss: 1.5024 (1.5615)  accuracy: 0.5469 (0.5223)  balanced_accuracy: 0.4692 (0.5442)  f1_weighted: 0.5046 (0.5303)  time: 0.0658  data: 0.0002  max mem: 5415
Passive Test:  [   570/?]  eta: ?  loss: 1.6653 (1.5628)  accuracy: 0.5312 (0.5218)  balanced_accuracy: 0.4600 (0.5432)  f1_weighted: 0.5024 (0.5299)  time: 0.0675  data: 0.0002  max mem: 5415
Passive Test:  [   580/?]  eta: ?  loss: 1.6163 (1.5644)  accuracy: 0.5156 (0.5214)  balanced_accuracy: 0.4528 (0.5420)  f1_weighted: 0.4905 (0.5295)  time: 0.0614  data: 0.0002  max mem: 5415
Passive Test:  [   590/?]  eta: ?  loss: 1.6740 (1.5709)  accuracy: 0.4219 (0.5201)  balanced_accuracy: 0.4421 (0.5404)  f1_weighted: 0.4531 (0.5283)  time: 0.0626  data: 0.0003  max mem: 5415
Passive Test:  [   600/?]  eta: ?  loss: 1.8633 (1.5712)  accuracy: 0.4531 (0.5199)  balanced_accuracy: 0.4431 (0.5396)  f1_weighted: 0.4587 (0.5281)  time: 0.0634  data: 0.0003  max mem: 5415
Passive Test:  [   610/?]  eta: ?  loss: 1.8995 (1.5738)  accuracy: 0.4688 (0.5193)  balanced_accuracy: 0.4590 (0.5394)  f1_weighted: 0.4729 (0.5277)  time: 0.0617  data: 0.0002  max mem: 5415
Passive Test:  [   620/?]  eta: ?  loss: 1.7668 (1.5750)  accuracy: 0.4844 (0.5188)  balanced_accuracy: 0.5596 (0.5390)  f1_weighted: 0.4839 (0.5270)  time: 0.0616  data: 0.0002  max mem: 5415
Passive Test:  [   630/?]  eta: ?  loss: 1.7275 (1.5775)  accuracy: 0.4844 (0.5182)  balanced_accuracy: 0.5596 (0.5388)  f1_weighted: 0.4987 (0.5267)  time: 0.0691  data: 0.0003  max mem: 5415
Passive Test:  [   640/?]  eta: ?  loss: 1.8862 (1.5845)  accuracy: 0.4844 (0.5170)  balanced_accuracy: 0.5545 (0.5378)  f1_weighted: 0.4735 (0.5257)  time: 0.0695  data: 0.0003  max mem: 5415
Passive Test:  [   650/?]  eta: ?  loss: 2.4272 (1.6022)  accuracy: 0.4062 (0.5146)  balanced_accuracy: 0.3739 (0.5351)  f1_weighted: 0.4231 (0.5239)  time: 0.0615  data: 0.0003  max mem: 5415
Passive Test:  [   660/?]  eta: ?  loss: 2.5909 (1.6212)  accuracy: 0.2969 (0.5111)  balanced_accuracy: 0.2671 (0.5306)  f1_weighted: 0.3588 (0.5209)  time: 0.0591  data: 0.0002  max mem: 5415
Passive Test:  [   670/?]  eta: ?  loss: 2.3815 (1.6431)  accuracy: 0.2812 (0.5083)  balanced_accuracy: 0.2578 (0.5270)  f1_weighted: 0.3259 (0.5185)  time: 0.0589  data: 0.0002  max mem: 5415
Passive Test:  [   680/?]  eta: ?  loss: 2.3815 (1.6536)  accuracy: 0.3438 (0.5072)  balanced_accuracy: 0.3043 (0.5255)  f1_weighted: 0.3287 (0.5174)  time: 0.0601  data: 0.0002  max mem: 5415
Passive Test:  [   690/?]  eta: ?  loss: 2.1575 (1.6629)  accuracy: 0.3906 (0.5068)  balanced_accuracy: 0.3846 (0.5242)  f1_weighted: 0.4443 (0.5170)  time: 0.0713  data: 0.0003  max mem: 5415
Passive Test:  [   700/?]  eta: ?  loss: 1.1350 (1.6610)  accuracy: 0.5000 (0.5074)  balanced_accuracy: 0.5150 (0.5239)  f1_weighted: 0.5334 (0.5176)  time: 0.0724  data: 0.0003  max mem: 5415
Passive Test:  [   710/?]  eta: ?  loss: 1.1350 (1.6646)  accuracy: 0.5156 (0.5071)  balanced_accuracy: 0.5103 (0.5229)  f1_weighted: 0.5531 (0.5174)  time: 0.0644  data: 0.0003  max mem: 5415
Passive Test:  [   720/?]  eta: ?  loss: 1.5556 (1.6679)  accuracy: 0.4688 (0.5065)  balanced_accuracy: 0.4919 (0.5219)  f1_weighted: 0.5290 (0.5171)  time: 0.0654  data: 0.0003  max mem: 5415
Passive Test:  [   730/?]  eta: ?  loss: 1.6613 (1.6682)  accuracy: 0.4688 (0.5062)  balanced_accuracy: 0.4947 (0.5213)  f1_weighted: 0.5422 (0.5171)  time: 0.0725  data: 0.0003  max mem: 5415
Passive Test:  [   740/?]  eta: ?  loss: 1.5135 (1.6663)  accuracy: 0.5312 (0.5065)  balanced_accuracy: 0.5189 (0.5210)  f1_weighted: 0.5684 (0.5173)  time: 0.0794  data: 0.0003  max mem: 5415
Passive Test:  [   750/?]  eta: ?  loss: 1.8081 (1.6692)  accuracy: 0.5156 (0.5059)  balanced_accuracy: 0.5041 (0.5207)  f1_weighted: 0.4953 (0.5168)  time: 0.0724  data: 0.0003  max mem: 5415
Passive Test:  [   760/?]  eta: ?  loss: 1.8147 (1.6682)  accuracy: 0.4688 (0.5063)  balanced_accuracy: 0.5041 (0.5211)  f1_weighted: 0.4953 (0.5172)  time: 0.0639  data: 0.0003  max mem: 5415
Passive Test:  [   770/?]  eta: ?  loss: 1.5030 (1.6667)  accuracy: 0.5469 (0.5068)  balanced_accuracy: 0.5836 (0.5216)  f1_weighted: 0.5321 (0.5178)  time: 0.0630  data: 0.0003  max mem: 5415
Passive Test:  [   780/?]  eta: ?  loss: 0.9808 (1.6634)  accuracy: 0.6250 (0.5079)  balanced_accuracy: 0.5965 (0.5221)  f1_weighted: 0.6245 (0.5190)  time: 0.0633  data: 0.0003  max mem: 5415
Passive Test:  [   790/?]  eta: ?  loss: 1.0359 (1.6602)  accuracy: 0.6250 (0.5088)  balanced_accuracy: 0.6200 (0.5223)  f1_weighted: 0.6245 (0.5200)  time: 0.0629  data: 0.0003  max mem: 5415
Passive Test:  [   800/?]  eta: ?  loss: 1.3775 (1.6582)  accuracy: 0.6094 (0.5093)  balanced_accuracy: 0.5944 (0.5226)  f1_weighted: 0.6169 (0.5205)  time: 0.0648  data: 0.0003  max mem: 5415
Passive Test:  [   810/?]  eta: ?  loss: 1.5903 (1.6574)  accuracy: 0.5469 (0.5097)  balanced_accuracy: 0.5533 (0.5221)  f1_weighted: 0.5407 (0.5211)  time: 0.0648  data: 0.0003  max mem: 5415
Passive Test:  [   820/?]  eta: ?  loss: 1.5903 (1.6538)  accuracy: 0.5312 (0.5099)  balanced_accuracy: 0.4858 (0.5217)  f1_weighted: 0.5362 (0.5215)  time: 0.0614  data: 0.0003  max mem: 5415
Passive Test:  [   830/?]  eta: ?  loss: 1.3879 (1.6523)  accuracy: 0.4531 (0.5101)  balanced_accuracy: 0.4636 (0.5215)  f1_weighted: 0.4654 (0.5219)  time: 0.0607  data: 0.0002  max mem: 5415
Passive Test:  [   840/?]  eta: ?  loss: 1.1223 (1.6467)  accuracy: 0.5938 (0.5115)  balanced_accuracy: 0.6111 (0.5228)  f1_weighted: 0.5746 (0.5233)  time: 0.0672  data: 0.0002  max mem: 5415
Passive Test:  [   850/?]  eta: ?  loss: 1.5808 (1.6461)  accuracy: 0.5312 (0.5118)  balanced_accuracy: 0.6047 (0.5228)  f1_weighted: 0.5279 (0.5235)  time: 0.0646  data: 0.0002  max mem: 5415
Passive Test:  [   860/?]  eta: ?  loss: 1.3758 (1.6425)  accuracy: 0.5312 (0.5130)  balanced_accuracy: 0.6047 (0.5237)  f1_weighted: 0.5246 (0.5246)  time: 0.0581  data: 0.0002  max mem: 5415
Passive Test:  [   870/?]  eta: ?  loss: 1.3584 (1.6382)  accuracy: 0.5781 (0.5140)  balanced_accuracy: 0.5908 (0.5240)  f1_weighted: 0.5779 (0.5254)  time: 0.0604  data: 0.0002  max mem: 5415
Passive Test:  [   880/?]  eta: ?  loss: 1.2515 (1.6342)  accuracy: 0.5625 (0.5149)  balanced_accuracy: 0.5600 (0.5243)  f1_weighted: 0.5565 (0.5261)  time: 0.0617  data: 0.0003  max mem: 5415
Passive Test:  [   890/?]  eta: ?  loss: 1.3474 (1.6379)  accuracy: 0.5469 (0.5150)  balanced_accuracy: 0.5614 (0.5239)  f1_weighted: 0.5361 (0.5261)  time: 0.0625  data: 0.0003  max mem: 5415
Passive Test:  [   900/?]  eta: ?  loss: 1.4235 (1.6396)  accuracy: 0.5469 (0.5152)  balanced_accuracy: 0.5577 (0.5238)  f1_weighted: 0.5326 (0.5260)  time: 0.0618  data: 0.0002  max mem: 5415
Passive Test:  [   910/?]  eta: ?  loss: 1.4235 (1.6442)  accuracy: 0.5625 (0.5153)  balanced_accuracy: 0.5574 (0.5232)  f1_weighted: 0.5334 (0.5262)  time: 0.0609  data: 0.0002  max mem: 5415
Passive Test:  [   920/?]  eta: ?  loss: 1.5173 (1.6459)  accuracy: 0.5469 (0.5152)  balanced_accuracy: 0.5000 (0.5226)  f1_weighted: 0.5168 (0.5258)  time: 0.0600  data: 0.0002  max mem: 5415
Passive Test:  [   930/?]  eta: ?  loss: 1.7317 (1.6472)  accuracy: 0.4844 (0.5149)  balanced_accuracy: 0.4359 (0.5218)  f1_weighted: 0.4717 (0.5253)  time: 0.0605  data: 0.0002  max mem: 5415
Passive Test:  [   940/?]  eta: ?  loss: 1.5716 (1.6486)  accuracy: 0.4844 (0.5147)  balanced_accuracy: 0.4453 (0.5210)  f1_weighted: 0.4884 (0.5249)  time: 0.0611  data: 0.0002  max mem: 5415
Passive Test:  [   950/?]  eta: ?  loss: 1.7822 (1.6517)  accuracy: 0.5000 (0.5140)  balanced_accuracy: 0.4549 (0.5201)  f1_weighted: 0.4896 (0.5242)  time: 0.0602  data: 0.0002  max mem: 5415
Passive Test:  [   960/?]  eta: ?  loss: 1.7822 (1.6532)  accuracy: 0.5312 (0.5140)  balanced_accuracy: 0.4621 (0.5200)  f1_weighted: 0.5266 (0.5241)  time: 0.0616  data: 0.0003  max mem: 5415
Passive Test:  [   970/?]  eta: ?  loss: 1.6219 (1.6564)  accuracy: 0.4844 (0.5132)  balanced_accuracy: 0.4744 (0.5191)  f1_weighted: 0.4962 (0.5233)  time: 0.0622  data: 0.0003  max mem: 5415
Passive Test:  [   980/?]  eta: ?  loss: 2.0400 (1.6622)  accuracy: 0.4062 (0.5121)  balanced_accuracy: 0.3623 (0.5183)  f1_weighted: 0.3837 (0.5221)  time: 0.0621  data: 0.0003  max mem: 5415
Passive Test:  [   990/?]  eta: ?  loss: 2.0203 (1.6669)  accuracy: 0.4062 (0.5106)  balanced_accuracy: 0.4887 (0.5172)  f1_weighted: 0.3755 (0.5205)  time: 0.0628  data: 0.0003  max mem: 5415
Passive Test:  [  1000/?]  eta: ?  loss: 2.0016 (1.6720)  accuracy: 0.4062 (0.5096)  balanced_accuracy: 0.4480 (0.5166)  f1_weighted: 0.3825 (0.5192)  time: 0.0632  data: 0.0003  max mem: 5415
Passive Test:  [  1010/?]  eta: ?  loss: 1.9437 (1.6765)  accuracy: 0.3906 (0.5085)  balanced_accuracy: 0.4423 (0.5156)  f1_weighted: 0.3843 (0.5179)  time: 0.0615  data: 0.0003  max mem: 5415
Passive Test:  [  1020/?]  eta: ?  loss: 1.7894 (1.6816)  accuracy: 0.3906 (0.5074)  balanced_accuracy: 0.4055 (0.5145)  f1_weighted: 0.3876 (0.5167)  time: 0.0604  data: 0.0003  max mem: 5415
Passive Test:  [  1030/?]  eta: ?  loss: 2.0908 (1.6883)  accuracy: 0.3594 (0.5060)  balanced_accuracy: 0.3704 (0.5130)  f1_weighted: 0.3714 (0.5153)  time: 0.0622  data: 0.0003  max mem: 5415
Passive Test:  [  1040/?]  eta: ?  loss: 2.2497 (1.6949)  accuracy: 0.3594 (0.5049)  balanced_accuracy: 0.3704 (0.5119)  f1_weighted: 0.3667 (0.5140)  time: 0.0723  data: 0.0003  max mem: 5415
Passive Test:  [  1050/?]  eta: ?  loss: 2.1749 (1.7005)  accuracy: 0.4844 (0.5048)  balanced_accuracy: 0.4582 (0.5116)  f1_weighted: 0.4635 (0.5138)  time: 0.0718  data: 0.0003  max mem: 5415
Passive Test:  [  1060/?]  eta: ?  loss: 2.1749 (1.7057)  accuracy: 0.4531 (0.5040)  balanced_accuracy: 0.4582 (0.5107)  f1_weighted: 0.4635 (0.5130)  time: 0.0630  data: 0.0003  max mem: 5415
Passive Test:  [  1070/?]  eta: ?  loss: 2.1628 (1.7124)  accuracy: 0.4219 (0.5036)  balanced_accuracy: 0.4323 (0.5101)  f1_weighted: 0.4455 (0.5126)  time: 0.0620  data: 0.0003  max mem: 5415
Passive Test:  [  1080/?]  eta: ?  loss: 2.1790 (1.7193)  accuracy: 0.4531 (0.5034)  balanced_accuracy: 0.4623 (0.5100)  f1_weighted: 0.4727 (0.5122)  time: 0.0598  data: 0.0002  max mem: 5415
Passive Test:  [  1090/?]  eta: ?  loss: 1.9678 (1.7252)  accuracy: 0.5156 (0.5029)  balanced_accuracy: 0.5010 (0.5096)  f1_weighted: 0.5093 (0.5116)  time: 0.0682  data: 0.0002  max mem: 5415
Passive Test:  [  1100/?]  eta: ?  loss: 1.8858 (1.7285)  accuracy: 0.4688 (0.5027)  balanced_accuracy: 0.4727 (0.5094)  f1_weighted: 0.5099 (0.5115)  time: 0.0708  data: 0.0002  max mem: 5415
Passive Test:  [  1110/?]  eta: ?  loss: 2.0426 (1.7395)  accuracy: 0.4062 (0.5011)  balanced_accuracy: 0.4261 (0.5080)  f1_weighted: 0.4318 (0.5099)  time: 0.0634  data: 0.0003  max mem: 5415
Passive Test:  [  1120/?]  eta: ?  loss: 2.1341 (1.7442)  accuracy: 0.3750 (0.5003)  balanced_accuracy: 0.3282 (0.5070)  f1_weighted: 0.3477 (0.5090)  time: 0.0625  data: 0.0003  max mem: 5415
Passive Test:  [  1130/?]  eta: ?  loss: 2.5949 (1.7522)  accuracy: 0.3750 (0.4993)  balanced_accuracy: 0.3303 (0.5058)  f1_weighted: 0.3615 (0.5078)  time: 0.0623  data: 0.0003  max mem: 5415
Passive Test:  [  1140/?]  eta: ?  loss: 2.2914 (1.7550)  accuracy: 0.3906 (0.4985)  balanced_accuracy: 0.3733 (0.5051)  f1_weighted: 0.3615 (0.5070)  time: 0.0631  data: 0.0003  max mem: 5415
Passive Test:  [  1150/?]  eta: ?  loss: 2.0960 (1.7572)  accuracy: 0.4062 (0.4984)  balanced_accuracy: 0.4046 (0.5047)  f1_weighted: 0.4155 (0.5066)  time: 0.0648  data: 0.0003  max mem: 5415
Passive Test:  [  1160/?]  eta: ?  loss: 2.0681 (1.7582)  accuracy: 0.5000 (0.4984)  balanced_accuracy: 0.4332 (0.5044)  f1_weighted: 0.4933 (0.5067)  time: 0.0723  data: 0.0003  max mem: 5415
Passive Test:  [  1170/?]  eta: ?  loss: 2.0396 (1.7621)  accuracy: 0.4844 (0.4981)  balanced_accuracy: 0.4808 (0.5039)  f1_weighted: 0.5090 (0.5064)  time: 0.0716  data: 0.0003  max mem: 5415
Passive Test:  [  1180/?]  eta: ?  loss: 2.3839 (1.7691)  accuracy: 0.4531 (0.4975)  balanced_accuracy: 0.4524 (0.5034)  f1_weighted: 0.4734 (0.5060)  time: 0.0642  data: 0.0003  max mem: 5415
Passive Test:  [  1190/?]  eta: ?  loss: 2.5167 (1.7762)  accuracy: 0.4219 (0.4968)  balanced_accuracy: 0.4010 (0.5024)  f1_weighted: 0.4662 (0.5056)  time: 0.0767  data: 0.0003  max mem: 5415
Passive Test:  [  1200/?]  eta: ?  loss: 2.3336 (1.7823)  accuracy: 0.4062 (0.4959)  balanced_accuracy: 0.3684 (0.5015)  f1_weighted: 0.4268 (0.5048)  time: 0.0737  data: 0.0003  max mem: 5415
Passive Test:  [  1210/?]  eta: ?  loss: 2.7024 (1.7907)  accuracy: 0.3594 (0.4951)  balanced_accuracy: 0.3522 (0.5004)  f1_weighted: 0.4167 (0.5042)  time: 0.0667  data: 0.0003  max mem: 5415
Passive Test:  [  1220/?]  eta: ?  loss: 2.5728 (1.7970)  accuracy: 0.4062 (0.4943)  balanced_accuracy: 0.3522 (0.4998)  f1_weighted: 0.4167 (0.5034)  time: 0.0674  data: 0.0002  max mem: 5415
Passive Test:  [  1230/?]  eta: ?  loss: 2.4147 (1.8028)  accuracy: 0.4062 (0.4934)  balanced_accuracy: 0.3682 (0.4989)  f1_weighted: 0.3454 (0.5025)  time: 0.0595  data: 0.0002  max mem: 5415
Passive Test:  [  1240/?]  eta: ?  loss: 2.6163 (1.8094)  accuracy: 0.3438 (0.4925)  balanced_accuracy: 0.3682 (0.4980)  f1_weighted: 0.3427 (0.5014)  time: 0.0603  data: 0.0002  max mem: 5415
Passive Test:  [  1250/?]  eta: ?  loss: 2.6204 (1.8172)  accuracy: 0.3438 (0.4914)  balanced_accuracy: 0.4251 (0.4971)  f1_weighted: 0.3165 (0.5001)  time: 0.0620  data: 0.0003  max mem: 5415
Passive Test:  [  1260/?]  eta: ?  loss: 2.5603 (1.8232)  accuracy: 0.3125 (0.4907)  balanced_accuracy: 0.4005 (0.4966)  f1_weighted: 0.3165 (0.4993)  time: 0.0609  data: 0.0003  max mem: 5415
Passive Test:  [  1270/?]  eta: ?  loss: 2.1750 (1.8266)  accuracy: 0.4062 (0.4900)  balanced_accuracy: 0.3785 (0.4958)  f1_weighted: 0.3678 (0.4983)  time: 0.0617  data: 0.0003  max mem: 5415
Passive Test:  [  1280/?]  eta: ?  loss: 1.6984 (1.8254)  accuracy: 0.4688 (0.4901)  balanced_accuracy: 0.4686 (0.4959)  f1_weighted: 0.4652 (0.4983)  time: 0.0643  data: 0.0003  max mem: 5415
Passive Test:  [  1290/?]  eta: ?  loss: 1.5577 (1.8266)  accuracy: 0.4844 (0.4904)  balanced_accuracy: 0.4913 (0.4961)  f1_weighted: 0.5010 (0.4984)  time: 0.0624  data: 0.0002  max mem: 5415
Passive Test:  [  1300/?]  eta: ?  loss: 1.7042 (1.8265)  accuracy: 0.4844 (0.4905)  balanced_accuracy: 0.5142 (0.4963)  f1_weighted: 0.4834 (0.4982)  time: 0.0627  data: 0.0002  max mem: 5415
Passive Test:  [  1310/?]  eta: ?  loss: 1.4652 (1.8237)  accuracy: 0.5312 (0.4912)  balanced_accuracy: 0.5441 (0.4970)  f1_weighted: 0.5025 (0.4986)  time: 0.0651  data: 0.0003  max mem: 5415
Passive Test:  [  1320/?]  eta: ?  loss: 1.2674 (1.8223)  accuracy: 0.5469 (0.4914)  balanced_accuracy: 0.5344 (0.4974)  f1_weighted: 0.5450 (0.4985)  time: 0.0638  data: 0.0002  max mem: 5415
Passive Test:  [  1330/?]  eta: ?  loss: 1.1506 (1.8180)  accuracy: 0.5781 (0.4924)  balanced_accuracy: 0.5262 (0.4984)  f1_weighted: 0.5450 (0.4994)  time: 0.0628  data: 0.0002  max mem: 5415
Passive Test:  [  1340/?]  eta: ?  loss: 0.8020 (1.8135)  accuracy: 0.5938 (0.4933)  balanced_accuracy: 0.5944 (0.4993)  f1_weighted: 0.5907 (0.5001)  time: 0.0631  data: 0.0002  max mem: 5415
Passive Test:  [  1350/?]  eta: ?  loss: 0.7633 (1.8089)  accuracy: 0.6719 (0.4944)  balanced_accuracy: 0.6118 (0.5005)  f1_weighted: 0.6545 (0.5011)  time: 0.0633  data: 0.0002  max mem: 5415
Passive Test:  [  1360/?]  eta: ?  loss: 0.9591 (1.8060)  accuracy: 0.6875 (0.4954)  balanced_accuracy: 0.6656 (0.5015)  f1_weighted: 0.6891 (0.5019)  time: 0.0632  data: 0.0003  max mem: 5415
Passive Test:  [  1370/?]  eta: ?  loss: 1.1608 (1.8027)  accuracy: 0.5938 (0.4962)  balanced_accuracy: 0.5451 (0.5024)  f1_weighted: 0.5805 (0.5025)  time: 0.0630  data: 0.0003  max mem: 5415
Passive Test:  [  1380/?]  eta: ?  loss: 1.3807 (1.8008)  accuracy: 0.5625 (0.4967)  balanced_accuracy: 0.5744 (0.5029)  f1_weighted: 0.5805 (0.5028)  time: 0.0628  data: 0.0002  max mem: 5415
Passive Test:  [  1390/?]  eta: ?  loss: 1.2976 (1.7976)  accuracy: 0.5938 (0.4973)  balanced_accuracy: 0.5171 (0.5031)  f1_weighted: 0.5884 (0.5033)  time: 0.0636  data: 0.0002  max mem: 5415
Passive Test:  [  1400/?]  eta: ?  loss: 1.2133 (1.7945)  accuracy: 0.5938 (0.4979)  balanced_accuracy: 0.5107 (0.5035)  f1_weighted: 0.5861 (0.5038)  time: 0.0638  data: 0.0003  max mem: 5415
Passive Test:  [  1410/?]  eta: ?  loss: 1.2876 (1.7918)  accuracy: 0.5938 (0.4983)  balanced_accuracy: 0.4913 (0.5036)  f1_weighted: 0.5861 (0.5041)  time: 0.0634  data: 0.0003  max mem: 5415
Passive Test:  [  1420/?]  eta: ?  loss: 1.2939 (1.7924)  accuracy: 0.5156 (0.4980)  balanced_accuracy: 0.4977 (0.5034)  f1_weighted: 0.5083 (0.5037)  time: 0.0625  data: 0.0003  max mem: 5415
Passive Test:  [  1430/?]  eta: ?  loss: 1.7256 (1.7913)  accuracy: 0.5000 (0.4980)  balanced_accuracy: 0.5282 (0.5037)  f1_weighted: 0.5083 (0.5038)  time: 0.0612  data: 0.0002  max mem: 5415
Passive Test:  [  1440/?]  eta: ?  loss: 1.7256 (1.7917)  accuracy: 0.4688 (0.4978)  balanced_accuracy: 0.5547 (0.5040)  f1_weighted: 0.4497 (0.5035)  time: 0.0620  data: 0.0002  max mem: 5415
Passive Test:  [  1450/?]  eta: ?  loss: 1.8495 (1.7915)  accuracy: 0.4375 (0.4976)  balanced_accuracy: 0.5658 (0.5041)  f1_weighted: 0.4456 (0.5034)  time: 0.0637  data: 0.0003  max mem: 5415
Passive Test:  [  1460/?]  eta: ?  loss: 1.8219 (1.7911)  accuracy: 0.4219 (0.4972)  balanced_accuracy: 0.5010 (0.5041)  f1_weighted: 0.4265 (0.5030)  time: 0.0626  data: 0.0003  max mem: 5415
Passive Test:  [  1470/?]  eta: ?  loss: 1.4602 (1.7898)  accuracy: 0.4375 (0.4972)  balanced_accuracy: 0.4949 (0.5043)  f1_weighted: 0.4676 (0.5032)  time: 0.0609  data: 0.0002  max mem: 5415
Passive Test:  [  1480/?]  eta: ?  loss: 1.6824 (1.7907)  accuracy: 0.4375 (0.4969)  balanced_accuracy: 0.5000 (0.5043)  f1_weighted: 0.4676 (0.5028)  time: 0.0610  data: 0.0002  max mem: 5415
Passive Test:  [  1490/?]  eta: ?  loss: 1.9032 (1.7909)  accuracy: 0.4688 (0.4968)  balanced_accuracy: 0.5556 (0.5046)  f1_weighted: 0.4731 (0.5029)  time: 0.0618  data: 0.0002  max mem: 5415
Passive Test:  [  1500/?]  eta: ?  loss: 1.8106 (1.7928)  accuracy: 0.4688 (0.4963)  balanced_accuracy: 0.4923 (0.5044)  f1_weighted: 0.4731 (0.5024)  time: 0.0636  data: 0.0003  max mem: 5415
Passive Test:  [  1510/?]  eta: ?  loss: 1.8036 (1.7933)  accuracy: 0.4375 (0.4962)  balanced_accuracy: 0.4923 (0.5042)  f1_weighted: 0.4671 (0.5025)  time: 0.0640  data: 0.0003  max mem: 5415
Passive Test:  [  1520/?]  eta: ?  loss: 2.3528 (1.7994)  accuracy: 0.4062 (0.4955)  balanced_accuracy: 0.4143 (0.5035)  f1_weighted: 0.4180 (0.5018)  time: 0.0637  data: 0.0003  max mem: 5415
Passive Test:  [  1530/?]  eta: ?  loss: 2.5669 (1.8039)  accuracy: 0.3906 (0.4953)  balanced_accuracy: 0.4252 (0.5034)  f1_weighted: 0.3628 (0.5017)  time: 0.0624  data: 0.0002  max mem: 5415
Passive Test:  [  1540/?]  eta: ?  loss: 2.5669 (1.8089)  accuracy: 0.3906 (0.4951)  balanced_accuracy: 0.4682 (0.5035)  f1_weighted: 0.3727 (0.5014)  time: 0.0616  data: 0.0003  max mem: 5415
Passive Test:  [  1550/?]  eta: ?  loss: 2.4369 (1.8101)  accuracy: 0.4219 (0.4950)  balanced_accuracy: 0.4730 (0.5035)  f1_weighted: 0.3727 (0.5012)  time: 0.0625  data: 0.0003  max mem: 5415
Passive Test:  [  1560/?]  eta: ?  loss: 1.6466 (1.8127)  accuracy: 0.4531 (0.4950)  balanced_accuracy: 0.5400 (0.5040)  f1_weighted: 0.4350 (0.5011)  time: 0.0708  data: 0.0003  max mem: 5415
Passive Test:  [  1570/?]  eta: ?  loss: 1.9123 (1.8136)  accuracy: 0.5000 (0.4949)  balanced_accuracy: 0.5314 (0.5040)  f1_weighted: 0.5047 (0.5011)  time: 0.0692  data: 0.0002  max mem: 5415
Passive Test:  [  1580/?]  eta: ?  loss: 1.5940 (1.8121)  accuracy: 0.4844 (0.4949)  balanced_accuracy: 0.4696 (0.5043)  f1_weighted: 0.5277 (0.5011)  time: 0.0609  data: 0.0002  max mem: 5415
Passive Test:  [  1590/?]  eta: ?  loss: 1.3724 (1.8102)  accuracy: 0.4844 (0.4950)  balanced_accuracy: 0.5223 (0.5046)  f1_weighted: 0.4725 (0.5011)  time: 0.0626  data: 0.0003  max mem: 5415
Passive Test:  [  1600/?]  eta: ?  loss: 1.4495 (1.8087)  accuracy: 0.4844 (0.4952)  balanced_accuracy: 0.5241 (0.5049)  f1_weighted: 0.5085 (0.5013)  time: 0.0630  data: 0.0003  max mem: 5415
Passive Test:  [  1610/?]  eta: ?  loss: 1.4563 (1.8065)  accuracy: 0.5625 (0.4955)  balanced_accuracy: 0.5641 (0.5051)  f1_weighted: 0.5572 (0.5015)  time: 0.0647  data: 0.0003  max mem: 5415
Passive Test:  [  1620/?]  eta: ?  loss: 1.4105 (1.8045)  accuracy: 0.5781 (0.4960)  balanced_accuracy: 0.5662 (0.5055)  f1_weighted: 0.5698 (0.5020)  time: 0.0765  data: 0.0003  max mem: 5415
Passive Test:  [  1630/?]  eta: ?  loss: 1.2884 (1.8020)  accuracy: 0.5469 (0.4964)  balanced_accuracy: 0.5303 (0.5055)  f1_weighted: 0.5788 (0.5024)  time: 0.0744  data: 0.0003  max mem: 5415
Passive Test:  [  1640/?]  eta: ?  loss: 1.2884 (1.7993)  accuracy: 0.5469 (0.4969)  balanced_accuracy: 0.5455 (0.5059)  f1_weighted: 0.5748 (0.5030)  time: 0.0609  data: 0.0002  max mem: 5415
Passive Test:  [  1650/?]  eta: ?  loss: 1.4951 (1.7989)  accuracy: 0.5781 (0.4971)  balanced_accuracy: 0.5749 (0.5061)  f1_weighted: 0.5642 (0.5033)  time: 0.0592  data: 0.0002  max mem: 5415
Passive Test:  [  1660/?]  eta: ?  loss: 1.6841 (1.8002)  accuracy: 0.4844 (0.4968)  balanced_accuracy: 0.4757 (0.5057)  f1_weighted: 0.5177 (0.5029)  time: 0.0709  data: 0.0002  max mem: 5415
Passive Test:  [  1670/?]  eta: ?  loss: 1.5103 (1.8000)  accuracy: 0.5312 (0.4968)  balanced_accuracy: 0.4631 (0.5055)  f1_weighted: 0.5177 (0.5028)  time: 0.0731  data: 0.0003  max mem: 5415
Passive Test:  [  1680/?]  eta: ?  loss: 1.4785 (1.8000)  accuracy: 0.5000 (0.4965)  balanced_accuracy: 0.4631 (0.5051)  f1_weighted: 0.5288 (0.5026)  time: 0.0732  data: 0.0003  max mem: 5415
Passive Test:  [  1690/?]  eta: ?  loss: 1.4812 (1.7984)  accuracy: 0.5000 (0.4965)  balanced_accuracy: 0.4786 (0.5050)  f1_weighted: 0.5123 (0.5027)  time: 0.0729  data: 0.0003  max mem: 5415
Passive Test:  [  1700/?]  eta: ?  loss: 1.5570 (1.7983)  accuracy: 0.4688 (0.4963)  balanced_accuracy: 0.4897 (0.5047)  f1_weighted: 0.4735 (0.5025)  time: 0.0634  data: 0.0003  max mem: 5415
Passive Test:  [  1710/?]  eta: ?  loss: 1.7928 (1.7967)  accuracy: 0.4688 (0.4963)  balanced_accuracy: 0.4897 (0.5046)  f1_weighted: 0.4735 (0.5027)  time: 0.0635  data: 0.0003  max mem: 5415
Passive Test:  [  1720/?]  eta: ?  loss: 1.2577 (1.7937)  accuracy: 0.5625 (0.4966)  balanced_accuracy: 0.5641 (0.5051)  f1_weighted: 0.5720 (0.5032)  time: 0.0626  data: 0.0003  max mem: 5415
Passive Test:  [  1730/?]  eta: ?  loss: 1.0438 (1.7909)  accuracy: 0.5938 (0.4969)  balanced_accuracy: 0.5933 (0.5054)  f1_weighted: 0.6413 (0.5037)  time: 0.0618  data: 0.0002  max mem: 5415
Passive Test:  [  1740/?]  eta: ?  loss: 1.0317 (1.7891)  accuracy: 0.5312 (0.4971)  balanced_accuracy: 0.5688 (0.5055)  f1_weighted: 0.6232 (0.5040)  time: 0.0612  data: 0.0002  max mem: 5415
Passive Test:  [  1750/?]  eta: ?  loss: 1.1828 (1.7879)  accuracy: 0.5312 (0.4970)  balanced_accuracy: 0.5344 (0.5055)  f1_weighted: 0.5992 (0.5041)  time: 0.0615  data: 0.0003  max mem: 5415
Passive Test:  [  1760/?]  eta: ?  loss: 1.3156 (1.7875)  accuracy: 0.4219 (0.4967)  balanced_accuracy: 0.4514 (0.5052)  f1_weighted: 0.5036 (0.5039)  time: 0.0612  data: 0.0002  max mem: 5415
Passive Test:  [  1770/?]  eta: ?  loss: 1.2188 (1.7850)  accuracy: 0.4375 (0.4968)  balanced_accuracy: 0.4722 (0.5056)  f1_weighted: 0.5181 (0.5041)  time: 0.0619  data: 0.0002  max mem: 5415
Passive Test:  [  1780/?]  eta: ?  loss: 1.0248 (1.7831)  accuracy: 0.5312 (0.4969)  balanced_accuracy: 0.5439 (0.5056)  f1_weighted: 0.5597 (0.5043)  time: 0.0624  data: 0.0002  max mem: 5415
Passive Test:  [  1790/?]  eta: ?  loss: 1.1037 (1.7810)  accuracy: 0.5469 (0.4972)  balanced_accuracy: 0.5470 (0.5060)  f1_weighted: 0.5597 (0.5045)  time: 0.0621  data: 0.0002  max mem: 5415
Passive Test:  [  1800/?]  eta: ?  loss: 1.4881 (1.7796)  accuracy: 0.5469 (0.4973)  balanced_accuracy: 0.5470 (0.5061)  f1_weighted: 0.5371 (0.5047)  time: 0.0623  data: 0.0002  max mem: 5415
Passive Test:  [  1810/?]  eta: ?  loss: 1.7222 (1.7797)  accuracy: 0.4688 (0.4970)  balanced_accuracy: 0.5308 (0.5061)  f1_weighted: 0.4333 (0.5044)  time: 0.0620  data: 0.0002  max mem: 5415
Passive Test:  [  1820/?]  eta: ?  loss: 1.7222 (1.7793)  accuracy: 0.4688 (0.4970)  balanced_accuracy: 0.4872 (0.5061)  f1_weighted: 0.4406 (0.5044)  time: 0.0617  data: 0.0003  max mem: 5415
Passive Test:  [  1830/?]  eta: ?  loss: 1.5998 (1.7790)  accuracy: 0.5156 (0.4970)  balanced_accuracy: 0.4872 (0.5062)  f1_weighted: 0.4900 (0.5044)  time: 0.0607  data: 0.0002  max mem: 5415
Passive Test:  [  1840/?]  eta: ?  loss: 1.5946 (1.7790)  accuracy: 0.5156 (0.4971)  balanced_accuracy: 0.5324 (0.5063)  f1_weighted: 0.4969 (0.5047)  time: 0.0603  data: 0.0002  max mem: 5415
Passive Test:  [  1850/?]  eta: ?  loss: 1.8059 (1.7793)  accuracy: 0.5156 (0.4971)  balanced_accuracy: 0.5051 (0.5063)  f1_weighted: 0.5051 (0.5048)  time: 0.0595  data: 0.0002  max mem: 5415
Passive Test:  [  1860/?]  eta: ?  loss: 1.8059 (1.7776)  accuracy: 0.5156 (0.4973)  balanced_accuracy: 0.4974 (0.5065)  f1_weighted: 0.5002 (0.5050)  time: 0.0609  data: 0.0002  max mem: 5415
Passive Test:  [  1870/?]  eta: ?  loss: 1.4283 (1.7756)  accuracy: 0.5469 (0.4978)  balanced_accuracy: 0.5564 (0.5070)  f1_weighted: 0.5418 (0.5055)  time: 0.0635  data: 0.0003  max mem: 5415
Passive Test:  [  1880/?]  eta: ?  loss: 1.4175 (1.7739)  accuracy: 0.5625 (0.4982)  balanced_accuracy: 0.5887 (0.5073)  f1_weighted: 0.5614 (0.5059)  time: 0.0635  data: 0.0003  max mem: 5415
Passive Test:  [  1890/?]  eta: ?  loss: 1.4423 (1.7717)  accuracy: 0.5625 (0.4988)  balanced_accuracy: 0.5887 (0.5078)  f1_weighted: 0.5614 (0.5063)  time: 0.0629  data: 0.0003  max mem: 5415
Passive Test:  [  1900/?]  eta: ?  loss: 1.4423 (1.7706)  accuracy: 0.6250 (0.4993)  balanced_accuracy: 0.5641 (0.5082)  f1_weighted: 0.6042 (0.5066)  time: 0.0679  data: 0.0002  max mem: 5415
Passive Test:  [  1910/?]  eta: ?  loss: 1.5919 (1.7703)  accuracy: 0.5938 (0.4997)  balanced_accuracy: 0.5359 (0.5085)  f1_weighted: 0.5878 (0.5068)  time: 0.0671  data: 0.0002  max mem: 5415
Passive Test:  [  1920/?]  eta: ?  loss: 1.6000 (1.7698)  accuracy: 0.5781 (0.5000)  balanced_accuracy: 0.5323 (0.5089)  f1_weighted: 0.5330 (0.5069)  time: 0.0614  data: 0.0002  max mem: 5415
Passive Test:  [  1930/?]  eta: ?  loss: 1.7747 (1.7696)  accuracy: 0.5625 (0.5004)  balanced_accuracy: 0.5979 (0.5094)  f1_weighted: 0.5477 (0.5072)  time: 0.0606  data: 0.0002  max mem: 5415
Passive Test:  [  1940/?]  eta: ?  loss: 1.6735 (1.7699)  accuracy: 0.5625 (0.5005)  balanced_accuracy: 0.5687 (0.5094)  f1_weighted: 0.5477 (0.5073)  time: 0.0598  data: 0.0002  max mem: 5415
Passive Test:  [  1950/?]  eta: ?  loss: 1.6517 (1.7706)  accuracy: 0.5156 (0.5007)  balanced_accuracy: 0.5636 (0.5094)  f1_weighted: 0.5590 (0.5077)  time: 0.0609  data: 0.0002  max mem: 5415
Passive Test:  [  1960/?]  eta: ?  loss: 1.5956 (1.7713)  accuracy: 0.5469 (0.5009)  balanced_accuracy: 0.5342 (0.5096)  f1_weighted: 0.5943 (0.5080)  time: 0.0617  data: 0.0002  max mem: 5415
Passive Test:  [  1970/?]  eta: ?  loss: 1.4859 (1.7722)  accuracy: 0.5469 (0.5009)  balanced_accuracy: 0.5313 (0.5095)  f1_weighted: 0.5923 (0.5082)  time: 0.0626  data: 0.0002  max mem: 5415
Passive Test:  [  1980/?]  eta: ?  loss: 1.3277 (1.7704)  accuracy: 0.5938 (0.5014)  balanced_accuracy: 0.5985 (0.5100)  f1_weighted: 0.6186 (0.5089)  time: 0.0614  data: 0.0002  max mem: 5415
Passive Test:  [  1990/?]  eta: ?  loss: 1.1108 (1.7694)  accuracy: 0.6250 (0.5017)  balanced_accuracy: 0.6164 (0.5102)  f1_weighted: 0.6506 (0.5092)  time: 0.0603  data: 0.0002  max mem: 5415
Passive Test:  [  2000/?]  eta: ?  loss: 1.1274 (1.7672)  accuracy: 0.6250 (0.5022)  balanced_accuracy: 0.5851 (0.5105)  f1_weighted: 0.6062 (0.5099)  time: 0.0624  data: 0.0003  max mem: 5415
Passive Test:  [  2010/?]  eta: ?  loss: 1.1274 (1.7651)  accuracy: 0.6094 (0.5027)  balanced_accuracy: 0.5769 (0.5109)  f1_weighted: 0.6218 (0.5104)  time: 0.0635  data: 0.0003  max mem: 5415
Passive Test:  [  2020/?]  eta: ?  loss: 1.2219 (1.7631)  accuracy: 0.5781 (0.5029)  balanced_accuracy: 0.5769 (0.5112)  f1_weighted: 0.5985 (0.5106)  time: 0.0630  data: 0.0003  max mem: 5415
Passive Test:  [  2030/?]  eta: ?  loss: 1.1937 (1.7610)  accuracy: 0.5938 (0.5033)  balanced_accuracy: 0.6161 (0.5118)  f1_weighted: 0.5985 (0.5110)  time: 0.0727  data: 0.0003  max mem: 5415
Passive Test:  [  2040/?]  eta: ?  loss: 1.5772 (1.7606)  accuracy: 0.5938 (0.5035)  balanced_accuracy: 0.6410 (0.5123)  f1_weighted: 0.5748 (0.5112)  time: 0.0730  data: 0.0003  max mem: 5415
Passive Test:  [  2050/?]  eta: ?  loss: 1.5828 (1.7599)  accuracy: 0.4688 (0.5034)  balanced_accuracy: 0.5703 (0.5123)  f1_weighted: 0.5526 (0.5111)  time: 0.0631  data: 0.0003  max mem: 5415
Passive Test:  [  2060/?]  eta: ?  loss: 1.4739 (1.7599)  accuracy: 0.4688 (0.5031)  balanced_accuracy: 0.4697 (0.5124)  f1_weighted: 0.4984 (0.5110)  time: 0.0634  data: 0.0003  max mem: 5415
Passive Test:  [  2070/?]  eta: ?  loss: 1.4192 (1.7581)  accuracy: 0.4844 (0.5031)  balanced_accuracy: 0.5000 (0.5126)  f1_weighted: 0.4890 (0.5111)  time: 0.0622  data: 0.0003  max mem: 5415
Passive Test:  [  2080/?]  eta: ?  loss: 1.1849 (1.7550)  accuracy: 0.5000 (0.5033)  balanced_accuracy: 0.6097 (0.5131)  f1_weighted: 0.5332 (0.5115)  time: 0.0629  data: 0.0003  max mem: 5415
Passive Test:  [  2090/?]  eta: ?  loss: 1.2370 (1.7533)  accuracy: 0.4844 (0.5032)  balanced_accuracy: 0.5179 (0.5131)  f1_weighted: 0.5241 (0.5115)  time: 0.0718  data: 0.0003  max mem: 5415
Passive Test:  [  2100/?]  eta: ?  loss: 1.2913 (1.7515)  accuracy: 0.4688 (0.5033)  balanced_accuracy: 0.5179 (0.5133)  f1_weighted: 0.5241 (0.5120)  time: 0.0796  data: 0.0003  max mem: 5415
Passive Test:  [  2110/?]  eta: ?  loss: 1.2378 (1.7501)  accuracy: 0.4844 (0.5034)  balanced_accuracy: 0.5192 (0.5133)  f1_weighted: 0.5655 (0.5123)  time: 0.0735  data: 0.0003  max mem: 5415
Passive Test:  [  2120/?]  eta: ?  loss: 1.0730 (1.7476)  accuracy: 0.5156 (0.5038)  balanced_accuracy: 0.5121 (0.5136)  f1_weighted: 0.5743 (0.5129)  time: 0.0709  data: 0.0003  max mem: 5415
Passive Test:  [  2130/?]  eta: ?  loss: 1.0650 (1.7458)  accuracy: 0.5469 (0.5041)  balanced_accuracy: 0.5800 (0.5140)  f1_weighted: 0.6126 (0.5135)  time: 0.0703  data: 0.0003  max mem: 5415
Passive Test:  [  2140/?]  eta: ?  loss: 1.4021 (1.7448)  accuracy: 0.5469 (0.5040)  balanced_accuracy: 0.5805 (0.5142)  f1_weighted: 0.5886 (0.5138)  time: 0.0704  data: 0.0002  max mem: 5415
Passive Test:  [  2150/?]  eta: ?  loss: 1.3229 (1.7434)  accuracy: 0.5000 (0.5041)  balanced_accuracy: 0.5805 (0.5146)  f1_weighted: 0.5655 (0.5142)  time: 0.0704  data: 0.0003  max mem: 5415
Passive Test:  [  2160/?]  eta: ?  loss: 1.2607 (1.7412)  accuracy: 0.5781 (0.5044)  balanced_accuracy: 0.5921 (0.5151)  f1_weighted: 0.6404 (0.5147)  time: 0.0639  data: 0.0003  max mem: 5415
Passive Test:  [  2170/?]  eta: ?  loss: 1.2759 (1.7393)  accuracy: 0.5781 (0.5046)  balanced_accuracy: 0.5709 (0.5155)  f1_weighted: 0.6600 (0.5152)  time: 0.0614  data: 0.0002  max mem: 5415
Passive Test:  [  2180/?]  eta: ?  loss: 1.2759 (1.7373)  accuracy: 0.4688 (0.5047)  balanced_accuracy: 0.4932 (0.5157)  f1_weighted: 0.5387 (0.5155)  time: 0.0616  data: 0.0002  max mem: 5415
Passive Test:  [  2190/?]  eta: ?  loss: 1.2063 (1.7354)  accuracy: 0.4688 (0.5050)  balanced_accuracy: 0.4964 (0.5161)  f1_weighted: 0.5260 (0.5159)  time: 0.0631  data: 0.0003  max mem: 5415
Passive Test:  [  2200/?]  eta: ?  loss: 1.2337 (1.7336)  accuracy: 0.5156 (0.5052)  balanced_accuracy: 0.5020 (0.5162)  f1_weighted: 0.5501 (0.5162)  time: 0.0613  data: 0.0002  max mem: 5415
Passive Test:  [  2210/?]  eta: ?  loss: 1.2337 (1.7328)  accuracy: 0.4844 (0.5052)  balanced_accuracy: 0.4692 (0.5161)  f1_weighted: 0.5501 (0.5164)  time: 0.0615  data: 0.0002  max mem: 5415
Passive Test:  [  2220/?]  eta: ?  loss: 0.9956 (1.7307)  accuracy: 0.4375 (0.5053)  balanced_accuracy: 0.4889 (0.5161)  f1_weighted: 0.4826 (0.5164)  time: 0.0621  data: 0.0002  max mem: 5415
Passive Test:  [  2230/?]  eta: ?  loss: 1.1846 (1.7298)  accuracy: 0.4219 (0.5050)  balanced_accuracy: 0.4765 (0.5158)  f1_weighted: 0.4622 (0.5162)  time: 0.0627  data: 0.0002  max mem: 5415
Passive Test:  [  2240/?]  eta: ?  loss: 1.3415 (1.7297)  accuracy: 0.4062 (0.5046)  balanced_accuracy: 0.4241 (0.5155)  f1_weighted: 0.4333 (0.5160)  time: 0.0634  data: 0.0002  max mem: 5415
Passive Test:  [  2250/?]  eta: ?  loss: 1.4348 (1.7298)  accuracy: 0.4062 (0.5043)  balanced_accuracy: 0.4241 (0.5152)  f1_weighted: 0.4232 (0.5158)  time: 0.0679  data: 0.0002  max mem: 5415
Passive Test:  [  2260/?]  eta: ?  loss: 1.2465 (1.7284)  accuracy: 0.4219 (0.5043)  balanced_accuracy: 0.4605 (0.5152)  f1_weighted: 0.4288 (0.5159)  time: 0.0671  data: 0.0002  max mem: 5415
Passive Test:  [  2270/?]  eta: ?  loss: 1.1469 (1.7266)  accuracy: 0.4844 (0.5043)  balanced_accuracy: 0.4879 (0.5153)  f1_weighted: 0.4959 (0.5161)  time: 0.0618  data: 0.0003  max mem: 5415
Passive Test:  [  2280/?]  eta: ?  loss: 1.3329 (1.7265)  accuracy: 0.4375 (0.5040)  balanced_accuracy: 0.4701 (0.5151)  f1_weighted: 0.4477 (0.5159)  time: 0.0639  data: 0.0003  max mem: 5415
Passive Test:  [  2290/?]  eta: ?  loss: 1.5826 (1.7264)  accuracy: 0.4375 (0.5039)  balanced_accuracy: 0.5061 (0.5152)  f1_weighted: 0.4598 (0.5159)  time: 0.0645  data: 0.0003  max mem: 5415
Passive Test:  [  2300/?]  eta: ?  loss: 1.5545 (1.7258)  accuracy: 0.4844 (0.5039)  balanced_accuracy: 0.5470 (0.5152)  f1_weighted: 0.5014 (0.5159)  time: 0.0638  data: 0.0003  max mem: 5415
Passive Test:  [  2310/?]  eta: ?  loss: 1.5545 (1.7262)  accuracy: 0.4688 (0.5039)  balanced_accuracy: 0.4642 (0.5151)  f1_weighted: 0.5129 (0.5159)  time: 0.0635  data: 0.0003  max mem: 5415
Passive Test:  [  2320/?]  eta: ?  loss: 1.6950 (1.7261)  accuracy: 0.4688 (0.5038)  balanced_accuracy: 0.4501 (0.5149)  f1_weighted: 0.4810 (0.5158)  time: 0.0646  data: 0.0003  max mem: 5415
Passive Test:  [  2330/?]  eta: ?  loss: 1.7414 (1.7265)  accuracy: 0.4688 (0.5037)  balanced_accuracy: 0.4251 (0.5146)  f1_weighted: 0.4559 (0.5157)  time: 0.0650  data: 0.0003  max mem: 5415
Passive Test:  [  2340/?]  eta: ?  loss: 1.6861 (1.7278)  accuracy: 0.4531 (0.5036)  balanced_accuracy: 0.3725 (0.5143)  f1_weighted: 0.4433 (0.5155)  time: 0.0625  data: 0.0003  max mem: 5415
Passive Test:  [  2350/?]  eta: ?  loss: 1.6259 (1.7295)  accuracy: 0.4531 (0.5032)  balanced_accuracy: 0.3815 (0.5138)  f1_weighted: 0.4264 (0.5150)  time: 0.0627  data: 0.0003  max mem: 5415
Passive Test:  [  2360/?]  eta: ?  loss: 1.6259 (1.7288)  accuracy: 0.4844 (0.5033)  balanced_accuracy: 0.4513 (0.5138)  f1_weighted: 0.4626 (0.5151)  time: 0.0650  data: 0.0003  max mem: 5415
Passive Test:  [  2370/?]  eta: ?  loss: 1.4217 (1.7274)  accuracy: 0.5625 (0.5037)  balanced_accuracy: 0.5012 (0.5141)  f1_weighted: 0.5418 (0.5154)  time: 0.0645  data: 0.0003  max mem: 5415
Passive Test:  [  2380/?]  eta: ?  loss: 1.3409 (1.7260)  accuracy: 0.5781 (0.5039)  balanced_accuracy: 0.6015 (0.5143)  f1_weighted: 0.6080 (0.5158)  time: 0.0631  data: 0.0003  max mem: 5415
Passive Test:  [  2390/?]  eta: ?  loss: 1.1459 (1.7236)  accuracy: 0.5625 (0.5043)  balanced_accuracy: 0.6199 (0.5147)  f1_weighted: 0.6038 (0.5163)  time: 0.0634  data: 0.0003  max mem: 5415
Passive Test:  [  2400/?]  eta: ?  loss: 1.1459 (1.7216)  accuracy: 0.5469 (0.5048)  balanced_accuracy: 0.6199 (0.5152)  f1_weighted: 0.6073 (0.5168)  time: 0.0627  data: 0.0003  max mem: 5415
Passive Test:  [  2410/?]  eta: ?  loss: 1.2261 (1.7208)  accuracy: 0.5312 (0.5050)  balanced_accuracy: 0.5617 (0.5153)  f1_weighted: 0.6214 (0.5173)  time: 0.0602  data: 0.0002  max mem: 5415
Passive Test:  [  2420/?]  eta: ?  loss: 1.2266 (1.7191)  accuracy: 0.5625 (0.5056)  balanced_accuracy: 0.5810 (0.5158)  f1_weighted: 0.6290 (0.5180)  time: 0.0602  data: 0.0002  max mem: 5415
Passive Test:  [  2430/?]  eta: ?  loss: 1.4702 (1.7180)  accuracy: 0.5781 (0.5060)  balanced_accuracy: 0.6405 (0.5163)  f1_weighted: 0.6187 (0.5185)  time: 0.0623  data: 0.0003  max mem: 5415
Passive Test:  [  2440/?]  eta: ?  loss: 1.5906 (1.7172)  accuracy: 0.5781 (0.5064)  balanced_accuracy: 0.5867 (0.5169)  f1_weighted: 0.6148 (0.5190)  time: 0.0610  data: 0.0002  max mem: 5415
Passive Test:  [  2450/?]  eta: ?  loss: 1.7372 (1.7166)  accuracy: 0.5938 (0.5068)  balanced_accuracy: 0.6174 (0.5174)  f1_weighted: 0.6388 (0.5194)  time: 0.0600  data: 0.0002  max mem: 5415
Passive Test:  [  2460/?]  eta: ?  loss: 1.7179 (1.7161)  accuracy: 0.6094 (0.5071)  balanced_accuracy: 0.6174 (0.5179)  f1_weighted: 0.6388 (0.5199)  time: 0.0610  data: 0.0002  max mem: 5415
Passive Test:  [  2470/?]  eta: ?  loss: 1.6266 (1.7160)  accuracy: 0.5469 (0.5073)  balanced_accuracy: 0.5923 (0.5182)  f1_weighted: 0.5992 (0.5201)  time: 0.0623  data: 0.0003  max mem: 5415
Passive Test:  [  2480/?]  eta: ?  loss: 1.4539 (1.7135)  accuracy: 0.5312 (0.5077)  balanced_accuracy: 0.5436 (0.5186)  f1_weighted: 0.5448 (0.5206)  time: 0.0633  data: 0.0003  max mem: 5415
Passive Test:  [  2490/?]  eta: ?  loss: 1.2410 (1.7127)  accuracy: 0.5156 (0.5078)  balanced_accuracy: 0.5446 (0.5188)  f1_weighted: 0.5448 (0.5208)  time: 0.0723  data: 0.0003  max mem: 5415
Passive Test:  [  2500/?]  eta: ?  loss: 1.4296 (1.7111)  accuracy: 0.5000 (0.5081)  balanced_accuracy: 0.5620 (0.5192)  f1_weighted: 0.5376 (0.5212)  time: 0.0720  data: 0.0003  max mem: 5415
Passive Test:  [  2510/?]  eta: ?  loss: 1.1553 (1.7094)  accuracy: 0.5312 (0.5084)  balanced_accuracy: 0.6507 (0.5197)  f1_weighted: 0.5868 (0.5216)  time: 0.0622  data: 0.0003  max mem: 5415
Passive Test:  [  2520/?]  eta: ?  loss: 1.1264 (1.7072)  accuracy: 0.5469 (0.5088)  balanced_accuracy: 0.6346 (0.5202)  f1_weighted: 0.6161 (0.5222)  time: 0.0618  data: 0.0003  max mem: 5415
Passive Test:  [  2530/?]  eta: ?  loss: 1.2035 (1.7068)  accuracy: 0.5000 (0.5090)  balanced_accuracy: 0.5694 (0.5204)  f1_weighted: 0.5547 (0.5225)  time: 0.0597  data: 0.0002  max mem: 5415
Passive Test:  [  2540/?]  eta: ?  loss: 1.5024 (1.7058)  accuracy: 0.4688 (0.5093)  balanced_accuracy: 0.5400 (0.5207)  f1_weighted: 0.5547 (0.5230)  time: 0.0587  data: 0.0002  max mem: 5415
Passive Test:  [  2550/?]  eta: ?  loss: 1.5586 (1.7048)  accuracy: 0.5000 (0.5095)  balanced_accuracy: 0.5400 (0.5210)  f1_weighted: 0.5500 (0.5234)  time: 0.0617  data: 0.0003  max mem: 5415
Passive Test:  [  2560/?]  eta: ?  loss: 1.5365 (1.7036)  accuracy: 0.5156 (0.5099)  balanced_accuracy: 0.5415 (0.5213)  f1_weighted: 0.6069 (0.5239)  time: 0.0723  data: 0.0003  max mem: 5415
Passive Test:  [  2570/?]  eta: ?  loss: 1.5125 (1.7027)  accuracy: 0.5625 (0.5101)  balanced_accuracy: 0.5662 (0.5217)  f1_weighted: 0.6094 (0.5242)  time: 0.0704  data: 0.0003  max mem: 5415
Passive Test:  [  2580/?]  eta: ?  loss: 1.3131 (1.7001)  accuracy: 0.6406 (0.5106)  balanced_accuracy: 0.6390 (0.5223)  f1_weighted: 0.6476 (0.5249)  time: 0.0607  data: 0.0003  max mem: 5415
Passive Test:  [  2590/?]  eta: ?  loss: 1.0260 (1.6977)  accuracy: 0.6719 (0.5110)  balanced_accuracy: 0.6390 (0.5228)  f1_weighted: 0.6839 (0.5254)  time: 0.0687  data: 0.0002  max mem: 5415
Passive Test:  [  2600/?]  eta: ?  loss: 0.8369 (1.6951)  accuracy: 0.6719 (0.5115)  balanced_accuracy: 0.6374 (0.5235)  f1_weighted: 0.7256 (0.5260)  time: 0.0698  data: 0.0003  max mem: 5415
Passive Test:  [  2610/?]  eta: ?  loss: 0.8882 (1.6933)  accuracy: 0.6094 (0.5116)  balanced_accuracy: 0.5951 (0.5238)  f1_weighted: 0.6184 (0.5262)  time: 0.0722  data: 0.0003  max mem: 5415
Passive Test:  [  2620/?]  eta: ?  loss: 0.9227 (1.6913)  accuracy: 0.5938 (0.5118)  balanced_accuracy: 0.5923 (0.5241)  f1_weighted: 0.6040 (0.5263)  time: 0.0719  data: 0.0003  max mem: 5415
Passive Test:  [  2630/?]  eta: ?  loss: 1.0925 (1.6898)  accuracy: 0.5469 (0.5118)  balanced_accuracy: 0.5972 (0.5243)  f1_weighted: 0.5360 (0.5263)  time: 0.0634  data: 0.0003  max mem: 5415
Passive Test:  [  2640/?]  eta: ?  loss: 1.1053 (1.6874)  accuracy: 0.5156 (0.5120)  balanced_accuracy: 0.5860 (0.5245)  f1_weighted: 0.5751 (0.5265)  time: 0.0648  data: 0.0003  max mem: 5415
Passive Test:  [  2650/?]  eta: ?  loss: 1.0813 (1.6850)  accuracy: 0.5781 (0.5123)  balanced_accuracy: 0.5718 (0.5247)  f1_weighted: 0.6047 (0.5268)  time: 0.0637  data: 0.0003  max mem: 5415
Passive Test:  [  2660/?]  eta: ?  loss: 1.1431 (1.6839)  accuracy: 0.5781 (0.5124)  balanced_accuracy: 0.5446 (0.5248)  f1_weighted: 0.5866 (0.5269)  time: 0.0628  data: 0.0003  max mem: 5415
Passive Test:  [  2670/?]  eta: ?  loss: 1.5351 (1.6842)  accuracy: 0.4688 (0.5121)  balanced_accuracy: 0.4656 (0.5242)  f1_weighted: 0.5133 (0.5266)  time: 0.0620  data: 0.0003  max mem: 5415
Passive Test:  [  2680/?]  eta: ?  loss: 1.6420 (1.6835)  accuracy: 0.4219 (0.5122)  balanced_accuracy: 0.3792 (0.5241)  f1_weighted: 0.4747 (0.5266)  time: 0.0610  data: 0.0003  max mem: 5415
Passive Test:  [  2690/?]  eta: ?  loss: 1.4868 (1.6844)  accuracy: 0.4531 (0.5118)  balanced_accuracy: 0.3792 (0.5235)  f1_weighted: 0.5165 (0.5263)  time: 0.0671  data: 0.0002  max mem: 5415
Passive Test:  [  2700/?]  eta: ?  loss: 1.8405 (1.6848)  accuracy: 0.4531 (0.5118)  balanced_accuracy: 0.3913 (0.5234)  f1_weighted: 0.4743 (0.5262)  time: 0.0675  data: 0.0002  max mem: 5415
Passive Test:  [  2710/?]  eta: ?  loss: 1.9900 (1.6862)  accuracy: 0.4531 (0.5115)  balanced_accuracy: 0.3908 (0.5228)  f1_weighted: 0.4403 (0.5258)  time: 0.0635  data: 0.0003  max mem: 5415
Passive Test:  [  2720/?]  eta: ?  loss: 2.1979 (1.6881)  accuracy: 0.3750 (0.5111)  balanced_accuracy: 0.3623 (0.5223)  f1_weighted: 0.3818 (0.5254)  time: 0.0633  data: 0.0003  max mem: 5415
Passive Test:  [  2730/?]  eta: ?  loss: 2.0784 (1.6888)  accuracy: 0.3906 (0.5108)  balanced_accuracy: 0.4008 (0.5219)  f1_weighted: 0.3955 (0.5251)  time: 0.0620  data: 0.0002  max mem: 5415
Passive Test:  [  2740/?]  eta: ?  loss: 1.7776 (1.6889)  accuracy: 0.4531 (0.5107)  balanced_accuracy: 0.4413 (0.5217)  f1_weighted: 0.4608 (0.5249)  time: 0.0619  data: 0.0003  max mem: 5415
Passive Test:  [  2750/?]  eta: ?  loss: 1.6522 (1.6882)  accuracy: 0.5000 (0.5106)  balanced_accuracy: 0.4764 (0.5215)  f1_weighted: 0.4959 (0.5248)  time: 0.0625  data: 0.0003  max mem: 5415
Passive Test:  [  2760/?]  eta: ?  loss: 1.3785 (1.6877)  accuracy: 0.5469 (0.5107)  balanced_accuracy: 0.5205 (0.5216)  f1_weighted: 0.5455 (0.5249)  time: 0.0629  data: 0.0003  max mem: 5415
Passive Test:  [  2770/?]  eta: ?  loss: 1.3649 (1.6868)  accuracy: 0.5625 (0.5109)  balanced_accuracy: 0.5728 (0.5218)  f1_weighted: 0.5780 (0.5250)  time: 0.0614  data: 0.0003  max mem: 5415
Passive Test:  [  2780/?]  eta: ?  loss: 1.3862 (1.6858)  accuracy: 0.6094 (0.5112)  balanced_accuracy: 0.6262 (0.5222)  f1_weighted: 0.5780 (0.5252)  time: 0.0607  data: 0.0002  max mem: 5415
Passive Test:  [  2790/?]  eta: ?  loss: 1.4378 (1.6850)  accuracy: 0.5938 (0.5114)  balanced_accuracy: 0.6215 (0.5225)  f1_weighted: 0.5619 (0.5253)  time: 0.0625  data: 0.0003  max mem: 5415
Passive Test:  [  2800/?]  eta: ?  loss: 1.5738 (1.6846)  accuracy: 0.5312 (0.5114)  balanced_accuracy: 0.5585 (0.5224)  f1_weighted: 0.5307 (0.5252)  time: 0.0621  data: 0.0003  max mem: 5415
Passive Test:  [  2810/?]  eta: ?  loss: 1.6648 (1.6851)  accuracy: 0.4844 (0.5114)  balanced_accuracy: 0.4785 (0.5223)  f1_weighted: 0.4700 (0.5250)  time: 0.0621  data: 0.0003  max mem: 5415
Passive Test:  [  2820/?]  eta: ?  loss: 1.5146 (1.6841)  accuracy: 0.5781 (0.5115)  balanced_accuracy: 0.5940 (0.5224)  f1_weighted: 0.5374 (0.5251)  time: 0.0640  data: 0.0003  max mem: 5415
Passive Test:  [  2830/?]  eta: ?  loss: 1.3425 (1.6841)  accuracy: 0.5781 (0.5115)  balanced_accuracy: 0.5477 (0.5221)  f1_weighted: 0.5516 (0.5250)  time: 0.0632  data: 0.0003  max mem: 5415
Passive Test:  [  2840/?]  eta: ?  loss: 1.6488 (1.6831)  accuracy: 0.4531 (0.5116)  balanced_accuracy: 0.4682 (0.5222)  f1_weighted: 0.5113 (0.5251)  time: 0.0618  data: 0.0002  max mem: 5415
Passive Test:  [  2850/?]  eta: ?  loss: 1.5937 (1.6821)  accuracy: 0.5312 (0.5118)  balanced_accuracy: 0.5287 (0.5223)  f1_weighted: 0.5312 (0.5253)  time: 0.0631  data: 0.0003  max mem: 5415
Passive Test:  [  2860/?]  eta: ?  loss: 1.5521 (1.6817)  accuracy: 0.5312 (0.5119)  balanced_accuracy: 0.5287 (0.5223)  f1_weighted: 0.5523 (0.5254)  time: 0.0633  data: 0.0003  max mem: 5415
Passive Test:  [  2870/?]  eta: ?  loss: 1.0371 (1.6812)  accuracy: 0.5000 (0.5121)  balanced_accuracy: 0.4663 (0.5224)  f1_weighted: 0.5220 (0.5256)  time: 0.0624  data: 0.0003  max mem: 5415
Passive Test:  [  2880/?]  eta: ?  loss: 1.6039 (1.6810)  accuracy: 0.5625 (0.5121)  balanced_accuracy: 0.5491 (0.5224)  f1_weighted: 0.5456 (0.5256)  time: 0.0624  data: 0.0002  max mem: 5415
Passive Test:  [  2890/?]  eta: ?  loss: 1.6039 (1.6811)  accuracy: 0.5625 (0.5120)  balanced_accuracy: 0.5087 (0.5222)  f1_weighted: 0.5512 (0.5256)  time: 0.0620  data: 0.0002  max mem: 5415
Passive Test:  [  2900/?]  eta: ?  loss: 1.2595 (1.6810)  accuracy: 0.5469 (0.5118)  balanced_accuracy: 0.4787 (0.5219)  f1_weighted: 0.5554 (0.5254)  time: 0.0613  data: 0.0002  max mem: 5415
Passive Test:  [  2910/?]  eta: ?  loss: 1.2614 (1.6798)  accuracy: 0.5469 (0.5118)  balanced_accuracy: 0.5030 (0.5218)  f1_weighted: 0.5896 (0.5254)  time: 0.0619  data: 0.0002  max mem: 5415
Passive Test:  [  2920/?]  eta: ?  loss: 1.2614 (1.6789)  accuracy: 0.5156 (0.5117)  balanced_accuracy: 0.4846 (0.5216)  f1_weighted: 0.5093 (0.5253)  time: 0.0626  data: 0.0003  max mem: 5415
Passive Test:  [  2930/?]  eta: ?  loss: 1.1873 (1.6774)  accuracy: 0.5156 (0.5118)  balanced_accuracy: 0.4928 (0.5219)  f1_weighted: 0.5112 (0.5255)  time: 0.0630  data: 0.0003  max mem: 5415
Passive Test:  [  2940/?]  eta: ?  loss: 1.4342 (1.6769)  accuracy: 0.4531 (0.5117)  balanced_accuracy: 0.5918 (0.5218)  f1_weighted: 0.4822 (0.5253)  time: 0.0630  data: 0.0002  max mem: 5415
Passive Test:  [  2950/?]  eta: ?  loss: 1.4360 (1.6762)  accuracy: 0.4375 (0.5118)  balanced_accuracy: 0.5882 (0.5220)  f1_weighted: 0.4822 (0.5255)  time: 0.0636  data: 0.0002  max mem: 5415
Passive Test:  [  2960/?]  eta: ?  loss: 1.2207 (1.6752)  accuracy: 0.5625 (0.5120)  balanced_accuracy: 0.5784 (0.5223)  f1_weighted: 0.5860 (0.5257)  time: 0.0731  data: 0.0003  max mem: 5415
Passive Test:  [  2970/?]  eta: ?  loss: 1.3289 (1.6750)  accuracy: 0.5469 (0.5119)  balanced_accuracy: 0.5338 (0.5225)  f1_weighted: 0.5566 (0.5257)  time: 0.0772  data: 0.0002  max mem: 5415
Passive Test:  [  2980/?]  eta: ?  loss: 1.2408 (1.6737)  accuracy: 0.5469 (0.5121)  balanced_accuracy: 0.5498 (0.5228)  f1_weighted: 0.5560 (0.5259)  time: 0.0677  data: 0.0002  max mem: 5415
Passive Test:  [  2990/?]  eta: ?  loss: 1.2033 (1.6729)  accuracy: 0.5625 (0.5122)  balanced_accuracy: 0.5790 (0.5232)  f1_weighted: 0.5879 (0.5260)  time: 0.0626  data: 0.0003  max mem: 5415
Passive Test:  [  3000/?]  eta: ?  loss: 1.3761 (1.6726)  accuracy: 0.5469 (0.5120)  balanced_accuracy: 0.5769 (0.5232)  f1_weighted: 0.5505 (0.5259)  time: 0.0634  data: 0.0003  max mem: 5415
Passive Test:  [  3010/?]  eta: ?  loss: 1.9509 (1.6743)  accuracy: 0.3750 (0.5117)  balanced_accuracy: 0.5545 (0.5231)  f1_weighted: 0.4002 (0.5255)  time: 0.0622  data: 0.0002  max mem: 5415
Passive Test:  [  3020/?]  eta: ?  loss: 1.9509 (1.6743)  accuracy: 0.3906 (0.5117)  balanced_accuracy: 0.5545 (0.5232)  f1_weighted: 0.4686 (0.5255)  time: 0.0707  data: 0.0002  max mem: 5415
Passive Test:  [  3030/?]  eta: ?  loss: 1.3465 (1.6749)  accuracy: 0.3906 (0.5116)  balanced_accuracy: 0.6072 (0.5233)  f1_weighted: 0.4702 (0.5253)  time: 0.0721  data: 0.0003  max mem: 5415
Passive Test:  [  3040/?]  eta: ?  loss: 1.3465 (1.6743)  accuracy: 0.4688 (0.5117)  balanced_accuracy: 0.6176 (0.5237)  f1_weighted: 0.4739 (0.5254)  time: 0.0630  data: 0.0003  max mem: 5415
Passive Test:  [  3050/?]  eta: ?  loss: 1.5998 (1.6756)  accuracy: 0.4531 (0.5115)  balanced_accuracy: 0.5641 (0.5237)  f1_weighted: 0.4528 (0.5251)  time: 0.0614  data: 0.0002  max mem: 5415
Passive Test:  [  3060/?]  eta: ?  loss: 1.6107 (1.6753)  accuracy: 0.4375 (0.5115)  balanced_accuracy: 0.5436 (0.5238)  f1_weighted: 0.4195 (0.5251)  time: 0.0703  data: 0.0003  max mem: 5415
Passive Test:  [  3070/?]  eta: ?  loss: 1.6107 (1.6758)  accuracy: 0.4219 (0.5113)  balanced_accuracy: 0.5620 (0.5238)  f1_weighted: 0.4195 (0.5248)  time: 0.0798  data: 0.0003  max mem: 5415
Passive Test:  [  3080/?]  eta: ?  loss: 1.6135 (1.6755)  accuracy: 0.4531 (0.5113)  balanced_accuracy: 0.5754 (0.5239)  f1_weighted: 0.4576 (0.5248)  time: 0.0698  data: 0.0003  max mem: 5415
Passive Test:  [  3090/?]  eta: ?  loss: 1.6509 (1.6760)  accuracy: 0.5000 (0.5111)  balanced_accuracy: 0.5686 (0.5238)  f1_weighted: 0.4641 (0.5246)  time: 0.0610  data: 0.0002  max mem: 5415
Passive Test:  [  3100/?]  eta: ?  loss: 1.5726 (1.6756)  accuracy: 0.4688 (0.5111)  balanced_accuracy: 0.5056 (0.5240)  f1_weighted: 0.4791 (0.5246)  time: 0.0613  data: 0.0002  max mem: 5415
Passive Test:  [  3110/?]  eta: ?  loss: 1.7369 (1.6762)  accuracy: 0.4844 (0.5110)  balanced_accuracy: 0.5951 (0.5240)  f1_weighted: 0.4791 (0.5245)  time: 0.0605  data: 0.0002  max mem: 5415
Passive Test:  [  3120/?]  eta: ?  loss: 1.7378 (1.6760)  accuracy: 0.4844 (0.5109)  balanced_accuracy: 0.5739 (0.5240)  f1_weighted: 0.4916 (0.5244)  time: 0.0612  data: 0.0002  max mem: 5415
Passive Test:  [  3130/?]  eta: ?  loss: 1.6583 (1.6763)  accuracy: 0.4844 (0.5107)  balanced_accuracy: 0.4688 (0.5237)  f1_weighted: 0.5003 (0.5243)  time: 0.0634  data: 0.0002  max mem: 5415
Passive Test:  [  3140/?]  eta: ?  loss: 1.5588 (1.6755)  accuracy: 0.4844 (0.5108)  balanced_accuracy: 0.4688 (0.5237)  f1_weighted: 0.5572 (0.5245)  time: 0.0640  data: 0.0003  max mem: 5415
Passive Test:  [  3150/?]  eta: ?  loss: 1.3790 (1.6750)  accuracy: 0.5156 (0.5108)  balanced_accuracy: 0.4551 (0.5235)  f1_weighted: 0.5572 (0.5246)  time: 0.0626  data: 0.0002  max mem: 5415
Passive Test:  [  3160/?]  eta: ?  loss: 1.3134 (1.6746)  accuracy: 0.5000 (0.5108)  balanced_accuracy: 0.4979 (0.5236)  f1_weighted: 0.5455 (0.5247)  time: 0.0618  data: 0.0002  max mem: 5415
Passive Test:  [  3170/?]  eta: ?  loss: 1.3052 (1.6743)  accuracy: 0.5156 (0.5108)  balanced_accuracy: 0.5144 (0.5235)  f1_weighted: 0.5781 (0.5248)  time: 0.0701  data: 0.0003  max mem: 5415
Passive Test:  [  3180/?]  eta: ?  loss: 1.4224 (1.6746)  accuracy: 0.4844 (0.5106)  balanced_accuracy: 0.5156 (0.5234)  f1_weighted: 0.5188 (0.5248)  time: 0.0728  data: 0.0003  max mem: 5415
Passive Test:  [  3190/?]  eta: ?  loss: 1.4633 (1.6748)  accuracy: 0.5156 (0.5106)  balanced_accuracy: 0.5781 (0.5236)  f1_weighted: 0.6037 (0.5249)  time: 0.0655  data: 0.0003  max mem: 5415
Passive Test:  [  3200/?]  eta: ?  loss: 1.5173 (1.6755)  accuracy: 0.5000 (0.5105)  balanced_accuracy: 0.5491 (0.5236)  f1_weighted: 0.5513 (0.5250)  time: 0.0641  data: 0.0003  max mem: 5415
Passive Test:  [  3210/?]  eta: ?  loss: 1.9358 (1.6767)  accuracy: 0.4531 (0.5102)  balanced_accuracy: 0.5000 (0.5234)  f1_weighted: 0.4958 (0.5248)  time: 0.0650  data: 0.0003  max mem: 5415
Passive Test:  [  3220/?]  eta: ?  loss: 1.9358 (1.6779)  accuracy: 0.4219 (0.5101)  balanced_accuracy: 0.4663 (0.5232)  f1_weighted: 0.5124 (0.5248)  time: 0.0635  data: 0.0003  max mem: 5415
Passive Test:  [  3230/?]  eta: ?  loss: 1.7674 (1.6782)  accuracy: 0.5000 (0.5100)  balanced_accuracy: 0.5138 (0.5232)  f1_weighted: 0.5778 (0.5248)  time: 0.0632  data: 0.0003  max mem: 5415
Passive Test:  [  3240/?]  eta: ?  loss: 1.7285 (1.6786)  accuracy: 0.5000 (0.5100)  balanced_accuracy: 0.5156 (0.5232)  f1_weighted: 0.5102 (0.5248)  time: 0.0640  data: 0.0003  max mem: 5415
Passive Test:  [  3250/?]  eta: ?  loss: 1.7532 (1.6793)  accuracy: 0.4844 (0.5099)  balanced_accuracy: 0.5156 (0.5231)  f1_weighted: 0.5065 (0.5248)  time: 0.0640  data: 0.0003  max mem: 5415
Passive Test:  [  3260/?]  eta: ?  loss: 1.7729 (1.6800)  accuracy: 0.4375 (0.5098)  balanced_accuracy: 0.4375 (0.5229)  f1_weighted: 0.4836 (0.5247)  time: 0.0646  data: 0.0003  max mem: 5415
Passive Test:  [  3270/?]  eta: ?  loss: 1.5698 (1.6809)  accuracy: 0.3750 (0.5096)  balanced_accuracy: 0.3750 (0.5227)  f1_weighted: 0.4850 (0.5247)  time: 0.0634  data: 0.0003  max mem: 5415
Passive Test:  [  3280/?]  eta: ?  loss: 1.5056 (1.6808)  accuracy: 0.5000 (0.5096)  balanced_accuracy: 0.5000 (0.5227)  f1_weighted: 0.5163 (0.5247)  time: 0.0625  data: 0.0003  max mem: 5415
Passive Test:  [  3290/?]  eta: ?  loss: 1.7194 (1.6814)  accuracy: 0.5000 (0.5096)  balanced_accuracy: 0.5000 (0.5227)  f1_weighted: 0.5778 (0.5248)  time: 0.0634  data: 0.0003  max mem: 5415
Passive Test:  [  3300/?]  eta: ?  loss: 1.9716 (1.6817)  accuracy: 0.4844 (0.5095)  balanced_accuracy: 0.5061 (0.5228)  f1_weighted: 0.5410 (0.5248)  time: 0.0635  data: 0.0003  max mem: 5415
Passive Test:  [  3310/?]  eta: ?  loss: 1.8208 (1.6820)  accuracy: 0.4688 (0.5095)  balanced_accuracy: 0.5061 (0.5228)  f1_weighted: 0.5388 (0.5249)  time: 0.0629  data: 0.0003  max mem: 5415
Passive Test:  [  3320/?]  eta: ?  loss: 1.6287 (1.6818)  accuracy: 0.4688 (0.5093)  balanced_accuracy: 0.5441 (0.5228)  f1_weighted: 0.4891 (0.5248)  time: 0.0611  data: 0.0003  max mem: 5415
Passive Test:  [  3330/?]  eta: ?  loss: 1.5483 (1.6816)  accuracy: 0.4844 (0.5093)  balanced_accuracy: 0.5323 (0.5228)  f1_weighted: 0.4891 (0.5249)  time: 0.0659  data: 0.0002  max mem: 5415
Passive Test:  [  3340/?]  eta: ?  loss: 1.7536 (1.6818)  accuracy: 0.4375 (0.5091)  balanced_accuracy: 0.4688 (0.5225)  f1_weighted: 0.4640 (0.5248)  time: 0.0677  data: 0.0002  max mem: 5415
Passive Test:  [  3350/?]  eta: ?  loss: 1.7540 (1.6824)  accuracy: 0.3906 (0.5088)  balanced_accuracy: 0.4688 (0.5223)  f1_weighted: 0.4528 (0.5246)  time: 0.0633  data: 0.0003  max mem: 5415
Passive Test:  [  3360/?]  eta: ?  loss: 1.7582 (1.6829)  accuracy: 0.4375 (0.5085)  balanced_accuracy: 0.4844 (0.5221)  f1_weighted: 0.5046 (0.5244)  time: 0.0629  data: 0.0003  max mem: 5415
Passive Test:  [  3370/?]  eta: ?  loss: 1.7582 (1.6831)  accuracy: 0.4688 (0.5083)  balanced_accuracy: 0.5123 (0.5220)  f1_weighted: 0.5185 (0.5242)  time: 0.0619  data: 0.0003  max mem: 5415
Passive Test:  [  3380/?]  eta: ?  loss: 1.6827 (1.6832)  accuracy: 0.4844 (0.5082)  balanced_accuracy: 0.5477 (0.5221)  f1_weighted: 0.5301 (0.5241)  time: 0.0593  data: 0.0002  max mem: 5415
Passive Test:  [  3390/?]  eta: ?  loss: 1.7550 (1.6838)  accuracy: 0.4531 (0.5080)  balanced_accuracy: 0.5596 (0.5221)  f1_weighted: 0.5036 (0.5239)  time: 0.0595  data: 0.0002  max mem: 5415
Passive Test:  [  3400/?]  eta: ?  loss: 1.7630 (1.6837)  accuracy: 0.4375 (0.5078)  balanced_accuracy: 0.5493 (0.5221)  f1_weighted: 0.4303 (0.5236)  time: 0.0621  data: 0.0003  max mem: 5415
Passive Test:  [  3410/?]  eta: ?  loss: 1.7413 (1.6838)  accuracy: 0.3906 (0.5074)  balanced_accuracy: 0.4666 (0.5218)  f1_weighted: 0.4141 (0.5233)  time: 0.0629  data: 0.0003  max mem: 5415
Passive Test:  [  3420/?]  eta: ?  loss: 1.8141 (1.6841)  accuracy: 0.3906 (0.5072)  balanced_accuracy: 0.4457 (0.5218)  f1_weighted: 0.4073 (0.5229)  time: 0.0706  data: 0.0003  max mem: 5415
Passive Test:  [  3430/?]  eta: ?  loss: 1.7514 (1.6849)  accuracy: 0.3906 (0.5069)  balanced_accuracy: 0.4548 (0.5217)  f1_weighted: 0.3992 (0.5227)  time: 0.0699  data: 0.0002  max mem: 5415
Passive Test:  [  3440/?]  eta: ?  loss: 1.6868 (1.6850)  accuracy: 0.4375 (0.5068)  balanced_accuracy: 0.4851 (0.5216)  f1_weighted: 0.4531 (0.5225)  time: 0.0609  data: 0.0002  max mem: 5415
Passive Test:  [  3450/?]  eta: ?  loss: 1.6868 (1.6855)  accuracy: 0.4375 (0.5065)  balanced_accuracy: 0.4987 (0.5214)  f1_weighted: 0.4531 (0.5222)  time: 0.0609  data: 0.0002  max mem: 5415
Passive Test:  [  3460/?]  eta: ?  loss: 1.5720 (1.6848)  accuracy: 0.4531 (0.5065)  balanced_accuracy: 0.4995 (0.5215)  f1_weighted: 0.4603 (0.5222)  time: 0.0626  data: 0.0002  max mem: 5415
Passive Test:  [  3470/?]  eta: ?  loss: 1.2874 (1.6839)  accuracy: 0.5000 (0.5067)  balanced_accuracy: 0.5667 (0.5217)  f1_weighted: 0.4865 (0.5223)  time: 0.0627  data: 0.0003  max mem: 5415
Passive Test:  [  3480/?]  eta: ?  loss: 1.1889 (1.6828)  accuracy: 0.4844 (0.5067)  balanced_accuracy: 0.5528 (0.5219)  f1_weighted: 0.4865 (0.5223)  time: 0.0692  data: 0.0002  max mem: 5415
Passive Test:  [  3490/?]  eta: ?  loss: 1.1889 (1.6817)  accuracy: 0.4844 (0.5069)  balanced_accuracy: 0.5523 (0.5221)  f1_weighted: 0.5200 (0.5225)  time: 0.0703  data: 0.0002  max mem: 5415
Passive Test:  [  3500/?]  eta: ?  loss: 1.1075 (1.6807)  accuracy: 0.5156 (0.5070)  balanced_accuracy: 0.5523 (0.5223)  f1_weighted: 0.5283 (0.5225)  time: 0.0632  data: 0.0003  max mem: 5415
Passive Test:  [  3510/?]  eta: ?  loss: 1.5210 (1.6808)  accuracy: 0.5000 (0.5069)  balanced_accuracy: 0.4882 (0.5220)  f1_weighted: 0.4770 (0.5224)  time: 0.0609  data: 0.0002  max mem: 5415
Passive Test:  [  3520/?]  eta: ?  loss: 1.8510 (1.6814)  accuracy: 0.4844 (0.5067)  balanced_accuracy: 0.4031 (0.5217)  f1_weighted: 0.4651 (0.5221)  time: 0.0667  data: 0.0002  max mem: 5415
Passive Test:  [  3530/?]  eta: ?  loss: 1.9355 (1.6824)  accuracy: 0.4375 (0.5065)  balanced_accuracy: 0.3884 (0.5213)  f1_weighted: 0.4192 (0.5218)  time: 0.0667  data: 0.0002  max mem: 5415
Passive Test:  [  3540/?]  eta: ?  loss: 1.9495 (1.6840)  accuracy: 0.3906 (0.5062)  balanced_accuracy: 0.3221 (0.5208)  f1_weighted: 0.3827 (0.5214)  time: 0.0713  data: 0.0003  max mem: 5415
Passive Test:  [  3550/?]  eta: ?  loss: 2.2154 (1.6858)  accuracy: 0.4062 (0.5060)  balanced_accuracy: 0.3725 (0.5205)  f1_weighted: 0.3827 (0.5212)  time: 0.0731  data: 0.0003  max mem: 5415
Passive Test:  [  3560/?]  eta: ?  loss: 1.9797 (1.6857)  accuracy: 0.4531 (0.5060)  balanced_accuracy: 0.4345 (0.5205)  f1_weighted: 0.4598 (0.5211)  time: 0.0611  data: 0.0003  max mem: 5415
Passive Test:  [  3570/?]  eta: ?  loss: 1.3184 (1.6856)  accuracy: 0.5156 (0.5059)  balanced_accuracy: 0.4856 (0.5204)  f1_weighted: 0.4957 (0.5210)  time: 0.0601  data: 0.0002  max mem: 5415
Passive Test:  [  3580/?]  eta: ?  loss: 1.0458 (1.6852)  accuracy: 0.5469 (0.5060)  balanced_accuracy: 0.4974 (0.5204)  f1_weighted: 0.5424 (0.5211)  time: 0.0617  data: 0.0003  max mem: 5415
Passive Test:  [  3590/?]  eta: ?  loss: 1.2787 (1.6845)  accuracy: 0.5312 (0.5061)  balanced_accuracy: 0.5085 (0.5205)  f1_weighted: 0.5387 (0.5211)  time: 0.0623  data: 0.0003  max mem: 5415
Passive Test:  [  3600/?]  eta: ?  loss: 1.2787 (1.6828)  accuracy: 0.5625 (0.5063)  balanced_accuracy: 0.5364 (0.5206)  f1_weighted: 0.5558 (0.5213)  time: 0.0619  data: 0.0002  max mem: 5415
Passive Test:  [  3610/?]  eta: ?  loss: 0.9265 (1.6815)  accuracy: 0.5781 (0.5065)  balanced_accuracy: 0.5974 (0.5208)  f1_weighted: 0.5682 (0.5214)  time: 0.0629  data: 0.0002  max mem: 5415
Passive Test:  [  3620/?]  eta: ?  loss: 1.1910 (1.6804)  accuracy: 0.5312 (0.5066)  balanced_accuracy: 0.5634 (0.5209)  f1_weighted: 0.6219 (0.5216)  time: 0.0637  data: 0.0003  max mem: 5415
Passive Test:  [  3630/?]  eta: ?  loss: 1.3111 (1.6794)  accuracy: 0.5156 (0.5068)  balanced_accuracy: 0.5634 (0.5210)  f1_weighted: 0.6279 (0.5218)  time: 0.0632  data: 0.0003  max mem: 5415
Passive Test:  [  3640/?]  eta: ?  loss: 1.4127 (1.6790)  accuracy: 0.5156 (0.5069)  balanced_accuracy: 0.5621 (0.5210)  f1_weighted: 0.6128 (0.5219)  time: 0.0608  data: 0.0002  max mem: 5415
Passive Test:  [  3650/?]  eta: ?  loss: 1.5590 (1.6792)  accuracy: 0.4844 (0.5067)  balanced_accuracy: 0.5061 (0.5208)  f1_weighted: 0.5189 (0.5218)  time: 0.0606  data: 0.0002  max mem: 5415
Passive Test:  [  3660/?]  eta: ?  loss: 1.7145 (1.6793)  accuracy: 0.4375 (0.5065)  balanced_accuracy: 0.3765 (0.5204)  f1_weighted: 0.5112 (0.5215)  time: 0.0629  data: 0.0003  max mem: 5415
Passive Test:  [  3670/?]  eta: ?  loss: 1.7207 (1.6803)  accuracy: 0.4375 (0.5063)  balanced_accuracy: 0.3745 (0.5200)  f1_weighted: 0.4492 (0.5213)  time: 0.0624  data: 0.0003  max mem: 5415
Passive Test:  [  3680/?]  eta: ?  loss: 1.8200 (1.6808)  accuracy: 0.4062 (0.5062)  balanced_accuracy: 0.3613 (0.5198)  f1_weighted: 0.4259 (0.5211)  time: 0.0625  data: 0.0002  max mem: 5415
Passive Test:  [  3690/?]  eta: ?  loss: 2.1353 (1.6820)  accuracy: 0.3906 (0.5060)  balanced_accuracy: 0.3543 (0.5195)  f1_weighted: 0.3996 (0.5208)  time: 0.0630  data: 0.0003  max mem: 5415
Passive Test:  [  3700/?]  eta: ?  loss: 2.0032 (1.6821)  accuracy: 0.4375 (0.5060)  balanced_accuracy: 0.4436 (0.5194)  f1_weighted: 0.4644 (0.5209)  time: 0.0628  data: 0.0003  max mem: 5415
Passive Test:  [  3710/?]  eta: ?  loss: 2.0032 (1.6841)  accuracy: 0.4844 (0.5058)  balanced_accuracy: 0.4851 (0.5191)  f1_weighted: 0.4759 (0.5206)  time: 0.0623  data: 0.0003  max mem: 5415
Passive Test:  [  3720/?]  eta: ?  loss: 1.9756 (1.6846)  accuracy: 0.5000 (0.5058)  balanced_accuracy: 0.5027 (0.5190)  f1_weighted: 0.5000 (0.5206)  time: 0.0631  data: 0.0003  max mem: 5415
Passive Test:  [  3730/?]  eta: ?  loss: 1.8399 (1.6864)  accuracy: 0.5156 (0.5057)  balanced_accuracy: 0.4825 (0.5187)  f1_weighted: 0.4945 (0.5204)  time: 0.0618  data: 0.0003  max mem: 5415
Passive Test:  [  3740/?]  eta: ?  loss: 1.8024 (1.6872)  accuracy: 0.5156 (0.5057)  balanced_accuracy: 0.4825 (0.5186)  f1_weighted: 0.5054 (0.5204)  time: 0.0608  data: 0.0002  max mem: 5415
Passive Test:  [  3750/?]  eta: ?  loss: 1.9337 (1.6892)  accuracy: 0.5625 (0.5056)  balanced_accuracy: 0.5173 (0.5184)  f1_weighted: 0.5451 (0.5204)  time: 0.0619  data: 0.0002  max mem: 5415
Passive Test:  [  3760/?]  eta: ?  loss: 2.1070 (1.6891)  accuracy: 0.5156 (0.5057)  balanced_accuracy: 0.5279 (0.5184)  f1_weighted: 0.5485 (0.5205)  time: 0.0621  data: 0.0002  max mem: 5415
Passive Test:  [  3770/?]  eta: ?  loss: 1.5826 (1.6888)  accuracy: 0.5156 (0.5059)  balanced_accuracy: 0.5267 (0.5185)  f1_weighted: 0.5485 (0.5207)  time: 0.0667  data: 0.0002  max mem: 5415
Passive Test:  [  3780/?]  eta: ?  loss: 1.5826 (1.6895)  accuracy: 0.5312 (0.5058)  balanced_accuracy: 0.4938 (0.5184)  f1_weighted: 0.5661 (0.5208)  time: 0.0654  data: 0.0002  max mem: 5415
Passive Test:  [  3790/?]  eta: ?  loss: 1.7761 (1.6901)  accuracy: 0.5156 (0.5058)  balanced_accuracy: 0.4872 (0.5183)  f1_weighted: 0.5553 (0.5208)  time: 0.0615  data: 0.0002  max mem: 5415
Passive Test:  [  3800/?]  eta: ?  loss: 1.9361 (1.6913)  accuracy: 0.5000 (0.5057)  balanced_accuracy: 0.4545 (0.5182)  f1_weighted: 0.5553 (0.5207)  time: 0.0617  data: 0.0002  max mem: 5415
Passive Test:  [  3810/?]  eta: ?  loss: 2.5494 (1.6942)  accuracy: 0.4531 (0.5054)  balanced_accuracy: 0.3891 (0.5178)  f1_weighted: 0.5026 (0.5205)  time: 0.0608  data: 0.0002  max mem: 5415
Passive Test:  [  3820/?]  eta: ?  loss: 2.7830 (1.6964)  accuracy: 0.4688 (0.5052)  balanced_accuracy: 0.3891 (0.5177)  f1_weighted: 0.4981 (0.5204)  time: 0.0615  data: 0.0002  max mem: 5415
Passive Test:  [  3830/?]  eta: ?  loss: 2.6658 (1.6990)  accuracy: 0.4844 (0.5051)  balanced_accuracy: 0.4656 (0.5175)  f1_weighted: 0.4721 (0.5203)  time: 0.0628  data: 0.0003  max mem: 5415
Passive Test:  [  3840/?]  eta: ?  loss: 2.4661 (1.7012)  accuracy: 0.4688 (0.5051)  balanced_accuracy: 0.4656 (0.5174)  f1_weighted: 0.4721 (0.5203)  time: 0.0630  data: 0.0002  max mem: 5415
Passive Test:  [  3850/?]  eta: ?  loss: 2.4661 (1.7022)  accuracy: 0.4219 (0.5051)  balanced_accuracy: 0.4653 (0.5174)  f1_weighted: 0.4689 (0.5203)  time: 0.0625  data: 0.0002  max mem: 5415
Passive Test:  [  3860/?]  eta: ?  loss: 2.5599 (1.7035)  accuracy: 0.4219 (0.5051)  balanced_accuracy: 0.4737 (0.5173)  f1_weighted: 0.4351 (0.5203)  time: 0.0624  data: 0.0002  max mem: 5415
Passive Test:  [  3870/?]  eta: ?  loss: 2.2865 (1.7048)  accuracy: 0.4219 (0.5050)  balanced_accuracy: 0.4211 (0.5172)  f1_weighted: 0.4726 (0.5203)  time: 0.0619  data: 0.0002  max mem: 5415
Passive Test:  [  3880/?]  eta: ?  loss: 2.2403 (1.7058)  accuracy: 0.3750 (0.5050)  balanced_accuracy: 0.4123 (0.5173)  f1_weighted: 0.4729 (0.5203)  time: 0.0633  data: 0.0002  max mem: 5415
Passive Test:  [  3890/?]  eta: ?  loss: 1.9553 (1.7067)  accuracy: 0.4062 (0.5049)  balanced_accuracy: 0.4305 (0.5171)  f1_weighted: 0.4729 (0.5202)  time: 0.0726  data: 0.0003  max mem: 5415
Passive Test:  [  3900/?]  eta: ?  loss: 1.7605 (1.7074)  accuracy: 0.5781 (0.5050)  balanced_accuracy: 0.5358 (0.5172)  f1_weighted: 0.5466 (0.5203)  time: 0.0721  data: 0.0003  max mem: 5415
Passive Test:  [  3910/?]  eta: ?  loss: 1.7100 (1.7082)  accuracy: 0.5625 (0.5050)  balanced_accuracy: 0.5314 (0.5172)  f1_weighted: 0.5636 (0.5204)  time: 0.0632  data: 0.0003  max mem: 5415
Passive Test:  [  3920/?]  eta: ?  loss: 1.8142 (1.7097)  accuracy: 0.5156 (0.5050)  balanced_accuracy: 0.5000 (0.5172)  f1_weighted: 0.5636 (0.5204)  time: 0.0621  data: 0.0002  max mem: 5415
Passive Test:  [  3930/?]  eta: ?  loss: 1.8357 (1.7098)  accuracy: 0.5000 (0.5050)  balanced_accuracy: 0.5000 (0.5172)  f1_weighted: 0.5642 (0.5205)  time: 0.0599  data: 0.0002  max mem: 5415
Passive Test:  [  3940/?]  eta: ?  loss: 1.4710 (1.7090)  accuracy: 0.5000 (0.5051)  balanced_accuracy: 0.5000 (0.5172)  f1_weighted: 0.5781 (0.5207)  time: 0.0603  data: 0.0002  max mem: 5415
Passive Test:  [  3950/?]  eta: ?  loss: 1.4567 (1.7088)  accuracy: 0.5000 (0.5051)  balanced_accuracy: 0.4744 (0.5172)  f1_weighted: 0.6231 (0.5207)  time: 0.0621  data: 0.0002  max mem: 5415
Passive Test:  [  3960/?]  eta: ?  loss: 1.7467 (1.7090)  accuracy: 0.4531 (0.5050)  balanced_accuracy: 0.4585 (0.5170)  f1_weighted: 0.5522 (0.5206)  time: 0.0672  data: 0.0002  max mem: 5415
Passive Test:  [  3970/?]  eta: ?  loss: 1.7467 (1.7087)  accuracy: 0.4531 (0.5050)  balanced_accuracy: 0.4662 (0.5170)  f1_weighted: 0.5089 (0.5205)  time: 0.0658  data: 0.0002  max mem: 5415
Passive Test:  [  3980/?]  eta: ?  loss: 1.7298 (1.7089)  accuracy: 0.5000 (0.5049)  balanced_accuracy: 0.5231 (0.5170)  f1_weighted: 0.5089 (0.5204)  time: 0.0601  data: 0.0002  max mem: 5415
Passive Test:  [  3990/?]  eta: ?  loss: 1.6944 (1.7087)  accuracy: 0.5000 (0.5050)  balanced_accuracy: 0.5405 (0.5172)  f1_weighted: 0.5207 (0.5205)  time: 0.0704  data: 0.0002  max mem: 5415
Passive Test:  [  4000/?]  eta: ?  loss: 1.3579 (1.7077)  accuracy: 0.5781 (0.5052)  balanced_accuracy: 0.6118 (0.5175)  f1_weighted: 0.6177 (0.5207)  time: 0.0723  data: 0.0003  max mem: 5415
Passive Test:  [  4010/?]  eta: ?  loss: 1.1178 (1.7066)  accuracy: 0.6250 (0.5054)  balanced_accuracy: 0.6236 (0.5177)  f1_weighted: 0.6376 (0.5208)  time: 0.0732  data: 0.0003  max mem: 5415
Passive Test:  [  4020/?]  eta: ?  loss: 1.2605 (1.7061)  accuracy: 0.6250 (0.5055)  balanced_accuracy: 0.5974 (0.5178)  f1_weighted: 0.6333 (0.5208)  time: 0.0724  data: 0.0003  max mem: 5415
Passive Test:  [  4030/?]  eta: ?  loss: 1.2605 (1.7051)  accuracy: 0.5625 (0.5057)  balanced_accuracy: 0.5748 (0.5180)  f1_weighted: 0.5572 (0.5209)  time: 0.0627  data: 0.0003  max mem: 5415
Passive Test:  [  4040/?]  eta: ?  loss: 1.2541 (1.7041)  accuracy: 0.5625 (0.5059)  balanced_accuracy: 0.5235 (0.5181)  f1_weighted: 0.5294 (0.5211)  time: 0.0627  data: 0.0003  max mem: 5415
Passive Test:  [  4050/?]  eta: ?  loss: 1.1327 (1.7028)  accuracy: 0.5625 (0.5061)  balanced_accuracy: 0.5323 (0.5184)  f1_weighted: 0.5294 (0.5213)  time: 0.0680  data: 0.0002  max mem: 5415
Passive Test:  [  4060/?]  eta: ?  loss: 1.1855 (1.7016)  accuracy: 0.5625 (0.5064)  balanced_accuracy: 0.5558 (0.5186)  f1_weighted: 0.5294 (0.5215)  time: 0.0682  data: 0.0002  max mem: 5415
Passive Test:  [  4070/?]  eta: ?  loss: 1.1652 (1.7005)  accuracy: 0.5781 (0.5066)  balanced_accuracy: 0.5256 (0.5186)  f1_weighted: 0.5498 (0.5216)  time: 0.0638  data: 0.0003  max mem: 5415
Passive Test:  [  4080/?]  eta: ?  loss: 1.3655 (1.6998)  accuracy: 0.5625 (0.5067)  balanced_accuracy: 0.4862 (0.5187)  f1_weighted: 0.5351 (0.5216)  time: 0.0638  data: 0.0003  max mem: 5415
Passive Test:  [  4090/?]  eta: ?  loss: 1.3694 (1.6985)  accuracy: 0.5781 (0.5070)  balanced_accuracy: 0.5128 (0.5188)  f1_weighted: 0.5929 (0.5218)  time: 0.0619  data: 0.0003  max mem: 5415
Passive Test:  [  4100/?]  eta: ?  loss: 1.4886 (1.6979)  accuracy: 0.5781 (0.5070)  balanced_accuracy: 0.4744 (0.5187)  f1_weighted: 0.5672 (0.5216)  time: 0.0596  data: 0.0002  max mem: 5415
Passive Test:  [  4110/?]  eta: ?  loss: 1.4895 (1.6971)  accuracy: 0.5000 (0.5070)  balanced_accuracy: 0.4744 (0.5186)  f1_weighted: 0.4819 (0.5216)  time: 0.0606  data: 0.0002  max mem: 5415
Passive Test:  [  4120/?]  eta: ?  loss: 1.4811 (1.6964)  accuracy: 0.4844 (0.5069)  balanced_accuracy: 0.4821 (0.5185)  f1_weighted: 0.4819 (0.5214)  time: 0.0621  data: 0.0003  max mem: 5415
Passive Test:  [  4130/?]  eta: ?  loss: 1.3803 (1.6953)  accuracy: 0.4844 (0.5070)  balanced_accuracy: 0.4636 (0.5185)  f1_weighted: 0.4955 (0.5214)  time: 0.0618  data: 0.0003  max mem: 5415
Passive Test:  [  4140/?]  eta: ?  loss: 0.9707 (1.6938)  accuracy: 0.5312 (0.5072)  balanced_accuracy: 0.4990 (0.5186)  f1_weighted: 0.5587 (0.5216)  time: 0.0623  data: 0.0003  max mem: 5415
Passive Test:  [  4150/?]  eta: ?  loss: 1.4497 (1.6933)  accuracy: 0.5156 (0.5073)  balanced_accuracy: 0.5055 (0.5186)  f1_weighted: 0.4706 (0.5215)  time: 0.0618  data: 0.0003  max mem: 5415
Passive Test:  [  4160/?]  eta: ?  loss: 1.5940 (1.6926)  accuracy: 0.5156 (0.5075)  balanced_accuracy: 0.4915 (0.5187)  f1_weighted: 0.4577 (0.5216)  time: 0.0616  data: 0.0003  max mem: 5415
Passive Test:  [  4170/?]  eta: ?  loss: 1.5701 (1.6921)  accuracy: 0.5312 (0.5077)  balanced_accuracy: 0.5000 (0.5187)  f1_weighted: 0.4587 (0.5216)  time: 0.0619  data: 0.0002  max mem: 5415
Passive Test:  [  4180/?]  eta: ?  loss: 1.5701 (1.6911)  accuracy: 0.5625 (0.5080)  balanced_accuracy: 0.5435 (0.5189)  f1_weighted: 0.5188 (0.5219)  time: 0.0614  data: 0.0002  max mem: 5415
Passive Test:  [  4190/?]  eta: ?  loss: 1.6077 (1.6915)  accuracy: 0.5469 (0.5080)  balanced_accuracy: 0.5128 (0.5189)  f1_weighted: 0.5031 (0.5218)  time: 0.0619  data: 0.0002  max mem: 5415
Passive Test:  [  4200/?]  eta: ?  loss: 1.9160 (1.6919)  accuracy: 0.4219 (0.5080)  balanced_accuracy: 0.4561 (0.5188)  f1_weighted: 0.4074 (0.5217)  time: 0.0623  data: 0.0003  max mem: 5415
Passive Test:  [  4210/?]  eta: ?  loss: 2.0427 (1.6933)  accuracy: 0.3906 (0.5077)  balanced_accuracy: 0.3785 (0.5185)  f1_weighted: 0.3998 (0.5214)  time: 0.0609  data: 0.0002  max mem: 5415
Passive Test:  [  4220/?]  eta: ?  loss: 2.1807 (1.6943)  accuracy: 0.3438 (0.5076)  balanced_accuracy: 0.3472 (0.5183)  f1_weighted: 0.3509 (0.5213)  time: 0.0611  data: 0.0002  max mem: 5415
Passive Test:  [  4230/?]  eta: ?  loss: 2.1680 (1.6961)  accuracy: 0.3906 (0.5074)  balanced_accuracy: 0.3472 (0.5180)  f1_weighted: 0.4234 (0.5211)  time: 0.0611  data: 0.0002  max mem: 5415
Passive Test:  [  4240/?]  eta: ?  loss: 2.4220 (1.6976)  accuracy: 0.4219 (0.5073)  balanced_accuracy: 0.3549 (0.5177)  f1_weighted: 0.4234 (0.5211)  time: 0.0613  data: 0.0003  max mem: 5415
Passive Test:  [  4250/?]  eta: ?  loss: 2.5640 (1.6998)  accuracy: 0.3906 (0.5071)  balanced_accuracy: 0.4216 (0.5174)  f1_weighted: 0.4080 (0.5208)  time: 0.0717  data: 0.0003  max mem: 5415
Passive Test:  [  4260/?]  eta: ?  loss: 2.6399 (1.7021)  accuracy: 0.3906 (0.5070)  balanced_accuracy: 0.4508 (0.5173)  f1_weighted: 0.3689 (0.5206)  time: 0.0728  data: 0.0003  max mem: 5415
Passive Test:  [  4270/?]  eta: ?  loss: 2.5798 (1.7054)  accuracy: 0.3906 (0.5067)  balanced_accuracy: 0.3978 (0.5170)  f1_weighted: 0.3608 (0.5203)  time: 0.0627  data: 0.0003  max mem: 5415
Passive Test:  [  4280/?]  eta: ?  loss: 2.3566 (1.7072)  accuracy: 0.3906 (0.5067)  balanced_accuracy: 0.3978 (0.5169)  f1_weighted: 0.3674 (0.5201)  time: 0.0607  data: 0.0002  max mem: 5415
Passive Test:  [  4290/?]  eta: ?  loss: 2.3970 (1.7097)  accuracy: 0.3438 (0.5063)  balanced_accuracy: 0.3978 (0.5165)  f1_weighted: 0.3388 (0.5196)  time: 0.0625  data: 0.0003  max mem: 5415
Passive Test:  [  4300/?]  eta: ?  loss: 2.6240 (1.7122)  accuracy: 0.3438 (0.5059)  balanced_accuracy: 0.3795 (0.5162)  f1_weighted: 0.3247 (0.5192)  time: 0.0636  data: 0.0003  max mem: 5415
Passive Test:  [  4310/?]  eta: ?  loss: 2.3006 (1.7132)  accuracy: 0.3750 (0.5057)  balanced_accuracy: 0.3795 (0.5159)  f1_weighted: 0.3568 (0.5189)  time: 0.0634  data: 0.0003  max mem: 5415
Passive Test:  [  4320/?]  eta: ?  loss: 1.7711 (1.7132)  accuracy: 0.3438 (0.5054)  balanced_accuracy: 0.3667 (0.5157)  f1_weighted: 0.3687 (0.5187)  time: 0.0622  data: 0.0003  max mem: 5415
Passive Test:  [  4330/?]  eta: ?  loss: 1.6421 (1.7129)  accuracy: 0.3750 (0.5052)  balanced_accuracy: 0.3667 (0.5155)  f1_weighted: 0.4098 (0.5185)  time: 0.0616  data: 0.0003  max mem: 5415
Passive Test:  [  4340/?]  eta: ?  loss: 1.4973 (1.7122)  accuracy: 0.4219 (0.5052)  balanced_accuracy: 0.4367 (0.5154)  f1_weighted: 0.4631 (0.5184)  time: 0.0632  data: 0.0003  max mem: 5415
Passive Test:  [  4350/?]  eta: ?  loss: 1.4973 (1.7125)  accuracy: 0.4375 (0.5050)  balanced_accuracy: 0.4199 (0.5152)  f1_weighted: 0.4680 (0.5183)  time: 0.0634  data: 0.0003  max mem: 5415
Passive Test:  [  4360/?]  eta: ?  loss: 1.6493 (1.7119)  accuracy: 0.4531 (0.5049)  balanced_accuracy: 0.4605 (0.5151)  f1_weighted: 0.4680 (0.5182)  time: 0.0709  data: 0.0003  max mem: 5415
Passive Test:  [  4370/?]  eta: ?  loss: 1.5142 (1.7120)  accuracy: 0.4375 (0.5048)  balanced_accuracy: 0.4174 (0.5149)  f1_weighted: 0.4487 (0.5181)  time: 0.0706  data: 0.0003  max mem: 5415
Passive Test:  [  4380/?]  eta: ?  loss: 1.5950 (1.7115)  accuracy: 0.4688 (0.5049)  balanced_accuracy: 0.4443 (0.5149)  f1_weighted: 0.4546 (0.5181)  time: 0.0618  data: 0.0002  max mem: 5415
Passive Test:  [  4390/?]  eta: ?  loss: 1.5623 (1.7111)  accuracy: 0.4844 (0.5050)  balanced_accuracy: 0.4533 (0.5148)  f1_weighted: 0.4914 (0.5182)  time: 0.0622  data: 0.0002  max mem: 5415
Passive Test:  [  4400/?]  eta: ?  loss: 1.2844 (1.7106)  accuracy: 0.5000 (0.5051)  balanced_accuracy: 0.4533 (0.5149)  f1_weighted: 0.4961 (0.5183)  time: 0.0689  data: 0.0002  max mem: 5415
Passive Test:  [  4410/?]  eta: ?  loss: 1.2844 (1.7108)  accuracy: 0.4531 (0.5050)  balanced_accuracy: 0.4017 (0.5147)  f1_weighted: 0.4775 (0.5182)  time: 0.0669  data: 0.0002  max mem: 5415
Passive Test:  [  4420/?]  eta: ?  loss: 1.5341 (1.7107)  accuracy: 0.4531 (0.5050)  balanced_accuracy: 0.3893 (0.5145)  f1_weighted: 0.4272 (0.5182)  time: 0.0698  data: 0.0002  max mem: 5415
Passive Test:  [  4430/?]  eta: ?  loss: 1.7110 (1.7115)  accuracy: 0.4062 (0.5048)  balanced_accuracy: 0.3887 (0.5142)  f1_weighted: 0.4240 (0.5180)  time: 0.0726  data: 0.0003  max mem: 5415
Passive Test:  [  4440/?]  eta: ?  loss: 1.8617 (1.7119)  accuracy: 0.3906 (0.5045)  balanced_accuracy: 0.4041 (0.5139)  f1_weighted: 0.4240 (0.5178)  time: 0.0633  data: 0.0003  max mem: 5415
Passive Test:  [  4450/?]  eta: ?  loss: 1.6143 (1.7114)  accuracy: 0.4375 (0.5045)  balanced_accuracy: 0.4145 (0.5138)  f1_weighted: 0.4557 (0.5177)  time: 0.0629  data: 0.0003  max mem: 5415
Passive Test:  [  4460/?]  eta: ?  loss: 1.3743 (1.7105)  accuracy: 0.4844 (0.5045)  balanced_accuracy: 0.4507 (0.5139)  f1_weighted: 0.4898 (0.5177)  time: 0.0680  data: 0.0003  max mem: 5415
Passive Test:  [  4470/?]  eta: ?  loss: 1.4686 (1.7102)  accuracy: 0.5000 (0.5045)  balanced_accuracy: 0.5000 (0.5138)  f1_weighted: 0.5141 (0.5177)  time: 0.0741  data: 0.0002  max mem: 5415
Passive Test:  [  4480/?]  eta: ?  loss: 1.5288 (1.7101)  accuracy: 0.5000 (0.5045)  balanced_accuracy: 0.5152 (0.5137)  f1_weighted: 0.4973 (0.5177)  time: 0.0710  data: 0.0003  max mem: 5415
Passive Test:  [  4490/?]  eta: ?  loss: 1.6321 (1.7105)  accuracy: 0.4375 (0.5043)  balanced_accuracy: 0.3821 (0.5135)  f1_weighted: 0.4622 (0.5175)  time: 0.0647  data: 0.0003  max mem: 5415
Passive Test:  [  4500/?]  eta: ?  loss: 2.0188 (1.7111)  accuracy: 0.4062 (0.5041)  balanced_accuracy: 0.3692 (0.5132)  f1_weighted: 0.4569 (0.5174)  time: 0.0627  data: 0.0002  max mem: 5415
Passive Test:  [  4510/?]  eta: ?  loss: 2.0987 (1.7128)  accuracy: 0.4219 (0.5039)  balanced_accuracy: 0.3718 (0.5128)  f1_weighted: 0.4277 (0.5171)  time: 0.0619  data: 0.0003  max mem: 5415
Passive Test:  [  4520/?]  eta: ?  loss: 2.2443 (1.7145)  accuracy: 0.4219 (0.5035)  balanced_accuracy: 0.3718 (0.5125)  f1_weighted: 0.3776 (0.5168)  time: 0.0622  data: 0.0003  max mem: 5415
Passive Test:  [  4530/?]  eta: ?  loss: 2.2840 (1.7159)  accuracy: 0.3906 (0.5032)  balanced_accuracy: 0.3785 (0.5121)  f1_weighted: 0.3817 (0.5165)  time: 0.0618  data: 0.0003  max mem: 5415
Passive Test:  [  4540/?]  eta: ?  loss: 2.2059 (1.7166)  accuracy: 0.3906 (0.5030)  balanced_accuracy: 0.3553 (0.5118)  f1_weighted: 0.4020 (0.5163)  time: 0.0608  data: 0.0003  max mem: 5415
Passive Test:  [  4550/?]  eta: ?  loss: 1.9088 (1.7169)  accuracy: 0.3906 (0.5028)  balanced_accuracy: 0.3998 (0.5116)  f1_weighted: 0.4080 (0.5162)  time: 0.0622  data: 0.0003  max mem: 5415
Passive Test:  [  4560/?]  eta: ?  loss: 1.8419 (1.7173)  accuracy: 0.4062 (0.5026)  balanced_accuracy: 0.4295 (0.5114)  f1_weighted: 0.4690 (0.5160)  time: 0.0628  data: 0.0003  max mem: 5415
Passive Test:  [  4570/?]  eta: ?  loss: 1.8213 (1.7171)  accuracy: 0.4531 (0.5026)  balanced_accuracy: 0.4568 (0.5113)  f1_weighted: 0.4690 (0.5160)  time: 0.0606  data: 0.0003  max mem: 5415
Passive Test:  [  4580/?]  eta: ?  loss: 1.5850 (1.7166)  accuracy: 0.4844 (0.5026)  balanced_accuracy: 0.4737 (0.5112)  f1_weighted: 0.5321 (0.5161)  time: 0.0598  data: 0.0002  max mem: 5415
Passive Test:  [  4590/?]  eta: ?  loss: 1.5850 (1.7165)  accuracy: 0.4844 (0.5026)  balanced_accuracy: 0.4530 (0.5111)  f1_weighted: 0.5345 (0.5161)  time: 0.0604  data: 0.0003  max mem: 5415
Passive Test:  [  4600/?]  eta: ?  loss: 1.5113 (1.7158)  accuracy: 0.5312 (0.5027)  balanced_accuracy: 0.4765 (0.5111)  f1_weighted: 0.5345 (0.5162)  time: 0.0610  data: 0.0003  max mem: 5415
Passive Test:  [  4610/?]  eta: ?  loss: 1.2788 (1.7147)  accuracy: 0.5625 (0.5030)  balanced_accuracy: 0.4872 (0.5112)  f1_weighted: 0.5575 (0.5164)  time: 0.0629  data: 0.0003  max mem: 5415
Passive Test:  [  4620/?]  eta: ?  loss: 1.0944 (1.7133)  accuracy: 0.5781 (0.5032)  balanced_accuracy: 0.5270 (0.5114)  f1_weighted: 0.5795 (0.5167)  time: 0.0638  data: 0.0003  max mem: 5415
Passive Test:  [  4630/?]  eta: ?  loss: 1.0944 (1.7124)  accuracy: 0.5781 (0.5033)  balanced_accuracy: 0.5270 (0.5114)  f1_weighted: 0.5795 (0.5168)  time: 0.0637  data: 0.0003  max mem: 5415
Passive Test:  [  4640/?]  eta: ?  loss: 0.9991 (1.7108)  accuracy: 0.5469 (0.5036)  balanced_accuracy: 0.6097 (0.5118)  f1_weighted: 0.5940 (0.5171)  time: 0.0635  data: 0.0003  max mem: 5415
Passive Test:  [  4650/?]  eta: ?  loss: 1.0077 (1.7102)  accuracy: 0.6250 (0.5038)  balanced_accuracy: 0.6533 (0.5119)  f1_weighted: 0.6460 (0.5173)  time: 0.0626  data: 0.0003  max mem: 5415
Passive Test:  [  4660/?]  eta: ?  loss: 1.4503 (1.7098)  accuracy: 0.5625 (0.5040)  balanced_accuracy: 0.5466 (0.5122)  f1_weighted: 0.6129 (0.5175)  time: 0.0618  data: 0.0003  max mem: 5415
Passive Test:  [  4670/?]  eta: ?  loss: 1.4968 (1.7093)  accuracy: 0.5938 (0.5041)  balanced_accuracy: 0.5877 (0.5123)  f1_weighted: 0.6365 (0.5176)  time: 0.0621  data: 0.0003  max mem: 5415
Passive Test:  [  4680/?]  eta: ?  loss: 1.4968 (1.7090)  accuracy: 0.5781 (0.5042)  balanced_accuracy: 0.5877 (0.5124)  f1_weighted: 0.6193 (0.5177)  time: 0.0628  data: 0.0003  max mem: 5415
Passive Test:  [  4690/?]  eta: ?  loss: 1.5004 (1.7086)  accuracy: 0.5469 (0.5044)  balanced_accuracy: 0.5658 (0.5125)  f1_weighted: 0.5684 (0.5179)  time: 0.0622  data: 0.0002  max mem: 5415
Passive Test:  [  4700/?]  eta: ?  loss: 1.5004 (1.7080)  accuracy: 0.5156 (0.5045)  balanced_accuracy: 0.4908 (0.5127)  f1_weighted: 0.5255 (0.5180)  time: 0.0621  data: 0.0002  max mem: 5415
Passive Test:  [  4710/?]  eta: ?  loss: 1.0428 (1.7072)  accuracy: 0.5312 (0.5048)  balanced_accuracy: 0.4908 (0.5129)  f1_weighted: 0.5227 (0.5182)  time: 0.0621  data: 0.0002  max mem: 5415
Passive Test:  [  4720/?]  eta: ?  loss: 1.2387 (1.7071)  accuracy: 0.5312 (0.5048)  balanced_accuracy: 0.4646 (0.5130)  f1_weighted: 0.5227 (0.5182)  time: 0.0615  data: 0.0002  max mem: 5415
Passive Test:  [  4730/?]  eta: ?  loss: 1.2387 (1.7065)  accuracy: 0.5000 (0.5049)  balanced_accuracy: 0.4277 (0.5130)  f1_weighted: 0.4588 (0.5183)  time: 0.0622  data: 0.0003  max mem: 5415
Passive Test:  [  4740/?]  eta: ?  loss: 1.2746 (1.7065)  accuracy: 0.4375 (0.5049)  balanced_accuracy: 0.3745 (0.5130)  f1_weighted: 0.4088 (0.5183)  time: 0.0632  data: 0.0003  max mem: 5415
Passive Test:  [  4750/?]  eta: ?  loss: 1.6718 (1.7079)  accuracy: 0.3125 (0.5046)  balanced_accuracy: 0.3411 (0.5127)  f1_weighted: 0.3548 (0.5180)  time: 0.0634  data: 0.0003  max mem: 5415
Passive Test:  [  4760/?]  eta: ?  loss: 1.6718 (1.7093)  accuracy: 0.3125 (0.5044)  balanced_accuracy: 0.2923 (0.5125)  f1_weighted: 0.3476 (0.5178)  time: 0.0615  data: 0.0002  max mem: 5415
Passive Test:  [  4770/?]  eta: ?  loss: 1.9696 (1.7107)  accuracy: 0.4062 (0.5041)  balanced_accuracy: 0.3862 (0.5123)  f1_weighted: 0.4229 (0.5176)  time: 0.0611  data: 0.0002  max mem: 5415
Passive Test:  [  4780/?]  eta: ?  loss: 1.8726 (1.7117)  accuracy: 0.4531 (0.5040)  balanced_accuracy: 0.4504 (0.5121)  f1_weighted: 0.4565 (0.5174)  time: 0.0626  data: 0.0003  max mem: 5415
Passive Test:  [  4790/?]  eta: ?  loss: 1.8383 (1.7125)  accuracy: 0.4688 (0.5039)  balanced_accuracy: 0.4575 (0.5120)  f1_weighted: 0.4813 (0.5174)  time: 0.0629  data: 0.0003  max mem: 5415
Passive Test:  [  4800/?]  eta: ?  loss: 1.5442 (1.7125)  accuracy: 0.5156 (0.5040)  balanced_accuracy: 0.5219 (0.5122)  f1_weighted: 0.5233 (0.5175)  time: 0.0621  data: 0.0003  max mem: 5415
Passive Test:  [  4810/?]  eta: ?  loss: 1.2349 (1.7125)  accuracy: 0.5469 (0.5040)  balanced_accuracy: 0.5506 (0.5122)  f1_weighted: 0.5533 (0.5175)  time: 0.0621  data: 0.0003  max mem: 5415
Passive Test:  [  4820/?]  eta: ?  loss: 1.2415 (1.7124)  accuracy: 0.5625 (0.5040)  balanced_accuracy: 0.5506 (0.5122)  f1_weighted: 0.5848 (0.5175)  time: 0.0631  data: 0.0003  max mem: 5415
Passive Test:  [  4830/?]  eta: ?  loss: 1.3383 (1.7124)  accuracy: 0.5625 (0.5041)  balanced_accuracy: 0.4970 (0.5121)  f1_weighted: 0.5848 (0.5177)  time: 0.0726  data: 0.0003  max mem: 5415
Passive Test:  [  4840/?]  eta: ?  loss: 1.3254 (1.7120)  accuracy: 0.5156 (0.5041)  balanced_accuracy: 0.5535 (0.5122)  f1_weighted: 0.5456 (0.5177)  time: 0.0706  data: 0.0003  max mem: 5415
Passive Test:  [  4850/?]  eta: ?  loss: 1.4293 (1.7121)  accuracy: 0.5000 (0.5039)  balanced_accuracy: 0.5526 (0.5121)  f1_weighted: 0.5134 (0.5177)  time: 0.0657  data: 0.0002  max mem: 5415
Passive Test:  [  4860/?]  eta: ?  loss: 1.7654 (1.7120)  accuracy: 0.4688 (0.5039)  balanced_accuracy: 0.4838 (0.5121)  f1_weighted: 0.5193 (0.5177)  time: 0.0672  data: 0.0003  max mem: 5415
Passive Test:  [  4870/?]  eta: ?  loss: 1.7270 (1.7114)  accuracy: 0.4531 (0.5040)  balanced_accuracy: 0.5611 (0.5122)  f1_weighted: 0.5193 (0.5178)  time: 0.0608  data: 0.0003  max mem: 5415
Passive Test:  [  4880/?]  eta: ?  loss: 1.2136 (1.7108)  accuracy: 0.5156 (0.5041)  balanced_accuracy: 0.6149 (0.5126)  f1_weighted: 0.5132 (0.5180)  time: 0.0603  data: 0.0002  max mem: 5415
Passive Test:  [  4890/?]  eta: ?  loss: 1.0432 (1.7098)  accuracy: 0.5938 (0.5044)  balanced_accuracy: 0.6569 (0.5129)  f1_weighted: 0.5977 (0.5182)  time: 0.0695  data: 0.0003  max mem: 5415
Passive Test:  [  4900/?]  eta: ?  loss: 1.2384 (1.7092)  accuracy: 0.6094 (0.5046)  balanced_accuracy: 0.6569 (0.5132)  f1_weighted: 0.6169 (0.5185)  time: 0.0707  data: 0.0003  max mem: 5415
Passive Test:  [  4910/?]  eta: ?  loss: 1.4798 (1.7086)  accuracy: 0.5625 (0.5047)  balanced_accuracy: 0.6576 (0.5136)  f1_weighted: 0.5946 (0.5186)  time: 0.0633  data: 0.0003  max mem: 5415
Passive Test:  [  4920/?]  eta: ?  loss: 1.4924 (1.7088)  accuracy: 0.5469 (0.5048)  balanced_accuracy: 0.6576 (0.5137)  f1_weighted: 0.5376 (0.5186)  time: 0.0628  data: 0.0003  max mem: 5415
Passive Test:  [  4930/?]  eta: ?  loss: 1.7606 (1.7092)  accuracy: 0.5156 (0.5047)  balanced_accuracy: 0.5092 (0.5138)  f1_weighted: 0.5106 (0.5185)  time: 0.0710  data: 0.0003  max mem: 5415
Passive Test:  [  4940/?]  eta: ?  loss: 2.1274 (1.7099)  accuracy: 0.4688 (0.5046)  balanced_accuracy: 0.4959 (0.5137)  f1_weighted: 0.4786 (0.5185)  time: 0.0781  data: 0.0003  max mem: 5415
Passive Test:  [  4950/?]  eta: ?  loss: 2.2241 (1.7113)  accuracy: 0.3906 (0.5043)  balanced_accuracy: 0.4638 (0.5135)  f1_weighted: 0.4762 (0.5183)  time: 0.0700  data: 0.0003  max mem: 5415
Passive Test:  [  4960/?]  eta: ?  loss: 1.7244 (1.7119)  accuracy: 0.4531 (0.5043)  balanced_accuracy: 0.4688 (0.5135)  f1_weighted: 0.4883 (0.5184)  time: 0.0616  data: 0.0002  max mem: 5415
Passive Test:  [  4970/?]  eta: ?  loss: 1.6967 (1.7123)  accuracy: 0.5000 (0.5043)  balanced_accuracy: 0.5415 (0.5136)  f1_weighted: 0.5450 (0.5184)  time: 0.0617  data: 0.0003  max mem: 5415
Passive Test:  [  4980/?]  eta: ?  loss: 1.5799 (1.7125)  accuracy: 0.5469 (0.5044)  balanced_accuracy: 0.5469 (0.5138)  f1_weighted: 0.5883 (0.5186)  time: 0.0628  data: 0.0003  max mem: 5415
Passive Test:  [  4990/?]  eta: ?  loss: 1.5922 (1.7128)  accuracy: 0.5312 (0.5044)  balanced_accuracy: 0.5318 (0.5139)  f1_weighted: 0.5698 (0.5186)  time: 0.0634  data: 0.0003  max mem: 5415
Passive Test:  [  5000/?]  eta: ?  loss: 1.5922 (1.7122)  accuracy: 0.5000 (0.5045)  balanced_accuracy: 0.5000 (0.5140)  f1_weighted: 0.5508 (0.5188)  time: 0.0633  data: 0.0003  max mem: 5415
Passive Test:  [  5010/?]  eta: ?  loss: 1.3044 (1.7117)  accuracy: 0.5938 (0.5046)  balanced_accuracy: 0.6047 (0.5142)  f1_weighted: 0.6007 (0.5190)  time: 0.0617  data: 0.0002  max mem: 5415
Passive Test:  [  5020/?]  eta: ?  loss: 1.0857 (1.7107)  accuracy: 0.5469 (0.5047)  balanced_accuracy: 0.5851 (0.5143)  f1_weighted: 0.5887 (0.5192)  time: 0.0630  data: 0.0003  max mem: 5415
Passive Test:  [  5030/?]  eta: ?  loss: 1.0185 (1.7096)  accuracy: 0.5469 (0.5048)  balanced_accuracy: 0.5851 (0.5145)  f1_weighted: 0.5834 (0.5194)  time: 0.0638  data: 0.0003  max mem: 5415
Passive Test:  [  5040/?]  eta: ?  loss: 0.9228 (1.7085)  accuracy: 0.5625 (0.5050)  balanced_accuracy: 0.6195 (0.5147)  f1_weighted: 0.6081 (0.5196)  time: 0.0632  data: 0.0003  max mem: 5415
Passive Test:  [  5050/?]  eta: ?  loss: 1.0950 (1.7076)  accuracy: 0.5625 (0.5050)  balanced_accuracy: 0.5974 (0.5148)  f1_weighted: 0.5934 (0.5197)  time: 0.0639  data: 0.0003  max mem: 5415
Passive Test:  [  5060/?]  eta: ?  loss: 1.3281 (1.7071)  accuracy: 0.4844 (0.5050)  balanced_accuracy: 0.4947 (0.5147)  f1_weighted: 0.5455 (0.5197)  time: 0.0639  data: 0.0003  max mem: 5415
Passive Test:  [  5070/?]  eta: ?  loss: 1.4405 (1.7070)  accuracy: 0.4531 (0.5049)  balanced_accuracy: 0.4234 (0.5146)  f1_weighted: 0.5103 (0.5197)  time: 0.0641  data: 0.0003  max mem: 5415
Passive Test:  [  5080/?]  eta: ?  loss: 1.5443 (1.7075)  accuracy: 0.4688 (0.5047)  balanced_accuracy: 0.4167 (0.5143)  f1_weighted: 0.4966 (0.5196)  time: 0.0643  data: 0.0003  max mem: 5415
Passive Test:  [  5090/?]  eta: ?  loss: 1.5374 (1.7070)  accuracy: 0.4844 (0.5048)  balanced_accuracy: 0.3854 (0.5142)  f1_weighted: 0.5034 (0.5196)  time: 0.0635  data: 0.0003  max mem: 5415
Passive Test:  [  5100/?]  eta: ?  loss: 1.3331 (1.7070)  accuracy: 0.5469 (0.5048)  balanced_accuracy: 0.4062 (0.5142)  f1_weighted: 0.5510 (0.5198)  time: 0.0628  data: 0.0003  max mem: 5415
Passive Test:  [  5110/?]  eta: ?  loss: 0.9174 (1.7058)  accuracy: 0.6250 (0.5050)  balanced_accuracy: 0.6562 (0.5144)  f1_weighted: 0.6883 (0.5201)  time: 0.0624  data: 0.0003  max mem: 5415
Passive Test:  [  5120/?]  eta: ?  loss: 0.7545 (1.7045)  accuracy: 0.7031 (0.5053)  balanced_accuracy: 0.7188 (0.5146)  f1_weighted: 0.7477 (0.5205)  time: 0.0609  data: 0.0002  max mem: 5415
Passive Test:  [  5130/?]  eta: ?  loss: 0.7250 (1.7028)  accuracy: 0.7344 (0.5057)  balanced_accuracy: 0.7656 (0.5150)  f1_weighted: 0.8212 (0.5210)  time: 0.0663  data: 0.0002  max mem: 5415
Passive Test:  [  5140/?]  eta: ?  loss: 0.7088 (1.7016)  accuracy: 0.7344 (0.5059)  balanced_accuracy: 0.7396 (0.5152)  f1_weighted: 0.8037 (0.5213)  time: 0.0679  data: 0.0002  max mem: 5415
Passive Test:  [  5150/?]  eta: ?  loss: 0.6387 (1.6997)  accuracy: 0.7188 (0.5064)  balanced_accuracy: 0.6875 (0.5156)  f1_weighted: 0.8148 (0.5219)  time: 0.0632  data: 0.0003  max mem: 5415
Passive Test:  [  5160/?]  eta: ?  loss: 0.6338 (1.6984)  accuracy: 0.7031 (0.5067)  balanced_accuracy: 0.6875 (0.5160)  f1_weighted: 0.7925 (0.5225)  time: 0.0629  data: 0.0003  max mem: 5415
Passive Test:  [  5170/?]  eta: ?  loss: 0.6993 (1.6969)  accuracy: 0.6719 (0.5071)  balanced_accuracy: 0.6562 (0.5163)  f1_weighted: 0.7573 (0.5230)  time: 0.0636  data: 0.0003  max mem: 5415
Passive Test:  [  5180/?]  eta: ?  loss: 0.5743 (1.6951)  accuracy: 0.7656 (0.5075)  balanced_accuracy: 0.6875 (0.5166)  f1_weighted: 0.7691 (0.5235)  time: 0.0647  data: 0.0003  max mem: 5415
Passive Test:  [  5190/?]  eta: ?  loss: 0.5743 (1.6930)  accuracy: 0.7812 (0.5080)  balanced_accuracy: 0.7812 (0.5172)  f1_weighted: 0.8302 (0.5241)  time: 0.0640  data: 0.0003  max mem: 5415
Passive Test:  [  5200/?]  eta: ?  loss: 0.6038 (1.6914)  accuracy: 0.7500 (0.5084)  balanced_accuracy: 0.7720 (0.5175)  f1_weighted: 0.7925 (0.5245)  time: 0.0641  data: 0.0003  max mem: 5415
Passive Test:  [  5210/?]  eta: ?  loss: 0.7052 (1.6895)  accuracy: 0.6719 (0.5088)  balanced_accuracy: 0.7188 (0.5179)  f1_weighted: 0.7819 (0.5249)  time: 0.0625  data: 0.0003  max mem: 5415
Passive Test:  [  5220/?]  eta: ?  loss: 0.6137 (1.6874)  accuracy: 0.7188 (0.5093)  balanced_accuracy: 0.7812 (0.5185)  f1_weighted: 0.7983 (0.5254)  time: 0.0622  data: 0.0002  max mem: 5415
Passive Test:  [  5230/?]  eta: ?  loss: 0.5781 (1.6857)  accuracy: 0.7188 (0.5097)  balanced_accuracy: 0.8021 (0.5190)  f1_weighted: 0.7282 (0.5258)  time: 0.0632  data: 0.0003  max mem: 5415
Passive Test:  [  5240/?]  eta: ?  loss: 0.5626 (1.6837)  accuracy: 0.7188 (0.5102)  balanced_accuracy: 0.7917 (0.5195)  f1_weighted: 0.7157 (0.5263)  time: 0.0629  data: 0.0002  max mem: 5415
Passive Test:  [  5250/?]  eta: ?  loss: 0.6414 (1.6818)  accuracy: 0.7188 (0.5106)  balanced_accuracy: 0.7708 (0.5198)  f1_weighted: 0.7321 (0.5267)  time: 0.0620  data: 0.0002  max mem: 5415
Passive Test:  [  5260/?]  eta: ?  loss: 0.6692 (1.6801)  accuracy: 0.7031 (0.5109)  balanced_accuracy: 0.7083 (0.5202)  f1_weighted: 0.6885 (0.5270)  time: 0.0634  data: 0.0003  max mem: 5415
Passive Test:  [  5270/?]  eta: ?  loss: 0.6319 (1.6792)  accuracy: 0.6875 (0.5112)  balanced_accuracy: 0.6771 (0.5204)  f1_weighted: 0.6830 (0.5272)  time: 0.0654  data: 0.0003  max mem: 5415
Passive Test:  [  5280/?]  eta: ?  loss: 0.5716 (1.6778)  accuracy: 0.7031 (0.5116)  balanced_accuracy: 0.6562 (0.5207)  f1_weighted: 0.7209 (0.5275)  time: 0.0636  data: 0.0003  max mem: 5415
Passive Test:  [  5290/?]  eta: ?  loss: 0.5972 (1.6773)  accuracy: 0.6562 (0.5118)  balanced_accuracy: 0.6562 (0.5209)  f1_weighted: 0.6487 (0.5277)  time: 0.0720  data: 0.0002  max mem: 5415
Passive Test:  [  5300/?]  eta: ?  loss: 0.7664 (1.6766)  accuracy: 0.6562 (0.5120)  balanced_accuracy: 0.6562 (0.5211)  f1_weighted: 0.6487 (0.5280)  time: 0.0738  data: 0.0003  max mem: 5415
Passive Test:  [  5310/?]  eta: ?  loss: 1.1856 (1.6770)  accuracy: 0.5312 (0.5120)  balanced_accuracy: 0.5312 (0.5211)  f1_weighted: 0.6151 (0.5280)  time: 0.0650  data: 0.0003  max mem: 5415
Passive Test:  [  5320/?]  eta: ?  loss: 1.4027 (1.6765)  accuracy: 0.5000 (0.5122)  balanced_accuracy: 0.4792 (0.5212)  f1_weighted: 0.5402 (0.5282)  time: 0.0640  data: 0.0003  max mem: 5415
Passive Test:  [  5330/?]  eta: ?  loss: 1.4027 (1.6765)  accuracy: 0.4219 (0.5122)  balanced_accuracy: 0.4583 (0.5212)  f1_weighted: 0.4893 (0.5282)  time: 0.0631  data: 0.0002  max mem: 5415
Passive Test:  [  5340/?]  eta: ?  loss: 1.6157 (1.6763)  accuracy: 0.4219 (0.5121)  balanced_accuracy: 0.4375 (0.5211)  f1_weighted: 0.4427 (0.5281)  time: 0.0716  data: 0.0002  max mem: 5415
Passive Test:  [  5350/?]  eta: ?  loss: 1.6157 (1.6762)  accuracy: 0.4375 (0.5119)  balanced_accuracy: 0.4271 (0.5209)  f1_weighted: 0.4427 (0.5280)  time: 0.0825  data: 0.0003  max mem: 5415
Passive Test:  [  5360/?]  eta: ?  loss: 1.6986 (1.6762)  accuracy: 0.4688 (0.5119)  balanced_accuracy: 0.5156 (0.5209)  f1_weighted: 0.5040 (0.5281)  time: 0.0736  data: 0.0003  max mem: 5415
Passive Test:  [  5370/?]  eta: ?  loss: 1.8423 (1.6766)  accuracy: 0.4531 (0.5117)  balanced_accuracy: 0.4531 (0.5208)  f1_weighted: 0.5259 (0.5281)  time: 0.0639  data: 0.0003  max mem: 5415
Passive Test:  [  5380/?]  eta: ?  loss: 1.5366 (1.6766)  accuracy: 0.4531 (0.5117)  balanced_accuracy: 0.4531 (0.5207)  f1_weighted: 0.5873 (0.5282)  time: 0.0700  data: 0.0003  max mem: 5415
Passive Test:  [  5390/?]  eta: ?  loss: 1.8768 (1.6778)  accuracy: 0.4844 (0.5115)  balanced_accuracy: 0.4844 (0.5206)  f1_weighted: 0.5287 (0.5282)  time: 0.0706  data: 0.0003  max mem: 5415
Passive Test:  [  5400/?]  eta: ?  loss: 2.2444 (1.6785)  accuracy: 0.4062 (0.5115)  balanced_accuracy: 0.4062 (0.5207)  f1_weighted: 0.5223 (0.5284)  time: 0.0742  data: 0.0003  max mem: 5415
Passive Test:  [  5410/?]  eta: ?  loss: 2.2444 (1.6791)  accuracy: 0.4844 (0.5116)  balanced_accuracy: 0.4844 (0.5207)  f1_weighted: 0.5695 (0.5286)  time: 0.0733  data: 0.0003  max mem: 5415
Passive Test:  [  5420/?]  eta: ?  loss: 1.8951 (1.6794)  accuracy: 0.4844 (0.5117)  balanced_accuracy: 0.4844 (0.5208)  f1_weighted: 0.5778 (0.5289)  time: 0.0637  data: 0.0003  max mem: 5415
Passive Test:  [  5430/?]  eta: ?  loss: 1.5435 (1.6796)  accuracy: 0.4531 (0.5118)  balanced_accuracy: 0.4531 (0.5209)  f1_weighted: 0.6070 (0.5292)  time: 0.0613  data: 0.0002  max mem: 5415
Passive Test:  [  5440/?]  eta: ?  loss: 1.5435 (1.6793)  accuracy: 0.4688 (0.5119)  balanced_accuracy: 0.4688 (0.5210)  f1_weighted: 0.6251 (0.5294)  time: 0.0624  data: 0.0002  max mem: 5415
Passive Test:  [  5450/?]  eta: ?  loss: 1.3589 (1.6793)  accuracy: 0.5312 (0.5120)  balanced_accuracy: 0.5312 (0.5210)  f1_weighted: 0.6383 (0.5297)  time: 0.0645  data: 0.0003  max mem: 5415
Passive Test:  [  5460/?]  eta: ?  loss: 1.5111 (1.6794)  accuracy: 0.5156 (0.5120)  balanced_accuracy: 0.5156 (0.5210)  f1_weighted: 0.6087 (0.5298)  time: 0.0636  data: 0.0003  max mem: 5415
Passive Test:  [  5470/?]  eta: ?  loss: 1.5470 (1.6791)  accuracy: 0.4688 (0.5120)  balanced_accuracy: 0.4688 (0.5211)  f1_weighted: 0.5934 (0.5300)  time: 0.0640  data: 0.0003  max mem: 5415
Passive Test:  [  5480/?]  eta: ?  loss: 1.2714 (1.6782)  accuracy: 0.5781 (0.5122)  balanced_accuracy: 0.5938 (0.5213)  f1_weighted: 0.6526 (0.5302)  time: 0.0634  data: 0.0003  max mem: 5415
Passive Test:  [  5490/?]  eta: ?  loss: 1.1653 (1.6772)  accuracy: 0.6406 (0.5123)  balanced_accuracy: 0.7344 (0.5216)  f1_weighted: 0.6804 (0.5305)  time: 0.0670  data: 0.0002  max mem: 5415
Passive Test:  [  5500/?]  eta: ?  loss: 0.8834 (1.6766)  accuracy: 0.6562 (0.5125)  balanced_accuracy: 0.7344 (0.5218)  f1_weighted: 0.7031 (0.5308)  time: 0.0677  data: 0.0002  max mem: 5415
Passive Test:  [  5510/?]  eta: ?  loss: 1.2395 (1.6760)  accuracy: 0.6406 (0.5126)  balanced_accuracy: 0.6719 (0.5220)  f1_weighted: 0.6313 (0.5309)  time: 0.0635  data: 0.0003  max mem: 5415
Passive Test:  [  5520/?]  eta: ?  loss: 1.2395 (1.6755)  accuracy: 0.5312 (0.5127)  balanced_accuracy: 0.6146 (0.5220)  f1_weighted: 0.6275 (0.5311)  time: 0.0648  data: 0.0003  max mem: 5415
Passive Test:  [  5530/?]  eta: ?  loss: 0.9433 (1.6751)  accuracy: 0.5156 (0.5128)  balanced_accuracy: 0.5938 (0.5222)  f1_weighted: 0.6237 (0.5312)  time: 0.0669  data: 0.0003  max mem: 5415
Passive Test:  [  5540/?]  eta: ?  loss: 1.0582 (1.6741)  accuracy: 0.5938 (0.5130)  balanced_accuracy: 0.5938 (0.5224)  f1_weighted: 0.6652 (0.5315)  time: 0.0645  data: 0.0003  max mem: 5415
Passive Test:  [  5550/?]  eta: ?  loss: 1.1006 (1.6735)  accuracy: 0.6406 (0.5132)  balanced_accuracy: 0.6406 (0.5227)  f1_weighted: 0.7126 (0.5318)  time: 0.0613  data: 0.0002  max mem: 5415
Passive Test:  [  5560/?]  eta: ?  loss: 1.1957 (1.6734)  accuracy: 0.5938 (0.5132)  balanced_accuracy: 0.5938 (0.5227)  f1_weighted: 0.6939 (0.5319)  time: 0.0622  data: 0.0002  max mem: 5415
Passive Test:  [  5570/?]  eta: ?  loss: 2.0023 (1.6741)  accuracy: 0.4062 (0.5131)  balanced_accuracy: 0.5312 (0.5228)  f1_weighted: 0.4882 (0.5318)  time: 0.0636  data: 0.0003  max mem: 5415
Passive Test:  [  5580/?]  eta: ?  loss: 2.2397 (1.6750)  accuracy: 0.3750 (0.5130)  balanced_accuracy: 0.5104 (0.5228)  f1_weighted: 0.3948 (0.5317)  time: 0.0638  data: 0.0003  max mem: 5415
Passive Test:  [  5590/?]  eta: ?  loss: 2.2780 (1.6758)  accuracy: 0.3594 (0.5129)  balanced_accuracy: 0.4896 (0.5229)  f1_weighted: 0.4071 (0.5316)  time: 0.0654  data: 0.0003  max mem: 5415
Passive Test:  [  5600/?]  eta: ?  loss: 2.2780 (1.6768)  accuracy: 0.3594 (0.5127)  balanced_accuracy: 0.5417 (0.5228)  f1_weighted: 0.3929 (0.5315)  time: 0.0667  data: 0.0003  max mem: 5415
Passive Test:  [  5610/?]  eta: ?  loss: 2.0241 (1.6777)  accuracy: 0.3594 (0.5125)  balanced_accuracy: 0.5417 (0.5227)  f1_weighted: 0.3929 (0.5313)  time: 0.0654  data: 0.0003  max mem: 5415
Passive Test:  [  5620/?]  eta: ?  loss: 1.9014 (1.6780)  accuracy: 0.3594 (0.5123)  balanced_accuracy: 0.5312 (0.5227)  f1_weighted: 0.3966 (0.5312)  time: 0.0637  data: 0.0003  max mem: 5415
Passive Test:  [  5630/?]  eta: ?  loss: 1.5360 (1.6781)  accuracy: 0.4219 (0.5122)  balanced_accuracy: 0.5521 (0.5227)  f1_weighted: 0.4343 (0.5311)  time: 0.0640  data: 0.0002  max mem: 5415
Passive Test:  [  5640/?]  eta: ?  loss: 1.4989 (1.6785)  accuracy: 0.4375 (0.5121)  balanced_accuracy: 0.5208 (0.5226)  f1_weighted: 0.4455 (0.5310)  time: 0.0627  data: 0.0002  max mem: 5415
Passive Test:  [  5650/?]  eta: ?  loss: 1.6873 (1.6791)  accuracy: 0.4375 (0.5120)  balanced_accuracy: 0.5104 (0.5226)  f1_weighted: 0.4278 (0.5308)  time: 0.0608  data: 0.0002  max mem: 5415
Passive Test:  [  5660/?]  eta: ?  loss: 1.9428 (1.6796)  accuracy: 0.4375 (0.5119)  balanced_accuracy: 0.5417 (0.5226)  f1_weighted: 0.4162 (0.5308)  time: 0.0622  data: 0.0002  max mem: 5415
Passive Test:  [  5670/?]  eta: ?  loss: 1.7765 (1.6803)  accuracy: 0.4688 (0.5119)  balanced_accuracy: 0.6164 (0.5228)  f1_weighted: 0.4706 (0.5307)  time: 0.0634  data: 0.0002  max mem: 5415
Passive Test:  [  5680/?]  eta: ?  loss: 1.7765 (1.6810)  accuracy: 0.5156 (0.5119)  balanced_accuracy: 0.5625 (0.5228)  f1_weighted: 0.4951 (0.5307)  time: 0.0639  data: 0.0003  max mem: 5415
Passive Test:  [  5690/?]  eta: ?  loss: 1.2943 (1.6817)  accuracy: 0.5156 (0.5119)  balanced_accuracy: 0.5625 (0.5229)  f1_weighted: 0.4951 (0.5306)  time: 0.0640  data: 0.0003  max mem: 5415
Passive Test:  [  5700/?]  eta: ?  loss: 1.7360 (1.6823)  accuracy: 0.4688 (0.5118)  balanced_accuracy: 0.5625 (0.5230)  f1_weighted: 0.4206 (0.5306)  time: 0.0644  data: 0.0003  max mem: 5415
Passive Test:  [  5710/?]  eta: ?  loss: 1.7360 (1.6830)  accuracy: 0.4844 (0.5118)  balanced_accuracy: 0.5625 (0.5231)  f1_weighted: 0.4300 (0.5306)  time: 0.0615  data: 0.0002  max mem: 5415
Passive Test:  [  5720/?]  eta: ?  loss: 1.1756 (1.6824)  accuracy: 0.5312 (0.5119)  balanced_accuracy: 0.5833 (0.5232)  f1_weighted: 0.5637 (0.5306)  time: 0.0588  data: 0.0002  max mem: 5415
Passive Test:  [  5730/?]  eta: ?  loss: 1.2315 (1.6831)  accuracy: 0.5000 (0.5118)  balanced_accuracy: 0.5208 (0.5232)  f1_weighted: 0.5076 (0.5305)  time: 0.0610  data: 0.0002  max mem: 5415
Passive Test:  [  5740/?]  eta: ?  loss: 1.8588 (1.6838)  accuracy: 0.4531 (0.5116)  balanced_accuracy: 0.5000 (0.5232)  f1_weighted: 0.4336 (0.5303)  time: 0.0626  data: 0.0002  max mem: 5415
Passive Test:  [  5750/?]  eta: ?  loss: 2.1517 (1.6850)  accuracy: 0.3906 (0.5114)  balanced_accuracy: 0.4479 (0.5231)  f1_weighted: 0.3924 (0.5301)  time: 0.0717  data: 0.0002  max mem: 5415
Passive Test:  [  5760/?]  eta: ?  loss: 1.8059 (1.6851)  accuracy: 0.3906 (0.5112)  balanced_accuracy: 0.4167 (0.5230)  f1_weighted: 0.4069 (0.5299)  time: 0.0722  data: 0.0003  max mem: 5415
Passive Test:  [  5770/?]  eta: ?  loss: 1.5569 (1.6851)  accuracy: 0.4062 (0.5113)  balanced_accuracy: 0.4896 (0.5231)  f1_weighted: 0.4351 (0.5299)  time: 0.0620  data: 0.0002  max mem: 5415
Passive Test:  [  5780/?]  eta: ?  loss: 1.3954 (1.6849)  accuracy: 0.5156 (0.5113)  balanced_accuracy: 0.6094 (0.5233)  f1_weighted: 0.5934 (0.5299)  time: 0.0611  data: 0.0002  max mem: 5415
Passive Test:  [  5790/?]  eta: ?  loss: 1.2625 (1.6850)  accuracy: 0.5625 (0.5114)  balanced_accuracy: 0.6146 (0.5234)  f1_weighted: 0.6125 (0.5300)  time: 0.0630  data: 0.0002  max mem: 5415
Passive Test:  [  5800/?]  eta: ?  loss: 1.2159 (1.6839)  accuracy: 0.6250 (0.5116)  balanced_accuracy: 0.6719 (0.5237)  f1_weighted: 0.6430 (0.5302)  time: 0.0639  data: 0.0003  max mem: 5415
Passive Test:  [  5810/?]  eta: ?  loss: 0.9912 (1.6825)  accuracy: 0.6875 (0.5119)  balanced_accuracy: 0.7396 (0.5241)  f1_weighted: 0.7228 (0.5305)  time: 0.0721  data: 0.0002  max mem: 5415
Passive Test:  [  5820/?]  eta: ?  loss: 0.7693 (1.6812)  accuracy: 0.7344 (0.5123)  balanced_accuracy: 0.7917 (0.5244)  f1_weighted: 0.7431 (0.5308)  time: 0.0729  data: 0.0003  max mem: 5415
Passive Test:  [  5830/?]  eta: ?  loss: 0.8271 (1.6804)  accuracy: 0.7188 (0.5124)  balanced_accuracy: 0.7656 (0.5246)  f1_weighted: 0.7249 (0.5310)  time: 0.0643  data: 0.0003  max mem: 5415
Passive Test:  [  5840/?]  eta: ?  loss: 1.0629 (1.6793)  accuracy: 0.6719 (0.5127)  balanced_accuracy: 0.5312 (0.5248)  f1_weighted: 0.6775 (0.5312)  time: 0.0711  data: 0.0002  max mem: 5415
Passive Test:  [  5850/?]  eta: ?  loss: 0.7485 (1.6780)  accuracy: 0.6562 (0.5129)  balanced_accuracy: 0.6562 (0.5250)  f1_weighted: 0.6775 (0.5314)  time: 0.0734  data: 0.0003  max mem: 5415
Passive Test:  [  5860/?]  eta: ?  loss: 0.8338 (1.6767)  accuracy: 0.6406 (0.5132)  balanced_accuracy: 0.6562 (0.5252)  f1_weighted: 0.6905 (0.5317)  time: 0.0755  data: 0.0003  max mem: 5415
Passive Test:  [  5870/?]  eta: ?  loss: 0.8338 (1.6753)  accuracy: 0.6562 (0.5135)  balanced_accuracy: 0.6771 (0.5254)  f1_weighted: 0.7085 (0.5320)  time: 0.0738  data: 0.0003  max mem: 5415
Passive Test:  [  5880/?]  eta: ?  loss: 0.8389 (1.6738)  accuracy: 0.6875 (0.5138)  balanced_accuracy: 0.7083 (0.5256)  f1_weighted: 0.7114 (0.5323)  time: 0.0648  data: 0.0003  max mem: 5415
Passive Test:  [  5890/?]  eta: ?  loss: 0.8789 (1.6727)  accuracy: 0.7031 (0.5141)  balanced_accuracy: 0.6146 (0.5257)  f1_weighted: 0.7250 (0.5326)  time: 0.0647  data: 0.0003  max mem: 5415
Passive Test:  [  5900/?]  eta: ?  loss: 0.9245 (1.6716)  accuracy: 0.6875 (0.5144)  balanced_accuracy: 0.5938 (0.5259)  f1_weighted: 0.7291 (0.5330)  time: 0.0646  data: 0.0003  max mem: 5415
Passive Test:  [  5910/?]  eta: ?  loss: 1.1140 (1.6714)  accuracy: 0.6875 (0.5145)  balanced_accuracy: 0.5312 (0.5258)  f1_weighted: 0.7100 (0.5331)  time: 0.0642  data: 0.0003  max mem: 5415
Passive Test:  [  5920/?]  eta: ?  loss: 1.1086 (1.6709)  accuracy: 0.5625 (0.5145)  balanced_accuracy: 0.4583 (0.5256)  f1_weighted: 0.6650 (0.5331)  time: 0.0632  data: 0.0003  max mem: 5415
Passive Test:  [  5930/?]  eta: ?  loss: 1.1086 (1.6708)  accuracy: 0.5625 (0.5146)  balanced_accuracy: 0.4688 (0.5255)  f1_weighted: 0.5704 (0.5332)  time: 0.0691  data: 0.0003  max mem: 5415
Passive Test:  [  5940/?]  eta: ?  loss: 1.2774 (1.6705)  accuracy: 0.5469 (0.5145)  balanced_accuracy: 0.4583 (0.5253)  f1_weighted: 0.5688 (0.5332)  time: 0.0685  data: 0.0002  max mem: 5415
Passive Test:  [  5950/?]  eta: ?  loss: 1.2139 (1.6707)  accuracy: 0.5000 (0.5145)  balanced_accuracy: 0.3854 (0.5251)  f1_weighted: 0.5366 (0.5332)  time: 0.0624  data: 0.0002  max mem: 5415
Passive Test:  [  5960/?]  eta: ?  loss: 1.1535 (1.6701)  accuracy: 0.5312 (0.5145)  balanced_accuracy: 0.5208 (0.5252)  f1_weighted: 0.6021 (0.5332)  time: 0.0626  data: 0.0002  max mem: 5415
Passive Test:  [  5970/?]  eta: ?  loss: 0.7859 (1.6696)  accuracy: 0.5625 (0.5147)  balanced_accuracy: 0.5833 (0.5253)  f1_weighted: 0.6667 (0.5334)  time: 0.0599  data: 0.0002  max mem: 5415
Passive Test:  [  5980/?]  eta: ?  loss: 0.7203 (1.6684)  accuracy: 0.6250 (0.5150)  balanced_accuracy: 0.6146 (0.5255)  f1_weighted: 0.7462 (0.5338)  time: 0.0610  data: 0.0002  max mem: 5415
Passive Test:  [  5990/?]  eta: ?  loss: 0.4673 (1.6672)  accuracy: 0.7500 (0.5153)  balanced_accuracy: 0.6667 (0.5257)  f1_weighted: 0.8198 (0.5341)  time: 0.0640  data: 0.0002  max mem: 5415
Passive Test:  [  6000/?]  eta: ?  loss: 0.3306 (1.6656)  accuracy: 0.8125 (0.5158)  balanced_accuracy: 0.8333 (0.5261)  f1_weighted: 0.8223 (0.5346)  time: 0.0611  data: 0.0002  max mem: 5415
Passive Test:  [  6010/?]  eta: ?  loss: 0.3190 (1.6645)  accuracy: 0.8438 (0.5162)  balanced_accuracy: 0.8333 (0.5265)  f1_weighted: 0.8451 (0.5349)  time: 0.0593  data: 0.0002  max mem: 5415
Passive Test:  [  6020/?]  eta: ?  loss: 1.0926 (1.6637)  accuracy: 0.6875 (0.5165)  balanced_accuracy: 0.6458 (0.5267)  f1_weighted: 0.6660 (0.5352)  time: 0.0619  data: 0.0002  max mem: 5415
Passive Test:  [  6030/?]  eta: ?  loss: 1.1794 (1.6634)  accuracy: 0.6406 (0.5167)  balanced_accuracy: 0.6146 (0.5268)  f1_weighted: 0.6212 (0.5354)  time: 0.0630  data: 0.0003  max mem: 5415
Passive Test:  [  6040/?]  eta: ?  loss: 1.1670 (1.6625)  accuracy: 0.6094 (0.5169)  balanced_accuracy: 0.5729 (0.5270)  f1_weighted: 0.5933 (0.5356)  time: 0.0631  data: 0.0002  max mem: 5415
Passive Test:  [  6050/?]  eta: ?  loss: 0.9625 (1.6616)  accuracy: 0.5938 (0.5170)  balanced_accuracy: 0.5655 (0.5270)  f1_weighted: 0.5814 (0.5357)  time: 0.0641  data: 0.0003  max mem: 5415
Passive Test:  [  6060/?]  eta: ?  loss: 1.0959 (1.6610)  accuracy: 0.5469 (0.5171)  balanced_accuracy: 0.5312 (0.5270)  f1_weighted: 0.5578 (0.5358)  time: 0.0619  data: 0.0002  max mem: 5415
Passive Test:  [  6070/?]  eta: ?  loss: 1.2781 (1.6602)  accuracy: 0.5469 (0.5172)  balanced_accuracy: 0.5312 (0.5270)  f1_weighted: 0.5578 (0.5359)  time: 0.0606  data: 0.0002  max mem: 5415
Passive Test:  [  6080/?]  eta: ?  loss: 1.2140 (1.6592)  accuracy: 0.5469 (0.5174)  balanced_accuracy: 0.5417 (0.5271)  f1_weighted: 0.5214 (0.5360)  time: 0.0622  data: 0.0002  max mem: 5415
Passive Test:  [  6090/?]  eta: ?  loss: 1.2140 (1.6585)  accuracy: 0.5469 (0.5175)  balanced_accuracy: 0.5104 (0.5271)  f1_weighted: 0.5737 (0.5361)  time: 0.0629  data: 0.0002  max mem: 5415
Passive Test:  [  6100/?]  eta: ?  loss: 1.2022 (1.6576)  accuracy: 0.6250 (0.5177)  balanced_accuracy: 0.5729 (0.5272)  f1_weighted: 0.5964 (0.5363)  time: 0.0627  data: 0.0002  max mem: 5415
Passive Test:  [  6110/?]  eta: ?  loss: 1.1988 (1.6574)  accuracy: 0.6719 (0.5177)  balanced_accuracy: 0.5938 (0.5272)  f1_weighted: 0.6169 (0.5363)  time: 0.0633  data: 0.0002  max mem: 5415
Passive Test:  [  6120/?]  eta: ?  loss: 1.5336 (1.6570)  accuracy: 0.5781 (0.5178)  balanced_accuracy: 0.5000 (0.5272)  f1_weighted: 0.5346 (0.5364)  time: 0.0648  data: 0.0003  max mem: 5415
Passive Test:  [  6130/?]  eta: ?  loss: 1.4870 (1.6564)  accuracy: 0.5312 (0.5178)  balanced_accuracy: 0.5000 (0.5272)  f1_weighted: 0.5139 (0.5364)  time: 0.0640  data: 0.0003  max mem: 5415
Passive Test:  [  6140/?]  eta: ?  loss: 0.8895 (1.6552)  accuracy: 0.5312 (0.5180)  balanced_accuracy: 0.5312 (0.5273)  f1_weighted: 0.5469 (0.5365)  time: 0.0636  data: 0.0003  max mem: 5415
Passive Test:  [  6150/?]  eta: ?  loss: 1.0053 (1.6547)  accuracy: 0.5625 (0.5181)  balanced_accuracy: 0.5521 (0.5274)  f1_weighted: 0.5790 (0.5366)  time: 0.0634  data: 0.0003  max mem: 5415
Passive Test:  [  6160/?]  eta: ?  loss: 1.0053 (1.6540)  accuracy: 0.6094 (0.5183)  balanced_accuracy: 0.5625 (0.5276)  f1_weighted: 0.5790 (0.5367)  time: 0.0623  data: 0.0002  max mem: 5415
Passive Test:  [  6170/?]  eta: ?  loss: 0.7387 (1.6531)  accuracy: 0.6875 (0.5186)  balanced_accuracy: 0.6472 (0.5279)  f1_weighted: 0.6649 (0.5370)  time: 0.0608  data: 0.0002  max mem: 5415
Passive Test:  [  6180/?]  eta: ?  loss: 0.5157 (1.6517)  accuracy: 0.8125 (0.5190)  balanced_accuracy: 0.8131 (0.5284)  f1_weighted: 0.8119 (0.5375)  time: 0.0610  data: 0.0002  max mem: 5415
Passive Test:  [  6190/?]  eta: ?  loss: 0.4210 (1.6506)  accuracy: 0.8438 (0.5194)  balanced_accuracy: 0.8366 (0.5288)  f1_weighted: 0.8526 (0.5378)  time: 0.0621  data: 0.0002  max mem: 5415
Passive Test:  [  6200/?]  eta: ?  loss: 0.4459 (1.6497)  accuracy: 0.7969 (0.5197)  balanced_accuracy: 0.7958 (0.5292)  f1_weighted: 0.7905 (0.5381)  time: 0.0625  data: 0.0002  max mem: 5415
Passive Test:  [  6210/?]  eta: ?  loss: 0.4942 (1.6491)  accuracy: 0.7031 (0.5200)  balanced_accuracy: 0.5790 (0.5293)  f1_weighted: 0.6532 (0.5382)  time: 0.0764  data: 0.0002  max mem: 5415
Passive Test:  [  6220/?]  eta: ?  loss: 0.3402 (1.6468)  accuracy: 0.8750 (0.5207)  balanced_accuracy: 0.8281 (0.5300)  f1_weighted: 0.9060 (0.5389)  time: 0.0738  data: 0.0002  max mem: 5415
Passive Test:  [  6230/?]  eta: ?  loss: 0.2719 (1.6449)  accuracy: 0.8906 (0.5211)  balanced_accuracy: 0.8785 (0.5304)  f1_weighted: 0.9421 (0.5394)  time: 0.0594  data: 0.0002  max mem: 5415
Passive Test:  [  6240/?]  eta: ?  loss: 0.4325 (1.6429)  accuracy: 0.8125 (0.5216)  balanced_accuracy: 0.7031 (0.5307)  f1_weighted: 0.8419 (0.5399)  time: 0.0630  data: 0.0002  max mem: 5415
Passive Test:  [  6250/?]  eta: ?  loss: 0.2569 (1.6409)  accuracy: 0.8438 (0.5221)  balanced_accuracy: 0.8438 (0.5312)  f1_weighted: 0.9153 (0.5405)  time: 0.0636  data: 0.0003  max mem: 5415
Passive Test:  [  6260/?]  eta: ?  loss: 0.0497 (1.6385)  accuracy: 0.9844 (0.5228)  balanced_accuracy: 0.9844 (0.5319)  f1_weighted: 0.9921 (0.5412)  time: 0.0623  data: 0.0003  max mem: 5415
Passive Test:  [  6270/?]  eta: ?  loss: 0.1292 (1.6368)  accuracy: 0.9375 (0.5231)  balanced_accuracy: 0.9375 (0.5322)  f1_weighted: 0.9677 (0.5416)  time: 0.0726  data: 0.0003  max mem: 5415
Passive Test:  [  6280/?]  eta: ?  loss: 0.2019 (1.6356)  accuracy: 0.7812 (0.5234)  balanced_accuracy: 0.7812 (0.5325)  f1_weighted: 0.8772 (0.5420)  time: 0.0733  data: 0.0003  max mem: 5415
Passive Test:  [  6290/?]  eta: ?  loss: 0.0895 (1.6338)  accuracy: 0.9219 (0.5238)  balanced_accuracy: 0.9219 (0.5329)  f1_weighted: 0.9593 (0.5425)  time: 0.0634  data: 0.0002  max mem: 5415
Passive Test:  [  6300/?]  eta: ?  loss: 0.2733 (1.6330)  accuracy: 0.8438 (0.5241)  balanced_accuracy: 0.7243 (0.5331)  f1_weighted: 0.8583 (0.5428)  time: 0.0610  data: 0.0002  max mem: 5415
Passive Test:  [  6310/?]  eta: ?  loss: 1.5675 (1.6335)  accuracy: 0.3906 (0.5239)  balanced_accuracy: 0.3906 (0.5330)  f1_weighted: 0.5618 (0.5428)  time: 0.0693  data: 0.0002  max mem: 5415
Passive Test:  [  6320/?]  eta: ?  loss: 1.5675 (1.6328)  accuracy: 0.3906 (0.5241)  balanced_accuracy: 0.3906 (0.5331)  f1_weighted: 0.5618 (0.5431)  time: 0.0699  data: 0.0003  max mem: 5415
Passive Test:  [  6330/?]  eta: ?  loss: 1.1181 (1.6344)  accuracy: 0.4375 (0.5238)  balanced_accuracy: 0.4375 (0.5329)  f1_weighted: 0.6087 (0.5429)  time: 0.0692  data: 0.0002  max mem: 5415
Passive Test:  [  6340/?]  eta: ?  loss: 1.5416 (1.6350)  accuracy: 0.2188 (0.5237)  balanced_accuracy: 0.2188 (0.5327)  f1_weighted: 0.3590 (0.5429)  time: 0.0702  data: 0.0003  max mem: 5415
Passive Test:  [  6350/?]  eta: ?  loss: 1.6281 (1.6354)  accuracy: 0.3906 (0.5235)  balanced_accuracy: 0.3906 (0.5324)  f1_weighted: 0.5618 (0.5428)  time: 0.0619  data: 0.0003  max mem: 5415
Passive Test:  [  6360/?]  eta: ?  loss: 1.6281 (1.6360)  accuracy: 0.3438 (0.5232)  balanced_accuracy: 0.3438 (0.5322)  f1_weighted: 0.5116 (0.5428)  time: 0.0624  data: 0.0002  max mem: 5415
Passive Test: Total time: 0:06:51 (0.0647 s / it)
* loss 1.637
  ACTIVE Test Acc: 52.5593% (n=69,183)
  PASSIVE Test Acc: 52.3008% (n=407,568)
  → Epoch   5/50 | Train Loss: 0.4348 | Val Loss: 1.6444 | Train Acc: 80.4298% | Val Acc: 52.3596% | LR: 0.000001
Max accuracy val: 56.39%, max accuracy test: 57.03%
  Test segment-level: 0.5269 | participant (mean prob): 0.6102 | participant (majority vote): 0.6144
Epoch: [5]  [     0/?]  eta: ?  lr: 0.000500  min_lr: 0.000002  loss: 0.4231 (0.4231)  class_acc: 0.8193 (0.8193)  loss_scale: 256.0000 (256.0000)  weight_decay: 0.0500 (0.0500)  grad_norm: 73.6812 (73.6812)  time: 20.6702  data: 20.3803  max mem: 5415
Epoch: [5]  [   500/?]  eta: ?  lr: 0.000500  min_lr: 0.000002  loss: 0.3777 (0.3881)  class_acc: 0.8281 (0.8279)  loss_scale: 256.0000 (256.0000)  weight_decay: 0.0500 (0.0500)  grad_norm: 70.2629 (75.9524)  time: 4.0230  data: 3.4566  max mem: 5415
Epoch: [5]  [  1000/?]  eta: ?  lr: 0.000500  min_lr: 0.000002  loss: 0.3651 (0.3781)  class_acc: 0.8340 (0.8322)  loss_scale: 256.0000 (256.0000)  weight_decay: 0.0500 (0.0500)  grad_norm: 68.4934 (73.5569)  time: 2.4076  data: 1.8240  max mem: 5415
Epoch: [5]  [  1500/?]  eta: ?  lr: 0.000500  min_lr: 0.000002  loss: 0.3352 (0.3678)  class_acc: 0.8506 (0.8368)  loss_scale: 256.0000 (256.0000)  weight_decay: 0.0500 (0.0500)  grad_norm: 64.6348 (72.2511)  time: 1.6008  data: 1.0202  max mem: 5415
NaN or Inf found in input tensor.
Epoch: [5]  [  2000/?]  eta: ?  lr: 0.000500  min_lr: 0.000002  loss: 0.3237 (0.3581)  class_acc: 0.8555 (0.8413)  loss_scale: 256.0000 (256.5117)  weight_decay: 0.0500 (0.0500)  grad_norm: 66.2300 (inf)  time: 1.3364  data: 0.7937  max mem: 5415
Epoch: [5] Total time: 1:44:24 (2.8963 s / it)
Val:  [     0/?]  eta: ?  loss: 1.1359 (1.1359)  accuracy: 0.6673 (0.6673)  balanced_accuracy: 0.6342 (0.6342)  f1_weighted: 0.6670 (0.6670)  time: 4.0855  data: 3.7016  max mem: 5415
Val:  [    10/?]  eta: ?  loss: 1.5669 (1.4973)  accuracy: 0.5065 (0.5624)  balanced_accuracy: 0.5250 (0.5564)  f1_weighted: 0.5287 (0.5744)  time: 1.9944  data: 1.8383  max mem: 5415
Val:  [    20/?]  eta: ?  loss: 1.6601 (1.6709)  accuracy: 0.4948 (0.5313)  balanced_accuracy: 0.5137 (0.5255)  f1_weighted: 0.5045 (0.5432)  time: 1.8154  data: 1.6773  max mem: 5415
Val:  [    30/?]  eta: ?  loss: 1.7030 (1.7156)  accuracy: 0.5091 (0.5379)  balanced_accuracy: 0.5344 (0.5399)  f1_weighted: 0.5167 (0.5499)  time: 1.8225  data: 1.6833  max mem: 5415
Val:  [    40/?]  eta: ?  loss: 1.6684 (1.7107)  accuracy: 0.5312 (0.5351)  balanced_accuracy: 0.5481 (0.5444)  f1_weighted: 0.5284 (0.5451)  time: 1.7976  data: 1.6646  max mem: 5415
Val:  [    50/?]  eta: ?  loss: 1.5670 (1.7001)  accuracy: 0.5267 (0.5341)  balanced_accuracy: 0.5309 (0.5398)  f1_weighted: 0.5270 (0.5462)  time: 1.7788  data: 1.6399  max mem: 5415
Val:  [    60/?]  eta: ?  loss: 1.4358 (1.6602)  accuracy: 0.5514 (0.5401)  balanced_accuracy: 0.5365 (0.5418)  f1_weighted: 0.5790 (0.5576)  time: 1.6930  data: 1.5524  max mem: 5415
Val:  [    70/?]  eta: ?  loss: 1.4338 (1.6441)  accuracy: 0.5553 (0.5382)  balanced_accuracy: 0.5749 (0.5416)  f1_weighted: 0.6121 (0.5622)  time: 1.6284  data: 1.4892  max mem: 5415
Val:  [    80/?]  eta: ?  loss: 1.4680 (1.6501)  accuracy: 0.5378 (0.5430)  balanced_accuracy: 0.5592 (0.5435)  f1_weighted: 0.5805 (0.5650)  time: 1.6371  data: 1.5025  max mem: 5415
Val:  [    90/?]  eta: ?  loss: 1.4638 (1.6354)  accuracy: 0.5612 (0.5456)  balanced_accuracy: 0.5553 (0.5441)  f1_weighted: 0.5760 (0.5665)  time: 1.6570  data: 1.5284  max mem: 5415
Val:  [   100/?]  eta: ?  loss: 1.5844 (1.6460)  accuracy: 0.4902 (0.5407)  balanced_accuracy: 0.4849 (0.5377)  f1_weighted: 0.5068 (0.5602)  time: 1.6656  data: 1.5379  max mem: 5415
Val:  [   110/?]  eta: ?  loss: 1.9173 (1.6847)  accuracy: 0.4824 (0.5364)  balanced_accuracy: 0.4677 (0.5313)  f1_weighted: 0.4915 (0.5567)  time: 1.6544  data: 1.5312  max mem: 5415
Val:  [   120/?]  eta: ?  loss: 1.8731 (1.6747)  accuracy: 0.5234 (0.5405)  balanced_accuracy: 0.4677 (0.5312)  f1_weighted: 0.5460 (0.5597)  time: 1.6535  data: 1.5304  max mem: 5415
Val:  [   130/?]  eta: ?  loss: 1.6070 (1.6804)  accuracy: 0.4915 (0.5350)  balanced_accuracy: 0.4645 (0.5269)  f1_weighted: 0.5260 (0.5558)  time: 1.6644  data: 1.5341  max mem: 5415
Val:  [   140/?]  eta: ?  loss: 1.6969 (1.6749)  accuracy: 0.4915 (0.5359)  balanced_accuracy: 0.5117 (0.5297)  f1_weighted: 0.5260 (0.5569)  time: 1.6603  data: 1.5294  max mem: 5415
Val:  [   150/?]  eta: ?  loss: 1.7599 (1.6881)  accuracy: 0.5124 (0.5332)  balanced_accuracy: 0.5117 (0.5248)  f1_weighted: 0.5504 (0.5556)  time: 1.6509  data: 1.5289  max mem: 5415
Val:  [   160/?]  eta: ?  loss: 1.8556 (1.7103)  accuracy: 0.4766 (0.5281)  balanced_accuracy: 0.4654 (0.5204)  f1_weighted: 0.4785 (0.5496)  time: 1.6592  data: 1.5308  max mem: 5415
Val:  [   170/?]  eta: ?  loss: 1.7566 (1.7085)  accuracy: 0.5358 (0.5309)  balanced_accuracy: 0.5051 (0.5199)  f1_weighted: 0.5353 (0.5527)  time: 1.6794  data: 1.5434  max mem: 5415
Val:  [   180/?]  eta: ?  loss: 1.5198 (1.7017)  accuracy: 0.5527 (0.5304)  balanced_accuracy: 0.5178 (0.5201)  f1_weighted: 0.5964 (0.5525)  time: 1.6889  data: 1.5605  max mem: 5415
Val:  [   190/?]  eta: ?  loss: 1.4142 (1.6822)  accuracy: 0.5482 (0.5340)  balanced_accuracy: 0.5785 (0.5266)  f1_weighted: 0.5859 (0.5552)  time: 1.6816  data: 1.5594  max mem: 5415
Val:  [   200/?]  eta: ?  loss: 1.4142 (1.6862)  accuracy: 0.5469 (0.5340)  balanced_accuracy: 0.5766 (0.5260)  f1_weighted: 0.5859 (0.5558)  time: 1.6943  data: 1.5635  max mem: 5415
Val:  [   210/?]  eta: ?  loss: 1.5721 (1.6855)  accuracy: 0.5286 (0.5346)  balanced_accuracy: 0.4989 (0.5248)  f1_weighted: 0.5840 (0.5573)  time: 1.7237  data: 1.5869  max mem: 5415
Val:  [   220/?]  eta: ?  loss: 1.4260 (1.6757)  accuracy: 0.5482 (0.5362)  balanced_accuracy: 0.4989 (0.5265)  f1_weighted: 0.5840 (0.5582)  time: 1.7211  data: 1.5922  max mem: 5415
Val:  [   230/?]  eta: ?  loss: 1.4260 (1.6687)  accuracy: 0.5664 (0.5372)  balanced_accuracy: 0.6258 (0.5313)  f1_weighted: 0.5827 (0.5592)  time: 1.7218  data: 1.6001  max mem: 5415
Val:  [   240/?]  eta: ?  loss: 1.6124 (1.6851)  accuracy: 0.4883 (0.5316)  balanced_accuracy: 0.4676 (0.5250)  f1_weighted: 0.5397 (0.5548)  time: 1.7288  data: 1.5991  max mem: 5415
Val:  [   250/?]  eta: ?  loss: 1.6276 (1.6735)  accuracy: 0.4531 (0.5317)  balanced_accuracy: 0.3658 (0.5247)  f1_weighted: 0.5255 (0.5554)  time: 1.7278  data: 1.5909  max mem: 5415
Val:  [   260/?]  eta: ?  loss: 1.7948 (1.6892)  accuracy: 0.4531 (0.5278)  balanced_accuracy: 0.4465 (0.5218)  f1_weighted: 0.5206 (0.5515)  time: 1.7559  data: 1.6267  max mem: 5415
Val:  [   270/?]  eta: ?  loss: 1.8329 (1.6997)  accuracy: 0.4277 (0.5257)  balanced_accuracy: 0.4438 (0.5205)  f1_weighted: 0.4515 (0.5494)  time: 1.7937  data: 1.6665  max mem: 5415
Val:  [   280/?]  eta: ?  loss: 1.8329 (1.7042)  accuracy: 0.4277 (0.5203)  balanced_accuracy: 0.4396 (0.5155)  f1_weighted: 0.4515 (0.5457)  time: 1.8165  data: 1.6670  max mem: 5415
Val:  [   290/?]  eta: ?  loss: 1.8404 (1.7103)  accuracy: 0.4329 (0.5183)  balanced_accuracy: 0.4189 (0.5133)  f1_weighted: 0.4391 (0.5430)  time: 1.8024  data: 1.6510  max mem: 5415
Val:  [   300/?]  eta: ?  loss: 1.4473 (1.7040)  accuracy: 0.4902 (0.5191)  balanced_accuracy: 0.4427 (0.5149)  f1_weighted: 0.4970 (0.5443)  time: 1.8155  data: 1.6800  max mem: 5415
Val:  [   310/?]  eta: ?  loss: 0.8984 (1.6786)  accuracy: 0.5788 (0.5237)  balanced_accuracy: 0.6225 (0.5198)  f1_weighted: 0.7071 (0.5504)  time: 1.8655  data: 1.7172  max mem: 5415
Val: Total time: 0:08:59 (1.7331 s / it)
* loss 1.679
Test:  [     0/?]  eta: ?  loss: 2.3701 (2.3701)  accuracy: 0.4824 (0.4824)  balanced_accuracy: 0.5242 (0.5242)  f1_weighted: 0.4592 (0.4592)  time: 2.7193  data: 2.6023  max mem: 5415
Test:  [    10/?]  eta: ?  loss: 1.7568 (1.7079)  accuracy: 0.5072 (0.5306)  balanced_accuracy: 0.5316 (0.5348)  f1_weighted: 0.5207 (0.5398)  time: 1.8693  data: 1.7524  max mem: 5415
Test:  [    20/?]  eta: ?  loss: 1.8018 (1.8188)  accuracy: 0.4967 (0.5038)  balanced_accuracy: 0.5088 (0.5073)  f1_weighted: 0.5155 (0.5147)  time: 1.7886  data: 1.6710  max mem: 5415
Test:  [    30/?]  eta: ?  loss: 1.9311 (1.8357)  accuracy: 0.4987 (0.5138)  balanced_accuracy: 0.4957 (0.5095)  f1_weighted: 0.5155 (0.5264)  time: 1.7022  data: 1.5845  max mem: 5415
Test:  [    40/?]  eta: ?  loss: 1.8207 (1.8727)  accuracy: 0.5358 (0.5143)  balanced_accuracy: 0.5153 (0.5133)  f1_weighted: 0.5371 (0.5269)  time: 1.5265  data: 1.3982  max mem: 5415
Test:  [    50/?]  eta: ?  loss: 1.6429 (1.8424)  accuracy: 0.5410 (0.5253)  balanced_accuracy: 0.5391 (0.5253)  f1_weighted: 0.5418 (0.5356)  time: 1.4045  data: 1.2774  max mem: 5415
Test:  [    60/?]  eta: ?  loss: 1.5280 (1.8337)  accuracy: 0.5267 (0.5224)  balanced_accuracy: 0.5422 (0.5267)  f1_weighted: 0.5311 (0.5366)  time: 1.3239  data: 1.2092  max mem: 5415
Test:  [    70/?]  eta: ?  loss: 1.2765 (1.7388)  accuracy: 0.5755 (0.5423)  balanced_accuracy: 0.6110 (0.5466)  f1_weighted: 0.5810 (0.5554)  time: 1.2388  data: 1.1237  max mem: 5415
Test:  [    80/?]  eta: ?  loss: 1.4253 (1.7357)  accuracy: 0.5475 (0.5352)  balanced_accuracy: 0.5743 (0.5343)  f1_weighted: 0.5494 (0.5463)  time: 1.2209  data: 1.0962  max mem: 5415
Test:  [    90/?]  eta: ?  loss: 1.6354 (1.7342)  accuracy: 0.4896 (0.5329)  balanced_accuracy: 0.4471 (0.5270)  f1_weighted: 0.5148 (0.5460)  time: 1.2266  data: 1.0962  max mem: 5415
Test:  [   100/?]  eta: ?  loss: 1.5248 (1.7120)  accuracy: 0.4896 (0.5278)  balanced_accuracy: 0.3970 (0.5193)  f1_weighted: 0.5250 (0.5406)  time: 1.2084  data: 1.0868  max mem: 5415
Test:  [   110/?]  eta: ?  loss: 1.3058 (1.7073)  accuracy: 0.5306 (0.5316)  balanced_accuracy: 0.5212 (0.5229)  f1_weighted: 0.5314 (0.5447)  time: 1.2080  data: 1.0914  max mem: 5415
Test:  [   120/?]  eta: ?  loss: 1.4614 (1.7083)  accuracy: 0.5924 (0.5325)  balanced_accuracy: 0.5868 (0.5268)  f1_weighted: 0.6003 (0.5452)  time: 1.2083  data: 1.0918  max mem: 5415
Test:  [   130/?]  eta: ?  loss: 1.4840 (1.7058)  accuracy: 0.5592 (0.5297)  balanced_accuracy: 0.5868 (0.5267)  f1_weighted: 0.5817 (0.5436)  time: 1.2059  data: 1.0897  max mem: 5415
Test:  [   140/?]  eta: ?  loss: 1.4851 (1.6987)  accuracy: 0.5592 (0.5323)  balanced_accuracy: 0.5609 (0.5319)  f1_weighted: 0.5817 (0.5480)  time: 1.1877  data: 1.0718  max mem: 5415
Test:  [   150/?]  eta: ?  loss: 1.9247 (1.7355)  accuracy: 0.5098 (0.5297)  balanced_accuracy: 0.5263 (0.5300)  f1_weighted: 0.5228 (0.5459)  time: 1.1723  data: 1.0559  max mem: 5415
Test:  [   160/?]  eta: ?  loss: 1.5320 (1.7121)  accuracy: 0.5039 (0.5296)  balanced_accuracy: 0.5053 (0.5292)  f1_weighted: 0.5228 (0.5449)  time: 1.1680  data: 1.0506  max mem: 5415
Test:  [   170/?]  eta: ?  loss: 1.5320 (1.7171)  accuracy: 0.4740 (0.5248)  balanced_accuracy: 0.4714 (0.5248)  f1_weighted: 0.4954 (0.5406)  time: 1.1744  data: 1.0575  max mem: 5415
Test:  [   180/?]  eta: ?  loss: 1.7507 (1.7140)  accuracy: 0.4557 (0.5256)  balanced_accuracy: 0.4648 (0.5239)  f1_weighted: 0.4954 (0.5416)  time: 1.1943  data: 1.0737  max mem: 5415
Test:  [   190/?]  eta: ?  loss: 1.6799 (1.7146)  accuracy: 0.5299 (0.5252)  balanced_accuracy: 0.5170 (0.5237)  f1_weighted: 0.5008 (0.5402)  time: 1.1931  data: 1.0727  max mem: 5415
Test:  [   200/?]  eta: ?  loss: 1.5501 (1.7057)  accuracy: 0.5195 (0.5259)  balanced_accuracy: 0.5361 (0.5259)  f1_weighted: 0.5189 (0.5405)  time: 1.2051  data: 1.0834  max mem: 5415
Test:  [   210/?]  eta: ?  loss: 1.3768 (1.6801)  accuracy: 0.5651 (0.5295)  balanced_accuracy: 0.5868 (0.5292)  f1_weighted: 0.5655 (0.5433)  time: 1.2359  data: 1.1137  max mem: 5415
Test:  [   220/?]  eta: ?  loss: 1.5344 (1.6982)  accuracy: 0.5039 (0.5256)  balanced_accuracy: 0.4738 (0.5251)  f1_weighted: 0.5351 (0.5395)  time: 1.2385  data: 1.1220  max mem: 5415
Test:  [   230/?]  eta: ?  loss: 1.6240 (1.6874)  accuracy: 0.5072 (0.5279)  balanced_accuracy: 0.4841 (0.5280)  f1_weighted: 0.5351 (0.5418)  time: 1.2571  data: 1.1401  max mem: 5415
Test:  [   240/?]  eta: ?  loss: 1.3377 (1.6922)  accuracy: 0.5710 (0.5272)  balanced_accuracy: 0.5827 (0.5269)  f1_weighted: 0.5799 (0.5430)  time: 1.2451  data: 1.1274  max mem: 5415
Test:  [   250/?]  eta: ?  loss: 1.4772 (1.6869)  accuracy: 0.5938 (0.5289)  balanced_accuracy: 0.5788 (0.5277)  f1_weighted: 0.6311 (0.5466)  time: 1.2346  data: 1.1167  max mem: 5415
Test:  [   260/?]  eta: ?  loss: 1.4772 (1.6829)  accuracy: 0.5768 (0.5294)  balanced_accuracy: 0.5788 (0.5290)  f1_weighted: 0.5950 (0.5479)  time: 1.2717  data: 1.1532  max mem: 5415
Test:  [   270/?]  eta: ?  loss: 1.4636 (1.6627)  accuracy: 0.5755 (0.5331)  balanced_accuracy: 0.5921 (0.5328)  f1_weighted: 0.5857 (0.5519)  time: 1.2816  data: 1.1622  max mem: 5415
Test:  [   280/?]  eta: ?  loss: 1.5399 (1.6759)  accuracy: 0.5293 (0.5311)  balanced_accuracy: 0.5881 (0.5321)  f1_weighted: 0.5842 (0.5507)  time: 1.2826  data: 1.1632  max mem: 5415
Test:  [   290/?]  eta: ?  loss: 1.8319 (1.6836)  accuracy: 0.4714 (0.5286)  balanced_accuracy: 0.5139 (0.5293)  f1_weighted: 0.5179 (0.5479)  time: 1.2963  data: 1.1776  max mem: 5415
Test:  [   300/?]  eta: ?  loss: 1.7088 (1.6935)  accuracy: 0.4818 (0.5260)  balanced_accuracy: 0.4089 (0.5262)  f1_weighted: 0.4639 (0.5450)  time: 1.3257  data: 1.2069  max mem: 5415
Test: Total time: 0:06:38 (1.3018 s / it)
* loss 1.694
  → Epoch   6/50 | Train Loss: 0.3548 | Val Loss: 1.6786 | Train Acc: 84.2848% | Val Acc: 52.3726% | LR: 0.000002
Max accuracy val: 56.39%, max accuracy test: 57.03%
  Test segment-level: 0.5257 | participant (mean prob): 0.6314 | participant (majority vote): 0.6335
Epoch: [6]  [     0/?]  eta: ?  lr: 0.000499  min_lr: 0.000002  loss: 0.3288 (0.3288)  class_acc: 0.8525 (0.8525)  loss_scale: 256.0000 (256.0000)  weight_decay: 0.0500 (0.0500)  grad_norm: 80.6069 (80.6069)  time: 20.0678  data: 19.5993  max mem: 5415
NaN or Inf found in input tensor.
Epoch: [6]  [   500/?]  eta: ?  lr: 0.000499  min_lr: 0.000002  loss: 0.2934 (0.3087)  class_acc: 0.8682 (0.8648)  loss_scale: 128.0000 (169.9002)  weight_decay: 0.0500 (0.0500)  grad_norm: 61.8605 (nan)  time: 3.8085  data: 3.2517  max mem: 5415
Epoch: [6]  [  1000/?]  eta: ?  lr: 0.000499  min_lr: 0.000002  loss: 0.2902 (0.2992)  class_acc: 0.8711 (0.8687)  loss_scale: 128.0000 (148.9710)  weight_decay: 0.0500 (0.0500)  grad_norm: 61.4883 (nan)  time: 2.3094  data: 1.7465  max mem: 5415
Epoch: [6]  [  1500/?]  eta: ?  lr: 0.000499  min_lr: 0.000002  loss: 0.2755 (0.2923)  class_acc: 0.8770 (0.8717)  loss_scale: 128.0000 (141.9853)  weight_decay: 0.0500 (0.0500)  grad_norm: 54.9681 (nan)  time: 1.5685  data: 1.0152  max mem: 5415
Epoch: [6]  [  2000/?]  eta: ?  lr: 0.000499  min_lr: 0.000002  loss: 0.2460 (0.2862)  class_acc: 0.8867 (0.8744)  loss_scale: 128.0000 (138.4908)  weight_decay: 0.0500 (0.0500)  grad_norm: 56.0320 (nan)  time: 1.3107  data: 0.7753  max mem: 5415
Epoch: [6] Total time: 1:37:16 (2.6983 s / it)
Val:  [     0/?]  eta: ?  loss: 1.1073 (1.1073)  accuracy: 0.6921 (0.6921)  balanced_accuracy: 0.6826 (0.6826)  f1_weighted: 0.6952 (0.6952)  time: 3.8837  data: 3.5385  max mem: 5415
Val:  [    10/?]  eta: ?  loss: 1.6771 (1.6850)  accuracy: 0.5742 (0.5644)  balanced_accuracy: 0.5659 (0.5635)  f1_weighted: 0.5765 (0.5728)  time: 2.0063  data: 1.8511  max mem: 5415
Val:  [    20/?]  eta: ?  loss: 1.8438 (1.8579)  accuracy: 0.5345 (0.5399)  balanced_accuracy: 0.5142 (0.5342)  f1_weighted: 0.5489 (0.5496)  time: 1.8392  data: 1.7070  max mem: 5415
Val:  [    30/?]  eta: ?  loss: 1.9150 (1.8824)  accuracy: 0.5326 (0.5401)  balanced_accuracy: 0.5166 (0.5392)  f1_weighted: 0.5414 (0.5500)  time: 1.8448  data: 1.7227  max mem: 5415
Val:  [    40/?]  eta: ?  loss: 1.9083 (1.8632)  accuracy: 0.5208 (0.5346)  balanced_accuracy: 0.5329 (0.5369)  f1_weighted: 0.5319 (0.5431)  time: 1.8552  data: 1.7281  max mem: 5415
Val:  [    50/?]  eta: ?  loss: 1.8370 (1.8730)  accuracy: 0.4811 (0.5314)  balanced_accuracy: 0.5073 (0.5343)  f1_weighted: 0.5100 (0.5422)  time: 1.8359  data: 1.7019  max mem: 5415
Val:  [    60/?]  eta: ?  loss: 1.8391 (1.8541)  accuracy: 0.4772 (0.5313)  balanced_accuracy: 0.5100 (0.5330)  f1_weighted: 0.5572 (0.5485)  time: 1.7402  data: 1.6169  max mem: 5415
Val:  [    70/?]  eta: ?  loss: 1.8510 (1.8826)  accuracy: 0.5221 (0.5256)  balanced_accuracy: 0.5100 (0.5259)  f1_weighted: 0.5834 (0.5500)  time: 1.6873  data: 1.5676  max mem: 5415
Val:  [    80/?]  eta: ?  loss: 1.8510 (1.8885)  accuracy: 0.5221 (0.5281)  balanced_accuracy: 0.4974 (0.5271)  f1_weighted: 0.5411 (0.5504)  time: 1.6812  data: 1.5594  max mem: 5415
Val:  [    90/?]  eta: ?  loss: 1.5544 (1.8452)  accuracy: 0.5573 (0.5339)  balanced_accuracy: 0.5400 (0.5325)  f1_weighted: 0.5643 (0.5559)  time: 1.6872  data: 1.5602  max mem: 5415
Val:  [   100/?]  eta: ?  loss: 1.5544 (1.8460)  accuracy: 0.5573 (0.5319)  balanced_accuracy: 0.5276 (0.5278)  f1_weighted: 0.5791 (0.5530)  time: 1.6885  data: 1.5633  max mem: 5415
Val:  [   110/?]  eta: ?  loss: 1.9365 (1.8847)  accuracy: 0.5026 (0.5279)  balanced_accuracy: 0.4575 (0.5247)  f1_weighted: 0.5102 (0.5499)  time: 1.6874  data: 1.5696  max mem: 5415
Val:  [   120/?]  eta: ?  loss: 2.0106 (1.8923)  accuracy: 0.5026 (0.5309)  balanced_accuracy: 0.4798 (0.5219)  f1_weighted: 0.5142 (0.5510)  time: 1.6977  data: 1.5803  max mem: 5415
Val:  [   130/?]  eta: ?  loss: 1.7402 (1.8938)  accuracy: 0.5241 (0.5285)  balanced_accuracy: 0.4850 (0.5225)  f1_weighted: 0.5350 (0.5494)  time: 1.6948  data: 1.5768  max mem: 5415
Val:  [   140/?]  eta: ?  loss: 1.8185 (1.9010)  accuracy: 0.5072 (0.5269)  balanced_accuracy: 0.5337 (0.5230)  f1_weighted: 0.5216 (0.5476)  time: 1.6973  data: 1.5764  max mem: 5415
Val:  [   150/?]  eta: ?  loss: 1.9043 (1.9063)  accuracy: 0.5052 (0.5259)  balanced_accuracy: 0.4788 (0.5179)  f1_weighted: 0.5294 (0.5477)  time: 1.6977  data: 1.5777  max mem: 5415
Val:  [   160/?]  eta: ?  loss: 1.9043 (1.9330)  accuracy: 0.4733 (0.5202)  balanced_accuracy: 0.4258 (0.5114)  f1_weighted: 0.4645 (0.5415)  time: 1.7161  data: 1.5976  max mem: 5415
Val:  [   170/?]  eta: ?  loss: 1.9472 (1.9303)  accuracy: 0.4909 (0.5216)  balanced_accuracy: 0.4689 (0.5105)  f1_weighted: 0.5300 (0.5434)  time: 1.7180  data: 1.6002  max mem: 5415
Val:  [   180/?]  eta: ?  loss: 1.8196 (1.9288)  accuracy: 0.5169 (0.5200)  balanced_accuracy: 0.5016 (0.5100)  f1_weighted: 0.5231 (0.5416)  time: 1.7183  data: 1.5972  max mem: 5415
Val:  [   190/?]  eta: ?  loss: 1.8127 (1.9112)  accuracy: 0.5410 (0.5231)  balanced_accuracy: 0.5541 (0.5153)  f1_weighted: 0.5231 (0.5441)  time: 1.7300  data: 1.6086  max mem: 5415
Val:  [   200/?]  eta: ?  loss: 1.9214 (1.9253)  accuracy: 0.5130 (0.5216)  balanced_accuracy: 0.5536 (0.5140)  f1_weighted: 0.5656 (0.5433)  time: 1.7174  data: 1.5986  max mem: 5415
Val:  [   210/?]  eta: ?  loss: 1.9573 (1.9201)  accuracy: 0.4993 (0.5221)  balanced_accuracy: 0.4592 (0.5132)  f1_weighted: 0.5478 (0.5447)  time: 1.7328  data: 1.6111  max mem: 5415
Val:  [   220/?]  eta: ?  loss: 1.6264 (1.9034)  accuracy: 0.5501 (0.5242)  balanced_accuracy: 0.5185 (0.5148)  f1_weighted: 0.5625 (0.5462)  time: 1.7492  data: 1.6290  max mem: 5415
Val:  [   230/?]  eta: ?  loss: 1.5408 (1.8892)  accuracy: 0.5684 (0.5259)  balanced_accuracy: 0.6069 (0.5197)  f1_weighted: 0.5795 (0.5481)  time: 1.7567  data: 1.6374  max mem: 5415
Val:  [   240/?]  eta: ?  loss: 1.8340 (1.9135)  accuracy: 0.4440 (0.5193)  balanced_accuracy: 0.4028 (0.5116)  f1_weighted: 0.5289 (0.5425)  time: 1.7630  data: 1.6426  max mem: 5415
Val:  [   250/?]  eta: ?  loss: 2.0512 (1.8964)  accuracy: 0.4167 (0.5202)  balanced_accuracy: 0.3514 (0.5121)  f1_weighted: 0.5088 (0.5441)  time: 1.7741  data: 1.6521  max mem: 5415
Val:  [   260/?]  eta: ?  loss: 1.5330 (1.9133)  accuracy: 0.5182 (0.5174)  balanced_accuracy: 0.4653 (0.5097)  f1_weighted: 0.5149 (0.5411)  time: 1.7888  data: 1.6628  max mem: 5415
Val:  [   270/?]  eta: ?  loss: 2.3142 (1.9209)  accuracy: 0.3887 (0.5161)  balanced_accuracy: 0.4057 (0.5089)  f1_weighted: 0.4291 (0.5398)  time: 1.7902  data: 1.6673  max mem: 5415
Val:  [   280/?]  eta: ?  loss: 1.9903 (1.9190)  accuracy: 0.4154 (0.5129)  balanced_accuracy: 0.3936 (0.5062)  f1_weighted: 0.5069 (0.5384)  time: 1.7897  data: 1.6648  max mem: 5415
Val:  [   290/?]  eta: ?  loss: 1.9414 (1.9255)  accuracy: 0.4427 (0.5115)  balanced_accuracy: 0.4329 (0.5047)  f1_weighted: 0.5142 (0.5364)  time: 1.7822  data: 1.6580  max mem: 5415
Val:  [   300/?]  eta: ?  loss: 1.6439 (1.9156)  accuracy: 0.4746 (0.5140)  balanced_accuracy: 0.4809 (0.5079)  f1_weighted: 0.5219 (0.5391)  time: 1.8015  data: 1.6850  max mem: 5415
Val:  [   310/?]  eta: ?  loss: 1.1418 (1.9027)  accuracy: 0.5853 (0.5161)  balanced_accuracy: 0.5853 (0.5100)  f1_weighted: 0.6656 (0.5425)  time: 1.8454  data: 1.7297  max mem: 5415
Val: Total time: 0:09:07 (1.7601 s / it)
* loss 1.903
Test:  [     0/?]  eta: ?  loss: 1.8324 (1.8324)  accuracy: 0.6328 (0.6328)  balanced_accuracy: 0.6503 (0.6503)  f1_weighted: 0.6282 (0.6282)  time: 2.7116  data: 2.6001  max mem: 5415
Test:  [    10/?]  eta: ?  loss: 2.0305 (2.0414)  accuracy: 0.5176 (0.5264)  balanced_accuracy: 0.5189 (0.5035)  f1_weighted: 0.5226 (0.5392)  time: 1.8878  data: 1.7681  max mem: 5415
Test:  [    20/?]  eta: ?  loss: 2.0949 (2.1172)  accuracy: 0.4870 (0.5039)  balanced_accuracy: 0.4809 (0.4833)  f1_weighted: 0.4997 (0.5143)  time: 1.8153  data: 1.6948  max mem: 5415
Test:  [    30/?]  eta: ?  loss: 2.0157 (2.0738)  accuracy: 0.4961 (0.5195)  balanced_accuracy: 0.4966 (0.4968)  f1_weighted: 0.5261 (0.5319)  time: 1.7453  data: 1.6202  max mem: 5415
Test:  [    40/?]  eta: ?  loss: 2.0068 (2.1392)  accuracy: 0.5423 (0.5142)  balanced_accuracy: 0.5347 (0.4995)  f1_weighted: 0.5454 (0.5263)  time: 1.5528  data: 1.4302  max mem: 5415
Test:  [    50/?]  eta: ?  loss: 1.8951 (2.0822)  accuracy: 0.5345 (0.5219)  balanced_accuracy: 0.5347 (0.5100)  f1_weighted: 0.5450 (0.5331)  time: 1.4319  data: 1.3162  max mem: 5415
Test:  [    60/?]  eta: ?  loss: 1.7689 (2.0800)  accuracy: 0.5000 (0.5147)  balanced_accuracy: 0.5292 (0.5067)  f1_weighted: 0.5286 (0.5300)  time: 1.3408  data: 1.2243  max mem: 5415
Test:  [    70/?]  eta: ?  loss: 1.4684 (1.9463)  accuracy: 0.5840 (0.5398)  balanced_accuracy: 0.5821 (0.5324)  f1_weighted: 0.6005 (0.5548)  time: 1.2245  data: 1.1086  max mem: 5415
Test:  [    80/?]  eta: ?  loss: 1.5835 (1.9836)  accuracy: 0.5859 (0.5317)  balanced_accuracy: 0.5589 (0.5195)  f1_weighted: 0.6040 (0.5445)  time: 1.1980  data: 1.0815  max mem: 5415
Test:  [    90/?]  eta: ?  loss: 1.9107 (1.9917)  accuracy: 0.4831 (0.5296)  balanced_accuracy: 0.4180 (0.5134)  f1_weighted: 0.5122 (0.5430)  time: 1.2090  data: 1.0918  max mem: 5415
Test:  [   100/?]  eta: ?  loss: 1.7812 (1.9759)  accuracy: 0.4818 (0.5217)  balanced_accuracy: 0.3825 (0.5031)  f1_weighted: 0.5122 (0.5355)  time: 1.2036  data: 1.0875  max mem: 5415
Test:  [   110/?]  eta: ?  loss: 1.6765 (1.9596)  accuracy: 0.5221 (0.5289)  balanced_accuracy: 0.5491 (0.5131)  f1_weighted: 0.5264 (0.5429)  time: 1.1898  data: 1.0732  max mem: 5415
Test:  [   120/?]  eta: ?  loss: 1.8212 (1.9492)  accuracy: 0.5716 (0.5303)  balanced_accuracy: 0.5764 (0.5170)  f1_weighted: 0.6128 (0.5435)  time: 1.1904  data: 1.0660  max mem: 5415
Test:  [   130/?]  eta: ?  loss: 1.6693 (1.9350)  accuracy: 0.5410 (0.5289)  balanced_accuracy: 0.5593 (0.5177)  f1_weighted: 0.5549 (0.5434)  time: 1.1959  data: 1.0720  max mem: 5415
Test:  [   140/?]  eta: ?  loss: 1.6219 (1.9389)  accuracy: 0.5527 (0.5323)  balanced_accuracy: 0.5856 (0.5247)  f1_weighted: 0.6000 (0.5479)  time: 1.1950  data: 1.0787  max mem: 5415
Test:  [   150/?]  eta: ?  loss: 2.3304 (1.9749)  accuracy: 0.5052 (0.5285)  balanced_accuracy: 0.5300 (0.5226)  f1_weighted: 0.5445 (0.5445)  time: 1.1931  data: 1.0718  max mem: 5415
Test:  [   160/?]  eta: ?  loss: 1.6588 (1.9471)  accuracy: 0.5052 (0.5286)  balanced_accuracy: 0.5100 (0.5226)  f1_weighted: 0.5337 (0.5440)  time: 1.1775  data: 1.0565  max mem: 5415
Test:  [   170/?]  eta: ?  loss: 1.6496 (1.9522)  accuracy: 0.4954 (0.5252)  balanced_accuracy: 0.5270 (0.5226)  f1_weighted: 0.5289 (0.5410)  time: 1.1634  data: 1.0469  max mem: 5415
Test:  [   180/?]  eta: ?  loss: 1.8920 (1.9619)  accuracy: 0.4941 (0.5241)  balanced_accuracy: 0.4981 (0.5212)  f1_weighted: 0.5201 (0.5401)  time: 1.1714  data: 1.0556  max mem: 5415
Test:  [   190/?]  eta: ?  loss: 1.7901 (1.9384)  accuracy: 0.5547 (0.5289)  balanced_accuracy: 0.5632 (0.5256)  f1_weighted: 0.5502 (0.5435)  time: 1.1704  data: 1.0548  max mem: 5415
Test:  [   200/?]  eta: ?  loss: 1.5013 (1.9198)  accuracy: 0.5671 (0.5302)  balanced_accuracy: 0.5981 (0.5283)  f1_weighted: 0.5614 (0.5443)  time: 1.1850  data: 1.0686  max mem: 5415
Test:  [   210/?]  eta: ?  loss: 1.4267 (1.8960)  accuracy: 0.5514 (0.5318)  balanced_accuracy: 0.5777 (0.5297)  f1_weighted: 0.5614 (0.5454)  time: 1.2109  data: 1.0944  max mem: 5415
Test:  [   220/?]  eta: ?  loss: 1.8866 (1.9160)  accuracy: 0.4876 (0.5276)  balanced_accuracy: 0.4300 (0.5244)  f1_weighted: 0.4915 (0.5413)  time: 1.2174  data: 1.1007  max mem: 5415
Test:  [   230/?]  eta: ?  loss: 1.9083 (1.9046)  accuracy: 0.4941 (0.5300)  balanced_accuracy: 0.5231 (0.5275)  f1_weighted: 0.5043 (0.5433)  time: 1.2366  data: 1.1209  max mem: 5415
Test:  [   240/?]  eta: ?  loss: 1.5994 (1.9193)  accuracy: 0.5723 (0.5283)  balanced_accuracy: 0.5713 (0.5259)  f1_weighted: 0.5761 (0.5430)  time: 1.2365  data: 1.1212  max mem: 5415
Test:  [   250/?]  eta: ?  loss: 1.7595 (1.9102)  accuracy: 0.5202 (0.5295)  balanced_accuracy: 0.5202 (0.5258)  f1_weighted: 0.5889 (0.5461)  time: 1.2421  data: 1.1252  max mem: 5415
Test:  [   260/?]  eta: ?  loss: 1.7090 (1.9118)  accuracy: 0.5202 (0.5296)  balanced_accuracy: 0.5261 (0.5263)  f1_weighted: 0.5824 (0.5468)  time: 1.2660  data: 1.1493  max mem: 5415
Test:  [   270/?]  eta: ?  loss: 1.4837 (1.8893)  accuracy: 0.5775 (0.5340)  balanced_accuracy: 0.6041 (0.5308)  f1_weighted: 0.5831 (0.5515)  time: 1.2715  data: 1.1555  max mem: 5415
Test:  [   280/?]  eta: ?  loss: 1.9216 (1.9083)  accuracy: 0.5371 (0.5315)  balanced_accuracy: 0.5695 (0.5288)  f1_weighted: 0.5831 (0.5497)  time: 1.2696  data: 1.1532  max mem: 5415
Test:  [   290/?]  eta: ?  loss: 2.4148 (1.9423)  accuracy: 0.4583 (0.5271)  balanced_accuracy: 0.4056 (0.5248)  f1_weighted: 0.4707 (0.5446)  time: 1.2793  data: 1.1626  max mem: 5415
Test:  [   300/?]  eta: ?  loss: 2.3603 (1.9500)  accuracy: 0.4238 (0.5252)  balanced_accuracy: 0.4056 (0.5216)  f1_weighted: 0.4382 (0.5427)  time: 1.3351  data: 1.2039  max mem: 5415
Test: Total time: 0:06:37 (1.2983 s / it)
* loss 1.950
  → Epoch   7/50 | Train Loss: 0.2840 | Val Loss: 1.9027 | Train Acc: 87.5362% | Val Acc: 51.6058% | LR: 0.000002
Max accuracy val: 56.39%, max accuracy test: 57.03%
  Test segment-level: 0.5250 | participant (mean prob): 0.6102 | participant (majority vote): 0.6038
Epoch: [7]  [     0/?]  eta: ?  lr: 0.000498  min_lr: 0.000002  loss: 0.2836 (0.2836)  class_acc: 0.8721 (0.8721)  loss_scale: 128.0000 (128.0000)  weight_decay: 0.0500 (0.0500)  grad_norm: 85.2087 (85.2087)  time: 19.7337  data: 19.4261  max mem: 5415
NaN or Inf found in input tensor.
Epoch: [7]  [   500/?]  eta: ?  lr: 0.000498  min_lr: 0.000002  loss: 0.2482 (0.2524)  class_acc: 0.8945 (0.8896)  loss_scale: 128.0000 (208.9900)  weight_decay: 0.0500 (0.0500)  grad_norm: 57.6164 (nan)  time: 3.8091  data: 3.2556  max mem: 5415
Epoch: [7]  [  1000/?]  eta: ?  lr: 0.000498  min_lr: 0.000002  loss: 0.2418 (0.2470)  class_acc: 0.8936 (0.8920)  loss_scale: 128.0000 (168.5355)  weight_decay: 0.0500 (0.0500)  grad_norm: 53.4962 (nan)  time: 2.3684  data: 1.7974  max mem: 5415
Epoch: [7]  [  1500/?]  eta: ?  lr: 0.000498  min_lr: 0.000002  loss: 0.2199 (0.2411)  class_acc: 0.9043 (0.8948)  loss_scale: 128.0000 (155.0326)  weight_decay: 0.0500 (0.0500)  grad_norm: 48.1513 (nan)  time: 1.5511  data: 1.0128  max mem: 5415
Epoch: [7]  [  2000/?]  eta: ?  lr: 0.000498  min_lr: 0.000002  loss: 0.2168 (0.2361)  class_acc: 0.9062 (0.8969)  loss_scale: 128.0000 (148.2779)  weight_decay: 0.0500 (0.0500)  grad_norm: 47.7803 (nan)  time: 1.3223  data: 0.7659  max mem: 5415
Epoch: [7] Total time: 1:36:47 (2.6851 s / it)
Val:  [     0/?]  eta: ?  loss: 1.5388 (1.5388)  accuracy: 0.6426 (0.6426)  balanced_accuracy: 0.6395 (0.6395)  f1_weighted: 0.6461 (0.6461)  time: 3.8080  data: 3.4392  max mem: 5415
Val:  [    10/?]  eta: ?  loss: 1.8752 (2.0598)  accuracy: 0.5397 (0.5413)  balanced_accuracy: 0.5725 (0.5384)  f1_weighted: 0.5505 (0.5516)  time: 2.0077  data: 1.8686  max mem: 5415
Val:  [    20/?]  eta: ?  loss: 2.1227 (2.1686)  accuracy: 0.5013 (0.5154)  balanced_accuracy: 0.4995 (0.5191)  f1_weighted: 0.5089 (0.5239)  time: 1.8303  data: 1.7080  max mem: 5415
Val:  [    30/?]  eta: ?  loss: 2.1464 (2.1579)  accuracy: 0.5085 (0.5337)  balanced_accuracy: 0.5423 (0.5413)  f1_weighted: 0.5160 (0.5411)  time: 1.8254  data: 1.7010  max mem: 5415
Val:  [    40/?]  eta: ?  loss: 2.0215 (2.1322)  accuracy: 0.5267 (0.5366)  balanced_accuracy: 0.5668 (0.5482)  f1_weighted: 0.5528 (0.5426)  time: 1.8051  data: 1.6836  max mem: 5415
Val:  [    50/?]  eta: ?  loss: 2.0172 (2.1415)  accuracy: 0.5072 (0.5315)  balanced_accuracy: 0.5257 (0.5425)  f1_weighted: 0.5093 (0.5404)  time: 1.7894  data: 1.6609  max mem: 5415
Val:  [    60/?]  eta: ?  loss: 1.8037 (2.0652)  accuracy: 0.5560 (0.5414)  balanced_accuracy: 0.5485 (0.5482)  f1_weighted: 0.5993 (0.5556)  time: 1.7472  data: 1.6217  max mem: 5415
Val:  [    70/?]  eta: ?  loss: 1.8946 (2.1047)  accuracy: 0.5358 (0.5338)  balanced_accuracy: 0.5051 (0.5388)  f1_weighted: 0.6176 (0.5548)  time: 1.6865  data: 1.5632  max mem: 5415
Val:  [    80/?]  eta: ?  loss: 2.3176 (2.1460)  accuracy: 0.4902 (0.5345)  balanced_accuracy: 0.4680 (0.5364)  f1_weighted: 0.5244 (0.5517)  time: 1.6549  data: 1.5285  max mem: 5415
Val:  [    90/?]  eta: ?  loss: 1.6356 (2.0950)  accuracy: 0.5645 (0.5400)  balanced_accuracy: 0.5575 (0.5401)  f1_weighted: 0.5573 (0.5570)  time: 1.6470  data: 1.5220  max mem: 5415
Val:  [   100/?]  eta: ?  loss: 1.8591 (2.0995)  accuracy: 0.5326 (0.5356)  balanced_accuracy: 0.5182 (0.5337)  f1_weighted: 0.5500 (0.5510)  time: 1.6524  data: 1.5303  max mem: 5415
Val:  [   110/?]  eta: ?  loss: 1.9973 (2.1223)  accuracy: 0.4948 (0.5365)  balanced_accuracy: 0.4618 (0.5326)  f1_weighted: 0.4945 (0.5530)  time: 1.6732  data: 1.5551  max mem: 5415
Val:  [   120/?]  eta: ?  loss: 1.9973 (2.1211)  accuracy: 0.5052 (0.5379)  balanced_accuracy: 0.4433 (0.5280)  f1_weighted: 0.5276 (0.5534)  time: 1.6921  data: 1.5734  max mem: 5415
Val:  [   130/?]  eta: ?  loss: 2.0283 (2.1197)  accuracy: 0.5039 (0.5357)  balanced_accuracy: 0.4859 (0.5276)  f1_weighted: 0.5401 (0.5524)  time: 1.6924  data: 1.5721  max mem: 5415
Val:  [   140/?]  eta: ?  loss: 2.1775 (2.1333)  accuracy: 0.4870 (0.5320)  balanced_accuracy: 0.4859 (0.5249)  f1_weighted: 0.5401 (0.5496)  time: 1.6864  data: 1.5583  max mem: 5415
Val:  [   150/?]  eta: ?  loss: 2.2673 (2.1383)  accuracy: 0.4954 (0.5304)  balanced_accuracy: 0.4524 (0.5205)  f1_weighted: 0.5200 (0.5498)  time: 1.6756  data: 1.5492  max mem: 5415
Val:  [   160/?]  eta: ?  loss: 2.1158 (2.1490)  accuracy: 0.5052 (0.5287)  balanced_accuracy: 0.4582 (0.5182)  f1_weighted: 0.5333 (0.5473)  time: 1.6760  data: 1.5590  max mem: 5415
Val:  [   170/?]  eta: ?  loss: 1.9989 (2.1441)  accuracy: 0.5443 (0.5305)  balanced_accuracy: 0.5018 (0.5167)  f1_weighted: 0.5719 (0.5500)  time: 1.6968  data: 1.5695  max mem: 5415
Val:  [   180/?]  eta: ?  loss: 1.9989 (2.1407)  accuracy: 0.5345 (0.5293)  balanced_accuracy: 0.5037 (0.5158)  f1_weighted: 0.5609 (0.5491)  time: 1.7041  data: 1.5737  max mem: 5415
Val:  [   190/?]  eta: ?  loss: 1.7744 (2.1288)  accuracy: 0.5345 (0.5322)  balanced_accuracy: 0.5630 (0.5215)  f1_weighted: 0.5572 (0.5512)  time: 1.7083  data: 1.5810  max mem: 5415
Val:  [   200/?]  eta: ?  loss: 1.7698 (2.1402)  accuracy: 0.5397 (0.5317)  balanced_accuracy: 0.5686 (0.5212)  f1_weighted: 0.5689 (0.5515)  time: 1.7150  data: 1.5883  max mem: 5415
Val:  [   210/?]  eta: ?  loss: 1.7756 (2.1339)  accuracy: 0.5247 (0.5326)  balanced_accuracy: 0.4592 (0.5204)  f1_weighted: 0.5689 (0.5532)  time: 1.7407  data: 1.6122  max mem: 5415
Val:  [   220/?]  eta: ?  loss: 1.7015 (2.1124)  accuracy: 0.5677 (0.5360)  balanced_accuracy: 0.4979 (0.5238)  f1_weighted: 0.5911 (0.5563)  time: 1.7643  data: 1.6384  max mem: 5415
Val:  [   230/?]  eta: ?  loss: 1.7964 (2.1073)  accuracy: 0.5866 (0.5374)  balanced_accuracy: 0.6367 (0.5296)  f1_weighted: 0.6114 (0.5578)  time: 1.7574  data: 1.6405  max mem: 5415
Val:  [   240/?]  eta: ?  loss: 2.2991 (2.1326)  accuracy: 0.4863 (0.5313)  balanced_accuracy: 0.4666 (0.5218)  f1_weighted: 0.5107 (0.5530)  time: 1.7579  data: 1.6375  max mem: 5415
Val:  [   250/?]  eta: ?  loss: 2.1658 (2.1200)  accuracy: 0.4642 (0.5312)  balanced_accuracy: 0.3805 (0.5227)  f1_weighted: 0.5075 (0.5535)  time: 1.7470  data: 1.6241  max mem: 5415
Val:  [   260/?]  eta: ?  loss: 2.3028 (2.1524)  accuracy: 0.4414 (0.5262)  balanced_accuracy: 0.4313 (0.5182)  f1_weighted: 0.4716 (0.5485)  time: 1.7507  data: 1.6234  max mem: 5415
Val:  [   270/?]  eta: ?  loss: 2.6426 (2.1642)  accuracy: 0.4297 (0.5246)  balanced_accuracy: 0.4239 (0.5174)  f1_weighted: 0.4395 (0.5467)  time: 1.7563  data: 1.6325  max mem: 5415
Val:  [   280/?]  eta: ?  loss: 2.5007 (2.1743)  accuracy: 0.4010 (0.5193)  balanced_accuracy: 0.4239 (0.5124)  f1_weighted: 0.4696 (0.5434)  time: 1.7676  data: 1.6509  max mem: 5415
Val:  [   290/?]  eta: ?  loss: 2.3806 (2.1767)  accuracy: 0.3958 (0.5181)  balanced_accuracy: 0.4123 (0.5109)  f1_weighted: 0.4696 (0.5415)  time: 1.7820  data: 1.6654  max mem: 5415
Val:  [   300/?]  eta: ?  loss: 1.8531 (2.1741)  accuracy: 0.5176 (0.5190)  balanced_accuracy: 0.4582 (0.5131)  f1_weighted: 0.5273 (0.5430)  time: 1.7931  data: 1.6769  max mem: 5415
Val:  [   310/?]  eta: ?  loss: 1.1832 (2.1449)  accuracy: 0.6230 (0.5229)  balanced_accuracy: 0.6212 (0.5166)  f1_weighted: 0.6933 (0.5482)  time: 1.8180  data: 1.6974  max mem: 5415
Val: Total time: 0:09:02 (1.7429 s / it)
* loss 2.145
Test:  [     0/?]  eta: ?  loss: 2.5180 (2.5180)  accuracy: 0.4844 (0.4844)  balanced_accuracy: 0.4846 (0.4846)  f1_weighted: 0.4764 (0.4764)  time: 2.6717  data: 2.5606  max mem: 5415
Test:  [    10/?]  eta: ?  loss: 2.2713 (2.3569)  accuracy: 0.5358 (0.5241)  balanced_accuracy: 0.4997 (0.5053)  f1_weighted: 0.5357 (0.5309)  time: 1.8888  data: 1.7724  max mem: 5415
Test:  [    20/?]  eta: ?  loss: 2.2903 (2.4590)  accuracy: 0.5124 (0.5016)  balanced_accuracy: 0.4975 (0.4836)  f1_weighted: 0.5071 (0.5120)  time: 1.8111  data: 1.6921  max mem: 5415
Test:  [    30/?]  eta: ?  loss: 2.2832 (2.4092)  accuracy: 0.5137 (0.5190)  balanced_accuracy: 0.5304 (0.4987)  f1_weighted: 0.5145 (0.5308)  time: 1.7166  data: 1.5973  max mem: 5415
Test:  [    40/?]  eta: ?  loss: 2.1940 (2.4586)  accuracy: 0.5736 (0.5199)  balanced_accuracy: 0.5507 (0.5104)  f1_weighted: 0.5859 (0.5303)  time: 1.5230  data: 1.4062  max mem: 5415
Test:  [    50/?]  eta: ?  loss: 2.0613 (2.3912)  accuracy: 0.5352 (0.5262)  balanced_accuracy: 0.5451 (0.5225)  f1_weighted: 0.5485 (0.5360)  time: 1.3957  data: 1.2802  max mem: 5415
Test:  [    60/?]  eta: ?  loss: 1.9095 (2.3195)  accuracy: 0.5215 (0.5259)  balanced_accuracy: 0.5364 (0.5219)  f1_weighted: 0.5454 (0.5395)  time: 1.3146  data: 1.1992  max mem: 5415
Test:  [    70/?]  eta: ?  loss: 1.3863 (2.1656)  accuracy: 0.5918 (0.5516)  balanced_accuracy: 0.5715 (0.5475)  f1_weighted: 0.6292 (0.5654)  time: 1.2316  data: 1.1148  max mem: 5415
Test:  [    80/?]  eta: ?  loss: 1.6644 (2.2135)  accuracy: 0.6055 (0.5402)  balanced_accuracy: 0.5567 (0.5313)  f1_weighted: 0.6071 (0.5520)  time: 1.1935  data: 1.0770  max mem: 5415
Test:  [    90/?]  eta: ?  loss: 2.1968 (2.2147)  accuracy: 0.5039 (0.5399)  balanced_accuracy: 0.4047 (0.5287)  f1_weighted: 0.4903 (0.5530)  time: 1.1842  data: 1.0689  max mem: 5415
Test:  [   100/?]  eta: ?  loss: 2.1807 (2.1893)  accuracy: 0.5039 (0.5311)  balanced_accuracy: 0.3787 (0.5172)  f1_weighted: 0.4918 (0.5454)  time: 1.1819  data: 1.0662  max mem: 5415
Test:  [   110/?]  eta: ?  loss: 2.1022 (2.1827)  accuracy: 0.5078 (0.5368)  balanced_accuracy: 0.5158 (0.5265)  f1_weighted: 0.5653 (0.5514)  time: 1.1897  data: 1.0731  max mem: 5415
Test:  [   120/?]  eta: ?  loss: 1.6042 (2.1809)  accuracy: 0.6230 (0.5397)  balanced_accuracy: 0.6242 (0.5322)  f1_weighted: 0.6180 (0.5532)  time: 1.1913  data: 1.0750  max mem: 5415
Test:  [   130/?]  eta: ?  loss: 1.6042 (2.1708)  accuracy: 0.6159 (0.5396)  balanced_accuracy: 0.6393 (0.5340)  f1_weighted: 0.6266 (0.5538)  time: 1.1854  data: 1.0688  max mem: 5415
Test:  [   140/?]  eta: ?  loss: 2.0155 (2.1935)  accuracy: 0.5605 (0.5403)  balanced_accuracy: 0.5571 (0.5379)  f1_weighted: 0.6302 (0.5556)  time: 1.1855  data: 1.0681  max mem: 5415
Test:  [   150/?]  eta: ?  loss: 2.8152 (2.2365)  accuracy: 0.5078 (0.5361)  balanced_accuracy: 0.5102 (0.5338)  f1_weighted: 0.5006 (0.5518)  time: 1.2015  data: 1.0793  max mem: 5415
Test:  [   160/?]  eta: ?  loss: 2.1407 (2.2045)  accuracy: 0.5078 (0.5363)  balanced_accuracy: 0.5102 (0.5339)  f1_weighted: 0.5410 (0.5514)  time: 1.1999  data: 1.0782  max mem: 5415
Test:  [   170/?]  eta: ?  loss: 1.8591 (2.2178)  accuracy: 0.4980 (0.5316)  balanced_accuracy: 0.5110 (0.5299)  f1_weighted: 0.5139 (0.5473)  time: 1.1844  data: 1.0688  max mem: 5415
Test:  [   180/?]  eta: ?  loss: 2.3174 (2.2233)  accuracy: 0.4766 (0.5305)  balanced_accuracy: 0.4802 (0.5279)  f1_weighted: 0.4895 (0.5460)  time: 1.1836  data: 1.0685  max mem: 5415
Test:  [   190/?]  eta: ?  loss: 1.9949 (2.2283)  accuracy: 0.5410 (0.5305)  balanced_accuracy: 0.5051 (0.5291)  f1_weighted: 0.5137 (0.5445)  time: 1.1752  data: 1.0605  max mem: 5415
Test:  [   200/?]  eta: ?  loss: 1.9949 (2.2120)  accuracy: 0.5410 (0.5322)  balanced_accuracy: 0.5658 (0.5315)  f1_weighted: 0.5355 (0.5456)  time: 1.2031  data: 1.0880  max mem: 5415
Test:  [   210/?]  eta: ?  loss: 1.3538 (2.1767)  accuracy: 0.5762 (0.5349)  balanced_accuracy: 0.5741 (0.5338)  f1_weighted: 0.5864 (0.5477)  time: 1.2337  data: 1.1173  max mem: 5415
Test:  [   220/?]  eta: ?  loss: 1.7256 (2.1964)  accuracy: 0.5417 (0.5327)  balanced_accuracy: 0.4851 (0.5297)  f1_weighted: 0.5853 (0.5453)  time: 1.2346  data: 1.1181  max mem: 5415
Test:  [   230/?]  eta: ?  loss: 2.1233 (2.1874)  accuracy: 0.5299 (0.5336)  balanced_accuracy: 0.4851 (0.5314)  f1_weighted: 0.5239 (0.5461)  time: 1.2585  data: 1.1321  max mem: 5415
Test:  [   240/?]  eta: ?  loss: 1.8030 (2.1972)  accuracy: 0.5436 (0.5317)  balanced_accuracy: 0.5673 (0.5302)  f1_weighted: 0.5616 (0.5459)  time: 1.2608  data: 1.1343  max mem: 5415
Test:  [   250/?]  eta: ?  loss: 1.8968 (2.1824)  accuracy: 0.5625 (0.5337)  balanced_accuracy: 0.5586 (0.5311)  f1_weighted: 0.6091 (0.5497)  time: 1.2486  data: 1.1327  max mem: 5415
Test:  [   260/?]  eta: ?  loss: 1.9810 (2.1830)  accuracy: 0.5664 (0.5338)  balanced_accuracy: 0.5564 (0.5319)  f1_weighted: 0.6072 (0.5505)  time: 1.2668  data: 1.1504  max mem: 5415
Test:  [   270/?]  eta: ?  loss: 1.7072 (2.1518)  accuracy: 0.5677 (0.5373)  balanced_accuracy: 0.6063 (0.5361)  f1_weighted: 0.5968 (0.5546)  time: 1.2784  data: 1.1617  max mem: 5415
Test:  [   280/?]  eta: ?  loss: 1.8380 (2.1735)  accuracy: 0.5091 (0.5336)  balanced_accuracy: 0.5574 (0.5333)  f1_weighted: 0.5364 (0.5514)  time: 1.2835  data: 1.1668  max mem: 5415
Test:  [   290/?]  eta: ?  loss: 2.7598 (2.2106)  accuracy: 0.4095 (0.5284)  balanced_accuracy: 0.4608 (0.5278)  f1_weighted: 0.4031 (0.5461)  time: 1.3086  data: 1.1915  max mem: 5415
Test:  [   300/?]  eta: ?  loss: 2.6802 (2.2281)  accuracy: 0.4147 (0.5253)  balanced_accuracy: 0.4023 (0.5238)  f1_weighted: 0.3970 (0.5430)  time: 1.3442  data: 1.2231  max mem: 5415
Test: Total time: 0:06:38 (1.3007 s / it)
* loss 2.227
  → Epoch   8/50 | Train Loss: 0.2348 | Val Loss: 2.1449 | Train Acc: 89.7465% | Val Acc: 52.2925% | LR: 0.000002
Max accuracy val: 56.39%, max accuracy test: 57.03%
  Test segment-level: 0.5251 | participant (mean prob): 0.6208 | participant (majority vote): 0.6208
Epoch: [8]  [     0/?]  eta: ?  lr: 0.000495  min_lr: 0.000002  loss: 0.2440 (0.2440)  class_acc: 0.8936 (0.8936)  loss_scale: 128.0000 (128.0000)  weight_decay: 0.0500 (0.0500)  grad_norm: 50.5259 (50.5259)  time: 19.8917  data: 19.5898  max mem: 5415
NaN or Inf found in input tensor.
Epoch: [8]  [   500/?]  eta: ?  lr: 0.000495  min_lr: 0.000002  loss: 0.2076 (0.2128)  class_acc: 0.9102 (0.9077)  loss_scale: 128.0000 (173.7325)  weight_decay: 0.0500 (0.0500)  grad_norm: 50.4792 (inf)  time: 3.7715  data: 3.2170  max mem: 5415
Epoch: [8]  [  1000/?]  eta: ?  lr: 0.000495  min_lr: 0.000002  loss: 0.2001 (0.2080)  class_acc: 0.9102 (0.9095)  loss_scale: 128.0000 (150.8891)  weight_decay: 0.0500 (0.0500)  grad_norm: 46.2858 (inf)  time: 2.3500  data: 1.7985  max mem: 5415
Epoch: [8]  [  1500/?]  eta: ?  lr: 0.000495  min_lr: 0.000002  loss: 0.1915 (0.2044)  class_acc: 0.9141 (0.9112)  loss_scale: 128.0000 (143.2645)  weight_decay: 0.0500 (0.0500)  grad_norm: 51.0729 (inf)  time: 1.5625  data: 1.0139  max mem: 5415
Epoch: [8]  [  2000/?]  eta: ?  lr: 0.000495  min_lr: 0.000002  loss: 0.1875 (0.2013)  class_acc: 0.9141 (0.9124)  loss_scale: 128.0000 (139.4503)  weight_decay: 0.0500 (0.0500)  grad_norm: 48.7393 (inf)  time: 1.3227  data: 0.7805  max mem: 5415
Epoch: [8] Total time: 1:37:10 (2.6955 s / it)
Val:  [     0/?]  eta: ?  loss: 1.1832 (1.1832)  accuracy: 0.7272 (0.7272)  balanced_accuracy: 0.7384 (0.7384)  f1_weighted: 0.7325 (0.7325)  time: 3.9336  data: 3.5661  max mem: 5415
Val:  [    10/?]  eta: ?  loss: 2.2965 (2.1812)  accuracy: 0.5430 (0.5476)  balanced_accuracy: 0.5426 (0.5474)  f1_weighted: 0.5460 (0.5545)  time: 2.0151  data: 1.8757  max mem: 5415
Val:  [    20/?]  eta: ?  loss: 2.3451 (2.3600)  accuracy: 0.5091 (0.5222)  balanced_accuracy: 0.5109 (0.5272)  f1_weighted: 0.5229 (0.5292)  time: 1.8347  data: 1.7050  max mem: 5415
Val:  [    30/?]  eta: ?  loss: 2.2066 (2.3555)  accuracy: 0.5280 (0.5348)  balanced_accuracy: 0.5486 (0.5470)  f1_weighted: 0.5390 (0.5420)  time: 1.8446  data: 1.7045  max mem: 5415
Val:  [    40/?]  eta: ?  loss: 2.1899 (2.3439)  accuracy: 0.5553 (0.5345)  balanced_accuracy: 0.5852 (0.5529)  f1_weighted: 0.5561 (0.5397)  time: 1.8356  data: 1.7027  max mem: 5415
Val:  [    50/?]  eta: ?  loss: 2.3368 (2.3426)  accuracy: 0.5254 (0.5321)  balanced_accuracy: 0.5751 (0.5522)  f1_weighted: 0.5230 (0.5403)  time: 1.7890  data: 1.6656  max mem: 5415
Val:  [    60/?]  eta: ?  loss: 2.3368 (2.3225)  accuracy: 0.5176 (0.5349)  balanced_accuracy: 0.5208 (0.5454)  f1_weighted: 0.5694 (0.5486)  time: 1.7054  data: 1.5880  max mem: 5415
Val:  [    70/?]  eta: ?  loss: 2.6577 (2.4081)  accuracy: 0.4824 (0.5217)  balanced_accuracy: 0.4474 (0.5296)  f1_weighted: 0.5102 (0.5433)  time: 1.7112  data: 1.5779  max mem: 5415
Val:  [    80/?]  eta: ?  loss: 2.6577 (2.4096)  accuracy: 0.4648 (0.5276)  balanced_accuracy: 0.4686 (0.5298)  f1_weighted: 0.5102 (0.5454)  time: 1.7317  data: 1.5968  max mem: 5415
Val:  [    90/?]  eta: ?  loss: 1.7476 (2.3236)  accuracy: 0.5977 (0.5382)  balanced_accuracy: 0.5631 (0.5354)  f1_weighted: 0.6132 (0.5553)  time: 1.7028  data: 1.5821  max mem: 5415
Val:  [   100/?]  eta: ?  loss: 1.7384 (2.3219)  accuracy: 0.5866 (0.5358)  balanced_accuracy: 0.5373 (0.5323)  f1_weighted: 0.6132 (0.5510)  time: 1.7159  data: 1.5838  max mem: 5415
Val:  [   110/?]  eta: ?  loss: 2.3438 (2.3368)  accuracy: 0.5163 (0.5364)  balanced_accuracy: 0.5151 (0.5316)  f1_weighted: 0.5427 (0.5528)  time: 1.7101  data: 1.5766  max mem: 5415
Val:  [   120/?]  eta: ?  loss: 2.5152 (2.3570)  accuracy: 0.5163 (0.5346)  balanced_accuracy: 0.4859 (0.5267)  f1_weighted: 0.5375 (0.5507)  time: 1.6936  data: 1.5705  max mem: 5415
Val:  [   130/?]  eta: ?  loss: 2.2452 (2.3567)  accuracy: 0.4857 (0.5313)  balanced_accuracy: 0.4674 (0.5273)  f1_weighted: 0.5138 (0.5491)  time: 1.6729  data: 1.5501  max mem: 5415
Val:  [   140/?]  eta: ?  loss: 2.5735 (2.3969)  accuracy: 0.4857 (0.5261)  balanced_accuracy: 0.5010 (0.5242)  f1_weighted: 0.5199 (0.5443)  time: 1.6679  data: 1.5325  max mem: 5415
Val:  [   150/?]  eta: ?  loss: 2.3873 (2.3920)  accuracy: 0.5020 (0.5259)  balanced_accuracy: 0.5010 (0.5224)  f1_weighted: 0.5318 (0.5453)  time: 1.6677  data: 1.5347  max mem: 5415
Val:  [   160/?]  eta: ?  loss: 2.1920 (2.4050)  accuracy: 0.5286 (0.5242)  balanced_accuracy: 0.4912 (0.5203)  f1_weighted: 0.5639 (0.5432)  time: 1.6578  data: 1.5310  max mem: 5415
Val:  [   170/?]  eta: ?  loss: 2.1920 (2.4090)  accuracy: 0.5007 (0.5257)  balanced_accuracy: 0.4657 (0.5182)  f1_weighted: 0.5159 (0.5449)  time: 1.6646  data: 1.5366  max mem: 5415
Val:  [   180/?]  eta: ?  loss: 2.3452 (2.4206)  accuracy: 0.4824 (0.5211)  balanced_accuracy: 0.4657 (0.5142)  f1_weighted: 0.4953 (0.5406)  time: 1.6864  data: 1.5456  max mem: 5415
Val:  [   190/?]  eta: ?  loss: 2.3177 (2.4156)  accuracy: 0.4818 (0.5219)  balanced_accuracy: 0.4963 (0.5169)  f1_weighted: 0.4840 (0.5405)  time: 1.6800  data: 1.5403  max mem: 5415
Val:  [   200/?]  eta: ?  loss: 2.1100 (2.4144)  accuracy: 0.5046 (0.5210)  balanced_accuracy: 0.4963 (0.5146)  f1_weighted: 0.5100 (0.5408)  time: 1.6724  data: 1.5465  max mem: 5415
Val:  [   210/?]  eta: ?  loss: 2.0116 (2.4102)  accuracy: 0.5143 (0.5220)  balanced_accuracy: 0.4698 (0.5139)  f1_weighted: 0.5713 (0.5424)  time: 1.7296  data: 1.5984  max mem: 5415
Val:  [   220/?]  eta: ?  loss: 1.9994 (2.3837)  accuracy: 0.5469 (0.5251)  balanced_accuracy: 0.5189 (0.5164)  f1_weighted: 0.6018 (0.5454)  time: 1.7306  data: 1.6047  max mem: 5415
Val:  [   230/?]  eta: ?  loss: 1.8503 (2.3690)  accuracy: 0.5944 (0.5273)  balanced_accuracy: 0.6019 (0.5226)  f1_weighted: 0.6113 (0.5479)  time: 1.7165  data: 1.5962  max mem: 5415
Val:  [   240/?]  eta: ?  loss: 2.2129 (2.3911)  accuracy: 0.4329 (0.5207)  balanced_accuracy: 0.4836 (0.5151)  f1_weighted: 0.4925 (0.5424)  time: 1.7261  data: 1.6058  max mem: 5415
Val:  [   250/?]  eta: ?  loss: 2.2143 (2.3840)  accuracy: 0.3945 (0.5200)  balanced_accuracy: 0.3419 (0.5149)  f1_weighted: 0.4347 (0.5423)  time: 1.7348  data: 1.6061  max mem: 5415
Val:  [   260/?]  eta: ?  loss: 2.2143 (2.4119)  accuracy: 0.4707 (0.5165)  balanced_accuracy: 0.4898 (0.5122)  f1_weighted: 0.4897 (0.5388)  time: 1.7631  data: 1.6372  max mem: 5415
Val:  [   270/?]  eta: ?  loss: 2.6215 (2.4246)  accuracy: 0.4173 (0.5159)  balanced_accuracy: 0.4666 (0.5117)  f1_weighted: 0.4232 (0.5383)  time: 1.7730  data: 1.6573  max mem: 5415
Val:  [   280/?]  eta: ?  loss: 2.5979 (2.4277)  accuracy: 0.4173 (0.5115)  balanced_accuracy: 0.3919 (0.5075)  f1_weighted: 0.5030 (0.5360)  time: 1.7900  data: 1.6588  max mem: 5415
Val:  [   290/?]  eta: ?  loss: 2.3563 (2.4366)  accuracy: 0.4245 (0.5102)  balanced_accuracy: 0.4268 (0.5054)  f1_weighted: 0.4655 (0.5341)  time: 1.7961  data: 1.6568  max mem: 5415
Val:  [   300/?]  eta: ?  loss: 1.8639 (2.4206)  accuracy: 0.5026 (0.5122)  balanced_accuracy: 0.4826 (0.5087)  f1_weighted: 0.5465 (0.5367)  time: 1.8129  data: 1.6882  max mem: 5415
Val:  [   310/?]  eta: ?  loss: 1.5749 (2.3960)  accuracy: 0.6061 (0.5152)  balanced_accuracy: 0.5529 (0.5106)  f1_weighted: 0.6437 (0.5407)  time: 1.8483  data: 1.7311  max mem: 5415
Val: Total time: 0:09:03 (1.7460 s / it)
* loss 2.396
Test:  [     0/?]  eta: ?  loss: 2.7084 (2.7084)  accuracy: 0.5410 (0.5410)  balanced_accuracy: 0.5573 (0.5573)  f1_weighted: 0.5343 (0.5343)  time: 2.6917  data: 2.5725  max mem: 5415
Test:  [    10/?]  eta: ?  loss: 2.7084 (2.6648)  accuracy: 0.5130 (0.5153)  balanced_accuracy: 0.5364 (0.5134)  f1_weighted: 0.5343 (0.5244)  time: 1.8838  data: 1.7512  max mem: 5415
Test:  [    20/?]  eta: ?  loss: 2.7189 (2.8055)  accuracy: 0.4798 (0.4886)  balanced_accuracy: 0.5301 (0.4873)  f1_weighted: 0.5164 (0.5018)  time: 1.7994  data: 1.6676  max mem: 5415
Test:  [    30/?]  eta: ?  loss: 2.6564 (2.6751)  accuracy: 0.5059 (0.5076)  balanced_accuracy: 0.5133 (0.5025)  f1_weighted: 0.5275 (0.5220)  time: 1.7192  data: 1.5966  max mem: 5415
Test:  [    40/?]  eta: ?  loss: 2.3436 (2.7565)  accuracy: 0.5423 (0.5048)  balanced_accuracy: 0.5265 (0.5092)  f1_weighted: 0.5478 (0.5183)  time: 1.5411  data: 1.4259  max mem: 5415
Test:  [    50/?]  eta: ?  loss: 2.3436 (2.6878)  accuracy: 0.5397 (0.5139)  balanced_accuracy: 0.5423 (0.5172)  f1_weighted: 0.5399 (0.5249)  time: 1.4208  data: 1.2982  max mem: 5415
Test:  [    60/?]  eta: ?  loss: 2.1108 (2.6456)  accuracy: 0.5156 (0.5110)  balanced_accuracy: 0.5422 (0.5192)  f1_weighted: 0.5343 (0.5256)  time: 1.3341  data: 1.2112  max mem: 5415
Test:  [    70/?]  eta: ?  loss: 1.8174 (2.5224)  accuracy: 0.5508 (0.5295)  balanced_accuracy: 0.5692 (0.5340)  f1_weighted: 0.5806 (0.5433)  time: 1.2195  data: 1.1040  max mem: 5415
Test:  [    80/?]  eta: ?  loss: 1.7028 (2.4867)  accuracy: 0.5853 (0.5300)  balanced_accuracy: 0.5849 (0.5309)  f1_weighted: 0.5822 (0.5412)  time: 1.1779  data: 1.0617  max mem: 5415
Test:  [    90/?]  eta: ?  loss: 2.0607 (2.5019)  accuracy: 0.4974 (0.5281)  balanced_accuracy: 0.4263 (0.5242)  f1_weighted: 0.5258 (0.5406)  time: 1.1908  data: 1.0680  max mem: 5415
Test:  [   100/?]  eta: ?  loss: 2.1187 (2.4800)  accuracy: 0.4583 (0.5198)  balanced_accuracy: 0.3720 (0.5113)  f1_weighted: 0.5046 (0.5332)  time: 1.1945  data: 1.0724  max mem: 5415
Test:  [   110/?]  eta: ?  loss: 1.9816 (2.4207)  accuracy: 0.5150 (0.5300)  balanced_accuracy: 0.5330 (0.5225)  f1_weighted: 0.5305 (0.5433)  time: 1.1950  data: 1.0676  max mem: 5415
Test:  [   120/?]  eta: ?  loss: 2.0122 (2.4394)  accuracy: 0.5319 (0.5288)  balanced_accuracy: 0.5769 (0.5228)  f1_weighted: 0.5787 (0.5412)  time: 1.1876  data: 1.0609  max mem: 5415
Test:  [   130/?]  eta: ?  loss: 2.5796 (2.4393)  accuracy: 0.5098 (0.5285)  balanced_accuracy: 0.5140 (0.5235)  f1_weighted: 0.5255 (0.5419)  time: 1.1836  data: 1.0615  max mem: 5415
Test:  [   140/?]  eta: ?  loss: 1.9454 (2.4408)  accuracy: 0.5885 (0.5319)  balanced_accuracy: 0.6126 (0.5285)  f1_weighted: 0.6422 (0.5468)  time: 1.1830  data: 1.0607  max mem: 5415
Test:  [   150/?]  eta: ?  loss: 2.9439 (2.5008)  accuracy: 0.4395 (0.5250)  balanced_accuracy: 0.5153 (0.5215)  f1_weighted: 0.5023 (0.5409)  time: 1.1755  data: 1.0606  max mem: 5415
Test:  [   160/?]  eta: ?  loss: 2.5302 (2.4722)  accuracy: 0.4447 (0.5242)  balanced_accuracy: 0.4663 (0.5217)  f1_weighted: 0.4793 (0.5392)  time: 1.1913  data: 1.0685  max mem: 5415
Test:  [   170/?]  eta: ?  loss: 2.1332 (2.4814)  accuracy: 0.4766 (0.5198)  balanced_accuracy: 0.4950 (0.5200)  f1_weighted: 0.4829 (0.5353)  time: 1.1921  data: 1.0690  max mem: 5415
Test:  [   180/?]  eta: ?  loss: 2.3443 (2.4832)  accuracy: 0.4980 (0.5201)  balanced_accuracy: 0.5117 (0.5200)  f1_weighted: 0.5114 (0.5351)  time: 1.1786  data: 1.0628  max mem: 5415
Test:  [   190/?]  eta: ?  loss: 2.2961 (2.4782)  accuracy: 0.5391 (0.5219)  balanced_accuracy: 0.5539 (0.5225)  f1_weighted: 0.5205 (0.5355)  time: 1.1781  data: 1.0559  max mem: 5415
Test:  [   200/?]  eta: ?  loss: 2.2317 (2.4708)  accuracy: 0.5371 (0.5217)  balanced_accuracy: 0.5535 (0.5241)  f1_weighted: 0.5112 (0.5350)  time: 1.1976  data: 1.0682  max mem: 5415
Test:  [   210/?]  eta: ?  loss: 2.1354 (2.4309)  accuracy: 0.5020 (0.5245)  balanced_accuracy: 0.5306 (0.5272)  f1_weighted: 0.5264 (0.5369)  time: 1.2197  data: 1.0934  max mem: 5415
Test:  [   220/?]  eta: ?  loss: 2.1650 (2.4482)  accuracy: 0.4720 (0.5218)  balanced_accuracy: 0.4524 (0.5223)  f1_weighted: 0.4956 (0.5343)  time: 1.2172  data: 1.0982  max mem: 5415
Test:  [   230/?]  eta: ?  loss: 2.3974 (2.4251)  accuracy: 0.5273 (0.5246)  balanced_accuracy: 0.4710 (0.5254)  f1_weighted: 0.5180 (0.5368)  time: 1.2248  data: 1.1092  max mem: 5415
Test:  [   240/?]  eta: ?  loss: 1.7367 (2.4208)  accuracy: 0.5521 (0.5247)  balanced_accuracy: 0.5838 (0.5253)  f1_weighted: 0.5625 (0.5386)  time: 1.2343  data: 1.1111  max mem: 5415
Test:  [   250/?]  eta: ?  loss: 1.9606 (2.4135)  accuracy: 0.5456 (0.5251)  balanced_accuracy: 0.5376 (0.5246)  f1_weighted: 0.5378 (0.5409)  time: 1.2468  data: 1.1235  max mem: 5415
Test:  [   260/?]  eta: ?  loss: 2.3785 (2.4217)  accuracy: 0.5202 (0.5242)  balanced_accuracy: 0.5266 (0.5241)  f1_weighted: 0.5378 (0.5409)  time: 1.2733  data: 1.1566  max mem: 5415
Test:  [   270/?]  eta: ?  loss: 1.9172 (2.3911)  accuracy: 0.5202 (0.5283)  balanced_accuracy: 0.5774 (0.5287)  f1_weighted: 0.5953 (0.5455)  time: 1.2871  data: 1.1635  max mem: 5415
Test:  [   280/?]  eta: ?  loss: 1.9172 (2.4161)  accuracy: 0.5143 (0.5256)  balanced_accuracy: 0.5774 (0.5265)  f1_weighted: 0.5734 (0.5434)  time: 1.3024  data: 1.1790  max mem: 5415
Test:  [   290/?]  eta: ?  loss: 3.2437 (2.4531)  accuracy: 0.3639 (0.5202)  balanced_accuracy: 0.3542 (0.5208)  f1_weighted: 0.4135 (0.5378)  time: 1.3223  data: 1.2059  max mem: 5415
Test:  [   300/?]  eta: ?  loss: 3.0125 (2.4703)  accuracy: 0.3516 (0.5171)  balanced_accuracy: 0.3542 (0.5176)  f1_weighted: 0.4135 (0.5346)  time: 1.3581  data: 1.2423  max mem: 5415
Test: Total time: 0:06:37 (1.2998 s / it)
* loss 2.467
  → Epoch   9/50 | Train Loss: 0.2001 | Val Loss: 2.3960 | Train Acc: 91.2917% | Val Acc: 51.5233% | LR: 0.000002
Max accuracy val: 56.39%, max accuracy test: 57.03%
  Test segment-level: 0.5168 | participant (mean prob): 0.6165 | participant (majority vote): 0.6186
Epoch: [9]  [     0/?]  eta: ?  lr: 0.000491  min_lr: 0.000002  loss: 0.1991 (0.1991)  class_acc: 0.9131 (0.9131)  loss_scale: 128.0000 (128.0000)  weight_decay: 0.0500 (0.0500)  grad_norm: 59.7890 (59.7890)  time: 20.9731  data: 20.6839  max mem: 5415
NaN or Inf found in input tensor.
Epoch: [9]  [   500/?]  eta: ?  lr: 0.000490  min_lr: 0.000002  loss: 0.1827 (0.1830)  class_acc: 0.9180 (0.9206)  loss_scale: 128.0000 (164.5349)  weight_decay: 0.0500 (0.0500)  grad_norm: 39.2306 (nan)  time: 3.8680  data: 3.2987  max mem: 5415
Epoch: [9]  [  1000/?]  eta: ?  lr: 0.000490  min_lr: 0.000002  loss: 0.1808 (0.1800)  class_acc: 0.9219 (0.9218)  loss_scale: 128.0000 (146.2857)  weight_decay: 0.0500 (0.0500)  grad_norm: 43.8460 (nan)  time: 2.3778  data: 1.8276  max mem: 5415
Epoch: [9]  [  1500/?]  eta: ?  lr: 0.000490  min_lr: 0.000002  loss: 0.1706 (0.1768)  class_acc: 0.9238 (0.9232)  loss_scale: 128.0000 (140.1945)  weight_decay: 0.0500 (0.0500)  grad_norm: 43.7072 (nan)  time: 1.5733  data: 1.0294  max mem: 5415
Epoch: [9]  [  2000/?]  eta: ?  lr: 0.000490  min_lr: 0.000002  loss: 0.1636 (0.1743)  class_acc: 0.9287 (0.9241)  loss_scale: 128.0000 (137.1474)  weight_decay: 0.0500 (0.0500)  grad_norm: 39.8869 (nan)  time: 1.3225  data: 0.7727  max mem: 5415
Epoch: [9] Total time: 1:37:55 (2.7163 s / it)
Val:  [     0/?]  eta: ?  loss: 1.1792 (1.1792)  accuracy: 0.7259 (0.7259)  balanced_accuracy: 0.7432 (0.7432)  f1_weighted: 0.7252 (0.7252)  time: 3.7079  data: 3.3341  max mem: 5415
Val:  [    10/?]  eta: ?  loss: 1.8766 (1.9824)  accuracy: 0.5762 (0.5835)  balanced_accuracy: 0.5443 (0.5799)  f1_weighted: 0.5907 (0.5905)  time: 2.0142  data: 1.8767  max mem: 5415
Val:  [    20/?]  eta: ?  loss: 2.0924 (2.1561)  accuracy: 0.5202 (0.5532)  balanced_accuracy: 0.5416 (0.5536)  f1_weighted: 0.5316 (0.5607)  time: 1.8455  data: 1.7250  max mem: 5415
Val:  [    30/?]  eta: ?  loss: 2.1340 (2.1321)  accuracy: 0.5352 (0.5649)  balanced_accuracy: 0.5866 (0.5765)  f1_weighted: 0.5298 (0.5709)  time: 1.8515  data: 1.7260  max mem: 5415
Val:  [    40/?]  eta: ?  loss: 2.0411 (2.1635)  accuracy: 0.5410 (0.5548)  balanced_accuracy: 0.5826 (0.5734)  f1_weighted: 0.5298 (0.5589)  time: 1.8374  data: 1.7151  max mem: 5415
Val:  [    50/?]  eta: ?  loss: 2.1214 (2.1857)  accuracy: 0.5046 (0.5450)  balanced_accuracy: 0.5291 (0.5599)  f1_weighted: 0.5143 (0.5532)  time: 1.7967  data: 1.6743  max mem: 5415
Val:  [    60/?]  eta: ?  loss: 2.0610 (2.1542)  accuracy: 0.5319 (0.5495)  balanced_accuracy: 0.5192 (0.5555)  f1_weighted: 0.5854 (0.5637)  time: 1.7227  data: 1.5990  max mem: 5415
Val:  [    70/?]  eta: ?  loss: 2.3298 (2.2178)  accuracy: 0.4792 (0.5361)  balanced_accuracy: 0.4629 (0.5391)  f1_weighted: 0.5457 (0.5583)  time: 1.6704  data: 1.5430  max mem: 5415
Val:  [    80/?]  eta: ?  loss: 2.3298 (2.2157)  accuracy: 0.4707 (0.5423)  balanced_accuracy: 0.4629 (0.5420)  f1_weighted: 0.5245 (0.5613)  time: 1.6793  data: 1.5501  max mem: 5415
Val:  [    90/?]  eta: ?  loss: 1.6724 (2.1463)  accuracy: 0.6276 (0.5511)  balanced_accuracy: 0.5907 (0.5481)  f1_weighted: 0.6119 (0.5689)  time: 1.6907  data: 1.5682  max mem: 5415
Val:  [   100/?]  eta: ?  loss: 1.9165 (2.1819)  accuracy: 0.5430 (0.5454)  balanced_accuracy: 0.5064 (0.5413)  f1_weighted: 0.5599 (0.5615)  time: 1.7119  data: 1.5907  max mem: 5415
Val:  [   110/?]  eta: ?  loss: 2.3770 (2.1997)  accuracy: 0.4857 (0.5452)  balanced_accuracy: 0.5064 (0.5416)  f1_weighted: 0.4921 (0.5627)  time: 1.7113  data: 1.5890  max mem: 5415
Val:  [   120/?]  eta: ?  loss: 2.3902 (2.2213)  accuracy: 0.5111 (0.5425)  balanced_accuracy: 0.4979 (0.5344)  f1_weighted: 0.5413 (0.5601)  time: 1.6938  data: 1.5734  max mem: 5415
Val:  [   130/?]  eta: ?  loss: 2.0355 (2.2116)  accuracy: 0.5111 (0.5404)  balanced_accuracy: 0.4934 (0.5358)  f1_weighted: 0.5350 (0.5593)  time: 1.7011  data: 1.5786  max mem: 5415
Val:  [   140/?]  eta: ?  loss: 2.1480 (2.2483)  accuracy: 0.5202 (0.5370)  balanced_accuracy: 0.5238 (0.5333)  f1_weighted: 0.5353 (0.5565)  time: 1.7089  data: 1.5883  max mem: 5415
Val:  [   150/?]  eta: ?  loss: 2.1923 (2.2368)  accuracy: 0.5234 (0.5366)  balanced_accuracy: 0.5149 (0.5311)  f1_weighted: 0.5353 (0.5571)  time: 1.7105  data: 1.5863  max mem: 5415
Val:  [   160/?]  eta: ?  loss: 2.1545 (2.2523)  accuracy: 0.4805 (0.5341)  balanced_accuracy: 0.4936 (0.5288)  f1_weighted: 0.5269 (0.5539)  time: 1.7046  data: 1.5784  max mem: 5415
Val:  [   170/?]  eta: ?  loss: 1.8989 (2.2419)  accuracy: 0.5456 (0.5371)  balanced_accuracy: 0.4983 (0.5272)  f1_weighted: 0.5610 (0.5572)  time: 1.7038  data: 1.5806  max mem: 5415
Val:  [   180/?]  eta: ?  loss: 1.8925 (2.2353)  accuracy: 0.5586 (0.5360)  balanced_accuracy: 0.5271 (0.5274)  f1_weighted: 0.5994 (0.5563)  time: 1.7011  data: 1.5768  max mem: 5415
Val:  [   190/?]  eta: ?  loss: 1.8302 (2.2332)  accuracy: 0.5534 (0.5375)  balanced_accuracy: 0.5727 (0.5316)  f1_weighted: 0.5662 (0.5571)  time: 1.6920  data: 1.5715  max mem: 5415
Val:  [   200/?]  eta: ?  loss: 1.7453 (2.2262)  accuracy: 0.5449 (0.5373)  balanced_accuracy: 0.5136 (0.5294)  f1_weighted: 0.5768 (0.5578)  time: 1.6966  data: 1.5784  max mem: 5415
Val:  [   210/?]  eta: ?  loss: 2.0492 (2.2391)  accuracy: 0.5312 (0.5367)  balanced_accuracy: 0.4709 (0.5269)  f1_weighted: 0.5746 (0.5581)  time: 1.7276  data: 1.6076  max mem: 5415
Val:  [   220/?]  eta: ?  loss: 1.8176 (2.2166)  accuracy: 0.5618 (0.5400)  balanced_accuracy: 0.5264 (0.5303)  f1_weighted: 0.5752 (0.5610)  time: 1.7544  data: 1.6307  max mem: 5415
Val:  [   230/?]  eta: ?  loss: 1.8312 (2.2145)  accuracy: 0.5742 (0.5409)  balanced_accuracy: 0.6453 (0.5356)  f1_weighted: 0.5752 (0.5620)  time: 1.7595  data: 1.6370  max mem: 5415
Val:  [   240/?]  eta: ?  loss: 2.3252 (2.2205)  accuracy: 0.5007 (0.5370)  balanced_accuracy: 0.5168 (0.5308)  f1_weighted: 0.5180 (0.5588)  time: 1.7622  data: 1.6365  max mem: 5415
Val:  [   250/?]  eta: ?  loss: 1.9818 (2.2076)  accuracy: 0.4831 (0.5358)  balanced_accuracy: 0.4307 (0.5309)  f1_weighted: 0.5180 (0.5582)  time: 1.7755  data: 1.6489  max mem: 5415
Val:  [   260/?]  eta: ?  loss: 2.0250 (2.2336)  accuracy: 0.4525 (0.5328)  balanced_accuracy: 0.4848 (0.5285)  f1_weighted: 0.4785 (0.5552)  time: 1.8056  data: 1.6794  max mem: 5415
Val:  [   270/?]  eta: ?  loss: 2.4193 (2.2417)  accuracy: 0.4525 (0.5321)  balanced_accuracy: 0.4658 (0.5276)  f1_weighted: 0.4638 (0.5544)  time: 1.8139  data: 1.6889  max mem: 5415
Val:  [   280/?]  eta: ?  loss: 2.3761 (2.2522)  accuracy: 0.4219 (0.5268)  balanced_accuracy: 0.4533 (0.5232)  f1_weighted: 0.5072 (0.5509)  time: 1.7871  data: 1.6693  max mem: 5415
Val:  [   290/?]  eta: ?  loss: 2.3761 (2.2573)  accuracy: 0.3809 (0.5247)  balanced_accuracy: 0.4136 (0.5210)  f1_weighted: 0.4773 (0.5486)  time: 1.7597  data: 1.6434  max mem: 5415
Val:  [   300/?]  eta: ?  loss: 2.1367 (2.2475)  accuracy: 0.4818 (0.5263)  balanced_accuracy: 0.5035 (0.5239)  f1_weighted: 0.4970 (0.5506)  time: 1.7887  data: 1.6717  max mem: 5415
Val:  [   310/?]  eta: ?  loss: 1.4837 (2.2239)  accuracy: 0.6009 (0.5293)  balanced_accuracy: 0.5268 (0.5253)  f1_weighted: 0.6364 (0.5544)  time: 1.8400  data: 1.7225  max mem: 5415
Val: Total time: 0:09:06 (1.7565 s / it)
* loss 2.224
Test:  [     0/?]  eta: ?  loss: 2.2246 (2.2246)  accuracy: 0.6146 (0.6146)  balanced_accuracy: 0.6233 (0.6233)  f1_weighted: 0.6150 (0.6150)  time: 2.7129  data: 2.5993  max mem: 5415
Test:  [    10/?]  eta: ?  loss: 2.2827 (2.2533)  accuracy: 0.5339 (0.5445)  balanced_accuracy: 0.5587 (0.5421)  f1_weighted: 0.5393 (0.5515)  time: 1.8986  data: 1.7748  max mem: 5415
Test:  [    20/?]  eta: ?  loss: 2.4762 (2.3717)  accuracy: 0.5098 (0.5174)  balanced_accuracy: 0.5542 (0.5257)  f1_weighted: 0.5209 (0.5284)  time: 1.8090  data: 1.6811  max mem: 5415
Test:  [    30/?]  eta: ?  loss: 2.4762 (2.3464)  accuracy: 0.5195 (0.5268)  balanced_accuracy: 0.5542 (0.5241)  f1_weighted: 0.5215 (0.5375)  time: 1.7109  data: 1.5874  max mem: 5415
Test:  [    40/?]  eta: ?  loss: 2.2567 (2.4257)  accuracy: 0.5410 (0.5274)  balanced_accuracy: 0.5549 (0.5323)  f1_weighted: 0.5543 (0.5392)  time: 1.5296  data: 1.4145  max mem: 5415
Test:  [    50/?]  eta: ?  loss: 2.3791 (2.3986)  accuracy: 0.5371 (0.5319)  balanced_accuracy: 0.5589 (0.5367)  f1_weighted: 0.5543 (0.5418)  time: 1.4112  data: 1.2970  max mem: 5415
Test:  [    60/?]  eta: ?  loss: 2.1769 (2.3320)  accuracy: 0.5176 (0.5325)  balanced_accuracy: 0.4909 (0.5329)  f1_weighted: 0.5409 (0.5451)  time: 1.3378  data: 1.2235  max mem: 5415
Test:  [    70/?]  eta: ?  loss: 1.8045 (2.2140)  accuracy: 0.5723 (0.5550)  balanced_accuracy: 0.5824 (0.5555)  f1_weighted: 0.6008 (0.5672)  time: 1.2403  data: 1.1246  max mem: 5415
Test:  [    80/?]  eta: ?  loss: 1.9420 (2.2339)  accuracy: 0.6172 (0.5483)  balanced_accuracy: 0.5824 (0.5464)  f1_weighted: 0.5931 (0.5588)  time: 1.1882  data: 1.0713  max mem: 5415
Test:  [    90/?]  eta: ?  loss: 2.1725 (2.2503)  accuracy: 0.4961 (0.5477)  balanced_accuracy: 0.4565 (0.5430)  f1_weighted: 0.4753 (0.5596)  time: 1.1871  data: 1.0701  max mem: 5415
Test:  [   100/?]  eta: ?  loss: 1.9768 (2.2300)  accuracy: 0.5169 (0.5395)  balanced_accuracy: 0.3865 (0.5318)  f1_weighted: 0.5239 (0.5522)  time: 1.2022  data: 1.0784  max mem: 5415
Test:  [   110/?]  eta: ?  loss: 1.8322 (2.1716)  accuracy: 0.5332 (0.5494)  balanced_accuracy: 0.5398 (0.5412)  f1_weighted: 0.5755 (0.5624)  time: 1.2045  data: 1.0820  max mem: 5415
Test:  [   120/?]  eta: ?  loss: 1.8322 (2.1740)  accuracy: 0.6172 (0.5518)  balanced_accuracy: 0.6429 (0.5465)  f1_weighted: 0.6134 (0.5633)  time: 1.1954  data: 1.0803  max mem: 5415
Test:  [   130/?]  eta: ?  loss: 2.1271 (2.1906)  accuracy: 0.5449 (0.5481)  balanced_accuracy: 0.6172 (0.5464)  f1_weighted: 0.5717 (0.5603)  time: 1.1896  data: 1.0744  max mem: 5415
Test:  [   140/?]  eta: ?  loss: 2.1325 (2.2266)  accuracy: 0.5156 (0.5469)  balanced_accuracy: 0.5452 (0.5483)  f1_weighted: 0.5867 (0.5613)  time: 1.1799  data: 1.0644  max mem: 5415
Test:  [   150/?]  eta: ?  loss: 3.1035 (2.2874)  accuracy: 0.4518 (0.5414)  balanced_accuracy: 0.4803 (0.5416)  f1_weighted: 0.4863 (0.5564)  time: 1.1910  data: 1.0743  max mem: 5415
Test:  [   160/?]  eta: ?  loss: 2.6618 (2.2698)  accuracy: 0.4557 (0.5393)  balanced_accuracy: 0.4803 (0.5389)  f1_weighted: 0.4863 (0.5537)  time: 1.1922  data: 1.0754  max mem: 5415
Test:  [   170/?]  eta: ?  loss: 2.3552 (2.2939)  accuracy: 0.4525 (0.5335)  balanced_accuracy: 0.4803 (0.5357)  f1_weighted: 0.4510 (0.5484)  time: 1.1799  data: 1.0643  max mem: 5415
Test:  [   180/?]  eta: ?  loss: 2.4326 (2.2970)  accuracy: 0.4837 (0.5338)  balanced_accuracy: 0.4899 (0.5358)  f1_weighted: 0.4904 (0.5485)  time: 1.1779  data: 1.0624  max mem: 5415
Test:  [   190/?]  eta: ?  loss: 2.0324 (2.2947)  accuracy: 0.5280 (0.5344)  balanced_accuracy: 0.5611 (0.5381)  f1_weighted: 0.5296 (0.5475)  time: 1.1843  data: 1.0683  max mem: 5415
Test:  [   200/?]  eta: ?  loss: 2.0324 (2.2780)  accuracy: 0.5716 (0.5368)  balanced_accuracy: 0.5990 (0.5419)  f1_weighted: 0.5558 (0.5496)  time: 1.2049  data: 1.0879  max mem: 5415
Test:  [   210/?]  eta: ?  loss: 1.7881 (2.2401)  accuracy: 0.5964 (0.5393)  balanced_accuracy: 0.6087 (0.5440)  f1_weighted: 0.5721 (0.5517)  time: 1.2257  data: 1.1079  max mem: 5415
Test:  [   220/?]  eta: ?  loss: 2.0926 (2.2578)  accuracy: 0.5417 (0.5365)  balanced_accuracy: 0.4489 (0.5401)  f1_weighted: 0.5141 (0.5491)  time: 1.2292  data: 1.1128  max mem: 5415
Test:  [   230/?]  eta: ?  loss: 2.2536 (2.2435)  accuracy: 0.5130 (0.5373)  balanced_accuracy: 0.5105 (0.5414)  f1_weighted: 0.5108 (0.5500)  time: 1.2387  data: 1.1232  max mem: 5415
Test:  [   240/?]  eta: ?  loss: 1.6185 (2.2368)  accuracy: 0.5547 (0.5380)  balanced_accuracy: 0.5811 (0.5424)  f1_weighted: 0.5624 (0.5520)  time: 1.2518  data: 1.1262  max mem: 5415
Test:  [   250/?]  eta: ?  loss: 1.6185 (2.2226)  accuracy: 0.5605 (0.5397)  balanced_accuracy: 0.5729 (0.5432)  f1_weighted: 0.6583 (0.5556)  time: 1.2554  data: 1.1288  max mem: 5415
Test:  [   260/?]  eta: ?  loss: 1.7192 (2.2239)  accuracy: 0.5514 (0.5392)  balanced_accuracy: 0.5602 (0.5430)  f1_weighted: 0.6048 (0.5561)  time: 1.2728  data: 1.1544  max mem: 5415
Test:  [   270/?]  eta: ?  loss: 1.6019 (2.1821)  accuracy: 0.6009 (0.5446)  balanced_accuracy: 0.5859 (0.5485)  f1_weighted: 0.6144 (0.5617)  time: 1.2942  data: 1.1765  max mem: 5415
Test:  [   280/?]  eta: ?  loss: 1.6019 (2.2105)  accuracy: 0.6003 (0.5411)  balanced_accuracy: 0.5916 (0.5456)  f1_weighted: 0.6239 (0.5584)  time: 1.3029  data: 1.1861  max mem: 5415
Test:  [   290/?]  eta: ?  loss: 2.8477 (2.2453)  accuracy: 0.3926 (0.5358)  balanced_accuracy: 0.4736 (0.5399)  f1_weighted: 0.4011 (0.5530)  time: 1.3065  data: 1.1888  max mem: 5415
Test:  [   300/?]  eta: ?  loss: 2.6636 (2.2629)  accuracy: 0.3926 (0.5326)  balanced_accuracy: 0.3956 (0.5359)  f1_weighted: 0.4034 (0.5500)  time: 1.3253  data: 1.2076  max mem: 5415
Test: Total time: 0:06:38 (1.3016 s / it)
* loss 2.268

============================================================
Counting samples by task type...
============================================================

============================================================
Evaluating on active tasks (69,183 samples)...
============================================================
Active Test:  [     0/?]  eta: ?  loss: 1.6174 (1.6174)  accuracy: 0.6094 (0.6094)  balanced_accuracy: 0.5826 (0.5826)  f1_weighted: 0.5969 (0.5969)  time: 3.0749  data: 2.9327  max mem: 5415
Active Test:  [    10/?]  eta: ?  loss: 1.6174 (1.6711)  accuracy: 0.6562 (0.6719)  balanced_accuracy: 0.6508 (0.6777)  f1_weighted: 0.7234 (0.7010)  time: 0.3463  data: 0.2669  max mem: 5415
Active Test:  [    20/?]  eta: ?  loss: 1.2665 (1.4116)  accuracy: 0.6562 (0.6734)  balanced_accuracy: 0.6650 (0.6842)  f1_weighted: 0.7324 (0.7118)  time: 0.0710  data: 0.0003  max mem: 5415
Active Test:  [    30/?]  eta: ?  loss: 0.6939 (1.1749)  accuracy: 0.7344 (0.7016)  balanced_accuracy: 0.7651 (0.7108)  f1_weighted: 0.7713 (0.7325)  time: 0.0677  data: 0.0003  max mem: 5415
Active Test:  [    40/?]  eta: ?  loss: 0.6696 (1.0994)  accuracy: 0.7500 (0.7096)  balanced_accuracy: 0.7717 (0.7172)  f1_weighted: 0.7510 (0.7346)  time: 0.0664  data: 0.0003  max mem: 5415
Active Test:  [    50/?]  eta: ?  loss: 0.8600 (1.1473)  accuracy: 0.7031 (0.7059)  balanced_accuracy: 0.7349 (0.7094)  f1_weighted: 0.7056 (0.7298)  time: 0.0658  data: 0.0003  max mem: 5415
Active Test:  [    60/?]  eta: ?  loss: 0.8817 (1.1214)  accuracy: 0.7188 (0.7088)  balanced_accuracy: 0.7349 (0.7133)  f1_weighted: 0.7237 (0.7323)  time: 0.0644  data: 0.0003  max mem: 5415
Active Test:  [    70/?]  eta: ?  loss: 0.9244 (1.1774)  accuracy: 0.6719 (0.6967)  balanced_accuracy: 0.7076 (0.7041)  f1_weighted: 0.7391 (0.7202)  time: 0.0794  data: 0.0003  max mem: 5415
Active Test:  [    80/?]  eta: ?  loss: 1.5171 (1.2805)  accuracy: 0.5938 (0.6794)  balanced_accuracy: 0.6574 (0.6868)  f1_weighted: 0.5977 (0.7021)  time: 0.0782  data: 0.0002  max mem: 5415
Active Test:  [    90/?]  eta: ?  loss: 1.8647 (1.3740)  accuracy: 0.5312 (0.6633)  balanced_accuracy: 0.5071 (0.6679)  f1_weighted: 0.5560 (0.6829)  time: 0.0628  data: 0.0002  max mem: 5415
Active Test:  [   100/?]  eta: ?  loss: 2.1700 (1.4773)  accuracy: 0.5156 (0.6491)  balanced_accuracy: 0.4744 (0.6471)  f1_weighted: 0.4877 (0.6621)  time: 0.0724  data: 0.0003  max mem: 5415
Active Test:  [   110/?]  eta: ?  loss: 2.4391 (1.5680)  accuracy: 0.4844 (0.6347)  balanced_accuracy: 0.4737 (0.6292)  f1_weighted: 0.4555 (0.6436)  time: 0.0687  data: 0.0003  max mem: 5415
Active Test:  [   120/?]  eta: ?  loss: 2.2875 (1.6207)  accuracy: 0.5469 (0.6312)  balanced_accuracy: 0.4744 (0.6203)  f1_weighted: 0.5383 (0.6378)  time: 0.0613  data: 0.0002  max mem: 5415
Active Test:  [   130/?]  eta: ?  loss: 1.8211 (1.6358)  accuracy: 0.5938 (0.6297)  balanced_accuracy: 0.5171 (0.6177)  f1_weighted: 0.5689 (0.6363)  time: 0.0654  data: 0.0003  max mem: 5415
Active Test:  [   140/?]  eta: ?  loss: 1.6113 (1.6259)  accuracy: 0.6406 (0.6304)  balanced_accuracy: 0.5769 (0.6154)  f1_weighted: 0.6211 (0.6355)  time: 0.0627  data: 0.0002  max mem: 5415
Active Test:  [   150/?]  eta: ?  loss: 1.5262 (1.6187)  accuracy: 0.6406 (0.6297)  balanced_accuracy: 0.5877 (0.6166)  f1_weighted: 0.6138 (0.6332)  time: 0.0614  data: 0.0002  max mem: 5415
Active Test:  [   160/?]  eta: ?  loss: 1.5262 (1.6228)  accuracy: 0.5781 (0.6272)  balanced_accuracy: 0.5877 (0.6151)  f1_weighted: 0.6070 (0.6310)  time: 0.0629  data: 0.0003  max mem: 5415
Active Test:  [   170/?]  eta: ?  loss: 1.6819 (1.6759)  accuracy: 0.5625 (0.6186)  balanced_accuracy: 0.5855 (0.6078)  f1_weighted: 0.6053 (0.6254)  time: 0.0722  data: 0.0003  max mem: 5415
Active Test:  [   180/?]  eta: ?  loss: 2.3137 (1.7491)  accuracy: 0.4531 (0.6068)  balanced_accuracy: 0.4531 (0.5981)  f1_weighted: 0.5124 (0.6155)  time: 0.0719  data: 0.0003  max mem: 5415
Active Test:  [   190/?]  eta: ?  loss: 3.1941 (1.8373)  accuracy: 0.3594 (0.5973)  balanced_accuracy: 0.4103 (0.5900)  f1_weighted: 0.4170 (0.6056)  time: 0.0627  data: 0.0003  max mem: 5415
Active Test:  [   200/?]  eta: ?  loss: 3.6877 (1.8943)  accuracy: 0.3594 (0.5931)  balanced_accuracy: 0.4103 (0.5849)  f1_weighted: 0.3607 (0.6003)  time: 0.0716  data: 0.0003  max mem: 5415
Active Test:  [   210/?]  eta: ?  loss: 3.5864 (1.9748)  accuracy: 0.4844 (0.5871)  balanced_accuracy: 0.4082 (0.5780)  f1_weighted: 0.4718 (0.5928)  time: 0.0727  data: 0.0003  max mem: 5415
Active Test:  [   220/?]  eta: ?  loss: 3.5864 (2.0152)  accuracy: 0.5938 (0.5877)  balanced_accuracy: 0.4959 (0.5772)  f1_weighted: 0.5588 (0.5931)  time: 0.0723  data: 0.0003  max mem: 5415
Active Test:  [   230/?]  eta: ?  loss: 2.8122 (2.0566)  accuracy: 0.6094 (0.5887)  balanced_accuracy: 0.5513 (0.5775)  f1_weighted: 0.6096 (0.5949)  time: 0.0698  data: 0.0003  max mem: 5415
Active Test:  [   240/?]  eta: ?  loss: 2.4656 (2.0514)  accuracy: 0.6094 (0.5909)  balanced_accuracy: 0.6130 (0.5804)  f1_weighted: 0.6457 (0.5972)  time: 0.0603  data: 0.0002  max mem: 5415
Active Test:  [   250/?]  eta: ?  loss: 1.6189 (2.0172)  accuracy: 0.6406 (0.5949)  balanced_accuracy: 0.6242 (0.5830)  f1_weighted: 0.6704 (0.6019)  time: 0.0594  data: 0.0002  max mem: 5415
Active Test:  [   260/?]  eta: ?  loss: 0.8731 (1.9876)  accuracy: 0.7031 (0.5988)  balanced_accuracy: 0.6242 (0.5870)  f1_weighted: 0.7188 (0.6062)  time: 0.0618  data: 0.0002  max mem: 5415
Active Test:  [   270/?]  eta: ?  loss: 1.1100 (1.9979)  accuracy: 0.7188 (0.5993)  balanced_accuracy: 0.6538 (0.5864)  f1_weighted: 0.7188 (0.6071)  time: 0.0640  data: 0.0003  max mem: 5415
Active Test:  [   280/?]  eta: ?  loss: 1.7661 (1.9940)  accuracy: 0.6719 (0.6025)  balanced_accuracy: 0.6282 (0.5866)  f1_weighted: 0.6761 (0.6098)  time: 0.0635  data: 0.0003  max mem: 5415
Active Test:  [   290/?]  eta: ?  loss: 1.7661 (1.9951)  accuracy: 0.6875 (0.6043)  balanced_accuracy: 0.5395 (0.5845)  f1_weighted: 0.6990 (0.6123)  time: 0.0622  data: 0.0003  max mem: 5415
Active Test:  [   300/?]  eta: ?  loss: 1.7643 (2.0055)  accuracy: 0.6250 (0.6042)  balanced_accuracy: 0.4836 (0.5831)  f1_weighted: 0.6990 (0.6129)  time: 0.0614  data: 0.0002  max mem: 5415
Active Test:  [   310/?]  eta: ?  loss: 1.6967 (1.9999)  accuracy: 0.5781 (0.6057)  balanced_accuracy: 0.5395 (0.5846)  f1_weighted: 0.5845 (0.6154)  time: 0.0626  data: 0.0003  max mem: 5415
Active Test:  [   320/?]  eta: ?  loss: 1.4364 (1.9977)  accuracy: 0.7031 (0.6056)  balanced_accuracy: 0.6704 (0.5856)  f1_weighted: 0.7096 (0.6160)  time: 0.0632  data: 0.0003  max mem: 5415
Active Test:  [   330/?]  eta: ?  loss: 2.7561 (2.0354)  accuracy: 0.5312 (0.6020)  balanced_accuracy: 0.5626 (0.5831)  f1_weighted: 0.5506 (0.6134)  time: 0.0615  data: 0.0002  max mem: 5415
Active Test:  [   340/?]  eta: ?  loss: 3.2955 (2.0819)  accuracy: 0.4688 (0.5976)  balanced_accuracy: 0.4923 (0.5801)  f1_weighted: 0.5139 (0.6096)  time: 0.0611  data: 0.0002  max mem: 5415
Active Test:  [   350/?]  eta: ?  loss: 3.1824 (2.1101)  accuracy: 0.4219 (0.5934)  balanced_accuracy: 0.4342 (0.5780)  f1_weighted: 0.4945 (0.6055)  time: 0.0629  data: 0.0003  max mem: 5415
Active Test:  [   360/?]  eta: ?  loss: 2.6696 (2.1148)  accuracy: 0.5312 (0.5928)  balanced_accuracy: 0.4858 (0.5769)  f1_weighted: 0.5514 (0.6054)  time: 0.0637  data: 0.0003  max mem: 5415
Active Test:  [   370/?]  eta: ?  loss: 2.1833 (2.1113)  accuracy: 0.5781 (0.5934)  balanced_accuracy: 0.4933 (0.5761)  f1_weighted: 0.5899 (0.6061)  time: 0.0641  data: 0.0003  max mem: 5415
Active Test:  [   380/?]  eta: ?  loss: 1.6228 (2.0994)  accuracy: 0.6094 (0.5951)  balanced_accuracy: 0.6147 (0.5777)  f1_weighted: 0.6478 (0.6076)  time: 0.0615  data: 0.0003  max mem: 5415
Active Test:  [   390/?]  eta: ?  loss: 1.6895 (2.0914)  accuracy: 0.6406 (0.5962)  balanced_accuracy: 0.6147 (0.5783)  f1_weighted: 0.6549 (0.6093)  time: 0.0614  data: 0.0003  max mem: 5415
Active Test:  [   400/?]  eta: ?  loss: 1.8157 (2.0852)  accuracy: 0.5938 (0.5963)  balanced_accuracy: 0.5911 (0.5794)  f1_weighted: 0.6684 (0.6099)  time: 0.0644  data: 0.0003  max mem: 5415
Active Test:  [   410/?]  eta: ?  loss: 1.8157 (2.0924)  accuracy: 0.5312 (0.5932)  balanced_accuracy: 0.5538 (0.5769)  f1_weighted: 0.5796 (0.6069)  time: 0.0652  data: 0.0003  max mem: 5415
Active Test:  [   420/?]  eta: ?  loss: 2.4502 (2.1094)  accuracy: 0.4219 (0.5890)  balanced_accuracy: 0.3968 (0.5723)  f1_weighted: 0.4293 (0.6028)  time: 0.0657  data: 0.0003  max mem: 5415
Active Test:  [   430/?]  eta: ?  loss: 2.4786 (2.1100)  accuracy: 0.4062 (0.5861)  balanced_accuracy: 0.3641 (0.5695)  f1_weighted: 0.4304 (0.5999)  time: 0.0649  data: 0.0003  max mem: 5415
Active Test:  [   440/?]  eta: ?  loss: 1.8227 (2.1133)  accuracy: 0.4688 (0.5843)  balanced_accuracy: 0.4643 (0.5679)  f1_weighted: 0.4706 (0.5977)  time: 0.0646  data: 0.0003  max mem: 5415
Active Test:  [   450/?]  eta: ?  loss: 1.7303 (2.1044)  accuracy: 0.5312 (0.5843)  balanced_accuracy: 0.5205 (0.5685)  f1_weighted: 0.5433 (0.5974)  time: 0.0655  data: 0.0003  max mem: 5415
Active Test:  [   460/?]  eta: ?  loss: 1.8106 (2.1208)  accuracy: 0.5469 (0.5815)  balanced_accuracy: 0.5456 (0.5667)  f1_weighted: 0.5191 (0.5938)  time: 0.0645  data: 0.0003  max mem: 5415
Active Test:  [   470/?]  eta: ?  loss: 2.8866 (2.1321)  accuracy: 0.3906 (0.5793)  balanced_accuracy: 0.4713 (0.5653)  f1_weighted: 0.4697 (0.5914)  time: 0.0646  data: 0.0003  max mem: 5415
Active Test:  [   480/?]  eta: ?  loss: 3.3393 (2.1542)  accuracy: 0.3906 (0.5772)  balanced_accuracy: 0.4662 (0.5646)  f1_weighted: 0.4697 (0.5899)  time: 0.0652  data: 0.0003  max mem: 5415
Active Test:  [   490/?]  eta: ?  loss: 3.4121 (2.1854)  accuracy: 0.3438 (0.5739)  balanced_accuracy: 0.4253 (0.5624)  f1_weighted: 0.4016 (0.5873)  time: 0.0636  data: 0.0003  max mem: 5415
Active Test:  [   500/?]  eta: ?  loss: 2.7118 (2.1999)  accuracy: 0.3438 (0.5709)  balanced_accuracy: 0.4017 (0.5603)  f1_weighted: 0.3981 (0.5847)  time: 0.0622  data: 0.0003  max mem: 5415
Active Test:  [   510/?]  eta: ?  loss: 1.8603 (2.2036)  accuracy: 0.4688 (0.5696)  balanced_accuracy: 0.4747 (0.5595)  f1_weighted: 0.5164 (0.5838)  time: 0.0687  data: 0.0002  max mem: 5415
Active Test:  [   520/?]  eta: ?  loss: 1.2743 (2.1960)  accuracy: 0.5156 (0.5700)  balanced_accuracy: 0.5171 (0.5601)  f1_weighted: 0.5977 (0.5848)  time: 0.0696  data: 0.0003  max mem: 5415
Active Test:  [   530/?]  eta: ?  loss: 1.1978 (2.1895)  accuracy: 0.5312 (0.5703)  balanced_accuracy: 0.6010 (0.5613)  f1_weighted: 0.6273 (0.5857)  time: 0.0631  data: 0.0003  max mem: 5415
Active Test:  [   540/?]  eta: ?  loss: 1.8135 (2.1814)  accuracy: 0.5312 (0.5704)  balanced_accuracy: 0.6387 (0.5629)  f1_weighted: 0.6273 (0.5865)  time: 0.0647  data: 0.0003  max mem: 5415
Active Test:  [   550/?]  eta: ?  loss: 1.9700 (2.1839)  accuracy: 0.5312 (0.5692)  balanced_accuracy: 0.6184 (0.5632)  f1_weighted: 0.5829 (0.5859)  time: 0.0641  data: 0.0003  max mem: 5415
Active Test:  [   560/?]  eta: ?  loss: 2.3843 (2.1846)  accuracy: 0.4844 (0.5689)  balanced_accuracy: 0.5486 (0.5636)  f1_weighted: 0.5482 (0.5862)  time: 0.0700  data: 0.0003  max mem: 5415
Active Test:  [   570/?]  eta: ?  loss: 2.4909 (2.1949)  accuracy: 0.4688 (0.5681)  balanced_accuracy: 0.5769 (0.5636)  f1_weighted: 0.5626 (0.5857)  time: 0.0721  data: 0.0002  max mem: 5415
Active Test:  [   580/?]  eta: ?  loss: 3.2398 (2.2033)  accuracy: 0.4688 (0.5669)  balanced_accuracy: 0.6094 (0.5640)  f1_weighted: 0.5365 (0.5849)  time: 0.0651  data: 0.0003  max mem: 5415
Active Test:  [   590/?]  eta: ?  loss: 3.2640 (2.2296)  accuracy: 0.4062 (0.5636)  balanced_accuracy: 0.6042 (0.5617)  f1_weighted: 0.4201 (0.5815)  time: 0.0643  data: 0.0003  max mem: 5415
Active Test:  [   600/?]  eta: ?  loss: 3.0059 (2.2557)  accuracy: 0.2969 (0.5601)  balanced_accuracy: 0.2917 (0.5581)  f1_weighted: 0.3137 (0.5782)  time: 0.0649  data: 0.0003  max mem: 5415
Active Test:  [   610/?]  eta: ?  loss: 2.4817 (2.2606)  accuracy: 0.3594 (0.5602)  balanced_accuracy: 0.3750 (0.5575)  f1_weighted: 0.4043 (0.5783)  time: 0.0643  data: 0.0003  max mem: 5415
Active Test:  [   620/?]  eta: ?  loss: 2.4817 (2.2771)  accuracy: 0.4688 (0.5594)  balanced_accuracy: 0.4245 (0.5562)  f1_weighted: 0.5270 (0.5775)  time: 0.0634  data: 0.0003  max mem: 5415
Active Test:  [   630/?]  eta: ?  loss: 2.4020 (2.2711)  accuracy: 0.5312 (0.5604)  balanced_accuracy: 0.4792 (0.5570)  f1_weighted: 0.5311 (0.5780)  time: 0.0707  data: 0.0003  max mem: 5415
Active Test:  [   640/?]  eta: ?  loss: 2.1378 (2.2745)  accuracy: 0.6250 (0.5605)  balanced_accuracy: 0.5729 (0.5569)  f1_weighted: 0.5940 (0.5778)  time: 0.0718  data: 0.0003  max mem: 5415
Active Test:  [   650/?]  eta: ?  loss: 0.8441 (2.2657)  accuracy: 0.6875 (0.5616)  balanced_accuracy: 0.7205 (0.5581)  f1_weighted: 0.6952 (0.5787)  time: 0.0664  data: 0.0003  max mem: 5415
Active Test:  [   660/?]  eta: ?  loss: 0.6704 (2.2546)  accuracy: 0.7031 (0.5625)  balanced_accuracy: 0.7292 (0.5590)  f1_weighted: 0.7317 (0.5795)  time: 0.0728  data: 0.0003  max mem: 5415
Active Test:  [   670/?]  eta: ?  loss: 0.5040 (2.2409)  accuracy: 0.6094 (0.5648)  balanced_accuracy: 0.5782 (0.5609)  f1_weighted: 0.5736 (0.5818)  time: 0.0723  data: 0.0003  max mem: 5415
Active Test:  [   680/?]  eta: ?  loss: 1.6869 (2.2336)  accuracy: 0.5938 (0.5654)  balanced_accuracy: 0.5708 (0.5607)  f1_weighted: 0.5573 (0.5826)  time: 0.0751  data: 0.0003  max mem: 5415
Active Test:  [   690/?]  eta: ?  loss: 1.8414 (2.2272)  accuracy: 0.5156 (0.5646)  balanced_accuracy: 0.5000 (0.5599)  f1_weighted: 0.5371 (0.5820)  time: 0.0738  data: 0.0003  max mem: 5415
Active Test:  [   700/?]  eta: ?  loss: 1.7941 (2.2194)  accuracy: 0.4531 (0.5635)  balanced_accuracy: 0.4531 (0.5588)  f1_weighted: 0.4815 (0.5812)  time: 0.0630  data: 0.0003  max mem: 5415
Active Test:  [   710/?]  eta: ?  loss: 1.7556 (2.2158)  accuracy: 0.4375 (0.5625)  balanced_accuracy: 0.4097 (0.5571)  f1_weighted: 0.4815 (0.5802)  time: 0.0641  data: 0.0003  max mem: 5415
Active Test:  [   720/?]  eta: ?  loss: 1.7488 (2.2133)  accuracy: 0.4375 (0.5616)  balanced_accuracy: 0.4688 (0.5566)  f1_weighted: 0.4484 (0.5796)  time: 0.0660  data: 0.0003  max mem: 5415
Active Test:  [   730/?]  eta: ?  loss: 2.0573 (2.2235)  accuracy: 0.4531 (0.5593)  balanced_accuracy: 0.4896 (0.5540)  f1_weighted: 0.4337 (0.5773)  time: 0.0663  data: 0.0003  max mem: 5415
Active Test:  [   740/?]  eta: ?  loss: 2.1746 (2.2314)  accuracy: 0.3906 (0.5567)  balanced_accuracy: 0.4375 (0.5516)  f1_weighted: 0.3493 (0.5745)  time: 0.0655  data: 0.0003  max mem: 5415
Active Test:  [   750/?]  eta: ?  loss: 2.2526 (2.2331)  accuracy: 0.4219 (0.5551)  balanced_accuracy: 0.3525 (0.5496)  f1_weighted: 0.4416 (0.5726)  time: 0.0652  data: 0.0003  max mem: 5415
Active Test:  [   760/?]  eta: ?  loss: 2.0085 (2.2296)  accuracy: 0.4844 (0.5544)  balanced_accuracy: 0.3525 (0.5487)  f1_weighted: 0.4749 (0.5726)  time: 0.0623  data: 0.0003  max mem: 5415
Active Test:  [   770/?]  eta: ?  loss: 1.6709 (2.2201)  accuracy: 0.5469 (0.5547)  balanced_accuracy: 0.5625 (0.5489)  f1_weighted: 0.5625 (0.5731)  time: 0.0602  data: 0.0002  max mem: 5415
Active Test:  [   780/?]  eta: ?  loss: 1.1652 (2.2048)  accuracy: 0.6250 (0.5557)  balanced_accuracy: 0.6146 (0.5501)  f1_weighted: 0.6114 (0.5742)  time: 0.0666  data: 0.0002  max mem: 5415
Active Test:  [   790/?]  eta: ?  loss: 1.1407 (2.1942)  accuracy: 0.6406 (0.5561)  balanced_accuracy: 0.6528 (0.5507)  f1_weighted: 0.6526 (0.5749)  time: 0.0673  data: 0.0002  max mem: 5415
Active Test:  [   800/?]  eta: ?  loss: 1.2640 (2.1847)  accuracy: 0.5938 (0.5556)  balanced_accuracy: 0.6406 (0.5501)  f1_weighted: 0.6461 (0.5748)  time: 0.0630  data: 0.0003  max mem: 5415
Active Test:  [   810/?]  eta: ?  loss: 1.4600 (2.1781)  accuracy: 0.5469 (0.5553)  balanced_accuracy: 0.5469 (0.5496)  f1_weighted: 0.6418 (0.5753)  time: 0.0650  data: 0.0003  max mem: 5415
Active Test:  [   820/?]  eta: ?  loss: 1.9008 (2.1789)  accuracy: 0.5000 (0.5541)  balanced_accuracy: 0.5156 (0.5484)  f1_weighted: 0.5078 (0.5740)  time: 0.0661  data: 0.0003  max mem: 5415
Active Test:  [   830/?]  eta: ?  loss: 2.1643 (2.1811)  accuracy: 0.4375 (0.5531)  balanced_accuracy: 0.4479 (0.5477)  f1_weighted: 0.4679 (0.5730)  time: 0.0655  data: 0.0003  max mem: 5415
Active Test:  [   840/?]  eta: ?  loss: 2.1999 (2.1843)  accuracy: 0.4688 (0.5527)  balanced_accuracy: 0.4896 (0.5475)  f1_weighted: 0.4658 (0.5723)  time: 0.0652  data: 0.0003  max mem: 5415
Active Test:  [   850/?]  eta: ?  loss: 2.4359 (2.1940)  accuracy: 0.4844 (0.5512)  balanced_accuracy: 0.4912 (0.5462)  f1_weighted: 0.4635 (0.5709)  time: 0.0634  data: 0.0003  max mem: 5415
Active Test:  [   860/?]  eta: ?  loss: 2.3395 (2.1923)  accuracy: 0.5156 (0.5514)  balanced_accuracy: 0.5156 (0.5465)  f1_weighted: 0.5665 (0.5710)  time: 0.0636  data: 0.0002  max mem: 5415
Active Test:  [   870/?]  eta: ?  loss: 1.9861 (2.1953)  accuracy: 0.5156 (0.5505)  balanced_accuracy: 0.5429 (0.5455)  f1_weighted: 0.5698 (0.5704)  time: 0.0664  data: 0.0003  max mem: 5415
Active Test:  [   880/?]  eta: ?  loss: 2.2441 (2.2036)  accuracy: 0.4219 (0.5481)  balanced_accuracy: 0.4707 (0.5435)  f1_weighted: 0.4727 (0.5678)  time: 0.0662  data: 0.0003  max mem: 5415
Active Test:  [   890/?]  eta: ?  loss: 1.8160 (2.2002)  accuracy: 0.4844 (0.5482)  balanced_accuracy: 0.4773 (0.5436)  f1_weighted: 0.5296 (0.5679)  time: 0.0652  data: 0.0003  max mem: 5415
Active Test:  [   900/?]  eta: ?  loss: 1.3831 (2.1980)  accuracy: 0.5156 (0.5474)  balanced_accuracy: 0.5411 (0.5428)  f1_weighted: 0.5620 (0.5673)  time: 0.0661  data: 0.0003  max mem: 5415
Active Test:  [   910/?]  eta: ?  loss: 1.5684 (2.1900)  accuracy: 0.4688 (0.5473)  balanced_accuracy: 0.5202 (0.5428)  f1_weighted: 0.5170 (0.5673)  time: 0.0650  data: 0.0003  max mem: 5415
Active Test:  [   920/?]  eta: ?  loss: 1.8006 (2.1883)  accuracy: 0.4844 (0.5470)  balanced_accuracy: 0.4877 (0.5424)  f1_weighted: 0.5009 (0.5669)  time: 0.0634  data: 0.0003  max mem: 5415
Active Test:  [   930/?]  eta: ?  loss: 1.7086 (2.1816)  accuracy: 0.5469 (0.5475)  balanced_accuracy: 0.5156 (0.5426)  f1_weighted: 0.5699 (0.5676)  time: 0.0649  data: 0.0003  max mem: 5415
Active Test:  [   940/?]  eta: ?  loss: 1.6453 (2.1818)  accuracy: 0.5781 (0.5475)  balanced_accuracy: 0.5289 (0.5426)  f1_weighted: 0.6083 (0.5679)  time: 0.0663  data: 0.0003  max mem: 5415
Active Test:  [   950/?]  eta: ?  loss: 1.9201 (2.1818)  accuracy: 0.5156 (0.5475)  balanced_accuracy: 0.5115 (0.5427)  f1_weighted: 0.6083 (0.5683)  time: 0.0665  data: 0.0003  max mem: 5415
Active Test:  [   960/?]  eta: ?  loss: 1.6936 (2.1741)  accuracy: 0.5469 (0.5485)  balanced_accuracy: 0.6512 (0.5439)  f1_weighted: 0.6667 (0.5694)  time: 0.0657  data: 0.0003  max mem: 5415
Active Test:  [   970/?]  eta: ?  loss: 2.0757 (2.1799)  accuracy: 0.5469 (0.5482)  balanced_accuracy: 0.6270 (0.5444)  f1_weighted: 0.6281 (0.5693)  time: 0.0646  data: 0.0003  max mem: 5415
Active Test:  [   980/?]  eta: ?  loss: 2.4136 (2.1803)  accuracy: 0.5625 (0.5486)  balanced_accuracy: 0.5698 (0.5453)  f1_weighted: 0.6281 (0.5701)  time: 0.0742  data: 0.0003  max mem: 5415
Active Test:  [   990/?]  eta: ?  loss: 2.4136 (2.1847)  accuracy: 0.5469 (0.5479)  balanced_accuracy: 0.5764 (0.5448)  f1_weighted: 0.5898 (0.5694)  time: 0.0740  data: 0.0003  max mem: 5415
Active Test:  [  1000/?]  eta: ?  loss: 2.1780 (2.1974)  accuracy: 0.5156 (0.5468)  balanced_accuracy: 0.5179 (0.5438)  f1_weighted: 0.4825 (0.5678)  time: 0.0644  data: 0.0003  max mem: 5415
Active Test:  [  1010/?]  eta: ?  loss: 1.9999 (2.2015)  accuracy: 0.5781 (0.5466)  balanced_accuracy: 0.6163 (0.5441)  f1_weighted: 0.5141 (0.5672)  time: 0.0722  data: 0.0003  max mem: 5415
Active Test:  [  1020/?]  eta: ?  loss: 1.8204 (2.2072)  accuracy: 0.5781 (0.5461)  balanced_accuracy: 0.6379 (0.5440)  f1_weighted: 0.5629 (0.5668)  time: 0.0710  data: 0.0003  max mem: 5415
Active Test:  [  1030/?]  eta: ?  loss: 1.6256 (2.2014)  accuracy: 0.5625 (0.5470)  balanced_accuracy: 0.6147 (0.5451)  f1_weighted: 0.5913 (0.5679)  time: 0.0642  data: 0.0003  max mem: 5415
Active Test:  [  1040/?]  eta: ?  loss: 2.0998 (2.2024)  accuracy: 0.4531 (0.5465)  balanced_accuracy: 0.4735 (0.5445)  f1_weighted: 0.5913 (0.5678)  time: 0.0666  data: 0.0003  max mem: 5415
Active Test:  [  1050/?]  eta: ?  loss: 2.2677 (2.2022)  accuracy: 0.4375 (0.5460)  balanced_accuracy: 0.4461 (0.5442)  f1_weighted: 0.5235 (0.5679)  time: 0.0662  data: 0.0003  max mem: 5415
Active Test:  [  1060/?]  eta: ?  loss: 0.9865 (2.1886)  accuracy: 0.5781 (0.5472)  balanced_accuracy: 0.5781 (0.5454)  f1_weighted: 0.6667 (0.5693)  time: 0.0667  data: 0.0003  max mem: 5415
Active Test:  [  1070/?]  eta: ?  loss: 0.9691 (2.1821)  accuracy: 0.6094 (0.5473)  balanced_accuracy: 0.6250 (0.5462)  f1_weighted: 0.6939 (0.5699)  time: 0.0749  data: 0.0003  max mem: 5415
Active Test: Total time: 0:01:14 (0.0694 s / it)
* loss 2.192

============================================================
Evaluating on passive tasks (407,568 samples)...
============================================================
Passive Test:  [     0/?]  eta: ?  loss: 1.0208 (1.0208)  accuracy: 0.6406 (0.6406)  balanced_accuracy: 0.5256 (0.5256)  f1_weighted: 0.6223 (0.6223)  time: 1.2077  data: 1.1491  max mem: 5415
Passive Test:  [    10/?]  eta: ?  loss: 2.3325 (2.1623)  accuracy: 0.4219 (0.4759)  balanced_accuracy: 0.4785 (0.4589)  f1_weighted: 0.4494 (0.4729)  time: 0.1844  data: 0.1047  max mem: 5415
Passive Test:  [    20/?]  eta: ?  loss: 2.6866 (2.3279)  accuracy: 0.4219 (0.4680)  balanced_accuracy: 0.4682 (0.4523)  f1_weighted: 0.4118 (0.4513)  time: 0.0787  data: 0.0003  max mem: 5415
Passive Test:  [    30/?]  eta: ?  loss: 2.6380 (2.4526)  accuracy: 0.4219 (0.4551)  balanced_accuracy: 0.4590 (0.4452)  f1_weighted: 0.3977 (0.4382)  time: 0.0697  data: 0.0003  max mem: 5415
Passive Test:  [    40/?]  eta: ?  loss: 2.3082 (2.4012)  accuracy: 0.4375 (0.4638)  balanced_accuracy: 0.4651 (0.4442)  f1_weighted: 0.4102 (0.4476)  time: 0.0619  data: 0.0003  max mem: 5415
Passive Test:  [    50/?]  eta: ?  loss: 2.2700 (2.4124)  accuracy: 0.5156 (0.4743)  balanced_accuracy: 0.4744 (0.4517)  f1_weighted: 0.5057 (0.4617)  time: 0.0714  data: 0.0002  max mem: 5415
Passive Test:  [    60/?]  eta: ?  loss: 2.0859 (2.3252)  accuracy: 0.5469 (0.4933)  balanced_accuracy: 0.5000 (0.4652)  f1_weighted: 0.5419 (0.4787)  time: 0.0726  data: 0.0002  max mem: 5415
Passive Test:  [    70/?]  eta: ?  loss: 1.7962 (2.3241)  accuracy: 0.5625 (0.5040)  balanced_accuracy: 0.5233 (0.4786)  f1_weighted: 0.5419 (0.4898)  time: 0.0621  data: 0.0003  max mem: 5415
Passive Test:  [    80/?]  eta: ?  loss: 1.8515 (2.2775)  accuracy: 0.5469 (0.5102)  balanced_accuracy: 0.5738 (0.4884)  f1_weighted: 0.5519 (0.4987)  time: 0.0606  data: 0.0002  max mem: 5415
Passive Test:  [    90/?]  eta: ?  loss: 1.8515 (2.3070)  accuracy: 0.5000 (0.5070)  balanced_accuracy: 0.5688 (0.4932)  f1_weighted: 0.4779 (0.4942)  time: 0.0603  data: 0.0002  max mem: 5415
Passive Test:  [   100/?]  eta: ?  loss: 1.5618 (2.2943)  accuracy: 0.5000 (0.5142)  balanced_accuracy: 0.5850 (0.5071)  f1_weighted: 0.4356 (0.5029)  time: 0.0627  data: 0.0003  max mem: 5415
Passive Test:  [   110/?]  eta: ?  loss: 2.0118 (2.3355)  accuracy: 0.5156 (0.5135)  balanced_accuracy: 0.6535 (0.5120)  f1_weighted: 0.4573 (0.5011)  time: 0.0627  data: 0.0003  max mem: 5415
Passive Test:  [   120/?]  eta: ?  loss: 2.0118 (2.3407)  accuracy: 0.5156 (0.5198)  balanced_accuracy: 0.6535 (0.5199)  f1_weighted: 0.4573 (0.5070)  time: 0.0627  data: 0.0003  max mem: 5415
Passive Test:  [   130/?]  eta: ?  loss: 1.4487 (2.3459)  accuracy: 0.5625 (0.5264)  balanced_accuracy: 0.6316 (0.5289)  f1_weighted: 0.5217 (0.5135)  time: 0.0625  data: 0.0003  max mem: 5415
Passive Test:  [   140/?]  eta: ?  loss: 1.3096 (2.3019)  accuracy: 0.5625 (0.5345)  balanced_accuracy: 0.6026 (0.5381)  f1_weighted: 0.5312 (0.5218)  time: 0.0605  data: 0.0002  max mem: 5415
Passive Test:  [   150/?]  eta: ?  loss: 1.4107 (2.2917)  accuracy: 0.6250 (0.5394)  balanced_accuracy: 0.6026 (0.5442)  f1_weighted: 0.6151 (0.5270)  time: 0.0628  data: 0.0002  max mem: 5415
Passive Test:  [   160/?]  eta: ?  loss: 1.5769 (2.2512)  accuracy: 0.5156 (0.5409)  balanced_accuracy: 0.5840 (0.5451)  f1_weighted: 0.5030 (0.5297)  time: 0.0647  data: 0.0002  max mem: 5415
Passive Test:  [   170/?]  eta: ?  loss: 1.4747 (2.2325)  accuracy: 0.5000 (0.5405)  balanced_accuracy: 0.5425 (0.5477)  f1_weighted: 0.5030 (0.5312)  time: 0.0652  data: 0.0002  max mem: 5415
Passive Test:  [   180/?]  eta: ?  loss: 1.1526 (2.1893)  accuracy: 0.5469 (0.5435)  balanced_accuracy: 0.5833 (0.5526)  f1_weighted: 0.5809 (0.5361)  time: 0.0640  data: 0.0002  max mem: 5415
Passive Test:  [   190/?]  eta: ?  loss: 1.3245 (2.1768)  accuracy: 0.5469 (0.5425)  balanced_accuracy: 0.5901 (0.5535)  f1_weighted: 0.5657 (0.5373)  time: 0.0628  data: 0.0003  max mem: 5415
Passive Test:  [   200/?]  eta: ?  loss: 1.4126 (2.1493)  accuracy: 0.5156 (0.5438)  balanced_accuracy: 0.5556 (0.5535)  f1_weighted: 0.5749 (0.5412)  time: 0.0612  data: 0.0003  max mem: 5415
Passive Test:  [   210/?]  eta: ?  loss: 1.4296 (2.1313)  accuracy: 0.5625 (0.5447)  balanced_accuracy: 0.5085 (0.5537)  f1_weighted: 0.5940 (0.5447)  time: 0.0568  data: 0.0002  max mem: 5415
Passive Test:  [   220/?]  eta: ?  loss: 1.4528 (2.1229)  accuracy: 0.5781 (0.5450)  balanced_accuracy: 0.5128 (0.5527)  f1_weighted: 0.6117 (0.5475)  time: 0.0593  data: 0.0002  max mem: 5415
Passive Test:  [   230/?]  eta: ?  loss: 1.8992 (2.1157)  accuracy: 0.5938 (0.5475)  balanced_accuracy: 0.5445 (0.5552)  f1_weighted: 0.6240 (0.5520)  time: 0.0618  data: 0.0002  max mem: 5415
Passive Test:  [   240/?]  eta: ?  loss: 2.0034 (2.1417)  accuracy: 0.5781 (0.5462)  balanced_accuracy: 0.5439 (0.5527)  f1_weighted: 0.5900 (0.5521)  time: 0.0595  data: 0.0002  max mem: 5415
Passive Test:  [   250/?]  eta: ?  loss: 2.0975 (2.1611)  accuracy: 0.5312 (0.5455)  balanced_accuracy: 0.5234 (0.5524)  f1_weighted: 0.5709 (0.5524)  time: 0.0618  data: 0.0002  max mem: 5415
Passive Test:  [   260/?]  eta: ?  loss: 2.4145 (2.1823)  accuracy: 0.4688 (0.5446)  balanced_accuracy: 0.5234 (0.5509)  f1_weighted: 0.5234 (0.5530)  time: 0.0635  data: 0.0003  max mem: 5415
Passive Test:  [   270/?]  eta: ?  loss: 2.4857 (2.1958)  accuracy: 0.4219 (0.5437)  balanced_accuracy: 0.4464 (0.5497)  f1_weighted: 0.5232 (0.5533)  time: 0.0622  data: 0.0003  max mem: 5415
Passive Test:  [   280/?]  eta: ?  loss: 2.0614 (2.2098)  accuracy: 0.4688 (0.5433)  balanced_accuracy: 0.4661 (0.5486)  f1_weighted: 0.5323 (0.5544)  time: 0.0631  data: 0.0003  max mem: 5415
Passive Test:  [   290/?]  eta: ?  loss: 1.7831 (2.2000)  accuracy: 0.5781 (0.5455)  balanced_accuracy: 0.4786 (0.5513)  f1_weighted: 0.6107 (0.5575)  time: 0.0636  data: 0.0003  max mem: 5415
Passive Test:  [   300/?]  eta: ?  loss: 1.7831 (2.1883)  accuracy: 0.5781 (0.5474)  balanced_accuracy: 0.5477 (0.5519)  f1_weighted: 0.6540 (0.5606)  time: 0.0638  data: 0.0003  max mem: 5415
Passive Test:  [   310/?]  eta: ?  loss: 1.5312 (2.1636)  accuracy: 0.5781 (0.5497)  balanced_accuracy: 0.5597 (0.5535)  f1_weighted: 0.6449 (0.5635)  time: 0.0652  data: 0.0003  max mem: 5415
Passive Test:  [   320/?]  eta: ?  loss: 1.5312 (2.1492)  accuracy: 0.5781 (0.5513)  balanced_accuracy: 0.6083 (0.5544)  f1_weighted: 0.6199 (0.5651)  time: 0.0661  data: 0.0003  max mem: 5415
Passive Test:  [   330/?]  eta: ?  loss: 1.8111 (2.1452)  accuracy: 0.5469 (0.5521)  balanced_accuracy: 0.6083 (0.5564)  f1_weighted: 0.5350 (0.5655)  time: 0.0645  data: 0.0003  max mem: 5415
Passive Test:  [   340/?]  eta: ?  loss: 1.9876 (2.1416)  accuracy: 0.5312 (0.5529)  balanced_accuracy: 0.6077 (0.5573)  f1_weighted: 0.5267 (0.5664)  time: 0.0636  data: 0.0003  max mem: 5415
Passive Test:  [   350/?]  eta: ?  loss: 2.3087 (2.1483)  accuracy: 0.4219 (0.5507)  balanced_accuracy: 0.5792 (0.5573)  f1_weighted: 0.4376 (0.5644)  time: 0.0644  data: 0.0002  max mem: 5415
Passive Test:  [   360/?]  eta: ?  loss: 2.0819 (2.1444)  accuracy: 0.4219 (0.5489)  balanced_accuracy: 0.5694 (0.5572)  f1_weighted: 0.4376 (0.5629)  time: 0.0659  data: 0.0003  max mem: 5415
Passive Test:  [   370/?]  eta: ?  loss: 1.9218 (2.1575)  accuracy: 0.4219 (0.5452)  balanced_accuracy: 0.5256 (0.5556)  f1_weighted: 0.4499 (0.5590)  time: 0.0725  data: 0.0003  max mem: 5415
Passive Test:  [   380/?]  eta: ?  loss: 2.1407 (2.1551)  accuracy: 0.4688 (0.5445)  balanced_accuracy: 0.5294 (0.5549)  f1_weighted: 0.5005 (0.5582)  time: 0.0696  data: 0.0002  max mem: 5415
Passive Test:  [   390/?]  eta: ?  loss: 1.5450 (2.1480)  accuracy: 0.5312 (0.5445)  balanced_accuracy: 0.5520 (0.5562)  f1_weighted: 0.5400 (0.5584)  time: 0.0621  data: 0.0002  max mem: 5415
Passive Test:  [   400/?]  eta: ?  loss: 1.7711 (2.1413)  accuracy: 0.5312 (0.5443)  balanced_accuracy: 0.5614 (0.5561)  f1_weighted: 0.5654 (0.5581)  time: 0.0604  data: 0.0002  max mem: 5415
Passive Test:  [   410/?]  eta: ?  loss: 1.5665 (2.1259)  accuracy: 0.5781 (0.5451)  balanced_accuracy: 0.6078 (0.5576)  f1_weighted: 0.5874 (0.5589)  time: 0.0591  data: 0.0002  max mem: 5415
Passive Test:  [   420/?]  eta: ?  loss: 1.2921 (2.1046)  accuracy: 0.6094 (0.5474)  balanced_accuracy: 0.6127 (0.5597)  f1_weighted: 0.6218 (0.5612)  time: 0.0599  data: 0.0002  max mem: 5415
Passive Test:  [   430/?]  eta: ?  loss: 1.0869 (2.0857)  accuracy: 0.6250 (0.5492)  balanced_accuracy: 0.6569 (0.5621)  f1_weighted: 0.6505 (0.5632)  time: 0.0587  data: 0.0002  max mem: 5415
Passive Test:  [   440/?]  eta: ?  loss: 1.0986 (2.0684)  accuracy: 0.6094 (0.5513)  balanced_accuracy: 0.6569 (0.5642)  f1_weighted: 0.6469 (0.5655)  time: 0.0684  data: 0.0003  max mem: 5415
Passive Test:  [   450/?]  eta: ?  loss: 1.2814 (2.0556)  accuracy: 0.6094 (0.5534)  balanced_accuracy: 0.6127 (0.5665)  f1_weighted: 0.6233 (0.5674)  time: 0.0698  data: 0.0003  max mem: 5415
Passive Test:  [   460/?]  eta: ?  loss: 1.6497 (2.0462)  accuracy: 0.5781 (0.5540)  balanced_accuracy: 0.6127 (0.5681)  f1_weighted: 0.5947 (0.5675)  time: 0.0579  data: 0.0002  max mem: 5415
Passive Test:  [   470/?]  eta: ?  loss: 1.8198 (2.0456)  accuracy: 0.5469 (0.5538)  balanced_accuracy: 0.6451 (0.5694)  f1_weighted: 0.5341 (0.5669)  time: 0.0578  data: 0.0002  max mem: 5415
Passive Test:  [   480/?]  eta: ?  loss: 2.0234 (2.0476)  accuracy: 0.5312 (0.5537)  balanced_accuracy: 0.5855 (0.5700)  f1_weighted: 0.5340 (0.5663)  time: 0.0726  data: 0.0002  max mem: 5415
Passive Test:  [   490/?]  eta: ?  loss: 2.0421 (2.0501)  accuracy: 0.5312 (0.5535)  balanced_accuracy: 0.5682 (0.5698)  f1_weighted: 0.5140 (0.5655)  time: 0.0785  data: 0.0002  max mem: 5415
Passive Test:  [   500/?]  eta: ?  loss: 1.8443 (2.0423)  accuracy: 0.5469 (0.5549)  balanced_accuracy: 0.5938 (0.5713)  f1_weighted: 0.5387 (0.5667)  time: 0.0693  data: 0.0002  max mem: 5415
Passive Test:  [   510/?]  eta: ?  loss: 1.1246 (2.0371)  accuracy: 0.6094 (0.5552)  balanced_accuracy: 0.6325 (0.5710)  f1_weighted: 0.6160 (0.5665)  time: 0.0637  data: 0.0003  max mem: 5415
Passive Test:  [   520/?]  eta: ?  loss: 1.5030 (2.0381)  accuracy: 0.5156 (0.5535)  balanced_accuracy: 0.5513 (0.5692)  f1_weighted: 0.4894 (0.5645)  time: 0.0591  data: 0.0002  max mem: 5415
Passive Test:  [   530/?]  eta: ?  loss: 1.7231 (2.0319)  accuracy: 0.4375 (0.5528)  balanced_accuracy: 0.4687 (0.5679)  f1_weighted: 0.4460 (0.5639)  time: 0.0588  data: 0.0002  max mem: 5415
Passive Test:  [   540/?]  eta: ?  loss: 1.4197 (2.0268)  accuracy: 0.4375 (0.5527)  balanced_accuracy: 0.4687 (0.5678)  f1_weighted: 0.5327 (0.5641)  time: 0.0588  data: 0.0002  max mem: 5415
Passive Test:  [   550/?]  eta: ?  loss: 1.5352 (2.0236)  accuracy: 0.4688 (0.5522)  balanced_accuracy: 0.4661 (0.5669)  f1_weighted: 0.5825 (0.5644)  time: 0.0571  data: 0.0002  max mem: 5415
Passive Test:  [   560/?]  eta: ?  loss: 1.7487 (2.0339)  accuracy: 0.4688 (0.5501)  balanced_accuracy: 0.4653 (0.5636)  f1_weighted: 0.5660 (0.5628)  time: 0.0567  data: 0.0002  max mem: 5415
Passive Test:  [   570/?]  eta: ?  loss: 1.9180 (2.0302)  accuracy: 0.4531 (0.5494)  balanced_accuracy: 0.4420 (0.5618)  f1_weighted: 0.5616 (0.5626)  time: 0.0587  data: 0.0002  max mem: 5415
Passive Test:  [   580/?]  eta: ?  loss: 2.2486 (2.0360)  accuracy: 0.4531 (0.5477)  balanced_accuracy: 0.3673 (0.5589)  f1_weighted: 0.5443 (0.5613)  time: 0.0595  data: 0.0002  max mem: 5415
Passive Test:  [   590/?]  eta: ?  loss: 2.7393 (2.0473)  accuracy: 0.4219 (0.5452)  balanced_accuracy: 0.3355 (0.5558)  f1_weighted: 0.4555 (0.5592)  time: 0.0601  data: 0.0002  max mem: 5415
Passive Test:  [   600/?]  eta: ?  loss: 2.2960 (2.0506)  accuracy: 0.4375 (0.5444)  balanced_accuracy: 0.4163 (0.5542)  f1_weighted: 0.4773 (0.5582)  time: 0.0622  data: 0.0002  max mem: 5415
Passive Test:  [   610/?]  eta: ?  loss: 2.3545 (2.0562)  accuracy: 0.4531 (0.5424)  balanced_accuracy: 0.4339 (0.5524)  f1_weighted: 0.5140 (0.5566)  time: 0.0605  data: 0.0002  max mem: 5415
Passive Test:  [   620/?]  eta: ?  loss: 2.4136 (2.0628)  accuracy: 0.4219 (0.5412)  balanced_accuracy: 0.4497 (0.5510)  f1_weighted: 0.4636 (0.5555)  time: 0.0588  data: 0.0002  max mem: 5415
Passive Test:  [   630/?]  eta: ?  loss: 2.4080 (2.0695)  accuracy: 0.4688 (0.5395)  balanced_accuracy: 0.4944 (0.5496)  f1_weighted: 0.4300 (0.5538)  time: 0.0601  data: 0.0002  max mem: 5415
Passive Test:  [   640/?]  eta: ?  loss: 2.8665 (2.0895)  accuracy: 0.4062 (0.5368)  balanced_accuracy: 0.4849 (0.5470)  f1_weighted: 0.4059 (0.5512)  time: 0.0646  data: 0.0002  max mem: 5415
Passive Test:  [   650/?]  eta: ?  loss: 3.4550 (2.1183)  accuracy: 0.3281 (0.5331)  balanced_accuracy: 0.3281 (0.5433)  f1_weighted: 0.3983 (0.5480)  time: 0.0663  data: 0.0003  max mem: 5415
Passive Test:  [   660/?]  eta: ?  loss: 3.9768 (2.1545)  accuracy: 0.2969 (0.5295)  balanced_accuracy: 0.2686 (0.5390)  f1_weighted: 0.2914 (0.5447)  time: 0.0640  data: 0.0003  max mem: 5415
Passive Test:  [   670/?]  eta: ?  loss: 4.5948 (2.1895)  accuracy: 0.2812 (0.5261)  balanced_accuracy: 0.2571 (0.5348)  f1_weighted: 0.2985 (0.5415)  time: 0.0654  data: 0.0003  max mem: 5415
Passive Test:  [   680/?]  eta: ?  loss: 3.8294 (2.2047)  accuracy: 0.3438 (0.5256)  balanced_accuracy: 0.2949 (0.5337)  f1_weighted: 0.3758 (0.5411)  time: 0.0662  data: 0.0003  max mem: 5415
Passive Test:  [   690/?]  eta: ?  loss: 2.8379 (2.2146)  accuracy: 0.4062 (0.5251)  balanced_accuracy: 0.3590 (0.5323)  f1_weighted: 0.5381 (0.5405)  time: 0.0646  data: 0.0002  max mem: 5415
Passive Test:  [   700/?]  eta: ?  loss: 1.5628 (2.2118)  accuracy: 0.4062 (0.5252)  balanced_accuracy: 0.3836 (0.5317)  f1_weighted: 0.5381 (0.5406)  time: 0.0620  data: 0.0002  max mem: 5415
Passive Test:  [   710/?]  eta: ?  loss: 2.0169 (2.2192)  accuracy: 0.4688 (0.5242)  balanced_accuracy: 0.4338 (0.5301)  f1_weighted: 0.5056 (0.5397)  time: 0.0627  data: 0.0002  max mem: 5415
Passive Test:  [   720/?]  eta: ?  loss: 2.1985 (2.2201)  accuracy: 0.4531 (0.5235)  balanced_accuracy: 0.4178 (0.5289)  f1_weighted: 0.4988 (0.5390)  time: 0.0632  data: 0.0002  max mem: 5415
Passive Test:  [   730/?]  eta: ?  loss: 2.0157 (2.2209)  accuracy: 0.4375 (0.5228)  balanced_accuracy: 0.4178 (0.5276)  f1_weighted: 0.4811 (0.5385)  time: 0.0624  data: 0.0002  max mem: 5415
Passive Test:  [   740/?]  eta: ?  loss: 2.0157 (2.2186)  accuracy: 0.4375 (0.5228)  balanced_accuracy: 0.4465 (0.5269)  f1_weighted: 0.5253 (0.5385)  time: 0.0648  data: 0.0002  max mem: 5415
Passive Test:  [   750/?]  eta: ?  loss: 1.9846 (2.2196)  accuracy: 0.4844 (0.5225)  balanced_accuracy: 0.4653 (0.5264)  f1_weighted: 0.5277 (0.5384)  time: 0.0712  data: 0.0002  max mem: 5415
Passive Test:  [   760/?]  eta: ?  loss: 1.8707 (2.2187)  accuracy: 0.4688 (0.5225)  balanced_accuracy: 0.4737 (0.5261)  f1_weighted: 0.5221 (0.5384)  time: 0.0678  data: 0.0002  max mem: 5415
Passive Test:  [   770/?]  eta: ?  loss: 1.8707 (2.2108)  accuracy: 0.4688 (0.5235)  balanced_accuracy: 0.4737 (0.5269)  f1_weighted: 0.5443 (0.5397)  time: 0.0610  data: 0.0002  max mem: 5415
Passive Test:  [   780/?]  eta: ?  loss: 0.9864 (2.2006)  accuracy: 0.5938 (0.5251)  balanced_accuracy: 0.5919 (0.5280)  f1_weighted: 0.6003 (0.5412)  time: 0.0635  data: 0.0002  max mem: 5415
Passive Test:  [   790/?]  eta: ?  loss: 1.2785 (2.1883)  accuracy: 0.5938 (0.5263)  balanced_accuracy: 0.5452 (0.5282)  f1_weighted: 0.6232 (0.5425)  time: 0.0631  data: 0.0002  max mem: 5415
Passive Test:  [   800/?]  eta: ?  loss: 1.5264 (2.1813)  accuracy: 0.5781 (0.5268)  balanced_accuracy: 0.4519 (0.5280)  f1_weighted: 0.6232 (0.5428)  time: 0.0637  data: 0.0002  max mem: 5415
Passive Test:  [   810/?]  eta: ?  loss: 1.7891 (2.1780)  accuracy: 0.5156 (0.5269)  balanced_accuracy: 0.4382 (0.5275)  f1_weighted: 0.5671 (0.5430)  time: 0.0659  data: 0.0003  max mem: 5415
Passive Test:  [   820/?]  eta: ?  loss: 1.7891 (2.1734)  accuracy: 0.5000 (0.5271)  balanced_accuracy: 0.4017 (0.5271)  f1_weighted: 0.5491 (0.5432)  time: 0.0661  data: 0.0003  max mem: 5415
Passive Test:  [   830/?]  eta: ?  loss: 1.9169 (2.1728)  accuracy: 0.4219 (0.5266)  balanced_accuracy: 0.3793 (0.5259)  f1_weighted: 0.4477 (0.5426)  time: 0.0645  data: 0.0003  max mem: 5415
Passive Test:  [   840/?]  eta: ?  loss: 2.4814 (2.1714)  accuracy: 0.4531 (0.5270)  balanced_accuracy: 0.3790 (0.5254)  f1_weighted: 0.4477 (0.5429)  time: 0.0708  data: 0.0003  max mem: 5415
Passive Test:  [   850/?]  eta: ?  loss: 2.2156 (2.1720)  accuracy: 0.4844 (0.5269)  balanced_accuracy: 0.3816 (0.5243)  f1_weighted: 0.4674 (0.5424)  time: 0.0715  data: 0.0003  max mem: 5415
Passive Test:  [   860/?]  eta: ?  loss: 2.2156 (2.1681)  accuracy: 0.5312 (0.5278)  balanced_accuracy: 0.3761 (0.5243)  f1_weighted: 0.5068 (0.5431)  time: 0.0650  data: 0.0003  max mem: 5415
Passive Test:  [   870/?]  eta: ?  loss: 1.6408 (2.1619)  accuracy: 0.5625 (0.5288)  balanced_accuracy: 0.4658 (0.5242)  f1_weighted: 0.5489 (0.5438)  time: 0.0656  data: 0.0003  max mem: 5415
Passive Test:  [   880/?]  eta: ?  loss: 1.4749 (2.1571)  accuracy: 0.5781 (0.5300)  balanced_accuracy: 0.4658 (0.5244)  f1_weighted: 0.5706 (0.5445)  time: 0.0646  data: 0.0002  max mem: 5415
Passive Test:  [   890/?]  eta: ?  loss: 1.6944 (2.1543)  accuracy: 0.5781 (0.5305)  balanced_accuracy: 0.3761 (0.5240)  f1_weighted: 0.5706 (0.5450)  time: 0.0638  data: 0.0003  max mem: 5415
Passive Test:  [   900/?]  eta: ?  loss: 1.7370 (2.1526)  accuracy: 0.5312 (0.5308)  balanced_accuracy: 0.4585 (0.5232)  f1_weighted: 0.5362 (0.5449)  time: 0.0628  data: 0.0003  max mem: 5415
Passive Test:  [   910/?]  eta: ?  loss: 2.0540 (2.1509)  accuracy: 0.5938 (0.5317)  balanced_accuracy: 0.5107 (0.5231)  f1_weighted: 0.5408 (0.5456)  time: 0.0722  data: 0.0003  max mem: 5415
Passive Test:  [   920/?]  eta: ?  loss: 1.9631 (2.1491)  accuracy: 0.5625 (0.5319)  balanced_accuracy: 0.4594 (0.5227)  f1_weighted: 0.5397 (0.5457)  time: 0.0765  data: 0.0003  max mem: 5415
Passive Test:  [   930/?]  eta: ?  loss: 2.0188 (2.1470)  accuracy: 0.5000 (0.5323)  balanced_accuracy: 0.4252 (0.5224)  f1_weighted: 0.5040 (0.5459)  time: 0.0679  data: 0.0003  max mem: 5415
Passive Test:  [   940/?]  eta: ?  loss: 2.0188 (2.1441)  accuracy: 0.5156 (0.5329)  balanced_accuracy: 0.4431 (0.5224)  f1_weighted: 0.5111 (0.5463)  time: 0.0735  data: 0.0003  max mem: 5415
Passive Test:  [   950/?]  eta: ?  loss: 1.5632 (2.1424)  accuracy: 0.5312 (0.5334)  balanced_accuracy: 0.4944 (0.5227)  f1_weighted: 0.5419 (0.5467)  time: 0.0873  data: 0.0003  max mem: 5415
Passive Test:  [   960/?]  eta: ?  loss: 1.9428 (2.1420)  accuracy: 0.5469 (0.5337)  balanced_accuracy: 0.5256 (0.5231)  f1_weighted: 0.5625 (0.5468)  time: 0.0806  data: 0.0003  max mem: 5415
Passive Test:  [   970/?]  eta: ?  loss: 2.3913 (2.1469)  accuracy: 0.5469 (0.5338)  balanced_accuracy: 0.5043 (0.5231)  f1_weighted: 0.5464 (0.5468)  time: 0.0649  data: 0.0003  max mem: 5415
Passive Test:  [   980/?]  eta: ?  loss: 3.1168 (2.1597)  accuracy: 0.5156 (0.5330)  balanced_accuracy: 0.4919 (0.5224)  f1_weighted: 0.5000 (0.5458)  time: 0.0618  data: 0.0002  max mem: 5415
Passive Test:  [   990/?]  eta: ?  loss: 3.3104 (2.1720)  accuracy: 0.4219 (0.5318)  balanced_accuracy: 0.4701 (0.5214)  f1_weighted: 0.4207 (0.5445)  time: 0.0630  data: 0.0003  max mem: 5415
Passive Test:  [  1000/?]  eta: ?  loss: 3.0786 (2.1816)  accuracy: 0.4375 (0.5312)  balanced_accuracy: 0.4413 (0.5209)  f1_weighted: 0.4519 (0.5438)  time: 0.0656  data: 0.0003  max mem: 5415
Passive Test:  [  1010/?]  eta: ?  loss: 2.9924 (2.1898)  accuracy: 0.4375 (0.5298)  balanced_accuracy: 0.4274 (0.5195)  f1_weighted: 0.4519 (0.5424)  time: 0.0667  data: 0.0003  max mem: 5415
Passive Test:  [  1020/?]  eta: ?  loss: 3.1943 (2.2009)  accuracy: 0.4062 (0.5284)  balanced_accuracy: 0.3792 (0.5179)  f1_weighted: 0.3968 (0.5410)  time: 0.0650  data: 0.0002  max mem: 5415
Passive Test:  [  1030/?]  eta: ?  loss: 3.4061 (2.2151)  accuracy: 0.3750 (0.5270)  balanced_accuracy: 0.3350 (0.5164)  f1_weighted: 0.3706 (0.5395)  time: 0.0623  data: 0.0002  max mem: 5415
Passive Test:  [  1040/?]  eta: ?  loss: 3.8539 (2.2313)  accuracy: 0.3594 (0.5252)  balanced_accuracy: 0.3419 (0.5149)  f1_weighted: 0.3596 (0.5376)  time: 0.0626  data: 0.0002  max mem: 5415
Passive Test:  [  1050/?]  eta: ?  loss: 3.7934 (2.2443)  accuracy: 0.4531 (0.5249)  balanced_accuracy: 0.4484 (0.5144)  f1_weighted: 0.4691 (0.5372)  time: 0.0648  data: 0.0003  max mem: 5415
Passive Test:  [  1060/?]  eta: ?  loss: 3.7934 (2.2568)  accuracy: 0.5156 (0.5238)  balanced_accuracy: 0.4845 (0.5135)  f1_weighted: 0.5129 (0.5360)  time: 0.0638  data: 0.0003  max mem: 5415
Passive Test:  [  1070/?]  eta: ?  loss: 3.4294 (2.2668)  accuracy: 0.5000 (0.5233)  balanced_accuracy: 0.4872 (0.5130)  f1_weighted: 0.4938 (0.5356)  time: 0.0619  data: 0.0002  max mem: 5415
Passive Test:  [  1080/?]  eta: ?  loss: 3.4457 (2.2812)  accuracy: 0.5000 (0.5222)  balanced_accuracy: 0.4872 (0.5121)  f1_weighted: 0.5064 (0.5344)  time: 0.0626  data: 0.0003  max mem: 5415
Passive Test:  [  1090/?]  eta: ?  loss: 3.6772 (2.2983)  accuracy: 0.2812 (0.5209)  balanced_accuracy: 0.2846 (0.5109)  f1_weighted: 0.2515 (0.5331)  time: 0.0628  data: 0.0002  max mem: 5415
Passive Test:  [  1100/?]  eta: ?  loss: 3.6772 (2.3146)  accuracy: 0.3750 (0.5191)  balanced_accuracy: 0.3826 (0.5092)  f1_weighted: 0.3973 (0.5315)  time: 0.0685  data: 0.0002  max mem: 5415
Passive Test:  [  1110/?]  eta: ?  loss: 4.2145 (2.3359)  accuracy: 0.3125 (0.5170)  balanced_accuracy: 0.3239 (0.5073)  f1_weighted: 0.3028 (0.5292)  time: 0.0677  data: 0.0002  max mem: 5415
Passive Test:  [  1120/?]  eta: ?  loss: 3.8486 (2.3461)  accuracy: 0.3438 (0.5155)  balanced_accuracy: 0.3210 (0.5058)  f1_weighted: 0.3000 (0.5276)  time: 0.0597  data: 0.0002  max mem: 5415
Passive Test:  [  1130/?]  eta: ?  loss: 3.3352 (2.3578)  accuracy: 0.3594 (0.5146)  balanced_accuracy: 0.3600 (0.5047)  f1_weighted: 0.3454 (0.5264)  time: 0.0622  data: 0.0002  max mem: 5415
Passive Test:  [  1140/?]  eta: ?  loss: 3.1176 (2.3627)  accuracy: 0.4219 (0.5140)  balanced_accuracy: 0.3933 (0.5041)  f1_weighted: 0.4042 (0.5257)  time: 0.0658  data: 0.0003  max mem: 5415
Passive Test:  [  1150/?]  eta: ?  loss: 2.9398 (2.3678)  accuracy: 0.4844 (0.5141)  balanced_accuracy: 0.4487 (0.5037)  f1_weighted: 0.4755 (0.5255)  time: 0.0645  data: 0.0003  max mem: 5415
Passive Test:  [  1160/?]  eta: ?  loss: 2.6033 (2.3718)  accuracy: 0.5312 (0.5140)  balanced_accuracy: 0.4662 (0.5036)  f1_weighted: 0.4904 (0.5255)  time: 0.0612  data: 0.0003  max mem: 5415
Passive Test:  [  1170/?]  eta: ?  loss: 2.6033 (2.3761)  accuracy: 0.4844 (0.5139)  balanced_accuracy: 0.4595 (0.5033)  f1_weighted: 0.5060 (0.5255)  time: 0.0597  data: 0.0002  max mem: 5415
Passive Test:  [  1180/?]  eta: ?  loss: 3.0901 (2.3872)  accuracy: 0.4844 (0.5134)  balanced_accuracy: 0.4565 (0.5028)  f1_weighted: 0.5011 (0.5251)  time: 0.0591  data: 0.0002  max mem: 5415
Passive Test:  [  1190/?]  eta: ?  loss: 3.6885 (2.3996)  accuracy: 0.4531 (0.5129)  balanced_accuracy: 0.4130 (0.5019)  f1_weighted: 0.5098 (0.5249)  time: 0.0556  data: 0.0002  max mem: 5415
Passive Test:  [  1200/?]  eta: ?  loss: 4.1001 (2.4142)  accuracy: 0.4531 (0.5115)  balanced_accuracy: 0.2949 (0.5003)  f1_weighted: 0.4970 (0.5237)  time: 0.0571  data: 0.0002  max mem: 5415
Passive Test:  [  1210/?]  eta: ?  loss: 4.2689 (2.4309)  accuracy: 0.3750 (0.5101)  balanced_accuracy: 0.2745 (0.4986)  f1_weighted: 0.3369 (0.5226)  time: 0.0614  data: 0.0003  max mem: 5415
Passive Test:  [  1220/?]  eta: ?  loss: 4.2971 (2.4446)  accuracy: 0.3438 (0.5090)  balanced_accuracy: 0.2851 (0.4978)  f1_weighted: 0.4031 (0.5217)  time: 0.0633  data: 0.0003  max mem: 5415
Passive Test:  [  1230/?]  eta: ?  loss: 3.9046 (2.4525)  accuracy: 0.4688 (0.5087)  balanced_accuracy: 0.4605 (0.4976)  f1_weighted: 0.4790 (0.5214)  time: 0.0622  data: 0.0003  max mem: 5415
Passive Test:  [  1240/?]  eta: ?  loss: 3.4199 (2.4593)  accuracy: 0.4531 (0.5082)  balanced_accuracy: 0.4487 (0.4974)  f1_weighted: 0.4652 (0.5210)  time: 0.0604  data: 0.0003  max mem: 5415
Passive Test:  [  1250/?]  eta: ?  loss: 3.3854 (2.4698)  accuracy: 0.4062 (0.5076)  balanced_accuracy: 0.4150 (0.4969)  f1_weighted: 0.4246 (0.5203)  time: 0.0616  data: 0.0003  max mem: 5415
Passive Test:  [  1260/?]  eta: ?  loss: 3.3854 (2.4758)  accuracy: 0.4219 (0.5074)  balanced_accuracy: 0.4089 (0.4968)  f1_weighted: 0.4470 (0.5202)  time: 0.0627  data: 0.0003  max mem: 5415
Passive Test:  [  1270/?]  eta: ?  loss: 2.5795 (2.4828)  accuracy: 0.4688 (0.5072)  balanced_accuracy: 0.4089 (0.4964)  f1_weighted: 0.4481 (0.5198)  time: 0.0624  data: 0.0003  max mem: 5415
Passive Test:  [  1280/?]  eta: ?  loss: 2.4835 (2.4822)  accuracy: 0.4688 (0.5071)  balanced_accuracy: 0.4696 (0.4963)  f1_weighted: 0.4777 (0.5196)  time: 0.0577  data: 0.0002  max mem: 5415
Passive Test:  [  1290/?]  eta: ?  loss: 2.5741 (2.4874)  accuracy: 0.4531 (0.5066)  balanced_accuracy: 0.4333 (0.4958)  f1_weighted: 0.4396 (0.5189)  time: 0.0579  data: 0.0002  max mem: 5415
Passive Test:  [  1300/?]  eta: ?  loss: 2.9189 (2.4909)  accuracy: 0.4531 (0.5060)  balanced_accuracy: 0.4087 (0.4954)  f1_weighted: 0.4382 (0.5183)  time: 0.0589  data: 0.0002  max mem: 5415
Passive Test:  [  1310/?]  eta: ?  loss: 2.7623 (2.4932)  accuracy: 0.4531 (0.5060)  balanced_accuracy: 0.4626 (0.4955)  f1_weighted: 0.4475 (0.5180)  time: 0.0661  data: 0.0002  max mem: 5415
Passive Test:  [  1320/?]  eta: ?  loss: 2.5000 (2.4942)  accuracy: 0.5156 (0.5060)  balanced_accuracy: 0.4697 (0.4955)  f1_weighted: 0.4744 (0.5178)  time: 0.0688  data: 0.0003  max mem: 5415
Passive Test:  [  1330/?]  eta: ?  loss: 2.4067 (2.4953)  accuracy: 0.5156 (0.5060)  balanced_accuracy: 0.4838 (0.4956)  f1_weighted: 0.4810 (0.5178)  time: 0.0617  data: 0.0003  max mem: 5415
Passive Test:  [  1340/?]  eta: ?  loss: 1.9745 (2.4909)  accuracy: 0.5625 (0.5065)  balanced_accuracy: 0.5446 (0.4962)  f1_weighted: 0.5325 (0.5182)  time: 0.0669  data: 0.0003  max mem: 5415
Passive Test:  [  1350/?]  eta: ?  loss: 1.7590 (2.4872)  accuracy: 0.5781 (0.5070)  balanced_accuracy: 0.5990 (0.4968)  f1_weighted: 0.5897 (0.5186)  time: 0.0685  data: 0.0003  max mem: 5415
Passive Test:  [  1360/?]  eta: ?  loss: 1.7913 (2.4826)  accuracy: 0.5625 (0.5072)  balanced_accuracy: 0.5897 (0.4972)  f1_weighted: 0.5570 (0.5186)  time: 0.0623  data: 0.0003  max mem: 5415
Passive Test:  [  1370/?]  eta: ?  loss: 1.8573 (2.4791)  accuracy: 0.5469 (0.5076)  balanced_accuracy: 0.5769 (0.4979)  f1_weighted: 0.5519 (0.5191)  time: 0.0658  data: 0.0003  max mem: 5415
Passive Test:  [  1380/?]  eta: ?  loss: 2.0965 (2.4759)  accuracy: 0.5312 (0.5079)  balanced_accuracy: 0.5456 (0.4983)  f1_weighted: 0.5562 (0.5193)  time: 0.0664  data: 0.0003  max mem: 5415
Passive Test:  [  1390/?]  eta: ?  loss: 2.1151 (2.4737)  accuracy: 0.5781 (0.5083)  balanced_accuracy: 0.5358 (0.4984)  f1_weighted: 0.5754 (0.5198)  time: 0.0620  data: 0.0003  max mem: 5415
Passive Test:  [  1400/?]  eta: ?  loss: 1.9548 (2.4695)  accuracy: 0.6094 (0.5087)  balanced_accuracy: 0.5067 (0.4989)  f1_weighted: 0.6069 (0.5203)  time: 0.0632  data: 0.0003  max mem: 5415
Passive Test:  [  1410/?]  eta: ?  loss: 1.7937 (2.4663)  accuracy: 0.6250 (0.5093)  balanced_accuracy: 0.5445 (0.4993)  f1_weighted: 0.6417 (0.5209)  time: 0.0713  data: 0.0003  max mem: 5415
Passive Test:  [  1420/?]  eta: ?  loss: 1.8007 (2.4664)  accuracy: 0.6094 (0.5094)  balanced_accuracy: 0.5452 (0.4995)  f1_weighted: 0.6544 (0.5211)  time: 0.0784  data: 0.0003  max mem: 5415
Passive Test:  [  1430/?]  eta: ?  loss: 1.9392 (2.4650)  accuracy: 0.5938 (0.5097)  balanced_accuracy: 0.4838 (0.4999)  f1_weighted: 0.6254 (0.5214)  time: 0.0709  data: 0.0003  max mem: 5415
Passive Test:  [  1440/?]  eta: ?  loss: 1.6523 (2.4637)  accuracy: 0.5781 (0.5101)  balanced_accuracy: 0.5303 (0.5004)  f1_weighted: 0.6213 (0.5219)  time: 0.0611  data: 0.0002  max mem: 5415
Passive Test:  [  1450/?]  eta: ?  loss: 1.5203 (2.4601)  accuracy: 0.5781 (0.5104)  balanced_accuracy: 0.5466 (0.5010)  f1_weighted: 0.6282 (0.5224)  time: 0.0590  data: 0.0002  max mem: 5415
Passive Test:  [  1460/?]  eta: ?  loss: 1.7959 (2.4594)  accuracy: 0.5156 (0.5105)  balanced_accuracy: 0.5317 (0.5014)  f1_weighted: 0.5500 (0.5225)  time: 0.0620  data: 0.0003  max mem: 5415
Passive Test:  [  1470/?]  eta: ?  loss: 1.7959 (2.4573)  accuracy: 0.4688 (0.5107)  balanced_accuracy: 0.5304 (0.5019)  f1_weighted: 0.5323 (0.5228)  time: 0.0610  data: 0.0003  max mem: 5415
Passive Test:  [  1480/?]  eta: ?  loss: 1.6180 (2.4590)  accuracy: 0.4531 (0.5107)  balanced_accuracy: 0.5921 (0.5026)  f1_weighted: 0.5031 (0.5227)  time: 0.0602  data: 0.0003  max mem: 5415
Passive Test:  [  1490/?]  eta: ?  loss: 3.7680 (2.4616)  accuracy: 0.4844 (0.5106)  balanced_accuracy: 0.5677 (0.5030)  f1_weighted: 0.4838 (0.5225)  time: 0.0609  data: 0.0003  max mem: 5415
Passive Test:  [  1500/?]  eta: ?  loss: 3.5718 (2.4657)  accuracy: 0.4062 (0.5101)  balanced_accuracy: 0.5062 (0.5029)  f1_weighted: 0.4335 (0.5217)  time: 0.0612  data: 0.0002  max mem: 5415
Passive Test:  [  1510/?]  eta: ?  loss: 1.9210 (2.4671)  accuracy: 0.4062 (0.5101)  balanced_accuracy: 0.5062 (0.5031)  f1_weighted: 0.3290 (0.5216)  time: 0.0614  data: 0.0002  max mem: 5415
Passive Test:  [  1520/?]  eta: ?  loss: 2.0505 (2.4726)  accuracy: 0.3750 (0.5096)  balanced_accuracy: 0.4277 (0.5028)  f1_weighted: 0.3260 (0.5211)  time: 0.0617  data: 0.0002  max mem: 5415
Passive Test:  [  1530/?]  eta: ?  loss: 2.0505 (2.4727)  accuracy: 0.3594 (0.5097)  balanced_accuracy: 0.4042 (0.5031)  f1_weighted: 0.3084 (0.5211)  time: 0.0598  data: 0.0002  max mem: 5415
Passive Test:  [  1540/?]  eta: ?  loss: 2.0496 (2.4750)  accuracy: 0.4375 (0.5096)  balanced_accuracy: 0.4887 (0.5033)  f1_weighted: 0.4253 (0.5209)  time: 0.0653  data: 0.0002  max mem: 5415
Passive Test:  [  1550/?]  eta: ?  loss: 1.6823 (2.4740)  accuracy: 0.4375 (0.5098)  balanced_accuracy: 0.5190 (0.5036)  f1_weighted: 0.4253 (0.5211)  time: 0.0662  data: 0.0002  max mem: 5415
Passive Test:  [  1560/?]  eta: ?  loss: 2.2223 (2.4757)  accuracy: 0.5000 (0.5097)  balanced_accuracy: 0.5190 (0.5034)  f1_weighted: 0.5008 (0.5208)  time: 0.0605  data: 0.0002  max mem: 5415
Passive Test:  [  1570/?]  eta: ?  loss: 2.3513 (2.4746)  accuracy: 0.5000 (0.5097)  balanced_accuracy: 0.4514 (0.5033)  f1_weighted: 0.5058 (0.5209)  time: 0.0605  data: 0.0003  max mem: 5415
Passive Test:  [  1580/?]  eta: ?  loss: 2.3148 (2.4733)  accuracy: 0.5000 (0.5097)  balanced_accuracy: 0.4810 (0.5035)  f1_weighted: 0.5243 (0.5209)  time: 0.0596  data: 0.0002  max mem: 5415
Passive Test:  [  1590/?]  eta: ?  loss: 2.3479 (2.4741)  accuracy: 0.4844 (0.5096)  balanced_accuracy: 0.5123 (0.5036)  f1_weighted: 0.4813 (0.5206)  time: 0.0627  data: 0.0003  max mem: 5415
Passive Test:  [  1600/?]  eta: ?  loss: 2.7463 (2.4759)  accuracy: 0.4531 (0.5093)  balanced_accuracy: 0.4686 (0.5033)  f1_weighted: 0.4334 (0.5201)  time: 0.0634  data: 0.0003  max mem: 5415
Passive Test:  [  1610/?]  eta: ?  loss: 2.5214 (2.4759)  accuracy: 0.4844 (0.5092)  balanced_accuracy: 0.4472 (0.5032)  f1_weighted: 0.4504 (0.5199)  time: 0.0604  data: 0.0002  max mem: 5415
Passive Test:  [  1620/?]  eta: ?  loss: 2.4884 (2.4763)  accuracy: 0.4844 (0.5091)  balanced_accuracy: 0.4534 (0.5030)  f1_weighted: 0.4800 (0.5199)  time: 0.0595  data: 0.0002  max mem: 5415
Passive Test:  [  1630/?]  eta: ?  loss: 2.7260 (2.4762)  accuracy: 0.4688 (0.5089)  balanced_accuracy: 0.4579 (0.5028)  f1_weighted: 0.5243 (0.5197)  time: 0.0591  data: 0.0002  max mem: 5415
Passive Test:  [  1640/?]  eta: ?  loss: 2.6675 (2.4748)  accuracy: 0.4688 (0.5089)  balanced_accuracy: 0.4686 (0.5027)  f1_weighted: 0.5345 (0.5199)  time: 0.0647  data: 0.0003  max mem: 5415
Passive Test:  [  1650/?]  eta: ?  loss: 2.6675 (2.4761)  accuracy: 0.4531 (0.5085)  balanced_accuracy: 0.4509 (0.5023)  f1_weighted: 0.4772 (0.5196)  time: 0.0657  data: 0.0003  max mem: 5415
Passive Test:  [  1660/?]  eta: ?  loss: 2.8261 (2.4788)  accuracy: 0.3906 (0.5078)  balanced_accuracy: 0.3795 (0.5015)  f1_weighted: 0.4342 (0.5191)  time: 0.0587  data: 0.0002  max mem: 5415
Passive Test:  [  1670/?]  eta: ?  loss: 2.8261 (2.4789)  accuracy: 0.3906 (0.5074)  balanced_accuracy: 0.3917 (0.5011)  f1_weighted: 0.4442 (0.5188)  time: 0.0594  data: 0.0002  max mem: 5415
Passive Test:  [  1680/?]  eta: ?  loss: 2.6707 (2.4804)  accuracy: 0.3906 (0.5066)  balanced_accuracy: 0.3995 (0.5005)  f1_weighted: 0.4193 (0.5183)  time: 0.0606  data: 0.0002  max mem: 5415
Passive Test:  [  1690/?]  eta: ?  loss: 2.5400 (2.4798)  accuracy: 0.3906 (0.5062)  balanced_accuracy: 0.3923 (0.5002)  f1_weighted: 0.4238 (0.5180)  time: 0.0604  data: 0.0003  max mem: 5415
Passive Test:  [  1700/?]  eta: ?  loss: 2.2814 (2.4792)  accuracy: 0.3750 (0.5058)  balanced_accuracy: 0.3826 (0.4998)  f1_weighted: 0.4349 (0.5179)  time: 0.0610  data: 0.0003  max mem: 5415
Passive Test:  [  1710/?]  eta: ?  loss: 1.4925 (2.4747)  accuracy: 0.4219 (0.5058)  balanced_accuracy: 0.4395 (0.5000)  f1_weighted: 0.4723 (0.5182)  time: 0.0587  data: 0.0002  max mem: 5415
Passive Test:  [  1720/?]  eta: ?  loss: 1.2209 (2.4683)  accuracy: 0.5938 (0.5064)  balanced_accuracy: 0.6123 (0.5007)  f1_weighted: 0.6226 (0.5190)  time: 0.0601  data: 0.0003  max mem: 5415
Passive Test:  [  1730/?]  eta: ?  loss: 1.3531 (2.4650)  accuracy: 0.5156 (0.5066)  balanced_accuracy: 0.5617 (0.5010)  f1_weighted: 0.6226 (0.5193)  time: 0.0656  data: 0.0003  max mem: 5415
Passive Test:  [  1740/?]  eta: ?  loss: 2.2436 (2.4638)  accuracy: 0.4844 (0.5067)  balanced_accuracy: 0.4969 (0.5011)  f1_weighted: 0.5050 (0.5194)  time: 0.0664  data: 0.0003  max mem: 5415
Passive Test:  [  1750/?]  eta: ?  loss: 2.2436 (2.4616)  accuracy: 0.4531 (0.5065)  balanced_accuracy: 0.5010 (0.5011)  f1_weighted: 0.5050 (0.5193)  time: 0.0648  data: 0.0003  max mem: 5415
Passive Test:  [  1760/?]  eta: ?  loss: 1.8493 (2.4597)  accuracy: 0.4688 (0.5066)  balanced_accuracy: 0.4697 (0.5013)  f1_weighted: 0.5228 (0.5195)  time: 0.0638  data: 0.0003  max mem: 5415
Passive Test:  [  1770/?]  eta: ?  loss: 1.8233 (2.4554)  accuracy: 0.5156 (0.5067)  balanced_accuracy: 0.5108 (0.5018)  f1_weighted: 0.5677 (0.5195)  time: 0.0631  data: 0.0003  max mem: 5415
Passive Test:  [  1780/?]  eta: ?  loss: 1.7549 (2.4527)  accuracy: 0.5156 (0.5066)  balanced_accuracy: 0.4906 (0.5017)  f1_weighted: 0.5231 (0.5195)  time: 0.0727  data: 0.0003  max mem: 5415
Passive Test:  [  1790/?]  eta: ?  loss: 1.7549 (2.4488)  accuracy: 0.5156 (0.5067)  balanced_accuracy: 0.4615 (0.5020)  f1_weighted: 0.5231 (0.5196)  time: 0.0744  data: 0.0003  max mem: 5415
Passive Test:  [  1800/?]  eta: ?  loss: 1.6598 (2.4457)  accuracy: 0.5156 (0.5068)  balanced_accuracy: 0.4805 (0.5021)  f1_weighted: 0.5343 (0.5197)  time: 0.0646  data: 0.0003  max mem: 5415
Passive Test:  [  1810/?]  eta: ?  loss: 1.9661 (2.4437)  accuracy: 0.5000 (0.5067)  balanced_accuracy: 0.4872 (0.5022)  f1_weighted: 0.5166 (0.5196)  time: 0.0705  data: 0.0003  max mem: 5415
Passive Test:  [  1820/?]  eta: ?  loss: 1.9661 (2.4414)  accuracy: 0.5000 (0.5067)  balanced_accuracy: 0.4959 (0.5023)  f1_weighted: 0.5326 (0.5197)  time: 0.0682  data: 0.0003  max mem: 5415
Passive Test:  [  1830/?]  eta: ?  loss: 2.1335 (2.4425)  accuracy: 0.4844 (0.5063)  balanced_accuracy: 0.4818 (0.5020)  f1_weighted: 0.4630 (0.5191)  time: 0.0594  data: 0.0003  max mem: 5415
Passive Test:  [  1840/?]  eta: ?  loss: 2.8437 (2.4442)  accuracy: 0.4375 (0.5060)  balanced_accuracy: 0.4444 (0.5016)  f1_weighted: 0.4557 (0.5189)  time: 0.0668  data: 0.0002  max mem: 5415
Passive Test:  [  1850/?]  eta: ?  loss: 2.6297 (2.4453)  accuracy: 0.4531 (0.5057)  balanced_accuracy: 0.4164 (0.5014)  f1_weighted: 0.4499 (0.5187)  time: 0.0684  data: 0.0003  max mem: 5415
Passive Test:  [  1860/?]  eta: ?  loss: 2.7013 (2.4451)  accuracy: 0.4531 (0.5055)  balanced_accuracy: 0.4282 (0.5011)  f1_weighted: 0.4354 (0.5186)  time: 0.0632  data: 0.0003  max mem: 5415
Passive Test:  [  1870/?]  eta: ?  loss: 2.4010 (2.4443)  accuracy: 0.4531 (0.5053)  balanced_accuracy: 0.4433 (0.5011)  f1_weighted: 0.4498 (0.5183)  time: 0.0627  data: 0.0003  max mem: 5415
Passive Test:  [  1880/?]  eta: ?  loss: 2.4010 (2.4450)  accuracy: 0.3906 (0.5048)  balanced_accuracy: 0.4251 (0.5005)  f1_weighted: 0.4462 (0.5178)  time: 0.0692  data: 0.0003  max mem: 5415
Passive Test:  [  1890/?]  eta: ?  loss: 2.5130 (2.4446)  accuracy: 0.3906 (0.5047)  balanced_accuracy: 0.3672 (0.5003)  f1_weighted: 0.4121 (0.5176)  time: 0.0695  data: 0.0003  max mem: 5415
Passive Test:  [  1900/?]  eta: ?  loss: 2.4262 (2.4441)  accuracy: 0.4062 (0.5046)  balanced_accuracy: 0.3723 (0.5001)  f1_weighted: 0.4391 (0.5174)  time: 0.0694  data: 0.0003  max mem: 5415
Passive Test:  [  1910/?]  eta: ?  loss: 2.4072 (2.4448)  accuracy: 0.4062 (0.5045)  balanced_accuracy: 0.4318 (0.4999)  f1_weighted: 0.4756 (0.5173)  time: 0.0683  data: 0.0003  max mem: 5415
Passive Test:  [  1920/?]  eta: ?  loss: 2.3943 (2.4439)  accuracy: 0.4531 (0.5045)  balanced_accuracy: 0.3877 (0.4998)  f1_weighted: 0.4844 (0.5172)  time: 0.0618  data: 0.0003  max mem: 5415
Passive Test:  [  1930/?]  eta: ?  loss: 2.5292 (2.4456)  accuracy: 0.5000 (0.5046)  balanced_accuracy: 0.4722 (0.4998)  f1_weighted: 0.5137 (0.5173)  time: 0.0629  data: 0.0003  max mem: 5415
Passive Test:  [  1940/?]  eta: ?  loss: 3.1586 (2.4506)  accuracy: 0.4688 (0.5043)  balanced_accuracy: 0.4402 (0.4995)  f1_weighted: 0.4930 (0.5171)  time: 0.0626  data: 0.0003  max mem: 5415
Passive Test:  [  1950/?]  eta: ?  loss: 3.5780 (2.4585)  accuracy: 0.4531 (0.5040)  balanced_accuracy: 0.4087 (0.4990)  f1_weighted: 0.4757 (0.5169)  time: 0.0629  data: 0.0003  max mem: 5415
Passive Test:  [  1960/?]  eta: ?  loss: 3.7740 (2.4675)  accuracy: 0.4062 (0.5034)  balanced_accuracy: 0.3528 (0.4985)  f1_weighted: 0.4489 (0.5165)  time: 0.0665  data: 0.0003  max mem: 5415
Passive Test:  [  1970/?]  eta: ?  loss: 3.9843 (2.4754)  accuracy: 0.3906 (0.5030)  balanced_accuracy: 0.3503 (0.4981)  f1_weighted: 0.4194 (0.5162)  time: 0.0635  data: 0.0002  max mem: 5415
Passive Test:  [  1980/?]  eta: ?  loss: 2.7274 (2.4780)  accuracy: 0.4531 (0.5028)  balanced_accuracy: 0.4541 (0.4980)  f1_weighted: 0.4908 (0.5162)  time: 0.0572  data: 0.0002  max mem: 5415
Passive Test:  [  1990/?]  eta: ?  loss: 2.4696 (2.4814)  accuracy: 0.4531 (0.5025)  balanced_accuracy: 0.4549 (0.4975)  f1_weighted: 0.5386 (0.5160)  time: 0.0594  data: 0.0002  max mem: 5415
Passive Test:  [  2000/?]  eta: ?  loss: 1.6625 (2.4807)  accuracy: 0.4531 (0.5026)  balanced_accuracy: 0.4316 (0.4975)  f1_weighted: 0.4925 (0.5163)  time: 0.0625  data: 0.0003  max mem: 5415
Passive Test:  [  2010/?]  eta: ?  loss: 1.7896 (2.4789)  accuracy: 0.4531 (0.5026)  balanced_accuracy: 0.4379 (0.4975)  f1_weighted: 0.4919 (0.5165)  time: 0.0622  data: 0.0003  max mem: 5415
Passive Test:  [  2020/?]  eta: ?  loss: 1.7896 (2.4762)  accuracy: 0.4531 (0.5028)  balanced_accuracy: 0.5037 (0.4978)  f1_weighted: 0.5061 (0.5168)  time: 0.0721  data: 0.0003  max mem: 5415
Passive Test:  [  2030/?]  eta: ?  loss: 1.8098 (2.4725)  accuracy: 0.5156 (0.5032)  balanced_accuracy: 0.5486 (0.4984)  f1_weighted: 0.6133 (0.5172)  time: 0.0688  data: 0.0002  max mem: 5415
Passive Test:  [  2040/?]  eta: ?  loss: 1.8135 (2.4716)  accuracy: 0.5156 (0.5031)  balanced_accuracy: 0.5556 (0.4985)  f1_weighted: 0.5597 (0.5173)  time: 0.0584  data: 0.0002  max mem: 5415
Passive Test:  [  2050/?]  eta: ?  loss: 1.6821 (2.4693)  accuracy: 0.4688 (0.5030)  balanced_accuracy: 0.5338 (0.4986)  f1_weighted: 0.4837 (0.5173)  time: 0.0621  data: 0.0003  max mem: 5415
Passive Test:  [  2060/?]  eta: ?  loss: 1.6821 (2.4699)  accuracy: 0.4688 (0.5025)  balanced_accuracy: 0.4892 (0.4984)  f1_weighted: 0.4638 (0.5169)  time: 0.0603  data: 0.0002  max mem: 5415
Passive Test:  [  2070/?]  eta: ?  loss: 2.0145 (2.4680)  accuracy: 0.4219 (0.5021)  balanced_accuracy: 0.4826 (0.4983)  f1_weighted: 0.4618 (0.5167)  time: 0.0605  data: 0.0003  max mem: 5415
Passive Test:  [  2080/?]  eta: ?  loss: 1.8348 (2.4652)  accuracy: 0.4688 (0.5018)  balanced_accuracy: 0.4637 (0.4980)  f1_weighted: 0.4800 (0.5166)  time: 0.0611  data: 0.0003  max mem: 5415
Passive Test:  [  2090/?]  eta: ?  loss: 1.8280 (2.4621)  accuracy: 0.4844 (0.5018)  balanced_accuracy: 0.4626 (0.4980)  f1_weighted: 0.5001 (0.5168)  time: 0.0603  data: 0.0002  max mem: 5415
Passive Test:  [  2100/?]  eta: ?  loss: 1.8280 (2.4602)  accuracy: 0.5000 (0.5018)  balanced_accuracy: 0.4626 (0.4980)  f1_weighted: 0.5191 (0.5170)  time: 0.0570  data: 0.0002  max mem: 5415
Passive Test:  [  2110/?]  eta: ?  loss: 1.8495 (2.4584)  accuracy: 0.5312 (0.5019)  balanced_accuracy: 0.5324 (0.4981)  f1_weighted: 0.5511 (0.5173)  time: 0.0573  data: 0.0002  max mem: 5415
Passive Test:  [  2120/?]  eta: ?  loss: 2.0282 (2.4562)  accuracy: 0.5312 (0.5020)  balanced_accuracy: 0.5324 (0.4980)  f1_weighted: 0.5841 (0.5176)  time: 0.0616  data: 0.0003  max mem: 5415
Passive Test:  [  2130/?]  eta: ?  loss: 1.6821 (2.4526)  accuracy: 0.5781 (0.5023)  balanced_accuracy: 0.5533 (0.4983)  f1_weighted: 0.6178 (0.5181)  time: 0.0625  data: 0.0003  max mem: 5415
Passive Test:  [  2140/?]  eta: ?  loss: 2.2044 (2.4544)  accuracy: 0.5312 (0.5020)  balanced_accuracy: 0.5292 (0.4980)  f1_weighted: 0.6082 (0.5180)  time: 0.0620  data: 0.0003  max mem: 5415
Passive Test:  [  2150/?]  eta: ?  loss: 2.5385 (2.4559)  accuracy: 0.5156 (0.5019)  balanced_accuracy: 0.5132 (0.4979)  f1_weighted: 0.6034 (0.5181)  time: 0.0593  data: 0.0003  max mem: 5415
Passive Test:  [  2160/?]  eta: ?  loss: 2.6829 (2.4579)  accuracy: 0.4844 (0.5014)  balanced_accuracy: 0.5067 (0.4976)  f1_weighted: 0.5831 (0.5179)  time: 0.0587  data: 0.0002  max mem: 5415
Passive Test:  [  2170/?]  eta: ?  loss: 2.2781 (2.4581)  accuracy: 0.4688 (0.5013)  balanced_accuracy: 0.4836 (0.4977)  f1_weighted: 0.5831 (0.5179)  time: 0.0663  data: 0.0002  max mem: 5415
Passive Test:  [  2180/?]  eta: ?  loss: 2.2781 (2.4598)  accuracy: 0.4375 (0.5009)  balanced_accuracy: 0.4474 (0.4975)  f1_weighted: 0.5821 (0.5176)  time: 0.0657  data: 0.0002  max mem: 5415
Passive Test:  [  2190/?]  eta: ?  loss: 2.1562 (2.4568)  accuracy: 0.4375 (0.5012)  balanced_accuracy: 0.4534 (0.4977)  f1_weighted: 0.5210 (0.5180)  time: 0.0605  data: 0.0002  max mem: 5415
Passive Test:  [  2200/?]  eta: ?  loss: 1.8042 (2.4536)  accuracy: 0.4688 (0.5012)  balanced_accuracy: 0.4651 (0.4976)  f1_weighted: 0.5525 (0.5181)  time: 0.0611  data: 0.0002  max mem: 5415
Passive Test:  [  2210/?]  eta: ?  loss: 1.8042 (2.4495)  accuracy: 0.4688 (0.5013)  balanced_accuracy: 0.4651 (0.4977)  f1_weighted: 0.5397 (0.5183)  time: 0.0589  data: 0.0002  max mem: 5415
Passive Test:  [  2220/?]  eta: ?  loss: 1.5043 (2.4454)  accuracy: 0.4844 (0.5012)  balanced_accuracy: 0.4990 (0.4977)  f1_weighted: 0.5397 (0.5183)  time: 0.0607  data: 0.0002  max mem: 5415
Passive Test:  [  2230/?]  eta: ?  loss: 1.5043 (2.4419)  accuracy: 0.5156 (0.5012)  balanced_accuracy: 0.5111 (0.4977)  f1_weighted: 0.5312 (0.5184)  time: 0.0628  data: 0.0003  max mem: 5415
Passive Test:  [  2240/?]  eta: ?  loss: 1.8147 (2.4409)  accuracy: 0.4844 (0.5010)  balanced_accuracy: 0.4893 (0.4975)  f1_weighted: 0.5312 (0.5185)  time: 0.0594  data: 0.0002  max mem: 5415
Passive Test:  [  2250/?]  eta: ?  loss: 1.8560 (2.4397)  accuracy: 0.4531 (0.5010)  balanced_accuracy: 0.4787 (0.4974)  f1_weighted: 0.4810 (0.5185)  time: 0.0657  data: 0.0002  max mem: 5415
Passive Test:  [  2260/?]  eta: ?  loss: 2.2358 (2.4396)  accuracy: 0.4844 (0.5011)  balanced_accuracy: 0.5074 (0.4975)  f1_weighted: 0.4924 (0.5188)  time: 0.0684  data: 0.0002  max mem: 5415
Passive Test:  [  2270/?]  eta: ?  loss: 2.0563 (2.4383)  accuracy: 0.5312 (0.5011)  balanced_accuracy: 0.5175 (0.4976)  f1_weighted: 0.5478 (0.5189)  time: 0.0607  data: 0.0002  max mem: 5415
Passive Test:  [  2280/?]  eta: ?  loss: 2.0563 (2.4372)  accuracy: 0.5000 (0.5011)  balanced_accuracy: 0.5499 (0.4979)  f1_weighted: 0.5024 (0.5191)  time: 0.0595  data: 0.0002  max mem: 5415
Passive Test:  [  2290/?]  eta: ?  loss: 1.9990 (2.4348)  accuracy: 0.5000 (0.5012)  balanced_accuracy: 0.5587 (0.4981)  f1_weighted: 0.5224 (0.5192)  time: 0.0600  data: 0.0002  max mem: 5415
Passive Test:  [  2300/?]  eta: ?  loss: 1.9990 (2.4336)  accuracy: 0.5312 (0.5011)  balanced_accuracy: 0.5587 (0.4982)  f1_weighted: 0.5619 (0.5193)  time: 0.0618  data: 0.0003  max mem: 5415
Passive Test:  [  2310/?]  eta: ?  loss: 2.0832 (2.4315)  accuracy: 0.5312 (0.5013)  balanced_accuracy: 0.5841 (0.4984)  f1_weighted: 0.5619 (0.5195)  time: 0.0622  data: 0.0003  max mem: 5415
Passive Test:  [  2320/?]  eta: ?  loss: 1.5110 (2.4298)  accuracy: 0.5312 (0.5014)  balanced_accuracy: 0.5841 (0.4984)  f1_weighted: 0.5396 (0.5195)  time: 0.0713  data: 0.0003  max mem: 5415
Passive Test:  [  2330/?]  eta: ?  loss: 1.4820 (2.4269)  accuracy: 0.5312 (0.5015)  balanced_accuracy: 0.5544 (0.4986)  f1_weighted: 0.5396 (0.5196)  time: 0.0730  data: 0.0003  max mem: 5415
Passive Test:  [  2340/?]  eta: ?  loss: 1.4655 (2.4242)  accuracy: 0.5000 (0.5015)  balanced_accuracy: 0.5748 (0.4988)  f1_weighted: 0.5443 (0.5195)  time: 0.0627  data: 0.0003  max mem: 5415
Passive Test:  [  2350/?]  eta: ?  loss: 1.4590 (2.4213)  accuracy: 0.5625 (0.5016)  balanced_accuracy: 0.6149 (0.4990)  f1_weighted: 0.5543 (0.5196)  time: 0.0661  data: 0.0002  max mem: 5415
Passive Test:  [  2360/?]  eta: ?  loss: 1.5164 (2.4178)  accuracy: 0.5938 (0.5019)  balanced_accuracy: 0.5983 (0.4992)  f1_weighted: 0.6118 (0.5198)  time: 0.0674  data: 0.0003  max mem: 5415
Passive Test:  [  2370/?]  eta: ?  loss: 1.2049 (2.4122)  accuracy: 0.6094 (0.5026)  balanced_accuracy: 0.5983 (0.4998)  f1_weighted: 0.6291 (0.5206)  time: 0.0711  data: 0.0003  max mem: 5415
Passive Test:  [  2380/?]  eta: ?  loss: 1.1543 (2.4069)  accuracy: 0.6719 (0.5033)  balanced_accuracy: 0.6487 (0.5005)  f1_weighted: 0.6889 (0.5213)  time: 0.0670  data: 0.0002  max mem: 5415
Passive Test:  [  2390/?]  eta: ?  loss: 0.9951 (2.4010)  accuracy: 0.6875 (0.5040)  balanced_accuracy: 0.7137 (0.5012)  f1_weighted: 0.7170 (0.5222)  time: 0.0582  data: 0.0002  max mem: 5415
Passive Test:  [  2400/?]  eta: ?  loss: 0.8943 (2.3955)  accuracy: 0.7031 (0.5046)  balanced_accuracy: 0.7051 (0.5019)  f1_weighted: 0.7362 (0.5229)  time: 0.0610  data: 0.0003  max mem: 5415
Passive Test:  [  2410/?]  eta: ?  loss: 1.3573 (2.3923)  accuracy: 0.6406 (0.5051)  balanced_accuracy: 0.6877 (0.5025)  f1_weighted: 0.7067 (0.5235)  time: 0.0587  data: 0.0002  max mem: 5415
Passive Test:  [  2420/?]  eta: ?  loss: 1.3916 (2.3873)  accuracy: 0.5781 (0.5056)  balanced_accuracy: 0.6297 (0.5033)  f1_weighted: 0.6651 (0.5241)  time: 0.0551  data: 0.0002  max mem: 5415
Passive Test:  [  2430/?]  eta: ?  loss: 1.4885 (2.3861)  accuracy: 0.5781 (0.5060)  balanced_accuracy: 0.6225 (0.5038)  f1_weighted: 0.6093 (0.5246)  time: 0.0552  data: 0.0002  max mem: 5415
Passive Test:  [  2440/?]  eta: ?  loss: 1.7416 (2.3845)  accuracy: 0.5781 (0.5065)  balanced_accuracy: 0.6225 (0.5045)  f1_weighted: 0.6093 (0.5251)  time: 0.0569  data: 0.0002  max mem: 5415
Passive Test:  [  2450/?]  eta: ?  loss: 1.9102 (2.3854)  accuracy: 0.5625 (0.5067)  balanced_accuracy: 0.5779 (0.5049)  f1_weighted: 0.5818 (0.5253)  time: 0.0562  data: 0.0002  max mem: 5415
Passive Test:  [  2460/?]  eta: ?  loss: 2.8946 (2.3861)  accuracy: 0.5469 (0.5069)  balanced_accuracy: 0.5923 (0.5055)  f1_weighted: 0.5795 (0.5255)  time: 0.0553  data: 0.0002  max mem: 5415
Passive Test:  [  2470/?]  eta: ?  loss: 3.0208 (2.3894)  accuracy: 0.4688 (0.5067)  balanced_accuracy: 0.5299 (0.5054)  f1_weighted: 0.5068 (0.5253)  time: 0.0579  data: 0.0002  max mem: 5415
Passive Test:  [  2480/?]  eta: ?  loss: 2.2628 (2.3873)  accuracy: 0.4688 (0.5069)  balanced_accuracy: 0.4954 (0.5058)  f1_weighted: 0.4968 (0.5256)  time: 0.0599  data: 0.0002  max mem: 5415
Passive Test:  [  2490/?]  eta: ?  loss: 2.1719 (2.3872)  accuracy: 0.4688 (0.5069)  balanced_accuracy: 0.5292 (0.5060)  f1_weighted: 0.4997 (0.5256)  time: 0.0593  data: 0.0002  max mem: 5415
Passive Test:  [  2500/?]  eta: ?  loss: 2.2833 (2.3859)  accuracy: 0.4688 (0.5070)  balanced_accuracy: 0.4942 (0.5062)  f1_weighted: 0.4997 (0.5258)  time: 0.0613  data: 0.0003  max mem: 5415
Passive Test:  [  2510/?]  eta: ?  loss: 1.9485 (2.3859)  accuracy: 0.4688 (0.5069)  balanced_accuracy: 0.5000 (0.5064)  f1_weighted: 0.5305 (0.5258)  time: 0.0619  data: 0.0003  max mem: 5415
Passive Test:  [  2520/?]  eta: ?  loss: 2.0009 (2.3849)  accuracy: 0.5156 (0.5071)  balanced_accuracy: 0.5211 (0.5068)  f1_weighted: 0.5444 (0.5261)  time: 0.0617  data: 0.0002  max mem: 5415
Passive Test:  [  2530/?]  eta: ?  loss: 2.5427 (2.3862)  accuracy: 0.4062 (0.5069)  balanced_accuracy: 0.5211 (0.5067)  f1_weighted: 0.4888 (0.5261)  time: 0.0617  data: 0.0002  max mem: 5415
Passive Test:  [  2540/?]  eta: ?  loss: 2.7353 (2.3870)  accuracy: 0.3750 (0.5068)  balanced_accuracy: 0.3982 (0.5066)  f1_weighted: 0.4798 (0.5263)  time: 0.0601  data: 0.0002  max mem: 5415
Passive Test:  [  2550/?]  eta: ?  loss: 2.4094 (2.3858)  accuracy: 0.4219 (0.5068)  balanced_accuracy: 0.3982 (0.5066)  f1_weighted: 0.5046 (0.5264)  time: 0.0593  data: 0.0002  max mem: 5415
Passive Test:  [  2560/?]  eta: ?  loss: 1.7695 (2.3850)  accuracy: 0.5000 (0.5069)  balanced_accuracy: 0.5128 (0.5067)  f1_weighted: 0.5506 (0.5268)  time: 0.0615  data: 0.0002  max mem: 5415
Passive Test:  [  2570/?]  eta: ?  loss: 1.6630 (2.3837)  accuracy: 0.5312 (0.5072)  balanced_accuracy: 0.5921 (0.5071)  f1_weighted: 0.5662 (0.5272)  time: 0.0607  data: 0.0003  max mem: 5415
Passive Test:  [  2580/?]  eta: ?  loss: 1.4013 (2.3810)  accuracy: 0.5938 (0.5078)  balanced_accuracy: 0.6538 (0.5078)  f1_weighted: 0.6591 (0.5279)  time: 0.0618  data: 0.0003  max mem: 5415
Passive Test:  [  2590/?]  eta: ?  loss: 1.3154 (2.3778)  accuracy: 0.6250 (0.5083)  balanced_accuracy: 0.6538 (0.5085)  f1_weighted: 0.6575 (0.5285)  time: 0.0617  data: 0.0003  max mem: 5415
Passive Test:  [  2600/?]  eta: ?  loss: 1.5013 (2.3754)  accuracy: 0.6250 (0.5087)  balanced_accuracy: 0.6431 (0.5092)  f1_weighted: 0.6575 (0.5291)  time: 0.0601  data: 0.0002  max mem: 5415
Passive Test:  [  2610/?]  eta: ?  loss: 1.5013 (2.3722)  accuracy: 0.5938 (0.5090)  balanced_accuracy: 0.6308 (0.5098)  f1_weighted: 0.6400 (0.5295)  time: 0.0668  data: 0.0002  max mem: 5415
Passive Test:  [  2620/?]  eta: ?  loss: 1.2067 (2.3687)  accuracy: 0.6250 (0.5093)  balanced_accuracy: 0.6308 (0.5103)  f1_weighted: 0.6421 (0.5297)  time: 0.0640  data: 0.0002  max mem: 5415
Passive Test:  [  2630/?]  eta: ?  loss: 1.2067 (2.3648)  accuracy: 0.6250 (0.5096)  balanced_accuracy: 0.6235 (0.5108)  f1_weighted: 0.6421 (0.5300)  time: 0.0572  data: 0.0002  max mem: 5415
Passive Test:  [  2640/?]  eta: ?  loss: 1.4442 (2.3615)  accuracy: 0.5469 (0.5098)  balanced_accuracy: 0.6184 (0.5111)  f1_weighted: 0.5249 (0.5302)  time: 0.0610  data: 0.0002  max mem: 5415
Passive Test:  [  2650/?]  eta: ?  loss: 1.4442 (2.3578)  accuracy: 0.5469 (0.5101)  balanced_accuracy: 0.5892 (0.5115)  f1_weighted: 0.5249 (0.5304)  time: 0.0644  data: 0.0002  max mem: 5415
Passive Test:  [  2660/?]  eta: ?  loss: 1.7416 (2.3568)  accuracy: 0.5625 (0.5101)  balanced_accuracy: 0.5614 (0.5115)  f1_weighted: 0.5360 (0.5304)  time: 0.0611  data: 0.0002  max mem: 5415
Passive Test:  [  2670/?]  eta: ?  loss: 2.2336 (2.3576)  accuracy: 0.5156 (0.5098)  balanced_accuracy: 0.4838 (0.5112)  f1_weighted: 0.4849 (0.5300)  time: 0.0570  data: 0.0002  max mem: 5415
Passive Test:  [  2680/?]  eta: ?  loss: 2.3626 (2.3573)  accuracy: 0.4531 (0.5098)  balanced_accuracy: 0.4038 (0.5111)  f1_weighted: 0.4932 (0.5298)  time: 0.0594  data: 0.0002  max mem: 5415
Passive Test:  [  2690/?]  eta: ?  loss: 2.1767 (2.3585)  accuracy: 0.4531 (0.5093)  balanced_accuracy: 0.4178 (0.5105)  f1_weighted: 0.4946 (0.5293)  time: 0.0628  data: 0.0002  max mem: 5415
Passive Test:  [  2700/?]  eta: ?  loss: 2.2901 (2.3594)  accuracy: 0.4219 (0.5091)  balanced_accuracy: 0.3409 (0.5103)  f1_weighted: 0.4670 (0.5290)  time: 0.0628  data: 0.0002  max mem: 5415
Passive Test:  [  2710/?]  eta: ?  loss: 2.4876 (2.3618)  accuracy: 0.3906 (0.5087)  balanced_accuracy: 0.3205 (0.5097)  f1_weighted: 0.4200 (0.5285)  time: 0.0632  data: 0.0003  max mem: 5415
Passive Test:  [  2720/?]  eta: ?  loss: 2.5897 (2.3643)  accuracy: 0.3906 (0.5083)  balanced_accuracy: 0.3144 (0.5091)  f1_weighted: 0.4200 (0.5281)  time: 0.0616  data: 0.0002  max mem: 5415
Passive Test:  [  2730/?]  eta: ?  loss: 2.5614 (2.3660)  accuracy: 0.4062 (0.5080)  balanced_accuracy: 0.3779 (0.5086)  f1_weighted: 0.4283 (0.5278)  time: 0.0605  data: 0.0002  max mem: 5415
Passive Test:  [  2740/?]  eta: ?  loss: 2.2662 (2.3677)  accuracy: 0.4219 (0.5077)  balanced_accuracy: 0.3738 (0.5082)  f1_weighted: 0.4339 (0.5274)  time: 0.0685  data: 0.0003  max mem: 5415
Passive Test:  [  2750/?]  eta: ?  loss: 2.2252 (2.3675)  accuracy: 0.3906 (0.5075)  balanced_accuracy: 0.3718 (0.5078)  f1_weighted: 0.4288 (0.5272)  time: 0.0677  data: 0.0002  max mem: 5415
Passive Test:  [  2760/?]  eta: ?  loss: 2.1373 (2.3671)  accuracy: 0.4531 (0.5074)  balanced_accuracy: 0.4069 (0.5077)  f1_weighted: 0.4779 (0.5271)  time: 0.0609  data: 0.0002  max mem: 5415
Passive Test:  [  2770/?]  eta: ?  loss: 2.1373 (2.3666)  accuracy: 0.4688 (0.5074)  balanced_accuracy: 0.4534 (0.5077)  f1_weighted: 0.4921 (0.5270)  time: 0.0641  data: 0.0002  max mem: 5415
Passive Test:  [  2780/?]  eta: ?  loss: 2.0159 (2.3654)  accuracy: 0.5000 (0.5075)  balanced_accuracy: 0.5205 (0.5078)  f1_weighted: 0.5000 (0.5270)  time: 0.0672  data: 0.0003  max mem: 5415
Passive Test:  [  2790/?]  eta: ?  loss: 1.8755 (2.3643)  accuracy: 0.5000 (0.5076)  balanced_accuracy: 0.5364 (0.5080)  f1_weighted: 0.5041 (0.5270)  time: 0.0664  data: 0.0003  max mem: 5415
Passive Test:  [  2800/?]  eta: ?  loss: 2.1061 (2.3640)  accuracy: 0.5000 (0.5075)  balanced_accuracy: 0.5042 (0.5080)  f1_weighted: 0.5103 (0.5269)  time: 0.0686  data: 0.0002  max mem: 5415
Passive Test:  [  2810/?]  eta: ?  loss: 2.2925 (2.3646)  accuracy: 0.4844 (0.5075)  balanced_accuracy: 0.4658 (0.5079)  f1_weighted: 0.4843 (0.5268)  time: 0.0664  data: 0.0002  max mem: 5415
Passive Test:  [  2820/?]  eta: ?  loss: 1.9443 (2.3636)  accuracy: 0.4844 (0.5077)  balanced_accuracy: 0.4835 (0.5081)  f1_weighted: 0.4843 (0.5269)  time: 0.0588  data: 0.0002  max mem: 5415
Passive Test:  [  2830/?]  eta: ?  loss: 1.4895 (2.3631)  accuracy: 0.5000 (0.5078)  balanced_accuracy: 0.5503 (0.5081)  f1_weighted: 0.5146 (0.5270)  time: 0.0587  data: 0.0002  max mem: 5415
Passive Test:  [  2840/?]  eta: ?  loss: 1.9720 (2.3629)  accuracy: 0.5000 (0.5079)  balanced_accuracy: 0.5564 (0.5082)  f1_weighted: 0.4908 (0.5271)  time: 0.0706  data: 0.0002  max mem: 5415
Passive Test:  [  2850/?]  eta: ?  loss: 2.0397 (2.3619)  accuracy: 0.5156 (0.5082)  balanced_accuracy: 0.4954 (0.5083)  f1_weighted: 0.5477 (0.5273)  time: 0.0720  data: 0.0002  max mem: 5415
Passive Test:  [  2860/?]  eta: ?  loss: 2.0397 (2.3609)  accuracy: 0.5156 (0.5084)  balanced_accuracy: 0.4954 (0.5083)  f1_weighted: 0.5477 (0.5276)  time: 0.0718  data: 0.0002  max mem: 5415
Passive Test:  [  2870/?]  eta: ?  loss: 1.7605 (2.3613)  accuracy: 0.5156 (0.5088)  balanced_accuracy: 0.4919 (0.5084)  f1_weighted: 0.5641 (0.5279)  time: 0.0724  data: 0.0003  max mem: 5415
Passive Test:  [  2880/?]  eta: ?  loss: 2.0145 (2.3611)  accuracy: 0.5156 (0.5089)  balanced_accuracy: 0.4413 (0.5084)  f1_weighted: 0.5445 (0.5280)  time: 0.0603  data: 0.0002  max mem: 5415
Passive Test:  [  2890/?]  eta: ?  loss: 2.0145 (2.3624)  accuracy: 0.4844 (0.5088)  balanced_accuracy: 0.4359 (0.5081)  f1_weighted: 0.4923 (0.5279)  time: 0.0628  data: 0.0002  max mem: 5415
Passive Test:  [  2900/?]  eta: ?  loss: 3.6254 (2.3651)  accuracy: 0.4844 (0.5085)  balanced_accuracy: 0.3974 (0.5076)  f1_weighted: 0.5067 (0.5278)  time: 0.0640  data: 0.0002  max mem: 5415
Passive Test:  [  2910/?]  eta: ?  loss: 2.7914 (2.3658)  accuracy: 0.4844 (0.5084)  balanced_accuracy: 0.3974 (0.5074)  f1_weighted: 0.5067 (0.5277)  time: 0.0602  data: 0.0002  max mem: 5415
Passive Test:  [  2920/?]  eta: ?  loss: 2.0590 (2.3658)  accuracy: 0.4844 (0.5083)  balanced_accuracy: 0.4195 (0.5071)  f1_weighted: 0.5266 (0.5276)  time: 0.0586  data: 0.0002  max mem: 5415
Passive Test:  [  2930/?]  eta: ?  loss: 1.7956 (2.3628)  accuracy: 0.5469 (0.5085)  balanced_accuracy: 0.5549 (0.5073)  f1_weighted: 0.6038 (0.5279)  time: 0.0601  data: 0.0002  max mem: 5415
Passive Test:  [  2940/?]  eta: ?  loss: 1.8050 (2.3618)  accuracy: 0.5625 (0.5086)  balanced_accuracy: 0.5692 (0.5075)  f1_weighted: 0.6063 (0.5281)  time: 0.0626  data: 0.0002  max mem: 5415
Passive Test:  [  2950/?]  eta: ?  loss: 1.8664 (2.3592)  accuracy: 0.5938 (0.5090)  balanced_accuracy: 0.5692 (0.5078)  f1_weighted: 0.5958 (0.5285)  time: 0.0612  data: 0.0002  max mem: 5415
Passive Test:  [  2960/?]  eta: ?  loss: 1.7846 (2.3568)  accuracy: 0.6094 (0.5093)  balanced_accuracy: 0.5800 (0.5082)  f1_weighted: 0.6465 (0.5289)  time: 0.0606  data: 0.0002  max mem: 5415
Passive Test:  [  2970/?]  eta: ?  loss: 1.5039 (2.3543)  accuracy: 0.6250 (0.5097)  balanced_accuracy: 0.6603 (0.5089)  f1_weighted: 0.6559 (0.5294)  time: 0.0606  data: 0.0002  max mem: 5415
Passive Test:  [  2980/?]  eta: ?  loss: 1.4068 (2.3521)  accuracy: 0.5938 (0.5100)  balanced_accuracy: 0.6576 (0.5094)  f1_weighted: 0.6396 (0.5298)  time: 0.0594  data: 0.0002  max mem: 5415
Passive Test:  [  2990/?]  eta: ?  loss: 1.6907 (2.3503)  accuracy: 0.5938 (0.5103)  balanced_accuracy: 0.6487 (0.5099)  f1_weighted: 0.6311 (0.5302)  time: 0.0593  data: 0.0002  max mem: 5415
Passive Test:  [  3000/?]  eta: ?  loss: 1.6907 (2.3493)  accuracy: 0.5938 (0.5104)  balanced_accuracy: 0.6487 (0.5102)  f1_weighted: 0.6311 (0.5303)  time: 0.0601  data: 0.0002  max mem: 5415
Passive Test:  [  3010/?]  eta: ?  loss: 2.0984 (2.3498)  accuracy: 0.5156 (0.5102)  balanced_accuracy: 0.6086 (0.5102)  f1_weighted: 0.5566 (0.5301)  time: 0.0605  data: 0.0002  max mem: 5415
Passive Test:  [  3020/?]  eta: ?  loss: 1.7454 (2.3483)  accuracy: 0.4375 (0.5104)  balanced_accuracy: 0.6078 (0.5106)  f1_weighted: 0.4929 (0.5302)  time: 0.0609  data: 0.0002  max mem: 5415
Passive Test:  [  3030/?]  eta: ?  loss: 1.5727 (2.3476)  accuracy: 0.4688 (0.5105)  balanced_accuracy: 0.6569 (0.5108)  f1_weighted: 0.5585 (0.5303)  time: 0.0603  data: 0.0002  max mem: 5415
Passive Test:  [  3040/?]  eta: ?  loss: 1.4843 (2.3453)  accuracy: 0.5156 (0.5109)  balanced_accuracy: 0.6569 (0.5114)  f1_weighted: 0.5585 (0.5306)  time: 0.0602  data: 0.0002  max mem: 5415
Passive Test:  [  3050/?]  eta: ?  loss: 1.5506 (2.3440)  accuracy: 0.6094 (0.5110)  balanced_accuracy: 0.6078 (0.5117)  f1_weighted: 0.5677 (0.5307)  time: 0.0598  data: 0.0002  max mem: 5415
Passive Test:  [  3060/?]  eta: ?  loss: 1.7965 (2.3432)  accuracy: 0.5000 (0.5110)  balanced_accuracy: 0.5749 (0.5119)  f1_weighted: 0.4942 (0.5306)  time: 0.0617  data: 0.0002  max mem: 5415
Passive Test:  [  3070/?]  eta: ?  loss: 2.1842 (2.3423)  accuracy: 0.5312 (0.5112)  balanced_accuracy: 0.5749 (0.5122)  f1_weighted: 0.5542 (0.5308)  time: 0.0636  data: 0.0002  max mem: 5415
Passive Test:  [  3080/?]  eta: ?  loss: 2.1842 (2.3413)  accuracy: 0.5469 (0.5113)  balanced_accuracy: 0.5876 (0.5124)  f1_weighted: 0.6014 (0.5309)  time: 0.0618  data: 0.0002  max mem: 5415
Passive Test:  [  3090/?]  eta: ?  loss: 2.0273 (2.3402)  accuracy: 0.5156 (0.5115)  balanced_accuracy: 0.5062 (0.5125)  f1_weighted: 0.5295 (0.5310)  time: 0.0683  data: 0.0002  max mem: 5415
Passive Test:  [  3100/?]  eta: ?  loss: 1.9996 (2.3389)  accuracy: 0.5156 (0.5116)  balanced_accuracy: 0.5292 (0.5128)  f1_weighted: 0.5536 (0.5312)  time: 0.0697  data: 0.0002  max mem: 5415
Passive Test:  [  3110/?]  eta: ?  loss: 2.0031 (2.3375)  accuracy: 0.5156 (0.5117)  balanced_accuracy: 0.5557 (0.5130)  f1_weighted: 0.5527 (0.5312)  time: 0.0618  data: 0.0003  max mem: 5415
Passive Test:  [  3120/?]  eta: ?  loss: 2.0010 (2.3357)  accuracy: 0.5312 (0.5120)  balanced_accuracy: 0.5451 (0.5132)  f1_weighted: 0.5527 (0.5315)  time: 0.0628  data: 0.0003  max mem: 5415
Passive Test:  [  3130/?]  eta: ?  loss: 1.6412 (2.3329)  accuracy: 0.5781 (0.5124)  balanced_accuracy: 0.5567 (0.5136)  f1_weighted: 0.5797 (0.5319)  time: 0.0647  data: 0.0003  max mem: 5415
Passive Test:  [  3140/?]  eta: ?  loss: 1.3016 (2.3294)  accuracy: 0.6875 (0.5131)  balanced_accuracy: 0.6144 (0.5141)  f1_weighted: 0.6568 (0.5326)  time: 0.0628  data: 0.0002  max mem: 5415
Passive Test:  [  3150/?]  eta: ?  loss: 0.9529 (2.3265)  accuracy: 0.7031 (0.5135)  balanced_accuracy: 0.6624 (0.5145)  f1_weighted: 0.7158 (0.5331)  time: 0.0621  data: 0.0002  max mem: 5415
Passive Test:  [  3160/?]  eta: ?  loss: 0.9529 (2.3246)  accuracy: 0.6719 (0.5139)  balanced_accuracy: 0.6624 (0.5148)  f1_weighted: 0.7158 (0.5334)  time: 0.0630  data: 0.0002  max mem: 5415
Passive Test:  [  3170/?]  eta: ?  loss: 1.7585 (2.3236)  accuracy: 0.6719 (0.5141)  balanced_accuracy: 0.5923 (0.5149)  f1_weighted: 0.6237 (0.5337)  time: 0.0639  data: 0.0003  max mem: 5415
Passive Test:  [  3180/?]  eta: ?  loss: 1.7585 (2.3230)  accuracy: 0.6250 (0.5141)  balanced_accuracy: 0.6795 (0.5151)  f1_weighted: 0.6521 (0.5339)  time: 0.0648  data: 0.0003  max mem: 5415
Passive Test:  [  3190/?]  eta: ?  loss: 1.4535 (2.3222)  accuracy: 0.6250 (0.5143)  balanced_accuracy: 0.6862 (0.5153)  f1_weighted: 0.7040 (0.5342)  time: 0.0637  data: 0.0002  max mem: 5415
Passive Test:  [  3200/?]  eta: ?  loss: 1.8405 (2.3217)  accuracy: 0.5938 (0.5144)  balanced_accuracy: 0.6067 (0.5155)  f1_weighted: 0.6503 (0.5344)  time: 0.0631  data: 0.0003  max mem: 5415
Passive Test:  [  3210/?]  eta: ?  loss: 1.8004 (2.3203)  accuracy: 0.5469 (0.5144)  balanced_accuracy: 0.5703 (0.5156)  f1_weighted: 0.5582 (0.5345)  time: 0.0728  data: 0.0003  max mem: 5415
Passive Test:  [  3220/?]  eta: ?  loss: 1.8004 (2.3198)  accuracy: 0.5312 (0.5144)  balanced_accuracy: 0.5263 (0.5155)  f1_weighted: 0.5503 (0.5346)  time: 0.0734  data: 0.0003  max mem: 5415
Passive Test:  [  3230/?]  eta: ?  loss: 1.7960 (2.3184)  accuracy: 0.5312 (0.5145)  balanced_accuracy: 0.5068 (0.5156)  f1_weighted: 0.5418 (0.5348)  time: 0.0644  data: 0.0003  max mem: 5415
Passive Test:  [  3240/?]  eta: ?  loss: 1.6890 (2.3176)  accuracy: 0.5312 (0.5146)  balanced_accuracy: 0.5328 (0.5157)  f1_weighted: 0.5407 (0.5349)  time: 0.0637  data: 0.0002  max mem: 5415
Passive Test:  [  3250/?]  eta: ?  loss: 1.9279 (2.3177)  accuracy: 0.5156 (0.5146)  balanced_accuracy: 0.5046 (0.5157)  f1_weighted: 0.5379 (0.5350)  time: 0.0631  data: 0.0002  max mem: 5415
Passive Test:  [  3260/?]  eta: ?  loss: 2.3084 (2.3181)  accuracy: 0.4844 (0.5145)  balanced_accuracy: 0.5256 (0.5156)  f1_weighted: 0.5827 (0.5349)  time: 0.0627  data: 0.0002  max mem: 5415
Passive Test:  [  3270/?]  eta: ?  loss: 2.1063 (2.3173)  accuracy: 0.5000 (0.5146)  balanced_accuracy: 0.5256 (0.5155)  f1_weighted: 0.5938 (0.5351)  time: 0.0734  data: 0.0003  max mem: 5415
Passive Test:  [  3280/?]  eta: ?  loss: 1.8854 (2.3157)  accuracy: 0.5000 (0.5146)  balanced_accuracy: 0.5156 (0.5155)  f1_weighted: 0.6140 (0.5352)  time: 0.0787  data: 0.0003  max mem: 5415
Passive Test:  [  3290/?]  eta: ?  loss: 1.6461 (2.3139)  accuracy: 0.5156 (0.5147)  balanced_accuracy: 0.5328 (0.5155)  f1_weighted: 0.6160 (0.5353)  time: 0.0696  data: 0.0003  max mem: 5415
Passive Test:  [  3300/?]  eta: ?  loss: 1.6039 (2.3121)  accuracy: 0.5000 (0.5147)  balanced_accuracy: 0.5328 (0.5155)  f1_weighted: 0.5948 (0.5354)  time: 0.0731  data: 0.0002  max mem: 5415
Passive Test:  [  3310/?]  eta: ?  loss: 1.6202 (2.3109)  accuracy: 0.4688 (0.5146)  balanced_accuracy: 0.5067 (0.5155)  f1_weighted: 0.5747 (0.5354)  time: 0.0718  data: 0.0002  max mem: 5415
Passive Test:  [  3320/?]  eta: ?  loss: 1.6966 (2.3090)  accuracy: 0.4688 (0.5146)  balanced_accuracy: 0.5067 (0.5155)  f1_weighted: 0.5520 (0.5356)  time: 0.0721  data: 0.0002  max mem: 5415
Passive Test:  [  3330/?]  eta: ?  loss: 1.7126 (2.3075)  accuracy: 0.4844 (0.5147)  balanced_accuracy: 0.5082 (0.5155)  f1_weighted: 0.5456 (0.5357)  time: 0.0740  data: 0.0003  max mem: 5415
Passive Test:  [  3340/?]  eta: ?  loss: 1.8851 (2.3063)  accuracy: 0.4844 (0.5145)  balanced_accuracy: 0.5082 (0.5153)  f1_weighted: 0.5261 (0.5357)  time: 0.0669  data: 0.0003  max mem: 5415
Passive Test:  [  3350/?]  eta: ?  loss: 1.9323 (2.3058)  accuracy: 0.4531 (0.5143)  balanced_accuracy: 0.4688 (0.5153)  f1_weighted: 0.5137 (0.5356)  time: 0.0653  data: 0.0003  max mem: 5415
Passive Test:  [  3360/?]  eta: ?  loss: 2.0643 (2.3055)  accuracy: 0.4375 (0.5140)  balanced_accuracy: 0.4688 (0.5151)  f1_weighted: 0.5010 (0.5354)  time: 0.0637  data: 0.0003  max mem: 5415
Passive Test:  [  3370/?]  eta: ?  loss: 2.0643 (2.3047)  accuracy: 0.4219 (0.5139)  balanced_accuracy: 0.4831 (0.5150)  f1_weighted: 0.4645 (0.5353)  time: 0.0630  data: 0.0003  max mem: 5415
Passive Test:  [  3380/?]  eta: ?  loss: 1.9497 (2.3038)  accuracy: 0.4375 (0.5137)  balanced_accuracy: 0.5451 (0.5151)  f1_weighted: 0.4724 (0.5351)  time: 0.0598  data: 0.0003  max mem: 5415
Passive Test:  [  3390/?]  eta: ?  loss: 1.6362 (2.3035)  accuracy: 0.4688 (0.5134)  balanced_accuracy: 0.5451 (0.5149)  f1_weighted: 0.4787 (0.5348)  time: 0.0594  data: 0.0002  max mem: 5415
Passive Test:  [  3400/?]  eta: ?  loss: 2.0006 (2.3026)  accuracy: 0.3438 (0.5132)  balanced_accuracy: 0.5023 (0.5149)  f1_weighted: 0.3575 (0.5345)  time: 0.0622  data: 0.0002  max mem: 5415
Passive Test:  [  3410/?]  eta: ?  loss: 2.5480 (2.3039)  accuracy: 0.3438 (0.5128)  balanced_accuracy: 0.3957 (0.5146)  f1_weighted: 0.3575 (0.5341)  time: 0.0620  data: 0.0002  max mem: 5415
Passive Test:  [  3420/?]  eta: ?  loss: 2.9349 (2.3040)  accuracy: 0.3281 (0.5125)  balanced_accuracy: 0.3704 (0.5144)  f1_weighted: 0.3744 (0.5339)  time: 0.0629  data: 0.0002  max mem: 5415
Passive Test:  [  3430/?]  eta: ?  loss: 2.6730 (2.3053)  accuracy: 0.3906 (0.5122)  balanced_accuracy: 0.4071 (0.5141)  f1_weighted: 0.4002 (0.5335)  time: 0.0652  data: 0.0003  max mem: 5415
Passive Test:  [  3440/?]  eta: ?  loss: 2.4902 (2.3056)  accuracy: 0.4375 (0.5120)  balanced_accuracy: 0.4338 (0.5139)  f1_weighted: 0.4481 (0.5333)  time: 0.0641  data: 0.0003  max mem: 5415
Passive Test:  [  3450/?]  eta: ?  loss: 2.4223 (2.3057)  accuracy: 0.4375 (0.5118)  balanced_accuracy: 0.4513 (0.5138)  f1_weighted: 0.4452 (0.5331)  time: 0.0637  data: 0.0003  max mem: 5415
Passive Test:  [  3460/?]  eta: ?  loss: 2.2212 (2.3041)  accuracy: 0.4688 (0.5119)  balanced_accuracy: 0.5077 (0.5140)  f1_weighted: 0.4713 (0.5332)  time: 0.0638  data: 0.0003  max mem: 5415
Passive Test:  [  3470/?]  eta: ?  loss: 1.6403 (2.3027)  accuracy: 0.5312 (0.5121)  balanced_accuracy: 0.5764 (0.5142)  f1_weighted: 0.5487 (0.5334)  time: 0.0609  data: 0.0002  max mem: 5415
Passive Test:  [  3480/?]  eta: ?  loss: 1.7113 (2.3012)  accuracy: 0.4688 (0.5121)  balanced_accuracy: 0.5192 (0.5144)  f1_weighted: 0.4799 (0.5333)  time: 0.0690  data: 0.0002  max mem: 5415
Passive Test:  [  3490/?]  eta: ?  loss: 1.7113 (2.2995)  accuracy: 0.4688 (0.5123)  balanced_accuracy: 0.5192 (0.5146)  f1_weighted: 0.4799 (0.5335)  time: 0.0717  data: 0.0002  max mem: 5415
Passive Test:  [  3500/?]  eta: ?  loss: 1.6152 (2.2980)  accuracy: 0.5000 (0.5124)  balanced_accuracy: 0.5256 (0.5147)  f1_weighted: 0.5216 (0.5335)  time: 0.0639  data: 0.0003  max mem: 5415
Passive Test:  [  3510/?]  eta: ?  loss: 1.6152 (2.2968)  accuracy: 0.5312 (0.5124)  balanced_accuracy: 0.5308 (0.5147)  f1_weighted: 0.5406 (0.5334)  time: 0.0647  data: 0.0003  max mem: 5415
Passive Test:  [  3520/?]  eta: ?  loss: 2.1523 (2.2975)  accuracy: 0.5312 (0.5123)  balanced_accuracy: 0.5113 (0.5144)  f1_weighted: 0.5126 (0.5332)  time: 0.0650  data: 0.0003  max mem: 5415
Passive Test:  [  3530/?]  eta: ?  loss: 2.6020 (2.2984)  accuracy: 0.5312 (0.5122)  balanced_accuracy: 0.4682 (0.5143)  f1_weighted: 0.4963 (0.5330)  time: 0.0669  data: 0.0003  max mem: 5415
Passive Test:  [  3540/?]  eta: ?  loss: 2.7475 (2.3000)  accuracy: 0.4375 (0.5121)  balanced_accuracy: 0.4754 (0.5140)  f1_weighted: 0.4177 (0.5328)  time: 0.0676  data: 0.0003  max mem: 5415
Passive Test:  [  3550/?]  eta: ?  loss: 2.9680 (2.3019)  accuracy: 0.4219 (0.5118)  balanced_accuracy: 0.4174 (0.5137)  f1_weighted: 0.4021 (0.5324)  time: 0.0664  data: 0.0003  max mem: 5415
Passive Test:  [  3560/?]  eta: ?  loss: 2.8755 (2.3017)  accuracy: 0.4844 (0.5118)  balanced_accuracy: 0.4174 (0.5135)  f1_weighted: 0.4911 (0.5324)  time: 0.0658  data: 0.0003  max mem: 5415
Passive Test:  [  3570/?]  eta: ?  loss: 1.7631 (2.3021)  accuracy: 0.4844 (0.5115)  balanced_accuracy: 0.4356 (0.5133)  f1_weighted: 0.4911 (0.5320)  time: 0.0653  data: 0.0003  max mem: 5415
Passive Test:  [  3580/?]  eta: ?  loss: 1.6809 (2.3016)  accuracy: 0.4688 (0.5114)  balanced_accuracy: 0.4154 (0.5132)  f1_weighted: 0.4855 (0.5319)  time: 0.0645  data: 0.0003  max mem: 5415
Passive Test:  [  3590/?]  eta: ?  loss: 1.7479 (2.3008)  accuracy: 0.4844 (0.5114)  balanced_accuracy: 0.4765 (0.5131)  f1_weighted: 0.5055 (0.5318)  time: 0.0633  data: 0.0002  max mem: 5415
Passive Test:  [  3600/?]  eta: ?  loss: 1.5359 (2.2988)  accuracy: 0.5312 (0.5116)  balanced_accuracy: 0.5123 (0.5133)  f1_weighted: 0.5417 (0.5319)  time: 0.0648  data: 0.0003  max mem: 5415
Passive Test:  [  3610/?]  eta: ?  loss: 1.3365 (2.2965)  accuracy: 0.5625 (0.5118)  balanced_accuracy: 0.5385 (0.5135)  f1_weighted: 0.5884 (0.5321)  time: 0.0653  data: 0.0003  max mem: 5415
Passive Test:  [  3620/?]  eta: ?  loss: 1.4894 (2.2944)  accuracy: 0.5312 (0.5119)  balanced_accuracy: 0.6120 (0.5138)  f1_weighted: 0.5985 (0.5323)  time: 0.0654  data: 0.0003  max mem: 5415
Passive Test:  [  3630/?]  eta: ?  loss: 1.7171 (2.2927)  accuracy: 0.5312 (0.5120)  balanced_accuracy: 0.5687 (0.5139)  f1_weighted: 0.5778 (0.5323)  time: 0.0668  data: 0.0003  max mem: 5415
Passive Test:  [  3640/?]  eta: ?  loss: 1.7171 (2.2913)  accuracy: 0.5312 (0.5120)  balanced_accuracy: 0.5684 (0.5139)  f1_weighted: 0.5375 (0.5324)  time: 0.0660  data: 0.0003  max mem: 5415
Passive Test:  [  3650/?]  eta: ?  loss: 1.9352 (2.2909)  accuracy: 0.5000 (0.5119)  balanced_accuracy: 0.5241 (0.5137)  f1_weighted: 0.4890 (0.5322)  time: 0.0652  data: 0.0003  max mem: 5415
Passive Test:  [  3660/?]  eta: ?  loss: 2.2641 (2.2913)  accuracy: 0.4688 (0.5117)  balanced_accuracy: 0.3927 (0.5134)  f1_weighted: 0.4781 (0.5320)  time: 0.0751  data: 0.0003  max mem: 5415
Passive Test:  [  3670/?]  eta: ?  loss: 2.4506 (2.2917)  accuracy: 0.4531 (0.5116)  balanced_accuracy: 0.3868 (0.5131)  f1_weighted: 0.4513 (0.5318)  time: 0.0751  data: 0.0003  max mem: 5415
Passive Test:  [  3680/?]  eta: ?  loss: 2.3833 (2.2928)  accuracy: 0.4375 (0.5115)  balanced_accuracy: 0.4021 (0.5128)  f1_weighted: 0.4377 (0.5316)  time: 0.0648  data: 0.0003  max mem: 5415
Passive Test:  [  3690/?]  eta: ?  loss: 2.4371 (2.2942)  accuracy: 0.4219 (0.5113)  balanced_accuracy: 0.4026 (0.5126)  f1_weighted: 0.3893 (0.5313)  time: 0.0636  data: 0.0002  max mem: 5415
Passive Test:  [  3700/?]  eta: ?  loss: 2.4312 (2.2944)  accuracy: 0.4531 (0.5113)  balanced_accuracy: 0.4154 (0.5124)  f1_weighted: 0.4161 (0.5312)  time: 0.0642  data: 0.0002  max mem: 5415
Passive Test:  [  3710/?]  eta: ?  loss: 2.7005 (2.2979)  accuracy: 0.4531 (0.5110)  balanced_accuracy: 0.4231 (0.5121)  f1_weighted: 0.4451 (0.5308)  time: 0.0654  data: 0.0003  max mem: 5415
Passive Test:  [  3720/?]  eta: ?  loss: 2.7005 (2.2994)  accuracy: 0.4062 (0.5109)  balanced_accuracy: 0.4497 (0.5119)  f1_weighted: 0.4231 (0.5307)  time: 0.0743  data: 0.0003  max mem: 5415
Passive Test:  [  3730/?]  eta: ?  loss: 2.3221 (2.3023)  accuracy: 0.4062 (0.5108)  balanced_accuracy: 0.4497 (0.5117)  f1_weighted: 0.4200 (0.5305)  time: 0.0767  data: 0.0003  max mem: 5415
Passive Test:  [  3740/?]  eta: ?  loss: 2.4976 (2.3041)  accuracy: 0.4062 (0.5107)  balanced_accuracy: 0.3846 (0.5115)  f1_weighted: 0.3993 (0.5304)  time: 0.0663  data: 0.0003  max mem: 5415
Passive Test:  [  3750/?]  eta: ?  loss: 2.4976 (2.3063)  accuracy: 0.4844 (0.5105)  balanced_accuracy: 0.4367 (0.5113)  f1_weighted: 0.5256 (0.5303)  time: 0.0721  data: 0.0003  max mem: 5415
Passive Test:  [  3760/?]  eta: ?  loss: 1.6033 (2.3046)  accuracy: 0.5312 (0.5108)  balanced_accuracy: 0.5256 (0.5115)  f1_weighted: 0.5607 (0.5305)  time: 0.0809  data: 0.0003  max mem: 5415
Passive Test:  [  3770/?]  eta: ?  loss: 1.8211 (2.3039)  accuracy: 0.5625 (0.5109)  balanced_accuracy: 0.5475 (0.5116)  f1_weighted: 0.5991 (0.5307)  time: 0.0835  data: 0.0003  max mem: 5415
Passive Test:  [  3780/?]  eta: ?  loss: 1.9770 (2.3040)  accuracy: 0.5312 (0.5110)  balanced_accuracy: 0.5342 (0.5117)  f1_weighted: 0.5969 (0.5309)  time: 0.0741  data: 0.0003  max mem: 5415
Passive Test:  [  3790/?]  eta: ?  loss: 2.3198 (2.3050)  accuracy: 0.4531 (0.5110)  balanced_accuracy: 0.4892 (0.5117)  f1_weighted: 0.4346 (0.5309)  time: 0.0649  data: 0.0003  max mem: 5415
Passive Test:  [  3800/?]  eta: ?  loss: 2.3198 (2.3052)  accuracy: 0.4688 (0.5112)  balanced_accuracy: 0.5641 (0.5120)  f1_weighted: 0.5198 (0.5312)  time: 0.0669  data: 0.0003  max mem: 5415
Passive Test:  [  3810/?]  eta: ?  loss: 2.7376 (2.3084)  accuracy: 0.5000 (0.5112)  balanced_accuracy: 0.5641 (0.5119)  f1_weighted: 0.5267 (0.5313)  time: 0.0654  data: 0.0002  max mem: 5415
Passive Test:  [  3820/?]  eta: ?  loss: 3.3895 (2.3111)  accuracy: 0.4844 (0.5111)  balanced_accuracy: 0.4656 (0.5118)  f1_weighted: 0.5298 (0.5313)  time: 0.0657  data: 0.0002  max mem: 5415
Passive Test:  [  3830/?]  eta: ?  loss: 3.8075 (2.3152)  accuracy: 0.4844 (0.5110)  balanced_accuracy: 0.4406 (0.5115)  f1_weighted: 0.5148 (0.5312)  time: 0.0662  data: 0.0003  max mem: 5415
Passive Test:  [  3840/?]  eta: ?  loss: 3.7855 (2.3178)  accuracy: 0.4375 (0.5109)  balanced_accuracy: 0.4055 (0.5112)  f1_weighted: 0.5089 (0.5311)  time: 0.0664  data: 0.0003  max mem: 5415
Passive Test:  [  3850/?]  eta: ?  loss: 3.0139 (2.3188)  accuracy: 0.4688 (0.5109)  balanced_accuracy: 0.4109 (0.5111)  f1_weighted: 0.5045 (0.5311)  time: 0.0650  data: 0.0003  max mem: 5415
Passive Test:  [  3860/?]  eta: ?  loss: 2.2009 (2.3202)  accuracy: 0.4688 (0.5109)  balanced_accuracy: 0.4099 (0.5110)  f1_weighted: 0.4940 (0.5311)  time: 0.0654  data: 0.0003  max mem: 5415
Passive Test:  [  3870/?]  eta: ?  loss: 2.2131 (2.3209)  accuracy: 0.4219 (0.5109)  balanced_accuracy: 0.4642 (0.5109)  f1_weighted: 0.4978 (0.5311)  time: 0.0667  data: 0.0003  max mem: 5415
Passive Test:  [  3880/?]  eta: ?  loss: 2.0753 (2.3199)  accuracy: 0.4531 (0.5110)  balanced_accuracy: 0.4899 (0.5110)  f1_weighted: 0.5001 (0.5312)  time: 0.0647  data: 0.0003  max mem: 5415
Passive Test:  [  3890/?]  eta: ?  loss: 2.0753 (2.3199)  accuracy: 0.5000 (0.5112)  balanced_accuracy: 0.5469 (0.5111)  f1_weighted: 0.5001 (0.5313)  time: 0.0608  data: 0.0002  max mem: 5415
Passive Test:  [  3900/?]  eta: ?  loss: 2.0711 (2.3191)  accuracy: 0.6406 (0.5114)  balanced_accuracy: 0.6140 (0.5113)  f1_weighted: 0.6387 (0.5316)  time: 0.0599  data: 0.0002  max mem: 5415
Passive Test:  [  3910/?]  eta: ?  loss: 2.0711 (2.3190)  accuracy: 0.6406 (0.5117)  balanced_accuracy: 0.6123 (0.5115)  f1_weighted: 0.6656 (0.5319)  time: 0.0633  data: 0.0002  max mem: 5415
Passive Test:  [  3920/?]  eta: ?  loss: 2.2198 (2.3194)  accuracy: 0.6094 (0.5117)  balanced_accuracy: 0.5641 (0.5114)  f1_weighted: 0.6147 (0.5320)  time: 0.0651  data: 0.0003  max mem: 5415
Passive Test:  [  3930/?]  eta: ?  loss: 1.8685 (2.3183)  accuracy: 0.5938 (0.5118)  balanced_accuracy: 0.5277 (0.5115)  f1_weighted: 0.5998 (0.5323)  time: 0.0650  data: 0.0003  max mem: 5415
Passive Test:  [  3940/?]  eta: ?  loss: 1.7348 (2.3166)  accuracy: 0.5938 (0.5120)  balanced_accuracy: 0.5283 (0.5116)  f1_weighted: 0.6248 (0.5325)  time: 0.0644  data: 0.0003  max mem: 5415
Passive Test:  [  3950/?]  eta: ?  loss: 1.9252 (2.3171)  accuracy: 0.5000 (0.5119)  balanced_accuracy: 0.5205 (0.5114)  f1_weighted: 0.5714 (0.5325)  time: 0.0638  data: 0.0003  max mem: 5415
Passive Test:  [  3960/?]  eta: ?  loss: 2.6523 (2.3193)  accuracy: 0.3906 (0.5116)  balanced_accuracy: 0.4128 (0.5110)  f1_weighted: 0.4703 (0.5322)  time: 0.0735  data: 0.0003  max mem: 5415
Passive Test:  [  3970/?]  eta: ?  loss: 2.9826 (2.3208)  accuracy: 0.3906 (0.5114)  balanced_accuracy: 0.4046 (0.5108)  f1_weighted: 0.4608 (0.5320)  time: 0.0756  data: 0.0003  max mem: 5415
Passive Test:  [  3980/?]  eta: ?  loss: 2.9347 (2.3225)  accuracy: 0.4375 (0.5113)  balanced_accuracy: 0.4272 (0.5107)  f1_weighted: 0.4818 (0.5318)  time: 0.0651  data: 0.0002  max mem: 5415
Passive Test:  [  3990/?]  eta: ?  loss: 2.7117 (2.3227)  accuracy: 0.4688 (0.5114)  balanced_accuracy: 0.4923 (0.5108)  f1_weighted: 0.5167 (0.5319)  time: 0.0643  data: 0.0002  max mem: 5415
Passive Test:  [  4000/?]  eta: ?  loss: 2.2841 (2.3222)  accuracy: 0.5469 (0.5114)  balanced_accuracy: 0.4928 (0.5108)  f1_weighted: 0.5937 (0.5318)  time: 0.0661  data: 0.0003  max mem: 5415
Passive Test:  [  4010/?]  eta: ?  loss: 2.0351 (2.3211)  accuracy: 0.5781 (0.5116)  balanced_accuracy: 0.4787 (0.5109)  f1_weighted: 0.6155 (0.5319)  time: 0.0651  data: 0.0003  max mem: 5415
Passive Test:  [  4020/?]  eta: ?  loss: 2.2279 (2.3214)  accuracy: 0.5781 (0.5116)  balanced_accuracy: 0.4585 (0.5109)  f1_weighted: 0.5655 (0.5319)  time: 0.0656  data: 0.0003  max mem: 5415
Passive Test:  [  4030/?]  eta: ?  loss: 2.2279 (2.3209)  accuracy: 0.4531 (0.5116)  balanced_accuracy: 0.4415 (0.5109)  f1_weighted: 0.4195 (0.5318)  time: 0.0664  data: 0.0003  max mem: 5415
Passive Test:  [  4040/?]  eta: ?  loss: 1.9003 (2.3210)  accuracy: 0.4531 (0.5116)  balanced_accuracy: 0.4701 (0.5108)  f1_weighted: 0.3963 (0.5317)  time: 0.0655  data: 0.0002  max mem: 5415
Passive Test:  [  4050/?]  eta: ?  loss: 1.9003 (2.3202)  accuracy: 0.5000 (0.5118)  balanced_accuracy: 0.5310 (0.5110)  f1_weighted: 0.4819 (0.5318)  time: 0.0632  data: 0.0002  max mem: 5415
Passive Test:  [  4060/?]  eta: ?  loss: 1.7362 (2.3204)  accuracy: 0.4844 (0.5118)  balanced_accuracy: 0.5297 (0.5110)  f1_weighted: 0.4623 (0.5318)  time: 0.0645  data: 0.0003  max mem: 5415
Passive Test:  [  4070/?]  eta: ?  loss: 1.8116 (2.3198)  accuracy: 0.4688 (0.5118)  balanced_accuracy: 0.4808 (0.5110)  f1_weighted: 0.4363 (0.5317)  time: 0.0662  data: 0.0003  max mem: 5415
Passive Test:  [  4080/?]  eta: ?  loss: 2.0158 (2.3195)  accuracy: 0.4688 (0.5119)  balanced_accuracy: 0.4231 (0.5110)  f1_weighted: 0.4459 (0.5317)  time: 0.0667  data: 0.0003  max mem: 5415
Passive Test:  [  4090/?]  eta: ?  loss: 2.0158 (2.3183)  accuracy: 0.5156 (0.5121)  balanced_accuracy: 0.4893 (0.5112)  f1_weighted: 0.4799 (0.5319)  time: 0.0662  data: 0.0003  max mem: 5415
Passive Test:  [  4100/?]  eta: ?  loss: 1.9024 (2.3174)  accuracy: 0.5156 (0.5122)  balanced_accuracy: 0.4893 (0.5113)  f1_weighted: 0.4995 (0.5319)  time: 0.0718  data: 0.0003  max mem: 5415
Passive Test:  [  4110/?]  eta: ?  loss: 1.9024 (2.3161)  accuracy: 0.5312 (0.5123)  balanced_accuracy: 0.4954 (0.5113)  f1_weighted: 0.5010 (0.5319)  time: 0.0795  data: 0.0002  max mem: 5415
Passive Test:  [  4120/?]  eta: ?  loss: 1.8703 (2.3149)  accuracy: 0.5469 (0.5123)  balanced_accuracy: 0.4954 (0.5114)  f1_weighted: 0.5355 (0.5320)  time: 0.0724  data: 0.0002  max mem: 5415
Passive Test:  [  4130/?]  eta: ?  loss: 1.8703 (2.3145)  accuracy: 0.5312 (0.5124)  balanced_accuracy: 0.4897 (0.5113)  f1_weighted: 0.5452 (0.5319)  time: 0.0656  data: 0.0002  max mem: 5415
Passive Test:  [  4140/?]  eta: ?  loss: 2.3988 (2.3140)  accuracy: 0.4844 (0.5124)  balanced_accuracy: 0.4933 (0.5113)  f1_weighted: 0.4962 (0.5319)  time: 0.0660  data: 0.0003  max mem: 5415
Passive Test:  [  4150/?]  eta: ?  loss: 2.6587 (2.3151)  accuracy: 0.4688 (0.5124)  balanced_accuracy: 0.4933 (0.5112)  f1_weighted: 0.4621 (0.5317)  time: 0.0634  data: 0.0003  max mem: 5415
Passive Test:  [  4160/?]  eta: ?  loss: 2.9868 (2.3157)  accuracy: 0.4531 (0.5125)  balanced_accuracy: 0.4787 (0.5112)  f1_weighted: 0.4232 (0.5316)  time: 0.0676  data: 0.0002  max mem: 5415
Passive Test:  [  4170/?]  eta: ?  loss: 3.1146 (2.3164)  accuracy: 0.5000 (0.5126)  balanced_accuracy: 0.4872 (0.5112)  f1_weighted: 0.4593 (0.5316)  time: 0.0712  data: 0.0003  max mem: 5415
Passive Test:  [  4180/?]  eta: ?  loss: 3.0046 (2.3167)  accuracy: 0.5469 (0.5128)  balanced_accuracy: 0.5051 (0.5114)  f1_weighted: 0.5156 (0.5317)  time: 0.0663  data: 0.0003  max mem: 5415
Passive Test:  [  4190/?]  eta: ?  loss: 3.0590 (2.3180)  accuracy: 0.5312 (0.5129)  balanced_accuracy: 0.4959 (0.5113)  f1_weighted: 0.4848 (0.5317)  time: 0.0635  data: 0.0002  max mem: 5415
Passive Test:  [  4200/?]  eta: ?  loss: 3.1972 (2.3197)  accuracy: 0.4531 (0.5128)  balanced_accuracy: 0.4718 (0.5112)  f1_weighted: 0.4580 (0.5315)  time: 0.0706  data: 0.0003  max mem: 5415
Passive Test:  [  4210/?]  eta: ?  loss: 3.5645 (2.3233)  accuracy: 0.4219 (0.5125)  balanced_accuracy: 0.4252 (0.5110)  f1_weighted: 0.4043 (0.5311)  time: 0.0725  data: 0.0003  max mem: 5415
Passive Test:  [  4220/?]  eta: ?  loss: 3.8956 (2.3260)  accuracy: 0.3594 (0.5123)  balanced_accuracy: 0.3605 (0.5107)  f1_weighted: 0.3881 (0.5309)  time: 0.0749  data: 0.0003  max mem: 5415
Passive Test:  [  4230/?]  eta: ?  loss: 3.8077 (2.3289)  accuracy: 0.3906 (0.5121)  balanced_accuracy: 0.4374 (0.5105)  f1_weighted: 0.4164 (0.5306)  time: 0.0744  data: 0.0003  max mem: 5415
Passive Test:  [  4240/?]  eta: ?  loss: 3.6327 (2.3314)  accuracy: 0.3906 (0.5119)  balanced_accuracy: 0.3795 (0.5103)  f1_weighted: 0.4408 (0.5305)  time: 0.0639  data: 0.0003  max mem: 5415
Passive Test:  [  4250/?]  eta: ?  loss: 2.7611 (2.3332)  accuracy: 0.3906 (0.5116)  balanced_accuracy: 0.3593 (0.5100)  f1_weighted: 0.4149 (0.5302)  time: 0.0630  data: 0.0003  max mem: 5415
Passive Test:  [  4260/?]  eta: ?  loss: 3.4287 (2.3360)  accuracy: 0.4062 (0.5114)  balanced_accuracy: 0.3821 (0.5098)  f1_weighted: 0.3944 (0.5300)  time: 0.0646  data: 0.0003  max mem: 5415
Passive Test:  [  4270/?]  eta: ?  loss: 3.4612 (2.3394)  accuracy: 0.3750 (0.5112)  balanced_accuracy: 0.4051 (0.5096)  f1_weighted: 0.4065 (0.5297)  time: 0.0660  data: 0.0003  max mem: 5415
Passive Test:  [  4280/?]  eta: ?  loss: 3.3435 (2.3422)  accuracy: 0.3750 (0.5109)  balanced_accuracy: 0.3949 (0.5093)  f1_weighted: 0.3837 (0.5293)  time: 0.0662  data: 0.0003  max mem: 5415
Passive Test:  [  4290/?]  eta: ?  loss: 2.8569 (2.3448)  accuracy: 0.3750 (0.5106)  balanced_accuracy: 0.3949 (0.5091)  f1_weighted: 0.3591 (0.5289)  time: 0.0638  data: 0.0003  max mem: 5415
Passive Test:  [  4300/?]  eta: ?  loss: 2.7695 (2.3467)  accuracy: 0.4062 (0.5106)  balanced_accuracy: 0.4456 (0.5090)  f1_weighted: 0.4091 (0.5288)  time: 0.0625  data: 0.0003  max mem: 5415
Passive Test:  [  4310/?]  eta: ?  loss: 2.4843 (2.3472)  accuracy: 0.4688 (0.5105)  balanced_accuracy: 0.5030 (0.5090)  f1_weighted: 0.4605 (0.5286)  time: 0.0644  data: 0.0003  max mem: 5415
Passive Test:  [  4320/?]  eta: ?  loss: 1.6625 (2.3469)  accuracy: 0.4688 (0.5104)  balanced_accuracy: 0.5072 (0.5090)  f1_weighted: 0.4807 (0.5285)  time: 0.0665  data: 0.0003  max mem: 5415
Passive Test:  [  4330/?]  eta: ?  loss: 1.6021 (2.3457)  accuracy: 0.5000 (0.5104)  balanced_accuracy: 0.5072 (0.5090)  f1_weighted: 0.4906 (0.5285)  time: 0.0656  data: 0.0003  max mem: 5415
Passive Test:  [  4340/?]  eta: ?  loss: 1.2093 (2.3440)  accuracy: 0.5469 (0.5104)  balanced_accuracy: 0.6092 (0.5091)  f1_weighted: 0.5559 (0.5285)  time: 0.0691  data: 0.0002  max mem: 5415
Passive Test:  [  4350/?]  eta: ?  loss: 1.4152 (2.3437)  accuracy: 0.5000 (0.5103)  balanced_accuracy: 0.5210 (0.5090)  f1_weighted: 0.5449 (0.5285)  time: 0.0711  data: 0.0003  max mem: 5415
Passive Test:  [  4360/?]  eta: ?  loss: 1.5878 (2.3424)  accuracy: 0.4844 (0.5105)  balanced_accuracy: 0.4949 (0.5090)  f1_weighted: 0.5331 (0.5286)  time: 0.0654  data: 0.0003  max mem: 5415
Passive Test:  [  4370/?]  eta: ?  loss: 1.7014 (2.3414)  accuracy: 0.4844 (0.5104)  balanced_accuracy: 0.4949 (0.5089)  f1_weighted: 0.5501 (0.5285)  time: 0.0642  data: 0.0003  max mem: 5415
Passive Test:  [  4380/?]  eta: ?  loss: 1.7014 (2.3402)  accuracy: 0.4844 (0.5105)  balanced_accuracy: 0.4692 (0.5088)  f1_weighted: 0.5069 (0.5286)  time: 0.0650  data: 0.0003  max mem: 5415
Passive Test:  [  4390/?]  eta: ?  loss: 1.8947 (2.3399)  accuracy: 0.5000 (0.5104)  balanced_accuracy: 0.4672 (0.5087)  f1_weighted: 0.5069 (0.5285)  time: 0.0645  data: 0.0003  max mem: 5415
Passive Test:  [  4400/?]  eta: ?  loss: 2.1896 (2.3398)  accuracy: 0.5469 (0.5104)  balanced_accuracy: 0.4631 (0.5086)  f1_weighted: 0.5393 (0.5284)  time: 0.0661  data: 0.0003  max mem: 5415
Passive Test:  [  4410/?]  eta: ?  loss: 2.1934 (2.3406)  accuracy: 0.4531 (0.5102)  balanced_accuracy: 0.3718 (0.5083)  f1_weighted: 0.4474 (0.5281)  time: 0.0650  data: 0.0003  max mem: 5415
Passive Test:  [  4420/?]  eta: ?  loss: 2.9084 (2.3412)  accuracy: 0.3750 (0.5099)  balanced_accuracy: 0.3286 (0.5079)  f1_weighted: 0.3774 (0.5279)  time: 0.0637  data: 0.0003  max mem: 5415
Passive Test:  [  4430/?]  eta: ?  loss: 2.9235 (2.3430)  accuracy: 0.3281 (0.5096)  balanced_accuracy: 0.2728 (0.5075)  f1_weighted: 0.3482 (0.5275)  time: 0.0659  data: 0.0003  max mem: 5415
Passive Test:  [  4440/?]  eta: ?  loss: 2.6055 (2.3439)  accuracy: 0.3906 (0.5093)  balanced_accuracy: 0.3651 (0.5072)  f1_weighted: 0.3928 (0.5273)  time: 0.0654  data: 0.0002  max mem: 5415
Passive Test:  [  4450/?]  eta: ?  loss: 2.2721 (2.3432)  accuracy: 0.4375 (0.5093)  balanced_accuracy: 0.4164 (0.5071)  f1_weighted: 0.4461 (0.5273)  time: 0.0648  data: 0.0003  max mem: 5415
Passive Test:  [  4460/?]  eta: ?  loss: 1.7766 (2.3421)  accuracy: 0.4844 (0.5094)  balanced_accuracy: 0.4786 (0.5071)  f1_weighted: 0.5050 (0.5273)  time: 0.0659  data: 0.0003  max mem: 5415
Passive Test:  [  4470/?]  eta: ?  loss: 1.7527 (2.3411)  accuracy: 0.5000 (0.5094)  balanced_accuracy: 0.4786 (0.5071)  f1_weighted: 0.5548 (0.5274)  time: 0.0660  data: 0.0003  max mem: 5415
Passive Test:  [  4480/?]  eta: ?  loss: 1.8713 (2.3403)  accuracy: 0.5156 (0.5095)  balanced_accuracy: 0.5235 (0.5072)  f1_weighted: 0.5548 (0.5275)  time: 0.0660  data: 0.0003  max mem: 5415
Passive Test:  [  4490/?]  eta: ?  loss: 2.5351 (2.3415)  accuracy: 0.4062 (0.5093)  balanced_accuracy: 0.3908 (0.5069)  f1_weighted: 0.4903 (0.5274)  time: 0.0649  data: 0.0003  max mem: 5415
Passive Test:  [  4500/?]  eta: ?  loss: 2.7878 (2.3422)  accuracy: 0.4062 (0.5091)  balanced_accuracy: 0.3774 (0.5067)  f1_weighted: 0.4415 (0.5272)  time: 0.0642  data: 0.0003  max mem: 5415
Passive Test:  [  4510/?]  eta: ?  loss: 2.8278 (2.3443)  accuracy: 0.4219 (0.5088)  balanced_accuracy: 0.3779 (0.5063)  f1_weighted: 0.4246 (0.5269)  time: 0.0649  data: 0.0003  max mem: 5415
Passive Test:  [  4520/?]  eta: ?  loss: 3.2434 (2.3464)  accuracy: 0.3594 (0.5085)  balanced_accuracy: 0.3697 (0.5059)  f1_weighted: 0.3563 (0.5265)  time: 0.0619  data: 0.0003  max mem: 5415
Passive Test:  [  4530/?]  eta: ?  loss: 3.1596 (2.3480)  accuracy: 0.3594 (0.5081)  balanced_accuracy: 0.3543 (0.5055)  f1_weighted: 0.3749 (0.5261)  time: 0.0613  data: 0.0003  max mem: 5415
Passive Test:  [  4540/?]  eta: ?  loss: 2.6555 (2.3479)  accuracy: 0.3906 (0.5079)  balanced_accuracy: 0.3745 (0.5053)  f1_weighted: 0.3865 (0.5260)  time: 0.0647  data: 0.0003  max mem: 5415
Passive Test:  [  4550/?]  eta: ?  loss: 2.2059 (2.3482)  accuracy: 0.3594 (0.5076)  balanced_accuracy: 0.3897 (0.5050)  f1_weighted: 0.4178 (0.5258)  time: 0.0730  data: 0.0002  max mem: 5415
Passive Test:  [  4560/?]  eta: ?  loss: 2.2668 (2.3475)  accuracy: 0.3594 (0.5075)  balanced_accuracy: 0.3451 (0.5049)  f1_weighted: 0.4673 (0.5258)  time: 0.0724  data: 0.0002  max mem: 5415
Passive Test:  [  4570/?]  eta: ?  loss: 2.1963 (2.3469)  accuracy: 0.5000 (0.5076)  balanced_accuracy: 0.4669 (0.5050)  f1_weighted: 0.5299 (0.5259)  time: 0.0658  data: 0.0002  max mem: 5415
Passive Test:  [  4580/?]  eta: ?  loss: 1.7209 (2.3455)  accuracy: 0.5312 (0.5077)  balanced_accuracy: 0.5088 (0.5050)  f1_weighted: 0.5542 (0.5260)  time: 0.0652  data: 0.0002  max mem: 5415
Passive Test:  [  4590/?]  eta: ?  loss: 1.5989 (2.3453)  accuracy: 0.5312 (0.5077)  balanced_accuracy: 0.5088 (0.5049)  f1_weighted: 0.5170 (0.5260)  time: 0.0626  data: 0.0002  max mem: 5415
Passive Test:  [  4600/?]  eta: ?  loss: 1.5847 (2.3443)  accuracy: 0.5000 (0.5077)  balanced_accuracy: 0.5088 (0.5049)  f1_weighted: 0.4786 (0.5260)  time: 0.0628  data: 0.0002  max mem: 5415
Passive Test:  [  4610/?]  eta: ?  loss: 1.3372 (2.3430)  accuracy: 0.5781 (0.5079)  balanced_accuracy: 0.5182 (0.5051)  f1_weighted: 0.5628 (0.5261)  time: 0.0623  data: 0.0002  max mem: 5415
Passive Test:  [  4620/?]  eta: ?  loss: 1.3372 (2.3416)  accuracy: 0.5938 (0.5080)  balanced_accuracy: 0.6285 (0.5053)  f1_weighted: 0.5788 (0.5262)  time: 0.0716  data: 0.0002  max mem: 5415
Passive Test:  [  4630/?]  eta: ?  loss: 1.0459 (2.3408)  accuracy: 0.5938 (0.5080)  balanced_accuracy: 0.6492 (0.5054)  f1_weighted: 0.5870 (0.5262)  time: 0.0706  data: 0.0002  max mem: 5415
Passive Test:  [  4640/?]  eta: ?  loss: 1.2161 (2.3395)  accuracy: 0.5938 (0.5081)  balanced_accuracy: 0.6492 (0.5055)  f1_weighted: 0.5870 (0.5263)  time: 0.0612  data: 0.0002  max mem: 5415
Passive Test:  [  4650/?]  eta: ?  loss: 1.8878 (2.3394)  accuracy: 0.4688 (0.5082)  balanced_accuracy: 0.4676 (0.5056)  f1_weighted: 0.4920 (0.5263)  time: 0.0708  data: 0.0002  max mem: 5415
Passive Test:  [  4660/?]  eta: ?  loss: 2.2973 (2.3398)  accuracy: 0.4062 (0.5081)  balanced_accuracy: 0.4267 (0.5057)  f1_weighted: 0.4147 (0.5262)  time: 0.0717  data: 0.0003  max mem: 5415
Passive Test:  [  4670/?]  eta: ?  loss: 2.2511 (2.3406)  accuracy: 0.4688 (0.5080)  balanced_accuracy: 0.4737 (0.5056)  f1_weighted: 0.4965 (0.5261)  time: 0.0744  data: 0.0003  max mem: 5415
Passive Test:  [  4680/?]  eta: ?  loss: 2.5074 (2.3416)  accuracy: 0.4688 (0.5080)  balanced_accuracy: 0.4737 (0.5056)  f1_weighted: 0.4965 (0.5260)  time: 0.0719  data: 0.0002  max mem: 5415
Passive Test:  [  4690/?]  eta: ?  loss: 2.6005 (2.3421)  accuracy: 0.4219 (0.5080)  balanced_accuracy: 0.3533 (0.5057)  f1_weighted: 0.4224 (0.5260)  time: 0.0611  data: 0.0002  max mem: 5415
Passive Test:  [  4700/?]  eta: ?  loss: 1.6227 (2.3410)  accuracy: 0.5625 (0.5082)  balanced_accuracy: 0.4672 (0.5059)  f1_weighted: 0.5480 (0.5262)  time: 0.0623  data: 0.0002  max mem: 5415
Passive Test:  [  4710/?]  eta: ?  loss: 1.1250 (2.3402)  accuracy: 0.5625 (0.5084)  balanced_accuracy: 0.4672 (0.5061)  f1_weighted: 0.5480 (0.5263)  time: 0.0628  data: 0.0002  max mem: 5415
Passive Test:  [  4720/?]  eta: ?  loss: 1.1505 (2.3396)  accuracy: 0.5625 (0.5085)  balanced_accuracy: 0.4692 (0.5063)  f1_weighted: 0.5543 (0.5264)  time: 0.0629  data: 0.0002  max mem: 5415
Passive Test:  [  4730/?]  eta: ?  loss: 1.1505 (2.3384)  accuracy: 0.5625 (0.5087)  balanced_accuracy: 0.4692 (0.5064)  f1_weighted: 0.5543 (0.5266)  time: 0.0614  data: 0.0002  max mem: 5415
Passive Test:  [  4740/?]  eta: ?  loss: 1.0975 (2.3375)  accuracy: 0.5938 (0.5088)  balanced_accuracy: 0.4995 (0.5065)  f1_weighted: 0.5571 (0.5267)  time: 0.0621  data: 0.0002  max mem: 5415
Passive Test:  [  4750/?]  eta: ?  loss: 2.1400 (2.3388)  accuracy: 0.5938 (0.5088)  balanced_accuracy: 0.4995 (0.5064)  f1_weighted: 0.5571 (0.5266)  time: 0.0633  data: 0.0003  max mem: 5415
Passive Test:  [  4760/?]  eta: ?  loss: 2.1400 (2.3395)  accuracy: 0.5469 (0.5088)  balanced_accuracy: 0.4467 (0.5063)  f1_weighted: 0.5419 (0.5266)  time: 0.0625  data: 0.0002  max mem: 5415
Passive Test:  [  4770/?]  eta: ?  loss: 2.2689 (2.3406)  accuracy: 0.5000 (0.5088)  balanced_accuracy: 0.4805 (0.5063)  f1_weighted: 0.5379 (0.5266)  time: 0.0630  data: 0.0002  max mem: 5415
Passive Test:  [  4780/?]  eta: ?  loss: 2.6430 (2.3419)  accuracy: 0.4844 (0.5087)  balanced_accuracy: 0.4686 (0.5062)  f1_weighted: 0.5260 (0.5265)  time: 0.0630  data: 0.0002  max mem: 5415
Passive Test:  [  4790/?]  eta: ?  loss: 2.6535 (2.3423)  accuracy: 0.5312 (0.5088)  balanced_accuracy: 0.5310 (0.5064)  f1_weighted: 0.5502 (0.5266)  time: 0.0595  data: 0.0002  max mem: 5415
Passive Test:  [  4800/?]  eta: ?  loss: 2.7195 (2.3434)  accuracy: 0.5625 (0.5088)  balanced_accuracy: 0.6068 (0.5066)  f1_weighted: 0.5877 (0.5266)  time: 0.0588  data: 0.0002  max mem: 5415
Passive Test:  [  4810/?]  eta: ?  loss: 2.4124 (2.3440)  accuracy: 0.5312 (0.5088)  balanced_accuracy: 0.5855 (0.5067)  f1_weighted: 0.5503 (0.5266)  time: 0.0617  data: 0.0002  max mem: 5415
Passive Test:  [  4820/?]  eta: ?  loss: 2.0736 (2.3448)  accuracy: 0.5156 (0.5089)  balanced_accuracy: 0.5726 (0.5068)  f1_weighted: 0.5503 (0.5266)  time: 0.0622  data: 0.0002  max mem: 5415
Passive Test:  [  4830/?]  eta: ?  loss: 1.8680 (2.3454)  accuracy: 0.5156 (0.5089)  balanced_accuracy: 0.5822 (0.5069)  f1_weighted: 0.5292 (0.5267)  time: 0.0687  data: 0.0002  max mem: 5415
Passive Test:  [  4840/?]  eta: ?  loss: 2.4851 (2.3459)  accuracy: 0.4688 (0.5089)  balanced_accuracy: 0.5890 (0.5070)  f1_weighted: 0.5193 (0.5267)  time: 0.0685  data: 0.0002  max mem: 5415
Passive Test:  [  4850/?]  eta: ?  loss: 2.4851 (2.3466)  accuracy: 0.4219 (0.5088)  balanced_accuracy: 0.5784 (0.5069)  f1_weighted: 0.4704 (0.5267)  time: 0.0616  data: 0.0002  max mem: 5415
Passive Test:  [  4860/?]  eta: ?  loss: 1.9952 (2.3465)  accuracy: 0.4219 (0.5088)  balanced_accuracy: 0.5516 (0.5071)  f1_weighted: 0.4809 (0.5267)  time: 0.0615  data: 0.0002  max mem: 5415
Passive Test:  [  4870/?]  eta: ?  loss: 2.0795 (2.3461)  accuracy: 0.5000 (0.5089)  balanced_accuracy: 0.5516 (0.5072)  f1_weighted: 0.5252 (0.5268)  time: 0.0615  data: 0.0002  max mem: 5415
Passive Test:  [  4880/?]  eta: ?  loss: 1.9847 (2.3457)  accuracy: 0.5156 (0.5091)  balanced_accuracy: 0.5784 (0.5076)  f1_weighted: 0.5454 (0.5270)  time: 0.0613  data: 0.0002  max mem: 5415
Passive Test:  [  4890/?]  eta: ?  loss: 1.4062 (2.3444)  accuracy: 0.6406 (0.5094)  balanced_accuracy: 0.6373 (0.5080)  f1_weighted: 0.6394 (0.5272)  time: 0.0618  data: 0.0002  max mem: 5415
Passive Test:  [  4900/?]  eta: ?  loss: 1.3935 (2.3437)  accuracy: 0.6406 (0.5096)  balanced_accuracy: 0.6374 (0.5083)  f1_weighted: 0.6394 (0.5274)  time: 0.0628  data: 0.0002  max mem: 5415
Passive Test:  [  4910/?]  eta: ?  loss: 1.4145 (2.3424)  accuracy: 0.5938 (0.5098)  balanced_accuracy: 0.6325 (0.5087)  f1_weighted: 0.5855 (0.5276)  time: 0.0632  data: 0.0003  max mem: 5415
Passive Test:  [  4920/?]  eta: ?  loss: 2.3725 (2.3424)  accuracy: 0.5156 (0.5098)  balanced_accuracy: 0.6325 (0.5088)  f1_weighted: 0.5347 (0.5276)  time: 0.0635  data: 0.0003  max mem: 5415
Passive Test:  [  4930/?]  eta: ?  loss: 2.3577 (2.3419)  accuracy: 0.4844 (0.5098)  balanced_accuracy: 0.5513 (0.5089)  f1_weighted: 0.5313 (0.5275)  time: 0.0635  data: 0.0003  max mem: 5415
Passive Test:  [  4940/?]  eta: ?  loss: 2.0296 (2.3418)  accuracy: 0.4844 (0.5098)  balanced_accuracy: 0.4955 (0.5090)  f1_weighted: 0.5455 (0.5276)  time: 0.0639  data: 0.0003  max mem: 5415
Passive Test:  [  4950/?]  eta: ?  loss: 1.9908 (2.3421)  accuracy: 0.4844 (0.5097)  balanced_accuracy: 0.4703 (0.5090)  f1_weighted: 0.5491 (0.5276)  time: 0.0614  data: 0.0003  max mem: 5415
Passive Test:  [  4960/?]  eta: ?  loss: 1.9692 (2.3414)  accuracy: 0.5156 (0.5099)  balanced_accuracy: 0.4844 (0.5091)  f1_weighted: 0.5948 (0.5278)  time: 0.0596  data: 0.0002  max mem: 5415
Passive Test:  [  4970/?]  eta: ?  loss: 2.0201 (2.3413)  accuracy: 0.5312 (0.5099)  balanced_accuracy: 0.5118 (0.5092)  f1_weighted: 0.5875 (0.5279)  time: 0.0603  data: 0.0002  max mem: 5415
Passive Test:  [  4980/?]  eta: ?  loss: 2.0870 (2.3405)  accuracy: 0.5469 (0.5101)  balanced_accuracy: 0.5781 (0.5095)  f1_weighted: 0.5667 (0.5282)  time: 0.0608  data: 0.0002  max mem: 5415
Passive Test:  [  4990/?]  eta: ?  loss: 2.2306 (2.3404)  accuracy: 0.4688 (0.5101)  balanced_accuracy: 0.5938 (0.5096)  f1_weighted: 0.5934 (0.5283)  time: 0.0625  data: 0.0003  max mem: 5415
Passive Test:  [  5000/?]  eta: ?  loss: 1.7079 (2.3387)  accuracy: 0.5156 (0.5103)  balanced_accuracy: 0.5994 (0.5099)  f1_weighted: 0.6308 (0.5286)  time: 0.0628  data: 0.0003  max mem: 5415
Passive Test:  [  5010/?]  eta: ?  loss: 1.5251 (2.3370)  accuracy: 0.5938 (0.5105)  balanced_accuracy: 0.6282 (0.5101)  f1_weighted: 0.6818 (0.5288)  time: 0.0630  data: 0.0003  max mem: 5415
Passive Test:  [  5020/?]  eta: ?  loss: 0.9494 (2.3353)  accuracy: 0.5938 (0.5107)  balanced_accuracy: 0.6816 (0.5103)  f1_weighted: 0.6804 (0.5290)  time: 0.0710  data: 0.0003  max mem: 5415
Passive Test:  [  5030/?]  eta: ?  loss: 0.8897 (2.3335)  accuracy: 0.6875 (0.5109)  balanced_accuracy: 0.7065 (0.5106)  f1_weighted: 0.6974 (0.5293)  time: 0.0703  data: 0.0003  max mem: 5415
Passive Test:  [  5040/?]  eta: ?  loss: 0.7903 (2.3310)  accuracy: 0.6875 (0.5112)  balanced_accuracy: 0.7118 (0.5109)  f1_weighted: 0.7261 (0.5296)  time: 0.0730  data: 0.0003  max mem: 5415
Passive Test:  [  5050/?]  eta: ?  loss: 0.9421 (2.3297)  accuracy: 0.6250 (0.5113)  balanced_accuracy: 0.6094 (0.5109)  f1_weighted: 0.6747 (0.5297)  time: 0.0727  data: 0.0003  max mem: 5415
Passive Test:  [  5060/?]  eta: ?  loss: 1.8133 (2.3298)  accuracy: 0.5000 (0.5112)  balanced_accuracy: 0.5417 (0.5110)  f1_weighted: 0.5064 (0.5297)  time: 0.0624  data: 0.0002  max mem: 5415
Passive Test:  [  5070/?]  eta: ?  loss: 2.5291 (2.3306)  accuracy: 0.4688 (0.5111)  balanced_accuracy: 0.5098 (0.5109)  f1_weighted: 0.4773 (0.5296)  time: 0.0622  data: 0.0003  max mem: 5415
Passive Test:  [  5080/?]  eta: ?  loss: 2.9359 (2.3326)  accuracy: 0.4531 (0.5109)  balanced_accuracy: 0.4583 (0.5107)  f1_weighted: 0.4569 (0.5294)  time: 0.0712  data: 0.0003  max mem: 5415
Passive Test:  [  5090/?]  eta: ?  loss: 2.9477 (2.3335)  accuracy: 0.4062 (0.5108)  balanced_accuracy: 0.4062 (0.5106)  f1_weighted: 0.4565 (0.5294)  time: 0.0720  data: 0.0003  max mem: 5415
Passive Test:  [  5100/?]  eta: ?  loss: 2.7413 (2.3343)  accuracy: 0.4375 (0.5107)  balanced_accuracy: 0.4375 (0.5105)  f1_weighted: 0.5360 (0.5294)  time: 0.0618  data: 0.0002  max mem: 5415
Passive Test:  [  5110/?]  eta: ?  loss: 2.1422 (2.3333)  accuracy: 0.4375 (0.5107)  balanced_accuracy: 0.4375 (0.5105)  f1_weighted: 0.5905 (0.5296)  time: 0.0618  data: 0.0002  max mem: 5415
Passive Test:  [  5120/?]  eta: ?  loss: 2.0725 (2.3322)  accuracy: 0.4844 (0.5108)  balanced_accuracy: 0.4844 (0.5106)  f1_weighted: 0.6087 (0.5298)  time: 0.0686  data: 0.0003  max mem: 5415
Passive Test:  [  5130/?]  eta: ?  loss: 1.1055 (2.3294)  accuracy: 0.6250 (0.5112)  balanced_accuracy: 0.6562 (0.5110)  f1_weighted: 0.7451 (0.5304)  time: 0.0654  data: 0.0002  max mem: 5415
Passive Test:  [  5140/?]  eta: ?  loss: 0.9088 (2.3270)  accuracy: 0.6719 (0.5115)  balanced_accuracy: 0.6562 (0.5113)  f1_weighted: 0.7925 (0.5308)  time: 0.0689  data: 0.0002  max mem: 5415
Passive Test:  [  5150/?]  eta: ?  loss: 0.7193 (2.3242)  accuracy: 0.6719 (0.5119)  balanced_accuracy: 0.5521 (0.5116)  f1_weighted: 0.7727 (0.5313)  time: 0.0718  data: 0.0003  max mem: 5415
Passive Test:  [  5160/?]  eta: ?  loss: 0.7193 (2.3215)  accuracy: 0.6875 (0.5122)  balanced_accuracy: 0.5521 (0.5118)  f1_weighted: 0.7727 (0.5318)  time: 0.0625  data: 0.0002  max mem: 5415
Passive Test:  [  5170/?]  eta: ?  loss: 0.8116 (2.3186)  accuracy: 0.7031 (0.5127)  balanced_accuracy: 0.6875 (0.5121)  f1_weighted: 0.7925 (0.5324)  time: 0.0637  data: 0.0002  max mem: 5415
Passive Test:  [  5180/?]  eta: ?  loss: 0.6210 (2.3151)  accuracy: 0.7188 (0.5133)  balanced_accuracy: 0.7188 (0.5127)  f1_weighted: 0.8364 (0.5330)  time: 0.0638  data: 0.0003  max mem: 5415
Passive Test:  [  5190/?]  eta: ?  loss: 0.5684 (2.3121)  accuracy: 0.7969 (0.5138)  balanced_accuracy: 0.7812 (0.5132)  f1_weighted: 0.8772 (0.5336)  time: 0.0683  data: 0.0002  max mem: 5415
Passive Test:  [  5200/?]  eta: ?  loss: 0.6227 (2.3089)  accuracy: 0.7812 (0.5143)  balanced_accuracy: 0.8125 (0.5138)  f1_weighted: 0.8374 (0.5342)  time: 0.0689  data: 0.0002  max mem: 5415
Passive Test:  [  5210/?]  eta: ?  loss: 0.6227 (2.3061)  accuracy: 0.7500 (0.5147)  balanced_accuracy: 0.8021 (0.5143)  f1_weighted: 0.7818 (0.5347)  time: 0.0639  data: 0.0003  max mem: 5415
Passive Test:  [  5220/?]  eta: ?  loss: 0.9243 (2.3036)  accuracy: 0.7188 (0.5150)  balanced_accuracy: 0.7708 (0.5147)  f1_weighted: 0.7573 (0.5350)  time: 0.0624  data: 0.0003  max mem: 5415
Passive Test:  [  5230/?]  eta: ?  loss: 1.3262 (2.3018)  accuracy: 0.6406 (0.5153)  balanced_accuracy: 0.7396 (0.5151)  f1_weighted: 0.7071 (0.5353)  time: 0.0612  data: 0.0002  max mem: 5415
Passive Test:  [  5240/?]  eta: ?  loss: 1.2177 (2.2992)  accuracy: 0.6562 (0.5156)  balanced_accuracy: 0.7083 (0.5155)  f1_weighted: 0.7063 (0.5357)  time: 0.0625  data: 0.0003  max mem: 5415
Passive Test:  [  5250/?]  eta: ?  loss: 0.9558 (2.2971)  accuracy: 0.6562 (0.5159)  balanced_accuracy: 0.7083 (0.5158)  f1_weighted: 0.6998 (0.5360)  time: 0.0636  data: 0.0003  max mem: 5415
Passive Test:  [  5260/?]  eta: ?  loss: 0.7861 (2.2944)  accuracy: 0.5938 (0.5162)  balanced_accuracy: 0.6562 (0.5162)  f1_weighted: 0.6238 (0.5362)  time: 0.0634  data: 0.0003  max mem: 5415
Passive Test:  [  5270/?]  eta: ?  loss: 0.7861 (2.2921)  accuracy: 0.5938 (0.5164)  balanced_accuracy: 0.6562 (0.5165)  f1_weighted: 0.6195 (0.5364)  time: 0.0625  data: 0.0003  max mem: 5415
Passive Test:  [  5280/?]  eta: ?  loss: 0.7071 (2.2895)  accuracy: 0.6094 (0.5168)  balanced_accuracy: 0.6250 (0.5169)  f1_weighted: 0.6195 (0.5368)  time: 0.0620  data: 0.0003  max mem: 5415
Passive Test:  [  5290/?]  eta: ?  loss: 0.7071 (2.2874)  accuracy: 0.6094 (0.5170)  balanced_accuracy: 0.6875 (0.5172)  f1_weighted: 0.6190 (0.5371)  time: 0.0627  data: 0.0003  max mem: 5415
Passive Test:  [  5300/?]  eta: ?  loss: 0.6879 (2.2853)  accuracy: 0.7031 (0.5173)  balanced_accuracy: 0.7031 (0.5174)  f1_weighted: 0.6859 (0.5373)  time: 0.0626  data: 0.0002  max mem: 5415
Passive Test:  [  5310/?]  eta: ?  loss: 0.9274 (2.2839)  accuracy: 0.5469 (0.5174)  balanced_accuracy: 0.5469 (0.5176)  f1_weighted: 0.6153 (0.5375)  time: 0.0595  data: 0.0002  max mem: 5415
Passive Test:  [  5320/?]  eta: ?  loss: 1.5327 (2.2828)  accuracy: 0.5469 (0.5176)  balanced_accuracy: 0.5521 (0.5177)  f1_weighted: 0.6153 (0.5377)  time: 0.0609  data: 0.0002  max mem: 5415
Passive Test:  [  5330/?]  eta: ?  loss: 1.7536 (2.2834)  accuracy: 0.5000 (0.5175)  balanced_accuracy: 0.5417 (0.5176)  f1_weighted: 0.5216 (0.5375)  time: 0.0646  data: 0.0003  max mem: 5415
Passive Test:  [  5340/?]  eta: ?  loss: 2.6698 (2.2838)  accuracy: 0.3750 (0.5173)  balanced_accuracy: 0.5000 (0.5175)  f1_weighted: 0.3526 (0.5373)  time: 0.0630  data: 0.0003  max mem: 5415
Passive Test:  [  5350/?]  eta: ?  loss: 2.7167 (2.2851)  accuracy: 0.3125 (0.5169)  balanced_accuracy: 0.3125 (0.5171)  f1_weighted: 0.3454 (0.5370)  time: 0.0621  data: 0.0003  max mem: 5415
Passive Test:  [  5360/?]  eta: ?  loss: 2.8496 (2.2858)  accuracy: 0.3281 (0.5166)  balanced_accuracy: 0.3281 (0.5170)  f1_weighted: 0.3542 (0.5368)  time: 0.0635  data: 0.0003  max mem: 5415
Passive Test:  [  5370/?]  eta: ?  loss: 2.5480 (2.2858)  accuracy: 0.3750 (0.5165)  balanced_accuracy: 0.4375 (0.5169)  f1_weighted: 0.4390 (0.5369)  time: 0.0624  data: 0.0002  max mem: 5415
Passive Test:  [  5380/?]  eta: ?  loss: 1.8181 (2.2852)  accuracy: 0.5000 (0.5165)  balanced_accuracy: 0.5000 (0.5170)  f1_weighted: 0.6237 (0.5371)  time: 0.0616  data: 0.0002  max mem: 5415
Passive Test:  [  5390/?]  eta: ?  loss: 1.8181 (2.2848)  accuracy: 0.5156 (0.5166)  balanced_accuracy: 0.5156 (0.5171)  f1_weighted: 0.6667 (0.5373)  time: 0.0646  data: 0.0003  max mem: 5415
Passive Test:  [  5400/?]  eta: ?  loss: 1.4696 (2.2830)  accuracy: 0.5938 (0.5168)  balanced_accuracy: 0.5938 (0.5174)  f1_weighted: 0.7359 (0.5378)  time: 0.0643  data: 0.0002  max mem: 5415
Passive Test:  [  5410/?]  eta: ?  loss: 1.2114 (2.2806)  accuracy: 0.6875 (0.5172)  balanced_accuracy: 0.6875 (0.5178)  f1_weighted: 0.7925 (0.5383)  time: 0.0626  data: 0.0002  max mem: 5415
Passive Test:  [  5420/?]  eta: ?  loss: 1.0474 (2.2784)  accuracy: 0.6875 (0.5175)  balanced_accuracy: 0.7188 (0.5182)  f1_weighted: 0.8026 (0.5388)  time: 0.0628  data: 0.0002  max mem: 5415
Passive Test:  [  5430/?]  eta: ?  loss: 0.9617 (2.2759)  accuracy: 0.6875 (0.5179)  balanced_accuracy: 0.7188 (0.5186)  f1_weighted: 0.8148 (0.5393)  time: 0.0623  data: 0.0002  max mem: 5415
Passive Test:  [  5440/?]  eta: ?  loss: 0.9902 (2.2738)  accuracy: 0.6875 (0.5182)  balanced_accuracy: 0.6875 (0.5188)  f1_weighted: 0.8148 (0.5397)  time: 0.0607  data: 0.0002  max mem: 5415
Passive Test:  [  5450/?]  eta: ?  loss: 1.2070 (2.2718)  accuracy: 0.6094 (0.5184)  balanced_accuracy: 0.6719 (0.5191)  f1_weighted: 0.7512 (0.5401)  time: 0.0615  data: 0.0002  max mem: 5415
Passive Test:  [  5460/?]  eta: ?  loss: 1.3276 (2.2708)  accuracy: 0.5781 (0.5185)  balanced_accuracy: 0.6562 (0.5192)  f1_weighted: 0.7137 (0.5404)  time: 0.0642  data: 0.0003  max mem: 5415
Passive Test:  [  5470/?]  eta: ?  loss: 1.5507 (2.2691)  accuracy: 0.6562 (0.5188)  balanced_accuracy: 0.6562 (0.5195)  f1_weighted: 0.7137 (0.5408)  time: 0.0637  data: 0.0003  max mem: 5415
Passive Test:  [  5480/?]  eta: ?  loss: 0.9518 (2.2672)  accuracy: 0.7500 (0.5190)  balanced_accuracy: 0.7083 (0.5198)  f1_weighted: 0.7747 (0.5411)  time: 0.0602  data: 0.0002  max mem: 5415
Passive Test:  [  5490/?]  eta: ?  loss: 0.6708 (2.2650)  accuracy: 0.7500 (0.5194)  balanced_accuracy: 0.7708 (0.5202)  f1_weighted: 0.8171 (0.5415)  time: 0.0669  data: 0.0002  max mem: 5415
Passive Test:  [  5500/?]  eta: ?  loss: 0.5182 (2.2640)  accuracy: 0.7656 (0.5196)  balanced_accuracy: 0.8229 (0.5204)  f1_weighted: 0.8333 (0.5418)  time: 0.0678  data: 0.0002  max mem: 5415
Passive Test:  [  5510/?]  eta: ?  loss: 0.8774 (2.2631)  accuracy: 0.7344 (0.5198)  balanced_accuracy: 0.7858 (0.5207)  f1_weighted: 0.7664 (0.5421)  time: 0.0608  data: 0.0002  max mem: 5415
Passive Test:  [  5520/?]  eta: ?  loss: 0.9920 (2.2623)  accuracy: 0.6406 (0.5200)  balanced_accuracy: 0.7188 (0.5209)  f1_weighted: 0.7561 (0.5424)  time: 0.0619  data: 0.0002  max mem: 5415
Passive Test:  [  5530/?]  eta: ?  loss: 0.8407 (2.2613)  accuracy: 0.6250 (0.5202)  balanced_accuracy: 0.6771 (0.5212)  f1_weighted: 0.7424 (0.5427)  time: 0.0635  data: 0.0002  max mem: 5415
Passive Test:  [  5540/?]  eta: ?  loss: 0.8621 (2.2593)  accuracy: 0.6406 (0.5205)  balanced_accuracy: 0.6406 (0.5214)  f1_weighted: 0.7162 (0.5431)  time: 0.0639  data: 0.0003  max mem: 5415
Passive Test:  [  5550/?]  eta: ?  loss: 1.0607 (2.2580)  accuracy: 0.6250 (0.5207)  balanced_accuracy: 0.6585 (0.5217)  f1_weighted: 0.7162 (0.5434)  time: 0.0707  data: 0.0003  max mem: 5415
Passive Test:  [  5560/?]  eta: ?  loss: 1.7624 (2.2572)  accuracy: 0.5625 (0.5208)  balanced_accuracy: 0.6250 (0.5218)  f1_weighted: 0.6458 (0.5435)  time: 0.0691  data: 0.0002  max mem: 5415
Passive Test:  [  5570/?]  eta: ?  loss: 1.8066 (2.2571)  accuracy: 0.4688 (0.5208)  balanced_accuracy: 0.5729 (0.5219)  f1_weighted: 0.5549 (0.5436)  time: 0.0616  data: 0.0002  max mem: 5415
Passive Test:  [  5580/?]  eta: ?  loss: 2.4193 (2.2573)  accuracy: 0.3906 (0.5206)  balanced_accuracy: 0.5729 (0.5219)  f1_weighted: 0.4250 (0.5435)  time: 0.0639  data: 0.0003  max mem: 5415
Passive Test:  [  5590/?]  eta: ?  loss: 2.5606 (2.2581)  accuracy: 0.3906 (0.5205)  balanced_accuracy: 0.5521 (0.5219)  f1_weighted: 0.4536 (0.5434)  time: 0.0724  data: 0.0003  max mem: 5415
Passive Test:  [  5600/?]  eta: ?  loss: 2.6777 (2.2598)  accuracy: 0.3906 (0.5203)  balanced_accuracy: 0.5000 (0.5217)  f1_weighted: 0.4536 (0.5432)  time: 0.0798  data: 0.0003  max mem: 5415
Passive Test:  [  5610/?]  eta: ?  loss: 3.1573 (2.2616)  accuracy: 0.3438 (0.5200)  balanced_accuracy: 0.3333 (0.5215)  f1_weighted: 0.3517 (0.5430)  time: 0.0729  data: 0.0003  max mem: 5415
Passive Test:  [  5620/?]  eta: ?  loss: 2.9901 (2.2628)  accuracy: 0.3438 (0.5196)  balanced_accuracy: 0.3333 (0.5212)  f1_weighted: 0.3517 (0.5426)  time: 0.0651  data: 0.0003  max mem: 5415
Passive Test:  [  5630/?]  eta: ?  loss: 2.2822 (2.2631)  accuracy: 0.4219 (0.5194)  balanced_accuracy: 0.4062 (0.5211)  f1_weighted: 0.4448 (0.5424)  time: 0.0699  data: 0.0002  max mem: 5415
Passive Test:  [  5640/?]  eta: ?  loss: 2.0786 (2.2639)  accuracy: 0.3906 (0.5191)  balanced_accuracy: 0.3958 (0.5208)  f1_weighted: 0.3623 (0.5421)  time: 0.0674  data: 0.0002  max mem: 5415
Passive Test:  [  5650/?]  eta: ?  loss: 2.1948 (2.2653)  accuracy: 0.2969 (0.5189)  balanced_accuracy: 0.2500 (0.5206)  f1_weighted: 0.2895 (0.5418)  time: 0.0626  data: 0.0002  max mem: 5415
Passive Test:  [  5660/?]  eta: ?  loss: 2.5048 (2.2666)  accuracy: 0.3125 (0.5186)  balanced_accuracy: 0.3542 (0.5205)  f1_weighted: 0.3349 (0.5415)  time: 0.0676  data: 0.0003  max mem: 5415
Passive Test:  [  5670/?]  eta: ?  loss: 2.5048 (2.2678)  accuracy: 0.4844 (0.5186)  balanced_accuracy: 0.6146 (0.5205)  f1_weighted: 0.4887 (0.5415)  time: 0.0677  data: 0.0003  max mem: 5415
Passive Test:  [  5680/?]  eta: ?  loss: 2.5197 (2.2686)  accuracy: 0.5000 (0.5186)  balanced_accuracy: 0.6146 (0.5206)  f1_weighted: 0.5368 (0.5414)  time: 0.0656  data: 0.0003  max mem: 5415
Passive Test:  [  5690/?]  eta: ?  loss: 2.4694 (2.2691)  accuracy: 0.4531 (0.5185)  balanced_accuracy: 0.5208 (0.5205)  f1_weighted: 0.4656 (0.5414)  time: 0.0637  data: 0.0003  max mem: 5415
Passive Test:  [  5700/?]  eta: ?  loss: 2.2077 (2.2695)  accuracy: 0.4375 (0.5185)  balanced_accuracy: 0.4271 (0.5205)  f1_weighted: 0.4263 (0.5414)  time: 0.0646  data: 0.0003  max mem: 5415
Passive Test:  [  5710/?]  eta: ?  loss: 2.2077 (2.2702)  accuracy: 0.4375 (0.5185)  balanced_accuracy: 0.4479 (0.5206)  f1_weighted: 0.4891 (0.5414)  time: 0.0663  data: 0.0003  max mem: 5415
Passive Test:  [  5720/?]  eta: ?  loss: 1.9444 (2.2697)  accuracy: 0.4531 (0.5185)  balanced_accuracy: 0.4583 (0.5205)  f1_weighted: 0.4828 (0.5414)  time: 0.0665  data: 0.0003  max mem: 5415
Passive Test:  [  5730/?]  eta: ?  loss: 1.9770 (2.2714)  accuracy: 0.3906 (0.5182)  balanced_accuracy: 0.4271 (0.5203)  f1_weighted: 0.4314 (0.5411)  time: 0.0661  data: 0.0003  max mem: 5415
Passive Test:  [  5740/?]  eta: ?  loss: 3.5816 (2.2732)  accuracy: 0.2656 (0.5179)  balanced_accuracy: 0.3854 (0.5201)  f1_weighted: 0.3037 (0.5408)  time: 0.0637  data: 0.0002  max mem: 5415
Passive Test:  [  5750/?]  eta: ?  loss: 3.5513 (2.2755)  accuracy: 0.3438 (0.5176)  balanced_accuracy: 0.3958 (0.5199)  f1_weighted: 0.2933 (0.5404)  time: 0.0631  data: 0.0002  max mem: 5415
Passive Test:  [  5760/?]  eta: ?  loss: 3.1935 (2.2767)  accuracy: 0.3438 (0.5173)  balanced_accuracy: 0.3958 (0.5197)  f1_weighted: 0.3134 (0.5402)  time: 0.0647  data: 0.0003  max mem: 5415
Passive Test:  [  5770/?]  eta: ?  loss: 2.2293 (2.2770)  accuracy: 0.3750 (0.5173)  balanced_accuracy: 0.5000 (0.5198)  f1_weighted: 0.4368 (0.5401)  time: 0.0646  data: 0.0003  max mem: 5415
Passive Test:  [  5780/?]  eta: ?  loss: 1.7468 (2.2762)  accuracy: 0.5469 (0.5174)  balanced_accuracy: 0.5897 (0.5200)  f1_weighted: 0.5964 (0.5401)  time: 0.0650  data: 0.0003  max mem: 5415
Passive Test:  [  5790/?]  eta: ?  loss: 0.9506 (2.2759)  accuracy: 0.6719 (0.5175)  balanced_accuracy: 0.6875 (0.5202)  f1_weighted: 0.6960 (0.5402)  time: 0.0668  data: 0.0003  max mem: 5415
Passive Test:  [  5800/?]  eta: ?  loss: 0.9506 (2.2743)  accuracy: 0.7031 (0.5177)  balanced_accuracy: 0.7188 (0.5205)  f1_weighted: 0.7170 (0.5405)  time: 0.0649  data: 0.0003  max mem: 5415
Passive Test:  [  5810/?]  eta: ?  loss: 1.0434 (2.2723)  accuracy: 0.7031 (0.5180)  balanced_accuracy: 0.7188 (0.5209)  f1_weighted: 0.7437 (0.5408)  time: 0.0644  data: 0.0003  max mem: 5415
Passive Test:  [  5820/?]  eta: ?  loss: 0.8347 (2.2704)  accuracy: 0.6875 (0.5183)  balanced_accuracy: 0.6771 (0.5211)  f1_weighted: 0.6671 (0.5410)  time: 0.0667  data: 0.0003  max mem: 5415
Passive Test:  [  5830/?]  eta: ?  loss: 0.8406 (2.2688)  accuracy: 0.6562 (0.5185)  balanced_accuracy: 0.6354 (0.5213)  f1_weighted: 0.6617 (0.5412)  time: 0.0650  data: 0.0003  max mem: 5415
Passive Test:  [  5840/?]  eta: ?  loss: 1.0643 (2.2673)  accuracy: 0.6250 (0.5188)  balanced_accuracy: 0.5729 (0.5215)  f1_weighted: 0.6359 (0.5415)  time: 0.0646  data: 0.0003  max mem: 5415
Passive Test:  [  5850/?]  eta: ?  loss: 1.4398 (2.2660)  accuracy: 0.6406 (0.5190)  balanced_accuracy: 0.5833 (0.5215)  f1_weighted: 0.6213 (0.5416)  time: 0.0657  data: 0.0003  max mem: 5415
Passive Test:  [  5860/?]  eta: ?  loss: 1.4444 (2.2650)  accuracy: 0.6562 (0.5192)  balanced_accuracy: 0.5729 (0.5216)  f1_weighted: 0.6471 (0.5418)  time: 0.0656  data: 0.0003  max mem: 5415
Passive Test:  [  5870/?]  eta: ?  loss: 1.3907 (2.2634)  accuracy: 0.6875 (0.5195)  balanced_accuracy: 0.5938 (0.5218)  f1_weighted: 0.6824 (0.5421)  time: 0.0636  data: 0.0003  max mem: 5415
Passive Test:  [  5880/?]  eta: ?  loss: 1.3537 (2.2622)  accuracy: 0.7031 (0.5197)  balanced_accuracy: 0.6250 (0.5219)  f1_weighted: 0.6983 (0.5424)  time: 0.0637  data: 0.0003  max mem: 5415
Passive Test:  [  5890/?]  eta: ?  loss: 1.4997 (2.2609)  accuracy: 0.6719 (0.5200)  balanced_accuracy: 0.5938 (0.5220)  f1_weighted: 0.6882 (0.5426)  time: 0.0653  data: 0.0003  max mem: 5415
Passive Test:  [  5900/?]  eta: ?  loss: 1.6625 (2.2603)  accuracy: 0.6250 (0.5201)  balanced_accuracy: 0.5729 (0.5221)  f1_weighted: 0.6351 (0.5427)  time: 0.0658  data: 0.0003  max mem: 5415
Passive Test:  [  5910/?]  eta: ?  loss: 1.9803 (2.2605)  accuracy: 0.6250 (0.5202)  balanced_accuracy: 0.5000 (0.5220)  f1_weighted: 0.6835 (0.5428)  time: 0.0683  data: 0.0003  max mem: 5415
Passive Test:  [  5920/?]  eta: ?  loss: 2.0185 (2.2610)  accuracy: 0.5781 (0.5201)  balanced_accuracy: 0.4271 (0.5217)  f1_weighted: 0.6429 (0.5427)  time: 0.0720  data: 0.0003  max mem: 5415
Passive Test:  [  5930/?]  eta: ?  loss: 2.4315 (2.2624)  accuracy: 0.5000 (0.5199)  balanced_accuracy: 0.3750 (0.5214)  f1_weighted: 0.5116 (0.5425)  time: 0.0693  data: 0.0002  max mem: 5415
Passive Test:  [  5940/?]  eta: ?  loss: 2.4315 (2.2631)  accuracy: 0.4688 (0.5198)  balanced_accuracy: 0.3750 (0.5211)  f1_weighted: 0.5116 (0.5424)  time: 0.0755  data: 0.0003  max mem: 5415
Passive Test:  [  5950/?]  eta: ?  loss: 2.1738 (2.2638)  accuracy: 0.4688 (0.5197)  balanced_accuracy: 0.4062 (0.5210)  f1_weighted: 0.5221 (0.5424)  time: 0.0769  data: 0.0003  max mem: 5415
Passive Test:  [  5960/?]  eta: ?  loss: 1.6751 (2.2623)  accuracy: 0.5312 (0.5199)  balanced_accuracy: 0.5208 (0.5212)  f1_weighted: 0.5978 (0.5426)  time: 0.0638  data: 0.0002  max mem: 5415
Passive Test:  [  5970/?]  eta: ?  loss: 0.9907 (2.2613)  accuracy: 0.5625 (0.5200)  balanced_accuracy: 0.5729 (0.5212)  f1_weighted: 0.6838 (0.5428)  time: 0.0617  data: 0.0002  max mem: 5415
Passive Test:  [  5980/?]  eta: ?  loss: 0.9907 (2.2594)  accuracy: 0.5469 (0.5203)  balanced_accuracy: 0.5208 (0.5215)  f1_weighted: 0.6886 (0.5431)  time: 0.0642  data: 0.0003  max mem: 5415
Passive Test:  [  5990/?]  eta: ?  loss: 0.6897 (2.2575)  accuracy: 0.7188 (0.5207)  balanced_accuracy: 0.6250 (0.5218)  f1_weighted: 0.8095 (0.5435)  time: 0.0644  data: 0.0003  max mem: 5415
Passive Test:  [  6000/?]  eta: ?  loss: 0.3194 (2.2553)  accuracy: 0.7812 (0.5211)  balanced_accuracy: 0.7708 (0.5222)  f1_weighted: 0.8665 (0.5440)  time: 0.0690  data: 0.0003  max mem: 5415
Passive Test:  [  6010/?]  eta: ?  loss: 0.3285 (2.2549)  accuracy: 0.7812 (0.5214)  balanced_accuracy: 0.7708 (0.5224)  f1_weighted: 0.8628 (0.5442)  time: 0.0709  data: 0.0003  max mem: 5415
Passive Test:  [  6020/?]  eta: ?  loss: 1.4395 (2.2546)  accuracy: 0.6406 (0.5216)  balanced_accuracy: 0.5467 (0.5225)  f1_weighted: 0.6183 (0.5443)  time: 0.0663  data: 0.0003  max mem: 5415
Passive Test:  [  6030/?]  eta: ?  loss: 2.0727 (2.2555)  accuracy: 0.6250 (0.5216)  balanced_accuracy: 0.5312 (0.5224)  f1_weighted: 0.5812 (0.5443)  time: 0.0737  data: 0.0003  max mem: 5415
Passive Test:  [  6040/?]  eta: ?  loss: 2.0896 (2.2551)  accuracy: 0.5000 (0.5217)  balanced_accuracy: 0.4896 (0.5225)  f1_weighted: 0.4901 (0.5444)  time: 0.0740  data: 0.0003  max mem: 5415
Passive Test:  [  6050/?]  eta: ?  loss: 2.0221 (2.2544)  accuracy: 0.5000 (0.5218)  balanced_accuracy: 0.4896 (0.5225)  f1_weighted: 0.5017 (0.5445)  time: 0.0706  data: 0.0003  max mem: 5415
Passive Test:  [  6060/?]  eta: ?  loss: 2.2862 (2.2541)  accuracy: 0.4844 (0.5217)  balanced_accuracy: 0.4479 (0.5224)  f1_weighted: 0.4609 (0.5444)  time: 0.0693  data: 0.0003  max mem: 5415
Passive Test:  [  6070/?]  eta: ?  loss: 2.2862 (2.2538)  accuracy: 0.4219 (0.5217)  balanced_accuracy: 0.3333 (0.5223)  f1_weighted: 0.3863 (0.5444)  time: 0.0625  data: 0.0003  max mem: 5415
Passive Test:  [  6080/?]  eta: ?  loss: 2.0902 (2.2533)  accuracy: 0.4219 (0.5217)  balanced_accuracy: 0.3646 (0.5222)  f1_weighted: 0.4065 (0.5444)  time: 0.0626  data: 0.0003  max mem: 5415
Passive Test:  [  6090/?]  eta: ?  loss: 1.5971 (2.2524)  accuracy: 0.5156 (0.5218)  balanced_accuracy: 0.4792 (0.5222)  f1_weighted: 0.5295 (0.5445)  time: 0.0617  data: 0.0002  max mem: 5415
Passive Test:  [  6100/?]  eta: ?  loss: 1.4787 (2.2509)  accuracy: 0.6250 (0.5220)  balanced_accuracy: 0.6042 (0.5224)  f1_weighted: 0.5853 (0.5447)  time: 0.0597  data: 0.0002  max mem: 5415
Passive Test:  [  6110/?]  eta: ?  loss: 1.0346 (2.2507)  accuracy: 0.6875 (0.5220)  balanced_accuracy: 0.6354 (0.5224)  f1_weighted: 0.6314 (0.5448)  time: 0.0621  data: 0.0002  max mem: 5415
Passive Test:  [  6120/?]  eta: ?  loss: 1.4649 (2.2499)  accuracy: 0.6406 (0.5222)  balanced_accuracy: 0.6250 (0.5225)  f1_weighted: 0.6314 (0.5449)  time: 0.0759  data: 0.0003  max mem: 5415
Passive Test:  [  6130/?]  eta: ?  loss: 1.5693 (2.2488)  accuracy: 0.6250 (0.5223)  balanced_accuracy: 0.5833 (0.5226)  f1_weighted: 0.5794 (0.5450)  time: 0.0737  data: 0.0003  max mem: 5415
Passive Test:  [  6140/?]  eta: ?  loss: 0.7262 (2.2472)  accuracy: 0.6250 (0.5225)  balanced_accuracy: 0.6250 (0.5228)  f1_weighted: 0.6055 (0.5451)  time: 0.0629  data: 0.0003  max mem: 5415
Passive Test:  [  6150/?]  eta: ?  loss: 1.2567 (2.2467)  accuracy: 0.5469 (0.5226)  balanced_accuracy: 0.5469 (0.5229)  f1_weighted: 0.5831 (0.5452)  time: 0.0647  data: 0.0003  max mem: 5415
Passive Test:  [  6160/?]  eta: ?  loss: 1.7363 (2.2470)  accuracy: 0.6094 (0.5228)  balanced_accuracy: 0.5244 (0.5231)  f1_weighted: 0.5272 (0.5453)  time: 0.0627  data: 0.0002  max mem: 5415
Passive Test:  [  6170/?]  eta: ?  loss: 2.0861 (2.2471)  accuracy: 0.6562 (0.5230)  balanced_accuracy: 0.6046 (0.5234)  f1_weighted: 0.5409 (0.5454)  time: 0.0610  data: 0.0002  max mem: 5415
Passive Test:  [  6180/?]  eta: ?  loss: 1.0498 (2.2460)  accuracy: 0.7031 (0.5234)  balanced_accuracy: 0.6991 (0.5237)  f1_weighted: 0.6905 (0.5457)  time: 0.0619  data: 0.0002  max mem: 5415
Passive Test:  [  6190/?]  eta: ?  loss: 0.7615 (2.2454)  accuracy: 0.7031 (0.5237)  balanced_accuracy: 0.7121 (0.5241)  f1_weighted: 0.6905 (0.5460)  time: 0.0641  data: 0.0003  max mem: 5415
Passive Test:  [  6200/?]  eta: ?  loss: 0.7615 (2.2444)  accuracy: 0.6875 (0.5240)  balanced_accuracy: 0.6934 (0.5245)  f1_weighted: 0.6672 (0.5462)  time: 0.0635  data: 0.0003  max mem: 5415
Passive Test:  [  6210/?]  eta: ?  loss: 1.1345 (2.2446)  accuracy: 0.6562 (0.5242)  balanced_accuracy: 0.5595 (0.5246)  f1_weighted: 0.5461 (0.5463)  time: 0.0628  data: 0.0003  max mem: 5415
Passive Test:  [  6220/?]  eta: ?  loss: 0.4605 (2.2414)  accuracy: 0.8281 (0.5248)  balanced_accuracy: 0.7969 (0.5252)  f1_weighted: 0.8870 (0.5469)  time: 0.0635  data: 0.0003  max mem: 5415
Passive Test:  [  6230/?]  eta: ?  loss: 0.2544 (2.2387)  accuracy: 0.8750 (0.5253)  balanced_accuracy: 0.8438 (0.5256)  f1_weighted: 0.9314 (0.5474)  time: 0.0642  data: 0.0003  max mem: 5415
Passive Test:  [  6240/?]  eta: ?  loss: 0.4748 (2.2360)  accuracy: 0.8281 (0.5258)  balanced_accuracy: 0.7656 (0.5260)  f1_weighted: 0.8772 (0.5479)  time: 0.0644  data: 0.0003  max mem: 5415
Passive Test:  [  6250/?]  eta: ?  loss: 0.2846 (2.2331)  accuracy: 0.8906 (0.5263)  balanced_accuracy: 0.8281 (0.5265)  f1_weighted: 0.9060 (0.5485)  time: 0.0617  data: 0.0003  max mem: 5415
Passive Test:  [  6260/?]  eta: ?  loss: 0.0239 (2.2302)  accuracy: 0.9844 (0.5268)  balanced_accuracy: 0.9844 (0.5270)  f1_weighted: 0.9921 (0.5491)  time: 0.0618  data: 0.0002  max mem: 5415
Passive Test:  [  6270/?]  eta: ?  loss: 0.0586 (2.2283)  accuracy: 0.9531 (0.5271)  balanced_accuracy: 0.9531 (0.5273)  f1_weighted: 0.9760 (0.5494)  time: 0.0618  data: 0.0002  max mem: 5415
Passive Test:  [  6280/?]  eta: ?  loss: 0.0893 (2.2269)  accuracy: 0.5781 (0.5272)  balanced_accuracy: 0.5894 (0.5274)  f1_weighted: 0.7327 (0.5496)  time: 0.0660  data: 0.0002  max mem: 5415
Passive Test:  [  6290/?]  eta: ?  loss: 0.1323 (2.2256)  accuracy: 0.8438 (0.5275)  balanced_accuracy: 0.8438 (0.5277)  f1_weighted: 0.9153 (0.5499)  time: 0.0684  data: 0.0002  max mem: 5415
Passive Test:  [  6300/?]  eta: ?  loss: 0.2136 (2.2260)  accuracy: 0.8438 (0.5275)  balanced_accuracy: 0.7055 (0.5277)  f1_weighted: 0.9122 (0.5500)  time: 0.0605  data: 0.0002  max mem: 5415
Passive Test:  [  6310/?]  eta: ?  loss: 1.2786 (2.2265)  accuracy: 0.3906 (0.5275)  balanced_accuracy: 0.3906 (0.5277)  f1_weighted: 0.5618 (0.5501)  time: 0.0583  data: 0.0002  max mem: 5415
Passive Test:  [  6320/?]  eta: ?  loss: 1.3649 (2.2260)  accuracy: 0.5312 (0.5275)  balanced_accuracy: 0.5312 (0.5277)  f1_weighted: 0.6939 (0.5502)  time: 0.0618  data: 0.0003  max mem: 5415
Passive Test:  [  6330/?]  eta: ?  loss: 2.6166 (2.2288)  accuracy: 0.2969 (0.5272)  balanced_accuracy: 0.2969 (0.5274)  f1_weighted: 0.4578 (0.5499)  time: 0.0641  data: 0.0003  max mem: 5415
Passive Test:  [  6340/?]  eta: ?  loss: 3.9714 (2.2313)  accuracy: 0.1406 (0.5269)  balanced_accuracy: 0.1406 (0.5271)  f1_weighted: 0.2466 (0.5498)  time: 0.0637  data: 0.0003  max mem: 5415
Passive Test:  [  6350/?]  eta: ?  loss: 2.4909 (2.2317)  accuracy: 0.3281 (0.5268)  balanced_accuracy: 0.3281 (0.5270)  f1_weighted: 0.4941 (0.5498)  time: 0.0628  data: 0.0003  max mem: 5415
Passive Test:  [  6360/?]  eta: ?  loss: 1.5361 (2.2323)  accuracy: 0.3594 (0.5266)  balanced_accuracy: 0.3594 (0.5268)  f1_weighted: 0.5287 (0.5498)  time: 0.0630  data: 0.0003  max mem: 5415
Passive Test: Total time: 0:06:53 (0.0649 s / it)
* loss 2.233
  ACTIVE Test Acc: 54.6600% (n=69,183)
  PASSIVE Test Acc: 52.6421% (n=407,568)
  → Epoch  10/50 | Train Loss: 0.1736 | Val Loss: 2.2239 | Train Acc: 92.4410% | Val Acc: 52.9343% | LR: 0.000002
Max accuracy val: 56.39%, max accuracy test: 57.03%
  Test segment-level: 0.5313 | participant (mean prob): 0.6377 | participant (majority vote): 0.6419
Epoch: [10]  [     0/?]  eta: ?  lr: 0.000485  min_lr: 0.000002  loss: 0.1784 (0.1784)  class_acc: 0.9150 (0.9150)  loss_scale: 128.0000 (128.0000)  weight_decay: 0.0500 (0.0500)  grad_norm: 28.4967 (28.4967)  time: 21.0013  data: 20.7208  max mem: 5415
NaN or Inf found in input tensor.
Epoch: [10]  [   500/?]  eta: ?  lr: 0.000485  min_lr: 0.000002  loss: 0.1589 (0.1622)  class_acc: 0.9297 (0.9295)  loss_scale: 64.0000 (72.6866)  weight_decay: 0.0500 (0.0500)  grad_norm: 37.9607 (nan)  time: 3.8111  data: 3.2464  max mem: 5415
Epoch: [10]  [  1000/?]  eta: ?  lr: 0.000485  min_lr: 0.000002  loss: 0.1494 (0.1592)  class_acc: 0.9336 (0.9305)  loss_scale: 64.0000 (68.3477)  weight_decay: 0.0500 (0.0500)  grad_norm: 36.6469 (nan)  time: 2.3591  data: 1.8070  max mem: 5415
Epoch: [10]  [  1500/?]  eta: ?  lr: 0.000485  min_lr: 0.000002  loss: 0.1550 (0.1568)  class_acc: 0.9297 (0.9317)  loss_scale: 64.0000 (66.8994)  weight_decay: 0.0500 (0.0500)  grad_norm: 42.0986 (nan)  time: 1.5571  data: 1.0154  max mem: 5415
Epoch: [10]  [  2000/?]  eta: ?  lr: 0.000485  min_lr: 0.000002  loss: 0.1433 (0.1551)  class_acc: 0.9346 (0.9323)  loss_scale: 64.0000 (66.1749)  weight_decay: 0.0500 (0.0500)  grad_norm: 39.1800 (nan)  time: 1.3263  data: 0.7693  max mem: 5415
Epoch: [10] Total time: 1:37:18 (2.6992 s / it)
Val:  [     0/?]  eta: ?  loss: 1.7035 (1.7035)  accuracy: 0.6374 (0.6374)  balanced_accuracy: 0.6293 (0.6293)  f1_weighted: 0.6408 (0.6408)  time: 4.1013  data: 3.7255  max mem: 5415
Val:  [    10/?]  eta: ?  loss: 2.1987 (2.3919)  accuracy: 0.5410 (0.5480)  balanced_accuracy: 0.5465 (0.5393)  f1_weighted: 0.5457 (0.5540)  time: 2.0254  data: 1.8856  max mem: 5415
Val:  [    20/?]  eta: ?  loss: 2.1987 (2.3507)  accuracy: 0.5273 (0.5357)  balanced_accuracy: 0.5387 (0.5366)  f1_weighted: 0.5457 (0.5438)  time: 1.8121  data: 1.6889  max mem: 5415
Val:  [    30/?]  eta: ?  loss: 2.1819 (2.3947)  accuracy: 0.5475 (0.5505)  balanced_accuracy: 0.5747 (0.5572)  f1_weighted: 0.5607 (0.5581)  time: 1.8102  data: 1.6775  max mem: 5415
Val:  [    40/?]  eta: ?  loss: 2.1933 (2.4117)  accuracy: 0.5404 (0.5447)  balanced_accuracy: 0.5583 (0.5562)  f1_weighted: 0.5450 (0.5509)  time: 1.8086  data: 1.6738  max mem: 5415
Val:  [    50/?]  eta: ?  loss: 2.1933 (2.4394)  accuracy: 0.5345 (0.5423)  balanced_accuracy: 0.5486 (0.5513)  f1_weighted: 0.5374 (0.5517)  time: 1.7816  data: 1.6505  max mem: 5415
Val:  [    60/?]  eta: ?  loss: 2.1349 (2.3812)  accuracy: 0.5579 (0.5495)  balanced_accuracy: 0.5486 (0.5538)  f1_weighted: 0.5875 (0.5648)  time: 1.7184  data: 1.5948  max mem: 5415
Val:  [    70/?]  eta: ?  loss: 2.8117 (2.4517)  accuracy: 0.4499 (0.5359)  balanced_accuracy: 0.4679 (0.5384)  f1_weighted: 0.5501 (0.5579)  time: 1.6535  data: 1.5357  max mem: 5415
Val:  [    80/?]  eta: ?  loss: 2.8080 (2.4524)  accuracy: 0.5052 (0.5416)  balanced_accuracy: 0.5149 (0.5398)  f1_weighted: 0.5223 (0.5600)  time: 1.6446  data: 1.5201  max mem: 5415
Val:  [    90/?]  eta: ?  loss: 2.0755 (2.3836)  accuracy: 0.5983 (0.5487)  balanced_accuracy: 0.5565 (0.5452)  f1_weighted: 0.6089 (0.5667)  time: 1.6587  data: 1.5333  max mem: 5415
Val:  [   100/?]  eta: ?  loss: 2.1865 (2.3794)  accuracy: 0.5742 (0.5461)  balanced_accuracy: 0.5565 (0.5430)  f1_weighted: 0.5737 (0.5625)  time: 1.6806  data: 1.5538  max mem: 5415
Val:  [   110/?]  eta: ?  loss: 2.6030 (2.4222)  accuracy: 0.4733 (0.5420)  balanced_accuracy: 0.5035 (0.5410)  f1_weighted: 0.4938 (0.5598)  time: 1.6749  data: 1.5434  max mem: 5415
Val:  [   120/?]  eta: ?  loss: 2.5868 (2.4372)  accuracy: 0.4622 (0.5405)  balanced_accuracy: 0.4770 (0.5357)  f1_weighted: 0.5554 (0.5582)  time: 1.6495  data: 1.5270  max mem: 5415
Val:  [   130/?]  eta: ?  loss: 2.4027 (2.4369)  accuracy: 0.5072 (0.5359)  balanced_accuracy: 0.4774 (0.5329)  f1_weighted: 0.5235 (0.5551)  time: 1.6530  data: 1.5357  max mem: 5415
Val:  [   140/?]  eta: ?  loss: 2.4689 (2.4810)  accuracy: 0.4661 (0.5320)  balanced_accuracy: 0.4886 (0.5294)  f1_weighted: 0.5012 (0.5513)  time: 1.6463  data: 1.5281  max mem: 5415
Val:  [   150/?]  eta: ?  loss: 2.5172 (2.4824)  accuracy: 0.4766 (0.5309)  balanced_accuracy: 0.4835 (0.5281)  f1_weighted: 0.5539 (0.5511)  time: 1.6577  data: 1.5370  max mem: 5415
Val:  [   160/?]  eta: ?  loss: 2.3503 (2.4826)  accuracy: 0.5104 (0.5312)  balanced_accuracy: 0.5209 (0.5289)  f1_weighted: 0.5688 (0.5507)  time: 1.6648  data: 1.5455  max mem: 5415
Val:  [   170/?]  eta: ?  loss: 2.2116 (2.4684)  accuracy: 0.5306 (0.5323)  balanced_accuracy: 0.5157 (0.5258)  f1_weighted: 0.5920 (0.5528)  time: 1.6515  data: 1.5305  max mem: 5415
Val:  [   180/?]  eta: ?  loss: 2.2298 (2.4606)  accuracy: 0.5378 (0.5318)  balanced_accuracy: 0.5084 (0.5258)  f1_weighted: 0.5489 (0.5523)  time: 1.6642  data: 1.5423  max mem: 5415
Val:  [   190/?]  eta: ?  loss: 2.2034 (2.4576)  accuracy: 0.5378 (0.5320)  balanced_accuracy: 0.5433 (0.5278)  f1_weighted: 0.5444 (0.5519)  time: 1.6750  data: 1.5562  max mem: 5415
Val:  [   200/?]  eta: ?  loss: 2.1716 (2.4484)  accuracy: 0.5417 (0.5325)  balanced_accuracy: 0.5663 (0.5278)  f1_weighted: 0.5746 (0.5533)  time: 1.6676  data: 1.5476  max mem: 5415
Val:  [   210/?]  eta: ?  loss: 2.3746 (2.4574)  accuracy: 0.4954 (0.5309)  balanced_accuracy: 0.4200 (0.5244)  f1_weighted: 0.5414 (0.5528)  time: 1.6816  data: 1.5583  max mem: 5415
Val:  [   220/?]  eta: ?  loss: 2.1076 (2.4332)  accuracy: 0.5085 (0.5334)  balanced_accuracy: 0.4689 (0.5266)  f1_weighted: 0.5359 (0.5547)  time: 1.6979  data: 1.5748  max mem: 5415
Val:  [   230/?]  eta: ?  loss: 2.0018 (2.4176)  accuracy: 0.5840 (0.5365)  balanced_accuracy: 0.6658 (0.5338)  f1_weighted: 0.5841 (0.5579)  time: 1.6932  data: 1.5734  max mem: 5415
Val:  [   240/?]  eta: ?  loss: 2.5254 (2.4586)  accuracy: 0.4232 (0.5289)  balanced_accuracy: 0.4549 (0.5256)  f1_weighted: 0.4967 (0.5513)  time: 1.7045  data: 1.5796  max mem: 5415
Val:  [   250/?]  eta: ?  loss: 2.4935 (2.4374)  accuracy: 0.4141 (0.5289)  balanced_accuracy: 0.3701 (0.5259)  f1_weighted: 0.4625 (0.5520)  time: 1.7213  data: 1.5969  max mem: 5415
Val:  [   260/?]  eta: ?  loss: 2.4320 (2.4718)  accuracy: 0.4590 (0.5243)  balanced_accuracy: 0.4604 (0.5226)  f1_weighted: 0.4701 (0.5470)  time: 1.7339  data: 1.6170  max mem: 5415
Val:  [   270/?]  eta: ?  loss: 2.9213 (2.4859)  accuracy: 0.4427 (0.5233)  balanced_accuracy: 0.4410 (0.5217)  f1_weighted: 0.4550 (0.5460)  time: 1.7433  data: 1.6274  max mem: 5415
Val:  [   280/?]  eta: ?  loss: 2.5406 (2.4903)  accuracy: 0.3997 (0.5187)  balanced_accuracy: 0.4214 (0.5175)  f1_weighted: 0.5042 (0.5432)  time: 1.7501  data: 1.6340  max mem: 5415
Val:  [   290/?]  eta: ?  loss: 2.4056 (2.5001)  accuracy: 0.4258 (0.5172)  balanced_accuracy: 0.4214 (0.5158)  f1_weighted: 0.4951 (0.5412)  time: 1.7592  data: 1.6427  max mem: 5415
Val:  [   300/?]  eta: ?  loss: 1.9438 (2.4946)  accuracy: 0.5117 (0.5186)  balanced_accuracy: 0.4806 (0.5181)  f1_weighted: 0.4951 (0.5430)  time: 1.7868  data: 1.6707  max mem: 5415
Val:  [   310/?]  eta: ?  loss: 1.4643 (2.4580)  accuracy: 0.6230 (0.5223)  balanced_accuracy: 0.6139 (0.5216)  f1_weighted: 0.7091 (0.5479)  time: 1.8326  data: 1.7116  max mem: 5415
Val: Total time: 0:08:55 (1.7211 s / it)
* loss 2.458
Test:  [     0/?]  eta: ?  loss: 2.5222 (2.5222)  accuracy: 0.5632 (0.5632)  balanced_accuracy: 0.5674 (0.5674)  f1_weighted: 0.5565 (0.5565)  time: 2.6665  data: 2.5546  max mem: 5415
Test:  [    10/?]  eta: ?  loss: 2.6433 (2.7774)  accuracy: 0.5156 (0.5191)  balanced_accuracy: 0.5312 (0.5075)  f1_weighted: 0.5191 (0.5286)  time: 1.8582  data: 1.7397  max mem: 5415
Test:  [    20/?]  eta: ?  loss: 2.8246 (2.8625)  accuracy: 0.4980 (0.4955)  balanced_accuracy: 0.4685 (0.4827)  f1_weighted: 0.5102 (0.5072)  time: 1.7869  data: 1.6695  max mem: 5415
Test:  [    30/?]  eta: ?  loss: 2.9157 (2.8252)  accuracy: 0.4922 (0.5042)  balanced_accuracy: 0.4831 (0.4916)  f1_weighted: 0.5070 (0.5166)  time: 1.7110  data: 1.5894  max mem: 5415
Test:  [    40/?]  eta: ?  loss: 2.9873 (2.9085)  accuracy: 0.5365 (0.5057)  balanced_accuracy: 0.5273 (0.5007)  f1_weighted: 0.5413 (0.5177)  time: 1.5295  data: 1.4080  max mem: 5415
Test:  [    50/?]  eta: ?  loss: 2.4394 (2.8162)  accuracy: 0.5371 (0.5175)  balanced_accuracy: 0.5543 (0.5141)  f1_weighted: 0.5531 (0.5284)  time: 1.4075  data: 1.2824  max mem: 5415
Test:  [    60/?]  eta: ?  loss: 2.3952 (2.8007)  accuracy: 0.5241 (0.5125)  balanced_accuracy: 0.4991 (0.5091)  f1_weighted: 0.5303 (0.5276)  time: 1.3285  data: 1.1960  max mem: 5415
Test:  [    70/?]  eta: ?  loss: 2.2309 (2.6373)  accuracy: 0.5690 (0.5383)  balanced_accuracy: 0.5490 (0.5343)  f1_weighted: 0.5880 (0.5529)  time: 1.2396  data: 1.1163  max mem: 5415
Test:  [    80/?]  eta: ?  loss: 2.0656 (2.6347)  accuracy: 0.5885 (0.5304)  balanced_accuracy: 0.5446 (0.5224)  f1_weighted: 0.5880 (0.5418)  time: 1.2017  data: 1.0781  max mem: 5415
Test:  [    90/?]  eta: ?  loss: 2.3819 (2.6503)  accuracy: 0.4629 (0.5286)  balanced_accuracy: 0.4365 (0.5164)  f1_weighted: 0.4775 (0.5420)  time: 1.1918  data: 1.0687  max mem: 5415
Test:  [   100/?]  eta: ?  loss: 2.3673 (2.6042)  accuracy: 0.4779 (0.5229)  balanced_accuracy: 0.4054 (0.5090)  f1_weighted: 0.5016 (0.5372)  time: 1.1958  data: 1.0797  max mem: 5415
Test:  [   110/?]  eta: ?  loss: 2.1378 (2.5923)  accuracy: 0.5137 (0.5284)  balanced_accuracy: 0.5224 (0.5169)  f1_weighted: 0.5034 (0.5430)  time: 1.2186  data: 1.1020  max mem: 5415
Test:  [   120/?]  eta: ?  loss: 1.9340 (2.5985)  accuracy: 0.5905 (0.5305)  balanced_accuracy: 0.6020 (0.5223)  f1_weighted: 0.6190 (0.5441)  time: 1.2197  data: 1.1025  max mem: 5415
Test:  [   130/?]  eta: ?  loss: 2.0759 (2.5762)  accuracy: 0.5905 (0.5303)  balanced_accuracy: 0.5935 (0.5232)  f1_weighted: 0.5875 (0.5442)  time: 1.2170  data: 1.1003  max mem: 5415
Test:  [   140/?]  eta: ?  loss: 2.3942 (2.6195)  accuracy: 0.5293 (0.5290)  balanced_accuracy: 0.4559 (0.5234)  f1_weighted: 0.5767 (0.5451)  time: 1.2091  data: 1.0936  max mem: 5415
Test:  [   150/?]  eta: ?  loss: 2.9170 (2.6655)  accuracy: 0.4551 (0.5229)  balanced_accuracy: 0.4564 (0.5165)  f1_weighted: 0.4954 (0.5397)  time: 1.2065  data: 1.0885  max mem: 5415
Test:  [   160/?]  eta: ?  loss: 2.5261 (2.6309)  accuracy: 0.4551 (0.5216)  balanced_accuracy: 0.4608 (0.5152)  f1_weighted: 0.4954 (0.5373)  time: 1.2079  data: 1.0902  max mem: 5415
Test:  [   170/?]  eta: ?  loss: 2.2523 (2.6425)  accuracy: 0.4434 (0.5175)  balanced_accuracy: 0.4726 (0.5124)  f1_weighted: 0.4983 (0.5338)  time: 1.2023  data: 1.0822  max mem: 5415
Test:  [   180/?]  eta: ?  loss: 2.8469 (2.6670)  accuracy: 0.4434 (0.5160)  balanced_accuracy: 0.4726 (0.5110)  f1_weighted: 0.4983 (0.5321)  time: 1.2059  data: 1.0852  max mem: 5415
Test:  [   190/?]  eta: ?  loss: 3.0048 (2.6895)  accuracy: 0.4720 (0.5134)  balanced_accuracy: 0.4986 (0.5089)  f1_weighted: 0.4663 (0.5279)  time: 1.1990  data: 1.0833  max mem: 5415
Test:  [   200/?]  eta: ?  loss: 2.5185 (2.6661)  accuracy: 0.4837 (0.5157)  balanced_accuracy: 0.5307 (0.5119)  f1_weighted: 0.4724 (0.5296)  time: 1.2320  data: 1.1103  max mem: 5415
Test:  [   210/?]  eta: ?  loss: 1.6991 (2.6218)  accuracy: 0.5443 (0.5179)  balanced_accuracy: 0.5719 (0.5146)  f1_weighted: 0.5635 (0.5313)  time: 1.2642  data: 1.1423  max mem: 5415
Test:  [   220/?]  eta: ?  loss: 2.2542 (2.6405)  accuracy: 0.5052 (0.5152)  balanced_accuracy: 0.4460 (0.5111)  f1_weighted: 0.4878 (0.5288)  time: 1.2549  data: 1.1370  max mem: 5415
Test:  [   230/?]  eta: ?  loss: 2.6914 (2.6319)  accuracy: 0.5000 (0.5159)  balanced_accuracy: 0.4705 (0.5135)  f1_weighted: 0.4741 (0.5293)  time: 1.2591  data: 1.1408  max mem: 5415
Test:  [   240/?]  eta: ?  loss: 1.8099 (2.6269)  accuracy: 0.5716 (0.5158)  balanced_accuracy: 0.5857 (0.5147)  f1_weighted: 0.5787 (0.5304)  time: 1.2577  data: 1.1418  max mem: 5415
Test:  [   250/?]  eta: ?  loss: 2.1390 (2.6099)  accuracy: 0.5527 (0.5173)  balanced_accuracy: 0.5670 (0.5148)  f1_weighted: 0.6067 (0.5338)  time: 1.2659  data: 1.1481  max mem: 5415
Test:  [   260/?]  eta: ?  loss: 2.1390 (2.6074)  accuracy: 0.5527 (0.5174)  balanced_accuracy: 0.5559 (0.5157)  f1_weighted: 0.6006 (0.5347)  time: 1.2803  data: 1.1620  max mem: 5415
Test:  [   270/?]  eta: ?  loss: 1.9293 (2.5658)  accuracy: 0.5983 (0.5223)  balanced_accuracy: 0.5757 (0.5210)  f1_weighted: 0.6135 (0.5401)  time: 1.2848  data: 1.1630  max mem: 5415
Test:  [   280/?]  eta: ?  loss: 2.1586 (2.5830)  accuracy: 0.5579 (0.5197)  balanced_accuracy: 0.5521 (0.5190)  f1_weighted: 0.5964 (0.5379)  time: 1.2967  data: 1.1746  max mem: 5415
Test:  [   290/?]  eta: ?  loss: 3.3083 (2.6203)  accuracy: 0.3919 (0.5154)  balanced_accuracy: 0.4769 (0.5147)  f1_weighted: 0.4377 (0.5334)  time: 1.3207  data: 1.1979  max mem: 5415
Test:  [   300/?]  eta: ?  loss: 3.1907 (2.6341)  accuracy: 0.4115 (0.5127)  balanced_accuracy: 0.4339 (0.5118)  f1_weighted: 0.4377 (0.5309)  time: 1.3492  data: 1.2259  max mem: 5415
Test: Total time: 0:06:41 (1.3121 s / it)
* loss 2.634
  → Epoch  11/50 | Train Loss: 0.1545 | Val Loss: 2.4580 | Train Acc: 93.2581% | Val Acc: 52.2348% | LR: 0.000002
Max accuracy val: 56.39%, max accuracy test: 57.03%

Early stopping: validation did not improve for 10 consecutive epoch(s) (min_delta=0.002). Best checkpoint: /home/mojtabam/projects/aip-aghodsib/mojtabam/EEG/final_logs/LaBraM/labram_age_1s/output/checkpoint-best.pth
Training time 23:19:58

Loading best model from /home/mojtabam/projects/aip-aghodsib/mojtabam/EEG/final_logs/LaBraM/labram_age_1s/output/checkpoint-best.pth for final evaluation...

================================================================================
Final evaluation by task type (active/passive)
================================================================================

============================================================
Counting samples by task type...
============================================================

============================================================
Evaluating on active tasks (69,183 samples)...
============================================================
Active Test:  [     0/?]  eta: ?  loss: 1.0145 (1.0145)  accuracy: 0.5938 (0.5938)  balanced_accuracy: 0.6579 (0.6579)  f1_weighted: 0.5668 (0.5668)  time: 3.1133  data: 2.9554  max mem: 5415
Active Test:  [    10/?]  eta: ?  loss: 0.7718 (0.7580)  accuracy: 0.6875 (0.6605)  balanced_accuracy: 0.7034 (0.6901)  f1_weighted: 0.7216 (0.6901)  time: 0.3422  data: 0.2690  max mem: 5415
Active Test:  [    20/?]  eta: ?  loss: 0.6999 (0.6983)  accuracy: 0.6875 (0.6890)  balanced_accuracy: 0.7034 (0.7092)  f1_weighted: 0.7230 (0.7257)  time: 0.0634  data: 0.0003  max mem: 5415
Active Test:  [    30/?]  eta: ?  loss: 0.6510 (0.6795)  accuracy: 0.7188 (0.6971)  balanced_accuracy: 0.7510 (0.7117)  f1_weighted: 0.7234 (0.7265)  time: 0.0649  data: 0.0003  max mem: 5415
Active Test:  [    40/?]  eta: ?  loss: 0.6439 (0.6520)  accuracy: 0.7188 (0.7088)  balanced_accuracy: 0.7267 (0.7227)  f1_weighted: 0.7399 (0.7302)  time: 0.0690  data: 0.0003  max mem: 5415
Active Test:  [    50/?]  eta: ?  loss: 0.6439 (0.6559)  accuracy: 0.6875 (0.7050)  balanced_accuracy: 0.6896 (0.7168)  f1_weighted: 0.7104 (0.7263)  time: 0.0694  data: 0.0003  max mem: 5415
Active Test:  [    60/?]  eta: ?  loss: 0.6658 (0.6596)  accuracy: 0.6875 (0.7044)  balanced_accuracy: 0.6751 (0.7097)  f1_weighted: 0.7055 (0.7235)  time: 0.0706  data: 0.0003  max mem: 5415
Active Test:  [    70/?]  eta: ?  loss: 0.6764 (0.6794)  accuracy: 0.6719 (0.6937)  balanced_accuracy: 0.6595 (0.6962)  f1_weighted: 0.6806 (0.7119)  time: 0.0694  data: 0.0003  max mem: 5415
Active Test:  [    80/?]  eta: ?  loss: 0.7702 (0.6942)  accuracy: 0.6094 (0.6838)  balanced_accuracy: 0.6425 (0.6820)  f1_weighted: 0.6320 (0.7005)  time: 0.0661  data: 0.0003  max mem: 5415
Active Test:  [    90/?]  eta: ?  loss: 0.8282 (0.7074)  accuracy: 0.6094 (0.6731)  balanced_accuracy: 0.5283 (0.6695)  f1_weighted: 0.6067 (0.6876)  time: 0.0675  data: 0.0003  max mem: 5415
Active Test:  [   100/?]  eta: ?  loss: 0.9138 (0.7347)  accuracy: 0.5469 (0.6584)  balanced_accuracy: 0.5013 (0.6525)  f1_weighted: 0.5248 (0.6699)  time: 0.0776  data: 0.0003  max mem: 5415
Active Test:  [   110/?]  eta: ?  loss: 0.9477 (0.7600)  accuracy: 0.5469 (0.6472)  balanced_accuracy: 0.5013 (0.6412)  f1_weighted: 0.5061 (0.6573)  time: 0.0764  data: 0.0003  max mem: 5415
Active Test:  [   120/?]  eta: ?  loss: 0.9477 (0.7868)  accuracy: 0.5781 (0.6386)  balanced_accuracy: 0.5455 (0.6295)  f1_weighted: 0.5790 (0.6479)  time: 0.0693  data: 0.0003  max mem: 5415
Active Test:  [   130/?]  eta: ?  loss: 0.8842 (0.7958)  accuracy: 0.5469 (0.6332)  balanced_accuracy: 0.5417 (0.6236)  f1_weighted: 0.5790 (0.6426)  time: 0.0693  data: 0.0003  max mem: 5415
Active Test:  [   140/?]  eta: ?  loss: 0.8412 (0.7996)  accuracy: 0.5781 (0.6331)  balanced_accuracy: 0.5556 (0.6216)  f1_weighted: 0.5864 (0.6407)  time: 0.0660  data: 0.0003  max mem: 5415
Active Test:  [   150/?]  eta: ?  loss: 0.7775 (0.7994)  accuracy: 0.6250 (0.6352)  balanced_accuracy: 0.6231 (0.6248)  f1_weighted: 0.6470 (0.6417)  time: 0.0642  data: 0.0003  max mem: 5415
Active Test:  [   160/?]  eta: ?  loss: 0.7890 (0.8072)  accuracy: 0.5938 (0.6305)  balanced_accuracy: 0.6221 (0.6209)  f1_weighted: 0.5951 (0.6377)  time: 0.0765  data: 0.0003  max mem: 5415
Active Test:  [   170/?]  eta: ?  loss: 0.8963 (0.8145)  accuracy: 0.5469 (0.6248)  balanced_accuracy: 0.5432 (0.6150)  f1_weighted: 0.5618 (0.6341)  time: 0.0801  data: 0.0003  max mem: 5415
Active Test:  [   180/?]  eta: ?  loss: 0.9832 (0.8280)  accuracy: 0.4844 (0.6174)  balanced_accuracy: 0.5451 (0.6094)  f1_weighted: 0.5511 (0.6285)  time: 0.0776  data: 0.0003  max mem: 5415
Active Test:  [   190/?]  eta: ?  loss: 1.0540 (0.8415)  accuracy: 0.4688 (0.6107)  balanced_accuracy: 0.5287 (0.6047)  f1_weighted: 0.4662 (0.6220)  time: 0.0847  data: 0.0002  max mem: 5415
Active Test:  [   200/?]  eta: ?  loss: 1.1585 (0.8524)  accuracy: 0.4688 (0.6072)  balanced_accuracy: 0.4575 (0.6013)  f1_weighted: 0.4578 (0.6179)  time: 0.0772  data: 0.0003  max mem: 5415
Active Test:  [   210/?]  eta: ?  loss: 1.1534 (0.8713)  accuracy: 0.4844 (0.6019)  balanced_accuracy: 0.4692 (0.5954)  f1_weighted: 0.4578 (0.6114)  time: 0.0755  data: 0.0003  max mem: 5415
Active Test:  [   220/?]  eta: ?  loss: 1.0430 (0.8770)  accuracy: 0.4844 (0.6012)  balanced_accuracy: 0.4985 (0.5934)  f1_weighted: 0.5737 (0.6108)  time: 0.0771  data: 0.0003  max mem: 5415
Active Test:  [   230/?]  eta: ?  loss: 0.9397 (0.8770)  accuracy: 0.6094 (0.6019)  balanced_accuracy: 0.5482 (0.5945)  f1_weighted: 0.6077 (0.6127)  time: 0.0688  data: 0.0003  max mem: 5415
Active Test:  [   240/?]  eta: ?  loss: 0.6376 (0.8717)  accuracy: 0.6562 (0.6043)  balanced_accuracy: 0.7126 (0.5980)  f1_weighted: 0.6473 (0.6156)  time: 0.0669  data: 0.0003  max mem: 5415
Active Test:  [   250/?]  eta: ?  loss: 0.6505 (0.8681)  accuracy: 0.6562 (0.6050)  balanced_accuracy: 0.7065 (0.5974)  f1_weighted: 0.6648 (0.6172)  time: 0.0699  data: 0.0003  max mem: 5415
Active Test:  [   260/?]  eta: ?  loss: 0.6942 (0.8656)  accuracy: 0.6562 (0.6051)  balanced_accuracy: 0.6132 (0.5964)  f1_weighted: 0.6648 (0.6179)  time: 0.0700  data: 0.0003  max mem: 5415
Active Test:  [   270/?]  eta: ?  loss: 0.7176 (0.8676)  accuracy: 0.5156 (0.6045)  balanced_accuracy: 0.5314 (0.5945)  f1_weighted: 0.5605 (0.6181)  time: 0.0677  data: 0.0003  max mem: 5415
Active Test:  [   280/?]  eta: ?  loss: 0.7917 (0.8640)  accuracy: 0.5312 (0.6049)  balanced_accuracy: 0.5251 (0.5925)  f1_weighted: 0.5828 (0.6191)  time: 0.0650  data: 0.0003  max mem: 5415
Active Test:  [   290/?]  eta: ?  loss: 0.6992 (0.8579)  accuracy: 0.6406 (0.6067)  balanced_accuracy: 0.6144 (0.5924)  f1_weighted: 0.6914 (0.6221)  time: 0.0642  data: 0.0003  max mem: 5415
Active Test:  [   300/?]  eta: ?  loss: 0.7023 (0.8572)  accuracy: 0.6094 (0.6050)  balanced_accuracy: 0.5342 (0.5901)  f1_weighted: 0.6936 (0.6212)  time: 0.0654  data: 0.0003  max mem: 5415
Active Test:  [   310/?]  eta: ?  loss: 0.7990 (0.8543)  accuracy: 0.6094 (0.6047)  balanced_accuracy: 0.5342 (0.5904)  f1_weighted: 0.6407 (0.6216)  time: 0.0676  data: 0.0003  max mem: 5415
Active Test:  [   320/?]  eta: ?  loss: 0.7982 (0.8521)  accuracy: 0.6094 (0.6047)  balanced_accuracy: 0.5897 (0.5915)  f1_weighted: 0.6408 (0.6221)  time: 0.0678  data: 0.0003  max mem: 5415
Active Test:  [   330/?]  eta: ?  loss: 0.9725 (0.8580)  accuracy: 0.5469 (0.6018)  balanced_accuracy: 0.5897 (0.5899)  f1_weighted: 0.5842 (0.6193)  time: 0.0683  data: 0.0003  max mem: 5415
Active Test:  [   340/?]  eta: ?  loss: 1.0671 (0.8654)  accuracy: 0.4688 (0.5987)  balanced_accuracy: 0.5067 (0.5882)  f1_weighted: 0.4783 (0.6159)  time: 0.0713  data: 0.0003  max mem: 5415
Active Test:  [   350/?]  eta: ?  loss: 1.0809 (0.8718)  accuracy: 0.5156 (0.5967)  balanced_accuracy: 0.6082 (0.5886)  f1_weighted: 0.5222 (0.6134)  time: 0.0693  data: 0.0003  max mem: 5415
Active Test:  [   360/?]  eta: ?  loss: 0.9682 (0.8731)  accuracy: 0.5625 (0.5959)  balanced_accuracy: 0.5855 (0.5889)  f1_weighted: 0.5928 (0.6130)  time: 0.0659  data: 0.0003  max mem: 5415
Active Test:  [   370/?]  eta: ?  loss: 0.9307 (0.8723)  accuracy: 0.5625 (0.5951)  balanced_accuracy: 0.6062 (0.5904)  f1_weighted: 0.5679 (0.6119)  time: 0.0678  data: 0.0003  max mem: 5415
Active Test:  [   380/?]  eta: ?  loss: 0.8232 (0.8712)  accuracy: 0.5469 (0.5945)  balanced_accuracy: 0.6215 (0.5902)  f1_weighted: 0.5679 (0.6114)  time: 0.0761  data: 0.0003  max mem: 5415
Active Test:  [   390/?]  eta: ?  loss: 0.9079 (0.8743)  accuracy: 0.5625 (0.5924)  balanced_accuracy: 0.5877 (0.5884)  f1_weighted: 0.5779 (0.6102)  time: 0.0748  data: 0.0003  max mem: 5415
Active Test:  [   400/?]  eta: ?  loss: 0.9252 (0.8751)  accuracy: 0.5625 (0.5919)  balanced_accuracy: 0.5810 (0.5877)  f1_weighted: 0.5634 (0.6097)  time: 0.0675  data: 0.0003  max mem: 5415
Active Test:  [   410/?]  eta: ?  loss: 0.8419 (0.8764)  accuracy: 0.5781 (0.5907)  balanced_accuracy: 0.5812 (0.5864)  f1_weighted: 0.5739 (0.6086)  time: 0.0662  data: 0.0003  max mem: 5415
Active Test:  [   420/?]  eta: ?  loss: 0.8752 (0.8825)  accuracy: 0.4844 (0.5881)  balanced_accuracy: 0.4921 (0.5838)  f1_weighted: 0.5285 (0.6055)  time: 0.0663  data: 0.0003  max mem: 5415
Active Test:  [   430/?]  eta: ?  loss: 1.0592 (0.8868)  accuracy: 0.4844 (0.5866)  balanced_accuracy: 0.4921 (0.5829)  f1_weighted: 0.4868 (0.6038)  time: 0.0678  data: 0.0003  max mem: 5415
Active Test:  [   440/?]  eta: ?  loss: 1.0272 (0.8919)  accuracy: 0.4844 (0.5844)  balanced_accuracy: 0.4939 (0.5810)  f1_weighted: 0.5040 (0.6010)  time: 0.0697  data: 0.0003  max mem: 5415
Active Test:  [   450/?]  eta: ?  loss: 0.9508 (0.8916)  accuracy: 0.5156 (0.5849)  balanced_accuracy: 0.5359 (0.5817)  f1_weighted: 0.5295 (0.6013)  time: 0.0734  data: 0.0003  max mem: 5415
Active Test:  [   460/?]  eta: ?  loss: 0.7843 (0.8935)  accuracy: 0.5625 (0.5840)  balanced_accuracy: 0.5872 (0.5809)  f1_weighted: 0.5754 (0.6002)  time: 0.0712  data: 0.0003  max mem: 5415
Active Test:  [   470/?]  eta: ?  loss: 0.8672 (0.8966)  accuracy: 0.4844 (0.5825)  balanced_accuracy: 0.4676 (0.5796)  f1_weighted: 0.4920 (0.5986)  time: 0.0669  data: 0.0003  max mem: 5415
Active Test:  [   480/?]  eta: ?  loss: 0.9174 (0.9013)  accuracy: 0.4531 (0.5812)  balanced_accuracy: 0.4676 (0.5789)  f1_weighted: 0.5035 (0.5979)  time: 0.0662  data: 0.0003  max mem: 5415
Active Test:  [   490/?]  eta: ?  loss: 0.9553 (0.9061)  accuracy: 0.4688 (0.5790)  balanced_accuracy: 0.4944 (0.5771)  f1_weighted: 0.5132 (0.5962)  time: 0.0663  data: 0.0003  max mem: 5415
Active Test:  [   500/?]  eta: ?  loss: 1.1509 (0.9094)  accuracy: 0.4844 (0.5783)  balanced_accuracy: 0.4939 (0.5770)  f1_weighted: 0.5426 (0.5957)  time: 0.0679  data: 0.0003  max mem: 5415
Active Test:  [   510/?]  eta: ?  loss: 0.9159 (0.9096)  accuracy: 0.5000 (0.5779)  balanced_accuracy: 0.5108 (0.5775)  f1_weighted: 0.5730 (0.5952)  time: 0.0671  data: 0.0003  max mem: 5415
Active Test:  [   520/?]  eta: ?  loss: 0.8651 (0.9068)  accuracy: 0.5156 (0.5785)  balanced_accuracy: 0.5726 (0.5786)  f1_weighted: 0.5831 (0.5964)  time: 0.0746  data: 0.0003  max mem: 5415
Active Test:  [   530/?]  eta: ?  loss: 0.6684 (0.9034)  accuracy: 0.6562 (0.5798)  balanced_accuracy: 0.6991 (0.5805)  f1_weighted: 0.6805 (0.5979)  time: 0.0813  data: 0.0003  max mem: 5415
Active Test:  [   540/?]  eta: ?  loss: 0.6968 (0.8997)  accuracy: 0.6562 (0.5812)  balanced_accuracy: 0.6991 (0.5825)  f1_weighted: 0.7076 (0.5998)  time: 0.0749  data: 0.0003  max mem: 5415
Active Test:  [   550/?]  eta: ?  loss: 0.6814 (0.8964)  accuracy: 0.6562 (0.5823)  balanced_accuracy: 0.6708 (0.5840)  f1_weighted: 0.6814 (0.6013)  time: 0.0711  data: 0.0003  max mem: 5415
Active Test:  [   560/?]  eta: ?  loss: 0.7224 (0.8943)  accuracy: 0.6562 (0.5827)  balanced_accuracy: 0.6662 (0.5844)  f1_weighted: 0.6814 (0.6024)  time: 0.0688  data: 0.0003  max mem: 5415
Active Test:  [   570/?]  eta: ?  loss: 0.7224 (0.8914)  accuracy: 0.6562 (0.5835)  balanced_accuracy: 0.6360 (0.5849)  f1_weighted: 0.7126 (0.6038)  time: 0.0667  data: 0.0003  max mem: 5415
Active Test:  [   580/?]  eta: ?  loss: 0.7190 (0.8894)  accuracy: 0.6406 (0.5838)  balanced_accuracy: 0.6360 (0.5856)  f1_weighted: 0.6973 (0.6043)  time: 0.0742  data: 0.0003  max mem: 5415
Active Test:  [   590/?]  eta: ?  loss: 0.9137 (0.8942)  accuracy: 0.4688 (0.5823)  balanced_accuracy: 0.5104 (0.5842)  f1_weighted: 0.5000 (0.6026)  time: 0.0755  data: 0.0003  max mem: 5415
Active Test:  [   600/?]  eta: ?  loss: 1.1966 (0.9010)  accuracy: 0.4062 (0.5808)  balanced_accuracy: 0.4062 (0.5821)  f1_weighted: 0.4605 (0.6010)  time: 0.0690  data: 0.0004  max mem: 5415
Active Test:  [   610/?]  eta: ?  loss: 1.0999 (0.9045)  accuracy: 0.4688 (0.5794)  balanced_accuracy: 0.4479 (0.5808)  f1_weighted: 0.5335 (0.5999)  time: 0.0778  data: 0.0003  max mem: 5415
Active Test:  [   620/?]  eta: ?  loss: 0.9238 (0.9068)  accuracy: 0.4844 (0.5775)  balanced_accuracy: 0.4824 (0.5790)  f1_weighted: 0.5274 (0.5980)  time: 0.0749  data: 0.0003  max mem: 5415
Active Test:  [   630/?]  eta: ?  loss: 0.7661 (0.9045)  accuracy: 0.5781 (0.5777)  balanced_accuracy: 0.5938 (0.5794)  f1_weighted: 0.5846 (0.5979)  time: 0.0639  data: 0.0003  max mem: 5415
Active Test:  [   640/?]  eta: ?  loss: 0.7466 (0.9062)  accuracy: 0.6406 (0.5771)  balanced_accuracy: 0.6552 (0.5789)  f1_weighted: 0.6410 (0.5972)  time: 0.0747  data: 0.0003  max mem: 5415
Active Test:  [   650/?]  eta: ?  loss: 0.6508 (0.9048)  accuracy: 0.6562 (0.5783)  balanced_accuracy: 0.6562 (0.5802)  f1_weighted: 0.6907 (0.5984)  time: 0.0763  data: 0.0003  max mem: 5415
Active Test:  [   660/?]  eta: ?  loss: 0.6580 (0.9069)  accuracy: 0.6562 (0.5777)  balanced_accuracy: 0.6146 (0.5791)  f1_weighted: 0.7287 (0.5979)  time: 0.0670  data: 0.0003  max mem: 5415
Active Test:  [   670/?]  eta: ?  loss: 0.8221 (0.9084)  accuracy: 0.6250 (0.5777)  balanced_accuracy: 0.5366 (0.5788)  f1_weighted: 0.6477 (0.5984)  time: 0.0666  data: 0.0003  max mem: 5415
Active Test:  [   680/?]  eta: ?  loss: 0.8221 (0.9074)  accuracy: 0.5781 (0.5782)  balanced_accuracy: 0.5366 (0.5787)  f1_weighted: 0.5545 (0.5990)  time: 0.0666  data: 0.0003  max mem: 5415
Active Test:  [   690/?]  eta: ?  loss: 0.7726 (0.9073)  accuracy: 0.5625 (0.5775)  balanced_accuracy: 0.5469 (0.5782)  f1_weighted: 0.5647 (0.5985)  time: 0.0649  data: 0.0003  max mem: 5415
Active Test:  [   700/?]  eta: ?  loss: 0.7280 (0.9052)  accuracy: 0.5625 (0.5785)  balanced_accuracy: 0.6250 (0.5792)  f1_weighted: 0.6277 (0.5996)  time: 0.0657  data: 0.0003  max mem: 5415
Active Test:  [   710/?]  eta: ?  loss: 0.7420 (0.9059)  accuracy: 0.5938 (0.5784)  balanced_accuracy: 0.6250 (0.5789)  f1_weighted: 0.6935 (0.5996)  time: 0.0675  data: 0.0003  max mem: 5415
Active Test:  [   720/?]  eta: ?  loss: 0.9048 (0.9068)  accuracy: 0.5156 (0.5780)  balanced_accuracy: 0.5156 (0.5786)  f1_weighted: 0.5433 (0.5992)  time: 0.0675  data: 0.0003  max mem: 5415
Active Test:  [   730/?]  eta: ?  loss: 0.9048 (0.9062)  accuracy: 0.5000 (0.5779)  balanced_accuracy: 0.5156 (0.5783)  f1_weighted: 0.5263 (0.5991)  time: 0.0678  data: 0.0003  max mem: 5415
Active Test:  [   740/?]  eta: ?  loss: 0.7723 (0.9055)  accuracy: 0.6406 (0.5786)  balanced_accuracy: 0.5833 (0.5783)  f1_weighted: 0.6197 (0.5994)  time: 0.0687  data: 0.0003  max mem: 5415
Active Test:  [   750/?]  eta: ?  loss: 0.7761 (0.9050)  accuracy: 0.5938 (0.5786)  balanced_accuracy: 0.5000 (0.5775)  f1_weighted: 0.6036 (0.5991)  time: 0.0663  data: 0.0003  max mem: 5415
Active Test:  [   760/?]  eta: ?  loss: 0.7810 (0.9038)  accuracy: 0.5312 (0.5789)  balanced_accuracy: 0.6042 (0.5787)  f1_weighted: 0.5523 (0.5998)  time: 0.0651  data: 0.0003  max mem: 5415
Active Test:  [   770/?]  eta: ?  loss: 0.7391 (0.9018)  accuracy: 0.5938 (0.5795)  balanced_accuracy: 0.6444 (0.5792)  f1_weighted: 0.6765 (0.6008)  time: 0.0671  data: 0.0002  max mem: 5415
Active Test:  [   780/?]  eta: ?  loss: 0.7322 (0.9004)  accuracy: 0.6094 (0.5794)  balanced_accuracy: 0.5938 (0.5791)  f1_weighted: 0.6722 (0.6008)  time: 0.0677  data: 0.0003  max mem: 5415
Active Test:  [   790/?]  eta: ?  loss: 0.7480 (0.8981)  accuracy: 0.6094 (0.5802)  balanced_accuracy: 0.6094 (0.5800)  f1_weighted: 0.6390 (0.6018)  time: 0.0671  data: 0.0003  max mem: 5415
Active Test:  [   800/?]  eta: ?  loss: 0.8209 (0.8975)  accuracy: 0.5938 (0.5797)  balanced_accuracy: 0.5938 (0.5793)  f1_weighted: 0.6334 (0.6017)  time: 0.0681  data: 0.0003  max mem: 5415
Active Test:  [   810/?]  eta: ?  loss: 0.8302 (0.8967)  accuracy: 0.5938 (0.5797)  balanced_accuracy: 0.5938 (0.5791)  f1_weighted: 0.5926 (0.6022)  time: 0.0674  data: 0.0003  max mem: 5415
Active Test:  [   820/?]  eta: ?  loss: 0.8769 (0.8979)  accuracy: 0.4688 (0.5783)  balanced_accuracy: 0.4531 (0.5773)  f1_weighted: 0.5280 (0.6007)  time: 0.0655  data: 0.0003  max mem: 5415
Active Test:  [   830/?]  eta: ?  loss: 1.0178 (0.8996)  accuracy: 0.4531 (0.5768)  balanced_accuracy: 0.3958 (0.5755)  f1_weighted: 0.4754 (0.5994)  time: 0.0670  data: 0.0003  max mem: 5415
Active Test:  [   840/?]  eta: ?  loss: 0.9884 (0.9002)  accuracy: 0.4375 (0.5755)  balanced_accuracy: 0.3958 (0.5741)  f1_weighted: 0.4683 (0.5983)  time: 0.0671  data: 0.0003  max mem: 5415
Active Test:  [   850/?]  eta: ?  loss: 0.9741 (0.9013)  accuracy: 0.4375 (0.5741)  balanced_accuracy: 0.4167 (0.5728)  f1_weighted: 0.4683 (0.5969)  time: 0.0658  data: 0.0003  max mem: 5415
Active Test:  [   860/?]  eta: ?  loss: 0.9671 (0.9016)  accuracy: 0.4688 (0.5735)  balanced_accuracy: 0.4896 (0.5724)  f1_weighted: 0.5364 (0.5964)  time: 0.0671  data: 0.0003  max mem: 5415
Active Test:  [   870/?]  eta: ?  loss: 0.9014 (0.9037)  accuracy: 0.5000 (0.5725)  balanced_accuracy: 0.5208 (0.5711)  f1_weighted: 0.5428 (0.5956)  time: 0.0688  data: 0.0003  max mem: 5415
Active Test:  [   880/?]  eta: ?  loss: 1.0126 (0.9056)  accuracy: 0.4844 (0.5715)  balanced_accuracy: 0.4563 (0.5701)  f1_weighted: 0.5186 (0.5944)  time: 0.0695  data: 0.0003  max mem: 5415
Active Test:  [   890/?]  eta: ?  loss: 1.0689 (0.9077)  accuracy: 0.4219 (0.5706)  balanced_accuracy: 0.4127 (0.5690)  f1_weighted: 0.5136 (0.5935)  time: 0.0701  data: 0.0003  max mem: 5415
Active Test:  [   900/?]  eta: ?  loss: 1.1125 (0.9096)  accuracy: 0.3906 (0.5694)  balanced_accuracy: 0.3838 (0.5675)  f1_weighted: 0.5053 (0.5924)  time: 0.0694  data: 0.0003  max mem: 5415
Active Test:  [   910/?]  eta: ?  loss: 0.9543 (0.9087)  accuracy: 0.4844 (0.5701)  balanced_accuracy: 0.4801 (0.5681)  f1_weighted: 0.5695 (0.5934)  time: 0.0679  data: 0.0003  max mem: 5415
Active Test:  [   920/?]  eta: ?  loss: 0.8476 (0.9081)  accuracy: 0.5781 (0.5706)  balanced_accuracy: 0.5312 (0.5683)  f1_weighted: 0.5938 (0.5938)  time: 0.0655  data: 0.0003  max mem: 5415
Active Test:  [   930/?]  eta: ?  loss: 0.8107 (0.9066)  accuracy: 0.6250 (0.5714)  balanced_accuracy: 0.6250 (0.5693)  f1_weighted: 0.6939 (0.5950)  time: 0.0654  data: 0.0003  max mem: 5415
Active Test:  [   940/?]  eta: ?  loss: 0.8280 (0.9071)  accuracy: 0.6094 (0.5710)  balanced_accuracy: 0.6127 (0.5688)  f1_weighted: 0.6423 (0.5949)  time: 0.0672  data: 0.0003  max mem: 5415
Active Test:  [   950/?]  eta: ?  loss: 0.8866 (0.9074)  accuracy: 0.5781 (0.5710)  balanced_accuracy: 0.5743 (0.5688)  f1_weighted: 0.5950 (0.5953)  time: 0.0697  data: 0.0003  max mem: 5415
Active Test:  [   960/?]  eta: ?  loss: 0.7648 (0.9043)  accuracy: 0.6406 (0.5726)  balanced_accuracy: 0.6984 (0.5706)  f1_weighted: 0.7089 (0.5972)  time: 0.0825  data: 0.0003  max mem: 5415
Active Test:  [   970/?]  eta: ?  loss: 0.6149 (0.9029)  accuracy: 0.7344 (0.5736)  balanced_accuracy: 0.7262 (0.5716)  f1_weighted: 0.7537 (0.5987)  time: 0.0818  data: 0.0003  max mem: 5415
Active Test:  [   980/?]  eta: ?  loss: 0.6845 (0.9019)  accuracy: 0.6406 (0.5743)  balanced_accuracy: 0.7031 (0.5725)  f1_weighted: 0.7483 (0.6000)  time: 0.0700  data: 0.0003  max mem: 5415
Active Test:  [   990/?]  eta: ?  loss: 0.6845 (0.9012)  accuracy: 0.7031 (0.5748)  balanced_accuracy: 0.7031 (0.5729)  f1_weighted: 0.7620 (0.6007)  time: 0.0686  data: 0.0003  max mem: 5415
Active Test:  [  1000/?]  eta: ?  loss: 0.8203 (0.9030)  accuracy: 0.6719 (0.5746)  balanced_accuracy: 0.6290 (0.5728)  f1_weighted: 0.6527 (0.5999)  time: 0.0676  data: 0.0003  max mem: 5415
Active Test:  [  1010/?]  eta: ?  loss: 0.7581 (0.9022)  accuracy: 0.6562 (0.5753)  balanced_accuracy: 0.6775 (0.5737)  f1_weighted: 0.6527 (0.6004)  time: 0.0766  data: 0.0003  max mem: 5415
Active Test:  [  1020/?]  eta: ?  loss: 0.7581 (0.9022)  accuracy: 0.6094 (0.5752)  balanced_accuracy: 0.6589 (0.5739)  f1_weighted: 0.6415 (0.6005)  time: 0.0766  data: 0.0003  max mem: 5415
Active Test:  [  1030/?]  eta: ?  loss: 0.7722 (0.9008)  accuracy: 0.5938 (0.5759)  balanced_accuracy: 0.6578 (0.5747)  f1_weighted: 0.6478 (0.6015)  time: 0.0688  data: 0.0003  max mem: 5415
Active Test:  [  1040/?]  eta: ?  loss: 0.8242 (0.9021)  accuracy: 0.5625 (0.5752)  balanced_accuracy: 0.5882 (0.5740)  f1_weighted: 0.6478 (0.6013)  time: 0.0692  data: 0.0003  max mem: 5415
Active Test:  [  1050/?]  eta: ?  loss: 0.9060 (0.9042)  accuracy: 0.5000 (0.5740)  balanced_accuracy: 0.4995 (0.5730)  f1_weighted: 0.6087 (0.6007)  time: 0.0758  data: 0.0003  max mem: 5415
Active Test:  [  1060/?]  eta: ?  loss: 0.8497 (0.9049)  accuracy: 0.4531 (0.5728)  balanced_accuracy: 0.4531 (0.5720)  f1_weighted: 0.4941 (0.5999)  time: 0.0748  data: 0.0003  max mem: 5415
Active Test:  [  1070/?]  eta: ?  loss: 0.8465 (0.9044)  accuracy: 0.4531 (0.5724)  balanced_accuracy: 0.4531 (0.5718)  f1_weighted: 0.5451 (0.6000)  time: 0.0760  data: 0.0003  max mem: 5415
Active Test: Total time: 0:01:19 (0.0732 s / it)
* loss 0.905

============================================================
Evaluating on passive tasks (407,568 samples)...
============================================================
Passive Test:  [     0/?]  eta: ?  loss: 0.4191 (0.4191)  accuracy: 0.7344 (0.7344)  balanced_accuracy: 0.6026 (0.6026)  f1_weighted: 0.6931 (0.6931)  time: 1.2880  data: 1.1911  max mem: 5415
Passive Test:  [    10/?]  eta: ?  loss: 0.9414 (0.9315)  accuracy: 0.4375 (0.5128)  balanced_accuracy: 0.4359 (0.4877)  f1_weighted: 0.4577 (0.5118)  time: 0.1866  data: 0.1086  max mem: 5415
Passive Test:  [    20/?]  eta: ?  loss: 0.9414 (0.9642)  accuracy: 0.4844 (0.5141)  balanced_accuracy: 0.4359 (0.4820)  f1_weighted: 0.4645 (0.5108)  time: 0.0731  data: 0.0003  max mem: 5415
Passive Test:  [    30/?]  eta: ?  loss: 0.9604 (1.0027)  accuracy: 0.5156 (0.4975)  balanced_accuracy: 0.4359 (0.4732)  f1_weighted: 0.5211 (0.4985)  time: 0.0679  data: 0.0003  max mem: 5415
Passive Test:  [    40/?]  eta: ?  loss: 0.9610 (0.9926)  accuracy: 0.5156 (0.5099)  balanced_accuracy: 0.4856 (0.4828)  f1_weighted: 0.5251 (0.5121)  time: 0.0640  data: 0.0003  max mem: 5415
Passive Test:  [    50/?]  eta: ?  loss: 0.9626 (1.0073)  accuracy: 0.5156 (0.5043)  balanced_accuracy: 0.4828 (0.4798)  f1_weighted: 0.5208 (0.5057)  time: 0.0623  data: 0.0002  max mem: 5415
Passive Test:  [    60/?]  eta: ?  loss: 0.9626 (0.9972)  accuracy: 0.5156 (0.5207)  balanced_accuracy: 0.4464 (0.4927)  f1_weighted: 0.4479 (0.5195)  time: 0.0631  data: 0.0003  max mem: 5415
Passive Test:  [    70/?]  eta: ?  loss: 0.8927 (0.9864)  accuracy: 0.5156 (0.5255)  balanced_accuracy: 0.4464 (0.4956)  f1_weighted: 0.4945 (0.5249)  time: 0.0633  data: 0.0003  max mem: 5415
Passive Test:  [    80/?]  eta: ?  loss: 0.8753 (0.9784)  accuracy: 0.5000 (0.5270)  balanced_accuracy: 0.4514 (0.4990)  f1_weighted: 0.5019 (0.5283)  time: 0.0635  data: 0.0003  max mem: 5415
Passive Test:  [    90/?]  eta: ?  loss: 0.8574 (0.9625)  accuracy: 0.5312 (0.5367)  balanced_accuracy: 0.5196 (0.5076)  f1_weighted: 0.5398 (0.5376)  time: 0.0650  data: 0.0003  max mem: 5415
Passive Test:  [   100/?]  eta: ?  loss: 0.8574 (0.9505)  accuracy: 0.5781 (0.5424)  balanced_accuracy: 0.5287 (0.5156)  f1_weighted: 0.5633 (0.5443)  time: 0.0653  data: 0.0003  max mem: 5415
Passive Test:  [   110/?]  eta: ?  loss: 0.7492 (0.9384)  accuracy: 0.5781 (0.5495)  balanced_accuracy: 0.5439 (0.5226)  f1_weighted: 0.5679 (0.5516)  time: 0.0650  data: 0.0003  max mem: 5415
Passive Test:  [   120/?]  eta: ?  loss: 0.7492 (0.9249)  accuracy: 0.6094 (0.5550)  balanced_accuracy: 0.5754 (0.5291)  f1_weighted: 0.6076 (0.5577)  time: 0.0637  data: 0.0003  max mem: 5415
Passive Test:  [   130/?]  eta: ?  loss: 0.7810 (0.9105)  accuracy: 0.5938 (0.5608)  balanced_accuracy: 0.6093 (0.5367)  f1_weighted: 0.6024 (0.5636)  time: 0.0633  data: 0.0002  max mem: 5415
Passive Test:  [   140/?]  eta: ?  loss: 0.7739 (0.8964)  accuracy: 0.5938 (0.5670)  balanced_accuracy: 0.6093 (0.5435)  f1_weighted: 0.5957 (0.5701)  time: 0.0644  data: 0.0003  max mem: 5415
Passive Test:  [   150/?]  eta: ?  loss: 0.7535 (0.8863)  accuracy: 0.6406 (0.5724)  balanced_accuracy: 0.6549 (0.5502)  f1_weighted: 0.6510 (0.5755)  time: 0.0723  data: 0.0003  max mem: 5415
Passive Test:  [   160/?]  eta: ?  loss: 0.7535 (0.8881)  accuracy: 0.6250 (0.5710)  balanced_accuracy: 0.6296 (0.5502)  f1_weighted: 0.6398 (0.5743)  time: 0.0704  data: 0.0002  max mem: 5415
Passive Test:  [   170/?]  eta: ?  loss: 0.9149 (0.8946)  accuracy: 0.5938 (0.5684)  balanced_accuracy: 0.5862 (0.5498)  f1_weighted: 0.6203 (0.5725)  time: 0.0619  data: 0.0002  max mem: 5415
Passive Test:  [   180/?]  eta: ?  loss: 0.8564 (0.8957)  accuracy: 0.4531 (0.5672)  balanced_accuracy: 0.4579 (0.5506)  f1_weighted: 0.4922 (0.5724)  time: 0.0637  data: 0.0003  max mem: 5415
Passive Test:  [   190/?]  eta: ?  loss: 0.8998 (0.8975)  accuracy: 0.4688 (0.5672)  balanced_accuracy: 0.4579 (0.5520)  f1_weighted: 0.4922 (0.5734)  time: 0.0637  data: 0.0003  max mem: 5415
Passive Test:  [   200/?]  eta: ?  loss: 0.8998 (0.9005)  accuracy: 0.4688 (0.5658)  balanced_accuracy: 0.4494 (0.5507)  f1_weighted: 0.4871 (0.5738)  time: 0.0632  data: 0.0003  max mem: 5415
Passive Test:  [   210/?]  eta: ?  loss: 0.7137 (0.9039)  accuracy: 0.5000 (0.5648)  balanced_accuracy: 0.4696 (0.5498)  f1_weighted: 0.5100 (0.5745)  time: 0.0644  data: 0.0003  max mem: 5415
Passive Test:  [   220/?]  eta: ?  loss: 0.7137 (0.9039)  accuracy: 0.5469 (0.5648)  balanced_accuracy: 0.5732 (0.5497)  f1_weighted: 0.5826 (0.5767)  time: 0.0639  data: 0.0003  max mem: 5415
Passive Test:  [   230/?]  eta: ?  loss: 0.7385 (0.9011)  accuracy: 0.5938 (0.5664)  balanced_accuracy: 0.5732 (0.5513)  f1_weighted: 0.6178 (0.5798)  time: 0.0624  data: 0.0002  max mem: 5415
Passive Test:  [   240/?]  eta: ?  loss: 0.7385 (0.9075)  accuracy: 0.6406 (0.5652)  balanced_accuracy: 0.5935 (0.5495)  f1_weighted: 0.6544 (0.5797)  time: 0.0628  data: 0.0003  max mem: 5415
Passive Test:  [   250/?]  eta: ?  loss: 0.7798 (0.9122)  accuracy: 0.5781 (0.5624)  balanced_accuracy: 0.5534 (0.5468)  f1_weighted: 0.6041 (0.5775)  time: 0.0626  data: 0.0003  max mem: 5415
Passive Test:  [   260/?]  eta: ?  loss: 0.8189 (0.9187)  accuracy: 0.5312 (0.5596)  balanced_accuracy: 0.5060 (0.5447)  f1_weighted: 0.5759 (0.5754)  time: 0.0649  data: 0.0003  max mem: 5415
Passive Test:  [   270/?]  eta: ?  loss: 0.8715 (0.9212)  accuracy: 0.5156 (0.5589)  balanced_accuracy: 0.5439 (0.5465)  f1_weighted: 0.5342 (0.5751)  time: 0.0674  data: 0.0003  max mem: 5415
Passive Test:  [   280/?]  eta: ?  loss: 0.8964 (0.9242)  accuracy: 0.5312 (0.5580)  balanced_accuracy: 0.5496 (0.5469)  f1_weighted: 0.5245 (0.5745)  time: 0.0668  data: 0.0003  max mem: 5415
Passive Test:  [   290/?]  eta: ?  loss: 0.8299 (0.9248)  accuracy: 0.5781 (0.5575)  balanced_accuracy: 0.5795 (0.5474)  f1_weighted: 0.5751 (0.5738)  time: 0.0675  data: 0.0003  max mem: 5415
Passive Test:  [   300/?]  eta: ?  loss: 0.7424 (0.9272)  accuracy: 0.6094 (0.5567)  balanced_accuracy: 0.6468 (0.5469)  f1_weighted: 0.6350 (0.5731)  time: 0.0756  data: 0.0003  max mem: 5415
Passive Test:  [   310/?]  eta: ?  loss: 0.6985 (0.9238)  accuracy: 0.6875 (0.5581)  balanced_accuracy: 0.6630 (0.5483)  f1_weighted: 0.6900 (0.5742)  time: 0.0761  data: 0.0003  max mem: 5415
Passive Test:  [   320/?]  eta: ?  loss: 0.6985 (0.9203)  accuracy: 0.6719 (0.5591)  balanced_accuracy: 0.6630 (0.5493)  f1_weighted: 0.6892 (0.5752)  time: 0.0700  data: 0.0003  max mem: 5415
Passive Test:  [   330/?]  eta: ?  loss: 0.7007 (0.9164)  accuracy: 0.5625 (0.5595)  balanced_accuracy: 0.5097 (0.5486)  f1_weighted: 0.5843 (0.5757)  time: 0.0687  data: 0.0003  max mem: 5415
Passive Test:  [   340/?]  eta: ?  loss: 0.7621 (0.9116)  accuracy: 0.5625 (0.5613)  balanced_accuracy: 0.4578 (0.5492)  f1_weighted: 0.5894 (0.5776)  time: 0.0690  data: 0.0003  max mem: 5415
Passive Test:  [   350/?]  eta: ?  loss: 0.7730 (0.9096)  accuracy: 0.5781 (0.5609)  balanced_accuracy: 0.5339 (0.5487)  f1_weighted: 0.6110 (0.5775)  time: 0.0813  data: 0.0003  max mem: 5415
Passive Test:  [   360/?]  eta: ?  loss: 0.7730 (0.9068)  accuracy: 0.5469 (0.5603)  balanced_accuracy: 0.5545 (0.5488)  f1_weighted: 0.5927 (0.5769)  time: 0.0807  data: 0.0003  max mem: 5415
Passive Test:  [   370/?]  eta: ?  loss: 0.7069 (0.9042)  accuracy: 0.5781 (0.5609)  balanced_accuracy: 0.6026 (0.5505)  f1_weighted: 0.6247 (0.5779)  time: 0.0691  data: 0.0003  max mem: 5415
Passive Test:  [   380/?]  eta: ?  loss: 0.6896 (0.9038)  accuracy: 0.5781 (0.5616)  balanced_accuracy: 0.6026 (0.5518)  f1_weighted: 0.6168 (0.5787)  time: 0.0679  data: 0.0003  max mem: 5415
Passive Test:  [   390/?]  eta: ?  loss: 0.6846 (0.9022)  accuracy: 0.5469 (0.5627)  balanced_accuracy: 0.6184 (0.5540)  f1_weighted: 0.6104 (0.5801)  time: 0.0754  data: 0.0003  max mem: 5415
Passive Test:  [   400/?]  eta: ?  loss: 0.8328 (0.9018)  accuracy: 0.5469 (0.5629)  balanced_accuracy: 0.5833 (0.5543)  f1_weighted: 0.5958 (0.5804)  time: 0.0780  data: 0.0003  max mem: 5415
Passive Test:  [   410/?]  eta: ?  loss: 0.8328 (0.9002)  accuracy: 0.5469 (0.5636)  balanced_accuracy: 0.5452 (0.5554)  f1_weighted: 0.5816 (0.5813)  time: 0.0773  data: 0.0003  max mem: 5415
Passive Test:  [   420/?]  eta: ?  loss: 0.8204 (0.9009)  accuracy: 0.5781 (0.5634)  balanced_accuracy: 0.5833 (0.5561)  f1_weighted: 0.6007 (0.5811)  time: 0.0760  data: 0.0003  max mem: 5415
Passive Test:  [   430/?]  eta: ?  loss: 0.8204 (0.9008)  accuracy: 0.5469 (0.5631)  balanced_accuracy: 0.5678 (0.5565)  f1_weighted: 0.5894 (0.5808)  time: 0.0712  data: 0.0003  max mem: 5415
Passive Test:  [   440/?]  eta: ?  loss: 0.7353 (0.8990)  accuracy: 0.5625 (0.5642)  balanced_accuracy: 0.6005 (0.5584)  f1_weighted: 0.5915 (0.5821)  time: 0.0701  data: 0.0003  max mem: 5415
Passive Test:  [   450/?]  eta: ?  loss: 0.7607 (0.8982)  accuracy: 0.6094 (0.5647)  balanced_accuracy: 0.6201 (0.5602)  f1_weighted: 0.6172 (0.5825)  time: 0.0682  data: 0.0003  max mem: 5415
Passive Test:  [   460/?]  eta: ?  loss: 0.8248 (0.8982)  accuracy: 0.5938 (0.5647)  balanced_accuracy: 0.6538 (0.5613)  f1_weighted: 0.6081 (0.5823)  time: 0.0696  data: 0.0003  max mem: 5415
Passive Test:  [   470/?]  eta: ?  loss: 0.8366 (0.8979)  accuracy: 0.5938 (0.5645)  balanced_accuracy: 0.6709 (0.5622)  f1_weighted: 0.6192 (0.5818)  time: 0.0683  data: 0.0003  max mem: 5415
Passive Test:  [   480/?]  eta: ?  loss: 0.8366 (0.8984)  accuracy: 0.5781 (0.5643)  balanced_accuracy: 0.6432 (0.5630)  f1_weighted: 0.5836 (0.5814)  time: 0.0708  data: 0.0003  max mem: 5415
Passive Test:  [   490/?]  eta: ?  loss: 0.8489 (0.8995)  accuracy: 0.5625 (0.5636)  balanced_accuracy: 0.6188 (0.5636)  f1_weighted: 0.5488 (0.5803)  time: 0.0739  data: 0.0004  max mem: 5415
Passive Test:  [   500/?]  eta: ?  loss: 0.8735 (0.9005)  accuracy: 0.5000 (0.5621)  balanced_accuracy: 0.5940 (0.5628)  f1_weighted: 0.4856 (0.5786)  time: 0.0757  data: 0.0003  max mem: 5415
Passive Test:  [   510/?]  eta: ?  loss: 0.9264 (0.9027)  accuracy: 0.4375 (0.5600)  balanced_accuracy: 0.4786 (0.5613)  f1_weighted: 0.4484 (0.5761)  time: 0.0735  data: 0.0003  max mem: 5415
Passive Test:  [   520/?]  eta: ?  loss: 0.9390 (0.9051)  accuracy: 0.4688 (0.5587)  balanced_accuracy: 0.4786 (0.5603)  f1_weighted: 0.4572 (0.5748)  time: 0.0695  data: 0.0003  max mem: 5415
Passive Test:  [   530/?]  eta: ?  loss: 0.9299 (0.9068)  accuracy: 0.4844 (0.5577)  balanced_accuracy: 0.5499 (0.5605)  f1_weighted: 0.5100 (0.5742)  time: 0.0712  data: 0.0003  max mem: 5415
Passive Test:  [   540/?]  eta: ?  loss: 0.9299 (0.9069)  accuracy: 0.4844 (0.5581)  balanced_accuracy: 0.6192 (0.5619)  f1_weighted: 0.5308 (0.5748)  time: 0.0701  data: 0.0003  max mem: 5415
Passive Test:  [   550/?]  eta: ?  loss: 0.8084 (0.9057)  accuracy: 0.5156 (0.5580)  balanced_accuracy: 0.5995 (0.5622)  f1_weighted: 0.5802 (0.5752)  time: 0.0687  data: 0.0003  max mem: 5415
Passive Test:  [   560/?]  eta: ?  loss: 0.8302 (0.9075)  accuracy: 0.5000 (0.5569)  balanced_accuracy: 0.5151 (0.5608)  f1_weighted: 0.5546 (0.5744)  time: 0.0689  data: 0.0003  max mem: 5415
Passive Test:  [   570/?]  eta: ?  loss: 1.0074 (0.9093)  accuracy: 0.4531 (0.5550)  balanced_accuracy: 0.4661 (0.5586)  f1_weighted: 0.4884 (0.5731)  time: 0.0691  data: 0.0003  max mem: 5415
Passive Test:  [   580/?]  eta: ?  loss: 1.0134 (0.9113)  accuracy: 0.4531 (0.5533)  balanced_accuracy: 0.4661 (0.5566)  f1_weighted: 0.5006 (0.5718)  time: 0.0658  data: 0.0003  max mem: 5415
Passive Test:  [   590/?]  eta: ?  loss: 1.1211 (0.9155)  accuracy: 0.4062 (0.5507)  balanced_accuracy: 0.4256 (0.5545)  f1_weighted: 0.4563 (0.5694)  time: 0.0654  data: 0.0003  max mem: 5415
Passive Test:  [   600/?]  eta: ?  loss: 1.0801 (0.9164)  accuracy: 0.4062 (0.5497)  balanced_accuracy: 0.4544 (0.5538)  f1_weighted: 0.4491 (0.5686)  time: 0.0687  data: 0.0003  max mem: 5415
Passive Test:  [   610/?]  eta: ?  loss: 0.9514 (0.9175)  accuracy: 0.4531 (0.5481)  balanced_accuracy: 0.4701 (0.5528)  f1_weighted: 0.5091 (0.5674)  time: 0.0681  data: 0.0003  max mem: 5415
Passive Test:  [   620/?]  eta: ?  loss: 0.9514 (0.9188)  accuracy: 0.4531 (0.5465)  balanced_accuracy: 0.4669 (0.5513)  f1_weighted: 0.4892 (0.5659)  time: 0.0678  data: 0.0003  max mem: 5415
Passive Test:  [   630/?]  eta: ?  loss: 0.9561 (0.9203)  accuracy: 0.4531 (0.5451)  balanced_accuracy: 0.4282 (0.5505)  f1_weighted: 0.4829 (0.5649)  time: 0.0659  data: 0.0003  max mem: 5415
Passive Test:  [   640/?]  eta: ?  loss: 1.1476 (0.9245)  accuracy: 0.3906 (0.5426)  balanced_accuracy: 0.4159 (0.5487)  f1_weighted: 0.4188 (0.5624)  time: 0.0622  data: 0.0003  max mem: 5415
Passive Test:  [   650/?]  eta: ?  loss: 1.2580 (0.9302)  accuracy: 0.3594 (0.5400)  balanced_accuracy: 0.3462 (0.5463)  f1_weighted: 0.3686 (0.5602)  time: 0.0610  data: 0.0002  max mem: 5415
Passive Test:  [   660/?]  eta: ?  loss: 1.2963 (0.9360)  accuracy: 0.3125 (0.5366)  balanced_accuracy: 0.2723 (0.5427)  f1_weighted: 0.3502 (0.5570)  time: 0.0627  data: 0.0003  max mem: 5415
Passive Test:  [   670/?]  eta: ?  loss: 1.3344 (0.9426)  accuracy: 0.3125 (0.5337)  balanced_accuracy: 0.2443 (0.5397)  f1_weighted: 0.3502 (0.5544)  time: 0.0632  data: 0.0003  max mem: 5415
Passive Test:  [   680/?]  eta: ?  loss: 1.2640 (0.9453)  accuracy: 0.3438 (0.5325)  balanced_accuracy: 0.3509 (0.5383)  f1_weighted: 0.4642 (0.5534)  time: 0.0622  data: 0.0003  max mem: 5415
Passive Test:  [   690/?]  eta: ?  loss: 1.0519 (0.9472)  accuracy: 0.5000 (0.5323)  balanced_accuracy: 0.5171 (0.5376)  f1_weighted: 0.5256 (0.5533)  time: 0.0632  data: 0.0003  max mem: 5415
Passive Test:  [   700/?]  eta: ?  loss: 0.9371 (0.9452)  accuracy: 0.5469 (0.5327)  balanced_accuracy: 0.5470 (0.5376)  f1_weighted: 0.5612 (0.5537)  time: 0.0623  data: 0.0003  max mem: 5415
Passive Test:  [   710/?]  eta: ?  loss: 0.8069 (0.9438)  accuracy: 0.5625 (0.5332)  balanced_accuracy: 0.5421 (0.5378)  f1_weighted: 0.5855 (0.5542)  time: 0.0604  data: 0.0003  max mem: 5415
Passive Test:  [   720/?]  eta: ?  loss: 0.8288 (0.9431)  accuracy: 0.5469 (0.5331)  balanced_accuracy: 0.5682 (0.5377)  f1_weighted: 0.5649 (0.5541)  time: 0.0622  data: 0.0002  max mem: 5415
Passive Test:  [   730/?]  eta: ?  loss: 0.8249 (0.9412)  accuracy: 0.5469 (0.5337)  balanced_accuracy: 0.5682 (0.5382)  f1_weighted: 0.5647 (0.5548)  time: 0.0721  data: 0.0003  max mem: 5415
Passive Test:  [   740/?]  eta: ?  loss: 0.7219 (0.9383)  accuracy: 0.6250 (0.5350)  balanced_accuracy: 0.6103 (0.5390)  f1_weighted: 0.6345 (0.5560)  time: 0.0717  data: 0.0003  max mem: 5415
Passive Test:  [   750/?]  eta: ?  loss: 0.7196 (0.9366)  accuracy: 0.6250 (0.5356)  balanced_accuracy: 0.6103 (0.5396)  f1_weighted: 0.6475 (0.5567)  time: 0.0638  data: 0.0003  max mem: 5415
Passive Test:  [   760/?]  eta: ?  loss: 0.7312 (0.9339)  accuracy: 0.6094 (0.5368)  balanced_accuracy: 0.6116 (0.5407)  f1_weighted: 0.6288 (0.5579)  time: 0.0642  data: 0.0003  max mem: 5415
Passive Test:  [   770/?]  eta: ?  loss: 0.7008 (0.9313)  accuracy: 0.6406 (0.5378)  balanced_accuracy: 0.5877 (0.5415)  f1_weighted: 0.6603 (0.5591)  time: 0.0642  data: 0.0003  max mem: 5415
Passive Test:  [   780/?]  eta: ?  loss: 0.7231 (0.9299)  accuracy: 0.6094 (0.5384)  balanced_accuracy: 0.5856 (0.5419)  f1_weighted: 0.6142 (0.5597)  time: 0.0643  data: 0.0003  max mem: 5415
Passive Test:  [   790/?]  eta: ?  loss: 0.7544 (0.9275)  accuracy: 0.5938 (0.5394)  balanced_accuracy: 0.5870 (0.5428)  f1_weighted: 0.6187 (0.5608)  time: 0.0736  data: 0.0003  max mem: 5415
Passive Test:  [   800/?]  eta: ?  loss: 0.7590 (0.9258)  accuracy: 0.6250 (0.5408)  balanced_accuracy: 0.6342 (0.5442)  f1_weighted: 0.6338 (0.5620)  time: 0.0733  data: 0.0003  max mem: 5415
Passive Test:  [   810/?]  eta: ?  loss: 0.7535 (0.9237)  accuracy: 0.6406 (0.5420)  balanced_accuracy: 0.6342 (0.5452)  f1_weighted: 0.6632 (0.5631)  time: 0.0637  data: 0.0003  max mem: 5415
Passive Test:  [   820/?]  eta: ?  loss: 0.6834 (0.9212)  accuracy: 0.6719 (0.5433)  balanced_accuracy: 0.6368 (0.5463)  f1_weighted: 0.6781 (0.5643)  time: 0.0702  data: 0.0003  max mem: 5415
Passive Test:  [   830/?]  eta: ?  loss: 0.6691 (0.9183)  accuracy: 0.6875 (0.5452)  balanced_accuracy: 0.6606 (0.5477)  f1_weighted: 0.6991 (0.5661)  time: 0.0707  data: 0.0003  max mem: 5415
Passive Test:  [   840/?]  eta: ?  loss: 0.6492 (0.9149)  accuracy: 0.6875 (0.5470)  balanced_accuracy: 0.6728 (0.5492)  f1_weighted: 0.6991 (0.5678)  time: 0.0642  data: 0.0003  max mem: 5415
Passive Test:  [   850/?]  eta: ?  loss: 0.6973 (0.9139)  accuracy: 0.6719 (0.5481)  balanced_accuracy: 0.6728 (0.5498)  f1_weighted: 0.6692 (0.5685)  time: 0.0739  data: 0.0003  max mem: 5415
Passive Test:  [   860/?]  eta: ?  loss: 0.6789 (0.9115)  accuracy: 0.6719 (0.5502)  balanced_accuracy: 0.7158 (0.5517)  f1_weighted: 0.6729 (0.5703)  time: 0.0741  data: 0.0003  max mem: 5415
Passive Test:  [   870/?]  eta: ?  loss: 0.6481 (0.9118)  accuracy: 0.6719 (0.5511)  balanced_accuracy: 0.7158 (0.5522)  f1_weighted: 0.6729 (0.5709)  time: 0.0615  data: 0.0003  max mem: 5415
Passive Test:  [   880/?]  eta: ?  loss: 0.8398 (0.9116)  accuracy: 0.6250 (0.5516)  balanced_accuracy: 0.6631 (0.5525)  f1_weighted: 0.6197 (0.5711)  time: 0.0606  data: 0.0002  max mem: 5415
Passive Test:  [   890/?]  eta: ?  loss: 0.8554 (0.9132)  accuracy: 0.6094 (0.5517)  balanced_accuracy: 0.6175 (0.5523)  f1_weighted: 0.6023 (0.5709)  time: 0.0626  data: 0.0003  max mem: 5415
Passive Test:  [   900/?]  eta: ?  loss: 0.8554 (0.9138)  accuracy: 0.5781 (0.5523)  balanced_accuracy: 0.6175 (0.5530)  f1_weighted: 0.5799 (0.5712)  time: 0.0627  data: 0.0002  max mem: 5415
Passive Test:  [   910/?]  eta: ?  loss: 0.8602 (0.9161)  accuracy: 0.6094 (0.5524)  balanced_accuracy: 0.6667 (0.5529)  f1_weighted: 0.6066 (0.5711)  time: 0.0626  data: 0.0002  max mem: 5415
Passive Test:  [   920/?]  eta: ?  loss: 0.8587 (0.9170)  accuracy: 0.6094 (0.5526)  balanced_accuracy: 0.6667 (0.5535)  f1_weighted: 0.6081 (0.5710)  time: 0.0621  data: 0.0002  max mem: 5415
Passive Test:  [   930/?]  eta: ?  loss: 0.8470 (0.9175)  accuracy: 0.5938 (0.5530)  balanced_accuracy: 0.6068 (0.5538)  f1_weighted: 0.5741 (0.5711)  time: 0.0675  data: 0.0002  max mem: 5415
Passive Test:  [   940/?]  eta: ?  loss: 0.8699 (0.9179)  accuracy: 0.5781 (0.5535)  balanced_accuracy: 0.6068 (0.5544)  f1_weighted: 0.5786 (0.5713)  time: 0.0659  data: 0.0002  max mem: 5415
Passive Test:  [   950/?]  eta: ?  loss: 0.8699 (0.9190)  accuracy: 0.6094 (0.5538)  balanced_accuracy: 0.6545 (0.5550)  f1_weighted: 0.6291 (0.5714)  time: 0.0610  data: 0.0002  max mem: 5415
Passive Test:  [   960/?]  eta: ?  loss: 0.9366 (0.9198)  accuracy: 0.5469 (0.5537)  balanced_accuracy: 0.5682 (0.5550)  f1_weighted: 0.5492 (0.5711)  time: 0.0618  data: 0.0002  max mem: 5415
Passive Test:  [   970/?]  eta: ?  loss: 0.9706 (0.9214)  accuracy: 0.5156 (0.5532)  balanced_accuracy: 0.5205 (0.5544)  f1_weighted: 0.5209 (0.5704)  time: 0.0619  data: 0.0002  max mem: 5415
Passive Test:  [   980/?]  eta: ?  loss: 1.2160 (0.9246)  accuracy: 0.3906 (0.5516)  balanced_accuracy: 0.4224 (0.5527)  f1_weighted: 0.3992 (0.5687)  time: 0.0641  data: 0.0003  max mem: 5415
Passive Test:  [   990/?]  eta: ?  loss: 1.2160 (0.9263)  accuracy: 0.3906 (0.5506)  balanced_accuracy: 0.4701 (0.5518)  f1_weighted: 0.4005 (0.5675)  time: 0.0644  data: 0.0003  max mem: 5415
Passive Test:  [  1000/?]  eta: ?  loss: 1.0493 (0.9291)  accuracy: 0.4531 (0.5495)  balanced_accuracy: 0.4402 (0.5506)  f1_weighted: 0.4394 (0.5662)  time: 0.0640  data: 0.0003  max mem: 5415
Passive Test:  [  1010/?]  eta: ?  loss: 1.2570 (0.9317)  accuracy: 0.4219 (0.5485)  balanced_accuracy: 0.4303 (0.5496)  f1_weighted: 0.4069 (0.5650)  time: 0.0632  data: 0.0003  max mem: 5415
Passive Test:  [  1020/?]  eta: ?  loss: 1.3868 (0.9358)  accuracy: 0.4219 (0.5471)  balanced_accuracy: 0.4017 (0.5476)  f1_weighted: 0.4069 (0.5632)  time: 0.0629  data: 0.0003  max mem: 5415
Passive Test:  [  1030/?]  eta: ?  loss: 1.3877 (0.9395)  accuracy: 0.3750 (0.5455)  balanced_accuracy: 0.3184 (0.5458)  f1_weighted: 0.3704 (0.5613)  time: 0.0642  data: 0.0003  max mem: 5415
Passive Test:  [  1040/?]  eta: ?  loss: 1.3973 (0.9437)  accuracy: 0.3906 (0.5440)  balanced_accuracy: 0.3385 (0.5440)  f1_weighted: 0.3704 (0.5595)  time: 0.0632  data: 0.0003  max mem: 5415
Passive Test:  [  1050/?]  eta: ?  loss: 1.2954 (0.9460)  accuracy: 0.3906 (0.5429)  balanced_accuracy: 0.3661 (0.5426)  f1_weighted: 0.4106 (0.5582)  time: 0.0629  data: 0.0003  max mem: 5415
Passive Test:  [  1060/?]  eta: ?  loss: 1.2219 (0.9491)  accuracy: 0.4062 (0.5417)  balanced_accuracy: 0.4010 (0.5413)  f1_weighted: 0.4106 (0.5567)  time: 0.0610  data: 0.0002  max mem: 5415
Passive Test:  [  1070/?]  eta: ?  loss: 1.2219 (0.9516)  accuracy: 0.4219 (0.5410)  balanced_accuracy: 0.4010 (0.5403)  f1_weighted: 0.4133 (0.5556)  time: 0.0604  data: 0.0002  max mem: 5415
Passive Test:  [  1080/?]  eta: ?  loss: 1.0564 (0.9538)  accuracy: 0.5156 (0.5404)  balanced_accuracy: 0.4590 (0.5397)  f1_weighted: 0.4888 (0.5549)  time: 0.0636  data: 0.0003  max mem: 5415
Passive Test:  [  1090/?]  eta: ?  loss: 1.0564 (0.9560)  accuracy: 0.5000 (0.5398)  balanced_accuracy: 0.4575 (0.5391)  f1_weighted: 0.4836 (0.5541)  time: 0.0640  data: 0.0003  max mem: 5415
Passive Test:  [  1100/?]  eta: ?  loss: 0.9949 (0.9572)  accuracy: 0.4844 (0.5391)  balanced_accuracy: 0.4508 (0.5383)  f1_weighted: 0.4836 (0.5535)  time: 0.0639  data: 0.0003  max mem: 5415
Passive Test:  [  1110/?]  eta: ?  loss: 1.0207 (0.9588)  accuracy: 0.4062 (0.5385)  balanced_accuracy: 0.4150 (0.5377)  f1_weighted: 0.4672 (0.5529)  time: 0.0635  data: 0.0003  max mem: 5415
Passive Test:  [  1120/?]  eta: ?  loss: 1.0493 (0.9604)  accuracy: 0.4062 (0.5379)  balanced_accuracy: 0.4017 (0.5371)  f1_weighted: 0.4097 (0.5524)  time: 0.0633  data: 0.0003  max mem: 5415
Passive Test:  [  1130/?]  eta: ?  loss: 1.2446 (0.9627)  accuracy: 0.4062 (0.5370)  balanced_accuracy: 0.3759 (0.5362)  f1_weighted: 0.3794 (0.5514)  time: 0.0635  data: 0.0003  max mem: 5415
Passive Test:  [  1140/?]  eta: ?  loss: 1.0631 (0.9630)  accuracy: 0.4375 (0.5370)  balanced_accuracy: 0.4757 (0.5364)  f1_weighted: 0.4272 (0.5513)  time: 0.0634  data: 0.0003  max mem: 5415
Passive Test:  [  1150/?]  eta: ?  loss: 0.9096 (0.9625)  accuracy: 0.5000 (0.5372)  balanced_accuracy: 0.5179 (0.5365)  f1_weighted: 0.5573 (0.5514)  time: 0.0641  data: 0.0003  max mem: 5415
Passive Test:  [  1160/?]  eta: ?  loss: 0.9589 (0.9629)  accuracy: 0.4688 (0.5368)  balanced_accuracy: 0.4651 (0.5362)  f1_weighted: 0.5260 (0.5512)  time: 0.0647  data: 0.0003  max mem: 5415
Passive Test:  [  1170/?]  eta: ?  loss: 0.9705 (0.9637)  accuracy: 0.4688 (0.5364)  balanced_accuracy: 0.4651 (0.5358)  f1_weighted: 0.5213 (0.5510)  time: 0.0638  data: 0.0003  max mem: 5415
Passive Test:  [  1180/?]  eta: ?  loss: 0.9944 (0.9645)  accuracy: 0.5156 (0.5363)  balanced_accuracy: 0.4997 (0.5359)  f1_weighted: 0.5329 (0.5510)  time: 0.0637  data: 0.0003  max mem: 5415
Passive Test:  [  1190/?]  eta: ?  loss: 1.0187 (0.9662)  accuracy: 0.4531 (0.5357)  balanced_accuracy: 0.4605 (0.5351)  f1_weighted: 0.5329 (0.5506)  time: 0.0731  data: 0.0003  max mem: 5415
Passive Test:  [  1200/?]  eta: ?  loss: 1.0269 (0.9684)  accuracy: 0.4531 (0.5347)  balanced_accuracy: 0.4805 (0.5342)  f1_weighted: 0.5156 (0.5499)  time: 0.0740  data: 0.0003  max mem: 5415
Passive Test:  [  1210/?]  eta: ?  loss: 1.2133 (0.9710)  accuracy: 0.4219 (0.5338)  balanced_accuracy: 0.4662 (0.5331)  f1_weighted: 0.4550 (0.5493)  time: 0.0698  data: 0.0003  max mem: 5415
Passive Test:  [  1220/?]  eta: ?  loss: 1.2116 (0.9728)  accuracy: 0.4062 (0.5330)  balanced_accuracy: 0.4287 (0.5325)  f1_weighted: 0.4550 (0.5486)  time: 0.0689  data: 0.0002  max mem: 5415
Passive Test:  [  1230/?]  eta: ?  loss: 1.1447 (0.9739)  accuracy: 0.4219 (0.5323)  balanced_accuracy: 0.4287 (0.5317)  f1_weighted: 0.4648 (0.5480)  time: 0.0636  data: 0.0002  max mem: 5415
Passive Test:  [  1240/?]  eta: ?  loss: 1.2262 (0.9763)  accuracy: 0.4531 (0.5312)  balanced_accuracy: 0.4413 (0.5309)  f1_weighted: 0.4778 (0.5471)  time: 0.0647  data: 0.0003  max mem: 5415
Passive Test:  [  1250/?]  eta: ?  loss: 1.1389 (0.9772)  accuracy: 0.4531 (0.5307)  balanced_accuracy: 0.4686 (0.5305)  f1_weighted: 0.4778 (0.5465)  time: 0.0725  data: 0.0003  max mem: 5415
Passive Test:  [  1260/?]  eta: ?  loss: 1.0697 (0.9781)  accuracy: 0.4844 (0.5303)  balanced_accuracy: 0.5051 (0.5302)  f1_weighted: 0.4825 (0.5461)  time: 0.0727  data: 0.0003  max mem: 5415
Passive Test:  [  1270/?]  eta: ?  loss: 1.0410 (0.9785)  accuracy: 0.4844 (0.5299)  balanced_accuracy: 0.5020 (0.5298)  f1_weighted: 0.4911 (0.5455)  time: 0.0651  data: 0.0003  max mem: 5415
Passive Test:  [  1280/?]  eta: ?  loss: 1.0464 (0.9801)  accuracy: 0.4688 (0.5292)  balanced_accuracy: 0.4362 (0.5292)  f1_weighted: 0.4338 (0.5447)  time: 0.0711  data: 0.0002  max mem: 5415
Passive Test:  [  1290/?]  eta: ?  loss: 1.0040 (0.9812)  accuracy: 0.4531 (0.5288)  balanced_accuracy: 0.4508 (0.5290)  f1_weighted: 0.4338 (0.5442)  time: 0.0727  data: 0.0003  max mem: 5415
Passive Test:  [  1300/?]  eta: ?  loss: 0.9029 (0.9830)  accuracy: 0.4531 (0.5284)  balanced_accuracy: 0.4786 (0.5289)  f1_weighted: 0.4478 (0.5437)  time: 0.0662  data: 0.0003  max mem: 5415
Passive Test:  [  1310/?]  eta: ?  loss: 0.8884 (0.9821)  accuracy: 0.5156 (0.5287)  balanced_accuracy: 0.4903 (0.5291)  f1_weighted: 0.5046 (0.5438)  time: 0.0724  data: 0.0003  max mem: 5415
Passive Test:  [  1320/?]  eta: ?  loss: 0.9176 (0.9823)  accuracy: 0.5156 (0.5285)  balanced_accuracy: 0.4979 (0.5290)  f1_weighted: 0.5046 (0.5434)  time: 0.0720  data: 0.0003  max mem: 5415
Passive Test:  [  1330/?]  eta: ?  loss: 0.8679 (0.9813)  accuracy: 0.5312 (0.5289)  balanced_accuracy: 0.5476 (0.5293)  f1_weighted: 0.5331 (0.5436)  time: 0.0620  data: 0.0002  max mem: 5415
Passive Test:  [  1340/?]  eta: ?  loss: 0.7934 (0.9795)  accuracy: 0.5938 (0.5299)  balanced_accuracy: 0.5833 (0.5303)  f1_weighted: 0.5988 (0.5445)  time: 0.0617  data: 0.0002  max mem: 5415
Passive Test:  [  1350/?]  eta: ?  loss: 0.7415 (0.9780)  accuracy: 0.6094 (0.5306)  balanced_accuracy: 0.6432 (0.5311)  f1_weighted: 0.6213 (0.5451)  time: 0.0635  data: 0.0003  max mem: 5415
Passive Test:  [  1360/?]  eta: ?  loss: 0.7815 (0.9765)  accuracy: 0.6250 (0.5315)  balanced_accuracy: 0.6462 (0.5320)  f1_weighted: 0.6514 (0.5459)  time: 0.0638  data: 0.0003  max mem: 5415
Passive Test:  [  1370/?]  eta: ?  loss: 0.7627 (0.9753)  accuracy: 0.6250 (0.5321)  balanced_accuracy: 0.6831 (0.5330)  f1_weighted: 0.6465 (0.5465)  time: 0.0636  data: 0.0003  max mem: 5415
Passive Test:  [  1380/?]  eta: ?  loss: 0.8229 (0.9746)  accuracy: 0.6094 (0.5329)  balanced_accuracy: 0.6610 (0.5339)  f1_weighted: 0.6026 (0.5472)  time: 0.0626  data: 0.0003  max mem: 5415
Passive Test:  [  1390/?]  eta: ?  loss: 0.8581 (0.9739)  accuracy: 0.6094 (0.5333)  balanced_accuracy: 0.6215 (0.5340)  f1_weighted: 0.6026 (0.5475)  time: 0.0625  data: 0.0003  max mem: 5415
Passive Test:  [  1400/?]  eta: ?  loss: 0.7447 (0.9728)  accuracy: 0.6406 (0.5345)  balanced_accuracy: 0.6262 (0.5351)  f1_weighted: 0.6279 (0.5485)  time: 0.0624  data: 0.0002  max mem: 5415
Passive Test:  [  1410/?]  eta: ?  loss: 0.7130 (0.9719)  accuracy: 0.7031 (0.5353)  balanced_accuracy: 0.6579 (0.5356)  f1_weighted: 0.7075 (0.5493)  time: 0.0756  data: 0.0003  max mem: 5415
Passive Test:  [  1420/?]  eta: ?  loss: 0.6677 (0.9721)  accuracy: 0.6719 (0.5358)  balanced_accuracy: 0.5558 (0.5357)  f1_weighted: 0.6944 (0.5495)  time: 0.0763  data: 0.0003  max mem: 5415
Passive Test:  [  1430/?]  eta: ?  loss: 0.8266 (0.9729)  accuracy: 0.5312 (0.5354)  balanced_accuracy: 0.4933 (0.5351)  f1_weighted: 0.5695 (0.5491)  time: 0.0655  data: 0.0003  max mem: 5415
Passive Test:  [  1440/?]  eta: ?  loss: 1.0096 (0.9744)  accuracy: 0.4844 (0.5352)  balanced_accuracy: 0.4677 (0.5348)  f1_weighted: 0.4978 (0.5487)  time: 0.0663  data: 0.0003  max mem: 5415
Passive Test:  [  1450/?]  eta: ?  loss: 0.9372 (0.9750)  accuracy: 0.5312 (0.5352)  balanced_accuracy: 0.5299 (0.5349)  f1_weighted: 0.5285 (0.5488)  time: 0.0647  data: 0.0003  max mem: 5415
Passive Test:  [  1460/?]  eta: ?  loss: 0.9084 (0.9766)  accuracy: 0.5469 (0.5348)  balanced_accuracy: 0.5342 (0.5346)  f1_weighted: 0.5863 (0.5485)  time: 0.0642  data: 0.0003  max mem: 5415
Passive Test:  [  1470/?]  eta: ?  loss: 1.0835 (0.9782)  accuracy: 0.5000 (0.5347)  balanced_accuracy: 0.4828 (0.5343)  f1_weighted: 0.5416 (0.5484)  time: 0.0642  data: 0.0003  max mem: 5415
Passive Test:  [  1480/?]  eta: ?  loss: 1.0835 (0.9799)  accuracy: 0.5000 (0.5343)  balanced_accuracy: 0.4701 (0.5341)  f1_weighted: 0.5201 (0.5480)  time: 0.0627  data: 0.0003  max mem: 5415
Passive Test:  [  1490/?]  eta: ?  loss: 1.1066 (0.9812)  accuracy: 0.5000 (0.5342)  balanced_accuracy: 0.5000 (0.5339)  f1_weighted: 0.4989 (0.5479)  time: 0.0633  data: 0.0003  max mem: 5415
Passive Test:  [  1500/?]  eta: ?  loss: 1.1653 (0.9834)  accuracy: 0.4531 (0.5334)  balanced_accuracy: 0.4676 (0.5332)  f1_weighted: 0.4589 (0.5470)  time: 0.0654  data: 0.0003  max mem: 5415
Passive Test:  [  1510/?]  eta: ?  loss: 1.1871 (0.9842)  accuracy: 0.4531 (0.5335)  balanced_accuracy: 0.4676 (0.5330)  f1_weighted: 0.4493 (0.5470)  time: 0.0659  data: 0.0003  max mem: 5415
Passive Test:  [  1520/?]  eta: ?  loss: 1.1237 (0.9852)  accuracy: 0.5156 (0.5332)  balanced_accuracy: 0.5000 (0.5326)  f1_weighted: 0.5027 (0.5467)  time: 0.0647  data: 0.0003  max mem: 5415
Passive Test:  [  1530/?]  eta: ?  loss: 1.1375 (0.9867)  accuracy: 0.5000 (0.5332)  balanced_accuracy: 0.4915 (0.5325)  f1_weighted: 0.4868 (0.5467)  time: 0.0622  data: 0.0002  max mem: 5415
Passive Test:  [  1540/?]  eta: ?  loss: 1.1243 (0.9880)  accuracy: 0.5000 (0.5330)  balanced_accuracy: 0.4957 (0.5322)  f1_weighted: 0.4928 (0.5464)  time: 0.0627  data: 0.0002  max mem: 5415
Passive Test:  [  1550/?]  eta: ?  loss: 0.9656 (0.9881)  accuracy: 0.5000 (0.5330)  balanced_accuracy: 0.5088 (0.5321)  f1_weighted: 0.4810 (0.5464)  time: 0.0713  data: 0.0003  max mem: 5415
Passive Test:  [  1560/?]  eta: ?  loss: 0.9160 (0.9888)  accuracy: 0.5156 (0.5329)  balanced_accuracy: 0.5321 (0.5320)  f1_weighted: 0.4997 (0.5463)  time: 0.0681  data: 0.0002  max mem: 5415
Passive Test:  [  1570/?]  eta: ?  loss: 0.9853 (0.9896)  accuracy: 0.5156 (0.5327)  balanced_accuracy: 0.5174 (0.5319)  f1_weighted: 0.5108 (0.5461)  time: 0.0612  data: 0.0003  max mem: 5415
Passive Test:  [  1580/?]  eta: ?  loss: 0.9853 (0.9895)  accuracy: 0.5156 (0.5327)  balanced_accuracy: 0.5580 (0.5322)  f1_weighted: 0.5264 (0.5461)  time: 0.0619  data: 0.0003  max mem: 5415
Passive Test:  [  1590/?]  eta: ?  loss: 0.9434 (0.9893)  accuracy: 0.5625 (0.5328)  balanced_accuracy: 0.5972 (0.5324)  f1_weighted: 0.5776 (0.5462)  time: 0.0609  data: 0.0003  max mem: 5415
Passive Test:  [  1600/?]  eta: ?  loss: 0.9764 (0.9898)  accuracy: 0.5469 (0.5328)  balanced_accuracy: 0.5692 (0.5324)  f1_weighted: 0.5776 (0.5462)  time: 0.0624  data: 0.0003  max mem: 5415
Passive Test:  [  1610/?]  eta: ?  loss: 0.9733 (0.9892)  accuracy: 0.5625 (0.5332)  balanced_accuracy: 0.5692 (0.5328)  f1_weighted: 0.5846 (0.5467)  time: 0.0637  data: 0.0003  max mem: 5415
Passive Test:  [  1620/?]  eta: ?  loss: 0.8927 (0.9888)  accuracy: 0.6094 (0.5335)  balanced_accuracy: 0.5969 (0.5329)  f1_weighted: 0.6196 (0.5471)  time: 0.0636  data: 0.0003  max mem: 5415
Passive Test:  [  1630/?]  eta: ?  loss: 0.8882 (0.9884)  accuracy: 0.5938 (0.5337)  balanced_accuracy: 0.5749 (0.5329)  f1_weighted: 0.6010 (0.5474)  time: 0.0618  data: 0.0003  max mem: 5415
Passive Test:  [  1640/?]  eta: ?  loss: 0.8983 (0.9882)  accuracy: 0.5312 (0.5336)  balanced_accuracy: 0.5092 (0.5328)  f1_weighted: 0.5647 (0.5475)  time: 0.0727  data: 0.0003  max mem: 5415
Passive Test:  [  1650/?]  eta: ?  loss: 0.9949 (0.9884)  accuracy: 0.5156 (0.5336)  balanced_accuracy: 0.5092 (0.5328)  f1_weighted: 0.5464 (0.5476)  time: 0.0734  data: 0.0003  max mem: 5415
Passive Test:  [  1660/?]  eta: ?  loss: 1.0694 (0.9893)  accuracy: 0.4844 (0.5333)  balanced_accuracy: 0.5085 (0.5325)  f1_weighted: 0.5330 (0.5473)  time: 0.0621  data: 0.0003  max mem: 5415
Passive Test:  [  1670/?]  eta: ?  loss: 1.1638 (0.9898)  accuracy: 0.4219 (0.5330)  balanced_accuracy: 0.4530 (0.5323)  f1_weighted: 0.5059 (0.5471)  time: 0.0624  data: 0.0003  max mem: 5415
Passive Test:  [  1680/?]  eta: ?  loss: 1.0534 (0.9900)  accuracy: 0.4531 (0.5327)  balanced_accuracy: 0.4808 (0.5321)  f1_weighted: 0.5286 (0.5469)  time: 0.0636  data: 0.0003  max mem: 5415
Passive Test:  [  1690/?]  eta: ?  loss: 0.9588 (0.9896)  accuracy: 0.4844 (0.5327)  balanced_accuracy: 0.5192 (0.5321)  f1_weighted: 0.5565 (0.5470)  time: 0.0618  data: 0.0003  max mem: 5415
Passive Test:  [  1700/?]  eta: ?  loss: 1.0001 (0.9903)  accuracy: 0.4688 (0.5322)  balanced_accuracy: 0.4545 (0.5315)  f1_weighted: 0.5565 (0.5467)  time: 0.0692  data: 0.0003  max mem: 5415
Passive Test:  [  1710/?]  eta: ?  loss: 1.0001 (0.9898)  accuracy: 0.4531 (0.5321)  balanced_accuracy: 0.4423 (0.5314)  f1_weighted: 0.5357 (0.5468)  time: 0.0730  data: 0.0003  max mem: 5415
Passive Test:  [  1720/?]  eta: ?  loss: 0.8426 (0.9893)  accuracy: 0.5000 (0.5320)  balanced_accuracy: 0.5243 (0.5315)  f1_weighted: 0.5790 (0.5469)  time: 0.0663  data: 0.0003  max mem: 5415
Passive Test:  [  1730/?]  eta: ?  loss: 0.8985 (0.9894)  accuracy: 0.4844 (0.5316)  balanced_accuracy: 0.5051 (0.5311)  f1_weighted: 0.5305 (0.5465)  time: 0.0654  data: 0.0003  max mem: 5415
Passive Test:  [  1740/?]  eta: ?  loss: 1.0366 (0.9901)  accuracy: 0.4375 (0.5310)  balanced_accuracy: 0.4815 (0.5306)  f1_weighted: 0.4313 (0.5459)  time: 0.0739  data: 0.0003  max mem: 5415
Passive Test:  [  1750/?]  eta: ?  loss: 1.1329 (0.9910)  accuracy: 0.3750 (0.5304)  balanced_accuracy: 0.3889 (0.5301)  f1_weighted: 0.4037 (0.5453)  time: 0.0718  data: 0.0003  max mem: 5415
Passive Test:  [  1760/?]  eta: ?  loss: 1.1784 (0.9919)  accuracy: 0.3906 (0.5300)  balanced_accuracy: 0.3910 (0.5299)  f1_weighted: 0.3987 (0.5449)  time: 0.0701  data: 0.0003  max mem: 5415
Passive Test:  [  1770/?]  eta: ?  loss: 1.1104 (0.9916)  accuracy: 0.4219 (0.5299)  balanced_accuracy: 0.4610 (0.5302)  f1_weighted: 0.4253 (0.5447)  time: 0.0731  data: 0.0003  max mem: 5415
Passive Test:  [  1780/?]  eta: ?  loss: 1.0281 (0.9915)  accuracy: 0.4375 (0.5297)  balanced_accuracy: 0.4899 (0.5302)  f1_weighted: 0.4481 (0.5445)  time: 0.0652  data: 0.0003  max mem: 5415
Passive Test:  [  1790/?]  eta: ?  loss: 1.0794 (0.9911)  accuracy: 0.4375 (0.5299)  balanced_accuracy: 0.4985 (0.5307)  f1_weighted: 0.4325 (0.5446)  time: 0.0627  data: 0.0003  max mem: 5415
Passive Test:  [  1800/?]  eta: ?  loss: 1.0386 (0.9907)  accuracy: 0.4531 (0.5299)  balanced_accuracy: 0.5405 (0.5309)  f1_weighted: 0.4325 (0.5446)  time: 0.0609  data: 0.0003  max mem: 5415
Passive Test:  [  1810/?]  eta: ?  loss: 0.9610 (0.9899)  accuracy: 0.4688 (0.5301)  balanced_accuracy: 0.5405 (0.5313)  f1_weighted: 0.4600 (0.5447)  time: 0.0616  data: 0.0003  max mem: 5415
Passive Test:  [  1820/?]  eta: ?  loss: 0.9523 (0.9894)  accuracy: 0.4844 (0.5302)  balanced_accuracy: 0.5729 (0.5317)  f1_weighted: 0.4983 (0.5449)  time: 0.0633  data: 0.0003  max mem: 5415
Passive Test:  [  1830/?]  eta: ?  loss: 0.9256 (0.9888)  accuracy: 0.5000 (0.5305)  balanced_accuracy: 0.5726 (0.5322)  f1_weighted: 0.5786 (0.5453)  time: 0.0629  data: 0.0003  max mem: 5415
Passive Test:  [  1840/?]  eta: ?  loss: 0.8958 (0.9885)  accuracy: 0.5000 (0.5306)  balanced_accuracy: 0.5726 (0.5324)  f1_weighted: 0.6133 (0.5455)  time: 0.0627  data: 0.0003  max mem: 5415
Passive Test:  [  1850/?]  eta: ?  loss: 0.8937 (0.9881)  accuracy: 0.4531 (0.5306)  balanced_accuracy: 0.5190 (0.5325)  f1_weighted: 0.5307 (0.5456)  time: 0.0631  data: 0.0003  max mem: 5415
Passive Test:  [  1860/?]  eta: ?  loss: 0.9074 (0.9878)  accuracy: 0.4531 (0.5305)  balanced_accuracy: 0.4909 (0.5326)  f1_weighted: 0.5307 (0.5456)  time: 0.0654  data: 0.0003  max mem: 5415
Passive Test:  [  1870/?]  eta: ?  loss: 0.9606 (0.9875)  accuracy: 0.4844 (0.5306)  balanced_accuracy: 0.4574 (0.5327)  f1_weighted: 0.5121 (0.5457)  time: 0.0665  data: 0.0003  max mem: 5415
Passive Test:  [  1880/?]  eta: ?  loss: 0.9801 (0.9871)  accuracy: 0.4844 (0.5306)  balanced_accuracy: 0.5159 (0.5328)  f1_weighted: 0.5350 (0.5458)  time: 0.0639  data: 0.0003  max mem: 5415
Passive Test:  [  1890/?]  eta: ?  loss: 0.9197 (0.9867)  accuracy: 0.5469 (0.5308)  balanced_accuracy: 0.5318 (0.5331)  f1_weighted: 0.5514 (0.5459)  time: 0.0620  data: 0.0003  max mem: 5415
Passive Test:  [  1900/?]  eta: ?  loss: 1.0008 (0.9869)  accuracy: 0.5469 (0.5308)  balanced_accuracy: 0.5097 (0.5331)  f1_weighted: 0.5409 (0.5459)  time: 0.0614  data: 0.0003  max mem: 5415
Passive Test:  [  1910/?]  eta: ?  loss: 1.0098 (0.9871)  accuracy: 0.5000 (0.5308)  balanced_accuracy: 0.4954 (0.5331)  f1_weighted: 0.5392 (0.5458)  time: 0.0612  data: 0.0003  max mem: 5415
Passive Test:  [  1920/?]  eta: ?  loss: 0.9781 (0.9869)  accuracy: 0.5312 (0.5309)  balanced_accuracy: 0.4954 (0.5332)  f1_weighted: 0.5442 (0.5459)  time: 0.0614  data: 0.0003  max mem: 5415
Passive Test:  [  1930/?]  eta: ?  loss: 0.8847 (0.9864)  accuracy: 0.6094 (0.5315)  balanced_accuracy: 0.5882 (0.5337)  f1_weighted: 0.6261 (0.5463)  time: 0.0620  data: 0.0003  max mem: 5415
Passive Test:  [  1940/?]  eta: ?  loss: 0.8847 (0.9862)  accuracy: 0.6094 (0.5318)  balanced_accuracy: 0.5882 (0.5340)  f1_weighted: 0.6188 (0.5467)  time: 0.0630  data: 0.0003  max mem: 5415
Passive Test:  [  1950/?]  eta: ?  loss: 0.9200 (0.9858)  accuracy: 0.5938 (0.5324)  balanced_accuracy: 0.5892 (0.5345)  f1_weighted: 0.6248 (0.5474)  time: 0.0636  data: 0.0003  max mem: 5415
Passive Test:  [  1960/?]  eta: ?  loss: 0.9402 (0.9858)  accuracy: 0.6094 (0.5327)  balanced_accuracy: 0.5359 (0.5348)  f1_weighted: 0.6513 (0.5478)  time: 0.0641  data: 0.0003  max mem: 5415
Passive Test:  [  1970/?]  eta: ?  loss: 1.0108 (0.9854)  accuracy: 0.5781 (0.5328)  balanced_accuracy: 0.5246 (0.5350)  f1_weighted: 0.6035 (0.5481)  time: 0.0640  data: 0.0003  max mem: 5415
Passive Test:  [  1980/?]  eta: ?  loss: 0.9871 (0.9851)  accuracy: 0.5625 (0.5332)  balanced_accuracy: 0.5944 (0.5356)  f1_weighted: 0.6431 (0.5486)  time: 0.0635  data: 0.0003  max mem: 5415
Passive Test:  [  1990/?]  eta: ?  loss: 0.9531 (0.9841)  accuracy: 0.5625 (0.5335)  balanced_accuracy: 0.6199 (0.5361)  f1_weighted: 0.6588 (0.5490)  time: 0.0687  data: 0.0002  max mem: 5415
Passive Test:  [  2000/?]  eta: ?  loss: 0.7765 (0.9832)  accuracy: 0.5469 (0.5338)  balanced_accuracy: 0.6092 (0.5365)  f1_weighted: 0.5347 (0.5494)  time: 0.0673  data: 0.0002  max mem: 5415
Passive Test:  [  2010/?]  eta: ?  loss: 0.8883 (0.9829)  accuracy: 0.5156 (0.5338)  balanced_accuracy: 0.5954 (0.5366)  f1_weighted: 0.5347 (0.5495)  time: 0.0614  data: 0.0002  max mem: 5415
Passive Test:  [  2020/?]  eta: ?  loss: 0.9260 (0.9821)  accuracy: 0.5156 (0.5340)  balanced_accuracy: 0.6000 (0.5373)  f1_weighted: 0.5353 (0.5498)  time: 0.0625  data: 0.0003  max mem: 5415
Passive Test:  [  2030/?]  eta: ?  loss: 0.8477 (0.9811)  accuracy: 0.5312 (0.5343)  balanced_accuracy: 0.6248 (0.5379)  f1_weighted: 0.5353 (0.5501)  time: 0.0613  data: 0.0003  max mem: 5415
Passive Test:  [  2040/?]  eta: ?  loss: 0.9161 (0.9807)  accuracy: 0.5156 (0.5344)  balanced_accuracy: 0.6113 (0.5384)  f1_weighted: 0.5118 (0.5503)  time: 0.0614  data: 0.0003  max mem: 5415
Passive Test:  [  2050/?]  eta: ?  loss: 0.9198 (0.9797)  accuracy: 0.5156 (0.5349)  balanced_accuracy: 0.6388 (0.5392)  f1_weighted: 0.6361 (0.5509)  time: 0.0606  data: 0.0003  max mem: 5415
Passive Test:  [  2060/?]  eta: ?  loss: 0.9580 (0.9792)  accuracy: 0.5000 (0.5350)  balanced_accuracy: 0.6192 (0.5394)  f1_weighted: 0.6361 (0.5511)  time: 0.0608  data: 0.0003  max mem: 5415
Passive Test:  [  2070/?]  eta: ?  loss: 0.8953 (0.9779)  accuracy: 0.5156 (0.5356)  balanced_accuracy: 0.6192 (0.5401)  f1_weighted: 0.6224 (0.5519)  time: 0.0609  data: 0.0003  max mem: 5415
Passive Test:  [  2080/?]  eta: ?  loss: 0.7749 (0.9764)  accuracy: 0.5312 (0.5362)  balanced_accuracy: 0.6863 (0.5409)  f1_weighted: 0.6357 (0.5526)  time: 0.0604  data: 0.0003  max mem: 5415
Passive Test:  [  2090/?]  eta: ?  loss: 0.7386 (0.9754)  accuracy: 0.5312 (0.5365)  balanced_accuracy: 0.6902 (0.5413)  f1_weighted: 0.6357 (0.5530)  time: 0.0622  data: 0.0003  max mem: 5415
Passive Test:  [  2100/?]  eta: ?  loss: 0.7386 (0.9743)  accuracy: 0.6562 (0.5370)  balanced_accuracy: 0.6902 (0.5421)  f1_weighted: 0.6820 (0.5538)  time: 0.0609  data: 0.0002  max mem: 5415
Passive Test:  [  2110/?]  eta: ?  loss: 0.6691 (0.9729)  accuracy: 0.6875 (0.5378)  balanced_accuracy: 0.7328 (0.5430)  f1_weighted: 0.7163 (0.5548)  time: 0.0695  data: 0.0003  max mem: 5415
Passive Test:  [  2120/?]  eta: ?  loss: 0.6344 (0.9714)  accuracy: 0.6719 (0.5385)  balanced_accuracy: 0.7399 (0.5440)  f1_weighted: 0.7958 (0.5558)  time: 0.0704  data: 0.0003  max mem: 5415
Passive Test:  [  2130/?]  eta: ?  loss: 0.6344 (0.9701)  accuracy: 0.6719 (0.5393)  balanced_accuracy: 0.7255 (0.5448)  f1_weighted: 0.7921 (0.5567)  time: 0.0626  data: 0.0003  max mem: 5415
Passive Test:  [  2140/?]  eta: ?  loss: 0.7582 (0.9695)  accuracy: 0.5938 (0.5394)  balanced_accuracy: 0.6949 (0.5454)  f1_weighted: 0.6604 (0.5571)  time: 0.0644  data: 0.0003  max mem: 5415
Passive Test:  [  2150/?]  eta: ?  loss: 0.8127 (0.9690)  accuracy: 0.5781 (0.5398)  balanced_accuracy: 0.6471 (0.5460)  f1_weighted: 0.6359 (0.5576)  time: 0.0639  data: 0.0003  max mem: 5415
Passive Test:  [  2160/?]  eta: ?  loss: 0.8003 (0.9682)  accuracy: 0.6250 (0.5400)  balanced_accuracy: 0.6442 (0.5466)  f1_weighted: 0.6371 (0.5581)  time: 0.0636  data: 0.0003  max mem: 5415
Passive Test:  [  2170/?]  eta: ?  loss: 0.8950 (0.9674)  accuracy: 0.6406 (0.5405)  balanced_accuracy: 0.6442 (0.5473)  f1_weighted: 0.6823 (0.5588)  time: 0.0719  data: 0.0003  max mem: 5415
Passive Test:  [  2180/?]  eta: ?  loss: 0.8950 (0.9670)  accuracy: 0.5469 (0.5406)  balanced_accuracy: 0.6046 (0.5475)  f1_weighted: 0.6322 (0.5591)  time: 0.0723  data: 0.0003  max mem: 5415
Passive Test:  [  2190/?]  eta: ?  loss: 0.8733 (0.9665)  accuracy: 0.5469 (0.5411)  balanced_accuracy: 0.5379 (0.5479)  f1_weighted: 0.6018 (0.5597)  time: 0.0638  data: 0.0003  max mem: 5415
Passive Test:  [  2200/?]  eta: ?  loss: 0.8609 (0.9662)  accuracy: 0.5781 (0.5414)  balanced_accuracy: 0.5506 (0.5480)  f1_weighted: 0.6712 (0.5600)  time: 0.0704  data: 0.0003  max mem: 5415
Passive Test:  [  2210/?]  eta: ?  loss: 0.8314 (0.9662)  accuracy: 0.5781 (0.5416)  balanced_accuracy: 0.5862 (0.5482)  f1_weighted: 0.6602 (0.5604)  time: 0.0684  data: 0.0003  max mem: 5415
Passive Test:  [  2220/?]  eta: ?  loss: 0.8356 (0.9659)  accuracy: 0.5781 (0.5418)  balanced_accuracy: 0.5965 (0.5483)  f1_weighted: 0.6336 (0.5606)  time: 0.0618  data: 0.0003  max mem: 5415
Passive Test:  [  2230/?]  eta: ?  loss: 0.8867 (0.9663)  accuracy: 0.5469 (0.5417)  balanced_accuracy: 0.5520 (0.5482)  f1_weighted: 0.5727 (0.5605)  time: 0.0733  data: 0.0003  max mem: 5415
Passive Test:  [  2240/?]  eta: ?  loss: 0.9263 (0.9663)  accuracy: 0.5000 (0.5416)  balanced_accuracy: 0.5132 (0.5480)  f1_weighted: 0.5096 (0.5605)  time: 0.0746  data: 0.0003  max mem: 5415
Passive Test:  [  2250/?]  eta: ?  loss: 0.9013 (0.9664)  accuracy: 0.4844 (0.5414)  balanced_accuracy: 0.4893 (0.5477)  f1_weighted: 0.5037 (0.5604)  time: 0.0658  data: 0.0003  max mem: 5415
Passive Test:  [  2260/?]  eta: ?  loss: 0.8916 (0.9659)  accuracy: 0.5000 (0.5413)  balanced_accuracy: 0.5000 (0.5476)  f1_weighted: 0.5124 (0.5604)  time: 0.0644  data: 0.0003  max mem: 5415
Passive Test:  [  2270/?]  eta: ?  loss: 0.7781 (0.9658)  accuracy: 0.5000 (0.5411)  balanced_accuracy: 0.5000 (0.5474)  f1_weighted: 0.5218 (0.5602)  time: 0.0646  data: 0.0003  max mem: 5415
Passive Test:  [  2280/?]  eta: ?  loss: 0.8623 (0.9658)  accuracy: 0.4688 (0.5409)  balanced_accuracy: 0.5344 (0.5472)  f1_weighted: 0.4762 (0.5601)  time: 0.0640  data: 0.0003  max mem: 5415
Passive Test:  [  2290/?]  eta: ?  loss: 0.8623 (0.9657)  accuracy: 0.4688 (0.5406)  balanced_accuracy: 0.5446 (0.5471)  f1_weighted: 0.4762 (0.5598)  time: 0.0620  data: 0.0003  max mem: 5415
Passive Test:  [  2300/?]  eta: ?  loss: 0.8817 (0.9658)  accuracy: 0.4688 (0.5403)  balanced_accuracy: 0.4669 (0.5466)  f1_weighted: 0.4743 (0.5594)  time: 0.0617  data: 0.0003  max mem: 5415
Passive Test:  [  2310/?]  eta: ?  loss: 0.9118 (0.9659)  accuracy: 0.4531 (0.5400)  balanced_accuracy: 0.3907 (0.5462)  f1_weighted: 0.4763 (0.5591)  time: 0.0627  data: 0.0003  max mem: 5415
Passive Test:  [  2320/?]  eta: ?  loss: 1.0152 (0.9658)  accuracy: 0.4688 (0.5398)  balanced_accuracy: 0.3995 (0.5458)  f1_weighted: 0.4871 (0.5588)  time: 0.0630  data: 0.0003  max mem: 5415
Passive Test:  [  2330/?]  eta: ?  loss: 0.8735 (0.9659)  accuracy: 0.4844 (0.5397)  balanced_accuracy: 0.4565 (0.5455)  f1_weighted: 0.4901 (0.5586)  time: 0.0630  data: 0.0003  max mem: 5415
Passive Test:  [  2340/?]  eta: ?  loss: 0.9091 (0.9660)  accuracy: 0.4844 (0.5395)  balanced_accuracy: 0.4737 (0.5452)  f1_weighted: 0.4997 (0.5584)  time: 0.0628  data: 0.0003  max mem: 5415
Passive Test:  [  2350/?]  eta: ?  loss: 0.9688 (0.9666)  accuracy: 0.4688 (0.5391)  balanced_accuracy: 0.4344 (0.5446)  f1_weighted: 0.4604 (0.5580)  time: 0.0644  data: 0.0003  max mem: 5415
Passive Test:  [  2360/?]  eta: ?  loss: 0.9850 (0.9664)  accuracy: 0.4688 (0.5391)  balanced_accuracy: 0.4344 (0.5445)  f1_weighted: 0.4604 (0.5579)  time: 0.0630  data: 0.0003  max mem: 5415
Passive Test:  [  2370/?]  eta: ?  loss: 0.7587 (0.9654)  accuracy: 0.6250 (0.5397)  balanced_accuracy: 0.6154 (0.5450)  f1_weighted: 0.6472 (0.5585)  time: 0.0614  data: 0.0003  max mem: 5415
Passive Test:  [  2380/?]  eta: ?  loss: 0.7324 (0.9650)  accuracy: 0.6875 (0.5400)  balanced_accuracy: 0.6497 (0.5452)  f1_weighted: 0.6847 (0.5589)  time: 0.0685  data: 0.0003  max mem: 5415
Passive Test:  [  2390/?]  eta: ?  loss: 0.6594 (0.9639)  accuracy: 0.6562 (0.5405)  balanced_accuracy: 0.6497 (0.5456)  f1_weighted: 0.6828 (0.5594)  time: 0.0683  data: 0.0003  max mem: 5415
Passive Test:  [  2400/?]  eta: ?  loss: 0.6591 (0.9628)  accuracy: 0.6562 (0.5410)  balanced_accuracy: 0.6885 (0.5461)  f1_weighted: 0.6972 (0.5600)  time: 0.0635  data: 0.0003  max mem: 5415
Passive Test:  [  2410/?]  eta: ?  loss: 0.7834 (0.9622)  accuracy: 0.6406 (0.5413)  balanced_accuracy: 0.6400 (0.5464)  f1_weighted: 0.6612 (0.5605)  time: 0.0628  data: 0.0003  max mem: 5415
Passive Test:  [  2420/?]  eta: ?  loss: 0.8130 (0.9613)  accuracy: 0.6250 (0.5419)  balanced_accuracy: 0.6549 (0.5471)  f1_weighted: 0.6753 (0.5612)  time: 0.0618  data: 0.0003  max mem: 5415
Passive Test:  [  2430/?]  eta: ?  loss: 0.7456 (0.9609)  accuracy: 0.6406 (0.5422)  balanced_accuracy: 0.6968 (0.5476)  f1_weighted: 0.6753 (0.5615)  time: 0.0624  data: 0.0003  max mem: 5415
Passive Test:  [  2440/?]  eta: ?  loss: 0.9173 (0.9606)  accuracy: 0.6094 (0.5425)  balanced_accuracy: 0.6968 (0.5480)  f1_weighted: 0.6442 (0.5618)  time: 0.0621  data: 0.0003  max mem: 5415
Passive Test:  [  2450/?]  eta: ?  loss: 0.9173 (0.9606)  accuracy: 0.6094 (0.5427)  balanced_accuracy: 0.5933 (0.5482)  f1_weighted: 0.6372 (0.5620)  time: 0.0627  data: 0.0003  max mem: 5415
Passive Test:  [  2460/?]  eta: ?  loss: 0.8592 (0.9601)  accuracy: 0.6094 (0.5431)  balanced_accuracy: 0.6436 (0.5488)  f1_weighted: 0.6215 (0.5625)  time: 0.0639  data: 0.0003  max mem: 5415
Passive Test:  [  2470/?]  eta: ?  loss: 0.7976 (0.9599)  accuracy: 0.6406 (0.5435)  balanced_accuracy: 0.6436 (0.5493)  f1_weighted: 0.6654 (0.5628)  time: 0.0623  data: 0.0003  max mem: 5415
Passive Test:  [  2480/?]  eta: ?  loss: 0.7445 (0.9591)  accuracy: 0.6250 (0.5439)  balanced_accuracy: 0.6245 (0.5498)  f1_weighted: 0.6334 (0.5633)  time: 0.0620  data: 0.0002  max mem: 5415
Passive Test:  [  2490/?]  eta: ?  loss: 0.7445 (0.9583)  accuracy: 0.6250 (0.5443)  balanced_accuracy: 0.6614 (0.5502)  f1_weighted: 0.6334 (0.5637)  time: 0.0633  data: 0.0003  max mem: 5415
Passive Test:  [  2500/?]  eta: ?  loss: 0.6097 (0.9569)  accuracy: 0.6562 (0.5451)  balanced_accuracy: 0.7005 (0.5511)  f1_weighted: 0.6859 (0.5645)  time: 0.0641  data: 0.0003  max mem: 5415
Passive Test:  [  2510/?]  eta: ?  loss: 0.6011 (0.9555)  accuracy: 0.7188 (0.5458)  balanced_accuracy: 0.7745 (0.5520)  f1_weighted: 0.7461 (0.5653)  time: 0.0651  data: 0.0003  max mem: 5415
Passive Test:  [  2520/?]  eta: ?  loss: 0.5413 (0.9539)  accuracy: 0.7344 (0.5466)  balanced_accuracy: 0.7489 (0.5528)  f1_weighted: 0.7905 (0.5663)  time: 0.0646  data: 0.0003  max mem: 5415
Passive Test:  [  2530/?]  eta: ?  loss: 0.6777 (0.9529)  accuracy: 0.6875 (0.5471)  balanced_accuracy: 0.7164 (0.5534)  f1_weighted: 0.7326 (0.5669)  time: 0.0622  data: 0.0003  max mem: 5415
Passive Test:  [  2540/?]  eta: ?  loss: 0.7350 (0.9518)  accuracy: 0.6562 (0.5476)  balanced_accuracy: 0.7085 (0.5539)  f1_weighted: 0.7326 (0.5677)  time: 0.0610  data: 0.0003  max mem: 5415
Passive Test:  [  2550/?]  eta: ?  loss: 0.7023 (0.9510)  accuracy: 0.6406 (0.5479)  balanced_accuracy: 0.6606 (0.5542)  f1_weighted: 0.7272 (0.5682)  time: 0.0623  data: 0.0003  max mem: 5415
Passive Test:  [  2560/?]  eta: ?  loss: 0.7720 (0.9504)  accuracy: 0.6406 (0.5482)  balanced_accuracy: 0.6395 (0.5544)  f1_weighted: 0.6932 (0.5687)  time: 0.0617  data: 0.0003  max mem: 5415
Passive Test:  [  2570/?]  eta: ?  loss: 0.8221 (0.9498)  accuracy: 0.6094 (0.5484)  balanced_accuracy: 0.6290 (0.5547)  f1_weighted: 0.6745 (0.5691)  time: 0.0715  data: 0.0003  max mem: 5415
Passive Test:  [  2580/?]  eta: ?  loss: 0.7818 (0.9489)  accuracy: 0.6250 (0.5488)  balanced_accuracy: 0.6403 (0.5552)  f1_weighted: 0.7268 (0.5698)  time: 0.0720  data: 0.0003  max mem: 5415
Passive Test:  [  2590/?]  eta: ?  loss: 0.7806 (0.9480)  accuracy: 0.6250 (0.5491)  balanced_accuracy: 0.6498 (0.5556)  f1_weighted: 0.7357 (0.5703)  time: 0.0628  data: 0.0003  max mem: 5415
Passive Test:  [  2600/?]  eta: ?  loss: 0.7772 (0.9469)  accuracy: 0.5938 (0.5496)  balanced_accuracy: 0.6427 (0.5561)  f1_weighted: 0.7188 (0.5709)  time: 0.0650  data: 0.0003  max mem: 5415
Passive Test:  [  2610/?]  eta: ?  loss: 0.7772 (0.9461)  accuracy: 0.5781 (0.5498)  balanced_accuracy: 0.6197 (0.5564)  f1_weighted: 0.6467 (0.5713)  time: 0.0643  data: 0.0003  max mem: 5415
Passive Test:  [  2620/?]  eta: ?  loss: 0.7380 (0.9451)  accuracy: 0.5781 (0.5501)  balanced_accuracy: 0.6870 (0.5568)  f1_weighted: 0.6467 (0.5716)  time: 0.0635  data: 0.0003  max mem: 5415
Passive Test:  [  2630/?]  eta: ?  loss: 0.7296 (0.9445)  accuracy: 0.5625 (0.5501)  balanced_accuracy: 0.6633 (0.5570)  f1_weighted: 0.6331 (0.5717)  time: 0.0721  data: 0.0003  max mem: 5415
Passive Test:  [  2640/?]  eta: ?  loss: 0.7444 (0.9440)  accuracy: 0.5469 (0.5502)  balanced_accuracy: 0.5944 (0.5572)  f1_weighted: 0.5493 (0.5718)  time: 0.0722  data: 0.0003  max mem: 5415
Passive Test:  [  2650/?]  eta: ?  loss: 0.7559 (0.9435)  accuracy: 0.5938 (0.5504)  balanced_accuracy: 0.5860 (0.5574)  f1_weighted: 0.5974 (0.5720)  time: 0.0634  data: 0.0003  max mem: 5415
Passive Test:  [  2660/?]  eta: ?  loss: 0.8096 (0.9437)  accuracy: 0.5312 (0.5502)  balanced_accuracy: 0.5749 (0.5571)  f1_weighted: 0.5729 (0.5718)  time: 0.0604  data: 0.0002  max mem: 5415
Passive Test:  [  2670/?]  eta: ?  loss: 1.0289 (0.9450)  accuracy: 0.4531 (0.5497)  balanced_accuracy: 0.4230 (0.5564)  f1_weighted: 0.4718 (0.5713)  time: 0.0679  data: 0.0002  max mem: 5415
Passive Test:  [  2680/?]  eta: ?  loss: 1.0289 (0.9455)  accuracy: 0.4062 (0.5494)  balanced_accuracy: 0.3162 (0.5560)  f1_weighted: 0.4604 (0.5710)  time: 0.0698  data: 0.0003  max mem: 5415
Passive Test:  [  2690/?]  eta: ?  loss: 1.0164 (0.9466)  accuracy: 0.4375 (0.5490)  balanced_accuracy: 0.4845 (0.5555)  f1_weighted: 0.4513 (0.5705)  time: 0.0717  data: 0.0003  max mem: 5415
Passive Test:  [  2700/?]  eta: ?  loss: 1.1533 (0.9468)  accuracy: 0.4375 (0.5487)  balanced_accuracy: 0.4049 (0.5552)  f1_weighted: 0.4383 (0.5702)  time: 0.0707  data: 0.0003  max mem: 5415
Passive Test:  [  2710/?]  eta: ?  loss: 1.0921 (0.9471)  accuracy: 0.4531 (0.5485)  balanced_accuracy: 0.4554 (0.5549)  f1_weighted: 0.4516 (0.5699)  time: 0.0629  data: 0.0003  max mem: 5415
Passive Test:  [  2720/?]  eta: ?  loss: 1.0403 (0.9473)  accuracy: 0.4844 (0.5483)  balanced_accuracy: 0.4554 (0.5547)  f1_weighted: 0.4693 (0.5696)  time: 0.0654  data: 0.0003  max mem: 5415
Passive Test:  [  2730/?]  eta: ?  loss: 0.9156 (0.9473)  accuracy: 0.5156 (0.5482)  balanced_accuracy: 0.4957 (0.5545)  f1_weighted: 0.4977 (0.5694)  time: 0.0655  data: 0.0003  max mem: 5415
Passive Test:  [  2740/?]  eta: ?  loss: 0.8926 (0.9471)  accuracy: 0.5312 (0.5481)  balanced_accuracy: 0.5175 (0.5545)  f1_weighted: 0.5115 (0.5694)  time: 0.0651  data: 0.0003  max mem: 5415
Passive Test:  [  2750/?]  eta: ?  loss: 0.8923 (0.9471)  accuracy: 0.5156 (0.5480)  balanced_accuracy: 0.5175 (0.5544)  f1_weighted: 0.5084 (0.5691)  time: 0.0650  data: 0.0002  max mem: 5415
Passive Test:  [  2760/?]  eta: ?  loss: 0.8620 (0.9468)  accuracy: 0.5156 (0.5481)  balanced_accuracy: 0.5336 (0.5545)  f1_weighted: 0.5145 (0.5692)  time: 0.0634  data: 0.0002  max mem: 5415
Passive Test:  [  2770/?]  eta: ?  loss: 0.8165 (0.9466)  accuracy: 0.5625 (0.5483)  balanced_accuracy: 0.5733 (0.5547)  f1_weighted: 0.5574 (0.5693)  time: 0.0643  data: 0.0003  max mem: 5415
Passive Test:  [  2780/?]  eta: ?  loss: 0.8053 (0.9459)  accuracy: 0.5625 (0.5486)  balanced_accuracy: 0.5738 (0.5549)  f1_weighted: 0.5611 (0.5694)  time: 0.0670  data: 0.0003  max mem: 5415
Passive Test:  [  2790/?]  eta: ?  loss: 0.7996 (0.9460)  accuracy: 0.5625 (0.5487)  balanced_accuracy: 0.5236 (0.5548)  f1_weighted: 0.5407 (0.5694)  time: 0.0668  data: 0.0003  max mem: 5415
Passive Test:  [  2800/?]  eta: ?  loss: 0.8936 (0.9460)  accuracy: 0.5156 (0.5487)  balanced_accuracy: 0.4574 (0.5547)  f1_weighted: 0.4963 (0.5693)  time: 0.0651  data: 0.0002  max mem: 5415
Passive Test:  [  2810/?]  eta: ?  loss: 0.9260 (0.9466)  accuracy: 0.5000 (0.5484)  balanced_accuracy: 0.4462 (0.5544)  f1_weighted: 0.4655 (0.5689)  time: 0.0628  data: 0.0003  max mem: 5415
Passive Test:  [  2820/?]  eta: ?  loss: 0.8844 (0.9466)  accuracy: 0.5000 (0.5483)  balanced_accuracy: 0.4342 (0.5541)  f1_weighted: 0.4546 (0.5687)  time: 0.0688  data: 0.0003  max mem: 5415
Passive Test:  [  2830/?]  eta: ?  loss: 0.8843 (0.9470)  accuracy: 0.5469 (0.5481)  balanced_accuracy: 0.4672 (0.5538)  f1_weighted: 0.5071 (0.5684)  time: 0.0665  data: 0.0002  max mem: 5415
Passive Test:  [  2840/?]  eta: ?  loss: 0.9711 (0.9470)  accuracy: 0.5156 (0.5481)  balanced_accuracy: 0.4672 (0.5537)  f1_weighted: 0.4732 (0.5683)  time: 0.0603  data: 0.0003  max mem: 5415
Passive Test:  [  2850/?]  eta: ?  loss: 0.9711 (0.9471)  accuracy: 0.5156 (0.5481)  balanced_accuracy: 0.5226 (0.5537)  f1_weighted: 0.5292 (0.5682)  time: 0.0624  data: 0.0003  max mem: 5415
Passive Test:  [  2860/?]  eta: ?  loss: 0.9526 (0.9467)  accuracy: 0.4844 (0.5480)  balanced_accuracy: 0.4944 (0.5536)  f1_weighted: 0.5095 (0.5681)  time: 0.0627  data: 0.0003  max mem: 5415
Passive Test:  [  2870/?]  eta: ?  loss: 0.8345 (0.9461)  accuracy: 0.5156 (0.5482)  balanced_accuracy: 0.4944 (0.5537)  f1_weighted: 0.5173 (0.5683)  time: 0.0626  data: 0.0003  max mem: 5415
Passive Test:  [  2880/?]  eta: ?  loss: 0.8338 (0.9457)  accuracy: 0.5156 (0.5482)  balanced_accuracy: 0.5136 (0.5537)  f1_weighted: 0.5496 (0.5683)  time: 0.0628  data: 0.0003  max mem: 5415
Passive Test:  [  2890/?]  eta: ?  loss: 0.8780 (0.9454)  accuracy: 0.5000 (0.5482)  balanced_accuracy: 0.5121 (0.5537)  f1_weighted: 0.5173 (0.5682)  time: 0.0617  data: 0.0003  max mem: 5415
Passive Test:  [  2900/?]  eta: ?  loss: 0.9055 (0.9451)  accuracy: 0.5000 (0.5481)  balanced_accuracy: 0.5179 (0.5537)  f1_weighted: 0.5392 (0.5682)  time: 0.0611  data: 0.0002  max mem: 5415
Passive Test:  [  2910/?]  eta: ?  loss: 0.9037 (0.9448)  accuracy: 0.6094 (0.5482)  balanced_accuracy: 0.5585 (0.5539)  f1_weighted: 0.6178 (0.5683)  time: 0.0624  data: 0.0003  max mem: 5415
Passive Test:  [  2920/?]  eta: ?  loss: 0.8847 (0.9449)  accuracy: 0.5469 (0.5483)  balanced_accuracy: 0.5821 (0.5540)  f1_weighted: 0.6113 (0.5684)  time: 0.0625  data: 0.0003  max mem: 5415
Passive Test:  [  2930/?]  eta: ?  loss: 0.8498 (0.9445)  accuracy: 0.5938 (0.5486)  balanced_accuracy: 0.6395 (0.5544)  f1_weighted: 0.6409 (0.5687)  time: 0.0604  data: 0.0002  max mem: 5415
Passive Test:  [  2940/?]  eta: ?  loss: 0.7561 (0.9441)  accuracy: 0.6719 (0.5489)  balanced_accuracy: 0.6752 (0.5549)  f1_weighted: 0.6786 (0.5690)  time: 0.0606  data: 0.0003  max mem: 5415
Passive Test:  [  2950/?]  eta: ?  loss: 0.8241 (0.9439)  accuracy: 0.6250 (0.5491)  balanced_accuracy: 0.6385 (0.5550)  f1_weighted: 0.6430 (0.5692)  time: 0.0612  data: 0.0003  max mem: 5415
Passive Test:  [  2960/?]  eta: ?  loss: 0.8170 (0.9434)  accuracy: 0.5781 (0.5492)  balanced_accuracy: 0.5901 (0.5552)  f1_weighted: 0.6083 (0.5694)  time: 0.0610  data: 0.0002  max mem: 5415
Passive Test:  [  2970/?]  eta: ?  loss: 0.7829 (0.9427)  accuracy: 0.5625 (0.5494)  balanced_accuracy: 0.5962 (0.5555)  f1_weighted: 0.6083 (0.5697)  time: 0.0632  data: 0.0003  max mem: 5415
Passive Test:  [  2980/?]  eta: ?  loss: 0.7829 (0.9421)  accuracy: 0.5938 (0.5496)  balanced_accuracy: 0.6305 (0.5558)  f1_weighted: 0.6421 (0.5699)  time: 0.0598  data: 0.0003  max mem: 5415
Passive Test:  [  2990/?]  eta: ?  loss: 0.7925 (0.9414)  accuracy: 0.5938 (0.5498)  balanced_accuracy: 0.6305 (0.5561)  f1_weighted: 0.6572 (0.5703)  time: 0.0591  data: 0.0002  max mem: 5415
Passive Test:  [  3000/?]  eta: ?  loss: 0.7944 (0.9412)  accuracy: 0.5625 (0.5497)  balanced_accuracy: 0.5982 (0.5562)  f1_weighted: 0.6335 (0.5703)  time: 0.0619  data: 0.0002  max mem: 5415
Passive Test:  [  3010/?]  eta: ?  loss: 0.7825 (0.9413)  accuracy: 0.5469 (0.5498)  balanced_accuracy: 0.6378 (0.5563)  f1_weighted: 0.6071 (0.5703)  time: 0.0618  data: 0.0002  max mem: 5415
Passive Test:  [  3020/?]  eta: ?  loss: 0.7581 (0.9409)  accuracy: 0.6406 (0.5500)  balanced_accuracy: 0.7000 (0.5566)  f1_weighted: 0.6900 (0.5705)  time: 0.0601  data: 0.0002  max mem: 5415
Passive Test:  [  3030/?]  eta: ?  loss: 0.7855 (0.9409)  accuracy: 0.6406 (0.5501)  balanced_accuracy: 0.7244 (0.5567)  f1_weighted: 0.7088 (0.5706)  time: 0.0679  data: 0.0003  max mem: 5415
Passive Test:  [  3040/?]  eta: ?  loss: 0.6975 (0.9403)  accuracy: 0.6406 (0.5504)  balanced_accuracy: 0.7244 (0.5571)  f1_weighted: 0.7008 (0.5709)  time: 0.0715  data: 0.0003  max mem: 5415
Passive Test:  [  3050/?]  eta: ?  loss: 0.7447 (0.9406)  accuracy: 0.6250 (0.5503)  balanced_accuracy: 0.6995 (0.5571)  f1_weighted: 0.6349 (0.5708)  time: 0.0641  data: 0.0003  max mem: 5415
Passive Test:  [  3060/?]  eta: ?  loss: 0.7439 (0.9404)  accuracy: 0.6250 (0.5505)  balanced_accuracy: 0.6923 (0.5573)  f1_weighted: 0.6704 (0.5710)  time: 0.0622  data: 0.0002  max mem: 5415
Passive Test:  [  3070/?]  eta: ?  loss: 0.6659 (0.9402)  accuracy: 0.6719 (0.5507)  balanced_accuracy: 0.7270 (0.5576)  f1_weighted: 0.7201 (0.5712)  time: 0.0627  data: 0.0002  max mem: 5415
Passive Test:  [  3080/?]  eta: ?  loss: 0.6659 (0.9399)  accuracy: 0.6406 (0.5510)  balanced_accuracy: 0.7533 (0.5579)  f1_weighted: 0.7344 (0.5714)  time: 0.0634  data: 0.0003  max mem: 5415
Passive Test:  [  3090/?]  eta: ?  loss: 0.7503 (0.9397)  accuracy: 0.6406 (0.5511)  balanced_accuracy: 0.6560 (0.5581)  f1_weighted: 0.6551 (0.5715)  time: 0.0758  data: 0.0003  max mem: 5415
Passive Test:  [  3100/?]  eta: ?  loss: 0.6940 (0.9395)  accuracy: 0.6094 (0.5513)  balanced_accuracy: 0.6423 (0.5582)  f1_weighted: 0.6467 (0.5717)  time: 0.0755  data: 0.0003  max mem: 5415
Passive Test:  [  3110/?]  eta: ?  loss: 0.6932 (0.9394)  accuracy: 0.5312 (0.5514)  balanced_accuracy: 0.5385 (0.5584)  f1_weighted: 0.6214 (0.5718)  time: 0.0629  data: 0.0003  max mem: 5415
Passive Test:  [  3120/?]  eta: ?  loss: 0.7640 (0.9390)  accuracy: 0.6094 (0.5516)  balanced_accuracy: 0.6406 (0.5586)  f1_weighted: 0.6509 (0.5720)  time: 0.0627  data: 0.0003  max mem: 5415
Passive Test:  [  3130/?]  eta: ?  loss: 0.7414 (0.9385)  accuracy: 0.6094 (0.5519)  balanced_accuracy: 0.6482 (0.5588)  f1_weighted: 0.6618 (0.5723)  time: 0.0687  data: 0.0002  max mem: 5415
Passive Test:  [  3140/?]  eta: ?  loss: 0.7258 (0.9379)  accuracy: 0.6562 (0.5522)  balanced_accuracy: 0.6432 (0.5590)  f1_weighted: 0.6738 (0.5726)  time: 0.0682  data: 0.0002  max mem: 5415
Passive Test:  [  3150/?]  eta: ?  loss: 0.7329 (0.9377)  accuracy: 0.5938 (0.5523)  balanced_accuracy: 0.5938 (0.5590)  f1_weighted: 0.6644 (0.5728)  time: 0.0624  data: 0.0003  max mem: 5415
Passive Test:  [  3160/?]  eta: ?  loss: 0.8700 (0.9375)  accuracy: 0.5312 (0.5525)  balanced_accuracy: 0.5456 (0.5592)  f1_weighted: 0.5272 (0.5730)  time: 0.0716  data: 0.0003  max mem: 5415
Passive Test:  [  3170/?]  eta: ?  loss: 0.8395 (0.9373)  accuracy: 0.5156 (0.5525)  balanced_accuracy: 0.5456 (0.5593)  f1_weighted: 0.5203 (0.5731)  time: 0.0715  data: 0.0003  max mem: 5415
Passive Test:  [  3180/?]  eta: ?  loss: 0.8395 (0.9371)  accuracy: 0.5156 (0.5526)  balanced_accuracy: 0.5328 (0.5594)  f1_weighted: 0.5203 (0.5733)  time: 0.0639  data: 0.0003  max mem: 5415
Passive Test:  [  3190/?]  eta: ?  loss: 1.0553 (0.9373)  accuracy: 0.4688 (0.5525)  balanced_accuracy: 0.5328 (0.5595)  f1_weighted: 0.4984 (0.5734)  time: 0.0641  data: 0.0003  max mem: 5415
Passive Test:  [  3200/?]  eta: ?  loss: 1.0889 (0.9375)  accuracy: 0.4844 (0.5525)  balanced_accuracy: 0.5031 (0.5595)  f1_weighted: 0.5146 (0.5734)  time: 0.0634  data: 0.0003  max mem: 5415
Passive Test:  [  3210/?]  eta: ?  loss: 0.9505 (0.9374)  accuracy: 0.5000 (0.5524)  balanced_accuracy: 0.5277 (0.5596)  f1_weighted: 0.5156 (0.5735)  time: 0.0588  data: 0.0002  max mem: 5415
Passive Test:  [  3220/?]  eta: ?  loss: 0.8074 (0.9372)  accuracy: 0.5469 (0.5524)  balanced_accuracy: 0.6094 (0.5596)  f1_weighted: 0.5581 (0.5735)  time: 0.0582  data: 0.0002  max mem: 5415
Passive Test:  [  3230/?]  eta: ?  loss: 0.7831 (0.9367)  accuracy: 0.6094 (0.5526)  balanced_accuracy: 0.6094 (0.5599)  f1_weighted: 0.6187 (0.5738)  time: 0.0622  data: 0.0002  max mem: 5415
Passive Test:  [  3240/?]  eta: ?  loss: 0.7680 (0.9363)  accuracy: 0.6406 (0.5529)  balanced_accuracy: 0.6374 (0.5602)  f1_weighted: 0.6501 (0.5740)  time: 0.0588  data: 0.0002  max mem: 5415
Passive Test:  [  3250/?]  eta: ?  loss: 0.8286 (0.9361)  accuracy: 0.6094 (0.5530)  balanced_accuracy: 0.6251 (0.5603)  f1_weighted: 0.6561 (0.5742)  time: 0.0577  data: 0.0002  max mem: 5415
Passive Test:  [  3260/?]  eta: ?  loss: 0.9141 (0.9360)  accuracy: 0.5938 (0.5530)  balanced_accuracy: 0.5938 (0.5603)  f1_weighted: 0.6584 (0.5743)  time: 0.0614  data: 0.0002  max mem: 5415
Passive Test:  [  3270/?]  eta: ?  loss: 0.9141 (0.9359)  accuracy: 0.5938 (0.5531)  balanced_accuracy: 0.6094 (0.5604)  f1_weighted: 0.6461 (0.5744)  time: 0.0626  data: 0.0003  max mem: 5415
Passive Test:  [  3280/?]  eta: ?  loss: 0.8843 (0.9356)  accuracy: 0.5938 (0.5533)  balanced_accuracy: 0.6094 (0.5606)  f1_weighted: 0.6199 (0.5746)  time: 0.0627  data: 0.0003  max mem: 5415
Passive Test:  [  3290/?]  eta: ?  loss: 0.8486 (0.9355)  accuracy: 0.6250 (0.5534)  balanced_accuracy: 0.6344 (0.5608)  f1_weighted: 0.6428 (0.5749)  time: 0.0622  data: 0.0002  max mem: 5415
Passive Test:  [  3300/?]  eta: ?  loss: 0.8486 (0.9353)  accuracy: 0.6250 (0.5536)  balanced_accuracy: 0.6338 (0.5610)  f1_weighted: 0.6433 (0.5751)  time: 0.0719  data: 0.0003  max mem: 5415
Passive Test:  [  3310/?]  eta: ?  loss: 0.8571 (0.9354)  accuracy: 0.5625 (0.5535)  balanced_accuracy: 0.5487 (0.5609)  f1_weighted: 0.6237 (0.5752)  time: 0.0704  data: 0.0003  max mem: 5415
Passive Test:  [  3320/?]  eta: ?  loss: 0.7826 (0.9352)  accuracy: 0.5469 (0.5535)  balanced_accuracy: 0.5615 (0.5610)  f1_weighted: 0.6237 (0.5753)  time: 0.0590  data: 0.0002  max mem: 5415
Passive Test:  [  3330/?]  eta: ?  loss: 0.7474 (0.9351)  accuracy: 0.5625 (0.5535)  balanced_accuracy: 0.5716 (0.5610)  f1_weighted: 0.6332 (0.5754)  time: 0.0611  data: 0.0002  max mem: 5415
Passive Test:  [  3340/?]  eta: ?  loss: 0.7579 (0.9347)  accuracy: 0.5938 (0.5537)  balanced_accuracy: 0.6010 (0.5611)  f1_weighted: 0.6414 (0.5757)  time: 0.0639  data: 0.0003  max mem: 5415
Passive Test:  [  3350/?]  eta: ?  loss: 0.7889 (0.9343)  accuracy: 0.5625 (0.5538)  balanced_accuracy: 0.5814 (0.5613)  f1_weighted: 0.6526 (0.5760)  time: 0.0619  data: 0.0002  max mem: 5415
Passive Test:  [  3360/?]  eta: ?  loss: 0.8689 (0.9341)  accuracy: 0.5469 (0.5539)  balanced_accuracy: 0.5814 (0.5614)  f1_weighted: 0.6526 (0.5761)  time: 0.0612  data: 0.0002  max mem: 5415
Passive Test:  [  3370/?]  eta: ?  loss: 0.8596 (0.9337)  accuracy: 0.5625 (0.5541)  balanced_accuracy: 0.5832 (0.5615)  f1_weighted: 0.6504 (0.5764)  time: 0.0630  data: 0.0003  max mem: 5415
Passive Test:  [  3380/?]  eta: ?  loss: 0.8596 (0.9334)  accuracy: 0.5469 (0.5542)  balanced_accuracy: 0.6068 (0.5618)  f1_weighted: 0.5666 (0.5765)  time: 0.0628  data: 0.0003  max mem: 5415
Passive Test:  [  3390/?]  eta: ?  loss: 0.8480 (0.9331)  accuracy: 0.5469 (0.5543)  balanced_accuracy: 0.6121 (0.5619)  f1_weighted: 0.5666 (0.5766)  time: 0.0624  data: 0.0002  max mem: 5415
Passive Test:  [  3400/?]  eta: ?  loss: 0.8480 (0.9329)  accuracy: 0.5312 (0.5542)  balanced_accuracy: 0.6239 (0.5619)  f1_weighted: 0.5259 (0.5765)  time: 0.0630  data: 0.0002  max mem: 5415
Passive Test:  [  3410/?]  eta: ?  loss: 0.9079 (0.9331)  accuracy: 0.4688 (0.5539)  balanced_accuracy: 0.4947 (0.5616)  f1_weighted: 0.5020 (0.5762)  time: 0.0629  data: 0.0003  max mem: 5415
Passive Test:  [  3420/?]  eta: ?  loss: 0.9079 (0.9330)  accuracy: 0.4688 (0.5537)  balanced_accuracy: 0.4798 (0.5614)  f1_weighted: 0.5094 (0.5759)  time: 0.0615  data: 0.0003  max mem: 5415
Passive Test:  [  3430/?]  eta: ?  loss: 0.8725 (0.9329)  accuracy: 0.5000 (0.5536)  balanced_accuracy: 0.5036 (0.5613)  f1_weighted: 0.5312 (0.5759)  time: 0.0618  data: 0.0002  max mem: 5415
Passive Test:  [  3440/?]  eta: ?  loss: 0.8539 (0.9328)  accuracy: 0.5156 (0.5535)  balanced_accuracy: 0.5128 (0.5612)  f1_weighted: 0.5625 (0.5757)  time: 0.0635  data: 0.0003  max mem: 5415
Passive Test:  [  3450/?]  eta: ?  loss: 0.7646 (0.9326)  accuracy: 0.5156 (0.5535)  balanced_accuracy: 0.5556 (0.5612)  f1_weighted: 0.5625 (0.5756)  time: 0.0692  data: 0.0003  max mem: 5415
Passive Test:  [  3460/?]  eta: ?  loss: 0.8400 (0.9324)  accuracy: 0.5312 (0.5534)  balanced_accuracy: 0.5938 (0.5612)  f1_weighted: 0.5065 (0.5755)  time: 0.0663  data: 0.0002  max mem: 5415
Passive Test:  [  3470/?]  eta: ?  loss: 0.6873 (0.9318)  accuracy: 0.5625 (0.5536)  balanced_accuracy: 0.6092 (0.5615)  f1_weighted: 0.5778 (0.5756)  time: 0.0598  data: 0.0002  max mem: 5415
Passive Test:  [  3480/?]  eta: ?  loss: 0.7295 (0.9315)  accuracy: 0.5625 (0.5535)  balanced_accuracy: 0.5789 (0.5614)  f1_weighted: 0.5778 (0.5755)  time: 0.0613  data: 0.0003  max mem: 5415
Passive Test:  [  3490/?]  eta: ?  loss: 0.7295 (0.9310)  accuracy: 0.5625 (0.5537)  balanced_accuracy: 0.5789 (0.5616)  f1_weighted: 0.5773 (0.5756)  time: 0.0612  data: 0.0002  max mem: 5415
Passive Test:  [  3500/?]  eta: ?  loss: 0.7487 (0.9308)  accuracy: 0.6250 (0.5537)  balanced_accuracy: 0.6462 (0.5616)  f1_weighted: 0.6200 (0.5756)  time: 0.0680  data: 0.0002  max mem: 5415
Passive Test:  [  3510/?]  eta: ?  loss: 0.8413 (0.9309)  accuracy: 0.5938 (0.5535)  balanced_accuracy: 0.5322 (0.5613)  f1_weighted: 0.5422 (0.5753)  time: 0.0686  data: 0.0002  max mem: 5415
Passive Test:  [  3520/?]  eta: ?  loss: 0.9708 (0.9313)  accuracy: 0.4844 (0.5532)  balanced_accuracy: 0.4923 (0.5609)  f1_weighted: 0.4781 (0.5749)  time: 0.0609  data: 0.0003  max mem: 5415
Passive Test:  [  3530/?]  eta: ?  loss: 1.0048 (0.9314)  accuracy: 0.5156 (0.5531)  balanced_accuracy: 0.4923 (0.5607)  f1_weighted: 0.4828 (0.5747)  time: 0.0590  data: 0.0002  max mem: 5415
Passive Test:  [  3540/?]  eta: ?  loss: 1.0326 (0.9320)  accuracy: 0.5156 (0.5528)  balanced_accuracy: 0.4718 (0.5603)  f1_weighted: 0.4938 (0.5743)  time: 0.0586  data: 0.0002  max mem: 5415
Passive Test:  [  3550/?]  eta: ?  loss: 1.1266 (0.9323)  accuracy: 0.4844 (0.5527)  balanced_accuracy: 0.4692 (0.5600)  f1_weighted: 0.4452 (0.5742)  time: 0.0604  data: 0.0002  max mem: 5415
Passive Test:  [  3560/?]  eta: ?  loss: 0.9423 (0.9321)  accuracy: 0.5000 (0.5527)  balanced_accuracy: 0.4848 (0.5600)  f1_weighted: 0.4797 (0.5741)  time: 0.0614  data: 0.0002  max mem: 5415
Passive Test:  [  3570/?]  eta: ?  loss: 0.8762 (0.9323)  accuracy: 0.4375 (0.5525)  balanced_accuracy: 0.4790 (0.5598)  f1_weighted: 0.4717 (0.5739)  time: 0.0692  data: 0.0003  max mem: 5415
Passive Test:  [  3580/?]  eta: ?  loss: 0.9434 (0.9324)  accuracy: 0.4375 (0.5523)  balanced_accuracy: 0.4774 (0.5597)  f1_weighted: 0.4539 (0.5737)  time: 0.0694  data: 0.0003  max mem: 5415
Passive Test:  [  3590/?]  eta: ?  loss: 0.8862 (0.9321)  accuracy: 0.5000 (0.5524)  balanced_accuracy: 0.5128 (0.5597)  f1_weighted: 0.4985 (0.5737)  time: 0.0626  data: 0.0003  max mem: 5415
Passive Test:  [  3600/?]  eta: ?  loss: 0.8136 (0.9316)  accuracy: 0.5469 (0.5525)  balanced_accuracy: 0.5600 (0.5598)  f1_weighted: 0.5624 (0.5738)  time: 0.0712  data: 0.0003  max mem: 5415
Passive Test:  [  3610/?]  eta: ?  loss: 0.7929 (0.9312)  accuracy: 0.5625 (0.5526)  balanced_accuracy: 0.5954 (0.5599)  f1_weighted: 0.5876 (0.5739)  time: 0.0710  data: 0.0003  max mem: 5415
Passive Test:  [  3620/?]  eta: ?  loss: 0.8425 (0.9308)  accuracy: 0.5625 (0.5527)  balanced_accuracy: 0.5954 (0.5600)  f1_weighted: 0.6359 (0.5741)  time: 0.0605  data: 0.0002  max mem: 5415
Passive Test:  [  3630/?]  eta: ?  loss: 0.6748 (0.9301)  accuracy: 0.6406 (0.5530)  balanced_accuracy: 0.6812 (0.5603)  f1_weighted: 0.6506 (0.5744)  time: 0.0665  data: 0.0002  max mem: 5415
Passive Test:  [  3640/?]  eta: ?  loss: 0.7555 (0.9297)  accuracy: 0.6250 (0.5530)  balanced_accuracy: 0.6026 (0.5603)  f1_weighted: 0.6390 (0.5745)  time: 0.0674  data: 0.0002  max mem: 5415
Passive Test:  [  3650/?]  eta: ?  loss: 0.7657 (0.9296)  accuracy: 0.5625 (0.5530)  balanced_accuracy: 0.5733 (0.5602)  f1_weighted: 0.6081 (0.5744)  time: 0.0603  data: 0.0002  max mem: 5415
Passive Test:  [  3660/?]  eta: ?  loss: 0.9215 (0.9296)  accuracy: 0.5000 (0.5529)  balanced_accuracy: 0.4287 (0.5600)  f1_weighted: 0.5121 (0.5743)  time: 0.0607  data: 0.0002  max mem: 5415
Passive Test:  [  3670/?]  eta: ?  loss: 0.9924 (0.9299)  accuracy: 0.5000 (0.5528)  balanced_accuracy: 0.4231 (0.5597)  f1_weighted: 0.4691 (0.5741)  time: 0.0567  data: 0.0002  max mem: 5415
Passive Test:  [  3680/?]  eta: ?  loss: 0.9831 (0.9301)  accuracy: 0.5156 (0.5527)  balanced_accuracy: 0.4679 (0.5595)  f1_weighted: 0.4764 (0.5739)  time: 0.0567  data: 0.0002  max mem: 5415
Passive Test:  [  3690/?]  eta: ?  loss: 0.9831 (0.9305)  accuracy: 0.5312 (0.5527)  balanced_accuracy: 0.4733 (0.5593)  f1_weighted: 0.4929 (0.5737)  time: 0.0622  data: 0.0003  max mem: 5415
Passive Test:  [  3700/?]  eta: ?  loss: 0.9201 (0.9304)  accuracy: 0.5469 (0.5528)  balanced_accuracy: 0.4744 (0.5593)  f1_weighted: 0.5173 (0.5738)  time: 0.0613  data: 0.0003  max mem: 5415
Passive Test:  [  3710/?]  eta: ?  loss: 0.8325 (0.9308)  accuracy: 0.5469 (0.5526)  balanced_accuracy: 0.5118 (0.5590)  f1_weighted: 0.5466 (0.5735)  time: 0.0594  data: 0.0002  max mem: 5415
Passive Test:  [  3720/?]  eta: ?  loss: 0.8325 (0.9309)  accuracy: 0.4531 (0.5526)  balanced_accuracy: 0.4272 (0.5589)  f1_weighted: 0.4928 (0.5734)  time: 0.0618  data: 0.0003  max mem: 5415
Passive Test:  [  3730/?]  eta: ?  loss: 0.9296 (0.9311)  accuracy: 0.5000 (0.5525)  balanced_accuracy: 0.4701 (0.5588)  f1_weighted: 0.5377 (0.5733)  time: 0.0624  data: 0.0003  max mem: 5415
Passive Test:  [  3740/?]  eta: ?  loss: 0.9872 (0.9316)  accuracy: 0.5312 (0.5524)  balanced_accuracy: 0.4467 (0.5585)  f1_weighted: 0.5500 (0.5731)  time: 0.0639  data: 0.0003  max mem: 5415
Passive Test:  [  3750/?]  eta: ?  loss: 1.0188 (0.9321)  accuracy: 0.5000 (0.5522)  balanced_accuracy: 0.4159 (0.5581)  f1_weighted: 0.5500 (0.5729)  time: 0.0622  data: 0.0003  max mem: 5415
Passive Test:  [  3760/?]  eta: ?  loss: 0.9982 (0.9324)  accuracy: 0.4844 (0.5520)  balanced_accuracy: 0.4291 (0.5579)  f1_weighted: 0.5516 (0.5728)  time: 0.0604  data: 0.0002  max mem: 5415
Passive Test:  [  3770/?]  eta: ?  loss: 1.0310 (0.9326)  accuracy: 0.5000 (0.5519)  balanced_accuracy: 0.4977 (0.5578)  f1_weighted: 0.5748 (0.5728)  time: 0.0643  data: 0.0003  max mem: 5415
Passive Test:  [  3780/?]  eta: ?  loss: 1.0310 (0.9327)  accuracy: 0.4531 (0.5517)  balanced_accuracy: 0.4821 (0.5576)  f1_weighted: 0.4963 (0.5726)  time: 0.0653  data: 0.0003  max mem: 5415
Passive Test:  [  3790/?]  eta: ?  loss: 1.1124 (0.9333)  accuracy: 0.4375 (0.5515)  balanced_accuracy: 0.4124 (0.5574)  f1_weighted: 0.4647 (0.5725)  time: 0.0630  data: 0.0003  max mem: 5415
Passive Test:  [  3800/?]  eta: ?  loss: 1.2095 (0.9336)  accuracy: 0.4375 (0.5514)  balanced_accuracy: 0.4231 (0.5572)  f1_weighted: 0.4950 (0.5724)  time: 0.0623  data: 0.0003  max mem: 5415
Passive Test:  [  3810/?]  eta: ?  loss: 1.0876 (0.9345)  accuracy: 0.4531 (0.5511)  balanced_accuracy: 0.4241 (0.5568)  f1_weighted: 0.5192 (0.5722)  time: 0.0623  data: 0.0002  max mem: 5415
Passive Test:  [  3820/?]  eta: ?  loss: 1.0868 (0.9351)  accuracy: 0.4531 (0.5509)  balanced_accuracy: 0.4241 (0.5565)  f1_weighted: 0.5178 (0.5720)  time: 0.0617  data: 0.0002  max mem: 5415
Passive Test:  [  3830/?]  eta: ?  loss: 1.0868 (0.9356)  accuracy: 0.4531 (0.5507)  balanced_accuracy: 0.4109 (0.5561)  f1_weighted: 0.4965 (0.5719)  time: 0.0628  data: 0.0003  max mem: 5415
Passive Test:  [  3840/?]  eta: ?  loss: 1.0960 (0.9361)  accuracy: 0.4688 (0.5505)  balanced_accuracy: 0.4302 (0.5558)  f1_weighted: 0.4954 (0.5717)  time: 0.0635  data: 0.0003  max mem: 5415
Passive Test:  [  3850/?]  eta: ?  loss: 1.0811 (0.9362)  accuracy: 0.4375 (0.5504)  balanced_accuracy: 0.4092 (0.5556)  f1_weighted: 0.4981 (0.5716)  time: 0.0631  data: 0.0003  max mem: 5415
Passive Test:  [  3860/?]  eta: ?  loss: 1.0251 (0.9363)  accuracy: 0.4531 (0.5504)  balanced_accuracy: 0.4402 (0.5556)  f1_weighted: 0.5054 (0.5717)  time: 0.0612  data: 0.0003  max mem: 5415
Passive Test:  [  3870/?]  eta: ?  loss: 1.0202 (0.9366)  accuracy: 0.5469 (0.5505)  balanced_accuracy: 0.5156 (0.5556)  f1_weighted: 0.5969 (0.5718)  time: 0.0608  data: 0.0003  max mem: 5415
Passive Test:  [  3880/?]  eta: ?  loss: 1.0202 (0.9367)  accuracy: 0.5625 (0.5505)  balanced_accuracy: 0.5469 (0.5556)  f1_weighted: 0.6144 (0.5718)  time: 0.0626  data: 0.0003  max mem: 5415
Passive Test:  [  3890/?]  eta: ?  loss: 1.0445 (0.9371)  accuracy: 0.5156 (0.5504)  balanced_accuracy: 0.5337 (0.5555)  f1_weighted: 0.5278 (0.5718)  time: 0.0685  data: 0.0003  max mem: 5415
Passive Test:  [  3900/?]  eta: ?  loss: 1.1108 (0.9375)  accuracy: 0.5312 (0.5503)  balanced_accuracy: 0.5337 (0.5554)  f1_weighted: 0.5113 (0.5718)  time: 0.0670  data: 0.0003  max mem: 5415
Passive Test:  [  3910/?]  eta: ?  loss: 1.0026 (0.9378)  accuracy: 0.5469 (0.5503)  balanced_accuracy: 0.5470 (0.5554)  f1_weighted: 0.5964 (0.5719)  time: 0.0613  data: 0.0003  max mem: 5415
Passive Test:  [  3920/?]  eta: ?  loss: 0.9429 (0.9382)  accuracy: 0.5156 (0.5502)  balanced_accuracy: 0.5156 (0.5551)  f1_weighted: 0.6040 (0.5718)  time: 0.0605  data: 0.0003  max mem: 5415
Passive Test:  [  3930/?]  eta: ?  loss: 0.9389 (0.9383)  accuracy: 0.5000 (0.5501)  balanced_accuracy: 0.4757 (0.5550)  f1_weighted: 0.5751 (0.5719)  time: 0.0579  data: 0.0002  max mem: 5415
Passive Test:  [  3940/?]  eta: ?  loss: 0.9045 (0.9384)  accuracy: 0.5469 (0.5501)  balanced_accuracy: 0.4767 (0.5549)  f1_weighted: 0.5986 (0.5719)  time: 0.0565  data: 0.0002  max mem: 5415
Passive Test:  [  3950/?]  eta: ?  loss: 1.0958 (0.9387)  accuracy: 0.5000 (0.5500)  balanced_accuracy: 0.4421 (0.5548)  f1_weighted: 0.6031 (0.5719)  time: 0.0588  data: 0.0002  max mem: 5415
Passive Test:  [  3960/?]  eta: ?  loss: 1.1743 (0.9393)  accuracy: 0.4531 (0.5498)  balanced_accuracy: 0.4154 (0.5545)  f1_weighted: 0.5494 (0.5717)  time: 0.0623  data: 0.0003  max mem: 5415
Passive Test:  [  3970/?]  eta: ?  loss: 1.2167 (0.9402)  accuracy: 0.4375 (0.5496)  balanced_accuracy: 0.4554 (0.5543)  f1_weighted: 0.5154 (0.5715)  time: 0.0632  data: 0.0003  max mem: 5415
Passive Test:  [  3980/?]  eta: ?  loss: 1.2459 (0.9409)  accuracy: 0.4375 (0.5494)  balanced_accuracy: 0.4759 (0.5542)  f1_weighted: 0.5154 (0.5713)  time: 0.0720  data: 0.0003  max mem: 5415
Passive Test:  [  3990/?]  eta: ?  loss: 1.0857 (0.9414)  accuracy: 0.4844 (0.5495)  balanced_accuracy: 0.5123 (0.5543)  f1_weighted: 0.5507 (0.5714)  time: 0.0696  data: 0.0003  max mem: 5415
Passive Test:  [  4000/?]  eta: ?  loss: 0.9883 (0.9415)  accuracy: 0.5938 (0.5496)  balanced_accuracy: 0.5918 (0.5544)  f1_weighted: 0.6196 (0.5715)  time: 0.0601  data: 0.0003  max mem: 5415
Passive Test:  [  4010/?]  eta: ?  loss: 0.9351 (0.9414)  accuracy: 0.5938 (0.5497)  balanced_accuracy: 0.5810 (0.5545)  f1_weighted: 0.6291 (0.5715)  time: 0.0621  data: 0.0003  max mem: 5415
Passive Test:  [  4020/?]  eta: ?  loss: 0.8826 (0.9415)  accuracy: 0.6094 (0.5496)  balanced_accuracy: 0.5876 (0.5546)  f1_weighted: 0.6205 (0.5715)  time: 0.0598  data: 0.0003  max mem: 5415
Passive Test:  [  4030/?]  eta: ?  loss: 0.9075 (0.9414)  accuracy: 0.5938 (0.5497)  balanced_accuracy: 0.5949 (0.5547)  f1_weighted: 0.6057 (0.5715)  time: 0.0595  data: 0.0003  max mem: 5415
Passive Test:  [  4040/?]  eta: ?  loss: 0.9257 (0.9415)  accuracy: 0.5469 (0.5498)  balanced_accuracy: 0.5605 (0.5547)  f1_weighted: 0.5354 (0.5715)  time: 0.0719  data: 0.0003  max mem: 5415
Passive Test:  [  4050/?]  eta: ?  loss: 0.8633 (0.9414)  accuracy: 0.5312 (0.5499)  balanced_accuracy: 0.5543 (0.5549)  f1_weighted: 0.5354 (0.5715)  time: 0.0703  data: 0.0003  max mem: 5415
Passive Test:  [  4060/?]  eta: ?  loss: 0.8594 (0.9413)  accuracy: 0.5156 (0.5499)  balanced_accuracy: 0.4990 (0.5548)  f1_weighted: 0.5392 (0.5715)  time: 0.0611  data: 0.0003  max mem: 5415
Passive Test:  [  4070/?]  eta: ?  loss: 0.8896 (0.9412)  accuracy: 0.5000 (0.5499)  balanced_accuracy: 0.4897 (0.5547)  f1_weighted: 0.5392 (0.5715)  time: 0.0606  data: 0.0002  max mem: 5415
Passive Test:  [  4080/?]  eta: ?  loss: 0.9221 (0.9413)  accuracy: 0.5000 (0.5498)  balanced_accuracy: 0.4651 (0.5545)  f1_weighted: 0.4947 (0.5713)  time: 0.0690  data: 0.0003  max mem: 5415
Passive Test:  [  4090/?]  eta: ?  loss: 0.8300 (0.9411)  accuracy: 0.4844 (0.5498)  balanced_accuracy: 0.4808 (0.5545)  f1_weighted: 0.4886 (0.5713)  time: 0.0725  data: 0.0003  max mem: 5415
Passive Test:  [  4100/?]  eta: ?  loss: 0.9368 (0.9412)  accuracy: 0.4688 (0.5497)  balanced_accuracy: 0.4808 (0.5543)  f1_weighted: 0.4614 (0.5710)  time: 0.0702  data: 0.0003  max mem: 5415
Passive Test:  [  4110/?]  eta: ?  loss: 1.0178 (0.9412)  accuracy: 0.4688 (0.5496)  balanced_accuracy: 0.4297 (0.5540)  f1_weighted: 0.4560 (0.5708)  time: 0.0713  data: 0.0003  max mem: 5415
Passive Test:  [  4120/?]  eta: ?  loss: 0.9400 (0.9412)  accuracy: 0.4844 (0.5494)  balanced_accuracy: 0.4523 (0.5538)  f1_weighted: 0.4945 (0.5706)  time: 0.0650  data: 0.0003  max mem: 5415
Passive Test:  [  4130/?]  eta: ?  loss: 0.9209 (0.9410)  accuracy: 0.5312 (0.5494)  balanced_accuracy: 0.4615 (0.5538)  f1_weighted: 0.5083 (0.5706)  time: 0.0626  data: 0.0003  max mem: 5415
Passive Test:  [  4140/?]  eta: ?  loss: 0.8930 (0.9408)  accuracy: 0.5312 (0.5494)  balanced_accuracy: 0.4933 (0.5537)  f1_weighted: 0.5364 (0.5705)  time: 0.0627  data: 0.0002  max mem: 5415
Passive Test:  [  4150/?]  eta: ?  loss: 0.8949 (0.9409)  accuracy: 0.5469 (0.5494)  balanced_accuracy: 0.5241 (0.5536)  f1_weighted: 0.5066 (0.5703)  time: 0.0626  data: 0.0002  max mem: 5415
Passive Test:  [  4160/?]  eta: ?  loss: 0.9601 (0.9411)  accuracy: 0.5469 (0.5494)  balanced_accuracy: 0.5043 (0.5536)  f1_weighted: 0.5042 (0.5702)  time: 0.0614  data: 0.0002  max mem: 5415
Passive Test:  [  4170/?]  eta: ?  loss: 0.9717 (0.9413)  accuracy: 0.5156 (0.5493)  balanced_accuracy: 0.4701 (0.5534)  f1_weighted: 0.5042 (0.5701)  time: 0.0654  data: 0.0002  max mem: 5415
Passive Test:  [  4180/?]  eta: ?  loss: 1.0101 (0.9416)  accuracy: 0.5156 (0.5492)  balanced_accuracy: 0.4420 (0.5532)  f1_weighted: 0.5053 (0.5700)  time: 0.0645  data: 0.0002  max mem: 5415
Passive Test:  [  4190/?]  eta: ?  loss: 1.1100 (0.9422)  accuracy: 0.4688 (0.5490)  balanced_accuracy: 0.4272 (0.5529)  f1_weighted: 0.5051 (0.5697)  time: 0.0581  data: 0.0002  max mem: 5415
Passive Test:  [  4200/?]  eta: ?  loss: 1.1497 (0.9430)  accuracy: 0.4219 (0.5488)  balanced_accuracy: 0.4118 (0.5526)  f1_weighted: 0.4252 (0.5694)  time: 0.0586  data: 0.0002  max mem: 5415
Passive Test:  [  4210/?]  eta: ?  loss: 1.2458 (0.9441)  accuracy: 0.4062 (0.5484)  balanced_accuracy: 0.3887 (0.5522)  f1_weighted: 0.4081 (0.5690)  time: 0.0607  data: 0.0002  max mem: 5415
Passive Test:  [  4220/?]  eta: ?  loss: 1.3712 (0.9451)  accuracy: 0.3594 (0.5481)  balanced_accuracy: 0.3387 (0.5518)  f1_weighted: 0.3986 (0.5687)  time: 0.0621  data: 0.0003  max mem: 5415
Passive Test:  [  4230/?]  eta: ?  loss: 1.4189 (0.9463)  accuracy: 0.3750 (0.5478)  balanced_accuracy: 0.3267 (0.5514)  f1_weighted: 0.3986 (0.5684)  time: 0.0619  data: 0.0002  max mem: 5415
Passive Test:  [  4240/?]  eta: ?  loss: 1.5429 (0.9475)  accuracy: 0.3750 (0.5474)  balanced_accuracy: 0.3401 (0.5510)  f1_weighted: 0.3646 (0.5681)  time: 0.0624  data: 0.0002  max mem: 5415
Passive Test:  [  4250/?]  eta: ?  loss: 1.5429 (0.9487)  accuracy: 0.3438 (0.5472)  balanced_accuracy: 0.3401 (0.5506)  f1_weighted: 0.3577 (0.5678)  time: 0.0634  data: 0.0002  max mem: 5415
Passive Test:  [  4260/?]  eta: ?  loss: 1.7394 (0.9499)  accuracy: 0.3281 (0.5469)  balanced_accuracy: 0.3219 (0.5504)  f1_weighted: 0.3361 (0.5675)  time: 0.0637  data: 0.0003  max mem: 5415
Passive Test:  [  4270/?]  eta: ?  loss: 1.6829 (0.9511)  accuracy: 0.3750 (0.5467)  balanced_accuracy: 0.3451 (0.5501)  f1_weighted: 0.3343 (0.5671)  time: 0.0633  data: 0.0002  max mem: 5415
Passive Test:  [  4280/?]  eta: ?  loss: 1.3194 (0.9520)  accuracy: 0.4219 (0.5464)  balanced_accuracy: 0.3687 (0.5498)  f1_weighted: 0.3449 (0.5668)  time: 0.0614  data: 0.0002  max mem: 5415
Passive Test:  [  4290/?]  eta: ?  loss: 1.3064 (0.9531)  accuracy: 0.3594 (0.5460)  balanced_accuracy: 0.4185 (0.5495)  f1_weighted: 0.3418 (0.5663)  time: 0.0612  data: 0.0002  max mem: 5415
Passive Test:  [  4300/?]  eta: ?  loss: 1.3939 (0.9543)  accuracy: 0.3438 (0.5456)  balanced_accuracy: 0.3978 (0.5491)  f1_weighted: 0.3312 (0.5659)  time: 0.0618  data: 0.0002  max mem: 5415
Passive Test:  [  4310/?]  eta: ?  loss: 1.2922 (0.9550)  accuracy: 0.3750 (0.5453)  balanced_accuracy: 0.3985 (0.5488)  f1_weighted: 0.3645 (0.5655)  time: 0.0618  data: 0.0002  max mem: 5415
Passive Test:  [  4320/?]  eta: ?  loss: 1.1417 (0.9553)  accuracy: 0.4219 (0.5450)  balanced_accuracy: 0.4569 (0.5486)  f1_weighted: 0.4193 (0.5651)  time: 0.0624  data: 0.0002  max mem: 5415
Passive Test:  [  4330/?]  eta: ?  loss: 1.0353 (0.9556)  accuracy: 0.4688 (0.5448)  balanced_accuracy: 0.4692 (0.5484)  f1_weighted: 0.4636 (0.5649)  time: 0.0623  data: 0.0002  max mem: 5415
Passive Test:  [  4340/?]  eta: ?  loss: 1.0269 (0.9556)  accuracy: 0.5000 (0.5447)  balanced_accuracy: 0.5477 (0.5484)  f1_weighted: 0.5068 (0.5649)  time: 0.0625  data: 0.0002  max mem: 5415
Passive Test:  [  4350/?]  eta: ?  loss: 1.0067 (0.9558)  accuracy: 0.5469 (0.5447)  balanced_accuracy: 0.5708 (0.5483)  f1_weighted: 0.5543 (0.5648)  time: 0.0627  data: 0.0002  max mem: 5415
Passive Test:  [  4360/?]  eta: ?  loss: 1.0070 (0.9560)  accuracy: 0.5312 (0.5446)  balanced_accuracy: 0.5324 (0.5482)  f1_weighted: 0.5357 (0.5647)  time: 0.0625  data: 0.0002  max mem: 5415
Passive Test:  [  4370/?]  eta: ?  loss: 1.0334 (0.9563)  accuracy: 0.5000 (0.5445)  balanced_accuracy: 0.4923 (0.5481)  f1_weighted: 0.5194 (0.5646)  time: 0.0713  data: 0.0002  max mem: 5415
Passive Test:  [  4380/?]  eta: ?  loss: 1.0027 (0.9563)  accuracy: 0.5156 (0.5444)  balanced_accuracy: 0.4836 (0.5479)  f1_weighted: 0.5194 (0.5645)  time: 0.0734  data: 0.0003  max mem: 5415
Passive Test:  [  4390/?]  eta: ?  loss: 0.9854 (0.9565)  accuracy: 0.5156 (0.5442)  balanced_accuracy: 0.4815 (0.5477)  f1_weighted: 0.5194 (0.5644)  time: 0.0662  data: 0.0003  max mem: 5415
Passive Test:  [  4400/?]  eta: ?  loss: 0.9767 (0.9566)  accuracy: 0.5156 (0.5441)  balanced_accuracy: 0.5071 (0.5476)  f1_weighted: 0.5224 (0.5643)  time: 0.0659  data: 0.0003  max mem: 5415
Passive Test:  [  4410/?]  eta: ?  loss: 1.0323 (0.9571)  accuracy: 0.3906 (0.5438)  balanced_accuracy: 0.3723 (0.5472)  f1_weighted: 0.4276 (0.5640)  time: 0.0659  data: 0.0003  max mem: 5415
Passive Test:  [  4420/?]  eta: ?  loss: 1.1297 (0.9575)  accuracy: 0.3750 (0.5436)  balanced_accuracy: 0.3431 (0.5468)  f1_weighted: 0.4227 (0.5637)  time: 0.0629  data: 0.0003  max mem: 5415
Passive Test:  [  4430/?]  eta: ?  loss: 1.1897 (0.9583)  accuracy: 0.3750 (0.5432)  balanced_accuracy: 0.3528 (0.5465)  f1_weighted: 0.4064 (0.5633)  time: 0.0573  data: 0.0002  max mem: 5415
Passive Test:  [  4440/?]  eta: ?  loss: 1.3740 (0.9594)  accuracy: 0.3125 (0.5428)  balanced_accuracy: 0.3229 (0.5460)  f1_weighted: 0.3429 (0.5629)  time: 0.0686  data: 0.0002  max mem: 5415
Passive Test:  [  4450/?]  eta: ?  loss: 1.3825 (0.9601)  accuracy: 0.3125 (0.5424)  balanced_accuracy: 0.3015 (0.5455)  f1_weighted: 0.3112 (0.5624)  time: 0.0741  data: 0.0003  max mem: 5415
Passive Test:  [  4460/?]  eta: ?  loss: 1.2004 (0.9605)  accuracy: 0.3594 (0.5421)  balanced_accuracy: 0.3015 (0.5453)  f1_weighted: 0.3788 (0.5621)  time: 0.0643  data: 0.0003  max mem: 5415
Passive Test:  [  4470/?]  eta: ?  loss: 1.1651 (0.9609)  accuracy: 0.3906 (0.5418)  balanced_accuracy: 0.3056 (0.5448)  f1_weighted: 0.4003 (0.5618)  time: 0.0636  data: 0.0003  max mem: 5415
Passive Test:  [  4480/?]  eta: ?  loss: 1.0815 (0.9613)  accuracy: 0.3281 (0.5416)  balanced_accuracy: 0.3354 (0.5446)  f1_weighted: 0.3799 (0.5615)  time: 0.0638  data: 0.0003  max mem: 5415
Passive Test:  [  4490/?]  eta: ?  loss: 0.9680 (0.9617)  accuracy: 0.4219 (0.5413)  balanced_accuracy: 0.4421 (0.5443)  f1_weighted: 0.4378 (0.5613)  time: 0.0634  data: 0.0003  max mem: 5415
Passive Test:  [  4500/?]  eta: ?  loss: 1.1526 (0.9621)  accuracy: 0.4062 (0.5410)  balanced_accuracy: 0.3979 (0.5440)  f1_weighted: 0.4514 (0.5611)  time: 0.0604  data: 0.0002  max mem: 5415
Passive Test:  [  4510/?]  eta: ?  loss: 1.1866 (0.9627)  accuracy: 0.4062 (0.5407)  balanced_accuracy: 0.3979 (0.5436)  f1_weighted: 0.4253 (0.5607)  time: 0.0689  data: 0.0002  max mem: 5415
Passive Test:  [  4520/?]  eta: ?  loss: 1.2614 (0.9631)  accuracy: 0.3594 (0.5404)  balanced_accuracy: 0.3472 (0.5433)  f1_weighted: 0.3899 (0.5605)  time: 0.0795  data: 0.0003  max mem: 5415
Passive Test:  [  4530/?]  eta: ?  loss: 1.1436 (0.9635)  accuracy: 0.3438 (0.5401)  balanced_accuracy: 0.3472 (0.5430)  f1_weighted: 0.3899 (0.5602)  time: 0.0686  data: 0.0002  max mem: 5415
Passive Test:  [  4540/?]  eta: ?  loss: 1.1155 (0.9635)  accuracy: 0.4062 (0.5399)  balanced_accuracy: 0.3908 (0.5428)  f1_weighted: 0.5074 (0.5601)  time: 0.0692  data: 0.0002  max mem: 5415
Passive Test:  [  4550/?]  eta: ?  loss: 1.0226 (0.9638)  accuracy: 0.3906 (0.5397)  balanced_accuracy: 0.4167 (0.5426)  f1_weighted: 0.5151 (0.5600)  time: 0.0714  data: 0.0003  max mem: 5415
Passive Test:  [  4560/?]  eta: ?  loss: 1.1063 (0.9640)  accuracy: 0.3750 (0.5395)  balanced_accuracy: 0.4167 (0.5424)  f1_weighted: 0.4371 (0.5599)  time: 0.0639  data: 0.0003  max mem: 5415
Passive Test:  [  4570/?]  eta: ?  loss: 1.1417 (0.9642)  accuracy: 0.3750 (0.5393)  balanced_accuracy: 0.4167 (0.5421)  f1_weighted: 0.5003 (0.5598)  time: 0.0744  data: 0.0003  max mem: 5415
Passive Test:  [  4580/?]  eta: ?  loss: 1.1417 (0.9644)  accuracy: 0.4062 (0.5391)  balanced_accuracy: 0.4205 (0.5419)  f1_weighted: 0.5064 (0.5596)  time: 0.0747  data: 0.0003  max mem: 5415
Passive Test:  [  4590/?]  eta: ?  loss: 1.0992 (0.9647)  accuracy: 0.4062 (0.5388)  balanced_accuracy: 0.4193 (0.5415)  f1_weighted: 0.4594 (0.5593)  time: 0.0654  data: 0.0003  max mem: 5415
Passive Test:  [  4600/?]  eta: ?  loss: 0.9693 (0.9648)  accuracy: 0.3906 (0.5386)  balanced_accuracy: 0.3036 (0.5412)  f1_weighted: 0.4317 (0.5592)  time: 0.0647  data: 0.0003  max mem: 5415
Passive Test:  [  4610/?]  eta: ?  loss: 0.8137 (0.9646)  accuracy: 0.5469 (0.5386)  balanced_accuracy: 0.5526 (0.5412)  f1_weighted: 0.5412 (0.5592)  time: 0.0626  data: 0.0003  max mem: 5415
Passive Test:  [  4620/?]  eta: ?  loss: 0.7152 (0.9644)  accuracy: 0.5625 (0.5385)  balanced_accuracy: 0.5877 (0.5412)  f1_weighted: 0.5532 (0.5592)  time: 0.0663  data: 0.0003  max mem: 5415
Passive Test:  [  4630/?]  eta: ?  loss: 0.7169 (0.9644)  accuracy: 0.5625 (0.5385)  balanced_accuracy: 0.6012 (0.5412)  f1_weighted: 0.5651 (0.5591)  time: 0.0674  data: 0.0003  max mem: 5415
Passive Test:  [  4640/?]  eta: ?  loss: 0.6768 (0.9640)  accuracy: 0.6250 (0.5386)  balanced_accuracy: 0.6538 (0.5414)  f1_weighted: 0.6224 (0.5591)  time: 0.0631  data: 0.0002  max mem: 5415
Passive Test:  [  4650/?]  eta: ?  loss: 0.6878 (0.9641)  accuracy: 0.6094 (0.5385)  balanced_accuracy: 0.6517 (0.5413)  f1_weighted: 0.6344 (0.5590)  time: 0.0635  data: 0.0002  max mem: 5415
Passive Test:  [  4660/?]  eta: ?  loss: 0.7744 (0.9639)  accuracy: 0.5938 (0.5385)  balanced_accuracy: 0.6285 (0.5415)  f1_weighted: 0.6242 (0.5590)  time: 0.0622  data: 0.0002  max mem: 5415
Passive Test:  [  4670/?]  eta: ?  loss: 0.7112 (0.9638)  accuracy: 0.5625 (0.5385)  balanced_accuracy: 0.6285 (0.5415)  f1_weighted: 0.5740 (0.5590)  time: 0.0587  data: 0.0002  max mem: 5415
Passive Test:  [  4680/?]  eta: ?  loss: 0.7112 (0.9635)  accuracy: 0.5469 (0.5385)  balanced_accuracy: 0.6068 (0.5416)  f1_weighted: 0.5558 (0.5590)  time: 0.0600  data: 0.0002  max mem: 5415
Passive Test:  [  4690/?]  eta: ?  loss: 0.7109 (0.9634)  accuracy: 0.5625 (0.5386)  balanced_accuracy: 0.5857 (0.5417)  f1_weighted: 0.5882 (0.5590)  time: 0.0619  data: 0.0003  max mem: 5415
Passive Test:  [  4700/?]  eta: ?  loss: 0.7446 (0.9631)  accuracy: 0.5781 (0.5386)  balanced_accuracy: 0.5983 (0.5418)  f1_weighted: 0.5958 (0.5590)  time: 0.0611  data: 0.0003  max mem: 5415
Passive Test:  [  4710/?]  eta: ?  loss: 0.7446 (0.9630)  accuracy: 0.5781 (0.5387)  balanced_accuracy: 0.5983 (0.5419)  f1_weighted: 0.6013 (0.5590)  time: 0.0627  data: 0.0003  max mem: 5415
Passive Test:  [  4720/?]  eta: ?  loss: 0.7883 (0.9630)  accuracy: 0.5938 (0.5388)  balanced_accuracy: 0.6370 (0.5421)  f1_weighted: 0.6147 (0.5591)  time: 0.0637  data: 0.0003  max mem: 5415
Passive Test:  [  4730/?]  eta: ?  loss: 0.7883 (0.9629)  accuracy: 0.6094 (0.5388)  balanced_accuracy: 0.6549 (0.5421)  f1_weighted: 0.6168 (0.5591)  time: 0.0630  data: 0.0003  max mem: 5415
Passive Test:  [  4740/?]  eta: ?  loss: 0.7095 (0.9629)  accuracy: 0.5625 (0.5389)  balanced_accuracy: 0.6012 (0.5422)  f1_weighted: 0.5826 (0.5591)  time: 0.0620  data: 0.0002  max mem: 5415
Passive Test:  [  4750/?]  eta: ?  loss: 0.7095 (0.9631)  accuracy: 0.5625 (0.5388)  balanced_accuracy: 0.5897 (0.5421)  f1_weighted: 0.5824 (0.5591)  time: 0.0625  data: 0.0003  max mem: 5415
Passive Test:  [  4760/?]  eta: ?  loss: 0.7082 (0.9631)  accuracy: 0.4062 (0.5387)  balanced_accuracy: 0.4482 (0.5421)  f1_weighted: 0.4032 (0.5590)  time: 0.0637  data: 0.0003  max mem: 5415
Passive Test:  [  4770/?]  eta: ?  loss: 0.7330 (0.9631)  accuracy: 0.5625 (0.5387)  balanced_accuracy: 0.5648 (0.5420)  f1_weighted: 0.5778 (0.5589)  time: 0.0633  data: 0.0003  max mem: 5415
Passive Test:  [  4780/?]  eta: ?  loss: 0.7330 (0.9629)  accuracy: 0.5625 (0.5387)  balanced_accuracy: 0.5648 (0.5419)  f1_weighted: 0.5854 (0.5589)  time: 0.0628  data: 0.0003  max mem: 5415
Passive Test:  [  4790/?]  eta: ?  loss: 0.7158 (0.9628)  accuracy: 0.6094 (0.5389)  balanced_accuracy: 0.6289 (0.5422)  f1_weighted: 0.6250 (0.5591)  time: 0.0634  data: 0.0002  max mem: 5415
Passive Test:  [  4800/?]  eta: ?  loss: 0.9086 (0.9627)  accuracy: 0.6094 (0.5391)  balanced_accuracy: 0.6289 (0.5423)  f1_weighted: 0.6317 (0.5592)  time: 0.0637  data: 0.0002  max mem: 5415
Passive Test:  [  4810/?]  eta: ?  loss: 0.9420 (0.9626)  accuracy: 0.5938 (0.5392)  balanced_accuracy: 0.5864 (0.5424)  f1_weighted: 0.6169 (0.5594)  time: 0.0637  data: 0.0002  max mem: 5415
Passive Test:  [  4820/?]  eta: ?  loss: 0.9411 (0.9625)  accuracy: 0.6094 (0.5393)  balanced_accuracy: 0.5928 (0.5426)  f1_weighted: 0.6346 (0.5595)  time: 0.0636  data: 0.0002  max mem: 5415
Passive Test:  [  4830/?]  eta: ?  loss: 0.8638 (0.9625)  accuracy: 0.6094 (0.5394)  balanced_accuracy: 0.5688 (0.5425)  f1_weighted: 0.6483 (0.5597)  time: 0.0628  data: 0.0002  max mem: 5415
Passive Test:  [  4840/?]  eta: ?  loss: 0.8321 (0.9623)  accuracy: 0.6094 (0.5395)  balanced_accuracy: 0.5945 (0.5427)  f1_weighted: 0.6483 (0.5598)  time: 0.0597  data: 0.0002  max mem: 5415
Passive Test:  [  4850/?]  eta: ?  loss: 0.8321 (0.9621)  accuracy: 0.5781 (0.5396)  balanced_accuracy: 0.5945 (0.5426)  f1_weighted: 0.6125 (0.5599)  time: 0.0605  data: 0.0003  max mem: 5415
Passive Test:  [  4860/?]  eta: ?  loss: 0.8751 (0.9620)  accuracy: 0.5781 (0.5396)  balanced_accuracy: 0.5347 (0.5426)  f1_weighted: 0.6024 (0.5600)  time: 0.0632  data: 0.0003  max mem: 5415
Passive Test:  [  4870/?]  eta: ?  loss: 0.8760 (0.9618)  accuracy: 0.5781 (0.5397)  balanced_accuracy: 0.5665 (0.5425)  f1_weighted: 0.6193 (0.5601)  time: 0.0612  data: 0.0002  max mem: 5415
Passive Test:  [  4880/?]  eta: ?  loss: 0.7616 (0.9613)  accuracy: 0.6406 (0.5400)  balanced_accuracy: 0.6132 (0.5428)  f1_weighted: 0.6485 (0.5604)  time: 0.0614  data: 0.0002  max mem: 5415
Passive Test:  [  4890/?]  eta: ?  loss: 0.7107 (0.9608)  accuracy: 0.6562 (0.5402)  balanced_accuracy: 0.7081 (0.5430)  f1_weighted: 0.6814 (0.5606)  time: 0.0628  data: 0.0003  max mem: 5415
Passive Test:  [  4900/?]  eta: ?  loss: 0.7091 (0.9603)  accuracy: 0.6250 (0.5405)  balanced_accuracy: 0.7026 (0.5434)  f1_weighted: 0.6638 (0.5609)  time: 0.0617  data: 0.0003  max mem: 5415
Passive Test:  [  4910/?]  eta: ?  loss: 0.7531 (0.9599)  accuracy: 0.6250 (0.5406)  balanced_accuracy: 0.7215 (0.5437)  f1_weighted: 0.6460 (0.5610)  time: 0.0717  data: 0.0003  max mem: 5415
Passive Test:  [  4920/?]  eta: ?  loss: 0.8078 (0.9595)  accuracy: 0.6094 (0.5408)  balanced_accuracy: 0.6987 (0.5440)  f1_weighted: 0.6417 (0.5613)  time: 0.0738  data: 0.0003  max mem: 5415
Passive Test:  [  4930/?]  eta: ?  loss: 0.8063 (0.9591)  accuracy: 0.6406 (0.5410)  balanced_accuracy: 0.6603 (0.5442)  f1_weighted: 0.6442 (0.5614)  time: 0.0647  data: 0.0003  max mem: 5415
Passive Test:  [  4940/?]  eta: ?  loss: 0.7839 (0.9587)  accuracy: 0.6406 (0.5412)  balanced_accuracy: 0.6492 (0.5445)  f1_weighted: 0.6408 (0.5617)  time: 0.0637  data: 0.0003  max mem: 5415
Passive Test:  [  4950/?]  eta: ?  loss: 0.7565 (0.9583)  accuracy: 0.6406 (0.5413)  balanced_accuracy: 0.6492 (0.5447)  f1_weighted: 0.6590 (0.5619)  time: 0.0633  data: 0.0002  max mem: 5415
Passive Test:  [  4960/?]  eta: ?  loss: 0.7079 (0.9578)  accuracy: 0.6406 (0.5416)  balanced_accuracy: 0.6492 (0.5449)  f1_weighted: 0.6794 (0.5622)  time: 0.0618  data: 0.0002  max mem: 5415
Passive Test:  [  4970/?]  eta: ?  loss: 0.7079 (0.9575)  accuracy: 0.6406 (0.5417)  balanced_accuracy: 0.6885 (0.5451)  f1_weighted: 0.6804 (0.5624)  time: 0.0751  data: 0.0002  max mem: 5415
Passive Test:  [  4980/?]  eta: ?  loss: 0.7279 (0.9569)  accuracy: 0.6406 (0.5420)  balanced_accuracy: 0.6891 (0.5455)  f1_weighted: 0.7022 (0.5628)  time: 0.0762  data: 0.0002  max mem: 5415
Passive Test:  [  4990/?]  eta: ?  loss: 0.6931 (0.9566)  accuracy: 0.6562 (0.5422)  balanced_accuracy: 0.6719 (0.5456)  f1_weighted: 0.7055 (0.5630)  time: 0.0593  data: 0.0002  max mem: 5415
Passive Test:  [  5000/?]  eta: ?  loss: 0.6545 (0.9560)  accuracy: 0.6562 (0.5425)  balanced_accuracy: 0.6719 (0.5460)  f1_weighted: 0.7055 (0.5634)  time: 0.0584  data: 0.0002  max mem: 5415
Passive Test:  [  5010/?]  eta: ?  loss: 0.6340 (0.9556)  accuracy: 0.6406 (0.5427)  balanced_accuracy: 0.6802 (0.5462)  f1_weighted: 0.6566 (0.5635)  time: 0.0680  data: 0.0003  max mem: 5415
Passive Test:  [  5020/?]  eta: ?  loss: 0.8124 (0.9552)  accuracy: 0.5781 (0.5427)  balanced_accuracy: 0.6236 (0.5464)  f1_weighted: 0.5939 (0.5637)  time: 0.0689  data: 0.0003  max mem: 5415
Passive Test:  [  5030/?]  eta: ?  loss: 0.8114 (0.9548)  accuracy: 0.5938 (0.5429)  balanced_accuracy: 0.6100 (0.5466)  f1_weighted: 0.6182 (0.5638)  time: 0.0701  data: 0.0003  max mem: 5415
Passive Test:  [  5040/?]  eta: ?  loss: 0.7918 (0.9545)  accuracy: 0.5938 (0.5430)  balanced_accuracy: 0.6250 (0.5467)  f1_weighted: 0.6340 (0.5640)  time: 0.0711  data: 0.0003  max mem: 5415
Passive Test:  [  5050/?]  eta: ?  loss: 0.8355 (0.9544)  accuracy: 0.5625 (0.5429)  balanced_accuracy: 0.5625 (0.5466)  f1_weighted: 0.6044 (0.5640)  time: 0.0635  data: 0.0003  max mem: 5415
Passive Test:  [  5060/?]  eta: ?  loss: 0.9001 (0.9545)  accuracy: 0.4531 (0.5428)  balanced_accuracy: 0.5000 (0.5465)  f1_weighted: 0.5344 (0.5639)  time: 0.0637  data: 0.0003  max mem: 5415
Passive Test:  [  5070/?]  eta: ?  loss: 0.9390 (0.9546)  accuracy: 0.4844 (0.5427)  balanced_accuracy: 0.4896 (0.5465)  f1_weighted: 0.5286 (0.5639)  time: 0.0644  data: 0.0003  max mem: 5415
Passive Test:  [  5080/?]  eta: ?  loss: 0.9028 (0.9545)  accuracy: 0.5156 (0.5427)  balanced_accuracy: 0.5208 (0.5464)  f1_weighted: 0.5359 (0.5639)  time: 0.0640  data: 0.0003  max mem: 5415
Passive Test:  [  5090/?]  eta: ?  loss: 0.8176 (0.9542)  accuracy: 0.5312 (0.5428)  balanced_accuracy: 0.5312 (0.5465)  f1_weighted: 0.5590 (0.5641)  time: 0.0638  data: 0.0003  max mem: 5415
Passive Test:  [  5100/?]  eta: ?  loss: 0.8176 (0.9541)  accuracy: 0.5781 (0.5429)  balanced_accuracy: 0.5833 (0.5467)  f1_weighted: 0.6365 (0.5643)  time: 0.0661  data: 0.0002  max mem: 5415
Passive Test:  [  5110/?]  eta: ?  loss: 0.8659 (0.9540)  accuracy: 0.5781 (0.5429)  balanced_accuracy: 0.5938 (0.5468)  f1_weighted: 0.6524 (0.5644)  time: 0.0667  data: 0.0002  max mem: 5415
Passive Test:  [  5120/?]  eta: ?  loss: 0.8645 (0.9539)  accuracy: 0.5781 (0.5430)  balanced_accuracy: 0.5938 (0.5469)  f1_weighted: 0.6526 (0.5647)  time: 0.0641  data: 0.0003  max mem: 5415
Passive Test:  [  5130/?]  eta: ?  loss: 0.8346 (0.9538)  accuracy: 0.5781 (0.5432)  balanced_accuracy: 0.5781 (0.5471)  f1_weighted: 0.7071 (0.5650)  time: 0.0656  data: 0.0003  max mem: 5415
Passive Test:  [  5140/?]  eta: ?  loss: 0.9714 (0.9538)  accuracy: 0.5625 (0.5433)  balanced_accuracy: 0.5625 (0.5471)  f1_weighted: 0.6655 (0.5652)  time: 0.0686  data: 0.0003  max mem: 5415
Passive Test:  [  5150/?]  eta: ?  loss: 0.9752 (0.9537)  accuracy: 0.5312 (0.5433)  balanced_accuracy: 0.4688 (0.5470)  f1_weighted: 0.6383 (0.5654)  time: 0.0678  data: 0.0003  max mem: 5415
Passive Test:  [  5160/?]  eta: ?  loss: 0.7314 (0.9536)  accuracy: 0.6094 (0.5435)  balanced_accuracy: 0.5469 (0.5471)  f1_weighted: 0.7071 (0.5656)  time: 0.0668  data: 0.0002  max mem: 5415
Passive Test:  [  5170/?]  eta: ?  loss: 0.7710 (0.9537)  accuracy: 0.6250 (0.5435)  balanced_accuracy: 0.5000 (0.5470)  f1_weighted: 0.6667 (0.5657)  time: 0.0693  data: 0.0003  max mem: 5415
Passive Test:  [  5180/?]  eta: ?  loss: 0.8373 (0.9535)  accuracy: 0.5469 (0.5436)  balanced_accuracy: 0.5000 (0.5470)  f1_weighted: 0.6703 (0.5659)  time: 0.0696  data: 0.0003  max mem: 5415
Passive Test:  [  5190/?]  eta: ?  loss: 0.7139 (0.9532)  accuracy: 0.6719 (0.5437)  balanced_accuracy: 0.5417 (0.5471)  f1_weighted: 0.6939 (0.5662)  time: 0.0664  data: 0.0003  max mem: 5415
Passive Test:  [  5200/?]  eta: ?  loss: 0.7139 (0.9529)  accuracy: 0.6719 (0.5438)  balanced_accuracy: 0.5417 (0.5472)  f1_weighted: 0.7022 (0.5663)  time: 0.0669  data: 0.0003  max mem: 5415
Passive Test:  [  5210/?]  eta: ?  loss: 0.7394 (0.9526)  accuracy: 0.6406 (0.5439)  balanced_accuracy: 0.5417 (0.5473)  f1_weighted: 0.6921 (0.5666)  time: 0.0677  data: 0.0003  max mem: 5415
Passive Test:  [  5220/?]  eta: ?  loss: 0.6291 (0.9519)  accuracy: 0.6875 (0.5442)  balanced_accuracy: 0.6562 (0.5477)  f1_weighted: 0.7327 (0.5670)  time: 0.0645  data: 0.0003  max mem: 5415
Passive Test:  [  5230/?]  eta: ?  loss: 0.6291 (0.9515)  accuracy: 0.6875 (0.5444)  balanced_accuracy: 0.6979 (0.5479)  f1_weighted: 0.7327 (0.5672)  time: 0.0643  data: 0.0003  max mem: 5415
Passive Test:  [  5240/?]  eta: ?  loss: 0.6880 (0.9510)  accuracy: 0.6250 (0.5445)  balanced_accuracy: 0.6771 (0.5481)  f1_weighted: 0.6874 (0.5673)  time: 0.0748  data: 0.0003  max mem: 5415
Passive Test:  [  5250/?]  eta: ?  loss: 0.6868 (0.9506)  accuracy: 0.6094 (0.5447)  balanced_accuracy: 0.6771 (0.5483)  f1_weighted: 0.6459 (0.5675)  time: 0.0705  data: 0.0002  max mem: 5415
Passive Test:  [  5260/?]  eta: ?  loss: 0.6311 (0.9501)  accuracy: 0.6094 (0.5449)  balanced_accuracy: 0.6921 (0.5486)  f1_weighted: 0.6283 (0.5676)  time: 0.0629  data: 0.0002  max mem: 5415
Passive Test:  [  5270/?]  eta: ?  loss: 0.6890 (0.9497)  accuracy: 0.5781 (0.5450)  balanced_accuracy: 0.6771 (0.5488)  f1_weighted: 0.6167 (0.5677)  time: 0.0676  data: 0.0003  max mem: 5415
Passive Test:  [  5280/?]  eta: ?  loss: 0.6732 (0.9492)  accuracy: 0.6094 (0.5452)  balanced_accuracy: 0.6771 (0.5491)  f1_weighted: 0.6155 (0.5678)  time: 0.0678  data: 0.0003  max mem: 5415
Passive Test:  [  5290/?]  eta: ?  loss: 0.6308 (0.9487)  accuracy: 0.6250 (0.5455)  balanced_accuracy: 0.6875 (0.5494)  f1_weighted: 0.6367 (0.5681)  time: 0.0679  data: 0.0003  max mem: 5415
Passive Test:  [  5300/?]  eta: ?  loss: 0.6308 (0.9482)  accuracy: 0.6406 (0.5457)  balanced_accuracy: 0.6875 (0.5496)  f1_weighted: 0.6527 (0.5683)  time: 0.0667  data: 0.0003  max mem: 5415
Passive Test:  [  5310/?]  eta: ?  loss: 0.6513 (0.9476)  accuracy: 0.7031 (0.5460)  balanced_accuracy: 0.7031 (0.5499)  f1_weighted: 0.7254 (0.5686)  time: 0.0646  data: 0.0003  max mem: 5415
Passive Test:  [  5320/?]  eta: ?  loss: 0.5821 (0.9469)  accuracy: 0.7188 (0.5464)  balanced_accuracy: 0.6875 (0.5502)  f1_weighted: 0.7315 (0.5690)  time: 0.0639  data: 0.0003  max mem: 5415
Passive Test:  [  5330/?]  eta: ?  loss: 0.6142 (0.9465)  accuracy: 0.6875 (0.5466)  balanced_accuracy: 0.6458 (0.5503)  f1_weighted: 0.7190 (0.5692)  time: 0.0653  data: 0.0002  max mem: 5415
Passive Test:  [  5340/?]  eta: ?  loss: 0.7192 (0.9461)  accuracy: 0.6250 (0.5467)  balanced_accuracy: 0.5833 (0.5504)  f1_weighted: 0.6684 (0.5693)  time: 0.0666  data: 0.0002  max mem: 5415
Passive Test:  [  5350/?]  eta: ?  loss: 0.7746 (0.9459)  accuracy: 0.6094 (0.5468)  balanced_accuracy: 0.5469 (0.5504)  f1_weighted: 0.6591 (0.5695)  time: 0.0752  data: 0.0003  max mem: 5415
Passive Test:  [  5360/?]  eta: ?  loss: 0.7746 (0.9456)  accuracy: 0.5625 (0.5469)  balanced_accuracy: 0.5469 (0.5505)  f1_weighted: 0.6598 (0.5697)  time: 0.0770  data: 0.0003  max mem: 5415
Passive Test:  [  5370/?]  eta: ?  loss: 0.7598 (0.9453)  accuracy: 0.5781 (0.5470)  balanced_accuracy: 0.5781 (0.5506)  f1_weighted: 0.6667 (0.5700)  time: 0.0688  data: 0.0003  max mem: 5415
Passive Test:  [  5380/?]  eta: ?  loss: 0.7527 (0.9449)  accuracy: 0.6406 (0.5472)  balanced_accuracy: 0.6406 (0.5508)  f1_weighted: 0.7248 (0.5703)  time: 0.0650  data: 0.0002  max mem: 5415
Passive Test:  [  5390/?]  eta: ?  loss: 0.7364 (0.9447)  accuracy: 0.6250 (0.5474)  balanced_accuracy: 0.6719 (0.5510)  f1_weighted: 0.7248 (0.5706)  time: 0.0680  data: 0.0003  max mem: 5415
Passive Test:  [  5400/?]  eta: ?  loss: 0.7371 (0.9443)  accuracy: 0.6562 (0.5476)  balanced_accuracy: 0.6719 (0.5513)  f1_weighted: 0.7684 (0.5710)  time: 0.0715  data: 0.0003  max mem: 5415
Passive Test:  [  5410/?]  eta: ?  loss: 0.6547 (0.9440)  accuracy: 0.7031 (0.5478)  balanced_accuracy: 0.7031 (0.5516)  f1_weighted: 0.7692 (0.5714)  time: 0.0767  data: 0.0003  max mem: 5415
Passive Test:  [  5420/?]  eta: ?  loss: 0.6547 (0.9437)  accuracy: 0.7031 (0.5481)  balanced_accuracy: 0.7031 (0.5518)  f1_weighted: 0.7573 (0.5717)  time: 0.0778  data: 0.0003  max mem: 5415
Passive Test:  [  5430/?]  eta: ?  loss: 0.6127 (0.9432)  accuracy: 0.7031 (0.5484)  balanced_accuracy: 0.7031 (0.5521)  f1_weighted: 0.7758 (0.5721)  time: 0.0685  data: 0.0003  max mem: 5415
Passive Test:  [  5440/?]  eta: ?  loss: 0.6127 (0.9427)  accuracy: 0.6406 (0.5486)  balanced_accuracy: 0.6406 (0.5524)  f1_weighted: 0.7692 (0.5725)  time: 0.0677  data: 0.0003  max mem: 5415
Passive Test:  [  5450/?]  eta: ?  loss: 0.5690 (0.9423)  accuracy: 0.7031 (0.5488)  balanced_accuracy: 0.7031 (0.5526)  f1_weighted: 0.7925 (0.5729)  time: 0.0873  data: 0.0003  max mem: 5415
Passive Test:  [  5460/?]  eta: ?  loss: 0.6715 (0.9419)  accuracy: 0.6875 (0.5490)  balanced_accuracy: 0.6875 (0.5529)  f1_weighted: 0.7706 (0.5733)  time: 0.0873  data: 0.0003  max mem: 5415
Passive Test:  [  5470/?]  eta: ?  loss: 0.6622 (0.9414)  accuracy: 0.6875 (0.5493)  balanced_accuracy: 0.7500 (0.5532)  f1_weighted: 0.7569 (0.5736)  time: 0.0785  data: 0.0003  max mem: 5415
Passive Test:  [  5480/?]  eta: ?  loss: 0.6201 (0.9409)  accuracy: 0.7500 (0.5496)  balanced_accuracy: 0.8021 (0.5535)  f1_weighted: 0.8242 (0.5740)  time: 0.0773  data: 0.0003  max mem: 5415
Passive Test:  [  5490/?]  eta: ?  loss: 0.5737 (0.9402)  accuracy: 0.7500 (0.5499)  balanced_accuracy: 0.8125 (0.5539)  f1_weighted: 0.8242 (0.5745)  time: 0.0683  data: 0.0003  max mem: 5415
Passive Test:  [  5500/?]  eta: ?  loss: 0.5991 (0.9397)  accuracy: 0.7031 (0.5502)  balanced_accuracy: 0.7969 (0.5542)  f1_weighted: 0.7928 (0.5748)  time: 0.0704  data: 0.0003  max mem: 5415
Passive Test:  [  5510/?]  eta: ?  loss: 0.6268 (0.9392)  accuracy: 0.7031 (0.5505)  balanced_accuracy: 0.7863 (0.5546)  f1_weighted: 0.8037 (0.5752)  time: 0.0697  data: 0.0003  max mem: 5415
Passive Test:  [  5520/?]  eta: ?  loss: 0.6346 (0.9386)  accuracy: 0.6719 (0.5507)  balanced_accuracy: 0.7292 (0.5549)  f1_weighted: 0.7653 (0.5755)  time: 0.0686  data: 0.0003  max mem: 5415
Passive Test:  [  5530/?]  eta: ?  loss: 0.7068 (0.9382)  accuracy: 0.6250 (0.5509)  balanced_accuracy: 0.6875 (0.5551)  f1_weighted: 0.7218 (0.5757)  time: 0.0698  data: 0.0003  max mem: 5415
Passive Test:  [  5540/?]  eta: ?  loss: 0.7443 (0.9379)  accuracy: 0.5781 (0.5510)  balanced_accuracy: 0.6562 (0.5553)  f1_weighted: 0.6771 (0.5760)  time: 0.0678  data: 0.0003  max mem: 5415
Passive Test:  [  5550/?]  eta: ?  loss: 0.7462 (0.9377)  accuracy: 0.5781 (0.5511)  balanced_accuracy: 0.6245 (0.5554)  f1_weighted: 0.6771 (0.5761)  time: 0.0664  data: 0.0003  max mem: 5415
Passive Test:  [  5560/?]  eta: ?  loss: 0.8188 (0.9376)  accuracy: 0.5312 (0.5512)  balanced_accuracy: 0.5312 (0.5555)  f1_weighted: 0.6466 (0.5762)  time: 0.0662  data: 0.0003  max mem: 5415
Passive Test:  [  5570/?]  eta: ?  loss: 0.7868 (0.9375)  accuracy: 0.5625 (0.5512)  balanced_accuracy: 0.5625 (0.5555)  f1_weighted: 0.6542 (0.5763)  time: 0.0677  data: 0.0003  max mem: 5415
Passive Test:  [  5580/?]  eta: ?  loss: 0.8346 (0.9375)  accuracy: 0.5469 (0.5512)  balanced_accuracy: 0.5312 (0.5555)  f1_weighted: 0.6438 (0.5764)  time: 0.0689  data: 0.0003  max mem: 5415
Passive Test:  [  5590/?]  eta: ?  loss: 0.8866 (0.9373)  accuracy: 0.5000 (0.5512)  balanced_accuracy: 0.4844 (0.5556)  f1_weighted: 0.5844 (0.5765)  time: 0.0685  data: 0.0003  max mem: 5415
Passive Test:  [  5600/?]  eta: ?  loss: 0.8671 (0.9375)  accuracy: 0.5469 (0.5512)  balanced_accuracy: 0.5417 (0.5556)  f1_weighted: 0.5795 (0.5764)  time: 0.0750  data: 0.0003  max mem: 5415
Passive Test:  [  5610/?]  eta: ?  loss: 0.8436 (0.9374)  accuracy: 0.5469 (0.5512)  balanced_accuracy: 0.5625 (0.5556)  f1_weighted: 0.6040 (0.5765)  time: 0.0737  data: 0.0003  max mem: 5415
Passive Test:  [  5620/?]  eta: ?  loss: 0.7994 (0.9374)  accuracy: 0.5469 (0.5512)  balanced_accuracy: 0.5521 (0.5556)  f1_weighted: 0.5330 (0.5764)  time: 0.0670  data: 0.0003  max mem: 5415
Passive Test:  [  5630/?]  eta: ?  loss: 0.7530 (0.9373)  accuracy: 0.5625 (0.5513)  balanced_accuracy: 0.5521 (0.5557)  f1_weighted: 0.5388 (0.5765)  time: 0.0663  data: 0.0003  max mem: 5415
Passive Test:  [  5640/?]  eta: ?  loss: 0.8435 (0.9375)  accuracy: 0.5312 (0.5511)  balanced_accuracy: 0.5000 (0.5555)  f1_weighted: 0.5313 (0.5764)  time: 0.0661  data: 0.0002  max mem: 5415
Passive Test:  [  5650/?]  eta: ?  loss: 1.0097 (0.9376)  accuracy: 0.4688 (0.5511)  balanced_accuracy: 0.4479 (0.5555)  f1_weighted: 0.4640 (0.5763)  time: 0.0678  data: 0.0003  max mem: 5415
Passive Test:  [  5660/?]  eta: ?  loss: 0.9898 (0.9378)  accuracy: 0.4844 (0.5510)  balanced_accuracy: 0.5104 (0.5554)  f1_weighted: 0.5045 (0.5762)  time: 0.0660  data: 0.0003  max mem: 5415
Passive Test:  [  5670/?]  eta: ?  loss: 0.8894 (0.9379)  accuracy: 0.5625 (0.5511)  balanced_accuracy: 0.6562 (0.5556)  f1_weighted: 0.6425 (0.5763)  time: 0.0682  data: 0.0003  max mem: 5415
Passive Test:  [  5680/?]  eta: ?  loss: 0.8894 (0.9381)  accuracy: 0.5781 (0.5510)  balanced_accuracy: 0.6562 (0.5556)  f1_weighted: 0.6378 (0.5763)  time: 0.0685  data: 0.0003  max mem: 5415
Passive Test:  [  5690/?]  eta: ?  loss: 0.8190 (0.9381)  accuracy: 0.5625 (0.5510)  balanced_accuracy: 0.6250 (0.5556)  f1_weighted: 0.5785 (0.5762)  time: 0.0658  data: 0.0003  max mem: 5415
Passive Test:  [  5700/?]  eta: ?  loss: 0.9274 (0.9381)  accuracy: 0.5156 (0.5510)  balanced_accuracy: 0.5312 (0.5556)  f1_weighted: 0.5323 (0.5762)  time: 0.0684  data: 0.0003  max mem: 5415
Passive Test:  [  5710/?]  eta: ?  loss: 0.9539 (0.9383)  accuracy: 0.4844 (0.5509)  balanced_accuracy: 0.5312 (0.5557)  f1_weighted: 0.5158 (0.5761)  time: 0.0698  data: 0.0003  max mem: 5415
Passive Test:  [  5720/?]  eta: ?  loss: 0.8834 (0.9383)  accuracy: 0.5000 (0.5508)  balanced_accuracy: 0.5938 (0.5557)  f1_weighted: 0.5738 (0.5760)  time: 0.0688  data: 0.0003  max mem: 5415
Passive Test:  [  5730/?]  eta: ?  loss: 0.9093 (0.9384)  accuracy: 0.5156 (0.5508)  balanced_accuracy: 0.5938 (0.5557)  f1_weighted: 0.5373 (0.5760)  time: 0.0690  data: 0.0003  max mem: 5415
Passive Test:  [  5740/?]  eta: ?  loss: 1.0234 (0.9387)  accuracy: 0.4688 (0.5507)  balanced_accuracy: 0.5729 (0.5557)  f1_weighted: 0.5171 (0.5759)  time: 0.0694  data: 0.0003  max mem: 5415
Passive Test:  [  5750/?]  eta: ?  loss: 1.2162 (0.9389)  accuracy: 0.4688 (0.5506)  balanced_accuracy: 0.5208 (0.5556)  f1_weighted: 0.4652 (0.5758)  time: 0.0681  data: 0.0003  max mem: 5415
Passive Test:  [  5760/?]  eta: ?  loss: 1.0411 (0.9391)  accuracy: 0.4688 (0.5506)  balanced_accuracy: 0.4792 (0.5556)  f1_weighted: 0.4584 (0.5757)  time: 0.0669  data: 0.0003  max mem: 5415
Passive Test:  [  5770/?]  eta: ?  loss: 0.9483 (0.9393)  accuracy: 0.4688 (0.5505)  balanced_accuracy: 0.5000 (0.5555)  f1_weighted: 0.4584 (0.5756)  time: 0.0672  data: 0.0003  max mem: 5415
Passive Test:  [  5780/?]  eta: ?  loss: 0.9245 (0.9394)  accuracy: 0.5312 (0.5505)  balanced_accuracy: 0.5781 (0.5557)  f1_weighted: 0.5335 (0.5757)  time: 0.0763  data: 0.0002  max mem: 5415
Passive Test:  [  5790/?]  eta: ?  loss: 0.8694 (0.9395)  accuracy: 0.5625 (0.5506)  balanced_accuracy: 0.6250 (0.5558)  f1_weighted: 0.5808 (0.5757)  time: 0.0767  data: 0.0002  max mem: 5415
Passive Test:  [  5800/?]  eta: ?  loss: 0.8694 (0.9394)  accuracy: 0.5781 (0.5507)  balanced_accuracy: 0.6771 (0.5560)  f1_weighted: 0.6383 (0.5758)  time: 0.0671  data: 0.0003  max mem: 5415
Passive Test:  [  5810/?]  eta: ?  loss: 0.7988 (0.9391)  accuracy: 0.6562 (0.5509)  balanced_accuracy: 0.7031 (0.5563)  f1_weighted: 0.6616 (0.5761)  time: 0.0657  data: 0.0003  max mem: 5415
Passive Test:  [  5820/?]  eta: ?  loss: 0.7782 (0.9390)  accuracy: 0.6406 (0.5509)  balanced_accuracy: 0.6562 (0.5564)  f1_weighted: 0.7445 (0.5762)  time: 0.0659  data: 0.0003  max mem: 5415
Passive Test:  [  5830/?]  eta: ?  loss: 0.8734 (0.9389)  accuracy: 0.5938 (0.5510)  balanced_accuracy: 0.6354 (0.5565)  f1_weighted: 0.6429 (0.5762)  time: 0.0615  data: 0.0002  max mem: 5415
Passive Test:  [  5840/?]  eta: ?  loss: 0.7802 (0.9385)  accuracy: 0.6250 (0.5512)  balanced_accuracy: 0.6354 (0.5567)  f1_weighted: 0.6850 (0.5764)  time: 0.0710  data: 0.0003  max mem: 5415
Passive Test:  [  5850/?]  eta: ?  loss: 0.7296 (0.9382)  accuracy: 0.6719 (0.5514)  balanced_accuracy: 0.6250 (0.5568)  f1_weighted: 0.6850 (0.5766)  time: 0.0760  data: 0.0003  max mem: 5415
Passive Test:  [  5860/?]  eta: ?  loss: 0.7027 (0.9378)  accuracy: 0.6719 (0.5516)  balanced_accuracy: 0.6250 (0.5570)  f1_weighted: 0.6934 (0.5769)  time: 0.0698  data: 0.0003  max mem: 5415
Passive Test:  [  5870/?]  eta: ?  loss: 0.5882 (0.9372)  accuracy: 0.7656 (0.5519)  balanced_accuracy: 0.7083 (0.5573)  f1_weighted: 0.7680 (0.5772)  time: 0.0777  data: 0.0003  max mem: 5415
Passive Test:  [  5880/?]  eta: ?  loss: 0.6441 (0.9368)  accuracy: 0.7031 (0.5522)  balanced_accuracy: 0.6562 (0.5575)  f1_weighted: 0.7595 (0.5775)  time: 0.0776  data: 0.0003  max mem: 5415
Passive Test:  [  5890/?]  eta: ?  loss: 0.7126 (0.9365)  accuracy: 0.6406 (0.5523)  balanced_accuracy: 0.5938 (0.5575)  f1_weighted: 0.7272 (0.5777)  time: 0.0703  data: 0.0003  max mem: 5415
Passive Test:  [  5900/?]  eta: ?  loss: 0.6854 (0.9360)  accuracy: 0.6562 (0.5525)  balanced_accuracy: 0.5417 (0.5576)  f1_weighted: 0.6862 (0.5779)  time: 0.0766  data: 0.0003  max mem: 5415
Passive Test:  [  5910/?]  eta: ?  loss: 0.6514 (0.9357)  accuracy: 0.6875 (0.5527)  balanced_accuracy: 0.5625 (0.5576)  f1_weighted: 0.6922 (0.5780)  time: 0.0746  data: 0.0003  max mem: 5415
Passive Test:  [  5920/?]  eta: ?  loss: 0.6981 (0.9357)  accuracy: 0.6406 (0.5527)  balanced_accuracy: 0.5208 (0.5574)  f1_weighted: 0.6922 (0.5780)  time: 0.0674  data: 0.0003  max mem: 5415
Passive Test:  [  5930/?]  eta: ?  loss: 0.7858 (0.9356)  accuracy: 0.5938 (0.5527)  balanced_accuracy: 0.4479 (0.5572)  f1_weighted: 0.5753 (0.5780)  time: 0.0700  data: 0.0003  max mem: 5415
Passive Test:  [  5940/?]  eta: ?  loss: 0.7977 (0.9356)  accuracy: 0.5156 (0.5526)  balanced_accuracy: 0.4271 (0.5570)  f1_weighted: 0.4377 (0.5780)  time: 0.0687  data: 0.0003  max mem: 5415
Passive Test:  [  5950/?]  eta: ?  loss: 0.7439 (0.9354)  accuracy: 0.5156 (0.5527)  balanced_accuracy: 0.4271 (0.5570)  f1_weighted: 0.4377 (0.5780)  time: 0.0693  data: 0.0003  max mem: 5415
Passive Test:  [  5960/?]  eta: ?  loss: 0.7398 (0.9354)  accuracy: 0.6094 (0.5528)  balanced_accuracy: 0.5729 (0.5570)  f1_weighted: 0.5724 (0.5781)  time: 0.0706  data: 0.0003  max mem: 5415
Passive Test:  [  5970/?]  eta: ?  loss: 0.7337 (0.9351)  accuracy: 0.6406 (0.5529)  balanced_accuracy: 0.6458 (0.5571)  f1_weighted: 0.6712 (0.5782)  time: 0.0685  data: 0.0003  max mem: 5415
Passive Test:  [  5980/?]  eta: ?  loss: 0.6003 (0.9347)  accuracy: 0.7188 (0.5532)  balanced_accuracy: 0.7188 (0.5573)  f1_weighted: 0.7481 (0.5785)  time: 0.0679  data: 0.0003  max mem: 5415
Passive Test:  [  5990/?]  eta: ?  loss: 0.5904 (0.9343)  accuracy: 0.7344 (0.5534)  balanced_accuracy: 0.7708 (0.5575)  f1_weighted: 0.7725 (0.5788)  time: 0.0684  data: 0.0003  max mem: 5415
Passive Test:  [  6000/?]  eta: ?  loss: 0.5670 (0.9336)  accuracy: 0.7812 (0.5538)  balanced_accuracy: 0.8109 (0.5579)  f1_weighted: 0.8159 (0.5792)  time: 0.0670  data: 0.0003  max mem: 5415
Passive Test:  [  6010/?]  eta: ?  loss: 0.4906 (0.9329)  accuracy: 0.7969 (0.5542)  balanced_accuracy: 0.8125 (0.5583)  f1_weighted: 0.8649 (0.5796)  time: 0.0675  data: 0.0003  max mem: 5415
Passive Test:  [  6020/?]  eta: ?  loss: 0.5176 (0.9323)  accuracy: 0.7656 (0.5546)  balanced_accuracy: 0.7812 (0.5586)  f1_weighted: 0.7916 (0.5800)  time: 0.0678  data: 0.0003  max mem: 5415
Passive Test:  [  6030/?]  eta: ?  loss: 0.6092 (0.9317)  accuracy: 0.7344 (0.5549)  balanced_accuracy: 0.7708 (0.5590)  f1_weighted: 0.7870 (0.5803)  time: 0.0681  data: 0.0003  max mem: 5415
Passive Test:  [  6040/?]  eta: ?  loss: 0.6433 (0.9313)  accuracy: 0.7188 (0.5551)  balanced_accuracy: 0.7188 (0.5592)  f1_weighted: 0.7327 (0.5805)  time: 0.0683  data: 0.0003  max mem: 5415
Passive Test:  [  6050/?]  eta: ?  loss: 0.7009 (0.9310)  accuracy: 0.6875 (0.5552)  balanced_accuracy: 0.6771 (0.5593)  f1_weighted: 0.7003 (0.5806)  time: 0.0715  data: 0.0002  max mem: 5415
Passive Test:  [  6060/?]  eta: ?  loss: 0.7636 (0.9309)  accuracy: 0.6094 (0.5553)  balanced_accuracy: 0.5729 (0.5593)  f1_weighted: 0.6203 (0.5807)  time: 0.0706  data: 0.0002  max mem: 5415
Passive Test:  [  6070/?]  eta: ?  loss: 0.8700 (0.9310)  accuracy: 0.6094 (0.5553)  balanced_accuracy: 0.5417 (0.5592)  f1_weighted: 0.5761 (0.5807)  time: 0.0659  data: 0.0002  max mem: 5415
Passive Test:  [  6080/?]  eta: ?  loss: 0.8849 (0.9309)  accuracy: 0.5781 (0.5554)  balanced_accuracy: 0.5417 (0.5592)  f1_weighted: 0.5494 (0.5808)  time: 0.0642  data: 0.0002  max mem: 5415
Passive Test:  [  6090/?]  eta: ?  loss: 0.8545 (0.9310)  accuracy: 0.5781 (0.5554)  balanced_accuracy: 0.5317 (0.5592)  f1_weighted: 0.5701 (0.5808)  time: 0.0619  data: 0.0002  max mem: 5415
Passive Test:  [  6100/?]  eta: ?  loss: 0.8545 (0.9308)  accuracy: 0.5938 (0.5556)  balanced_accuracy: 0.5625 (0.5593)  f1_weighted: 0.5867 (0.5810)  time: 0.0640  data: 0.0003  max mem: 5415
Passive Test:  [  6110/?]  eta: ?  loss: 0.6821 (0.9308)  accuracy: 0.6406 (0.5557)  balanced_accuracy: 0.6042 (0.5593)  f1_weighted: 0.6472 (0.5810)  time: 0.0667  data: 0.0003  max mem: 5415
Passive Test:  [  6120/?]  eta: ?  loss: 0.8167 (0.9306)  accuracy: 0.6094 (0.5558)  balanced_accuracy: 0.6042 (0.5594)  f1_weighted: 0.6141 (0.5812)  time: 0.0695  data: 0.0003  max mem: 5415
Passive Test:  [  6130/?]  eta: ?  loss: 0.7895 (0.9306)  accuracy: 0.5938 (0.5558)  balanced_accuracy: 0.5938 (0.5594)  f1_weighted: 0.5943 (0.5812)  time: 0.0679  data: 0.0003  max mem: 5415
Passive Test:  [  6140/?]  eta: ?  loss: 0.7895 (0.9305)  accuracy: 0.6094 (0.5560)  balanced_accuracy: 0.5938 (0.5595)  f1_weighted: 0.5943 (0.5812)  time: 0.0678  data: 0.0003  max mem: 5415
Passive Test:  [  6150/?]  eta: ?  loss: 0.8669 (0.9308)  accuracy: 0.5312 (0.5559)  balanced_accuracy: 0.5156 (0.5595)  f1_weighted: 0.5453 (0.5811)  time: 0.0694  data: 0.0003  max mem: 5415
Passive Test:  [  6160/?]  eta: ?  loss: 0.8105 (0.9309)  accuracy: 0.5156 (0.5560)  balanced_accuracy: 0.5365 (0.5596)  f1_weighted: 0.4542 (0.5811)  time: 0.0669  data: 0.0003  max mem: 5415
Passive Test:  [  6170/?]  eta: ?  loss: 0.7836 (0.9310)  accuracy: 0.5781 (0.5561)  balanced_accuracy: 0.5722 (0.5597)  f1_weighted: 0.5140 (0.5812)  time: 0.0676  data: 0.0003  max mem: 5415
Passive Test:  [  6180/?]  eta: ?  loss: 0.7861 (0.9311)  accuracy: 0.5938 (0.5562)  balanced_accuracy: 0.5916 (0.5599)  f1_weighted: 0.5736 (0.5813)  time: 0.0692  data: 0.0003  max mem: 5415
Passive Test:  [  6190/?]  eta: ?  loss: 0.8079 (0.9313)  accuracy: 0.6250 (0.5563)  balanced_accuracy: 0.6218 (0.5600)  f1_weighted: 0.6524 (0.5814)  time: 0.0689  data: 0.0003  max mem: 5415
Passive Test:  [  6200/?]  eta: ?  loss: 0.7189 (0.9312)  accuracy: 0.6562 (0.5564)  balanced_accuracy: 0.6508 (0.5602)  f1_weighted: 0.6662 (0.5815)  time: 0.0645  data: 0.0003  max mem: 5415
Passive Test:  [  6210/?]  eta: ?  loss: 0.6246 (0.9312)  accuracy: 0.7188 (0.5566)  balanced_accuracy: 0.7330 (0.5604)  f1_weighted: 0.7789 (0.5817)  time: 0.0748  data: 0.0003  max mem: 5415
Passive Test:  [  6220/?]  eta: ?  loss: 0.4158 (0.9303)  accuracy: 0.8125 (0.5572)  balanced_accuracy: 0.7812 (0.5609)  f1_weighted: 0.8771 (0.5823)  time: 0.0770  data: 0.0003  max mem: 5415
Passive Test:  [  6230/?]  eta: ?  loss: 0.3303 (0.9297)  accuracy: 0.8281 (0.5574)  balanced_accuracy: 0.8281 (0.5612)  f1_weighted: 0.9060 (0.5826)  time: 0.0655  data: 0.0003  max mem: 5415
Passive Test:  [  6240/?]  eta: ?  loss: 0.5021 (0.9289)  accuracy: 0.7188 (0.5578)  balanced_accuracy: 0.7031 (0.5615)  f1_weighted: 0.8257 (0.5830)  time: 0.0658  data: 0.0003  max mem: 5415
Passive Test:  [  6250/?]  eta: ?  loss: 0.3304 (0.9279)  accuracy: 0.9219 (0.5584)  balanced_accuracy: 0.9167 (0.5621)  f1_weighted: 0.9589 (0.5837)  time: 0.0674  data: 0.0003  max mem: 5415
Passive Test:  [  6260/?]  eta: ?  loss: 0.1888 (0.9267)  accuracy: 0.9688 (0.5590)  balanced_accuracy: 0.9688 (0.5628)  f1_weighted: 0.9841 (0.5843)  time: 0.0677  data: 0.0003  max mem: 5415
Passive Test:  [  6270/?]  eta: ?  loss: 0.2444 (0.9259)  accuracy: 0.9688 (0.5594)  balanced_accuracy: 0.9688 (0.5631)  f1_weighted: 0.9841 (0.5846)  time: 0.0735  data: 0.0003  max mem: 5415
Passive Test:  [  6280/?]  eta: ?  loss: 0.2761 (0.9250)  accuracy: 0.9219 (0.5599)  balanced_accuracy: 0.9219 (0.5636)  f1_weighted: 0.9593 (0.5852)  time: 0.0750  data: 0.0003  max mem: 5415
Passive Test:  [  6290/?]  eta: ?  loss: 0.2642 (0.9240)  accuracy: 0.8438 (0.5604)  balanced_accuracy: 0.8438 (0.5641)  f1_weighted: 0.9153 (0.5857)  time: 0.0701  data: 0.0003  max mem: 5415
Passive Test:  [  6300/?]  eta: ?  loss: 0.3767 (0.9231)  accuracy: 0.9062 (0.5609)  balanced_accuracy: 0.8847 (0.5646)  f1_weighted: 0.9333 (0.5863)  time: 0.0780  data: 0.0003  max mem: 5415
Passive Test:  [  6310/?]  eta: ?  loss: 0.3806 (0.9223)  accuracy: 0.8750 (0.5613)  balanced_accuracy: 0.8750 (0.5650)  f1_weighted: 0.9150 (0.5868)  time: 0.0765  data: 0.0003  max mem: 5415
Passive Test:  [  6320/?]  eta: ?  loss: 0.5219 (0.9218)  accuracy: 0.7656 (0.5616)  balanced_accuracy: 0.7656 (0.5653)  f1_weighted: 0.8673 (0.5871)  time: 0.0682  data: 0.0003  max mem: 5415
Passive Test:  [  6330/?]  eta: ?  loss: 0.6159 (0.9212)  accuracy: 0.7500 (0.5619)  balanced_accuracy: 0.7500 (0.5656)  f1_weighted: 0.8571 (0.5876)  time: 0.0720  data: 0.0002  max mem: 5415
Passive Test:  [  6340/?]  eta: ?  loss: 0.5828 (0.9206)  accuracy: 0.7656 (0.5622)  balanced_accuracy: 0.7656 (0.5660)  f1_weighted: 0.8673 (0.5880)  time: 0.0694  data: 0.0002  max mem: 5415
Passive Test:  [  6350/?]  eta: ?  loss: 0.5749 (0.9201)  accuracy: 0.7656 (0.5625)  balanced_accuracy: 0.7502 (0.5662)  f1_weighted: 0.8257 (0.5884)  time: 0.0657  data: 0.0003  max mem: 5415
Passive Test:  [  6360/?]  eta: ?  loss: 0.8108 (0.9200)  accuracy: 0.5469 (0.5624)  balanced_accuracy: 0.5469 (0.5661)  f1_weighted: 0.7071 (0.5884)  time: 0.0667  data: 0.0003  max mem: 5415
Passive Test: Total time: 0:07:01 (0.0662 s / it)
* loss 0.920

================================================================================
Final Task-Type-Specific Results:
================================================================================
  ACTIVE tasks: Accuracy = 57.1962%, F1-Score = 0.5736 (n=69,183)
  PASSIVE tasks: Accuracy = 56.2345%, F1-Score = 0.5634 (n=407,568)
==========================================
Fine-tuning completed for age_baseline
Results saved to: /home/mojtabam/projects/aip-aghodsib/mojtabam/EEG/final_logs/LaBraM/labram_age_1s/output
Logs saved to: /home/mojtabam/projects/aip-aghodsib/mojtabam/EEG/final_logs/LaBraM/labram_age_1s/logs
