LaBraM fine-tuning starting...
Loading dataset configuration (this may take a moment)...
Age baseline dataset loaded
  HDF5 directory: /home/mojtabam/scratch/processed_eeg_data_hdf5
  Segment length: 1s
  Task type: both
  Random seed: 42
  Note: Using pre-split HDF5 files (train/val/test splits from preprocessing)
  Note: IterableDataset size is unknown until iteration
Namespace(batch_size=64, epochs=30, update_freq=1, save_ckpt_freq=5, robust_test=None, model='labram_base_patch200_200', qkv_bias=True, rel_pos_bias=True, abs_pos_emb=True, layer_scale_init_value=0.1, input_size=200, drop=0.0, attn_drop_rate=0.0, drop_path=0.1, disable_eval_during_finetuning=False, model_ema=False, model_ema_decay=0.9999, model_ema_force_cpu=False, opt='adamw', opt_eps=1e-08, opt_betas=None, clip_grad=None, momentum=0.9, weight_decay=0.05, weight_decay_end=None, lr=0.0005, layer_decay=0.9, warmup_lr=1e-06, min_lr=1e-06, warmup_epochs=5, warmup_steps=-1, smoothing=0.1, reprob=0.25, remode='pixel', recount=1, resplit=False, finetune='LaBraM/checkpoints/labram-base.pth', model_key='model|module', model_prefix='', model_filter_name='gzp', init_scale=0.001, use_mean_pooling=True, disable_weight_decay_on_rel_pos_bias=False, nb_classes=3, output_dir='final_logs_majority/labram_age_1s', log_dir=None, device='cuda', seed=0, resume='final_logs/checkpoints/age_labram_1s_best.pth', auto_resume=True, save_ckpt=True, start_epoch=0, eval=True, dist_eval=False, num_workers=10, pin_mem=True, aggregate_by_participant='majority_vote', world_size=1, local_rank=-1, dist_on_itp=False, dist_url='env://', enable_deepspeed=False, dataset='age_classification', segment_length='1s', data_path='/home/mojtabam/scratch/processed_eeg_data_hdf5', class_weight_power=1.0, is_cross_validation=False, cv_folds=None, distributed=False, rank=0, gpu=0)
Using device: cuda (1 GPU(s): ['NVIDIA L40S'])
Age baseline dataset loaded
  HDF5 directory: /home/mojtabam/scratch/processed_eeg_data_hdf5
  Segment length: 1s
  Task type: both
  Random seed: 42
  Note: Using pre-split HDF5 files (train/val/test splits from preprocessing)
  Note: IterableDataset size is unknown until iteration
Using IterableDataset - DataLoader will iterate directly (no sampler)
Distributed training: 1 tasks, rank 0
DataLoader num_workers: 0 (1s segments: single process to avoid each worker building HDF5 cache; first batch may take 10-30 min)
Patch size = 200
Load ckpt from LaBraM/checkpoints/labram-base.pth
Load state_dict by model_key = model
Weights of NeuralTransformer not initialized from pretrained model: ['blocks.0.attn.q_bias', 'blocks.0.attn.v_bias', 'blocks.1.attn.q_bias', 'blocks.1.attn.v_bias', 'blocks.2.attn.q_bias', 'blocks.2.attn.v_bias', 'blocks.3.attn.q_bias', 'blocks.3.attn.v_bias', 'blocks.4.attn.q_bias', 'blocks.4.attn.v_bias', 'blocks.5.attn.q_bias', 'blocks.5.attn.v_bias', 'blocks.6.attn.q_bias', 'blocks.6.attn.v_bias', 'blocks.7.attn.q_bias', 'blocks.7.attn.v_bias', 'blocks.8.attn.q_bias', 'blocks.8.attn.v_bias', 'blocks.9.attn.q_bias', 'blocks.9.attn.v_bias', 'blocks.10.attn.q_bias', 'blocks.10.attn.v_bias', 'blocks.11.attn.q_bias', 'blocks.11.attn.v_bias', 'fc_norm.weight', 'fc_norm.bias', 'head.weight', 'head.bias']
Weights from pretrained model not used in NeuralTransformer: ['mask_token', 'lm_head.weight', 'lm_head.bias', 'norm.weight', 'norm.bias']
Model = NeuralTransformer(
  (patch_embed): TemporalConv(
    (conv1): Conv2d(1, 8, kernel_size=(1, 15), stride=(1, 8), padding=(0, 7))
    (gelu1): GELU(approximate='none')
    (norm1): GroupNorm(4, 8, eps=1e-05, affine=True)
    (conv2): Conv2d(8, 8, kernel_size=(1, 3), stride=(1, 1), padding=(0, 1))
    (gelu2): GELU(approximate='none')
    (norm2): GroupNorm(4, 8, eps=1e-05, affine=True)
    (conv3): Conv2d(8, 8, kernel_size=(1, 3), stride=(1, 1), padding=(0, 1))
    (norm3): GroupNorm(4, 8, eps=1e-05, affine=True)
    (gelu3): GELU(approximate='none')
  )
  (pos_drop): Dropout(p=0.0, inplace=False)
  (blocks): ModuleList(
    (0): Block(
      (norm1): LayerNorm((200,), eps=1e-06, elementwise_affine=True)
      (attn): Attention(
        (qkv): Linear(in_features=200, out_features=600, bias=False)
        (q_norm): LayerNorm((20,), eps=1e-06, elementwise_affine=True)
        (k_norm): LayerNorm((20,), eps=1e-06, elementwise_affine=True)
        (attn_drop): Dropout(p=0.0, inplace=False)
        (proj): Linear(in_features=200, out_features=200, bias=True)
        (proj_drop): Dropout(p=0.0, inplace=False)
      )
      (drop_path): Identity()
      (norm2): LayerNorm((200,), eps=1e-06, elementwise_affine=True)
      (mlp): Mlp(
        (fc1): Linear(in_features=200, out_features=800, bias=True)
        (act): GELU(approximate='none')
        (fc2): Linear(in_features=800, out_features=200, bias=True)
        (drop): Dropout(p=0.0, inplace=False)
      )
    )
    (1): Block(
      (norm1): LayerNorm((200,), eps=1e-06, elementwise_affine=True)
      (attn): Attention(
        (qkv): Linear(in_features=200, out_features=600, bias=False)
        (q_norm): LayerNorm((20,), eps=1e-06, elementwise_affine=True)
        (k_norm): LayerNorm((20,), eps=1e-06, elementwise_affine=True)
        (attn_drop): Dropout(p=0.0, inplace=False)
        (proj): Linear(in_features=200, out_features=200, bias=True)
        (proj_drop): Dropout(p=0.0, inplace=False)
      )
      (drop_path): DropPath(p=0.00909090880304575)
      (norm2): LayerNorm((200,), eps=1e-06, elementwise_affine=True)
      (mlp): Mlp(
        (fc1): Linear(in_features=200, out_features=800, bias=True)
        (act): GELU(approximate='none')
        (fc2): Linear(in_features=800, out_features=200, bias=True)
        (drop): Dropout(p=0.0, inplace=False)
      )
    )
    (2): Block(
      (norm1): LayerNorm((200,), eps=1e-06, elementwise_affine=True)
      (attn): Attention(
        (qkv): Linear(in_features=200, out_features=600, bias=False)
        (q_norm): LayerNorm((20,), eps=1e-06, elementwise_affine=True)
        (k_norm): LayerNorm((20,), eps=1e-06, elementwise_affine=True)
        (attn_drop): Dropout(p=0.0, inplace=False)
        (proj): Linear(in_features=200, out_features=200, bias=True)
        (proj_drop): Dropout(p=0.0, inplace=False)
      )
      (drop_path): DropPath(p=0.0181818176060915)
      (norm2): LayerNorm((200,), eps=1e-06, elementwise_affine=True)
      (mlp): Mlp(
        (fc1): Linear(in_features=200, out_features=800, bias=True)
        (act): GELU(approximate='none')
        (fc2): Linear(in_features=800, out_features=200, bias=True)
        (drop): Dropout(p=0.0, inplace=False)
      )
    )
    (3): Block(
      (norm1): LayerNorm((200,), eps=1e-06, elementwise_affine=True)
      (attn): Attention(
        (qkv): Linear(in_features=200, out_features=600, bias=False)
        (q_norm): LayerNorm((20,), eps=1e-06, elementwise_affine=True)
        (k_norm): LayerNorm((20,), eps=1e-06, elementwise_affine=True)
        (attn_drop): Dropout(p=0.0, inplace=False)
        (proj): Linear(in_features=200, out_features=200, bias=True)
        (proj_drop): Dropout(p=0.0, inplace=False)
      )
      (drop_path): DropPath(p=0.027272727340459824)
      (norm2): LayerNorm((200,), eps=1e-06, elementwise_affine=True)
      (mlp): Mlp(
        (fc1): Linear(in_features=200, out_features=800, bias=True)
        (act): GELU(approximate='none')
        (fc2): Linear(in_features=800, out_features=200, bias=True)
        (drop): Dropout(p=0.0, inplace=False)
      )
    )
    (4): Block(
      (norm1): LayerNorm((200,), eps=1e-06, elementwise_affine=True)
      (attn): Attention(
        (qkv): Linear(in_features=200, out_features=600, bias=False)
        (q_norm): LayerNorm((20,), eps=1e-06, elementwise_affine=True)
        (k_norm): LayerNorm((20,), eps=1e-06, elementwise_affine=True)
        (attn_drop): Dropout(p=0.0, inplace=False)
        (proj): Linear(in_features=200, out_features=200, bias=True)
        (proj_drop): Dropout(p=0.0, inplace=False)
      )
      (drop_path): DropPath(p=0.036363635212183)
      (norm2): LayerNorm((200,), eps=1e-06, elementwise_affine=True)
      (mlp): Mlp(
        (fc1): Linear(in_features=200, out_features=800, bias=True)
        (act): GELU(approximate='none')
        (fc2): Linear(in_features=800, out_features=200, bias=True)
        (drop): Dropout(p=0.0, inplace=False)
      )
    )
    (5): Block(
      (norm1): LayerNorm((200,), eps=1e-06, elementwise_affine=True)
      (attn): Attention(
        (qkv): Linear(in_features=200, out_features=600, bias=False)
        (q_norm): LayerNorm((20,), eps=1e-06, elementwise_affine=True)
        (k_norm): LayerNorm((20,), eps=1e-06, elementwise_affine=True)
        (attn_drop): Dropout(p=0.0, inplace=False)
        (proj): Linear(in_features=200, out_features=200, bias=True)
        (proj_drop): Dropout(p=0.0, inplace=False)
      )
      (drop_path): DropPath(p=0.045454543083906174)
      (norm2): LayerNorm((200,), eps=1e-06, elementwise_affine=True)
      (mlp): Mlp(
        (fc1): Linear(in_features=200, out_features=800, bias=True)
        (act): GELU(approximate='none')
        (fc2): Linear(in_features=800, out_features=200, bias=True)
        (drop): Dropout(p=0.0, inplace=False)
      )
    )
    (6): Block(
      (norm1): LayerNorm((200,), eps=1e-06, elementwise_affine=True)
      (attn): Attention(
        (qkv): Linear(in_features=200, out_features=600, bias=False)
        (q_norm): LayerNorm((20,), eps=1e-06, elementwise_affine=True)
        (k_norm): LayerNorm((20,), eps=1e-06, elementwise_affine=True)
        (attn_drop): Dropout(p=0.0, inplace=False)
        (proj): Linear(in_features=200, out_features=200, bias=True)
        (proj_drop): Dropout(p=0.0, inplace=False)
      )
      (drop_path): DropPath(p=0.054545458406209946)
      (norm2): LayerNorm((200,), eps=1e-06, elementwise_affine=True)
      (mlp): Mlp(
        (fc1): Linear(in_features=200, out_features=800, bias=True)
        (act): GELU(approximate='none')
        (fc2): Linear(in_features=800, out_features=200, bias=True)
        (drop): Dropout(p=0.0, inplace=False)
      )
    )
    (7): Block(
      (norm1): LayerNorm((200,), eps=1e-06, elementwise_affine=True)
      (attn): Attention(
        (qkv): Linear(in_features=200, out_features=600, bias=False)
        (q_norm): LayerNorm((20,), eps=1e-06, elementwise_affine=True)
        (k_norm): LayerNorm((20,), eps=1e-06, elementwise_affine=True)
        (attn_drop): Dropout(p=0.0, inplace=False)
        (proj): Linear(in_features=200, out_features=200, bias=True)
        (proj_drop): Dropout(p=0.0, inplace=False)
      )
      (drop_path): DropPath(p=0.06363636255264282)
      (norm2): LayerNorm((200,), eps=1e-06, elementwise_affine=True)
      (mlp): Mlp(
        (fc1): Linear(in_features=200, out_features=800, bias=True)
        (act): GELU(approximate='none')
        (fc2): Linear(in_features=800, out_features=200, bias=True)
        (drop): Dropout(p=0.0, inplace=False)
      )
    )
    (8): Block(
      (norm1): LayerNorm((200,), eps=1e-06, elementwise_affine=True)
      (attn): Attention(
        (qkv): Linear(in_features=200, out_features=600, bias=False)
        (q_norm): LayerNorm((20,), eps=1e-06, elementwise_affine=True)
        (k_norm): LayerNorm((20,), eps=1e-06, elementwise_affine=True)
        (attn_drop): Dropout(p=0.0, inplace=False)
        (proj): Linear(in_features=200, out_features=200, bias=True)
        (proj_drop): Dropout(p=0.0, inplace=False)
      )
      (drop_path): DropPath(p=0.0727272778749466)
      (norm2): LayerNorm((200,), eps=1e-06, elementwise_affine=True)
      (mlp): Mlp(
        (fc1): Linear(in_features=200, out_features=800, bias=True)
        (act): GELU(approximate='none')
        (fc2): Linear(in_features=800, out_features=200, bias=True)
        (drop): Dropout(p=0.0, inplace=False)
      )
    )
    (9): Block(
      (norm1): LayerNorm((200,), eps=1e-06, elementwise_affine=True)
      (attn): Attention(
        (qkv): Linear(in_features=200, out_features=600, bias=False)
        (q_norm): LayerNorm((20,), eps=1e-06, elementwise_affine=True)
        (k_norm): LayerNorm((20,), eps=1e-06, elementwise_affine=True)
        (attn_drop): Dropout(p=0.0, inplace=False)
        (proj): Linear(in_features=200, out_features=200, bias=True)
        (proj_drop): Dropout(p=0.0, inplace=False)
      )
      (drop_path): DropPath(p=0.08181818574666977)
      (norm2): LayerNorm((200,), eps=1e-06, elementwise_affine=True)
      (mlp): Mlp(
        (fc1): Linear(in_features=200, out_features=800, bias=True)
        (act): GELU(approximate='none')
        (fc2): Linear(in_features=800, out_features=200, bias=True)
        (drop): Dropout(p=0.0, inplace=False)
      )
    )
    (10): Block(
      (norm1): LayerNorm((200,), eps=1e-06, elementwise_affine=True)
      (attn): Attention(
        (qkv): Linear(in_features=200, out_features=600, bias=False)
        (q_norm): LayerNorm((20,), eps=1e-06, elementwise_affine=True)
        (k_norm): LayerNorm((20,), eps=1e-06, elementwise_affine=True)
        (attn_drop): Dropout(p=0.0, inplace=False)
        (proj): Linear(in_features=200, out_features=200, bias=True)
        (proj_drop): Dropout(p=0.0, inplace=False)
      )
      (drop_path): DropPath(p=0.09090909361839294)
      (norm2): LayerNorm((200,), eps=1e-06, elementwise_affine=True)
      (mlp): Mlp(
        (fc1): Linear(in_features=200, out_features=800, bias=True)
        (act): GELU(approximate='none')
        (fc2): Linear(in_features=800, out_features=200, bias=True)
        (drop): Dropout(p=0.0, inplace=False)
      )
    )
    (11): Block(
      (norm1): LayerNorm((200,), eps=1e-06, elementwise_affine=True)
      (attn): Attention(
        (qkv): Linear(in_features=200, out_features=600, bias=False)
        (q_norm): LayerNorm((20,), eps=1e-06, elementwise_affine=True)
        (k_norm): LayerNorm((20,), eps=1e-06, elementwise_affine=True)
        (attn_drop): Dropout(p=0.0, inplace=False)
        (proj): Linear(in_features=200, out_features=200, bias=True)
        (proj_drop): Dropout(p=0.0, inplace=False)
      )
      (drop_path): DropPath(p=0.10000000149011612)
      (norm2): LayerNorm((200,), eps=1e-06, elementwise_affine=True)
      (mlp): Mlp(
        (fc1): Linear(in_features=200, out_features=800, bias=True)
        (act): GELU(approximate='none')
        (fc2): Linear(in_features=800, out_features=200, bias=True)
        (drop): Dropout(p=0.0, inplace=False)
      )
    )
  )
  (norm): Identity()
  (fc_norm): LayerNorm((200,), eps=1e-06, elementwise_affine=True)
  (head): Linear(in_features=200, out_features=3, bias=True)
)
number of params: 5825339
LR = 0.00050000
Batch size = 64
Update frequent = 1
Number of training examples = Unknown (IterableDataset)
Number of training steps per epoch = Determined during training (IterableDataset)
Note: LR schedule uses placeholder value - actual steps determined by iterator exhaustion
Assigned values = [0.2541865828329001, 0.2824295364810001, 0.31381059609000006, 0.3486784401000001, 0.3874204890000001, 0.4304672100000001, 0.4782969000000001, 0.531441, 0.5904900000000001, 0.6561, 0.7290000000000001, 0.81, 0.9, 1.0]
Skip weight decay name marked in model: {'time_embed', 'cls_token', 'pos_embed'}
Param groups = {
  "layer_0_no_decay": {
    "weight_decay": 0.0,
    "params": [
      "cls_token",
      "pos_embed",
      "patch_embed.conv1.bias",
      "patch_embed.norm1.weight",
      "patch_embed.norm1.bias",
      "patch_embed.conv2.bias",
      "patch_embed.norm2.weight",
      "patch_embed.norm2.bias",
      "patch_embed.conv3.bias",
      "patch_embed.norm3.weight",
      "patch_embed.norm3.bias"
    ],
    "lr_scale": 0.2541865828329001
  },
  "layer_13_no_decay": {
    "weight_decay": 0.0,
    "params": [
      "time_embed",
      "fc_norm.weight",
      "fc_norm.bias",
      "head.bias"
    ],
    "lr_scale": 1.0
  },
  "layer_0_decay": {
    "weight_decay": 0.05,
    "params": [
      "patch_embed.conv1.weight",
      "patch_embed.conv2.weight",
      "patch_embed.conv3.weight"
    ],
    "lr_scale": 0.2541865828329001
  },
  "layer_1_no_decay": {
    "weight_decay": 0.0,
    "params": [
      "blocks.0.gamma_1",
      "blocks.0.gamma_2",
      "blocks.0.norm1.weight",
      "blocks.0.norm1.bias",
      "blocks.0.attn.q_bias",
      "blocks.0.attn.v_bias",
      "blocks.0.attn.q_norm.weight",
      "blocks.0.attn.q_norm.bias",
      "blocks.0.attn.k_norm.weight",
      "blocks.0.attn.k_norm.bias",
      "blocks.0.attn.proj.bias",
      "blocks.0.norm2.weight",
      "blocks.0.norm2.bias",
      "blocks.0.mlp.fc1.bias",
      "blocks.0.mlp.fc2.bias"
    ],
    "lr_scale": 0.2824295364810001
  },
  "layer_1_decay": {
    "weight_decay": 0.05,
    "params": [
      "blocks.0.attn.qkv.weight",
      "blocks.0.attn.proj.weight",
      "blocks.0.mlp.fc1.weight",
      "blocks.0.mlp.fc2.weight"
    ],
    "lr_scale": 0.2824295364810001
  },
  "layer_2_no_decay": {
    "weight_decay": 0.0,
    "params": [
      "blocks.1.gamma_1",
      "blocks.1.gamma_2",
      "blocks.1.norm1.weight",
      "blocks.1.norm1.bias",
      "blocks.1.attn.q_bias",
      "blocks.1.attn.v_bias",
      "blocks.1.attn.q_norm.weight",
      "blocks.1.attn.q_norm.bias",
      "blocks.1.attn.k_norm.weight",
      "blocks.1.attn.k_norm.bias",
      "blocks.1.attn.proj.bias",
      "blocks.1.norm2.weight",
      "blocks.1.norm2.bias",
      "blocks.1.mlp.fc1.bias",
      "blocks.1.mlp.fc2.bias"
    ],
    "lr_scale": 0.31381059609000006
  },
  "layer_2_decay": {
    "weight_decay": 0.05,
    "params": [
      "blocks.1.attn.qkv.weight",
      "blocks.1.attn.proj.weight",
      "blocks.1.mlp.fc1.weight",
      "blocks.1.mlp.fc2.weight"
    ],
    "lr_scale": 0.31381059609000006
  },
  "layer_3_no_decay": {
    "weight_decay": 0.0,
    "params": [
      "blocks.2.gamma_1",
      "blocks.2.gamma_2",
      "blocks.2.norm1.weight",
      "blocks.2.norm1.bias",
      "blocks.2.attn.q_bias",
      "blocks.2.attn.v_bias",
      "blocks.2.attn.q_norm.weight",
      "blocks.2.attn.q_norm.bias",
      "blocks.2.attn.k_norm.weight",
      "blocks.2.attn.k_norm.bias",
      "blocks.2.attn.proj.bias",
      "blocks.2.norm2.weight",
      "blocks.2.norm2.bias",
      "blocks.2.mlp.fc1.bias",
      "blocks.2.mlp.fc2.bias"
    ],
    "lr_scale": 0.3486784401000001
  },
  "layer_3_decay": {
    "weight_decay": 0.05,
    "params": [
      "blocks.2.attn.qkv.weight",
      "blocks.2.attn.proj.weight",
      "blocks.2.mlp.fc1.weight",
      "blocks.2.mlp.fc2.weight"
    ],
    "lr_scale": 0.3486784401000001
  },
  "layer_4_no_decay": {
    "weight_decay": 0.0,
    "params": [
      "blocks.3.gamma_1",
      "blocks.3.gamma_2",
      "blocks.3.norm1.weight",
      "blocks.3.norm1.bias",
      "blocks.3.attn.q_bias",
      "blocks.3.attn.v_bias",
      "blocks.3.attn.q_norm.weight",
      "blocks.3.attn.q_norm.bias",
      "blocks.3.attn.k_norm.weight",
      "blocks.3.attn.k_norm.bias",
      "blocks.3.attn.proj.bias",
      "blocks.3.norm2.weight",
      "blocks.3.norm2.bias",
      "blocks.3.mlp.fc1.bias",
      "blocks.3.mlp.fc2.bias"
    ],
    "lr_scale": 0.3874204890000001
  },
  "layer_4_decay": {
    "weight_decay": 0.05,
    "params": [
      "blocks.3.attn.qkv.weight",
      "blocks.3.attn.proj.weight",
      "blocks.3.mlp.fc1.weight",
      "blocks.3.mlp.fc2.weight"
    ],
    "lr_scale": 0.3874204890000001
  },
  "layer_5_no_decay": {
    "weight_decay": 0.0,
    "params": [
      "blocks.4.gamma_1",
      "blocks.4.gamma_2",
      "blocks.4.norm1.weight",
      "blocks.4.norm1.bias",
      "blocks.4.attn.q_bias",
      "blocks.4.attn.v_bias",
      "blocks.4.attn.q_norm.weight",
      "blocks.4.attn.q_norm.bias",
      "blocks.4.attn.k_norm.weight",
      "blocks.4.attn.k_norm.bias",
      "blocks.4.attn.proj.bias",
      "blocks.4.norm2.weight",
      "blocks.4.norm2.bias",
      "blocks.4.mlp.fc1.bias",
      "blocks.4.mlp.fc2.bias"
    ],
    "lr_scale": 0.4304672100000001
  },
  "layer_5_decay": {
    "weight_decay": 0.05,
    "params": [
      "blocks.4.attn.qkv.weight",
      "blocks.4.attn.proj.weight",
      "blocks.4.mlp.fc1.weight",
      "blocks.4.mlp.fc2.weight"
    ],
    "lr_scale": 0.4304672100000001
  },
  "layer_6_no_decay": {
    "weight_decay": 0.0,
    "params": [
      "blocks.5.gamma_1",
      "blocks.5.gamma_2",
      "blocks.5.norm1.weight",
      "blocks.5.norm1.bias",
      "blocks.5.attn.q_bias",
      "blocks.5.attn.v_bias",
      "blocks.5.attn.q_norm.weight",
      "blocks.5.attn.q_norm.bias",
      "blocks.5.attn.k_norm.weight",
      "blocks.5.attn.k_norm.bias",
      "blocks.5.attn.proj.bias",
      "blocks.5.norm2.weight",
      "blocks.5.norm2.bias",
      "blocks.5.mlp.fc1.bias",
      "blocks.5.mlp.fc2.bias"
    ],
    "lr_scale": 0.4782969000000001
  },
  "layer_6_decay": {
    "weight_decay": 0.05,
    "params": [
      "blocks.5.attn.qkv.weight",
      "blocks.5.attn.proj.weight",
      "blocks.5.mlp.fc1.weight",
      "blocks.5.mlp.fc2.weight"
    ],
    "lr_scale": 0.4782969000000001
  },
  "layer_7_no_decay": {
    "weight_decay": 0.0,
    "params": [
      "blocks.6.gamma_1",
      "blocks.6.gamma_2",
      "blocks.6.norm1.weight",
      "blocks.6.norm1.bias",
      "blocks.6.attn.q_bias",
      "blocks.6.attn.v_bias",
      "blocks.6.attn.q_norm.weight",
      "blocks.6.attn.q_norm.bias",
      "blocks.6.attn.k_norm.weight",
      "blocks.6.attn.k_norm.bias",
      "blocks.6.attn.proj.bias",
      "blocks.6.norm2.weight",
      "blocks.6.norm2.bias",
      "blocks.6.mlp.fc1.bias",
      "blocks.6.mlp.fc2.bias"
    ],
    "lr_scale": 0.531441
  },
  "layer_7_decay": {
    "weight_decay": 0.05,
    "params": [
      "blocks.6.attn.qkv.weight",
      "blocks.6.attn.proj.weight",
      "blocks.6.mlp.fc1.weight",
      "blocks.6.mlp.fc2.weight"
    ],
    "lr_scale": 0.531441
  },
  "layer_8_no_decay": {
    "weight_decay": 0.0,
    "params": [
      "blocks.7.gamma_1",
      "blocks.7.gamma_2",
      "blocks.7.norm1.weight",
      "blocks.7.norm1.bias",
      "blocks.7.attn.q_bias",
      "blocks.7.attn.v_bias",
      "blocks.7.attn.q_norm.weight",
      "blocks.7.attn.q_norm.bias",
      "blocks.7.attn.k_norm.weight",
      "blocks.7.attn.k_norm.bias",
      "blocks.7.attn.proj.bias",
      "blocks.7.norm2.weight",
      "blocks.7.norm2.bias",
      "blocks.7.mlp.fc1.bias",
      "blocks.7.mlp.fc2.bias"
    ],
    "lr_scale": 0.5904900000000001
  },
  "layer_8_decay": {
    "weight_decay": 0.05,
    "params": [
      "blocks.7.attn.qkv.weight",
      "blocks.7.attn.proj.weight",
      "blocks.7.mlp.fc1.weight",
      "blocks.7.mlp.fc2.weight"
    ],
    "lr_scale": 0.5904900000000001
  },
  "layer_9_no_decay": {
    "weight_decay": 0.0,
    "params": [
      "blocks.8.gamma_1",
      "blocks.8.gamma_2",
      "blocks.8.norm1.weight",
      "blocks.8.norm1.bias",
      "blocks.8.attn.q_bias",
      "blocks.8.attn.v_bias",
      "blocks.8.attn.q_norm.weight",
      "blocks.8.attn.q_norm.bias",
      "blocks.8.attn.k_norm.weight",
      "blocks.8.attn.k_norm.bias",
      "blocks.8.attn.proj.bias",
      "blocks.8.norm2.weight",
      "blocks.8.norm2.bias",
      "blocks.8.mlp.fc1.bias",
      "blocks.8.mlp.fc2.bias"
    ],
    "lr_scale": 0.6561
  },
  "layer_9_decay": {
    "weight_decay": 0.05,
    "params": [
      "blocks.8.attn.qkv.weight",
      "blocks.8.attn.proj.weight",
      "blocks.8.mlp.fc1.weight",
      "blocks.8.mlp.fc2.weight"
    ],
    "lr_scale": 0.6561
  },
  "layer_10_no_decay": {
    "weight_decay": 0.0,
    "params": [
      "blocks.9.gamma_1",
      "blocks.9.gamma_2",
      "blocks.9.norm1.weight",
      "blocks.9.norm1.bias",
      "blocks.9.attn.q_bias",
      "blocks.9.attn.v_bias",
      "blocks.9.attn.q_norm.weight",
      "blocks.9.attn.q_norm.bias",
      "blocks.9.attn.k_norm.weight",
      "blocks.9.attn.k_norm.bias",
      "blocks.9.attn.proj.bias",
      "blocks.9.norm2.weight",
      "blocks.9.norm2.bias",
      "blocks.9.mlp.fc1.bias",
      "blocks.9.mlp.fc2.bias"
    ],
    "lr_scale": 0.7290000000000001
  },
  "layer_10_decay": {
    "weight_decay": 0.05,
    "params": [
      "blocks.9.attn.qkv.weight",
      "blocks.9.attn.proj.weight",
      "blocks.9.mlp.fc1.weight",
      "blocks.9.mlp.fc2.weight"
    ],
    "lr_scale": 0.7290000000000001
  },
  "layer_11_no_decay": {
    "weight_decay": 0.0,
    "params": [
      "blocks.10.gamma_1",
      "blocks.10.gamma_2",
      "blocks.10.norm1.weight",
      "blocks.10.norm1.bias",
      "blocks.10.attn.q_bias",
      "blocks.10.attn.v_bias",
      "blocks.10.attn.q_norm.weight",
      "blocks.10.attn.q_norm.bias",
      "blocks.10.attn.k_norm.weight",
      "blocks.10.attn.k_norm.bias",
      "blocks.10.attn.proj.bias",
      "blocks.10.norm2.weight",
      "blocks.10.norm2.bias",
      "blocks.10.mlp.fc1.bias",
      "blocks.10.mlp.fc2.bias"
    ],
    "lr_scale": 0.81
  },
  "layer_11_decay": {
    "weight_decay": 0.05,
    "params": [
      "blocks.10.attn.qkv.weight",
      "blocks.10.attn.proj.weight",
      "blocks.10.mlp.fc1.weight",
      "blocks.10.mlp.fc2.weight"
    ],
    "lr_scale": 0.81
  },
  "layer_12_no_decay": {
    "weight_decay": 0.0,
    "params": [
      "blocks.11.gamma_1",
      "blocks.11.gamma_2",
      "blocks.11.norm1.weight",
      "blocks.11.norm1.bias",
      "blocks.11.attn.q_bias",
      "blocks.11.attn.v_bias",
      "blocks.11.attn.q_norm.weight",
      "blocks.11.attn.q_norm.bias",
      "blocks.11.attn.k_norm.weight",
      "blocks.11.attn.k_norm.bias",
      "blocks.11.attn.proj.bias",
      "blocks.11.norm2.weight",
      "blocks.11.norm2.bias",
      "blocks.11.mlp.fc1.bias",
      "blocks.11.mlp.fc2.bias"
    ],
    "lr_scale": 0.9
  },
  "layer_12_decay": {
    "weight_decay": 0.05,
    "params": [
      "blocks.11.attn.qkv.weight",
      "blocks.11.attn.proj.weight",
      "blocks.11.mlp.fc1.weight",
      "blocks.11.mlp.fc2.weight"
    ],
    "lr_scale": 0.9
  },
  "layer_13_decay": {
    "weight_decay": 0.05,
    "params": [
      "head.weight"
    ],
    "lr_scale": 1.0
  }
}
Optimizer config: {'lr': 0.0005, 'weight_decay': 0.0, 'eps': 1e-08}
Use step level LR scheduler!
Set warmup steps = 500000
Set warmup steps = 0
Max WD = 0.0500000, Min WD = 0.0500000
criterion = LabelSmoothingCrossEntropy()
Resume checkpoint final_logs/checkpoints/age_labram_1s_best.pth
Test:  [     0/?]  eta: ?  loss: 0.7340 (0.7340)  accuracy: 0.6667 (0.6667)  balanced_accuracy: 0.6527 (0.6527)  f1_weighted: 0.6631 (0.6631)  time: 167.2507  data: 166.1733  max mem: 213
Test:  [    10/?]  eta: ?  loss: 0.7174 (0.6935)  accuracy: 0.6667 (0.6648)  balanced_accuracy: 0.7172 (0.7026)  f1_weighted: 0.6631 (0.6565)  time: 15.4134  data: 15.2775  max mem: 213
Test:  [    20/?]  eta: ?  loss: 0.7146 (0.6930)  accuracy: 0.6667 (0.6811)  balanced_accuracy: 0.6992 (0.7109)  f1_weighted: 0.6876 (0.6932)  time: 0.2283  data: 0.1866  max mem: 213
Test:  [    30/?]  eta: ?  loss: 0.8491 (0.8046)  accuracy: 0.6354 (0.6529)  balanced_accuracy: 0.6439 (0.6781)  f1_weighted: 0.6923 (0.6801)  time: 0.2274  data: 0.1855  max mem: 213
Test:  [    40/?]  eta: ?  loss: 1.0441 (0.8779)  accuracy: 0.6146 (0.6448)  balanced_accuracy: 0.5951 (0.6474)  f1_weighted: 0.6605 (0.6779)  time: 0.2266  data: 0.1846  max mem: 213
Test:  [    50/?]  eta: ?  loss: 1.0413 (0.8713)  accuracy: 0.6146 (0.6401)  balanced_accuracy: 0.5951 (0.6459)  f1_weighted: 0.6605 (0.6709)  time: 0.2250  data: 0.1834  max mem: 213
Test:  [    60/?]  eta: ?  loss: 0.7916 (0.8654)  accuracy: 0.5521 (0.6265)  balanced_accuracy: 0.5355 (0.6201)  f1_weighted: 0.6125 (0.6584)  time: 0.2248  data: 0.1833  max mem: 213
Test:  [    70/?]  eta: ?  loss: 0.8775 (0.8848)  accuracy: 0.5417 (0.6109)  balanced_accuracy: 0.4686 (0.5983)  f1_weighted: 0.5395 (0.6369)  time: 0.2252  data: 0.1837  max mem: 213
Test:  [    80/?]  eta: ?  loss: 0.8396 (0.8600)  accuracy: 0.5833 (0.6202)  balanced_accuracy: 0.5211 (0.6096)  f1_weighted: 0.5763 (0.6454)  time: 0.2264  data: 0.1849  max mem: 213
Test:  [    90/?]  eta: ?  loss: 0.6130 (0.8389)  accuracy: 0.7083 (0.6277)  balanced_accuracy: 0.6977 (0.6187)  f1_weighted: 0.7357 (0.6523)  time: 0.2250  data: 0.1835  max mem: 213
Test:  [   100/?]  eta: ?  loss: 0.6119 (0.8152)  accuracy: 0.7188 (0.6373)  balanced_accuracy: 0.7015 (0.6261)  f1_weighted: 0.7164 (0.6586)  time: 0.2247  data: 0.1832  max mem: 213
Test:  [   110/?]  eta: ?  loss: 0.5830 (0.7995)  accuracy: 0.7083 (0.6425)  balanced_accuracy: 0.7394 (0.6330)  f1_weighted: 0.7203 (0.6629)  time: 0.2266  data: 0.1850  max mem: 213
Test:  [   120/?]  eta: ?  loss: 0.6567 (0.7848)  accuracy: 0.6875 (0.6470)  balanced_accuracy: 0.7394 (0.6410)  f1_weighted: 0.7023 (0.6663)  time: 0.2272  data: 0.1856  max mem: 213
Test:  [   130/?]  eta: ?  loss: 0.7807 (0.8049)  accuracy: 0.5938 (0.6343)  balanced_accuracy: 0.6157 (0.6187)  f1_weighted: 0.6133 (0.6564)  time: 0.2269  data: 0.1854  max mem: 213
Test:  [   140/?]  eta: ?  loss: 0.8691 (0.8052)  accuracy: 0.5625 (0.6308)  balanced_accuracy: 0.4730 (0.6173)  f1_weighted: 0.5762 (0.6533)  time: 0.2253  data: 0.1838  max mem: 213
Test:  [   150/?]  eta: ?  loss: 0.8330 (0.8117)  accuracy: 0.5729 (0.6261)  balanced_accuracy: 0.5490 (0.6125)  f1_weighted: 0.5762 (0.6472)  time: 0.2255  data: 0.1840  max mem: 213
Test:  [   160/?]  eta: ?  loss: 0.8124 (0.8057)  accuracy: 0.5729 (0.6254)  balanced_accuracy: 0.5274 (0.6055)  f1_weighted: 0.6043 (0.6464)  time: 0.2267  data: 0.1851  max mem: 213
Test:  [   170/?]  eta: ?  loss: 0.5718 (0.7890)  accuracy: 0.6875 (0.6337)  balanced_accuracy: 0.6409 (0.6117)  f1_weighted: 0.6754 (0.6530)  time: 0.2272  data: 0.1856  max mem: 213
Test:  [   180/?]  eta: ?  loss: 0.5718 (0.7871)  accuracy: 0.7604 (0.6360)  balanced_accuracy: 0.7021 (0.6161)  f1_weighted: 0.7617 (0.6567)  time: 0.2258  data: 0.1841  max mem: 213
Test:  [   190/?]  eta: ?  loss: 0.7677 (0.7930)  accuracy: 0.6146 (0.6309)  balanced_accuracy: 0.6032 (0.6118)  f1_weighted: 0.6207 (0.6506)  time: 0.2261  data: 0.1845  max mem: 213
Test:  [   200/?]  eta: ?  loss: 0.9592 (0.8258)  accuracy: 0.5104 (0.6230)  balanced_accuracy: 0.4885 (0.6068)  f1_weighted: 0.4975 (0.6423)  time: 0.2277  data: 0.1862  max mem: 213
Test:  [   210/?]  eta: ?  loss: 1.2036 (0.8335)  accuracy: 0.5104 (0.6201)  balanced_accuracy: 0.5659 (0.6061)  f1_weighted: 0.5084 (0.6398)  time: 0.2273  data: 0.1858  max mem: 213
Test:  [   220/?]  eta: ?  loss: 0.9692 (0.8379)  accuracy: 0.5208 (0.6167)  balanced_accuracy: 0.5780 (0.6039)  f1_weighted: 0.5894 (0.6375)  time: 0.2269  data: 0.1853  max mem: 213
Test:  [   230/?]  eta: ?  loss: 0.8854 (0.8410)  accuracy: 0.5104 (0.6122)  balanced_accuracy: 0.5469 (0.6022)  f1_weighted: 0.5733 (0.6336)  time: 0.2258  data: 0.1844  max mem: 213
Test:  [   240/?]  eta: ?  loss: 0.8598 (0.8413)  accuracy: 0.5208 (0.6108)  balanced_accuracy: 0.5599 (0.6005)  f1_weighted: 0.5694 (0.6315)  time: 0.2242  data: 0.1827  max mem: 213
Test:  [   250/?]  eta: ?  loss: 0.8911 (0.8511)  accuracy: 0.5000 (0.6044)  balanced_accuracy: 0.4864 (0.5936)  f1_weighted: 0.5135 (0.6236)  time: 0.2249  data: 0.1834  max mem: 213
Test:  [   260/?]  eta: ?  loss: 1.2732 (0.8722)  accuracy: 0.3854 (0.5945)  balanced_accuracy: 0.3842 (0.5825)  f1_weighted: 0.3853 (0.6132)  time: 0.2283  data: 0.1866  max mem: 213
Test:  [   270/?]  eta: ?  loss: 1.2770 (0.8832)  accuracy: 0.4062 (0.5884)  balanced_accuracy: 0.3560 (0.5760)  f1_weighted: 0.3894 (0.6063)  time: 0.2293  data: 0.1877  max mem: 213
Test:  [   280/?]  eta: ?  loss: 1.1549 (0.8924)  accuracy: 0.4375 (0.5828)  balanced_accuracy: 0.3705 (0.5679)  f1_weighted: 0.4743 (0.6038)  time: 0.2277  data: 0.1862  max mem: 213
Test:  [   290/?]  eta: ?  loss: 0.9462 (0.8902)  accuracy: 0.5417 (0.5843)  balanced_accuracy: 0.4879 (0.5676)  f1_weighted: 0.5533 (0.6038)  time: 0.2269  data: 0.1854  max mem: 213
Test:  [   300/?]  eta: ?  loss: 0.8234 (0.8890)  accuracy: 0.5833 (0.5831)  balanced_accuracy: 0.5391 (0.5650)  f1_weighted: 0.5609 (0.6013)  time: 0.2303  data: 0.1890  max mem: 213
Test:  [   310/?]  eta: ?  loss: 0.8871 (0.8906)  accuracy: 0.4792 (0.5800)  balanced_accuracy: 0.4550 (0.5629)  f1_weighted: 0.4630 (0.5979)  time: 0.2314  data: 0.1900  max mem: 213
Test:  [   320/?]  eta: ?  loss: 0.7030 (0.8813)  accuracy: 0.6667 (0.5845)  balanced_accuracy: 0.6484 (0.5681)  f1_weighted: 0.6527 (0.6019)  time: 0.2290  data: 0.1876  max mem: 213
Test:  [   330/?]  eta: ?  loss: 0.5596 (0.8712)  accuracy: 0.7292 (0.5895)  balanced_accuracy: 0.7409 (0.5730)  f1_weighted: 0.7260 (0.6062)  time: 0.2308  data: 0.1895  max mem: 213
Test:  [   340/?]  eta: ?  loss: 0.6348 (0.8685)  accuracy: 0.7083 (0.5911)  balanced_accuracy: 0.6430 (0.5727)  f1_weighted: 0.6918 (0.6075)  time: 0.2313  data: 0.1898  max mem: 213
Test:  [   350/?]  eta: ?  loss: 0.7345 (0.8638)  accuracy: 0.6562 (0.5929)  balanced_accuracy: 0.5906 (0.5731)  f1_weighted: 0.6867 (0.6106)  time: 0.2288  data: 0.1873  max mem: 213
Test:  [   360/?]  eta: ?  loss: 0.8042 (0.8706)  accuracy: 0.5729 (0.5901)  balanced_accuracy: 0.5947 (0.5732)  f1_weighted: 0.6432 (0.6086)  time: 0.2282  data: 0.1866  max mem: 213
Test:  [   370/?]  eta: ?  loss: 0.8710 (0.8691)  accuracy: 0.5104 (0.5898)  balanced_accuracy: 0.6197 (0.5756)  f1_weighted: 0.6033 (0.6094)  time: 0.2292  data: 0.1875  max mem: 213
Test:  [   380/?]  eta: ?  loss: 0.7479 (0.8620)  accuracy: 0.6042 (0.5933)  balanced_accuracy: 0.6808 (0.5791)  f1_weighted: 0.6625 (0.6127)  time: 0.2298  data: 0.1882  max mem: 213
Test:  [   390/?]  eta: ?  loss: 0.5169 (0.8590)  accuracy: 0.7292 (0.5950)  balanced_accuracy: 0.7382 (0.5804)  f1_weighted: 0.7336 (0.6137)  time: 0.2287  data: 0.1871  max mem: 213
Test:  [   400/?]  eta: ?  loss: 1.0718 (0.8699)  accuracy: 0.4479 (0.5889)  balanced_accuracy: 0.3797 (0.5735)  f1_weighted: 0.4327 (0.6072)  time: 0.2292  data: 0.1876  max mem: 213
Test:  [   410/?]  eta: ?  loss: 1.0337 (0.8720)  accuracy: 0.4583 (0.5873)  balanced_accuracy: 0.4678 (0.5723)  f1_weighted: 0.4570 (0.6051)  time: 0.2293  data: 0.1875  max mem: 213
Test:  [   420/?]  eta: ?  loss: 0.9184 (0.8720)  accuracy: 0.5521 (0.5880)  balanced_accuracy: 0.5284 (0.5739)  f1_weighted: 0.5499 (0.6056)  time: 0.2286  data: 0.1869  max mem: 213
Test:  [   430/?]  eta: ?  loss: 0.7988 (0.8695)  accuracy: 0.6771 (0.5905)  balanced_accuracy: 0.7019 (0.5774)  f1_weighted: 0.7265 (0.6089)  time: 0.2289  data: 0.1873  max mem: 213
Test:  [   440/?]  eta: ?  loss: 0.7647 (0.8690)  accuracy: 0.6771 (0.5915)  balanced_accuracy: 0.7240 (0.5796)  f1_weighted: 0.7281 (0.6099)  time: 0.2277  data: 0.1861  max mem: 213
Test:  [   450/?]  eta: ?  loss: 0.8388 (0.8695)  accuracy: 0.5833 (0.5907)  balanced_accuracy: 0.6261 (0.5799)  f1_weighted: 0.5663 (0.6088)  time: 0.2269  data: 0.1854  max mem: 213
Test:  [   460/?]  eta: ?  loss: 0.7823 (0.8656)  accuracy: 0.5625 (0.5923)  balanced_accuracy: 0.5821 (0.5816)  f1_weighted: 0.5613 (0.6117)  time: 0.2283  data: 0.1867  max mem: 213
Test:  [   470/?]  eta: ?  loss: 0.7176 (0.8677)  accuracy: 0.6458 (0.5926)  balanced_accuracy: 0.6271 (0.5814)  f1_weighted: 0.6657 (0.6124)  time: 0.2285  data: 0.1869  max mem: 213
Test:  [   480/?]  eta: ?  loss: 0.8470 (0.8671)  accuracy: 0.6146 (0.5938)  balanced_accuracy: 0.5475 (0.5809)  f1_weighted: 0.6101 (0.6133)  time: 0.2277  data: 0.1861  max mem: 213
Test:  [   490/?]  eta: ?  loss: 1.0154 (0.8704)  accuracy: 0.6042 (0.5926)  balanced_accuracy: 0.5445 (0.5808)  f1_weighted: 0.5722 (0.6121)  time: 0.2282  data: 0.1865  max mem: 213
Test:  [   500/?]  eta: ?  loss: 0.9477 (0.8693)  accuracy: 0.6042 (0.5942)  balanced_accuracy: 0.6438 (0.5830)  f1_weighted: 0.6210 (0.6137)  time: 0.2293  data: 0.1876  max mem: 213
Test:  [   510/?]  eta: ?  loss: 1.1873 (0.8792)  accuracy: 0.5938 (0.5922)  balanced_accuracy: 0.5688 (0.5807)  f1_weighted: 0.5865 (0.6118)  time: 0.2283  data: 0.1866  max mem: 213
Test:  [   520/?]  eta: ?  loss: 1.2470 (0.8842)  accuracy: 0.4479 (0.5891)  balanced_accuracy: 0.4288 (0.5772)  f1_weighted: 0.4853 (0.6083)  time: 0.2269  data: 0.1853  max mem: 213
Test:  [   530/?]  eta: ?  loss: 1.2470 (0.8966)  accuracy: 0.4271 (0.5866)  balanced_accuracy: 0.4623 (0.5758)  f1_weighted: 0.4024 (0.6047)  time: 0.2285  data: 0.1870  max mem: 213
Test:  [   540/?]  eta: ?  loss: 1.3849 (0.9046)  accuracy: 0.5000 (0.5853)  balanced_accuracy: 0.5387 (0.5748)  f1_weighted: 0.4724 (0.6035)  time: 0.2292  data: 0.1876  max mem: 213
Test:  [   550/?]  eta: ?  loss: 1.3232 (0.9159)  accuracy: 0.5521 (0.5829)  balanced_accuracy: 0.5387 (0.5725)  f1_weighted: 0.5827 (0.6019)  time: 0.2293  data: 0.1877  max mem: 213
Test:  [   560/?]  eta: ?  loss: 1.3144 (0.9200)  accuracy: 0.5104 (0.5816)  balanced_accuracy: 0.5636 (0.5723)  f1_weighted: 0.4748 (0.6002)  time: 0.2290  data: 0.1874  max mem: 213
Test:  [   570/?]  eta: ?  loss: 1.0603 (0.9246)  accuracy: 0.4479 (0.5784)  balanced_accuracy: 0.5159 (0.5692)  f1_weighted: 0.4542 (0.5968)  time: 0.2282  data: 0.1867  max mem: 213
Test:  [   580/?]  eta: ?  loss: 0.8970 (0.9217)  accuracy: 0.4896 (0.5787)  balanced_accuracy: 0.5377 (0.5707)  f1_weighted: 0.4666 (0.5967)  time: 0.2286  data: 0.1868  max mem: 213
Test:  [   590/?]  eta: ?  loss: 0.8309 (0.9203)  accuracy: 0.5625 (0.5791)  balanced_accuracy: 0.5639 (0.5700)  f1_weighted: 0.5634 (0.5964)  time: 0.2303  data: 0.1884  max mem: 213
Test:  [   600/?]  eta: ?  loss: 0.9128 (0.9219)  accuracy: 0.5104 (0.5778)  balanced_accuracy: 0.4721 (0.5685)  f1_weighted: 0.5493 (0.5955)  time: 0.2312  data: 0.1895  max mem: 213
Test:  [   610/?]  eta: ?  loss: 1.0029 (0.9238)  accuracy: 0.4896 (0.5770)  balanced_accuracy: 0.4728 (0.5684)  f1_weighted: 0.5860 (0.5961)  time: 0.2298  data: 0.1881  max mem: 213
Test:  [   620/?]  eta: ?  loss: 1.1783 (0.9311)  accuracy: 0.4583 (0.5746)  balanced_accuracy: 0.5109 (0.5674)  f1_weighted: 0.5336 (0.5940)  time: 0.2292  data: 0.1875  max mem: 213
Test:  [   630/?]  eta: ?  loss: 1.4535 (0.9415)  accuracy: 0.3542 (0.5703)  balanced_accuracy: 0.4137 (0.5636)  f1_weighted: 0.3453 (0.5889)  time: 0.2287  data: 0.1871  max mem: 213
Test:  [   640/?]  eta: ?  loss: 1.3295 (0.9429)  accuracy: 0.3438 (0.5688)  balanced_accuracy: 0.3945 (0.5629)  f1_weighted: 0.3067 (0.5873)  time: 0.2272  data: 0.1856  max mem: 213
Test:  [   650/?]  eta: ?  loss: 0.9985 (0.9433)  accuracy: 0.5625 (0.5694)  balanced_accuracy: 0.5502 (0.5635)  f1_weighted: 0.6128 (0.5888)  time: 0.2287  data: 0.1868  max mem: 213
Test:  [   660/?]  eta: ?  loss: 0.8600 (0.9407)  accuracy: 0.5833 (0.5699)  balanced_accuracy: 0.6057 (0.5643)  f1_weighted: 0.6380 (0.5892)  time: 0.2309  data: 0.1889  max mem: 213
Test:  [   670/?]  eta: ?  loss: 0.6586 (0.9343)  accuracy: 0.6562 (0.5730)  balanced_accuracy: 0.6763 (0.5677)  f1_weighted: 0.6679 (0.5921)  time: 0.2315  data: 0.1896  max mem: 213
Test:  [   680/?]  eta: ?  loss: 0.4907 (0.9279)  accuracy: 0.7917 (0.5762)  balanced_accuracy: 0.8016 (0.5709)  f1_weighted: 0.7887 (0.5952)  time: 0.2316  data: 0.1899  max mem: 213
Test:  [   690/?]  eta: ?  loss: 0.5552 (0.9233)  accuracy: 0.7500 (0.5780)  balanced_accuracy: 0.7205 (0.5727)  f1_weighted: 0.7735 (0.5968)  time: 0.2310  data: 0.1893  max mem: 213
Test:  [   700/?]  eta: ?  loss: 0.6966 (0.9216)  accuracy: 0.6979 (0.5796)  balanced_accuracy: 0.7218 (0.5745)  f1_weighted: 0.6831 (0.5980)  time: 0.2329  data: 0.1912  max mem: 213
Test:  [   710/?]  eta: ?  loss: 0.7759 (0.9190)  accuracy: 0.6771 (0.5810)  balanced_accuracy: 0.7014 (0.5757)  f1_weighted: 0.6597 (0.5990)  time: 0.2337  data: 0.1919  max mem: 213
Test:  [   720/?]  eta: ?  loss: 0.6212 (0.9140)  accuracy: 0.6562 (0.5829)  balanced_accuracy: 0.6437 (0.5768)  f1_weighted: 0.6597 (0.6008)  time: 0.2326  data: 0.1908  max mem: 213
Test:  [   730/?]  eta: ?  loss: 0.3780 (0.9055)  accuracy: 0.8229 (0.5871)  balanced_accuracy: 0.7816 (0.5808)  f1_weighted: 0.8298 (0.6050)  time: 0.2346  data: 0.1928  max mem: 213
Test:  [   740/?]  eta: ?  loss: 0.2847 (0.8977)  accuracy: 0.8854 (0.5909)  balanced_accuracy: 0.8513 (0.5843)  f1_weighted: 0.8925 (0.6085)  time: 0.2344  data: 0.1928  max mem: 213
Test:  [   750/?]  eta: ?  loss: 0.5777 (0.8962)  accuracy: 0.7396 (0.5915)  balanced_accuracy: 0.7601 (0.5853)  f1_weighted: 0.8013 (0.6095)  time: 0.2334  data: 0.1919  max mem: 213
Test:  [   760/?]  eta: ?  loss: 0.8367 (0.8968)  accuracy: 0.6042 (0.5913)  balanced_accuracy: 0.6039 (0.5851)  f1_weighted: 0.6252 (0.6091)  time: 0.2327  data: 0.1911  max mem: 213
Test:  [   770/?]  eta: ?  loss: 0.9662 (0.8983)  accuracy: 0.5312 (0.5898)  balanced_accuracy: 0.4935 (0.5830)  f1_weighted: 0.5366 (0.6074)  time: 0.2315  data: 0.1900  max mem: 213
Test:  [   780/?]  eta: ?  loss: 0.8201 (0.8952)  accuracy: 0.5312 (0.5907)  balanced_accuracy: 0.5044 (0.5845)  f1_weighted: 0.5366 (0.6082)  time: 0.2315  data: 0.1901  max mem: 213
Test:  [   790/?]  eta: ?  loss: 0.8201 (0.8966)  accuracy: 0.5312 (0.5899)  balanced_accuracy: 0.5381 (0.5825)  f1_weighted: 0.5804 (0.6077)  time: 0.2302  data: 0.1890  max mem: 213
Test:  [   800/?]  eta: ?  loss: 1.0994 (0.9027)  accuracy: 0.4792 (0.5875)  balanced_accuracy: 0.3545 (0.5796)  f1_weighted: 0.5203 (0.6052)  time: 0.2292  data: 0.1880  max mem: 213
Test:  [   810/?]  eta: ?  loss: 0.7555 (0.9000)  accuracy: 0.5833 (0.5886)  balanced_accuracy: 0.5781 (0.5807)  f1_weighted: 0.5925 (0.6060)  time: 0.2305  data: 0.1891  max mem: 213
Test:  [   820/?]  eta: ?  loss: 0.7531 (0.9026)  accuracy: 0.5625 (0.5866)  balanced_accuracy: 0.5463 (0.5781)  f1_weighted: 0.5693 (0.6045)  time: 0.2327  data: 0.1910  max mem: 213
Test:  [   830/?]  eta: ?  loss: 1.1094 (0.9058)  accuracy: 0.4062 (0.5844)  balanced_accuracy: 0.3707 (0.5756)  f1_weighted: 0.4504 (0.6025)  time: 0.2319  data: 0.1900  max mem: 213
Test:  [   840/?]  eta: ?  loss: 1.0976 (0.9066)  accuracy: 0.4792 (0.5843)  balanced_accuracy: 0.4440 (0.5751)  f1_weighted: 0.5291 (0.6032)  time: 0.2294  data: 0.1876  max mem: 213
Test:  [   850/?]  eta: ?  loss: 1.1045 (0.9097)  accuracy: 0.4792 (0.5823)  balanced_accuracy: 0.4971 (0.5734)  f1_weighted: 0.4977 (0.6012)  time: 0.2278  data: 0.1861  max mem: 213
Test:  [   860/?]  eta: ?  loss: 1.1377 (0.9113)  accuracy: 0.4583 (0.5818)  balanced_accuracy: 0.4971 (0.5738)  f1_weighted: 0.4967 (0.6012)  time: 0.2262  data: 0.1847  max mem: 213
Test:  [   870/?]  eta: ?  loss: 1.1377 (0.9140)  accuracy: 0.4688 (0.5802)  balanced_accuracy: 0.4688 (0.5723)  f1_weighted: 0.5985 (0.6008)  time: 0.2257  data: 0.1844  max mem: 213
Test:  [   880/?]  eta: ?  loss: 1.0978 (0.9154)  accuracy: 0.5104 (0.5796)  balanced_accuracy: 0.4911 (0.5720)  f1_weighted: 0.6120 (0.6011)  time: 0.2246  data: 0.1831  max mem: 213
Test:  [   890/?]  eta: ?  loss: 0.9037 (0.9143)  accuracy: 0.5521 (0.5795)  balanced_accuracy: 0.5104 (0.5708)  f1_weighted: 0.6305 (0.6019)  time: 0.2240  data: 0.1825  max mem: 213
Test:  [   900/?]  eta: ?  loss: 0.7212 (0.9120)  accuracy: 0.5833 (0.5796)  balanced_accuracy: 0.4426 (0.5697)  f1_weighted: 0.6185 (0.6018)  time: 0.2252  data: 0.1836  max mem: 213
Test:  [   910/?]  eta: ?  loss: 0.7691 (0.9115)  accuracy: 0.5208 (0.5779)  balanced_accuracy: 0.4707 (0.5693)  f1_weighted: 0.5305 (0.5998)  time: 0.2252  data: 0.1836  max mem: 213
Test:  [   920/?]  eta: ?  loss: 0.8880 (0.9111)  accuracy: 0.4688 (0.5769)  balanced_accuracy: 0.6289 (0.5701)  f1_weighted: 0.4801 (0.5990)  time: 0.2227  data: 0.1810  max mem: 213
Test:  [   930/?]  eta: ?  loss: 0.8764 (0.9110)  accuracy: 0.4479 (0.5756)  balanced_accuracy: 0.3971 (0.5676)  f1_weighted: 0.5045 (0.5981)  time: 0.2204  data: 0.1787  max mem: 213
Test:  [   940/?]  eta: ?  loss: 0.7662 (0.9077)  accuracy: 0.5521 (0.5772)  balanced_accuracy: 0.3833 (0.5682)  f1_weighted: 0.5822 (0.5993)  time: 0.2202  data: 0.1787  max mem: 213
Test:  [   950/?]  eta: ?  loss: 0.5679 (0.9046)  accuracy: 0.6875 (0.5786)  balanced_accuracy: 0.6104 (0.5688)  f1_weighted: 0.6684 (0.6001)  time: 0.2200  data: 0.1784  max mem: 213
Test:  [   960/?]  eta: ?  loss: 0.6989 (0.9030)  accuracy: 0.6667 (0.5795)  balanced_accuracy: 0.6104 (0.5693)  f1_weighted: 0.6286 (0.6007)  time: 0.2215  data: 0.1799  max mem: 213
Test:  [   970/?]  eta: ?  loss: 0.7459 (0.9006)  accuracy: 0.6562 (0.5803)  balanced_accuracy: 0.6131 (0.5704)  f1_weighted: 0.6489 (0.6016)  time: 0.2196  data: 0.1780  max mem: 213
Test:  [   980/?]  eta: ?  loss: 0.7348 (0.8991)  accuracy: 0.5938 (0.5804)  balanced_accuracy: 0.6089 (0.5708)  f1_weighted: 0.6280 (0.6019)  time: 0.2166  data: 0.1750  max mem: 213
Test:  [   990/?]  eta: ?  loss: 0.6668 (0.8959)  accuracy: 0.6458 (0.5821)  balanced_accuracy: 0.6505 (0.5721)  f1_weighted: 0.6797 (0.6035)  time: 0.2169  data: 0.1753  max mem: 213
Test:  [  1000/?]  eta: ?  loss: 0.5126 (0.8915)  accuracy: 0.7917 (0.5846)  balanced_accuracy: 0.7379 (0.5740)  f1_weighted: 0.7875 (0.6059)  time: 0.2167  data: 0.1750  max mem: 213
Test:  [  1010/?]  eta: ?  loss: 0.4918 (0.8876)  accuracy: 0.8021 (0.5868)  balanced_accuracy: 0.7763 (0.5763)  f1_weighted: 0.8333 (0.6081)  time: 0.2162  data: 0.1745  max mem: 213
Test:  [  1020/?]  eta: ?  loss: 0.5225 (0.8850)  accuracy: 0.7812 (0.5881)  balanced_accuracy: 0.7649 (0.5776)  f1_weighted: 0.7909 (0.6093)  time: 0.2157  data: 0.1742  max mem: 213
Test:  [  1030/?]  eta: ?  loss: 0.5161 (0.8810)  accuracy: 0.7812 (0.5903)  balanced_accuracy: 0.7880 (0.5802)  f1_weighted: 0.7766 (0.6113)  time: 0.2151  data: 0.1736  max mem: 213
Test:  [  1040/?]  eta: ?  loss: 0.4686 (0.8772)  accuracy: 0.7917 (0.5921)  balanced_accuracy: 0.8268 (0.5823)  f1_weighted: 0.7931 (0.6128)  time: 0.2144  data: 0.1730  max mem: 213
Test:  [  1050/?]  eta: ?  loss: 0.4211 (0.8721)  accuracy: 0.8229 (0.5948)  balanced_accuracy: 0.8250 (0.5846)  f1_weighted: 0.8216 (0.6153)  time: 0.2151  data: 0.1737  max mem: 213
Test:  [  1060/?]  eta: ?  loss: 0.3566 (0.8679)  accuracy: 0.8229 (0.5966)  balanced_accuracy: 0.7547 (0.5854)  f1_weighted: 0.8231 (0.6168)  time: 0.2155  data: 0.1740  max mem: 213
Test:  [  1070/?]  eta: ?  loss: 0.4750 (0.8666)  accuracy: 0.7500 (0.5969)  balanced_accuracy: 0.5789 (0.5850)  f1_weighted: 0.7223 (0.6169)  time: 0.2147  data: 0.1733  max mem: 213
Test:  [  1080/?]  eta: ?  loss: 0.7911 (0.8666)  accuracy: 0.5729 (0.5965)  balanced_accuracy: 0.5374 (0.5847)  f1_weighted: 0.5697 (0.6165)  time: 0.2142  data: 0.1728  max mem: 213
Test:  [  1090/?]  eta: ?  loss: 0.7376 (0.8635)  accuracy: 0.5938 (0.5978)  balanced_accuracy: 0.6494 (0.5855)  f1_weighted: 0.6045 (0.6175)  time: 0.2147  data: 0.1733  max mem: 213
Test:  [  1100/?]  eta: ?  loss: 0.6463 (0.8623)  accuracy: 0.6354 (0.5980)  balanced_accuracy: 0.7546 (0.5871)  f1_weighted: 0.6237 (0.6175)  time: 0.2154  data: 0.1739  max mem: 213
Test:  [  1110/?]  eta: ?  loss: 0.7550 (0.8618)  accuracy: 0.6250 (0.5982)  balanced_accuracy: 0.7719 (0.5887)  f1_weighted: 0.6076 (0.6175)  time: 0.2151  data: 0.1737  max mem: 213
Test:  [  1120/?]  eta: ?  loss: 0.7513 (0.8603)  accuracy: 0.6458 (0.5992)  balanced_accuracy: 0.7638 (0.5900)  f1_weighted: 0.6773 (0.6185)  time: 0.2146  data: 0.1731  max mem: 213
Test:  [  1130/?]  eta: ?  loss: 0.6724 (0.8587)  accuracy: 0.7396 (0.6004)  balanced_accuracy: 0.7078 (0.5910)  f1_weighted: 0.7468 (0.6198)  time: 0.2152  data: 0.1737  max mem: 213
Test:  [  1140/?]  eta: ?  loss: 0.5912 (0.8559)  accuracy: 0.7500 (0.6018)  balanced_accuracy: 0.7114 (0.5922)  f1_weighted: 0.7783 (0.6213)  time: 0.2159  data: 0.1744  max mem: 213
Test:  [  1150/?]  eta: ?  loss: 0.5912 (0.8561)  accuracy: 0.7083 (0.6023)  balanced_accuracy: 0.6942 (0.5922)  f1_weighted: 0.7386 (0.6215)  time: 0.2146  data: 0.1731  max mem: 213
Test:  [  1160/?]  eta: ?  loss: 0.7108 (0.8541)  accuracy: 0.7083 (0.6037)  balanced_accuracy: 0.6679 (0.5931)  f1_weighted: 0.7030 (0.6227)  time: 0.2137  data: 0.1722  max mem: 213
Test:  [  1170/?]  eta: ?  loss: 0.6855 (0.8530)  accuracy: 0.7396 (0.6045)  balanced_accuracy: 0.6963 (0.5941)  f1_weighted: 0.7364 (0.6234)  time: 0.2147  data: 0.1732  max mem: 213
Test:  [  1180/?]  eta: ?  loss: 0.7797 (0.8528)  accuracy: 0.6458 (0.6045)  balanced_accuracy: 0.6679 (0.5945)  f1_weighted: 0.6462 (0.6232)  time: 0.2152  data: 0.1737  max mem: 213
Test:  [  1190/?]  eta: ?  loss: 0.9265 (0.8545)  accuracy: 0.5000 (0.6031)  balanced_accuracy: 0.4754 (0.5930)  f1_weighted: 0.4837 (0.6215)  time: 0.2145  data: 0.1730  max mem: 213
Test:  [  1200/?]  eta: ?  loss: 1.0144 (0.8557)  accuracy: 0.4583 (0.6019)  balanced_accuracy: 0.4123 (0.5917)  f1_weighted: 0.4159 (0.6198)  time: 0.2139  data: 0.1725  max mem: 213
Test:  [  1210/?]  eta: ?  loss: 0.9821 (0.8569)  accuracy: 0.4583 (0.6010)  balanced_accuracy: 0.4141 (0.5904)  f1_weighted: 0.4238 (0.6185)  time: 0.2143  data: 0.1729  max mem: 213
Test:  [  1220/?]  eta: ?  loss: 0.8351 (0.8564)  accuracy: 0.5833 (0.6011)  balanced_accuracy: 0.5270 (0.5902)  f1_weighted: 0.5581 (0.6183)  time: 0.2147  data: 0.1732  max mem: 213
Test:  [  1230/?]  eta: ?  loss: 0.7541 (0.8550)  accuracy: 0.6354 (0.6019)  balanced_accuracy: 0.5972 (0.5904)  f1_weighted: 0.6192 (0.6187)  time: 0.2147  data: 0.1732  max mem: 213
Test:  [  1240/?]  eta: ?  loss: 0.8168 (0.8561)  accuracy: 0.6354 (0.6017)  balanced_accuracy: 0.5468 (0.5896)  f1_weighted: 0.6051 (0.6182)  time: 0.2141  data: 0.1726  max mem: 213
Test:  [  1250/?]  eta: ?  loss: 1.0479 (0.8577)  accuracy: 0.5104 (0.6007)  balanced_accuracy: 0.4528 (0.5885)  f1_weighted: 0.4950 (0.6171)  time: 0.2140  data: 0.1724  max mem: 213
Test:  [  1260/?]  eta: ?  loss: 1.1327 (0.8611)  accuracy: 0.4375 (0.5988)  balanced_accuracy: 0.3724 (0.5863)  f1_weighted: 0.4558 (0.6151)  time: 0.2149  data: 0.1733  max mem: 213
Test:  [  1270/?]  eta: ?  loss: 1.3783 (0.8657)  accuracy: 0.3438 (0.5970)  balanced_accuracy: 0.2857 (0.5840)  f1_weighted: 0.3598 (0.6132)  time: 0.2166  data: 0.1745  max mem: 213
Test:  [  1280/?]  eta: ?  loss: 1.5161 (0.8720)  accuracy: 0.3125 (0.5946)  balanced_accuracy: 0.2719 (0.5815)  f1_weighted: 0.3126 (0.6107)  time: 0.2170  data: 0.1749  max mem: 213
Test:  [  1290/?]  eta: ?  loss: 1.6927 (0.8781)  accuracy: 0.3021 (0.5924)  balanced_accuracy: 0.2573 (0.5789)  f1_weighted: 0.2978 (0.6085)  time: 0.2162  data: 0.1745  max mem: 213
Test:  [  1300/?]  eta: ?  loss: 1.6927 (0.8850)  accuracy: 0.3438 (0.5907)  balanced_accuracy: 0.2777 (0.5774)  f1_weighted: 0.3487 (0.6067)  time: 0.2157  data: 0.1742  max mem: 213
Test:  [  1310/?]  eta: ?  loss: 1.4478 (0.8861)  accuracy: 0.3958 (0.5896)  balanced_accuracy: 0.4267 (0.5766)  f1_weighted: 0.4233 (0.6056)  time: 0.2151  data: 0.1734  max mem: 213
Test:  [  1320/?]  eta: ?  loss: 0.7998 (0.8848)  accuracy: 0.5208 (0.5896)  balanced_accuracy: 0.5649 (0.5772)  f1_weighted: 0.5308 (0.6055)  time: 0.2145  data: 0.1728  max mem: 213
Test:  [  1330/?]  eta: ?  loss: 0.5000 (0.8815)  accuracy: 0.6771 (0.5911)  balanced_accuracy: 0.7220 (0.5788)  f1_weighted: 0.7096 (0.6071)  time: 0.2141  data: 0.1725  max mem: 213
Test:  [  1340/?]  eta: ?  loss: 0.5271 (0.8796)  accuracy: 0.7292 (0.5916)  balanced_accuracy: 0.6757 (0.5790)  f1_weighted: 0.7333 (0.6076)  time: 0.2142  data: 0.1727  max mem: 213
Test:  [  1350/?]  eta: ?  loss: 0.6293 (0.8776)  accuracy: 0.6771 (0.5923)  balanced_accuracy: 0.6237 (0.5795)  f1_weighted: 0.6741 (0.6081)  time: 0.2143  data: 0.1726  max mem: 213
Test:  [  1360/?]  eta: ?  loss: 0.4759 (0.8742)  accuracy: 0.7604 (0.5940)  balanced_accuracy: 0.7546 (0.5816)  f1_weighted: 0.7746 (0.6098)  time: 0.2147  data: 0.1731  max mem: 213
Test:  [  1370/?]  eta: ?  loss: 0.4488 (0.8718)  accuracy: 0.7812 (0.5949)  balanced_accuracy: 0.8439 (0.5832)  f1_weighted: 0.7872 (0.6108)  time: 0.2153  data: 0.1737  max mem: 213
Test:  [  1380/?]  eta: ?  loss: 0.6972 (0.8733)  accuracy: 0.6458 (0.5945)  balanced_accuracy: 0.6875 (0.5821)  f1_weighted: 0.7009 (0.6113)  time: 0.2147  data: 0.1731  max mem: 213
Test:  [  1390/?]  eta: ?  loss: 1.2841 (0.8765)  accuracy: 0.4479 (0.5933)  balanced_accuracy: 0.2990 (0.5799)  f1_weighted: 0.5624 (0.6108)  time: 0.2145  data: 0.1729  max mem: 213
Test:  [  1400/?]  eta: ?  loss: 1.2735 (0.8793)  accuracy: 0.4375 (0.5924)  balanced_accuracy: 0.2990 (0.5780)  f1_weighted: 0.5523 (0.6105)  time: 0.2145  data: 0.1728  max mem: 213
Test:  [  1410/?]  eta: ?  loss: 1.2735 (0.8822)  accuracy: 0.4896 (0.5919)  balanced_accuracy: 0.3185 (0.5768)  f1_weighted: 0.5828 (0.6103)  time: 0.2140  data: 0.1722  max mem: 213
Test:  [  1420/?]  eta: ?  loss: 1.1745 (0.8835)  accuracy: 0.5625 (0.5923)  balanced_accuracy: 0.5227 (0.5767)  f1_weighted: 0.5937 (0.6104)  time: 0.2148  data: 0.1733  max mem: 213
Test:  [  1430/?]  eta: ?  loss: 1.0672 (0.8838)  accuracy: 0.6458 (0.5923)  balanced_accuracy: 0.5623 (0.5771)  f1_weighted: 0.6413 (0.6103)  time: 0.2157  data: 0.1739  max mem: 213
Test:  [  1440/?]  eta: ?  loss: 0.8290 (0.8837)  accuracy: 0.5938 (0.5926)  balanced_accuracy: 0.5481 (0.5770)  f1_weighted: 0.5816 (0.6102)  time: 0.2150  data: 0.1731  max mem: 213
Test:  [  1450/?]  eta: ?  loss: 0.8290 (0.8832)  accuracy: 0.5833 (0.5922)  balanced_accuracy: 0.5358 (0.5766)  f1_weighted: 0.5569 (0.6095)  time: 0.2145  data: 0.1729  max mem: 213
Test:  [  1460/?]  eta: ?  loss: 0.8669 (0.8839)  accuracy: 0.4583 (0.5910)  balanced_accuracy: 0.4456 (0.5755)  f1_weighted: 0.4372 (0.6081)  time: 0.2150  data: 0.1734  max mem: 213
Test:  [  1470/?]  eta: ?  loss: 0.9148 (0.8834)  accuracy: 0.4688 (0.5910)  balanced_accuracy: 0.5003 (0.5759)  f1_weighted: 0.4558 (0.6079)  time: 0.2152  data: 0.1738  max mem: 213
Test:  [  1480/?]  eta: ?  loss: 0.7611 (0.8838)  accuracy: 0.5625 (0.5901)  balanced_accuracy: 0.5980 (0.5752)  f1_weighted: 0.5574 (0.6069)  time: 0.2144  data: 0.1730  max mem: 213
Test:  [  1490/?]  eta: ?  loss: 0.8017 (0.8836)  accuracy: 0.4792 (0.5893)  balanced_accuracy: 0.4280 (0.5742)  f1_weighted: 0.4674 (0.6060)  time: 0.2139  data: 0.1724  max mem: 213
Test:  [  1500/?]  eta: ?  loss: 0.8111 (0.8833)  accuracy: 0.4792 (0.5883)  balanced_accuracy: 0.4371 (0.5736)  f1_weighted: 0.4674 (0.6050)  time: 0.2145  data: 0.1729  max mem: 213
Test:  [  1510/?]  eta: ?  loss: 0.7907 (0.8834)  accuracy: 0.4792 (0.5878)  balanced_accuracy: 0.4934 (0.5730)  f1_weighted: 0.5002 (0.6045)  time: 0.2142  data: 0.1728  max mem: 213
Test:  [  1520/?]  eta: ?  loss: 1.1618 (0.8860)  accuracy: 0.4271 (0.5865)  balanced_accuracy: 0.3729 (0.5713)  f1_weighted: 0.4386 (0.6033)  time: 0.2138  data: 0.1723  max mem: 213
Test:  [  1530/?]  eta: ?  loss: 1.2209 (0.8879)  accuracy: 0.4062 (0.5856)  balanced_accuracy: 0.2857 (0.5697)  f1_weighted: 0.4331 (0.6026)  time: 0.2145  data: 0.1730  max mem: 213
Test:  [  1540/?]  eta: ?  loss: 0.9228 (0.8878)  accuracy: 0.4896 (0.5853)  balanced_accuracy: 0.4939 (0.5697)  f1_weighted: 0.5228 (0.6025)  time: 0.2155  data: 0.1738  max mem: 213
Test:  [  1550/?]  eta: ?  loss: 0.8314 (0.8872)  accuracy: 0.5312 (0.5854)  balanced_accuracy: 0.5658 (0.5700)  f1_weighted: 0.5725 (0.6024)  time: 0.2150  data: 0.1733  max mem: 213
Test:  [  1560/?]  eta: ?  loss: 0.8025 (0.8866)  accuracy: 0.5312 (0.5851)  balanced_accuracy: 0.5576 (0.5699)  f1_weighted: 0.5303 (0.6019)  time: 0.2138  data: 0.1724  max mem: 213
Test:  [  1570/?]  eta: ?  loss: 0.8686 (0.8868)  accuracy: 0.4896 (0.5844)  balanced_accuracy: 0.4253 (0.5686)  f1_weighted: 0.4633 (0.6008)  time: 0.2141  data: 0.1726  max mem: 213
Test:  [  1580/?]  eta: ?  loss: 0.9626 (0.8884)  accuracy: 0.4479 (0.5834)  balanced_accuracy: 0.2765 (0.5669)  f1_weighted: 0.3963 (0.5997)  time: 0.2152  data: 0.1738  max mem: 213
Test:  [  1590/?]  eta: ?  loss: 0.8103 (0.8875)  accuracy: 0.5312 (0.5836)  balanced_accuracy: 0.5460 (0.5672)  f1_weighted: 0.5522 (0.5998)  time: 0.2157  data: 0.1741  max mem: 213
Test:  [  1600/?]  eta: ?  loss: 0.7484 (0.8869)  accuracy: 0.5938 (0.5839)  balanced_accuracy: 0.6104 (0.5677)  f1_weighted: 0.6163 (0.6001)  time: 0.2148  data: 0.1733  max mem: 213
Test:  [  1610/?]  eta: ?  loss: 0.7735 (0.8859)  accuracy: 0.6250 (0.5843)  balanced_accuracy: 0.6515 (0.5683)  f1_weighted: 0.6396 (0.6005)  time: 0.2144  data: 0.1728  max mem: 213
Test:  [  1620/?]  eta: ?  loss: 0.8709 (0.8868)  accuracy: 0.5729 (0.5838)  balanced_accuracy: 0.5868 (0.5680)  f1_weighted: 0.6091 (0.6002)  time: 0.2145  data: 0.1730  max mem: 213
Test:  [  1630/?]  eta: ?  loss: 1.1596 (0.8888)  accuracy: 0.4271 (0.5827)  balanced_accuracy: 0.4241 (0.5668)  f1_weighted: 0.4431 (0.5990)  time: 0.2142  data: 0.1727  max mem: 213
Test:  [  1640/?]  eta: ?  loss: 1.2563 (0.8914)  accuracy: 0.3646 (0.5811)  balanced_accuracy: 0.3196 (0.5649)  f1_weighted: 0.3873 (0.5975)  time: 0.2144  data: 0.1728  max mem: 213
Test:  [  1650/?]  eta: ?  loss: 0.9701 (0.8909)  accuracy: 0.4167 (0.5810)  balanced_accuracy: 0.3237 (0.5641)  f1_weighted: 0.4394 (0.5973)  time: 0.2145  data: 0.1729  max mem: 213
Test:  [  1660/?]  eta: ?  loss: 0.6674 (0.8891)  accuracy: 0.6042 (0.5815)  balanced_accuracy: 0.5020 (0.5641)  f1_weighted: 0.6114 (0.5976)  time: 0.2136  data: 0.1722  max mem: 213
Test:  [  1670/?]  eta: ?  loss: 0.5661 (0.8874)  accuracy: 0.6667 (0.5819)  balanced_accuracy: 0.5614 (0.5640)  f1_weighted: 0.6443 (0.5979)  time: 0.2137  data: 0.1723  max mem: 213
Test:  [  1680/?]  eta: ?  loss: 0.6710 (0.8863)  accuracy: 0.6042 (0.5818)  balanced_accuracy: 0.5614 (0.5639)  f1_weighted: 0.5887 (0.5976)  time: 0.2141  data: 0.1726  max mem: 213
Test:  [  1690/?]  eta: ?  loss: 0.7418 (0.8860)  accuracy: 0.5729 (0.5818)  balanced_accuracy: 0.5944 (0.5643)  f1_weighted: 0.5784 (0.5977)  time: 0.2142  data: 0.1728  max mem: 213
Test:  [  1700/?]  eta: ?  loss: 0.9076 (0.8869)  accuracy: 0.5625 (0.5816)  balanced_accuracy: 0.5939 (0.5644)  f1_weighted: 0.5855 (0.5974)  time: 0.2149  data: 0.1735  max mem: 213
Test:  [  1710/?]  eta: ?  loss: 0.9925 (0.8873)  accuracy: 0.5938 (0.5819)  balanced_accuracy: 0.5939 (0.5648)  f1_weighted: 0.5809 (0.5975)  time: 0.2142  data: 0.1727  max mem: 213
Test:  [  1720/?]  eta: ?  loss: 0.6895 (0.8854)  accuracy: 0.6875 (0.5830)  balanced_accuracy: 0.6842 (0.5658)  f1_weighted: 0.6946 (0.5985)  time: 0.2136  data: 0.1721  max mem: 213
Test:  [  1730/?]  eta: ?  loss: 0.5613 (0.8836)  accuracy: 0.7396 (0.5835)  balanced_accuracy: 0.7197 (0.5666)  f1_weighted: 0.7705 (0.5993)  time: 0.2150  data: 0.1734  max mem: 213
Test:  [  1740/?]  eta: ?  loss: 0.7233 (0.8843)  accuracy: 0.5729 (0.5831)  balanced_accuracy: 0.6282 (0.5666)  f1_weighted: 0.6302 (0.5992)  time: 0.2160  data: 0.1743  max mem: 213
Test:  [  1750/?]  eta: ?  loss: 0.8899 (0.8836)  accuracy: 0.5729 (0.5835)  balanced_accuracy: 0.6282 (0.5672)  f1_weighted: 0.6697 (0.6000)  time: 0.2155  data: 0.1738  max mem: 213
Test:  [  1760/?]  eta: ?  loss: 0.6192 (0.8818)  accuracy: 0.7083 (0.5844)  balanced_accuracy: 0.6957 (0.5681)  f1_weighted: 0.7398 (0.6011)  time: 0.2143  data: 0.1727  max mem: 213
Test:  [  1770/?]  eta: ?  loss: 0.7282 (0.8815)  accuracy: 0.6771 (0.5845)  balanced_accuracy: 0.6071 (0.5679)  f1_weighted: 0.6680 (0.6010)  time: 0.2137  data: 0.1722  max mem: 213
Test:  [  1780/?]  eta: ?  loss: 0.8021 (0.8811)  accuracy: 0.5833 (0.5846)  balanced_accuracy: 0.5466 (0.5680)  f1_weighted: 0.5827 (0.6010)  time: 0.2150  data: 0.1735  max mem: 213
Test:  [  1790/?]  eta: ?  loss: 0.7623 (0.8801)  accuracy: 0.6458 (0.5852)  balanced_accuracy: 0.6694 (0.5687)  f1_weighted: 0.6487 (0.6014)  time: 0.2155  data: 0.1740  max mem: 213
Test:  [  1800/?]  eta: ?  loss: 0.7288 (0.8793)  accuracy: 0.6458 (0.5854)  balanced_accuracy: 0.6685 (0.5691)  f1_weighted: 0.6523 (0.6017)  time: 0.2142  data: 0.1725  max mem: 213
Test:  [  1810/?]  eta: ?  loss: 0.7358 (0.8785)  accuracy: 0.6042 (0.5854)  balanced_accuracy: 0.6167 (0.5695)  f1_weighted: 0.6352 (0.6017)  time: 0.2140  data: 0.1724  max mem: 213
Test:  [  1820/?]  eta: ?  loss: 0.7969 (0.8786)  accuracy: 0.5521 (0.5852)  balanced_accuracy: 0.6061 (0.5696)  f1_weighted: 0.6002 (0.6015)  time: 0.2147  data: 0.1731  max mem: 213
Test:  [  1830/?]  eta: ?  loss: 0.8172 (0.8778)  accuracy: 0.5729 (0.5854)  balanced_accuracy: 0.5848 (0.5697)  f1_weighted: 0.6029 (0.6018)  time: 0.2167  data: 0.1741  max mem: 213
Test:  [  1840/?]  eta: ?  loss: 0.7458 (0.8775)  accuracy: 0.5938 (0.5854)  balanced_accuracy: 0.5277 (0.5689)  f1_weighted: 0.6293 (0.6018)  time: 0.2166  data: 0.1738  max mem: 213
Test:  [  1850/?]  eta: ?  loss: 0.8772 (0.8775)  accuracy: 0.5729 (0.5853)  balanced_accuracy: 0.5000 (0.5689)  f1_weighted: 0.5781 (0.6017)  time: 0.2150  data: 0.1731  max mem: 213
Test:  [  1860/?]  eta: ?  loss: 0.7606 (0.8762)  accuracy: 0.6250 (0.5859)  balanced_accuracy: 0.6296 (0.5697)  f1_weighted: 0.6367 (0.6022)  time: 0.2153  data: 0.1736  max mem: 213
Test:  [  1870/?]  eta: ?  loss: 0.6186 (0.8752)  accuracy: 0.6979 (0.5866)  balanced_accuracy: 0.7200 (0.5706)  f1_weighted: 0.7143 (0.6028)  time: 0.2149  data: 0.1733  max mem: 213
Test:  [  1880/?]  eta: ?  loss: 0.6430 (0.8742)  accuracy: 0.7188 (0.5871)  balanced_accuracy: 0.7382 (0.5713)  f1_weighted: 0.7209 (0.6033)  time: 0.2152  data: 0.1736  max mem: 213
Test:  [  1890/?]  eta: ?  loss: 0.5825 (0.8726)  accuracy: 0.7500 (0.5881)  balanced_accuracy: 0.6948 (0.5721)  f1_weighted: 0.7405 (0.6041)  time: 0.2158  data: 0.1742  max mem: 213
Test:  [  1900/?]  eta: ?  loss: 0.5529 (0.8713)  accuracy: 0.7500 (0.5890)  balanced_accuracy: 0.7638 (0.5730)  f1_weighted: 0.7463 (0.6049)  time: 0.2180  data: 0.1762  max mem: 213
Test:  [  1910/?]  eta: ?  loss: 0.9177 (0.8735)  accuracy: 0.6771 (0.5883)  balanced_accuracy: 0.6936 (0.5726)  f1_weighted: 0.6992 (0.6042)  time: 0.2208  data: 0.1786  max mem: 213
Test:  [  1920/?]  eta: ?  loss: 1.3800 (0.8768)  accuracy: 0.3125 (0.5864)  balanced_accuracy: 0.3184 (0.5708)  f1_weighted: 0.3055 (0.6023)  time: 0.2218  data: 0.1797  max mem: 213
Test:  [  1930/?]  eta: ?  loss: 1.2653 (0.8775)  accuracy: 0.4062 (0.5862)  balanced_accuracy: 0.4244 (0.5707)  f1_weighted: 0.3991 (0.6020)  time: 0.2236  data: 0.1817  max mem: 213
Test:  [  1940/?]  eta: ?  loss: 1.1740 (0.8805)  accuracy: 0.4688 (0.5849)  balanced_accuracy: 0.4539 (0.5696)  f1_weighted: 0.4456 (0.6005)  time: 0.2252  data: 0.1831  max mem: 213
Test:  [  1950/?]  eta: ?  loss: 1.4563 (0.8836)  accuracy: 0.3750 (0.5840)  balanced_accuracy: 0.3945 (0.5690)  f1_weighted: 0.3429 (0.5993)  time: 0.2243  data: 0.1822  max mem: 213
Test:  [  1960/?]  eta: ?  loss: 1.4228 (0.8839)  accuracy: 0.4688 (0.5843)  balanced_accuracy: 0.4557 (0.5693)  f1_weighted: 0.4644 (0.5997)  time: 0.2229  data: 0.1809  max mem: 213
Test:  [  1970/?]  eta: ?  loss: 0.7136 (0.8831)  accuracy: 0.6562 (0.5845)  balanced_accuracy: 0.6750 (0.5699)  f1_weighted: 0.7015 (0.6001)  time: 0.2228  data: 0.1806  max mem: 213
Test:  [  1980/?]  eta: ?  loss: 0.6912 (0.8821)  accuracy: 0.6458 (0.5849)  balanced_accuracy: 0.6801 (0.5705)  f1_weighted: 0.7008 (0.6007)  time: 0.2216  data: 0.1793  max mem: 213
Test:  [  1990/?]  eta: ?  loss: 0.5969 (0.8801)  accuracy: 0.7083 (0.5861)  balanced_accuracy: 0.7382 (0.5717)  f1_weighted: 0.7517 (0.6019)  time: 0.2205  data: 0.1783  max mem: 213
Test:  [  2000/?]  eta: ?  loss: 0.6159 (0.8794)  accuracy: 0.7083 (0.5864)  balanced_accuracy: 0.7348 (0.5723)  f1_weighted: 0.7514 (0.6021)  time: 0.2203  data: 0.1783  max mem: 213
Test:  [  2010/?]  eta: ?  loss: 0.7854 (0.8790)  accuracy: 0.6250 (0.5864)  balanced_accuracy: 0.6613 (0.5724)  f1_weighted: 0.6131 (0.6021)  time: 0.2199  data: 0.1778  max mem: 213
Test:  [  2020/?]  eta: ?  loss: 0.8047 (0.8789)  accuracy: 0.6042 (0.5865)  balanced_accuracy: 0.5632 (0.5722)  f1_weighted: 0.5900 (0.6019)  time: 0.2200  data: 0.1779  max mem: 213
Test:  [  2030/?]  eta: ?  loss: 0.7601 (0.8783)  accuracy: 0.6042 (0.5867)  balanced_accuracy: 0.5632 (0.5725)  f1_weighted: 0.6040 (0.6021)  time: 0.2194  data: 0.1771  max mem: 213
Test:  [  2040/?]  eta: ?  loss: 0.6662 (0.8771)  accuracy: 0.6458 (0.5869)  balanced_accuracy: 0.6525 (0.5731)  f1_weighted: 0.6558 (0.6022)  time: 0.2182  data: 0.1760  max mem: 213
Test:  [  2050/?]  eta: ?  loss: 0.6169 (0.8759)  accuracy: 0.5938 (0.5869)  balanced_accuracy: 0.6975 (0.5736)  f1_weighted: 0.6502 (0.6024)  time: 0.2178  data: 0.1758  max mem: 213
Test:  [  2060/?]  eta: ?  loss: 0.5541 (0.8743)  accuracy: 0.6354 (0.5874)  balanced_accuracy: 0.7105 (0.5744)  f1_weighted: 0.7260 (0.6032)  time: 0.2182  data: 0.1761  max mem: 213
Test:  [  2070/?]  eta: ?  loss: 0.5061 (0.8725)  accuracy: 0.7188 (0.5881)  balanced_accuracy: 0.7632 (0.5754)  f1_weighted: 0.8048 (0.6042)  time: 0.2175  data: 0.1754  max mem: 213
Test:  [  2080/?]  eta: ?  loss: 0.5330 (0.8713)  accuracy: 0.6979 (0.5883)  balanced_accuracy: 0.7727 (0.5763)  f1_weighted: 0.7788 (0.6047)  time: 0.2165  data: 0.1745  max mem: 213
Test:  [  2090/?]  eta: ?  loss: 0.7284 (0.8709)  accuracy: 0.5833 (0.5882)  balanced_accuracy: 0.7069 (0.5766)  f1_weighted: 0.6533 (0.6046)  time: 0.2169  data: 0.1749  max mem: 213
Test:  [  2100/?]  eta: ?  loss: 0.8105 (0.8708)  accuracy: 0.6042 (0.5885)  balanced_accuracy: 0.6987 (0.5772)  f1_weighted: 0.5968 (0.6048)  time: 0.2173  data: 0.1753  max mem: 213
Test:  [  2110/?]  eta: ?  loss: 0.8105 (0.8702)  accuracy: 0.6771 (0.5890)  balanced_accuracy: 0.7511 (0.5778)  f1_weighted: 0.6804 (0.6052)  time: 0.2179  data: 0.1758  max mem: 213
Test:  [  2120/?]  eta: ?  loss: 0.7933 (0.8700)  accuracy: 0.5833 (0.5887)  balanced_accuracy: 0.5780 (0.5776)  f1_weighted: 0.6361 (0.6050)  time: 0.2202  data: 0.1778  max mem: 213
Test:  [  2130/?]  eta: ?  loss: 0.7933 (0.8695)  accuracy: 0.5312 (0.5886)  balanced_accuracy: 0.6490 (0.5780)  f1_weighted: 0.6064 (0.6051)  time: 0.2211  data: 0.1788  max mem: 213
Test:  [  2140/?]  eta: ?  loss: 0.7434 (0.8687)  accuracy: 0.5938 (0.5888)  balanced_accuracy: 0.7013 (0.5789)  f1_weighted: 0.6409 (0.6056)  time: 0.2214  data: 0.1791  max mem: 213
Test:  [  2150/?]  eta: ?  loss: 0.6526 (0.8682)  accuracy: 0.6562 (0.5890)  balanced_accuracy: 0.7334 (0.5793)  f1_weighted: 0.7287 (0.6061)  time: 0.2223  data: 0.1799  max mem: 213
Test:  [  2160/?]  eta: ?  loss: 1.0342 (0.8699)  accuracy: 0.4375 (0.5880)  balanced_accuracy: 0.4439 (0.5784)  f1_weighted: 0.5068 (0.6052)  time: 0.2214  data: 0.1791  max mem: 213
Test:  [  2170/?]  eta: ?  loss: 1.2891 (0.8717)  accuracy: 0.4062 (0.5873)  balanced_accuracy: 0.4102 (0.5778)  f1_weighted: 0.4390 (0.6046)  time: 0.2216  data: 0.1793  max mem: 213
Test:  [  2180/?]  eta: ?  loss: 1.2995 (0.8738)  accuracy: 0.4062 (0.5864)  balanced_accuracy: 0.4397 (0.5771)  f1_weighted: 0.4269 (0.6036)  time: 0.2231  data: 0.1807  max mem: 213
Test:  [  2190/?]  eta: ?  loss: 1.3363 (0.8760)  accuracy: 0.3646 (0.5855)  balanced_accuracy: 0.3920 (0.5765)  f1_weighted: 0.4025 (0.6028)  time: 0.2223  data: 0.1801  max mem: 213
Test:  [  2200/?]  eta: ?  loss: 1.2346 (0.8774)  accuracy: 0.4479 (0.5850)  balanced_accuracy: 0.5369 (0.5767)  f1_weighted: 0.5817 (0.6029)  time: 0.2219  data: 0.1796  max mem: 213
Test:  [  2210/?]  eta: ?  loss: 1.0486 (0.8770)  accuracy: 0.5417 (0.5854)  balanced_accuracy: 0.6789 (0.5775)  f1_weighted: 0.6566 (0.6036)  time: 0.2229  data: 0.1805  max mem: 213
Test:  [  2220/?]  eta: ?  loss: 0.5702 (0.8754)  accuracy: 0.7396 (0.5863)  balanced_accuracy: 0.7827 (0.5786)  f1_weighted: 0.7840 (0.6045)  time: 0.2242  data: 0.1819  max mem: 213
Test:  [  2230/?]  eta: ?  loss: 0.5359 (0.8741)  accuracy: 0.7500 (0.5868)  balanced_accuracy: 0.7760 (0.5793)  f1_weighted: 0.7700 (0.6050)  time: 0.2237  data: 0.1812  max mem: 213
Test:  [  2240/?]  eta: ?  loss: 0.6505 (0.8739)  accuracy: 0.6458 (0.5870)  balanced_accuracy: 0.6973 (0.5798)  f1_weighted: 0.6633 (0.6052)  time: 0.2210  data: 0.1786  max mem: 213
Test:  [  2250/?]  eta: ?  loss: 0.8726 (0.8741)  accuracy: 0.5625 (0.5867)  balanced_accuracy: 0.6210 (0.5795)  f1_weighted: 0.6028 (0.6051)  time: 0.2195  data: 0.1774  max mem: 213
Test:  [  2260/?]  eta: ?  loss: 0.9147 (0.8746)  accuracy: 0.4896 (0.5863)  balanced_accuracy: 0.4750 (0.5787)  f1_weighted: 0.5494 (0.6048)  time: 0.2189  data: 0.1768  max mem: 213
Test:  [  2270/?]  eta: ?  loss: 1.0128 (0.8754)  accuracy: 0.4896 (0.5859)  balanced_accuracy: 0.4378 (0.5782)  f1_weighted: 0.5494 (0.6046)  time: 0.2186  data: 0.1765  max mem: 213
Test:  [  2280/?]  eta: ?  loss: 1.0751 (0.8768)  accuracy: 0.4479 (0.5851)  balanced_accuracy: 0.4175 (0.5774)  f1_weighted: 0.5223 (0.6042)  time: 0.2188  data: 0.1767  max mem: 213
Test:  [  2290/?]  eta: ?  loss: 1.2591 (0.8778)  accuracy: 0.3646 (0.5845)  balanced_accuracy: 0.3607 (0.5766)  f1_weighted: 0.4746 (0.6038)  time: 0.2188  data: 0.1768  max mem: 213
Test:  [  2300/?]  eta: ?  loss: 1.0401 (0.8789)  accuracy: 0.3854 (0.5836)  balanced_accuracy: 0.3185 (0.5756)  f1_weighted: 0.4433 (0.6031)  time: 0.2177  data: 0.1759  max mem: 213
Test:  [  2310/?]  eta: ?  loss: 1.0401 (0.8802)  accuracy: 0.4583 (0.5834)  balanced_accuracy: 0.3590 (0.5751)  f1_weighted: 0.4789 (0.6029)  time: 0.2165  data: 0.1747  max mem: 213
Test:  [  2320/?]  eta: ?  loss: 1.4553 (0.8831)  accuracy: 0.4583 (0.5827)  balanced_accuracy: 0.3412 (0.5739)  f1_weighted: 0.4582 (0.6022)  time: 0.2169  data: 0.1751  max mem: 213
Test:  [  2330/?]  eta: ?  loss: 1.5163 (0.8845)  accuracy: 0.4583 (0.5828)  balanced_accuracy: 0.3355 (0.5741)  f1_weighted: 0.4582 (0.6022)  time: 0.2165  data: 0.1747  max mem: 213
Test:  [  2340/?]  eta: ?  loss: 0.6840 (0.8836)  accuracy: 0.6667 (0.5832)  balanced_accuracy: 0.7056 (0.5747)  f1_weighted: 0.6636 (0.6025)  time: 0.2170  data: 0.1751  max mem: 213
Test:  [  2350/?]  eta: ?  loss: 0.6545 (0.8827)  accuracy: 0.6771 (0.5835)  balanced_accuracy: 0.6978 (0.5751)  f1_weighted: 0.6860 (0.6028)  time: 0.2180  data: 0.1760  max mem: 213
Test:  [  2360/?]  eta: ?  loss: 0.6595 (0.8827)  accuracy: 0.6667 (0.5837)  balanced_accuracy: 0.6627 (0.5752)  f1_weighted: 0.6699 (0.6030)  time: 0.2166  data: 0.1746  max mem: 213
Test:  [  2370/?]  eta: ?  loss: 1.1107 (0.8839)  accuracy: 0.5104 (0.5832)  balanced_accuracy: 0.5325 (0.5749)  f1_weighted: 0.5433 (0.6024)  time: 0.2163  data: 0.1743  max mem: 213
Test:  [  2380/?]  eta: ?  loss: 1.1515 (0.8852)  accuracy: 0.4375 (0.5824)  balanced_accuracy: 0.4539 (0.5742)  f1_weighted: 0.4342 (0.6015)  time: 0.2183  data: 0.1757  max mem: 213
Test:  [  2390/?]  eta: ?  loss: 1.2625 (0.8871)  accuracy: 0.5000 (0.5827)  balanced_accuracy: 0.5711 (0.5747)  f1_weighted: 0.4992 (0.6017)  time: 0.2180  data: 0.1755  max mem: 213
Test:  [  2400/?]  eta: ?  loss: 1.5703 (0.8911)  accuracy: 0.5417 (0.5821)  balanced_accuracy: 0.6104 (0.5739)  f1_weighted: 0.5912 (0.6011)  time: 0.2155  data: 0.1736  max mem: 213
Test:  [  2410/?]  eta: ?  loss: 1.3027 (0.8918)  accuracy: 0.5417 (0.5821)  balanced_accuracy: 0.5486 (0.5742)  f1_weighted: 0.5329 (0.6011)  time: 0.2153  data: 0.1734  max mem: 213
Test:  [  2420/?]  eta: ?  loss: 1.1801 (0.8932)  accuracy: 0.5521 (0.5817)  balanced_accuracy: 0.5904 (0.5739)  f1_weighted: 0.5471 (0.6004)  time: 0.2156  data: 0.1737  max mem: 213
Test:  [  2430/?]  eta: ?  loss: 1.2583 (0.8947)  accuracy: 0.4479 (0.5811)  balanced_accuracy: 0.4678 (0.5735)  f1_weighted: 0.4438 (0.5997)  time: 0.2154  data: 0.1735  max mem: 213
Test:  [  2440/?]  eta: ?  loss: 1.1869 (0.8952)  accuracy: 0.4792 (0.5810)  balanced_accuracy: 0.5045 (0.5737)  f1_weighted: 0.4654 (0.5996)  time: 0.2154  data: 0.1735  max mem: 213
Test:  [  2450/?]  eta: ?  loss: 0.7636 (0.8944)  accuracy: 0.6042 (0.5813)  balanced_accuracy: 0.6417 (0.5742)  f1_weighted: 0.5931 (0.5998)  time: 0.2153  data: 0.1735  max mem: 213
Test:  [  2460/?]  eta: ?  loss: 0.6696 (0.8933)  accuracy: 0.6458 (0.5817)  balanced_accuracy: 0.6937 (0.5747)  f1_weighted: 0.5990 (0.5999)  time: 0.2151  data: 0.1733  max mem: 213
Test:  [  2470/?]  eta: ?  loss: 0.6823 (0.8935)  accuracy: 0.6146 (0.5814)  balanced_accuracy: 0.6415 (0.5743)  f1_weighted: 0.5870 (0.5993)  time: 0.2147  data: 0.1729  max mem: 213
Test:  [  2480/?]  eta: ?  loss: 0.9191 (0.8937)  accuracy: 0.4896 (0.5811)  balanced_accuracy: 0.4869 (0.5741)  f1_weighted: 0.4934 (0.5991)  time: 0.2146  data: 0.1727  max mem: 213
Test:  [  2490/?]  eta: ?  loss: 0.8677 (0.8935)  accuracy: 0.5521 (0.5811)  balanced_accuracy: 0.5386 (0.5740)  f1_weighted: 0.5421 (0.5990)  time: 0.2152  data: 0.1733  max mem: 213
Test:  [  2500/?]  eta: ?  loss: 0.8770 (0.8935)  accuracy: 0.5208 (0.5807)  balanced_accuracy: 0.5057 (0.5736)  f1_weighted: 0.5224 (0.5985)  time: 0.2147  data: 0.1729  max mem: 213
Test:  [  2510/?]  eta: ?  loss: 0.9037 (0.8938)  accuracy: 0.5000 (0.5806)  balanced_accuracy: 0.5118 (0.5736)  f1_weighted: 0.5007 (0.5983)  time: 0.2139  data: 0.1721  max mem: 213
Test:  [  2520/?]  eta: ?  loss: 0.7180 (0.8927)  accuracy: 0.6250 (0.5811)  balanced_accuracy: 0.6521 (0.5742)  f1_weighted: 0.6317 (0.5989)  time: 0.2151  data: 0.1728  max mem: 213
Test:  [  2530/?]  eta: ?  loss: 0.6791 (0.8922)  accuracy: 0.6667 (0.5812)  balanced_accuracy: 0.6863 (0.5743)  f1_weighted: 0.6652 (0.5989)  time: 0.2158  data: 0.1735  max mem: 213
Test:  [  2540/?]  eta: ?  loss: 0.8606 (0.8927)  accuracy: 0.4792 (0.5807)  balanced_accuracy: 0.5076 (0.5737)  f1_weighted: 0.4849 (0.5983)  time: 0.2155  data: 0.1735  max mem: 213
Test:  [  2550/?]  eta: ?  loss: 1.0439 (0.8934)  accuracy: 0.3646 (0.5797)  balanced_accuracy: 0.3252 (0.5727)  f1_weighted: 0.3600 (0.5973)  time: 0.2147  data: 0.1727  max mem: 213
Test:  [  2560/?]  eta: ?  loss: 0.9458 (0.8933)  accuracy: 0.4479 (0.5795)  balanced_accuracy: 0.4015 (0.5723)  f1_weighted: 0.4401 (0.5970)  time: 0.2137  data: 0.1717  max mem: 213
Test:  [  2570/?]  eta: ?  loss: 0.8185 (0.8926)  accuracy: 0.5833 (0.5800)  balanced_accuracy: 0.4906 (0.5725)  f1_weighted: 0.5587 (0.5972)  time: 0.2144  data: 0.1724  max mem: 213
Test:  [  2580/?]  eta: ?  loss: 0.8919 (0.8929)  accuracy: 0.5729 (0.5797)  balanced_accuracy: 0.4737 (0.5721)  f1_weighted: 0.5047 (0.5967)  time: 0.2160  data: 0.1739  max mem: 213
Test:  [  2590/?]  eta: ?  loss: 0.9608 (0.8931)  accuracy: 0.5625 (0.5797)  balanced_accuracy: 0.4879 (0.5719)  f1_weighted: 0.5047 (0.5966)  time: 0.2162  data: 0.1743  max mem: 213
Test:  [  2600/?]  eta: ?  loss: 0.8833 (0.8931)  accuracy: 0.5312 (0.5794)  balanced_accuracy: 0.6342 (0.5723)  f1_weighted: 0.5650 (0.5964)  time: 0.2161  data: 0.1740  max mem: 213
Test:  [  2610/?]  eta: ?  loss: 0.8669 (0.8929)  accuracy: 0.5208 (0.5793)  balanced_accuracy: 0.6753 (0.5728)  f1_weighted: 0.5782 (0.5964)  time: 0.2193  data: 0.1768  max mem: 213
Test:  [  2620/?]  eta: ?  loss: 0.8887 (0.8932)  accuracy: 0.5208 (0.5789)  balanced_accuracy: 0.6815 (0.5727)  f1_weighted: 0.5511 (0.5959)  time: 0.2217  data: 0.1793  max mem: 213
Test:  [  2630/?]  eta: ?  loss: 0.7744 (0.8926)  accuracy: 0.5417 (0.5790)  balanced_accuracy: 0.7013 (0.5734)  f1_weighted: 0.5342 (0.5959)  time: 0.2194  data: 0.1768  max mem: 213
Test:  [  2640/?]  eta: ?  loss: 0.8046 (0.8930)  accuracy: 0.5104 (0.5784)  balanced_accuracy: 0.5731 (0.5728)  f1_weighted: 0.5746 (0.5957)  time: 0.2202  data: 0.1774  max mem: 213
Test:  [  2650/?]  eta: ?  loss: 1.0067 (0.8935)  accuracy: 0.4792 (0.5781)  balanced_accuracy: 0.4404 (0.5724)  f1_weighted: 0.5064 (0.5955)  time: 0.2221  data: 0.1796  max mem: 213
Test:  [  2660/?]  eta: ?  loss: 0.9795 (0.8937)  accuracy: 0.5208 (0.5780)  balanced_accuracy: 0.4234 (0.5719)  f1_weighted: 0.5101 (0.5952)  time: 0.2220  data: 0.1797  max mem: 213
Test:  [  2670/?]  eta: ?  loss: 1.0601 (0.8949)  accuracy: 0.4479 (0.5773)  balanced_accuracy: 0.4117 (0.5714)  f1_weighted: 0.4808 (0.5946)  time: 0.2214  data: 0.1792  max mem: 213
Test:  [  2680/?]  eta: ?  loss: 1.0840 (0.8949)  accuracy: 0.4479 (0.5774)  balanced_accuracy: 0.4784 (0.5716)  f1_weighted: 0.4808 (0.5947)  time: 0.2200  data: 0.1780  max mem: 213
Test:  [  2690/?]  eta: ?  loss: 1.0340 (0.8957)  accuracy: 0.5833 (0.5773)  balanced_accuracy: 0.5978 (0.5714)  f1_weighted: 0.6134 (0.5946)  time: 0.2206  data: 0.1784  max mem: 213
Test:  [  2700/?]  eta: ?  loss: 1.1516 (0.8969)  accuracy: 0.5000 (0.5769)  balanced_accuracy: 0.4955 (0.5711)  f1_weighted: 0.5525 (0.5943)  time: 0.2222  data: 0.1798  max mem: 213
Test:  [  2710/?]  eta: ?  loss: 1.2104 (0.8981)  accuracy: 0.4792 (0.5766)  balanced_accuracy: 0.4647 (0.5708)  f1_weighted: 0.5656 (0.5944)  time: 0.2215  data: 0.1793  max mem: 213
Test:  [  2720/?]  eta: ?  loss: 1.2813 (0.8997)  accuracy: 0.4375 (0.5760)  balanced_accuracy: 0.4156 (0.5702)  f1_weighted: 0.5202 (0.5939)  time: 0.2204  data: 0.1783  max mem: 213
Test:  [  2730/?]  eta: ?  loss: 1.1914 (0.9003)  accuracy: 0.4896 (0.5760)  balanced_accuracy: 0.4956 (0.5702)  f1_weighted: 0.5140 (0.5938)  time: 0.2213  data: 0.1787  max mem: 213
Test:  [  2740/?]  eta: ?  loss: 0.6832 (0.8992)  accuracy: 0.6979 (0.5768)  balanced_accuracy: 0.6982 (0.5712)  f1_weighted: 0.6963 (0.5946)  time: 0.2203  data: 0.1779  max mem: 213
Test:  [  2750/?]  eta: ?  loss: 0.6769 (0.8985)  accuracy: 0.7708 (0.5773)  balanced_accuracy: 0.8312 (0.5721)  f1_weighted: 0.7931 (0.5953)  time: 0.2186  data: 0.1766  max mem: 213
Test:  [  2760/?]  eta: ?  loss: 0.6594 (0.8974)  accuracy: 0.7708 (0.5782)  balanced_accuracy: 0.8506 (0.5732)  f1_weighted: 0.8128 (0.5961)  time: 0.2182  data: 0.1763  max mem: 213
Test:  [  2770/?]  eta: ?  loss: 0.6395 (0.8974)  accuracy: 0.7604 (0.5785)  balanced_accuracy: 0.8143 (0.5737)  f1_weighted: 0.7503 (0.5962)  time: 0.2176  data: 0.1759  max mem: 213
Test:  [  2780/?]  eta: ?  loss: 0.8430 (0.8977)  accuracy: 0.5938 (0.5786)  balanced_accuracy: 0.6588 (0.5740)  f1_weighted: 0.4961 (0.5960)  time: 0.2177  data: 0.1756  max mem: 213
Test:  [  2790/?]  eta: ?  loss: 1.0952 (0.8986)  accuracy: 0.6250 (0.5788)  balanced_accuracy: 0.6419 (0.5742)  f1_weighted: 0.5857 (0.5961)  time: 0.2170  data: 0.1749  max mem: 213
Test:  [  2800/?]  eta: ?  loss: 1.1390 (0.8991)  accuracy: 0.6146 (0.5788)  balanced_accuracy: 0.6217 (0.5743)  f1_weighted: 0.5982 (0.5961)  time: 0.2158  data: 0.1740  max mem: 213
Test:  [  2810/?]  eta: ?  loss: 0.9734 (0.8992)  accuracy: 0.6771 (0.5793)  balanced_accuracy: 0.5816 (0.5743)  f1_weighted: 0.6555 (0.5964)  time: 0.2157  data: 0.1739  max mem: 213
Test:  [  2820/?]  eta: ?  loss: 0.6341 (0.8982)  accuracy: 0.7292 (0.5800)  balanced_accuracy: 0.6092 (0.5748)  f1_weighted: 0.7064 (0.5972)  time: 0.2168  data: 0.1748  max mem: 213
Test:  [  2830/?]  eta: ?  loss: 0.5404 (0.8974)  accuracy: 0.7708 (0.5805)  balanced_accuracy: 0.7779 (0.5751)  f1_weighted: 0.8101 (0.5976)  time: 0.2164  data: 0.1745  max mem: 213
Test:  [  2840/?]  eta: ?  loss: 0.8993 (0.8975)  accuracy: 0.5000 (0.5802)  balanced_accuracy: 0.4397 (0.5743)  f1_weighted: 0.5179 (0.5972)  time: 0.2159  data: 0.1740  max mem: 213
Test:  [  2850/?]  eta: ?  loss: 0.9231 (0.8978)  accuracy: 0.5000 (0.5799)  balanced_accuracy: 0.4447 (0.5740)  f1_weighted: 0.5179 (0.5970)  time: 0.2163  data: 0.1744  max mem: 213
Test:  [  2860/?]  eta: ?  loss: 0.8642 (0.8971)  accuracy: 0.5521 (0.5801)  balanced_accuracy: 0.5319 (0.5741)  f1_weighted: 0.5525 (0.5971)  time: 0.2159  data: 0.1740  max mem: 213
Test:  [  2870/?]  eta: ?  loss: 0.7515 (0.8970)  accuracy: 0.6042 (0.5801)  balanced_accuracy: 0.5454 (0.5739)  f1_weighted: 0.6178 (0.5971)  time: 0.2186  data: 0.1765  max mem: 213
Test:  [  2880/?]  eta: ?  loss: 0.8971 (0.8970)  accuracy: 0.5833 (0.5801)  balanced_accuracy: 0.5175 (0.5738)  f1_weighted: 0.5965 (0.5971)  time: 0.2207  data: 0.1785  max mem: 213
Test:  [  2890/?]  eta: ?  loss: 0.7847 (0.8963)  accuracy: 0.6042 (0.5802)  balanced_accuracy: 0.5454 (0.5739)  f1_weighted: 0.6184 (0.5972)  time: 0.2195  data: 0.1775  max mem: 213
Test:  [  2900/?]  eta: ?  loss: 0.7850 (0.8966)  accuracy: 0.5833 (0.5802)  balanced_accuracy: 0.6053 (0.5739)  f1_weighted: 0.6104 (0.5972)  time: 0.2214  data: 0.1792  max mem: 213
Test:  [  2910/?]  eta: ?  loss: 0.8632 (0.8963)  accuracy: 0.5625 (0.5800)  balanced_accuracy: 0.6053 (0.5740)  f1_weighted: 0.5528 (0.5970)  time: 0.2220  data: 0.1797  max mem: 213
Test:  [  2920/?]  eta: ?  loss: 0.6821 (0.8955)  accuracy: 0.5729 (0.5804)  balanced_accuracy: 0.6368 (0.5746)  f1_weighted: 0.5828 (0.5973)  time: 0.2198  data: 0.1778  max mem: 213
Test:  [  2930/?]  eta: ?  loss: 0.6789 (0.8950)  accuracy: 0.6354 (0.5805)  balanced_accuracy: 0.6655 (0.5749)  f1_weighted: 0.6442 (0.5974)  time: 0.2223  data: 0.1795  max mem: 213
Test:  [  2940/?]  eta: ?  loss: 0.8414 (0.8954)  accuracy: 0.5625 (0.5802)  balanced_accuracy: 0.6113 (0.5748)  f1_weighted: 0.5819 (0.5971)  time: 0.2238  data: 0.1810  max mem: 213
Test:  [  2950/?]  eta: ?  loss: 0.9712 (0.8957)  accuracy: 0.4479 (0.5798)  balanced_accuracy: 0.4661 (0.5742)  f1_weighted: 0.5127 (0.5968)  time: 0.2210  data: 0.1788  max mem: 213
Test:  [  2960/?]  eta: ?  loss: 0.9435 (0.8956)  accuracy: 0.5000 (0.5797)  balanced_accuracy: 0.4595 (0.5742)  f1_weighted: 0.5382 (0.5967)  time: 0.2207  data: 0.1786  max mem: 213
Test:  [  2970/?]  eta: ?  loss: 0.6990 (0.8947)  accuracy: 0.6042 (0.5800)  balanced_accuracy: 0.6939 (0.5747)  f1_weighted: 0.5998 (0.5969)  time: 0.2216  data: 0.1795  max mem: 213
Test:  [  2980/?]  eta: ?  loss: 0.8029 (0.8950)  accuracy: 0.6042 (0.5797)  balanced_accuracy: 0.6170 (0.5742)  f1_weighted: 0.5998 (0.5966)  time: 0.2199  data: 0.1779  max mem: 213
Test:  [  2990/?]  eta: ?  loss: 0.8705 (0.8946)  accuracy: 0.5312 (0.5799)  balanced_accuracy: 0.4936 (0.5745)  f1_weighted: 0.5193 (0.5967)  time: 0.2192  data: 0.1771  max mem: 213
Test:  [  3000/?]  eta: ?  loss: 0.9273 (0.8957)  accuracy: 0.5208 (0.5796)  balanced_accuracy: 0.5398 (0.5742)  f1_weighted: 0.5366 (0.5965)  time: 0.2190  data: 0.1767  max mem: 213
Test:  [  3010/?]  eta: ?  loss: 1.2488 (0.8963)  accuracy: 0.4688 (0.5794)  balanced_accuracy: 0.5398 (0.5743)  f1_weighted: 0.4893 (0.5961)  time: 0.2186  data: 0.1764  max mem: 213
Test:  [  3020/?]  eta: ?  loss: 0.6207 (0.8952)  accuracy: 0.6979 (0.5800)  balanced_accuracy: 0.6980 (0.5749)  f1_weighted: 0.7066 (0.5967)  time: 0.2190  data: 0.1770  max mem: 213
Test:  [  3030/?]  eta: ?  loss: 0.6123 (0.8951)  accuracy: 0.7396 (0.5802)  balanced_accuracy: 0.7096 (0.5750)  f1_weighted: 0.7391 (0.5967)  time: 0.2187  data: 0.1767  max mem: 213
Test:  [  3040/?]  eta: ?  loss: 0.8429 (0.8947)  accuracy: 0.6042 (0.5802)  balanced_accuracy: 0.5884 (0.5751)  f1_weighted: 0.5874 (0.5967)  time: 0.2173  data: 0.1754  max mem: 213
Test:  [  3050/?]  eta: ?  loss: 0.7392 (0.8940)  accuracy: 0.6250 (0.5806)  balanced_accuracy: 0.6715 (0.5756)  f1_weighted: 0.6434 (0.5970)  time: 0.2166  data: 0.1747  max mem: 213
Test:  [  3060/?]  eta: ?  loss: 0.6341 (0.8932)  accuracy: 0.6771 (0.5808)  balanced_accuracy: 0.7211 (0.5760)  f1_weighted: 0.6748 (0.5972)  time: 0.2168  data: 0.1750  max mem: 213
Test:  [  3070/?]  eta: ?  loss: 0.5899 (0.8922)  accuracy: 0.6771 (0.5812)  balanced_accuracy: 0.6680 (0.5763)  f1_weighted: 0.6765 (0.5976)  time: 0.2159  data: 0.1742  max mem: 213
Test:  [  3080/?]  eta: ?  loss: 0.6362 (0.8917)  accuracy: 0.6667 (0.5814)  balanced_accuracy: 0.6538 (0.5766)  f1_weighted: 0.6611 (0.5977)  time: 0.2152  data: 0.1735  max mem: 213
Test:  [  3090/?]  eta: ?  loss: 0.5938 (0.8906)  accuracy: 0.7292 (0.5821)  balanced_accuracy: 0.7668 (0.5774)  f1_weighted: 0.7265 (0.5983)  time: 0.2161  data: 0.1744  max mem: 213
Test:  [  3100/?]  eta: ?  loss: 0.5938 (0.8900)  accuracy: 0.6875 (0.5823)  balanced_accuracy: 0.7400 (0.5777)  f1_weighted: 0.6852 (0.5984)  time: 0.2169  data: 0.1751  max mem: 213
Test:  [  3110/?]  eta: ?  loss: 0.7359 (0.8900)  accuracy: 0.6042 (0.5821)  balanced_accuracy: 0.6523 (0.5777)  f1_weighted: 0.5964 (0.5983)  time: 0.2180  data: 0.1763  max mem: 213
Test:  [  3120/?]  eta: ?  loss: 1.0510 (0.8907)  accuracy: 0.4167 (0.5815)  balanced_accuracy: 0.4318 (0.5770)  f1_weighted: 0.4380 (0.5977)  time: 0.2191  data: 0.1774  max mem: 213
Test:  [  3130/?]  eta: ?  loss: 1.0529 (0.8909)  accuracy: 0.4167 (0.5815)  balanced_accuracy: 0.4297 (0.5770)  f1_weighted: 0.4352 (0.5977)  time: 0.2188  data: 0.1772  max mem: 213
Test:  [  3140/?]  eta: ?  loss: 0.8770 (0.8909)  accuracy: 0.5833 (0.5814)  balanced_accuracy: 0.5599 (0.5769)  f1_weighted: 0.5846 (0.5976)  time: 0.2189  data: 0.1772  max mem: 213
Test:  [  3150/?]  eta: ?  loss: 0.8448 (0.8909)  accuracy: 0.5312 (0.5812)  balanced_accuracy: 0.5426 (0.5768)  f1_weighted: 0.5454 (0.5974)  time: 0.2191  data: 0.1773  max mem: 213
Test:  [  3160/?]  eta: ?  loss: 0.8071 (0.8904)  accuracy: 0.5938 (0.5816)  balanced_accuracy: 0.6143 (0.5772)  f1_weighted: 0.6400 (0.5978)  time: 0.2189  data: 0.1771  max mem: 213
Test:  [  3170/?]  eta: ?  loss: 0.7278 (0.8903)  accuracy: 0.6562 (0.5816)  balanced_accuracy: 0.6415 (0.5772)  f1_weighted: 0.6574 (0.5978)  time: 0.2193  data: 0.1776  max mem: 213
Test:  [  3180/?]  eta: ?  loss: 0.8897 (0.8907)  accuracy: 0.5521 (0.5813)  balanced_accuracy: 0.5382 (0.5769)  f1_weighted: 0.5562 (0.5975)  time: 0.2190  data: 0.1773  max mem: 213
Test:  [  3190/?]  eta: ?  loss: 0.8165 (0.8905)  accuracy: 0.5625 (0.5815)  balanced_accuracy: 0.5726 (0.5771)  f1_weighted: 0.5678 (0.5976)  time: 0.2182  data: 0.1766  max mem: 213
Test:  [  3200/?]  eta: ?  loss: 0.7250 (0.8900)  accuracy: 0.6458 (0.5817)  balanced_accuracy: 0.5985 (0.5772)  f1_weighted: 0.6267 (0.5977)  time: 0.2179  data: 0.1762  max mem: 213
Test:  [  3210/?]  eta: ?  loss: 0.7205 (0.8894)  accuracy: 0.6562 (0.5819)  balanced_accuracy: 0.6079 (0.5775)  f1_weighted: 0.6650 (0.5980)  time: 0.2180  data: 0.1763  max mem: 213
Test:  [  3220/?]  eta: ?  loss: 0.6606 (0.8886)  accuracy: 0.6771 (0.5823)  balanced_accuracy: 0.7159 (0.5780)  f1_weighted: 0.7232 (0.5983)  time: 0.2181  data: 0.1763  max mem: 213
Test:  [  3230/?]  eta: ?  loss: 0.6735 (0.8882)  accuracy: 0.6146 (0.5822)  balanced_accuracy: 0.6765 (0.5781)  f1_weighted: 0.5921 (0.5981)  time: 0.2176  data: 0.1757  max mem: 213
Test:  [  3240/?]  eta: ?  loss: 0.8699 (0.8889)  accuracy: 0.4896 (0.5817)  balanced_accuracy: 0.5104 (0.5777)  f1_weighted: 0.4641 (0.5976)  time: 0.2170  data: 0.1752  max mem: 213
Test:  [  3250/?]  eta: ?  loss: 1.1741 (0.8900)  accuracy: 0.3646 (0.5811)  balanced_accuracy: 0.3799 (0.5771)  f1_weighted: 0.3823 (0.5970)  time: 0.2171  data: 0.1753  max mem: 213
Test:  [  3260/?]  eta: ?  loss: 1.1394 (0.8904)  accuracy: 0.3958 (0.5807)  balanced_accuracy: 0.4177 (0.5770)  f1_weighted: 0.3993 (0.5965)  time: 0.2178  data: 0.1761  max mem: 213
Test:  [  3270/?]  eta: ?  loss: 0.9584 (0.8900)  accuracy: 0.5000 (0.5809)  balanced_accuracy: 0.5487 (0.5772)  f1_weighted: 0.5134 (0.5967)  time: 0.2175  data: 0.1757  max mem: 213
Test:  [  3280/?]  eta: ?  loss: 0.5302 (0.8888)  accuracy: 0.7500 (0.5816)  balanced_accuracy: 0.7488 (0.5778)  f1_weighted: 0.7518 (0.5973)  time: 0.2173  data: 0.1756  max mem: 213
Test:  [  3290/?]  eta: ?  loss: 0.5302 (0.8878)  accuracy: 0.7708 (0.5821)  balanced_accuracy: 0.7499 (0.5784)  f1_weighted: 0.7634 (0.5978)  time: 0.2169  data: 0.1753  max mem: 213
Test:  [  3300/?]  eta: ?  loss: 0.6338 (0.8873)  accuracy: 0.6979 (0.5823)  balanced_accuracy: 0.7132 (0.5788)  f1_weighted: 0.6905 (0.5979)  time: 0.2182  data: 0.1763  max mem: 213
Test:  [  3310/?]  eta: ?  loss: 0.6698 (0.8866)  accuracy: 0.6458 (0.5826)  balanced_accuracy: 0.6775 (0.5791)  f1_weighted: 0.6440 (0.5982)  time: 0.2198  data: 0.1778  max mem: 213
Test:  [  3320/?]  eta: ?  loss: 0.6428 (0.8859)  accuracy: 0.7083 (0.5831)  balanced_accuracy: 0.7184 (0.5796)  f1_weighted: 0.7340 (0.5987)  time: 0.2193  data: 0.1774  max mem: 213
Test:  [  3330/?]  eta: ?  loss: 0.6725 (0.8862)  accuracy: 0.6771 (0.5830)  balanced_accuracy: 0.6996 (0.5795)  f1_weighted: 0.7184 (0.5987)  time: 0.2184  data: 0.1765  max mem: 213
Test:  [  3340/?]  eta: ?  loss: 1.0242 (0.8865)  accuracy: 0.5729 (0.5832)  balanced_accuracy: 0.4915 (0.5793)  f1_weighted: 0.5766 (0.5987)  time: 0.2184  data: 0.1767  max mem: 213
Test:  [  3350/?]  eta: ?  loss: 0.9798 (0.8868)  accuracy: 0.6250 (0.5832)  balanced_accuracy: 0.5207 (0.5791)  f1_weighted: 0.5754 (0.5985)  time: 0.2179  data: 0.1762  max mem: 213
Test:  [  3360/?]  eta: ?  loss: 1.0610 (0.8881)  accuracy: 0.5000 (0.5825)  balanced_accuracy: 0.4685 (0.5786)  f1_weighted: 0.4279 (0.5977)  time: 0.2170  data: 0.1751  max mem: 213
Test:  [  3370/?]  eta: ?  loss: 1.2661 (0.8891)  accuracy: 0.3750 (0.5821)  balanced_accuracy: 0.3914 (0.5782)  f1_weighted: 0.3496 (0.5971)  time: 0.2180  data: 0.1760  max mem: 213
Test:  [  3380/?]  eta: ?  loss: 1.1619 (0.8898)  accuracy: 0.4479 (0.5818)  balanced_accuracy: 0.4993 (0.5781)  f1_weighted: 0.4239 (0.5968)  time: 0.2194  data: 0.1775  max mem: 213
Test:  [  3390/?]  eta: ?  loss: 1.1610 (0.8907)  accuracy: 0.4792 (0.5815)  balanced_accuracy: 0.4997 (0.5777)  f1_weighted: 0.4743 (0.5964)  time: 0.2208  data: 0.1782  max mem: 213
Test:  [  3400/?]  eta: ?  loss: 1.1203 (0.8911)  accuracy: 0.5000 (0.5813)  balanced_accuracy: 0.4368 (0.5774)  f1_weighted: 0.4613 (0.5961)  time: 0.2217  data: 0.1790  max mem: 213
Test:  [  3410/?]  eta: ?  loss: 0.9088 (0.8911)  accuracy: 0.5417 (0.5813)  balanced_accuracy: 0.4819 (0.5772)  f1_weighted: 0.5200 (0.5960)  time: 0.2225  data: 0.1806  max mem: 213
Test:  [  3420/?]  eta: ?  loss: 0.9561 (0.8914)  accuracy: 0.5208 (0.5809)  balanced_accuracy: 0.5016 (0.5768)  f1_weighted: 0.5200 (0.5957)  time: 0.2241  data: 0.1820  max mem: 213
Test:  [  3430/?]  eta: ?  loss: 1.0303 (0.8920)  accuracy: 0.4896 (0.5806)  balanced_accuracy: 0.4460 (0.5765)  f1_weighted: 0.4694 (0.5952)  time: 0.2249  data: 0.1827  max mem: 213
Test:  [  3440/?]  eta: ?  loss: 1.0441 (0.8930)  accuracy: 0.4792 (0.5803)  balanced_accuracy: 0.4754 (0.5761)  f1_weighted: 0.4289 (0.5947)  time: 0.2230  data: 0.1811  max mem: 213
Test:  [  3450/?]  eta: ?  loss: 1.7422 (0.8961)  accuracy: 0.3646 (0.5795)  balanced_accuracy: 0.3032 (0.5752)  f1_weighted: 0.3342 (0.5938)  time: 0.2230  data: 0.1811  max mem: 213
Test:  [  3460/?]  eta: ?  loss: 1.7422 (0.8964)  accuracy: 0.3646 (0.5796)  balanced_accuracy: 0.3032 (0.5753)  f1_weighted: 0.3342 (0.5939)  time: 0.2246  data: 0.1825  max mem: 213
Test:  [  3470/?]  eta: ?  loss: 0.7079 (0.8960)  accuracy: 0.6667 (0.5798)  balanced_accuracy: 0.6293 (0.5754)  f1_weighted: 0.6929 (0.5941)  time: 0.2240  data: 0.1820  max mem: 213
Test:  [  3480/?]  eta: ?  loss: 0.7548 (0.8957)  accuracy: 0.6354 (0.5798)  balanced_accuracy: 0.6030 (0.5755)  f1_weighted: 0.6866 (0.5944)  time: 0.2262  data: 0.1835  max mem: 213
Test:  [  3490/?]  eta: ?  loss: 0.7548 (0.8951)  accuracy: 0.6354 (0.5800)  balanced_accuracy: 0.6250 (0.5756)  f1_weighted: 0.6985 (0.5947)  time: 0.2276  data: 0.1847  max mem: 213
Test:  [  3500/?]  eta: ?  loss: 0.7299 (0.8950)  accuracy: 0.6458 (0.5800)  balanced_accuracy: 0.5280 (0.5752)  f1_weighted: 0.7111 (0.5949)  time: 0.2258  data: 0.1835  max mem: 213
Test:  [  3510/?]  eta: ?  loss: 0.7715 (0.8945)  accuracy: 0.6042 (0.5801)  balanced_accuracy: 0.4887 (0.5751)  f1_weighted: 0.6412 (0.5951)  time: 0.2252  data: 0.1828  max mem: 213
Test:  [  3520/?]  eta: ?  loss: 0.7849 (0.8946)  accuracy: 0.5521 (0.5798)  balanced_accuracy: 0.5117 (0.5749)  f1_weighted: 0.5641 (0.5948)  time: 0.2244  data: 0.1821  max mem: 213
Test:  [  3530/?]  eta: ?  loss: 0.7527 (0.8941)  accuracy: 0.5104 (0.5800)  balanced_accuracy: 0.6178 (0.5751)  f1_weighted: 0.5509 (0.5950)  time: 0.2233  data: 0.1812  max mem: 213
Test:  [  3540/?]  eta: ?  loss: 0.6791 (0.8934)  accuracy: 0.7083 (0.5805)  balanced_accuracy: 0.7272 (0.5757)  f1_weighted: 0.7134 (0.5954)  time: 0.2224  data: 0.1804  max mem: 213
Test:  [  3550/?]  eta: ?  loss: 0.7258 (0.8931)  accuracy: 0.6146 (0.5804)  balanced_accuracy: 0.7272 (0.5758)  f1_weighted: 0.6096 (0.5953)  time: 0.2215  data: 0.1795  max mem: 213
Test:  [  3560/?]  eta: ?  loss: 0.7272 (0.8926)  accuracy: 0.5938 (0.5804)  balanced_accuracy: 0.5750 (0.5759)  f1_weighted: 0.5770 (0.5952)  time: 0.2211  data: 0.1791  max mem: 213
Test:  [  3570/?]  eta: ?  loss: 0.7139 (0.8921)  accuracy: 0.6042 (0.5804)  balanced_accuracy: 0.5684 (0.5758)  f1_weighted: 0.5842 (0.5952)  time: 0.2203  data: 0.1783  max mem: 213
Test:  [  3580/?]  eta: ?  loss: 0.7154 (0.8918)  accuracy: 0.5625 (0.5804)  balanced_accuracy: 0.5547 (0.5758)  f1_weighted: 0.5918 (0.5952)  time: 0.2188  data: 0.1771  max mem: 213
Test:  [  3590/?]  eta: ?  loss: 1.0712 (0.8930)  accuracy: 0.5000 (0.5799)  balanced_accuracy: 0.5034 (0.5754)  f1_weighted: 0.5025 (0.5947)  time: 0.2191  data: 0.1774  max mem: 213
Test:  [  3600/?]  eta: ?  loss: 1.2207 (0.8937)  accuracy: 0.4583 (0.5797)  balanced_accuracy: 0.4784 (0.5753)  f1_weighted: 0.4722 (0.5945)  time: 0.2196  data: 0.1778  max mem: 213
Test:  [  3610/?]  eta: ?  loss: 1.1837 (0.8950)  accuracy: 0.5208 (0.5793)  balanced_accuracy: 0.5119 (0.5748)  f1_weighted: 0.5387 (0.5940)  time: 0.2191  data: 0.1773  max mem: 213
Test:  [  3620/?]  eta: ?  loss: 1.3382 (0.8962)  accuracy: 0.3854 (0.5787)  balanced_accuracy: 0.3821 (0.5743)  f1_weighted: 0.3526 (0.5934)  time: 0.2205  data: 0.1787  max mem: 213
Test:  [  3630/?]  eta: ?  loss: 1.2121 (0.8968)  accuracy: 0.4062 (0.5783)  balanced_accuracy: 0.4211 (0.5740)  f1_weighted: 0.3702 (0.5930)  time: 0.2197  data: 0.1779  max mem: 213
Test:  [  3640/?]  eta: ?  loss: 0.9988 (0.8968)  accuracy: 0.4688 (0.5783)  balanced_accuracy: 0.4879 (0.5740)  f1_weighted: 0.4851 (0.5928)  time: 0.2390  data: 0.1971  max mem: 213
Test:  [  3650/?]  eta: ?  loss: 0.7291 (0.8962)  accuracy: 0.6250 (0.5785)  balanced_accuracy: 0.6389 (0.5743)  f1_weighted: 0.5993 (0.5930)  time: 0.2405  data: 0.1985  max mem: 213
Test:  [  3660/?]  eta: ?  loss: 0.7750 (0.8960)  accuracy: 0.5833 (0.5784)  balanced_accuracy: 0.6319 (0.5743)  f1_weighted: 0.5819 (0.5928)  time: 0.2204  data: 0.1785  max mem: 213
Test:  [  3670/?]  eta: ?  loss: 0.7340 (0.8954)  accuracy: 0.5833 (0.5786)  balanced_accuracy: 0.5833 (0.5744)  f1_weighted: 0.5869 (0.5929)  time: 0.2199  data: 0.1781  max mem: 213
Test:  [  3680/?]  eta: ?  loss: 0.6445 (0.8949)  accuracy: 0.6562 (0.5789)  balanced_accuracy: 0.5903 (0.5744)  f1_weighted: 0.6285 (0.5932)  time: 0.2194  data: 0.1775  max mem: 213
Test:  [  3690/?]  eta: ?  loss: 0.5806 (0.8947)  accuracy: 0.7188 (0.5791)  balanced_accuracy: 0.6111 (0.5745)  f1_weighted: 0.7195 (0.5935)  time: 0.2188  data: 0.1769  max mem: 213
Test:  [  3700/?]  eta: ?  loss: 0.4306 (0.8933)  accuracy: 0.8125 (0.5799)  balanced_accuracy: 0.7222 (0.5752)  f1_weighted: 0.8097 (0.5944)  time: 0.2192  data: 0.1771  max mem: 213
Test:  [  3710/?]  eta: ?  loss: 0.6742 (0.8932)  accuracy: 0.6875 (0.5800)  balanced_accuracy: 0.6181 (0.5751)  f1_weighted: 0.8060 (0.5947)  time: 0.2200  data: 0.1779  max mem: 213
Test:  [  3720/?]  eta: ?  loss: 0.8754 (0.8932)  accuracy: 0.5938 (0.5800)  balanced_accuracy: 0.5486 (0.5751)  f1_weighted: 0.6541 (0.5947)  time: 0.2193  data: 0.1773  max mem: 213
Test:  [  3730/?]  eta: ?  loss: 0.8829 (0.8932)  accuracy: 0.5833 (0.5800)  balanced_accuracy: 0.5486 (0.5750)  f1_weighted: 0.5964 (0.5947)  time: 0.2195  data: 0.1776  max mem: 213
Test:  [  3740/?]  eta: ?  loss: 0.8613 (0.8930)  accuracy: 0.5833 (0.5801)  balanced_accuracy: 0.5625 (0.5751)  f1_weighted: 0.5875 (0.5947)  time: 0.2196  data: 0.1778  max mem: 213
Test:  [  3750/?]  eta: ?  loss: 0.8292 (0.8929)  accuracy: 0.5104 (0.5798)  balanced_accuracy: 0.5486 (0.5749)  f1_weighted: 0.5657 (0.5946)  time: 0.2185  data: 0.1767  max mem: 213
Test:  [  3760/?]  eta: ?  loss: 0.8244 (0.8928)  accuracy: 0.4896 (0.5796)  balanced_accuracy: 0.4896 (0.5748)  f1_weighted: 0.5721 (0.5946)  time: 0.2179  data: 0.1760  max mem: 213
Test:  [  3770/?]  eta: ?  loss: 0.8791 (0.8930)  accuracy: 0.5104 (0.5794)  balanced_accuracy: 0.5104 (0.5746)  f1_weighted: 0.6043 (0.5946)  time: 0.2179  data: 0.1760  max mem: 213
Test:  [  3780/?]  eta: ?  loss: 0.9216 (0.8929)  accuracy: 0.5104 (0.5796)  balanced_accuracy: 0.5104 (0.5748)  f1_weighted: 0.6093 (0.5948)  time: 0.2183  data: 0.1764  max mem: 213
Test:  [  3790/?]  eta: ?  loss: 1.1135 (0.8939)  accuracy: 0.5104 (0.5793)  balanced_accuracy: 0.5972 (0.5747)  f1_weighted: 0.5837 (0.5944)  time: 0.2183  data: 0.1764  max mem: 213
Test:  [  3800/?]  eta: ?  loss: 1.2921 (0.8949)  accuracy: 0.3333 (0.5786)  balanced_accuracy: 0.3333 (0.5740)  f1_weighted: 0.4285 (0.5937)  time: 0.2181  data: 0.1762  max mem: 213
Test:  [  3810/?]  eta: ?  loss: 1.4073 (0.8966)  accuracy: 0.3229 (0.5779)  balanced_accuracy: 0.2986 (0.5733)  f1_weighted: 0.4140 (0.5933)  time: 0.2186  data: 0.1767  max mem: 213
Test:  [  3820/?]  eta: ?  loss: 1.5267 (0.8981)  accuracy: 0.3125 (0.5771)  balanced_accuracy: 0.2847 (0.5725)  f1_weighted: 0.4115 (0.5928)  time: 0.2187  data: 0.1768  max mem: 213
Test:  [  3830/?]  eta: ?  loss: 1.2411 (0.8987)  accuracy: 0.5104 (0.5770)  balanced_accuracy: 0.3958 (0.5724)  f1_weighted: 0.5760 (0.5928)  time: 0.2184  data: 0.1764  max mem: 213
Test:  [  3840/?]  eta: ?  loss: 1.2411 (0.9000)  accuracy: 0.5208 (0.5767)  balanced_accuracy: 0.5694 (0.5722)  f1_weighted: 0.5908 (0.5925)  time: 0.2184  data: 0.1765  max mem: 213
Test:  [  3850/?]  eta: ?  loss: 1.3815 (0.9013)  accuracy: 0.3750 (0.5761)  balanced_accuracy: 0.2817 (0.5714)  f1_weighted: 0.4261 (0.5920)  time: 0.2179  data: 0.1760  max mem: 213
Test:  [  3860/?]  eta: ?  loss: 1.3239 (0.9022)  accuracy: 0.3333 (0.5754)  balanced_accuracy: 0.2292 (0.5705)  f1_weighted: 0.3673 (0.5914)  time: 0.2181  data: 0.1762  max mem: 213
Test:  [  3870/?]  eta: ?  loss: 1.2467 (0.9031)  accuracy: 0.3333 (0.5749)  balanced_accuracy: 0.2500 (0.5700)  f1_weighted: 0.4115 (0.5910)  time: 0.2188  data: 0.1768  max mem: 213
Test:  [  3880/?]  eta: ?  loss: 1.1747 (0.9036)  accuracy: 0.3750 (0.5746)  balanced_accuracy: 0.3889 (0.5696)  f1_weighted: 0.4602 (0.5908)  time: 0.2186  data: 0.1766  max mem: 213
Test:  [  3890/?]  eta: ?  loss: 0.7730 (0.9031)  accuracy: 0.5833 (0.5747)  balanced_accuracy: 0.5486 (0.5697)  f1_weighted: 0.5677 (0.5909)  time: 0.2180  data: 0.1761  max mem: 213
Test:  [  3900/?]  eta: ?  loss: 0.7200 (0.9027)  accuracy: 0.6146 (0.5749)  balanced_accuracy: 0.5569 (0.5696)  f1_weighted: 0.6138 (0.5911)  time: 0.2182  data: 0.1762  max mem: 213
Test:  [  3910/?]  eta: ?  loss: 0.7017 (0.9021)  accuracy: 0.6979 (0.5753)  balanced_accuracy: 0.6875 (0.5701)  f1_weighted: 0.8179 (0.5918)  time: 0.2179  data: 0.1760  max mem: 213
Test:  [  3920/?]  eta: ?  loss: 0.6008 (0.9012)  accuracy: 0.7604 (0.5759)  balanced_accuracy: 0.7604 (0.5706)  f1_weighted: 0.8639 (0.5925)  time: 0.2172  data: 0.1751  max mem: 213
Test:  [  3930/?]  eta: ?  loss: 0.5381 (0.9002)  accuracy: 0.7708 (0.5764)  balanced_accuracy: 0.7708 (0.5712)  f1_weighted: 0.8639 (0.5932)  time: 0.2182  data: 0.1762  max mem: 213
Test:  [  3940/?]  eta: ?  loss: 0.5863 (0.8995)  accuracy: 0.7500 (0.5768)  balanced_accuracy: 0.7500 (0.5716)  f1_weighted: 0.8452 (0.5938)  time: 0.2213  data: 0.1794  max mem: 213
Test:  [  3950/?]  eta: ?  loss: 0.7123 (0.8993)  accuracy: 0.6667 (0.5768)  balanced_accuracy: 0.6667 (0.5717)  f1_weighted: 0.7364 (0.5939)  time: 0.2228  data: 0.1809  max mem: 213
Test:  [  3960/?]  eta: ?  loss: 0.6789 (0.8985)  accuracy: 0.6562 (0.5773)  balanced_accuracy: 0.6597 (0.5721)  f1_weighted: 0.6997 (0.5943)  time: 0.2244  data: 0.1824  max mem: 213
Test:  [  3970/?]  eta: ?  loss: 0.6187 (0.8980)  accuracy: 0.7292 (0.5776)  balanced_accuracy: 0.7361 (0.5725)  f1_weighted: 0.7177 (0.5946)  time: 0.2243  data: 0.1824  max mem: 213
Test:  [  3980/?]  eta: ?  loss: 0.6793 (0.8975)  accuracy: 0.6979 (0.5778)  balanced_accuracy: 0.6667 (0.5727)  f1_weighted: 0.7041 (0.5947)  time: 0.2232  data: 0.1813  max mem: 213
Test:  [  3990/?]  eta: ?  loss: 0.7299 (0.8972)  accuracy: 0.6250 (0.5779)  balanced_accuracy: 0.6250 (0.5729)  f1_weighted: 0.6254 (0.5948)  time: 0.2227  data: 0.1809  max mem: 213
Test:  [  4000/?]  eta: ?  loss: 0.8232 (0.8971)  accuracy: 0.5521 (0.5778)  balanced_accuracy: 0.5972 (0.5728)  f1_weighted: 0.6254 (0.5949)  time: 0.2217  data: 0.1799  max mem: 213
Test:  [  4010/?]  eta: ?  loss: 0.8458 (0.8970)  accuracy: 0.5208 (0.5777)  balanced_accuracy: 0.5556 (0.5726)  f1_weighted: 0.6341 (0.5949)  time: 0.2216  data: 0.1797  max mem: 213
Test:  [  4020/?]  eta: ?  loss: 0.9447 (0.8973)  accuracy: 0.4375 (0.5773)  balanced_accuracy: 0.3750 (0.5721)  f1_weighted: 0.5276 (0.5947)  time: 0.2223  data: 0.1802  max mem: 213
Test:  [  4030/?]  eta: ?  loss: 1.0047 (0.8978)  accuracy: 0.4062 (0.5769)  balanced_accuracy: 0.3611 (0.5717)  f1_weighted: 0.5028 (0.5945)  time: 0.2229  data: 0.1809  max mem: 213
Test:  [  4040/?]  eta: ?  loss: 0.9759 (0.8978)  accuracy: 0.4688 (0.5767)  balanced_accuracy: 0.4688 (0.5715)  f1_weighted: 0.5553 (0.5944)  time: 0.2246  data: 0.1827  max mem: 213
Test:  [  4050/?]  eta: ?  loss: 0.9118 (0.8977)  accuracy: 0.4792 (0.5765)  balanced_accuracy: 0.4792 (0.5714)  f1_weighted: 0.5647 (0.5944)  time: 0.2246  data: 0.1827  max mem: 213
Test:  [  4060/?]  eta: ?  loss: 0.7265 (0.8971)  accuracy: 0.6250 (0.5767)  balanced_accuracy: 0.6875 (0.5718)  f1_weighted: 0.6125 (0.5946)  time: 0.2227  data: 0.1807  max mem: 213
Test:  [  4070/?]  eta: ?  loss: 0.6315 (0.8963)  accuracy: 0.6771 (0.5771)  balanced_accuracy: 0.7569 (0.5723)  f1_weighted: 0.6759 (0.5949)  time: 0.2212  data: 0.1795  max mem: 213
Test:  [  4080/?]  eta: ?  loss: 0.6315 (0.8958)  accuracy: 0.6458 (0.5772)  balanced_accuracy: 0.6458 (0.5722)  f1_weighted: 0.6412 (0.5949)  time: 0.2217  data: 0.1799  max mem: 213
Test:  [  4090/?]  eta: ?  loss: 0.6844 (0.8953)  accuracy: 0.6562 (0.5775)  balanced_accuracy: 0.5764 (0.5722)  f1_weighted: 0.6693 (0.5952)  time: 0.2222  data: 0.1804  max mem: 213
Test:  [  4100/?]  eta: ?  loss: 0.7351 (0.8950)  accuracy: 0.6979 (0.5777)  balanced_accuracy: 0.6042 (0.5724)  f1_weighted: 0.7126 (0.5955)  time: 0.2221  data: 0.1803  max mem: 213
Test:  [  4110/?]  eta: ?  loss: 0.7599 (0.8949)  accuracy: 0.5625 (0.5776)  balanced_accuracy: 0.6111 (0.5725)  f1_weighted: 0.6402 (0.5954)  time: 0.2225  data: 0.1806  max mem: 213
Test:  [  4120/?]  eta: ?  loss: 1.0475 (0.8961)  accuracy: 0.4271 (0.5771)  balanced_accuracy: 0.5417 (0.5719)  f1_weighted: 0.4673 (0.5952)  time: 0.2212  data: 0.1794  max mem: 213
Test:  [  4130/?]  eta: ?  loss: 1.3197 (0.8969)  accuracy: 0.4271 (0.5768)  balanced_accuracy: 0.3542 (0.5715)  f1_weighted: 0.4528 (0.5948)  time: 0.2213  data: 0.1794  max mem: 213
Test:  [  4140/?]  eta: ?  loss: 1.2208 (0.8978)  accuracy: 0.4375 (0.5765)  balanced_accuracy: 0.4097 (0.5711)  f1_weighted: 0.4080 (0.5943)  time: 0.2219  data: 0.1801  max mem: 213
Test:  [  4150/?]  eta: ?  loss: 1.2748 (0.8990)  accuracy: 0.4375 (0.5761)  balanced_accuracy: 0.4167 (0.5707)  f1_weighted: 0.3872 (0.5938)  time: 0.2220  data: 0.1802  max mem: 213
Test:  [  4160/?]  eta: ?  loss: 1.1917 (0.8995)  accuracy: 0.4062 (0.5757)  balanced_accuracy: 0.4167 (0.5704)  f1_weighted: 0.4065 (0.5934)  time: 0.2211  data: 0.1794  max mem: 213
Test:  [  4170/?]  eta: ?  loss: 1.0200 (0.8996)  accuracy: 0.4479 (0.5755)  balanced_accuracy: 0.4722 (0.5703)  f1_weighted: 0.4705 (0.5932)  time: 0.2214  data: 0.1797  max mem: 213
Test:  [  4180/?]  eta: ?  loss: 0.8307 (0.8992)  accuracy: 0.5625 (0.5757)  balanced_accuracy: 0.5625 (0.5705)  f1_weighted: 0.5825 (0.5934)  time: 0.2228  data: 0.1808  max mem: 213
Test:  [  4190/?]  eta: ?  loss: 0.8092 (0.8992)  accuracy: 0.5417 (0.5755)  balanced_accuracy: 0.5417 (0.5703)  f1_weighted: 0.5562 (0.5932)  time: 0.2227  data: 0.1806  max mem: 213
Test:  [  4200/?]  eta: ?  loss: 0.7787 (0.8986)  accuracy: 0.5417 (0.5757)  balanced_accuracy: 0.5417 (0.5705)  f1_weighted: 0.5790 (0.5934)  time: 0.2215  data: 0.1796  max mem: 213
Test:  [  4210/?]  eta: ?  loss: 0.6840 (0.8983)  accuracy: 0.6042 (0.5757)  balanced_accuracy: 0.6042 (0.5705)  f1_weighted: 0.6248 (0.5934)  time: 0.2210  data: 0.1794  max mem: 213
Test:  [  4220/?]  eta: ?  loss: 0.7074 (0.8980)  accuracy: 0.6042 (0.5759)  balanced_accuracy: 0.6042 (0.5706)  f1_weighted: 0.6666 (0.5936)  time: 0.2212  data: 0.1798  max mem: 213
Test:  [  4230/?]  eta: ?  loss: 0.7002 (0.8977)  accuracy: 0.6354 (0.5760)  balanced_accuracy: 0.6181 (0.5707)  f1_weighted: 0.6980 (0.5938)  time: 0.2218  data: 0.1803  max mem: 213
Test:  [  4240/?]  eta: ?  loss: 0.8545 (0.8979)  accuracy: 0.5833 (0.5758)  balanced_accuracy: 0.5208 (0.5703)  f1_weighted: 0.5698 (0.5936)  time: 0.2230  data: 0.1815  max mem: 213
Test:  [  4250/?]  eta: ?  loss: 0.8513 (0.8973)  accuracy: 0.5625 (0.5762)  balanced_accuracy: 0.4935 (0.5706)  f1_weighted: 0.5381 (0.5939)  time: 0.2223  data: 0.1809  max mem: 213
Test:  [  4260/?]  eta: ?  loss: 0.6172 (0.8967)  accuracy: 0.6771 (0.5764)  balanced_accuracy: 0.7500 (0.5711)  f1_weighted: 0.7421 (0.5942)  time: 0.2211  data: 0.1796  max mem: 213
Test:  [  4270/?]  eta: ?  loss: 0.6172 (0.8960)  accuracy: 0.6979 (0.5768)  balanced_accuracy: 0.7778 (0.5716)  f1_weighted: 0.7421 (0.5947)  time: 0.2204  data: 0.1789  max mem: 213
Test:  [  4280/?]  eta: ?  loss: 0.6395 (0.8956)  accuracy: 0.6979 (0.5770)  balanced_accuracy: 0.7639 (0.5719)  f1_weighted: 0.7371 (0.5948)  time: 0.2207  data: 0.1792  max mem: 213
Test:  [  4290/?]  eta: ?  loss: 0.7660 (0.8955)  accuracy: 0.6042 (0.5770)  balanced_accuracy: 0.6111 (0.5719)  f1_weighted: 0.5778 (0.5947)  time: 0.2215  data: 0.1800  max mem: 213
Test:  [  4300/?]  eta: ?  loss: 0.7720 (0.8951)  accuracy: 0.6042 (0.5772)  balanced_accuracy: 0.6042 (0.5720)  f1_weighted: 0.6266 (0.5951)  time: 0.2217  data: 0.1803  max mem: 213
Test:  [  4310/?]  eta: ?  loss: 0.5046 (0.8940)  accuracy: 0.7604 (0.5778)  balanced_accuracy: 0.8194 (0.5727)  f1_weighted: 0.8523 (0.5958)  time: 0.2221  data: 0.1805  max mem: 213
Test:  [  4320/?]  eta: ?  loss: 0.3545 (0.8927)  accuracy: 0.9062 (0.5786)  balanced_accuracy: 0.9097 (0.5736)  f1_weighted: 0.9500 (0.5966)  time: 0.2214  data: 0.1799  max mem: 213
Test:  [  4330/?]  eta: ?  loss: 0.3121 (0.8914)  accuracy: 0.9167 (0.5792)  balanced_accuracy: 0.9062 (0.5743)  f1_weighted: 0.9508 (0.5972)  time: 0.2209  data: 0.1793  max mem: 213
Test:  [  4340/?]  eta: ?  loss: 0.4889 (0.8913)  accuracy: 0.7708 (0.5793)  balanced_accuracy: 0.8333 (0.5747)  f1_weighted: 0.7604 (0.5973)  time: 0.2214  data: 0.1798  max mem: 213
Test:  [  4350/?]  eta: ?  loss: 0.6798 (0.8908)  accuracy: 0.6875 (0.5796)  balanced_accuracy: 0.7778 (0.5751)  f1_weighted: 0.7064 (0.5976)  time: 0.2215  data: 0.1799  max mem: 213
Test:  [  4360/?]  eta: ?  loss: 0.7359 (0.8919)  accuracy: 0.6042 (0.5793)  balanced_accuracy: 0.7361 (0.5750)  f1_weighted: 0.6293 (0.5974)  time: 0.2210  data: 0.1794  max mem: 213
Test:  [  4370/?]  eta: ?  loss: 1.3939 (0.8929)  accuracy: 0.4167 (0.5789)  balanced_accuracy: 0.4531 (0.5746)  f1_weighted: 0.4885 (0.5971)  time: 0.2207  data: 0.1792  max mem: 213
Test:  [  4380/?]  eta: ?  loss: 1.1762 (0.8933)  accuracy: 0.3854 (0.5785)  balanced_accuracy: 0.3125 (0.5740)  f1_weighted: 0.4173 (0.5966)  time: 0.2206  data: 0.1791  max mem: 213
Test:  [  4390/?]  eta: ?  loss: 1.1624 (0.8941)  accuracy: 0.3646 (0.5780)  balanced_accuracy: 0.3021 (0.5734)  f1_weighted: 0.3762 (0.5962)  time: 0.2219  data: 0.1804  max mem: 213
Test:  [  4400/?]  eta: ?  loss: 1.2993 (0.8957)  accuracy: 0.2812 (0.5772)  balanced_accuracy: 0.2708 (0.5726)  f1_weighted: 0.3062 (0.5954)  time: 0.2237  data: 0.1822  max mem: 213
Test:  [  4410/?]  eta: ?  loss: 1.5278 (0.8972)  accuracy: 0.2396 (0.5764)  balanced_accuracy: 0.2153 (0.5718)  f1_weighted: 0.2427 (0.5946)  time: 0.2230  data: 0.1815  max mem: 213
Test:  [  4420/?]  eta: ?  loss: 1.5278 (0.8988)  accuracy: 0.2500 (0.5758)  balanced_accuracy: 0.2222 (0.5713)  f1_weighted: 0.2435 (0.5939)  time: 0.2217  data: 0.1802  max mem: 213
Test:  [  4430/?]  eta: ?  loss: 1.0964 (0.8991)  accuracy: 0.4792 (0.5757)  balanced_accuracy: 0.3889 (0.5710)  f1_weighted: 0.5184 (0.5939)  time: 0.2221  data: 0.1806  max mem: 213
Test:  [  4440/?]  eta: ?  loss: 1.0632 (0.8998)  accuracy: 0.5000 (0.5753)  balanced_accuracy: 0.3889 (0.5705)  f1_weighted: 0.5375 (0.5936)  time: 0.2216  data: 0.1800  max mem: 213
Test:  [  4450/?]  eta: ?  loss: 1.2721 (0.9008)  accuracy: 0.4271 (0.5750)  balanced_accuracy: 0.3611 (0.5700)  f1_weighted: 0.4841 (0.5934)  time: 0.2208  data: 0.1792  max mem: 213
Test:  [  4460/?]  eta: ?  loss: 1.0859 (0.9009)  accuracy: 0.4479 (0.5748)  balanced_accuracy: 0.4028 (0.5700)  f1_weighted: 0.5030 (0.5932)  time: 0.2213  data: 0.1797  max mem: 213
Test:  [  4470/?]  eta: ?  loss: 0.6858 (0.9003)  accuracy: 0.6042 (0.5751)  balanced_accuracy: 0.6875 (0.5704)  f1_weighted: 0.6455 (0.5935)  time: 0.2211  data: 0.1793  max mem: 213
Test:  [  4480/?]  eta: ?  loss: 0.6373 (0.8998)  accuracy: 0.7188 (0.5753)  balanced_accuracy: 0.7569 (0.5707)  f1_weighted: 0.7373 (0.5938)  time: 0.2210  data: 0.1791  max mem: 213
Test:  [  4490/?]  eta: ?  loss: 0.7039 (0.8996)  accuracy: 0.5938 (0.5753)  balanced_accuracy: 0.6181 (0.5705)  f1_weighted: 0.6066 (0.5937)  time: 0.2221  data: 0.1799  max mem: 213
Test:  [  4500/?]  eta: ?  loss: 1.0418 (0.9008)  accuracy: 0.4479 (0.5748)  balanced_accuracy: 0.4236 (0.5700)  f1_weighted: 0.4601 (0.5931)  time: 0.2225  data: 0.1804  max mem: 213
Test:  [  4510/?]  eta: ?  loss: 1.1489 (0.9012)  accuracy: 0.4375 (0.5746)  balanced_accuracy: 0.3889 (0.5696)  f1_weighted: 0.4082 (0.5930)  time: 0.2217  data: 0.1798  max mem: 213
Test:  [  4520/?]  eta: ?  loss: 1.2729 (0.9025)  accuracy: 0.3958 (0.5741)  balanced_accuracy: 0.3194 (0.5690)  f1_weighted: 0.3950 (0.5925)  time: 0.2214  data: 0.1796  max mem: 213
Test:  [  4530/?]  eta: ?  loss: 1.3479 (0.9032)  accuracy: 0.3854 (0.5737)  balanced_accuracy: 0.3611 (0.5687)  f1_weighted: 0.3808 (0.5921)  time: 0.2216  data: 0.1798  max mem: 213
Test:  [  4540/?]  eta: ?  loss: 1.1577 (0.9033)  accuracy: 0.5000 (0.5738)  balanced_accuracy: 0.4861 (0.5688)  f1_weighted: 0.4636 (0.5921)  time: 0.2223  data: 0.1805  max mem: 213
Test:  [  4550/?]  eta: ?  loss: 0.6813 (0.9027)  accuracy: 0.6250 (0.5741)  balanced_accuracy: 0.6319 (0.5691)  f1_weighted: 0.6267 (0.5923)  time: 0.2243  data: 0.1822  max mem: 213
Test:  [  4560/?]  eta: ?  loss: 0.5875 (0.9021)  accuracy: 0.6979 (0.5743)  balanced_accuracy: 0.7153 (0.5694)  f1_weighted: 0.6966 (0.5925)  time: 0.2243  data: 0.1821  max mem: 213
Test:  [  4570/?]  eta: ?  loss: 0.5779 (0.9013)  accuracy: 0.7188 (0.5747)  balanced_accuracy: 0.7361 (0.5699)  f1_weighted: 0.7236 (0.5929)  time: 0.2238  data: 0.1817  max mem: 213
Test:  [  4580/?]  eta: ?  loss: 0.6185 (0.9014)  accuracy: 0.7083 (0.5745)  balanced_accuracy: 0.7222 (0.5697)  f1_weighted: 0.7132 (0.5927)  time: 0.2279  data: 0.1857  max mem: 213
Test:  [  4590/?]  eta: ?  loss: 1.0173 (0.9016)  accuracy: 0.4375 (0.5743)  balanced_accuracy: 0.5278 (0.5696)  f1_weighted: 0.4261 (0.5923)  time: 0.2328  data: 0.1901  max mem: 213
Test:  [  4600/?]  eta: ?  loss: 0.9791 (0.9018)  accuracy: 0.4583 (0.5740)  balanced_accuracy: 0.5278 (0.5695)  f1_weighted: 0.4333 (0.5920)  time: 0.2341  data: 0.1915  max mem: 213
Test:  [  4610/?]  eta: ?  loss: 0.9446 (0.9018)  accuracy: 0.4583 (0.5740)  balanced_accuracy: 0.5069 (0.5695)  f1_weighted: 0.4587 (0.5919)  time: 0.2343  data: 0.1917  max mem: 213
Test:  [  4620/?]  eta: ?  loss: 0.7330 (0.9013)  accuracy: 0.6354 (0.5742)  balanced_accuracy: 0.7083 (0.5698)  f1_weighted: 0.6450 (0.5921)  time: 0.2330  data: 0.1906  max mem: 213
Test:  [  4630/?]  eta: ?  loss: 0.6230 (0.9007)  accuracy: 0.7188 (0.5746)  balanced_accuracy: 0.7292 (0.5702)  f1_weighted: 0.7335 (0.5925)  time: 0.2323  data: 0.1902  max mem: 213
Test:  [  4640/?]  eta: ?  loss: 0.7306 (0.9019)  accuracy: 0.5625 (0.5741)  balanced_accuracy: 0.3750 (0.5694)  f1_weighted: 0.6464 (0.5922)  time: 0.2338  data: 0.1915  max mem: 213
Test:  [  4650/?]  eta: ?  loss: 1.2201 (0.9025)  accuracy: 0.3750 (0.5738)  balanced_accuracy: 0.3125 (0.5692)  f1_weighted: 0.3766 (0.5919)  time: 0.2329  data: 0.1908  max mem: 213
Test:  [  4660/?]  eta: ?  loss: 0.7033 (0.9020)  accuracy: 0.6250 (0.5741)  balanced_accuracy: 0.6181 (0.5695)  f1_weighted: 0.6322 (0.5922)  time: 0.2323  data: 0.1903  max mem: 213
Test:  [  4670/?]  eta: ?  loss: 0.8361 (0.9026)  accuracy: 0.4896 (0.5737)  balanced_accuracy: 0.4375 (0.5690)  f1_weighted: 0.5450 (0.5919)  time: 0.2338  data: 0.1914  max mem: 213
Test:  [  4680/?]  eta: ?  loss: 1.1508 (0.9031)  accuracy: 0.3750 (0.5734)  balanced_accuracy: 0.3611 (0.5686)  f1_weighted: 0.4856 (0.5917)  time: 0.2333  data: 0.1910  max mem: 213
Test:  [  4690/?]  eta: ?  loss: 1.0672 (0.9035)  accuracy: 0.4167 (0.5731)  balanced_accuracy: 0.4167 (0.5683)  f1_weighted: 0.4709 (0.5914)  time: 0.2330  data: 0.1906  max mem: 213
Test:  [  4700/?]  eta: ?  loss: 1.2284 (0.9048)  accuracy: 0.3438 (0.5725)  balanced_accuracy: 0.2986 (0.5676)  f1_weighted: 0.3535 (0.5907)  time: 0.2342  data: 0.1919  max mem: 213
Test:  [  4710/?]  eta: ?  loss: 1.4822 (0.9060)  accuracy: 0.2917 (0.5719)  balanced_accuracy: 0.2222 (0.5669)  f1_weighted: 0.2607 (0.5901)  time: 0.2320  data: 0.1900  max mem: 213
Test:  [  4720/?]  eta: ?  loss: 1.4130 (0.9069)  accuracy: 0.2708 (0.5713)  balanced_accuracy: 0.2083 (0.5661)  f1_weighted: 0.3256 (0.5896)  time: 0.2308  data: 0.1888  max mem: 213
Test:  [  4730/?]  eta: ?  loss: 1.2795 (0.9079)  accuracy: 0.2708 (0.5705)  balanced_accuracy: 0.1944 (0.5654)  f1_weighted: 0.3540 (0.5890)  time: 0.2304  data: 0.1884  max mem: 213
Test:  [  4740/?]  eta: ?  loss: 1.3526 (0.9086)  accuracy: 0.2292 (0.5700)  balanced_accuracy: 0.1944 (0.5649)  f1_weighted: 0.2962 (0.5884)  time: 0.2290  data: 0.1871  max mem: 213
Test:  [  4750/?]  eta: ?  loss: 0.7287 (0.9081)  accuracy: 0.5833 (0.5702)  balanced_accuracy: 0.5833 (0.5651)  f1_weighted: 0.5602 (0.5886)  time: 0.2293  data: 0.1871  max mem: 213
Test:  [  4760/?]  eta: ?  loss: 0.5498 (0.9072)  accuracy: 0.7917 (0.5708)  balanced_accuracy: 0.7292 (0.5655)  f1_weighted: 0.7810 (0.5891)  time: 0.2284  data: 0.1861  max mem: 213
Test:  [  4770/?]  eta: ?  loss: 0.5201 (0.9066)  accuracy: 0.7917 (0.5711)  balanced_accuracy: 0.7431 (0.5656)  f1_weighted: 0.7984 (0.5893)  time: 0.2284  data: 0.1864  max mem: 213
Test:  [  4780/?]  eta: ?  loss: 0.8552 (0.9068)  accuracy: 0.5833 (0.5710)  balanced_accuracy: 0.5069 (0.5654)  f1_weighted: 0.5307 (0.5891)  time: 0.2280  data: 0.1862  max mem: 213
Test:  [  4790/?]  eta: ?  loss: 1.0615 (0.9072)  accuracy: 0.4688 (0.5707)  balanced_accuracy: 0.3819 (0.5650)  f1_weighted: 0.4044 (0.5887)  time: 0.2263  data: 0.1846  max mem: 213
Test:  [  4800/?]  eta: ?  loss: 1.1222 (0.9080)  accuracy: 0.3958 (0.5703)  balanced_accuracy: 0.3194 (0.5644)  f1_weighted: 0.3739 (0.5882)  time: 0.2263  data: 0.1845  max mem: 213
Test:  [  4810/?]  eta: ?  loss: 1.0795 (0.9079)  accuracy: 0.5417 (0.5705)  balanced_accuracy: 0.4138 (0.5646)  f1_weighted: 0.4852 (0.5884)  time: 0.2291  data: 0.1871  max mem: 213
Test:  [  4820/?]  eta: ?  loss: 1.0220 (0.9083)  accuracy: 0.5938 (0.5705)  balanced_accuracy: 0.5938 (0.5646)  f1_weighted: 0.6205 (0.5884)  time: 0.2296  data: 0.1875  max mem: 213
Test:  [  4830/?]  eta: ?  loss: 1.0220 (0.9082)  accuracy: 0.5833 (0.5706)  balanced_accuracy: 0.5833 (0.5647)  f1_weighted: 0.6118 (0.5885)  time: 0.2289  data: 0.1868  max mem: 213
Test:  [  4840/?]  eta: ?  loss: 0.9638 (0.9084)  accuracy: 0.5833 (0.5706)  balanced_accuracy: 0.5903 (0.5648)  f1_weighted: 0.5964 (0.5884)  time: 0.2317  data: 0.1893  max mem: 213
Test:  [  4850/?]  eta: ?  loss: 0.8787 (0.9082)  accuracy: 0.5625 (0.5707)  balanced_accuracy: 0.6319 (0.5651)  f1_weighted: 0.5483 (0.5885)  time: 0.2323  data: 0.1899  max mem: 213
Test:  [  4860/?]  eta: ?  loss: 0.8082 (0.9081)  accuracy: 0.6250 (0.5708)  balanced_accuracy: 0.7014 (0.5653)  f1_weighted: 0.6409 (0.5886)  time: 0.2320  data: 0.1897  max mem: 213
Test:  [  4870/?]  eta: ?  loss: 0.8189 (0.9079)  accuracy: 0.6354 (0.5710)  balanced_accuracy: 0.6111 (0.5652)  f1_weighted: 0.6636 (0.5887)  time: 0.2332  data: 0.1907  max mem: 213
Test:  [  4880/?]  eta: ?  loss: 0.8015 (0.9076)  accuracy: 0.5833 (0.5710)  balanced_accuracy: 0.5417 (0.5653)  f1_weighted: 0.5520 (0.5887)  time: 0.2320  data: 0.1896  max mem: 213
Test:  [  4890/?]  eta: ?  loss: 0.8974 (0.9078)  accuracy: 0.5000 (0.5707)  balanced_accuracy: 0.5764 (0.5652)  f1_weighted: 0.5211 (0.5885)  time: 0.2330  data: 0.1906  max mem: 213
Test: Total time: 0:20:53 (0.2560 s / it)
* loss 0.908
  Test segment-level: 0.5706 | participant (mean prob): 0.6758 | participant (majority vote): 0.6780
======Accuracy: 0.5706215050055452 0.0, balanced accuracy: 0.570684950262986 0.0
