Using conda Python: /home/mojtabam/miniconda3/envs/eeg_env/bin/python
==========================================
LaBraM Fine-tuning for gender_baseline
==========================================
Dataset: gender_baseline
Segment Length: 1s
Output Dir: /home/mojtabam/projects/aip-aghodsib/mojtabam/EEG/final_logs/LaBraM/labram_gender_1s/output
Model: labram_base_patch200_200
Batch Size: 1024
Epochs: 50
Learning Rate: 0.0005
==========================================
LaBraM fine-tuning starting...
Loading dataset configuration (this may take a moment)...
Gender baseline dataset loaded
  HDF5 directory: /home/mojtabam/scratch/processed_eeg_data_hdf5
  Segment length: 1s
  Task type: both
  Random seed: 42
  Note: Using pre-split HDF5 files (train/val/test splits from preprocessing)
  Note: IterableDataset size is unknown until iteration
Not using distributed mode
Namespace(batch_size=1024, epochs=50, update_freq=1, save_ckpt_freq=5, robust_test=None, model='labram_base_patch200_200', qkv_bias=True, rel_pos_bias=True, abs_pos_emb=True, layer_scale_init_value=0.1, input_size=200, drop=0.0, attn_drop_rate=0.0, drop_path=0.1, disable_eval_during_finetuning=False, model_ema=True, model_ema_decay=0.996, model_ema_force_cpu=False, opt='adamw', opt_eps=1e-08, opt_betas=[0.9, 0.98], clip_grad=3.0, momentum=0.9, weight_decay=0.05, weight_decay_end=None, lr=0.0005, layer_decay=0.65, warmup_lr=1e-06, min_lr=1e-05, warmup_epochs=5, warmup_steps=-1, smoothing=0.0, reprob=0.25, remode='pixel', recount=1, resplit=False, finetune='/home/mojtabam/projects/aip-aghodsib/mojtabam/EEG/LaBraM/checkpoints/labram-base.pth', model_key='model|module', model_prefix='', model_filter_name='gzp', init_scale=0.001, use_mean_pooling=True, disable_weight_decay_on_rel_pos_bias=False, nb_classes=1, output_dir='/home/mojtabam/projects/aip-aghodsib/mojtabam/EEG/final_logs/LaBraM/labram_gender_1s/output', log_dir='/home/mojtabam/projects/aip-aghodsib/mojtabam/EEG/final_logs/LaBraM/labram_gender_1s/logs', device='cuda', seed=42, resume='/home/mojtabam/projects/aip-aghodsib/mojtabam/EEG/final_logs/checkpoints/gender_labram_1s_best.pth', auto_resume=True, save_ckpt=True, start_epoch=0, eval=False, dist_eval=False, num_workers=10, pin_mem=True, aggregate_by_participant=None, world_size=1, local_rank=-1, dist_on_itp=False, dist_url='env://', enable_deepspeed=False, dataset='gender_baseline', segment_length='1s', data_path=None, class_weight_power=1.0, is_cross_validation=False, cv_folds=None, distributed=False)
Using device: cuda (1 GPU(s): ['NVIDIA L40S'])
Gender baseline dataset loaded
  HDF5 directory: /home/mojtabam/scratch/processed_eeg_data_hdf5
  Segment length: 1s
  Task type: both
  Random seed: 42
  Note: Using pre-split HDF5 files (train/val/test splits from preprocessing)
  Note: IterableDataset size is unknown until iteration
Using IterableDataset - DataLoader will iterate directly (no sampler)
Distributed training: 1 tasks, rank 0
DataLoader num_workers: 0 (1s segments: single process to avoid each worker building HDF5 cache; first batch may take 10-30 min)
Patch size = 200
Load ckpt from /home/mojtabam/projects/aip-aghodsib/mojtabam/EEG/LaBraM/checkpoints/labram-base.pth
Load state_dict by model_key = model
Weights of NeuralTransformer not initialized from pretrained model: ['blocks.0.attn.q_bias', 'blocks.0.attn.v_bias', 'blocks.1.attn.q_bias', 'blocks.1.attn.v_bias', 'blocks.2.attn.q_bias', 'blocks.2.attn.v_bias', 'blocks.3.attn.q_bias', 'blocks.3.attn.v_bias', 'blocks.4.attn.q_bias', 'blocks.4.attn.v_bias', 'blocks.5.attn.q_bias', 'blocks.5.attn.v_bias', 'blocks.6.attn.q_bias', 'blocks.6.attn.v_bias', 'blocks.7.attn.q_bias', 'blocks.7.attn.v_bias', 'blocks.8.attn.q_bias', 'blocks.8.attn.v_bias', 'blocks.9.attn.q_bias', 'blocks.9.attn.v_bias', 'blocks.10.attn.q_bias', 'blocks.10.attn.v_bias', 'blocks.11.attn.q_bias', 'blocks.11.attn.v_bias', 'fc_norm.weight', 'fc_norm.bias', 'head.weight', 'head.bias']
Weights from pretrained model not used in NeuralTransformer: ['mask_token', 'lm_head.weight', 'lm_head.bias', 'norm.weight', 'norm.bias']
Using EMA with decay = 0.99600000
Model = NeuralTransformer(
  (patch_embed): TemporalConv(
    (conv1): Conv2d(1, 8, kernel_size=(1, 15), stride=(1, 8), padding=(0, 7))
    (gelu1): GELU(approximate='none')
    (norm1): GroupNorm(4, 8, eps=1e-05, affine=True)
    (conv2): Conv2d(8, 8, kernel_size=(1, 3), stride=(1, 1), padding=(0, 1))
    (gelu2): GELU(approximate='none')
    (norm2): GroupNorm(4, 8, eps=1e-05, affine=True)
    (conv3): Conv2d(8, 8, kernel_size=(1, 3), stride=(1, 1), padding=(0, 1))
    (norm3): GroupNorm(4, 8, eps=1e-05, affine=True)
    (gelu3): GELU(approximate='none')
  )
  (pos_drop): Dropout(p=0.0, inplace=False)
  (blocks): ModuleList(
    (0): Block(
      (norm1): LayerNorm((200,), eps=1e-06, elementwise_affine=True)
      (attn): Attention(
        (qkv): Linear(in_features=200, out_features=600, bias=False)
        (q_norm): LayerNorm((20,), eps=1e-06, elementwise_affine=True)
        (k_norm): LayerNorm((20,), eps=1e-06, elementwise_affine=True)
        (attn_drop): Dropout(p=0.0, inplace=False)
        (proj): Linear(in_features=200, out_features=200, bias=True)
        (proj_drop): Dropout(p=0.0, inplace=False)
      )
      (drop_path): Identity()
      (norm2): LayerNorm((200,), eps=1e-06, elementwise_affine=True)
      (mlp): Mlp(
        (fc1): Linear(in_features=200, out_features=800, bias=True)
        (act): GELU(approximate='none')
        (fc2): Linear(in_features=800, out_features=200, bias=True)
        (drop): Dropout(p=0.0, inplace=False)
      )
    )
    (1): Block(
      (norm1): LayerNorm((200,), eps=1e-06, elementwise_affine=True)
      (attn): Attention(
        (qkv): Linear(in_features=200, out_features=600, bias=False)
        (q_norm): LayerNorm((20,), eps=1e-06, elementwise_affine=True)
        (k_norm): LayerNorm((20,), eps=1e-06, elementwise_affine=True)
        (attn_drop): Dropout(p=0.0, inplace=False)
        (proj): Linear(in_features=200, out_features=200, bias=True)
        (proj_drop): Dropout(p=0.0, inplace=False)
      )
      (drop_path): DropPath(p=0.00909090880304575)
      (norm2): LayerNorm((200,), eps=1e-06, elementwise_affine=True)
      (mlp): Mlp(
        (fc1): Linear(in_features=200, out_features=800, bias=True)
        (act): GELU(approximate='none')
        (fc2): Linear(in_features=800, out_features=200, bias=True)
        (drop): Dropout(p=0.0, inplace=False)
      )
    )
    (2): Block(
      (norm1): LayerNorm((200,), eps=1e-06, elementwise_affine=True)
      (attn): Attention(
        (qkv): Linear(in_features=200, out_features=600, bias=False)
        (q_norm): LayerNorm((20,), eps=1e-06, elementwise_affine=True)
        (k_norm): LayerNorm((20,), eps=1e-06, elementwise_affine=True)
        (attn_drop): Dropout(p=0.0, inplace=False)
        (proj): Linear(in_features=200, out_features=200, bias=True)
        (proj_drop): Dropout(p=0.0, inplace=False)
      )
      (drop_path): DropPath(p=0.0181818176060915)
      (norm2): LayerNorm((200,), eps=1e-06, elementwise_affine=True)
      (mlp): Mlp(
        (fc1): Linear(in_features=200, out_features=800, bias=True)
        (act): GELU(approximate='none')
        (fc2): Linear(in_features=800, out_features=200, bias=True)
        (drop): Dropout(p=0.0, inplace=False)
      )
    )
    (3): Block(
      (norm1): LayerNorm((200,), eps=1e-06, elementwise_affine=True)
      (attn): Attention(
        (qkv): Linear(in_features=200, out_features=600, bias=False)
        (q_norm): LayerNorm((20,), eps=1e-06, elementwise_affine=True)
        (k_norm): LayerNorm((20,), eps=1e-06, elementwise_affine=True)
        (attn_drop): Dropout(p=0.0, inplace=False)
        (proj): Linear(in_features=200, out_features=200, bias=True)
        (proj_drop): Dropout(p=0.0, inplace=False)
      )
      (drop_path): DropPath(p=0.027272727340459824)
      (norm2): LayerNorm((200,), eps=1e-06, elementwise_affine=True)
      (mlp): Mlp(
        (fc1): Linear(in_features=200, out_features=800, bias=True)
        (act): GELU(approximate='none')
        (fc2): Linear(in_features=800, out_features=200, bias=True)
        (drop): Dropout(p=0.0, inplace=False)
      )
    )
    (4): Block(
      (norm1): LayerNorm((200,), eps=1e-06, elementwise_affine=True)
      (attn): Attention(
        (qkv): Linear(in_features=200, out_features=600, bias=False)
        (q_norm): LayerNorm((20,), eps=1e-06, elementwise_affine=True)
        (k_norm): LayerNorm((20,), eps=1e-06, elementwise_affine=True)
        (attn_drop): Dropout(p=0.0, inplace=False)
        (proj): Linear(in_features=200, out_features=200, bias=True)
        (proj_drop): Dropout(p=0.0, inplace=False)
      )
      (drop_path): DropPath(p=0.036363635212183)
      (norm2): LayerNorm((200,), eps=1e-06, elementwise_affine=True)
      (mlp): Mlp(
        (fc1): Linear(in_features=200, out_features=800, bias=True)
        (act): GELU(approximate='none')
        (fc2): Linear(in_features=800, out_features=200, bias=True)
        (drop): Dropout(p=0.0, inplace=False)
      )
    )
    (5): Block(
      (norm1): LayerNorm((200,), eps=1e-06, elementwise_affine=True)
      (attn): Attention(
        (qkv): Linear(in_features=200, out_features=600, bias=False)
        (q_norm): LayerNorm((20,), eps=1e-06, elementwise_affine=True)
        (k_norm): LayerNorm((20,), eps=1e-06, elementwise_affine=True)
        (attn_drop): Dropout(p=0.0, inplace=False)
        (proj): Linear(in_features=200, out_features=200, bias=True)
        (proj_drop): Dropout(p=0.0, inplace=False)
      )
      (drop_path): DropPath(p=0.045454543083906174)
      (norm2): LayerNorm((200,), eps=1e-06, elementwise_affine=True)
      (mlp): Mlp(
        (fc1): Linear(in_features=200, out_features=800, bias=True)
        (act): GELU(approximate='none')
        (fc2): Linear(in_features=800, out_features=200, bias=True)
        (drop): Dropout(p=0.0, inplace=False)
      )
    )
    (6): Block(
      (norm1): LayerNorm((200,), eps=1e-06, elementwise_affine=True)
      (attn): Attention(
        (qkv): Linear(in_features=200, out_features=600, bias=False)
        (q_norm): LayerNorm((20,), eps=1e-06, elementwise_affine=True)
        (k_norm): LayerNorm((20,), eps=1e-06, elementwise_affine=True)
        (attn_drop): Dropout(p=0.0, inplace=False)
        (proj): Linear(in_features=200, out_features=200, bias=True)
        (proj_drop): Dropout(p=0.0, inplace=False)
      )
      (drop_path): DropPath(p=0.054545458406209946)
      (norm2): LayerNorm((200,), eps=1e-06, elementwise_affine=True)
      (mlp): Mlp(
        (fc1): Linear(in_features=200, out_features=800, bias=True)
        (act): GELU(approximate='none')
        (fc2): Linear(in_features=800, out_features=200, bias=True)
        (drop): Dropout(p=0.0, inplace=False)
      )
    )
    (7): Block(
      (norm1): LayerNorm((200,), eps=1e-06, elementwise_affine=True)
      (attn): Attention(
        (qkv): Linear(in_features=200, out_features=600, bias=False)
        (q_norm): LayerNorm((20,), eps=1e-06, elementwise_affine=True)
        (k_norm): LayerNorm((20,), eps=1e-06, elementwise_affine=True)
        (attn_drop): Dropout(p=0.0, inplace=False)
        (proj): Linear(in_features=200, out_features=200, bias=True)
        (proj_drop): Dropout(p=0.0, inplace=False)
      )
      (drop_path): DropPath(p=0.06363636255264282)
      (norm2): LayerNorm((200,), eps=1e-06, elementwise_affine=True)
      (mlp): Mlp(
        (fc1): Linear(in_features=200, out_features=800, bias=True)
        (act): GELU(approximate='none')
        (fc2): Linear(in_features=800, out_features=200, bias=True)
        (drop): Dropout(p=0.0, inplace=False)
      )
    )
    (8): Block(
      (norm1): LayerNorm((200,), eps=1e-06, elementwise_affine=True)
      (attn): Attention(
        (qkv): Linear(in_features=200, out_features=600, bias=False)
        (q_norm): LayerNorm((20,), eps=1e-06, elementwise_affine=True)
        (k_norm): LayerNorm((20,), eps=1e-06, elementwise_affine=True)
        (attn_drop): Dropout(p=0.0, inplace=False)
        (proj): Linear(in_features=200, out_features=200, bias=True)
        (proj_drop): Dropout(p=0.0, inplace=False)
      )
      (drop_path): DropPath(p=0.0727272778749466)
      (norm2): LayerNorm((200,), eps=1e-06, elementwise_affine=True)
      (mlp): Mlp(
        (fc1): Linear(in_features=200, out_features=800, bias=True)
        (act): GELU(approximate='none')
        (fc2): Linear(in_features=800, out_features=200, bias=True)
        (drop): Dropout(p=0.0, inplace=False)
      )
    )
    (9): Block(
      (norm1): LayerNorm((200,), eps=1e-06, elementwise_affine=True)
      (attn): Attention(
        (qkv): Linear(in_features=200, out_features=600, bias=False)
        (q_norm): LayerNorm((20,), eps=1e-06, elementwise_affine=True)
        (k_norm): LayerNorm((20,), eps=1e-06, elementwise_affine=True)
        (attn_drop): Dropout(p=0.0, inplace=False)
        (proj): Linear(in_features=200, out_features=200, bias=True)
        (proj_drop): Dropout(p=0.0, inplace=False)
      )
      (drop_path): DropPath(p=0.08181818574666977)
      (norm2): LayerNorm((200,), eps=1e-06, elementwise_affine=True)
      (mlp): Mlp(
        (fc1): Linear(in_features=200, out_features=800, bias=True)
        (act): GELU(approximate='none')
        (fc2): Linear(in_features=800, out_features=200, bias=True)
        (drop): Dropout(p=0.0, inplace=False)
      )
    )
    (10): Block(
      (norm1): LayerNorm((200,), eps=1e-06, elementwise_affine=True)
      (attn): Attention(
        (qkv): Linear(in_features=200, out_features=600, bias=False)
        (q_norm): LayerNorm((20,), eps=1e-06, elementwise_affine=True)
        (k_norm): LayerNorm((20,), eps=1e-06, elementwise_affine=True)
        (attn_drop): Dropout(p=0.0, inplace=False)
        (proj): Linear(in_features=200, out_features=200, bias=True)
        (proj_drop): Dropout(p=0.0, inplace=False)
      )
      (drop_path): DropPath(p=0.09090909361839294)
      (norm2): LayerNorm((200,), eps=1e-06, elementwise_affine=True)
      (mlp): Mlp(
        (fc1): Linear(in_features=200, out_features=800, bias=True)
        (act): GELU(approximate='none')
        (fc2): Linear(in_features=800, out_features=200, bias=True)
        (drop): Dropout(p=0.0, inplace=False)
      )
    )
    (11): Block(
      (norm1): LayerNorm((200,), eps=1e-06, elementwise_affine=True)
      (attn): Attention(
        (qkv): Linear(in_features=200, out_features=600, bias=False)
        (q_norm): LayerNorm((20,), eps=1e-06, elementwise_affine=True)
        (k_norm): LayerNorm((20,), eps=1e-06, elementwise_affine=True)
        (attn_drop): Dropout(p=0.0, inplace=False)
        (proj): Linear(in_features=200, out_features=200, bias=True)
        (proj_drop): Dropout(p=0.0, inplace=False)
      )
      (drop_path): DropPath(p=0.10000000149011612)
      (norm2): LayerNorm((200,), eps=1e-06, elementwise_affine=True)
      (mlp): Mlp(
        (fc1): Linear(in_features=200, out_features=800, bias=True)
        (act): GELU(approximate='none')
        (fc2): Linear(in_features=800, out_features=200, bias=True)
        (drop): Dropout(p=0.0, inplace=False)
      )
    )
  )
  (norm): Identity()
  (fc_norm): LayerNorm((200,), eps=1e-06, elementwise_affine=True)
  (head): Linear(in_features=200, out_features=1, bias=True)
)
number of params: 5824937
LR = 0.00050000
Batch size = 1024
Update frequent = 1
Number of training examples = Unknown (IterableDataset)
Number of training steps per epoch = Determined during training (IterableDataset)
Note: LR schedule uses placeholder value - actual steps determined by iterator exhaustion
Assigned values = [0.003697205891018715, 0.005688009063105715, 0.008750783174008792, 0.013462743344628911, 0.02071191283789063, 0.03186448128906251, 0.049022278906250015, 0.07541889062500001, 0.11602906250000002, 0.17850625000000003, 0.274625, 0.42250000000000004, 0.65, 1.0]
Skip weight decay name marked in model: {'cls_token', 'pos_embed', 'time_embed'}
Param groups = {
  "layer_0_no_decay": {
    "weight_decay": 0.0,
    "params": [
      "cls_token",
      "pos_embed",
      "patch_embed.conv1.bias",
      "patch_embed.norm1.weight",
      "patch_embed.norm1.bias",
      "patch_embed.conv2.bias",
      "patch_embed.norm2.weight",
      "patch_embed.norm2.bias",
      "patch_embed.conv3.bias",
      "patch_embed.norm3.weight",
      "patch_embed.norm3.bias"
    ],
    "lr_scale": 0.003697205891018715
  },
  "layer_13_no_decay": {
    "weight_decay": 0.0,
    "params": [
      "time_embed",
      "fc_norm.weight",
      "fc_norm.bias",
      "head.bias"
    ],
    "lr_scale": 1.0
  },
  "layer_0_decay": {
    "weight_decay": 0.05,
    "params": [
      "patch_embed.conv1.weight",
      "patch_embed.conv2.weight",
      "patch_embed.conv3.weight"
    ],
    "lr_scale": 0.003697205891018715
  },
  "layer_1_no_decay": {
    "weight_decay": 0.0,
    "params": [
      "blocks.0.gamma_1",
      "blocks.0.gamma_2",
      "blocks.0.norm1.weight",
      "blocks.0.norm1.bias",
      "blocks.0.attn.q_bias",
      "blocks.0.attn.v_bias",
      "blocks.0.attn.q_norm.weight",
      "blocks.0.attn.q_norm.bias",
      "blocks.0.attn.k_norm.weight",
      "blocks.0.attn.k_norm.bias",
      "blocks.0.attn.proj.bias",
      "blocks.0.norm2.weight",
      "blocks.0.norm2.bias",
      "blocks.0.mlp.fc1.bias",
      "blocks.0.mlp.fc2.bias"
    ],
    "lr_scale": 0.005688009063105715
  },
  "layer_1_decay": {
    "weight_decay": 0.05,
    "params": [
      "blocks.0.attn.qkv.weight",
      "blocks.0.attn.proj.weight",
      "blocks.0.mlp.fc1.weight",
      "blocks.0.mlp.fc2.weight"
    ],
    "lr_scale": 0.005688009063105715
  },
  "layer_2_no_decay": {
    "weight_decay": 0.0,
    "params": [
      "blocks.1.gamma_1",
      "blocks.1.gamma_2",
      "blocks.1.norm1.weight",
      "blocks.1.norm1.bias",
      "blocks.1.attn.q_bias",
      "blocks.1.attn.v_bias",
      "blocks.1.attn.q_norm.weight",
      "blocks.1.attn.q_norm.bias",
      "blocks.1.attn.k_norm.weight",
      "blocks.1.attn.k_norm.bias",
      "blocks.1.attn.proj.bias",
      "blocks.1.norm2.weight",
      "blocks.1.norm2.bias",
      "blocks.1.mlp.fc1.bias",
      "blocks.1.mlp.fc2.bias"
    ],
    "lr_scale": 0.008750783174008792
  },
  "layer_2_decay": {
    "weight_decay": 0.05,
    "params": [
      "blocks.1.attn.qkv.weight",
      "blocks.1.attn.proj.weight",
      "blocks.1.mlp.fc1.weight",
      "blocks.1.mlp.fc2.weight"
    ],
    "lr_scale": 0.008750783174008792
  },
  "layer_3_no_decay": {
    "weight_decay": 0.0,
    "params": [
      "blocks.2.gamma_1",
      "blocks.2.gamma_2",
      "blocks.2.norm1.weight",
      "blocks.2.norm1.bias",
      "blocks.2.attn.q_bias",
      "blocks.2.attn.v_bias",
      "blocks.2.attn.q_norm.weight",
      "blocks.2.attn.q_norm.bias",
      "blocks.2.attn.k_norm.weight",
      "blocks.2.attn.k_norm.bias",
      "blocks.2.attn.proj.bias",
      "blocks.2.norm2.weight",
      "blocks.2.norm2.bias",
      "blocks.2.mlp.fc1.bias",
      "blocks.2.mlp.fc2.bias"
    ],
    "lr_scale": 0.013462743344628911
  },
  "layer_3_decay": {
    "weight_decay": 0.05,
    "params": [
      "blocks.2.attn.qkv.weight",
      "blocks.2.attn.proj.weight",
      "blocks.2.mlp.fc1.weight",
      "blocks.2.mlp.fc2.weight"
    ],
    "lr_scale": 0.013462743344628911
  },
  "layer_4_no_decay": {
    "weight_decay": 0.0,
    "params": [
      "blocks.3.gamma_1",
      "blocks.3.gamma_2",
      "blocks.3.norm1.weight",
      "blocks.3.norm1.bias",
      "blocks.3.attn.q_bias",
      "blocks.3.attn.v_bias",
      "blocks.3.attn.q_norm.weight",
      "blocks.3.attn.q_norm.bias",
      "blocks.3.attn.k_norm.weight",
      "blocks.3.attn.k_norm.bias",
      "blocks.3.attn.proj.bias",
      "blocks.3.norm2.weight",
      "blocks.3.norm2.bias",
      "blocks.3.mlp.fc1.bias",
      "blocks.3.mlp.fc2.bias"
    ],
    "lr_scale": 0.02071191283789063
  },
  "layer_4_decay": {
    "weight_decay": 0.05,
    "params": [
      "blocks.3.attn.qkv.weight",
      "blocks.3.attn.proj.weight",
      "blocks.3.mlp.fc1.weight",
      "blocks.3.mlp.fc2.weight"
    ],
    "lr_scale": 0.02071191283789063
  },
  "layer_5_no_decay": {
    "weight_decay": 0.0,
    "params": [
      "blocks.4.gamma_1",
      "blocks.4.gamma_2",
      "blocks.4.norm1.weight",
      "blocks.4.norm1.bias",
      "blocks.4.attn.q_bias",
      "blocks.4.attn.v_bias",
      "blocks.4.attn.q_norm.weight",
      "blocks.4.attn.q_norm.bias",
      "blocks.4.attn.k_norm.weight",
      "blocks.4.attn.k_norm.bias",
      "blocks.4.attn.proj.bias",
      "blocks.4.norm2.weight",
      "blocks.4.norm2.bias",
      "blocks.4.mlp.fc1.bias",
      "blocks.4.mlp.fc2.bias"
    ],
    "lr_scale": 0.03186448128906251
  },
  "layer_5_decay": {
    "weight_decay": 0.05,
    "params": [
      "blocks.4.attn.qkv.weight",
      "blocks.4.attn.proj.weight",
      "blocks.4.mlp.fc1.weight",
      "blocks.4.mlp.fc2.weight"
    ],
    "lr_scale": 0.03186448128906251
  },
  "layer_6_no_decay": {
    "weight_decay": 0.0,
    "params": [
      "blocks.5.gamma_1",
      "blocks.5.gamma_2",
      "blocks.5.norm1.weight",
      "blocks.5.norm1.bias",
      "blocks.5.attn.q_bias",
      "blocks.5.attn.v_bias",
      "blocks.5.attn.q_norm.weight",
      "blocks.5.attn.q_norm.bias",
      "blocks.5.attn.k_norm.weight",
      "blocks.5.attn.k_norm.bias",
      "blocks.5.attn.proj.bias",
      "blocks.5.norm2.weight",
      "blocks.5.norm2.bias",
      "blocks.5.mlp.fc1.bias",
      "blocks.5.mlp.fc2.bias"
    ],
    "lr_scale": 0.049022278906250015
  },
  "layer_6_decay": {
    "weight_decay": 0.05,
    "params": [
      "blocks.5.attn.qkv.weight",
      "blocks.5.attn.proj.weight",
      "blocks.5.mlp.fc1.weight",
      "blocks.5.mlp.fc2.weight"
    ],
    "lr_scale": 0.049022278906250015
  },
  "layer_7_no_decay": {
    "weight_decay": 0.0,
    "params": [
      "blocks.6.gamma_1",
      "blocks.6.gamma_2",
      "blocks.6.norm1.weight",
      "blocks.6.norm1.bias",
      "blocks.6.attn.q_bias",
      "blocks.6.attn.v_bias",
      "blocks.6.attn.q_norm.weight",
      "blocks.6.attn.q_norm.bias",
      "blocks.6.attn.k_norm.weight",
      "blocks.6.attn.k_norm.bias",
      "blocks.6.attn.proj.bias",
      "blocks.6.norm2.weight",
      "blocks.6.norm2.bias",
      "blocks.6.mlp.fc1.bias",
      "blocks.6.mlp.fc2.bias"
    ],
    "lr_scale": 0.07541889062500001
  },
  "layer_7_decay": {
    "weight_decay": 0.05,
    "params": [
      "blocks.6.attn.qkv.weight",
      "blocks.6.attn.proj.weight",
      "blocks.6.mlp.fc1.weight",
      "blocks.6.mlp.fc2.weight"
    ],
    "lr_scale": 0.07541889062500001
  },
  "layer_8_no_decay": {
    "weight_decay": 0.0,
    "params": [
      "blocks.7.gamma_1",
      "blocks.7.gamma_2",
      "blocks.7.norm1.weight",
      "blocks.7.norm1.bias",
      "blocks.7.attn.q_bias",
      "blocks.7.attn.v_bias",
      "blocks.7.attn.q_norm.weight",
      "blocks.7.attn.q_norm.bias",
      "blocks.7.attn.k_norm.weight",
      "blocks.7.attn.k_norm.bias",
      "blocks.7.attn.proj.bias",
      "blocks.7.norm2.weight",
      "blocks.7.norm2.bias",
      "blocks.7.mlp.fc1.bias",
      "blocks.7.mlp.fc2.bias"
    ],
    "lr_scale": 0.11602906250000002
  },
  "layer_8_decay": {
    "weight_decay": 0.05,
    "params": [
      "blocks.7.attn.qkv.weight",
      "blocks.7.attn.proj.weight",
      "blocks.7.mlp.fc1.weight",
      "blocks.7.mlp.fc2.weight"
    ],
    "lr_scale": 0.11602906250000002
  },
  "layer_9_no_decay": {
    "weight_decay": 0.0,
    "params": [
      "blocks.8.gamma_1",
      "blocks.8.gamma_2",
      "blocks.8.norm1.weight",
      "blocks.8.norm1.bias",
      "blocks.8.attn.q_bias",
      "blocks.8.attn.v_bias",
      "blocks.8.attn.q_norm.weight",
      "blocks.8.attn.q_norm.bias",
      "blocks.8.attn.k_norm.weight",
      "blocks.8.attn.k_norm.bias",
      "blocks.8.attn.proj.bias",
      "blocks.8.norm2.weight",
      "blocks.8.norm2.bias",
      "blocks.8.mlp.fc1.bias",
      "blocks.8.mlp.fc2.bias"
    ],
    "lr_scale": 0.17850625000000003
  },
  "layer_9_decay": {
    "weight_decay": 0.05,
    "params": [
      "blocks.8.attn.qkv.weight",
      "blocks.8.attn.proj.weight",
      "blocks.8.mlp.fc1.weight",
      "blocks.8.mlp.fc2.weight"
    ],
    "lr_scale": 0.17850625000000003
  },
  "layer_10_no_decay": {
    "weight_decay": 0.0,
    "params": [
      "blocks.9.gamma_1",
      "blocks.9.gamma_2",
      "blocks.9.norm1.weight",
      "blocks.9.norm1.bias",
      "blocks.9.attn.q_bias",
      "blocks.9.attn.v_bias",
      "blocks.9.attn.q_norm.weight",
      "blocks.9.attn.q_norm.bias",
      "blocks.9.attn.k_norm.weight",
      "blocks.9.attn.k_norm.bias",
      "blocks.9.attn.proj.bias",
      "blocks.9.norm2.weight",
      "blocks.9.norm2.bias",
      "blocks.9.mlp.fc1.bias",
      "blocks.9.mlp.fc2.bias"
    ],
    "lr_scale": 0.274625
  },
  "layer_10_decay": {
    "weight_decay": 0.05,
    "params": [
      "blocks.9.attn.qkv.weight",
      "blocks.9.attn.proj.weight",
      "blocks.9.mlp.fc1.weight",
      "blocks.9.mlp.fc2.weight"
    ],
    "lr_scale": 0.274625
  },
  "layer_11_no_decay": {
    "weight_decay": 0.0,
    "params": [
      "blocks.10.gamma_1",
      "blocks.10.gamma_2",
      "blocks.10.norm1.weight",
      "blocks.10.norm1.bias",
      "blocks.10.attn.q_bias",
      "blocks.10.attn.v_bias",
      "blocks.10.attn.q_norm.weight",
      "blocks.10.attn.q_norm.bias",
      "blocks.10.attn.k_norm.weight",
      "blocks.10.attn.k_norm.bias",
      "blocks.10.attn.proj.bias",
      "blocks.10.norm2.weight",
      "blocks.10.norm2.bias",
      "blocks.10.mlp.fc1.bias",
      "blocks.10.mlp.fc2.bias"
    ],
    "lr_scale": 0.42250000000000004
  },
  "layer_11_decay": {
    "weight_decay": 0.05,
    "params": [
      "blocks.10.attn.qkv.weight",
      "blocks.10.attn.proj.weight",
      "blocks.10.mlp.fc1.weight",
      "blocks.10.mlp.fc2.weight"
    ],
    "lr_scale": 0.42250000000000004
  },
  "layer_12_no_decay": {
    "weight_decay": 0.0,
    "params": [
      "blocks.11.gamma_1",
      "blocks.11.gamma_2",
      "blocks.11.norm1.weight",
      "blocks.11.norm1.bias",
      "blocks.11.attn.q_bias",
      "blocks.11.attn.v_bias",
      "blocks.11.attn.q_norm.weight",
      "blocks.11.attn.q_norm.bias",
      "blocks.11.attn.k_norm.weight",
      "blocks.11.attn.k_norm.bias",
      "blocks.11.attn.proj.bias",
      "blocks.11.norm2.weight",
      "blocks.11.norm2.bias",
      "blocks.11.mlp.fc1.bias",
      "blocks.11.mlp.fc2.bias"
    ],
    "lr_scale": 0.65
  },
  "layer_12_decay": {
    "weight_decay": 0.05,
    "params": [
      "blocks.11.attn.qkv.weight",
      "blocks.11.attn.proj.weight",
      "blocks.11.mlp.fc1.weight",
      "blocks.11.mlp.fc2.weight"
    ],
    "lr_scale": 0.65
  },
  "layer_13_decay": {
    "weight_decay": 0.05,
    "params": [
      "head.weight"
    ],
    "lr_scale": 1.0
  }
}
Optimizer config: {'lr': 0.0005, 'weight_decay': 0.0, 'eps': 1e-08, 'betas': [0.9, 0.98]}
Use step level LR scheduler!
Set warmup steps = 500000
Set warmup steps = 0
Max WD = 0.0500000, Min WD = 0.0500000
Binary class weights from train data (gender): [0.7719, 1.4195] -> BCE pos_weight=1.8390
Using BCEWithLogitsLoss(pos_weight=...) to reduce majority-class collapse
criterion = BCEWithLogitsLoss()
Resume checkpoint /home/mojtabam/projects/aip-aghodsib/mojtabam/EEG/final_logs/checkpoints/gender_labram_1s_best.pth
/home/mojtabam/miniconda3/envs/eeg_env/lib/python3.10/site-packages/timm/utils/model_ema.py:52: FutureWarning: You are using `torch.load` with `weights_only=False` (the current default value), which uses the default pickle module implicitly. It is possible to construct malicious pickle data which will execute arbitrary code during unpickling (See https://github.com/pytorch/pytorch/blob/main/SECURITY.md#untrusted-models for more details). In a future release, the default value for `weights_only` will be flipped to `True`. This limits the functions that could be executed during unpickling. Arbitrary objects will no longer be allowed to be loaded via this mode unless they are explicitly allowlisted by the user via `torch.serialization.add_safe_globals`. We recommend you start setting `weights_only=True` for any use case where you don't have full control of the loaded file. Please open an issue on GitHub for any issues related to this experimental feature.
  checkpoint = torch.load(checkpoint_path, map_location='cpu')
Failed to find state_dict_ema, starting from loaded model weights
Start training for 50 epochs

============================================================
Counting task types in validation and test sets...
============================================================
  Validation: 69,183 active, 407,568 passive samples
  Test: 70,487 active, 399,292 passive samples
============================================================

  Counting task types in training dataset...
  Training dataset: 324,136 active, 1,891,495 passive samples
NaN or Inf found in input tensor.
Epoch: [0]  [     0/?]  eta: ?  lr: 0.000000  min_lr: 0.000000  loss: 0.0783 (0.0783)  class_acc: 0.9707 (0.9707)  loss_scale: 32768.0000 (32768.0000)  weight_decay: 0.0500 (0.0500)  grad_norm: nan (nan)  time: 25.3941  data: 24.1586  max mem: 10506
NaN or Inf found in input tensor.
NaN or Inf found in input tensor.
NaN or Inf found in input tensor.
NaN or Inf found in input tensor.
NaN or Inf found in input tensor.
NaN or Inf found in input tensor.
NaN or Inf found in input tensor.
NaN or Inf found in input tensor.
Epoch: [0]  [   500/?]  eta: ?  lr: 0.000001  min_lr: 0.000000  loss: 0.0614 (0.0683)  class_acc: 0.9746 (0.9728)  loss_scale: 128.0000 (258.2994)  weight_decay: 0.0500 (0.0500)  grad_norm: 21.1953 (nan)  time: 2.1119  data: 1.8402  max mem: 10551
NaN or Inf found in input tensor.
Epoch: [0]  [  1000/?]  eta: ?  lr: 0.000001  min_lr: 0.000000  loss: 0.0597 (0.0650)  class_acc: 0.9736 (0.9736)  loss_scale: 64.0000 (180.8112)  weight_decay: 0.0500 (0.0500)  grad_norm: 20.0080 (nan)  time: 0.8888  data: 0.6181  max mem: 10551
Epoch: [0]  [  1500/?]  eta: ?  lr: 0.000002  min_lr: 0.000000  loss: 0.0573 (0.0631)  class_acc: 0.9766 (0.9744)  loss_scale: 64.0000 (141.9001)  weight_decay: 0.0500 (0.0500)  grad_norm: 19.0245 (nan)  time: 0.9317  data: 0.6598  max mem: 10551
Epoch: [0]  [  2000/?]  eta: ?  lr: 0.000002  min_lr: 0.000000  loss: 0.0581 (0.0620)  class_acc: 0.9766 (0.9748)  loss_scale: 64.0000 (122.4348)  weight_decay: 0.0500 (0.0500)  grad_norm: 19.0077 (nan)  time: 0.9080  data: 0.6359  max mem: 10551
Epoch: [0] Total time: 1:01:03 (1.6937 s / it)

============================================================
  DIAGNOSTIC: Epoch 0 Summary
============================================================
  Processed: 2,214,912 samples in 2,163 batches
  Batch size: 1024
  Expected batches: ~2,163 (samples ÷ batch_size)
  Average samples per batch: 1024.00

  Comparison with CNN (baseline):
    CNN: ~1,792,000 samples (~7,000 batches, batch_size=256)
    LaBraM: 2,214,912 samples (2,163 batches, batch_size=1024)
    Ratio: 1.24x samples (more than CNN)
    ⚠️  WARNING: Significant difference from CNN dataset size!
    This suggests a serious issue with data loading or participant splits!
    Possible causes:
      1. Different participant splits (check random_seed and split ratios)
      2. Data duplication in IterableDataset (samples yielded multiple times)
      3. Different task_type usage (CNN might use 'active' or 'passive' instead of 'both')
      4. Different number of participants in train split
      5. LaBraM iterating through dataset multiple times
    Action: Check participant counts and verify no duplication in __iter__ methods
============================================================

Val:  [     0/?]  eta: ?  loss: 0.0756 (0.0756)  accuracy: 0.9772 (0.9772)  balanced_accuracy: 0.9328 (0.9328)  pr_auc: 0.9799 (0.9799)  roc_auc: 0.9960 (0.9960)  f1_weighted: 0.9153 (0.9153)  time: 5.3536  data: 4.9953  max mem: 10551
Val:  [    10/?]  eta: ?  loss: 0.3928 (0.4195)  accuracy: 0.9199 (0.9038)  balanced_accuracy: 0.8902 (0.8788)  pr_auc: 0.9415 (0.8946)  roc_auc: 0.9662 (0.9588)  f1_weighted: 0.8890 (0.8239)  time: 2.2053  data: 2.0668  max mem: 10551
Val:  [    20/?]  eta: ?  loss: 0.3857 (0.4968)  accuracy: 0.9180 (0.8996)  balanced_accuracy: 0.9010 (0.8922)  pr_auc: 0.9618 (0.9264)  roc_auc: 0.9821 (0.9643)  f1_weighted: 0.8890 (0.8491)  time: 1.8834  data: 1.7608  max mem: 10551
Val:  [    30/?]  eta: ?  loss: 0.3469 (0.4774)  accuracy: 0.9180 (0.9064)  balanced_accuracy: 0.9061 (0.8938)  pr_auc: 0.9698 (0.9241)  roc_auc: 0.9822 (0.9661)  f1_weighted: 0.8780 (0.8531)  time: 1.8696  data: 1.7438  max mem: 10551
Val:  [    40/?]  eta: ?  loss: 0.4085 (0.5952)  accuracy: 0.9062 (0.9000)  balanced_accuracy: 0.8823 (0.8739)  pr_auc: 0.9208 (0.8795)  roc_auc: 0.9668 (0.9513)  f1_weighted: 0.8227 (0.8147)  time: 1.8453  data: 1.7237  max mem: 10551
Val:  [    50/?]  eta: ?  loss: 0.6407 (0.6741)  accuracy: 0.8874 (0.8897)  balanced_accuracy: 0.8719 (0.8651)  pr_auc: 0.8240 (0.8657)  roc_auc: 0.9411 (0.9451)  f1_weighted: 0.7687 (0.8036)  time: 1.8006  data: 1.6805  max mem: 10551
Val:  [    60/?]  eta: ?  loss: 0.4048 (0.6508)  accuracy: 0.8874 (0.8919)  balanced_accuracy: 0.8956 (0.8681)  pr_auc: 0.8890 (0.8623)  roc_auc: 0.9602 (0.9468)  f1_weighted: 0.8610 (0.8010)  time: 1.7166  data: 1.5992  max mem: 10551
Val:  [    70/?]  eta: ?  loss: 0.4048 (0.6439)  accuracy: 0.8730 (0.8888)  balanced_accuracy: 0.8822 (0.8607)  pr_auc: 0.9468 (0.8601)  roc_auc: 0.9653 (0.9445)  f1_weighted: 0.8610 (0.7929)  time: 1.6701  data: 1.5552  max mem: 10551
Val:  [    80/?]  eta: ?  loss: 0.7589 (0.7057)  accuracy: 0.8464 (0.8809)  balanced_accuracy: 0.8107 (0.8512)  pr_auc: 0.9527 (0.8576)  roc_auc: 0.9599 (0.9437)  f1_weighted: 0.7410 (0.7757)  time: 1.6839  data: 1.5670  max mem: 10551
Val:  [    90/?]  eta: ?  loss: 0.5637 (0.7949)  accuracy: 0.8633 (0.8727)  balanced_accuracy: 0.8107 (0.8499)  pr_auc: 0.9330 (0.8688)  roc_auc: 0.9599 (0.9378)  f1_weighted: 0.6907 (0.7796)  time: 1.6920  data: 1.5747  max mem: 10551
Val:  [   100/?]  eta: ?  loss: 0.6047 (0.8541)  accuracy: 0.8457 (0.8668)  balanced_accuracy: 0.8518 (0.8412)  pr_auc: 0.9292 (0.8497)  roc_auc: 0.9202 (0.9252)  f1_weighted: 0.8257 (0.7673)  time: 1.7082  data: 1.5918  max mem: 10551
Val:  [   110/?]  eta: ?  loss: 0.8652 (0.8842)  accuracy: 0.8477 (0.8619)  balanced_accuracy: 0.8279 (0.8334)  pr_auc: 0.7459 (0.8349)  roc_auc: 0.8526 (0.9166)  f1_weighted: 0.7746 (0.7570)  time: 1.7029  data: 1.5849  max mem: 10551
Val:  [   120/?]  eta: ?  loss: 0.2600 (0.8243)  accuracy: 0.9128 (0.8685)  balanced_accuracy: 0.9120 (0.8434)  pr_auc: 0.9860 (0.8485)  roc_auc: 0.9893 (0.9233)  f1_weighted: 0.8513 (0.7718)  time: 1.6904  data: 1.5733  max mem: 10551
Val:  [   130/?]  eta: ?  loss: 0.2870 (0.8287)  accuracy: 0.9102 (0.8676)  balanced_accuracy: 0.9120 (0.8454)  pr_auc: 0.9907 (0.8556)  roc_auc: 0.9906 (0.9248)  f1_weighted: 0.8735 (0.7773)  time: 1.6948  data: 1.5776  max mem: 10551
Val:  [   140/?]  eta: ?  loss: 0.7798 (0.8671)  accuracy: 0.8281 (0.8643)  balanced_accuracy: 0.8585 (0.8433)  pr_auc: 0.9452 (0.8561)  roc_auc: 0.9391 (0.9225)  f1_weighted: 0.8350 (0.7787)  time: 1.6974  data: 1.5787  max mem: 10551
Val:  [   150/?]  eta: ?  loss: 0.6943 (0.8611)  accuracy: 0.8281 (0.8619)  balanced_accuracy: 0.7574 (0.8348)  pr_auc: 0.9005 (0.8470)  roc_auc: 0.9326 (0.9192)  f1_weighted: 0.7482 (0.7647)  time: 1.6997  data: 1.5809  max mem: 10551
Val:  [   160/?]  eta: ?  loss: 0.2947 (0.8478)  accuracy: 0.8665 (0.8649)  balanced_accuracy: 0.8645 (0.8402)  pr_auc: 0.8402 (0.8454)  roc_auc: 0.9634 (0.9217)  f1_weighted: 0.7378 (0.7652)  time: 1.6955  data: 1.5766  max mem: 10551
Val:  [   170/?]  eta: ?  loss: 0.2679 (0.8410)  accuracy: 0.9036 (0.8656)  balanced_accuracy: 0.9129 (0.8436)  pr_auc: 0.9620 (0.8524)  roc_auc: 0.9805 (0.9246)  f1_weighted: 0.8287 (0.7694)  time: 1.6860  data: 1.5683  max mem: 10551
Val:  [   180/?]  eta: ?  loss: 0.1972 (0.8007)  accuracy: 0.9355 (0.8710)  balanced_accuracy: 0.9266 (0.8495)  pr_auc: 0.9946 (0.8606)  roc_auc: 0.9974 (0.9288)  f1_weighted: 0.9045 (0.7791)  time: 1.6962  data: 1.5794  max mem: 10551
Val:  [   190/?]  eta: ?  loss: 0.1972 (0.7878)  accuracy: 0.9355 (0.8689)  balanced_accuracy: 0.9314 (0.8483)  pr_auc: 0.9848 (0.8639)  roc_auc: 0.9962 (0.9297)  f1_weighted: 0.9105 (0.7797)  time: 1.7021  data: 1.5850  max mem: 10551
Val:  [   200/?]  eta: ?  loss: 0.7741 (0.8418)  accuracy: 0.8190 (0.8630)  balanced_accuracy: 0.8487 (0.8442)  pr_auc: 0.9406 (0.8622)  roc_auc: 0.9280 (0.9248)  f1_weighted: 0.8251 (0.7784)  time: 1.7028  data: 1.5859  max mem: 10551
Val:  [   210/?]  eta: ?  loss: 0.4682 (0.8140)  accuracy: 0.8691 (0.8662)  balanced_accuracy: 0.8669 (0.8465)  pr_auc: 0.9571 (0.8650)  roc_auc: 0.9690 (0.9278)  f1_weighted: 0.8469 (0.7808)  time: 1.7269  data: 1.6099  max mem: 10551
Val:  [   220/?]  eta: ?  loss: 0.1274 (0.7869)  accuracy: 0.9473 (0.8689)  balanced_accuracy: 0.8754 (0.8479)  pr_auc: 0.9670 (0.8670)  roc_auc: 0.9887 (0.9289)  f1_weighted: 0.8469 (0.7821)  time: 1.7251  data: 1.6098  max mem: 10551
Val:  [   230/?]  eta: ?  loss: 0.2201 (0.7733)  accuracy: 0.9206 (0.8701)  balanced_accuracy: 0.9054 (0.8505)  pr_auc: 0.9670 (0.8705)  roc_auc: 0.9865 (0.9308)  f1_weighted: 0.8521 (0.7855)  time: 1.7122  data: 1.5965  max mem: 10551
Val:  [   240/?]  eta: ?  loss: 0.5167 (0.7879)  accuracy: 0.8503 (0.8654)  balanced_accuracy: 0.8450 (0.8459)  pr_auc: 0.9098 (0.8678)  roc_auc: 0.9712 (0.9267)  f1_weighted: 0.8221 (0.7839)  time: 1.7073  data: 1.5891  max mem: 10551
Val:  [   250/?]  eta: ?  loss: 0.2550 (0.7668)  accuracy: 0.8698 (0.8681)  balanced_accuracy: 0.8930 (0.8497)  pr_auc: 0.9042 (0.8702)  roc_auc: 0.9712 (0.9290)  f1_weighted: 0.7581 (0.7839)  time: 1.7230  data: 1.6046  max mem: 10551
Val:  [   260/?]  eta: ?  loss: 0.2157 (0.7544)  accuracy: 0.9089 (0.8701)  balanced_accuracy: 0.9349 (0.8528)  pr_auc: 0.9914 (0.8736)  roc_auc: 0.9931 (0.9312)  f1_weighted: 0.9199 (0.7886)  time: 1.7625  data: 1.6457  max mem: 10551
Val:  [   270/?]  eta: ?  loss: 0.1917 (0.7363)  accuracy: 0.9323 (0.8724)  balanced_accuracy: 0.9349 (0.8554)  pr_auc: 0.9907 (0.8749)  roc_auc: 0.9919 (0.9333)  f1_weighted: 0.9201 (0.7896)  time: 1.7712  data: 1.6556  max mem: 10551
Val:  [   280/?]  eta: ?  loss: 0.1189 (0.7320)  accuracy: 0.9512 (0.8710)  balanced_accuracy: 0.9479 (0.8573)  pr_auc: 0.9931 (0.8729)  roc_auc: 0.9946 (0.9347)  f1_weighted: 0.9272 (0.7889)  time: 1.7660  data: 1.6505  max mem: 10551
Val:  [   290/?]  eta: ?  loss: 0.3465 (0.7237)  accuracy: 0.8743 (0.8708)  balanced_accuracy: 0.8687 (0.8565)  pr_auc: 0.9726 (0.8762)  roc_auc: 0.9904 (0.9357)  f1_weighted: 0.8565 (0.7906)  time: 1.7564  data: 1.6414  max mem: 10551
Val:  [   300/?]  eta: ?  loss: 0.2186 (0.7057)  accuracy: 0.9082 (0.8730)  balanced_accuracy: 0.9069 (0.8592)  pr_auc: 0.9859 (0.8794)  roc_auc: 0.9944 (0.9374)  f1_weighted: 0.8661 (0.7934)  time: 1.7836  data: 1.6688  max mem: 10551
Val:  [   310/?]  eta: ?  loss: 0.2186 (0.7133)  accuracy: 0.8952 (0.8706)  balanced_accuracy: 0.8522 (0.8553)  pr_auc: 0.9726 (0.8755)  roc_auc: 0.9799 (0.9351)  f1_weighted: 0.7528 (0.7886)  time: 1.8294  data: 1.7168  max mem: 10551
Val: Total time: 0:09:05 (1.7525 s / it)
* loss 0.713
Test:  [     0/?]  eta: ?  loss: 2.0812 (2.0812)  accuracy: 0.7585 (0.7585)  balanced_accuracy: 0.7641 (0.7641)  pr_auc: 0.8794 (0.8794)  roc_auc: 0.8868 (0.8868)  f1_weighted: 0.7564 (0.7564)  time: 4.3566  data: 4.2398  max mem: 10551
Test:  [    10/?]  eta: ?  loss: 0.3940 (0.8980)  accuracy: 0.8861 (0.8554)  balanced_accuracy: 0.8760 (0.8359)  pr_auc: 0.9632 (0.8968)  roc_auc: 0.9837 (0.9371)  f1_weighted: 0.8483 (0.7910)  time: 2.0221  data: 1.9058  max mem: 10551
Test:  [    20/?]  eta: ?  loss: 0.3582 (0.7632)  accuracy: 0.8952 (0.8622)  balanced_accuracy: 0.8932 (0.8436)  pr_auc: 0.9294 (0.8761)  roc_auc: 0.9766 (0.9368)  f1_weighted: 0.8483 (0.7975)  time: 1.8050  data: 1.6873  max mem: 10551
Test:  [    30/?]  eta: ?  loss: 0.5805 (0.7962)  accuracy: 0.8919 (0.8703)  balanced_accuracy: 0.8932 (0.8563)  pr_auc: 0.9080 (0.8825)  roc_auc: 0.9523 (0.9347)  f1_weighted: 0.8383 (0.8121)  time: 1.7587  data: 1.6411  max mem: 10551
Test:  [    40/?]  eta: ?  loss: 0.9626 (0.8731)  accuracy: 0.8535 (0.8631)  balanced_accuracy: 0.8609 (0.8524)  pr_auc: 0.9080 (0.8616)  roc_auc: 0.9158 (0.9246)  f1_weighted: 0.8383 (0.8133)  time: 1.5861  data: 1.4703  max mem: 10551
Test:  [    50/?]  eta: ?  loss: 0.6157 (0.8756)  accuracy: 0.8750 (0.8629)  balanced_accuracy: 0.8661 (0.8520)  pr_auc: 0.9577 (0.8747)  roc_auc: 0.9611 (0.9262)  f1_weighted: 0.8621 (0.8162)  time: 1.4540  data: 1.3381  max mem: 10551
Test:  [    60/?]  eta: ?  loss: 0.3951 (0.8312)  accuracy: 0.9017 (0.8705)  balanced_accuracy: 0.9000 (0.8599)  pr_auc: 0.9755 (0.8879)  roc_auc: 0.9824 (0.9296)  f1_weighted: 0.8842 (0.8270)  time: 1.3828  data: 1.2670  max mem: 10551
Test:  [    70/?]  eta: ?  loss: 0.5795 (0.9130)  accuracy: 0.8581 (0.8525)  balanced_accuracy: 0.8193 (0.8347)  pr_auc: 0.8963 (0.8608)  roc_auc: 0.9383 (0.9132)  f1_weighted: 0.7710 (0.7855)  time: 1.2989  data: 1.1830  max mem: 10551
Test:  [    80/?]  eta: ?  loss: 0.5795 (0.8566)  accuracy: 0.8053 (0.8530)  balanced_accuracy: 0.8049 (0.8368)  pr_auc: 0.8964 (0.8723)  roc_auc: 0.9398 (0.9201)  f1_weighted: 0.7576 (0.7876)  time: 1.2753  data: 1.1594  max mem: 10551
Test:  [    90/?]  eta: ?  loss: 0.5402 (0.9312)  accuracy: 0.8118 (0.8470)  balanced_accuracy: 0.8280 (0.8331)  pr_auc: 0.9575 (0.8675)  roc_auc: 0.9662 (0.9162)  f1_weighted: 0.7697 (0.7797)  time: 1.2811  data: 1.1654  max mem: 10551
Test:  [   100/?]  eta: ?  loss: 0.5265 (0.8804)  accuracy: 0.8047 (0.8453)  balanced_accuracy: 0.8083 (0.8320)  pr_auc: 0.9172 (0.8693)  roc_auc: 0.9313 (0.9173)  f1_weighted: 0.7898 (0.7828)  time: 1.2655  data: 1.1498  max mem: 10551
Test:  [   110/?]  eta: ?  loss: 0.5265 (0.9451)  accuracy: 0.8047 (0.8425)  balanced_accuracy: 0.7841 (0.8247)  pr_auc: 0.8509 (0.8514)  roc_auc: 0.9258 (0.9095)  f1_weighted: 0.7318 (0.7678)  time: 1.2730  data: 1.1571  max mem: 10551
Test:  [   120/?]  eta: ?  loss: 1.0055 (0.9465)  accuracy: 0.8307 (0.8452)  balanced_accuracy: 0.7806 (0.8246)  pr_auc: 0.8501 (0.8534)  roc_auc: 0.9209 (0.9086)  f1_weighted: 0.7221 (0.7674)  time: 1.2815  data: 1.1667  max mem: 10551
Test:  [   130/?]  eta: ?  loss: 0.2260 (0.9003)  accuracy: 0.8490 (0.8481)  balanced_accuracy: 0.8331 (0.8271)  pr_auc: 0.9391 (0.8610)  roc_auc: 0.9529 (0.9130)  f1_weighted: 0.8246 (0.7719)  time: 1.2741  data: 1.1598  max mem: 10551
Test:  [   140/?]  eta: ?  loss: 0.2972 (0.8791)  accuracy: 0.9134 (0.8518)  balanced_accuracy: 0.8754 (0.8313)  pr_auc: 0.9628 (0.8580)  roc_auc: 0.9847 (0.9159)  f1_weighted: 0.8192 (0.7728)  time: 1.2801  data: 1.1646  max mem: 10551
Test:  [   150/?]  eta: ?  loss: 0.2186 (0.8348)  accuracy: 0.9290 (0.8578)  balanced_accuracy: 0.9311 (0.8389)  pr_auc: 0.9855 (0.8660)  roc_auc: 0.9908 (0.9209)  f1_weighted: 0.8685 (0.7832)  time: 1.2719  data: 1.1562  max mem: 10551
Test:  [   160/?]  eta: ?  loss: 0.2283 (0.8437)  accuracy: 0.9212 (0.8563)  balanced_accuracy: 0.9163 (0.8387)  pr_auc: 0.9855 (0.8622)  roc_auc: 0.9836 (0.9184)  f1_weighted: 0.9067 (0.7852)  time: 1.2596  data: 1.1439  max mem: 10551
Test:  [   170/?]  eta: ?  loss: 0.1862 (0.8046)  accuracy: 0.9212 (0.8621)  balanced_accuracy: 0.9163 (0.8457)  pr_auc: 0.9787 (0.8684)  roc_auc: 0.9824 (0.9221)  f1_weighted: 0.9117 (0.7949)  time: 1.2653  data: 1.1496  max mem: 10551
Test:  [   180/?]  eta: ?  loss: 0.0558 (0.7710)  accuracy: 0.9616 (0.8665)  balanced_accuracy: 0.9691 (0.8514)  pr_auc: 0.9997 (0.8753)  roc_auc: 0.9997 (0.9260)  f1_weighted: 0.9510 (0.8035)  time: 1.2831  data: 1.1674  max mem: 10551
Test:  [   190/?]  eta: ?  loss: 0.1787 (0.7698)  accuracy: 0.9375 (0.8682)  balanced_accuracy: 0.9408 (0.8548)  pr_auc: 0.9928 (0.8755)  roc_auc: 0.9933 (0.9270)  f1_weighted: 0.9371 (0.8074)  time: 1.2838  data: 1.1682  max mem: 10551
Test:  [   200/?]  eta: ?  loss: 0.2094 (0.7517)  accuracy: 0.9375 (0.8710)  balanced_accuracy: 0.9372 (0.8549)  pr_auc: 0.9824 (0.8772)  roc_auc: 0.9885 (0.9294)  f1_weighted: 0.9219 (0.8047)  time: 1.2964  data: 1.1806  max mem: 10551
Test:  [   210/?]  eta: ?  loss: 0.6135 (0.7693)  accuracy: 0.8574 (0.8677)  balanced_accuracy: 0.8781 (0.8517)  pr_auc: 0.8969 (0.8678)  roc_auc: 0.9608 (0.9259)  f1_weighted: 0.7804 (0.7988)  time: 1.3174  data: 1.2019  max mem: 10551
Test:  [   220/?]  eta: ?  loss: 0.4308 (0.7437)  accuracy: 0.8691 (0.8710)  balanced_accuracy: 0.8854 (0.8561)  pr_auc: 0.9673 (0.8730)  roc_auc: 0.9614 (0.9288)  f1_weighted: 0.8613 (0.8047)  time: 1.3194  data: 1.2042  max mem: 10551
Test:  [   230/?]  eta: ?  loss: 0.1589 (0.7288)  accuracy: 0.9453 (0.8718)  balanced_accuracy: 0.9445 (0.8577)  pr_auc: 0.9860 (0.8764)  roc_auc: 0.9896 (0.9305)  f1_weighted: 0.9235 (0.8066)  time: 1.3348  data: 1.2192  max mem: 10551
Test:  [   240/?]  eta: ?  loss: 0.4360 (0.7355)  accuracy: 0.8717 (0.8690)  balanced_accuracy: 0.9028 (0.8565)  pr_auc: 0.9614 (0.8774)  roc_auc: 0.9714 (0.9305)  f1_weighted: 0.8891 (0.8054)  time: 1.3269  data: 1.2120  max mem: 10551
Test:  [   250/?]  eta: ?  loss: 0.8153 (0.7510)  accuracy: 0.8105 (0.8681)  balanced_accuracy: 0.8194 (0.8547)  pr_auc: 0.9317 (0.8737)  roc_auc: 0.9812 (0.9294)  f1_weighted: 0.7551 (0.8006)  time: 1.3300  data: 1.2147  max mem: 10551
Test:  [   260/?]  eta: ?  loss: 0.1004 (0.7272)  accuracy: 0.9674 (0.8723)  balanced_accuracy: 0.9622 (0.8587)  pr_auc: 0.9825 (0.8766)  roc_auc: 0.9929 (0.9313)  f1_weighted: 0.9234 (0.8058)  time: 1.3613  data: 1.2455  max mem: 10551
Test:  [   270/?]  eta: ?  loss: 0.2525 (0.7474)  accuracy: 0.9219 (0.8693)  balanced_accuracy: 0.9622 (0.8545)  pr_auc: 0.9800 (0.8705)  roc_auc: 0.9924 (0.9285)  f1_weighted: 0.9234 (0.7979)  time: 1.3691  data: 1.2541  max mem: 10551
Test:  [   280/?]  eta: ?  loss: 0.5530 (0.7345)  accuracy: 0.8164 (0.8696)  balanced_accuracy: 0.8722 (0.8558)  pr_auc: 0.9903 (0.8736)  roc_auc: 0.9957 (0.9307)  f1_weighted: 0.7972 (0.7985)  time: 1.3698  data: 1.2543  max mem: 10551
Test:  [   290/?]  eta: ?  loss: 0.3587 (0.7319)  accuracy: 0.8509 (0.8694)  balanced_accuracy: 0.8756 (0.8558)  pr_auc: 0.9967 (0.8749)  roc_auc: 0.9957 (0.9322)  f1_weighted: 0.8460 (0.7986)  time: 1.3897  data: 1.2736  max mem: 10551
Test:  [   300/?]  eta: ?  loss: 0.6590 (0.7544)  accuracy: 0.8509 (0.8688)  balanced_accuracy: 0.8665 (0.8534)  pr_auc: 0.8788 (0.8707)  roc_auc: 0.9620 (0.9291)  f1_weighted: 0.7465 (0.7913)  time: 1.4297  data: 1.3141  max mem: 10551
Test: Total time: 0:07:02 (1.3821 s / it)
* loss 0.748
  → Epoch   1/50 | Train Loss: 0.0615 | Val Loss: 0.7133 | Train Acc: 97.5009% | Val Acc: 87.0566% | LR: 0.000000
Max accuracy val: 87.06%, max accuracy test: 86.95%
Epoch: [1]  [     0/?]  eta: ?  lr: 0.000100  min_lr: 0.000000  loss: 0.0757 (0.0757)  class_acc: 0.9717 (0.9717)  loss_scale: 64.0000 (64.0000)  weight_decay: 0.0500 (0.0500)  grad_norm: 33.9876 (33.9876)  time: 12.9952  data: 12.7136  max mem: 10551
Epoch: [1]  [   500/?]  eta: ?  lr: 0.000101  min_lr: 0.000000  loss: 0.0543 (0.0555)  class_acc: 0.9785 (0.9777)  loss_scale: 64.0000 (64.0000)  weight_decay: 0.0500 (0.0500)  grad_norm: 18.0624 (20.6369)  time: 3.6311  data: 3.3605  max mem: 10551
NaN or Inf found in input tensor.
Epoch: [1]  [  1000/?]  eta: ?  lr: 0.000101  min_lr: 0.000000  loss: 0.0532 (0.0539)  class_acc: 0.9756 (0.9781)  loss_scale: 64.0000 (73.2707)  weight_decay: 0.0500 (0.0500)  grad_norm: 20.7171 (nan)  time: 2.0606  data: 1.7891  max mem: 10551
Epoch: [1]  [  1500/?]  eta: ?  lr: 0.000102  min_lr: 0.000000  loss: 0.0482 (0.0530)  class_acc: 0.9785 (0.9785)  loss_scale: 64.0000 (70.1825)  weight_decay: 0.0500 (0.0500)  grad_norm: 17.0248 (nan)  time: 1.2495  data: 0.9775  max mem: 10551
Epoch: [1]  [  2000/?]  eta: ?  lr: 0.000102  min_lr: 0.000000  loss: 0.0442 (0.0523)  class_acc: 0.9824 (0.9787)  loss_scale: 64.0000 (68.6377)  weight_decay: 0.0500 (0.0500)  grad_norm: 17.9203 (nan)  time: 1.0344  data: 0.7641  max mem: 10551
Epoch: [1] Total time: 1:16:30 (2.1223 s / it)
Val:  [     0/?]  eta: ?  loss: 0.1133 (0.1133)  accuracy: 0.9740 (0.9740)  balanced_accuracy: 0.9098 (0.9098)  pr_auc: 0.9827 (0.9827)  roc_auc: 0.9966 (0.9966)  f1_weighted: 0.8990 (0.8990)  time: 5.0617  data: 4.9432  max mem: 10551
Val:  [    10/?]  eta: ?  loss: 0.4678 (0.5149)  accuracy: 0.9193 (0.9012)  balanced_accuracy: 0.8933 (0.8722)  pr_auc: 0.9422 (0.8773)  roc_auc: 0.9695 (0.9604)  f1_weighted: 0.8919 (0.8166)  time: 2.2693  data: 2.1525  max mem: 10551
Val:  [    20/?]  eta: ?  loss: 0.4678 (0.6167)  accuracy: 0.9186 (0.8995)  balanced_accuracy: 0.8958 (0.8901)  pr_auc: 0.9536 (0.9154)  roc_auc: 0.9809 (0.9652)  f1_weighted: 0.8837 (0.8477)  time: 2.0097  data: 1.8904  max mem: 10551
Val:  [    30/?]  eta: ?  loss: 0.4672 (0.6240)  accuracy: 0.9186 (0.9030)  balanced_accuracy: 0.8958 (0.8876)  pr_auc: 0.9668 (0.9161)  roc_auc: 0.9821 (0.9659)  f1_weighted: 0.8692 (0.8456)  time: 2.0324  data: 1.9106  max mem: 10551
Val:  [    40/?]  eta: ?  loss: 0.7161 (0.7695)  accuracy: 0.9036 (0.8968)  balanced_accuracy: 0.8593 (0.8704)  pr_auc: 0.9106 (0.8739)  roc_auc: 0.9599 (0.9524)  f1_weighted: 0.7825 (0.8099)  time: 2.0545  data: 1.9337  max mem: 10551
Val:  [    50/?]  eta: ?  loss: 0.7458 (0.8731)  accuracy: 0.8802 (0.8862)  balanced_accuracy: 0.8472 (0.8609)  pr_auc: 0.8153 (0.8584)  roc_auc: 0.9417 (0.9431)  f1_weighted: 0.7698 (0.7974)  time: 2.0530  data: 1.9315  max mem: 10551
Val:  [    60/?]  eta: ?  loss: 0.6978 (0.8281)  accuracy: 0.8900 (0.8898)  balanced_accuracy: 0.9014 (0.8621)  pr_auc: 0.8714 (0.8551)  roc_auc: 0.9616 (0.9451)  f1_weighted: 0.8595 (0.7955)  time: 1.9414  data: 1.8218  max mem: 10551
Val:  [    70/?]  eta: ?  loss: 0.6978 (0.8101)  accuracy: 0.8828 (0.8881)  balanced_accuracy: 0.8818 (0.8564)  pr_auc: 0.9555 (0.8605)  roc_auc: 0.9616 (0.9461)  f1_weighted: 0.8577 (0.7904)  time: 1.8361  data: 1.7204  max mem: 10551
Val:  [    80/?]  eta: ?  loss: 0.8554 (0.9103)  accuracy: 0.8548 (0.8787)  balanced_accuracy: 0.8228 (0.8457)  pr_auc: 0.9251 (0.8561)  roc_auc: 0.9496 (0.9440)  f1_weighted: 0.7696 (0.7699)  time: 1.8271  data: 1.7110  max mem: 10551
Val:  [    90/?]  eta: ?  loss: 0.8851 (1.0393)  accuracy: 0.8555 (0.8694)  balanced_accuracy: 0.8101 (0.8435)  pr_auc: 0.9171 (0.8669)  roc_auc: 0.9546 (0.9377)  f1_weighted: 0.6792 (0.7727)  time: 1.8363  data: 1.7168  max mem: 10551
Val:  [   100/?]  eta: ?  loss: 0.8171 (1.1016)  accuracy: 0.8320 (0.8644)  balanced_accuracy: 0.8356 (0.8362)  pr_auc: 0.9224 (0.8488)  roc_auc: 0.9180 (0.9249)  f1_weighted: 0.7873 (0.7618)  time: 1.8362  data: 1.7143  max mem: 10551
Val:  [   110/?]  eta: ?  loss: 1.1125 (1.1396)  accuracy: 0.8314 (0.8592)  balanced_accuracy: 0.8325 (0.8281)  pr_auc: 0.7491 (0.8341)  roc_auc: 0.8764 (0.9159)  f1_weighted: 0.7873 (0.7509)  time: 1.8439  data: 1.7236  max mem: 10551
Val:  [   120/?]  eta: ?  loss: 0.2480 (1.0591)  accuracy: 0.9069 (0.8661)  balanced_accuracy: 0.9180 (0.8385)  pr_auc: 0.9866 (0.8478)  roc_auc: 0.9902 (0.9228)  f1_weighted: 0.8682 (0.7663)  time: 1.8520  data: 1.7349  max mem: 10551
Val:  [   130/?]  eta: ?  loss: 0.2048 (1.0607)  accuracy: 0.8991 (0.8658)  balanced_accuracy: 0.9222 (0.8412)  pr_auc: 0.9928 (0.8555)  roc_auc: 0.9940 (0.9242)  f1_weighted: 0.8770 (0.7728)  time: 1.8219  data: 1.7049  max mem: 10551
Val:  [   140/?]  eta: ?  loss: 1.1693 (1.1228)  accuracy: 0.8216 (0.8622)  balanced_accuracy: 0.8576 (0.8389)  pr_auc: 0.9395 (0.8552)  roc_auc: 0.9349 (0.9210)  f1_weighted: 0.8338 (0.7736)  time: 1.7999  data: 1.6815  max mem: 10551
Val:  [   150/?]  eta: ?  loss: 0.8679 (1.1166)  accuracy: 0.8158 (0.8600)  balanced_accuracy: 0.8077 (0.8318)  pr_auc: 0.9137 (0.8453)  roc_auc: 0.9275 (0.9167)  f1_weighted: 0.7762 (0.7620)  time: 1.8202  data: 1.7001  max mem: 10551
Val:  [   160/?]  eta: ?  loss: 0.4263 (1.0948)  accuracy: 0.8646 (0.8627)  balanced_accuracy: 0.8690 (0.8371)  pr_auc: 0.8769 (0.8418)  roc_auc: 0.9578 (0.9191)  f1_weighted: 0.7644 (0.7621)  time: 1.8427  data: 1.7225  max mem: 10551
Val:  [   170/?]  eta: ?  loss: 0.3272 (1.0813)  accuracy: 0.9323 (0.8647)  balanced_accuracy: 0.9212 (0.8414)  pr_auc: 0.9529 (0.8487)  roc_auc: 0.9798 (0.9219)  f1_weighted: 0.8591 (0.7682)  time: 1.8457  data: 1.7275  max mem: 10551
Val:  [   180/?]  eta: ?  loss: 0.1529 (1.0280)  accuracy: 0.9499 (0.8705)  balanced_accuracy: 0.9363 (0.8482)  pr_auc: 0.9979 (0.8572)  roc_auc: 0.9982 (0.9263)  f1_weighted: 0.9181 (0.7789)  time: 1.8402  data: 1.7221  max mem: 10551
Val:  [   190/?]  eta: ?  loss: 0.2021 (1.0090)  accuracy: 0.9375 (0.8687)  balanced_accuracy: 0.9232 (0.8470)  pr_auc: 0.9910 (0.8598)  roc_auc: 0.9944 (0.9270)  f1_weighted: 0.9125 (0.7796)  time: 1.8440  data: 1.7256  max mem: 10551
Val:  [   200/?]  eta: ?  loss: 0.9550 (1.0890)  accuracy: 0.8014 (0.8626)  balanced_accuracy: 0.8452 (0.8430)  pr_auc: 0.9221 (0.8577)  roc_auc: 0.9136 (0.9212)  f1_weighted: 0.8175 (0.7778)  time: 1.8651  data: 1.7451  max mem: 10551
Val:  [   210/?]  eta: ?  loss: 0.7196 (1.0589)  accuracy: 0.8600 (0.8650)  balanced_accuracy: 0.8452 (0.8435)  pr_auc: 0.9242 (0.8594)  roc_auc: 0.9566 (0.9239)  f1_weighted: 0.8175 (0.7774)  time: 1.8930  data: 1.7732  max mem: 10551
Val:  [   220/?]  eta: ?  loss: 0.2233 (1.0238)  accuracy: 0.9355 (0.8677)  balanced_accuracy: 0.8577 (0.8446)  pr_auc: 0.9357 (0.8612)  roc_auc: 0.9728 (0.9249)  f1_weighted: 0.8154 (0.7783)  time: 1.8963  data: 1.7787  max mem: 10551
Val:  [   230/?]  eta: ?  loss: 0.2512 (1.0077)  accuracy: 0.9102 (0.8686)  balanced_accuracy: 0.9016 (0.8470)  pr_auc: 0.9525 (0.8636)  roc_auc: 0.9772 (0.9265)  f1_weighted: 0.8375 (0.7814)  time: 1.8914  data: 1.7756  max mem: 10551
Val:  [   240/?]  eta: ?  loss: 0.7887 (1.0219)  accuracy: 0.8613 (0.8641)  balanced_accuracy: 0.8552 (0.8425)  pr_auc: 0.8883 (0.8611)  roc_auc: 0.9669 (0.9223)  f1_weighted: 0.8212 (0.7799)  time: 1.8819  data: 1.7670  max mem: 10551
Val:  [   250/?]  eta: ?  loss: 0.3586 (0.9939)  accuracy: 0.8711 (0.8668)  balanced_accuracy: 0.8901 (0.8465)  pr_auc: 0.9301 (0.8635)  roc_auc: 0.9669 (0.9248)  f1_weighted: 0.7856 (0.7801)  time: 1.8903  data: 1.7736  max mem: 10551
Val:  [   260/?]  eta: ?  loss: 0.3039 (0.9789)  accuracy: 0.9115 (0.8689)  balanced_accuracy: 0.9346 (0.8496)  pr_auc: 0.9837 (0.8667)  roc_auc: 0.9914 (0.9270)  f1_weighted: 0.9247 (0.7849)  time: 1.9239  data: 1.8072  max mem: 10551
Val:  [   270/?]  eta: ?  loss: 0.2730 (0.9559)  accuracy: 0.9408 (0.8714)  balanced_accuracy: 0.9346 (0.8523)  pr_auc: 0.9870 (0.8682)  roc_auc: 0.9923 (0.9292)  f1_weighted: 0.9300 (0.7865)  time: 1.9350  data: 1.8195  max mem: 10551
Val:  [   280/?]  eta: ?  loss: 0.2402 (0.9440)  accuracy: 0.9486 (0.8704)  balanced_accuracy: 0.9544 (0.8546)  pr_auc: 0.9930 (0.8663)  roc_auc: 0.9945 (0.9306)  f1_weighted: 0.9320 (0.7861)  time: 1.9298  data: 1.8143  max mem: 10551
Val:  [   290/?]  eta: ?  loss: 0.3498 (0.9371)  accuracy: 0.8574 (0.8692)  balanced_accuracy: 0.8574 (0.8524)  pr_auc: 0.9705 (0.8695)  roc_auc: 0.9808 (0.9313)  f1_weighted: 0.8321 (0.7868)  time: 1.9321  data: 1.8172  max mem: 10551
Val:  [   300/?]  eta: ?  loss: 0.2617 (0.9136)  accuracy: 0.9076 (0.8709)  balanced_accuracy: 0.8836 (0.8548)  pr_auc: 0.9778 (0.8728)  roc_auc: 0.9869 (0.9332)  f1_weighted: 0.8620 (0.7893)  time: 1.9649  data: 1.8500  max mem: 10551
Val:  [   310/?]  eta: ?  loss: 0.2617 (0.9255)  accuracy: 0.8848 (0.8681)  balanced_accuracy: 0.8490 (0.8506)  pr_auc: 0.9705 (0.8683)  roc_auc: 0.9795 (0.9304)  f1_weighted: 0.7228 (0.7841)  time: 2.0062  data: 1.8897  max mem: 10551
Val: Total time: 0:09:54 (1.9119 s / it)
* loss 0.926
Test:  [     0/?]  eta: ?  loss: 2.7966 (2.7966)  accuracy: 0.7585 (0.7585)  balanced_accuracy: 0.7645 (0.7645)  pr_auc: 0.8524 (0.8524)  roc_auc: 0.8724 (0.8724)  f1_weighted: 0.7551 (0.7551)  time: 4.2994  data: 4.1804  max mem: 10551
Test:  [    10/?]  eta: ?  loss: 0.7254 (1.2302)  accuracy: 0.8776 (0.8595)  balanced_accuracy: 0.8784 (0.8413)  pr_auc: 0.9650 (0.8854)  roc_auc: 0.9794 (0.9307)  f1_weighted: 0.8626 (0.7972)  time: 2.1664  data: 2.0480  max mem: 10551
Test:  [    20/?]  eta: ?  loss: 0.3802 (0.9639)  accuracy: 0.8952 (0.8652)  balanced_accuracy: 0.8944 (0.8465)  pr_auc: 0.9338 (0.8636)  roc_auc: 0.9735 (0.9335)  f1_weighted: 0.8626 (0.8005)  time: 1.9682  data: 1.8495  max mem: 10551
Test:  [    30/?]  eta: ?  loss: 0.6004 (0.9935)  accuracy: 0.8952 (0.8735)  balanced_accuracy: 0.8928 (0.8588)  pr_auc: 0.8931 (0.8724)  roc_auc: 0.9585 (0.9330)  f1_weighted: 0.8421 (0.8151)  time: 1.9451  data: 1.8267  max mem: 10551
Test:  [    40/?]  eta: ?  loss: 1.1887 (1.0959)  accuracy: 0.8464 (0.8637)  balanced_accuracy: 0.8805 (0.8522)  pr_auc: 0.8928 (0.8524)  roc_auc: 0.9174 (0.9215)  f1_weighted: 0.8421 (0.8135)  time: 1.8184  data: 1.7018  max mem: 10551
Test:  [    50/?]  eta: ?  loss: 0.6916 (1.1217)  accuracy: 0.8880 (0.8632)  balanced_accuracy: 0.8601 (0.8516)  pr_auc: 0.9414 (0.8641)  roc_auc: 0.9714 (0.9206)  f1_weighted: 0.8840 (0.8158)  time: 1.7078  data: 1.5920  max mem: 10551
Test:  [    60/?]  eta: ?  loss: 0.4432 (1.0753)  accuracy: 0.9271 (0.8712)  balanced_accuracy: 0.9059 (0.8597)  pr_auc: 0.9753 (0.8781)  roc_auc: 0.9822 (0.9233)  f1_weighted: 0.8921 (0.8269)  time: 1.6221  data: 1.5063  max mem: 10551
Test:  [    70/?]  eta: ?  loss: 0.7472 (1.2092)  accuracy: 0.8730 (0.8523)  balanced_accuracy: 0.8370 (0.8338)  pr_auc: 0.9054 (0.8500)  roc_auc: 0.9422 (0.9043)  f1_weighted: 0.7967 (0.7827)  time: 1.4887  data: 1.3730  max mem: 10551
Test:  [    80/?]  eta: ?  loss: 0.8315 (1.1344)  accuracy: 0.7806 (0.8539)  balanced_accuracy: 0.8127 (0.8369)  pr_auc: 0.9104 (0.8626)  roc_auc: 0.9422 (0.9121)  f1_weighted: 0.7915 (0.7868)  time: 1.3945  data: 1.2788  max mem: 10551
Test:  [    90/?]  eta: ?  loss: 0.8058 (1.2124)  accuracy: 0.8151 (0.8488)  balanced_accuracy: 0.8348 (0.8342)  pr_auc: 0.9510 (0.8578)  roc_auc: 0.9658 (0.9087)  f1_weighted: 0.7915 (0.7805)  time: 1.3659  data: 1.2503  max mem: 10551
Test:  [   100/?]  eta: ?  loss: 0.6107 (1.1405)  accuracy: 0.8203 (0.8490)  balanced_accuracy: 0.8340 (0.8351)  pr_auc: 0.8987 (0.8610)  roc_auc: 0.9360 (0.9109)  f1_weighted: 0.8000 (0.7856)  time: 1.3555  data: 1.2399  max mem: 10551
Test:  [   110/?]  eta: ?  loss: 0.6284 (1.2068)  accuracy: 0.8268 (0.8469)  balanced_accuracy: 0.8017 (0.8289)  pr_auc: 0.8741 (0.8452)  roc_auc: 0.9145 (0.9053)  f1_weighted: 0.7963 (0.7731)  time: 1.3732  data: 1.2574  max mem: 10551
Test:  [   120/?]  eta: ?  loss: 0.7888 (1.2181)  accuracy: 0.8281 (0.8491)  balanced_accuracy: 0.7762 (0.8281)  pr_auc: 0.8282 (0.8455)  roc_auc: 0.9011 (0.9028)  f1_weighted: 0.7466 (0.7713)  time: 1.3490  data: 1.2343  max mem: 10551
Test:  [   130/?]  eta: ?  loss: 0.3067 (1.1555)  accuracy: 0.8431 (0.8518)  balanced_accuracy: 0.8442 (0.8311)  pr_auc: 0.9526 (0.8548)  roc_auc: 0.9695 (0.9081)  f1_weighted: 0.7963 (0.7760)  time: 1.3534  data: 1.2391  max mem: 10551
Test:  [   140/?]  eta: ?  loss: 0.2875 (1.1133)  accuracy: 0.9206 (0.8562)  balanced_accuracy: 0.8832 (0.8348)  pr_auc: 0.9701 (0.8537)  roc_auc: 0.9913 (0.9119)  f1_weighted: 0.8406 (0.7772)  time: 1.4289  data: 1.3135  max mem: 10551
Test:  [   150/?]  eta: ?  loss: 0.2724 (1.0601)  accuracy: 0.9336 (0.8616)  balanced_accuracy: 0.9195 (0.8418)  pr_auc: 0.9745 (0.8617)  roc_auc: 0.9903 (0.9170)  f1_weighted: 0.8822 (0.7870)  time: 1.4490  data: 1.3333  max mem: 10551
Test:  [   160/?]  eta: ?  loss: 0.3034 (1.0721)  accuracy: 0.9199 (0.8604)  balanced_accuracy: 0.9195 (0.8420)  pr_auc: 0.9709 (0.8584)  roc_auc: 0.9794 (0.9147)  f1_weighted: 0.8930 (0.7893)  time: 1.4559  data: 1.3404  max mem: 10551
Test:  [   170/?]  eta: ?  loss: 0.2417 (1.0199)  accuracy: 0.9375 (0.8662)  balanced_accuracy: 0.9377 (0.8489)  pr_auc: 0.9673 (0.8651)  roc_auc: 0.9753 (0.9187)  f1_weighted: 0.9383 (0.7991)  time: 1.4463  data: 1.3308  max mem: 10551
Test:  [   180/?]  eta: ?  loss: 0.0949 (0.9801)  accuracy: 0.9525 (0.8694)  balanced_accuracy: 0.9566 (0.8534)  pr_auc: 0.9997 (0.8720)  roc_auc: 0.9997 (0.9227)  f1_weighted: 0.9611 (0.8063)  time: 1.4036  data: 1.2883  max mem: 10551
Test:  [   190/?]  eta: ?  loss: 0.2363 (0.9670)  accuracy: 0.9336 (0.8709)  balanced_accuracy: 0.9464 (0.8567)  pr_auc: 0.9947 (0.8733)  roc_auc: 0.9967 (0.9242)  f1_weighted: 0.9433 (0.8103)  time: 1.3869  data: 1.2717  max mem: 10551
Test:  [   200/?]  eta: ?  loss: 0.2548 (0.9403)  accuracy: 0.9329 (0.8740)  balanced_accuracy: 0.9392 (0.8570)  pr_auc: 0.9825 (0.8761)  roc_auc: 0.9926 (0.9270)  f1_weighted: 0.9232 (0.8088)  time: 1.4577  data: 1.3422  max mem: 10551
Test:  [   210/?]  eta: ?  loss: 0.7939 (0.9601)  accuracy: 0.8568 (0.8699)  balanced_accuracy: 0.8654 (0.8522)  pr_auc: 0.9201 (0.8660)  roc_auc: 0.9699 (0.9233)  f1_weighted: 0.7654 (0.8007)  time: 1.5017  data: 1.3864  max mem: 10551
Test:  [   220/?]  eta: ?  loss: 0.5516 (0.9276)  accuracy: 0.8620 (0.8732)  balanced_accuracy: 0.8744 (0.8567)  pr_auc: 0.9655 (0.8711)  roc_auc: 0.9731 (0.9263)  f1_weighted: 0.8414 (0.8067)  time: 1.5048  data: 1.3896  max mem: 10551
Test:  [   230/?]  eta: ?  loss: 0.1847 (0.9051)  accuracy: 0.9486 (0.8742)  balanced_accuracy: 0.9451 (0.8585)  pr_auc: 0.9780 (0.8749)  roc_auc: 0.9923 (0.9283)  f1_weighted: 0.9310 (0.8088)  time: 1.5131  data: 1.3975  max mem: 10551
Test:  [   240/?]  eta: ?  loss: 0.4782 (0.9141)  accuracy: 0.8730 (0.8715)  balanced_accuracy: 0.9164 (0.8574)  pr_auc: 0.9668 (0.8758)  roc_auc: 0.9780 (0.9283)  f1_weighted: 0.8850 (0.8075)  time: 1.4949  data: 1.3801  max mem: 10551
Test:  [   250/?]  eta: ?  loss: 0.9407 (0.9372)  accuracy: 0.7982 (0.8706)  balanced_accuracy: 0.8225 (0.8554)  pr_auc: 0.9175 (0.8718)  roc_auc: 0.9726 (0.9266)  f1_weighted: 0.7114 (0.8025)  time: 1.5492  data: 1.4341  max mem: 10551
Test:  [   260/?]  eta: ?  loss: 0.1014 (0.9071)  accuracy: 0.9648 (0.8746)  balanced_accuracy: 0.9501 (0.8593)  pr_auc: 0.9796 (0.8748)  roc_auc: 0.9964 (0.9286)  f1_weighted: 0.9284 (0.8075)  time: 1.5818  data: 1.4662  max mem: 10551
Test:  [   270/?]  eta: ?  loss: 0.4244 (0.9338)  accuracy: 0.9193 (0.8713)  balanced_accuracy: 0.9501 (0.8541)  pr_auc: 0.9734 (0.8671)  roc_auc: 0.9929 (0.9250)  f1_weighted: 0.9234 (0.7978)  time: 1.5514  data: 1.4367  max mem: 10551
Test:  [   280/?]  eta: ?  loss: 0.5690 (0.9152)  accuracy: 0.8164 (0.8717)  balanced_accuracy: 0.8616 (0.8552)  pr_auc: 0.9727 (0.8706)  roc_auc: 0.9881 (0.9273)  f1_weighted: 0.7967 (0.7984)  time: 1.5395  data: 1.4241  max mem: 10551
Test:  [   290/?]  eta: ?  loss: 0.3735 (0.9077)  accuracy: 0.8770 (0.8720)  balanced_accuracy: 0.8718 (0.8558)  pr_auc: 0.9960 (0.8721)  roc_auc: 0.9962 (0.9290)  f1_weighted: 0.8394 (0.7990)  time: 1.5568  data: 1.4408  max mem: 10551
Test:  [   300/?]  eta: ?  loss: 0.6968 (0.9388)  accuracy: 0.8672 (0.8713)  balanced_accuracy: 0.8652 (0.8532)  pr_auc: 0.8974 (0.8678)  roc_auc: 0.9637 (0.9259)  f1_weighted: 0.7658 (0.7915)  time: 1.6369  data: 1.5216  max mem: 10551
Test: Total time: 0:07:53 (1.5474 s / it)
* loss 0.930
  → Epoch   2/50 | Train Loss: 0.0520 | Val Loss: 0.9255 | Train Acc: 97.8819% | Val Acc: 86.8137% | LR: 0.000000
Max accuracy val: 87.06%, max accuracy test: 86.95%
Epoch: [2]  [     0/?]  eta: ?  lr: 0.000200  min_lr: 0.000001  loss: 0.0552 (0.0552)  class_acc: 0.9775 (0.9775)  loss_scale: 64.0000 (64.0000)  weight_decay: 0.0500 (0.0500)  grad_norm: 31.6125 (31.6125)  time: 23.7330  data: 23.4034  max mem: 10551
Epoch: [2]  [   500/?]  eta: ?  lr: 0.000201  min_lr: 0.000001  loss: 0.0519 (0.0524)  class_acc: 0.9785 (0.9789)  loss_scale: 64.0000 (64.0000)  weight_decay: 0.0500 (0.0500)  grad_norm: 18.7282 (20.5332)  time: 3.6802  data: 3.4069  max mem: 10551
NaN or Inf found in input tensor.
NaN or Inf found in input tensor.
Epoch: [2]  [  1000/?]  eta: ?  lr: 0.000201  min_lr: 0.000001  loss: 0.0522 (0.0523)  class_acc: 0.9785 (0.9788)  loss_scale: 32.0000 (65.6943)  weight_decay: 0.0500 (0.0500)  grad_norm: 15.0224 (nan)  time: 2.0401  data: 1.7692  max mem: 10551
Epoch: [2]  [  1500/?]  eta: ?  lr: 0.000202  min_lr: 0.000001  loss: 0.0485 (0.0523)  class_acc: 0.9795 (0.9788)  loss_scale: 32.0000 (54.4704)  weight_decay: 0.0500 (0.0500)  grad_norm: 16.6669 (nan)  time: 1.2792  data: 1.0087  max mem: 10551
Epoch: [2]  [  2000/?]  eta: ?  lr: 0.000202  min_lr: 0.000001  loss: 0.0545 (0.0522)  class_acc: 0.9795 (0.9789)  loss_scale: 32.0000 (48.8556)  weight_decay: 0.0500 (0.0500)  grad_norm: 21.3528 (nan)  time: 1.0099  data: 0.7395  max mem: 10551
Epoch: [2] Total time: 1:28:55 (2.4665 s / it)
Val:  [     0/?]  eta: ?  loss: 0.0690 (0.0690)  accuracy: 0.9766 (0.9766)  balanced_accuracy: 0.9305 (0.9305)  pr_auc: 0.9876 (0.9876)  roc_auc: 0.9979 (0.9979)  f1_weighted: 0.9126 (0.9126)  time: 2.7172  data: 2.5957  max mem: 10551
Val:  [    10/?]  eta: ?  loss: 0.3020 (0.4597)  accuracy: 0.9186 (0.9086)  balanced_accuracy: 0.9212 (0.8815)  pr_auc: 0.9471 (0.8856)  roc_auc: 0.9726 (0.9626)  f1_weighted: 0.9126 (0.8252)  time: 1.6702  data: 1.5526  max mem: 10551
Val:  [    20/?]  eta: ?  loss: 0.4005 (0.5638)  accuracy: 0.9160 (0.8996)  balanced_accuracy: 0.8975 (0.8911)  pr_auc: 0.9665 (0.9188)  roc_auc: 0.9783 (0.9663)  f1_weighted: 0.8747 (0.8469)  time: 1.6875  data: 1.5651  max mem: 10551
Val:  [    30/?]  eta: ?  loss: 0.4005 (0.5496)  accuracy: 0.9121 (0.9035)  balanced_accuracy: 0.8943 (0.8888)  pr_auc: 0.9665 (0.9214)  roc_auc: 0.9841 (0.9677)  f1_weighted: 0.8596 (0.8460)  time: 1.8651  data: 1.7410  max mem: 10551
Val:  [    40/?]  eta: ?  loss: 0.5204 (0.6778)  accuracy: 0.9049 (0.8964)  balanced_accuracy: 0.8764 (0.8701)  pr_auc: 0.9414 (0.8776)  roc_auc: 0.9664 (0.9531)  f1_weighted: 0.8330 (0.8073)  time: 1.8736  data: 1.7518  max mem: 10551
Val:  [    50/?]  eta: ?  loss: 0.6835 (0.7663)  accuracy: 0.8698 (0.8864)  balanced_accuracy: 0.8572 (0.8623)  pr_auc: 0.8193 (0.8640)  roc_auc: 0.9478 (0.9446)  f1_weighted: 0.7518 (0.7985)  time: 1.8121  data: 1.6905  max mem: 10551
Val:  [    60/?]  eta: ?  loss: 0.5693 (0.7375)  accuracy: 0.8913 (0.8903)  balanced_accuracy: 0.8979 (0.8637)  pr_auc: 0.8895 (0.8600)  roc_auc: 0.9616 (0.9466)  f1_weighted: 0.8629 (0.7964)  time: 1.7751  data: 1.6566  max mem: 10551
Val:  [    70/?]  eta: ?  loss: 0.5693 (0.7249)  accuracy: 0.8913 (0.8879)  balanced_accuracy: 0.8827 (0.8573)  pr_auc: 0.9223 (0.8622)  roc_auc: 0.9616 (0.9463)  f1_weighted: 0.8629 (0.7905)  time: 1.7649  data: 1.6491  max mem: 10551
Val:  [    80/?]  eta: ?  loss: 0.7446 (0.7945)  accuracy: 0.8600 (0.8790)  balanced_accuracy: 0.8317 (0.8471)  pr_auc: 0.9223 (0.8594)  roc_auc: 0.9445 (0.9454)  f1_weighted: 0.7928 (0.7710)  time: 1.7780  data: 1.6618  max mem: 10551
Val:  [    90/?]  eta: ?  loss: 0.7075 (0.9011)  accuracy: 0.8613 (0.8706)  balanced_accuracy: 0.8020 (0.8461)  pr_auc: 0.9256 (0.8706)  roc_auc: 0.9528 (0.9398)  f1_weighted: 0.6822 (0.7745)  time: 1.7806  data: 1.6626  max mem: 10551
Val:  [   100/?]  eta: ?  loss: 0.7368 (0.9800)  accuracy: 0.8411 (0.8653)  balanced_accuracy: 0.8476 (0.8381)  pr_auc: 0.9190 (0.8498)  roc_auc: 0.9019 (0.9239)  f1_weighted: 0.8216 (0.7624)  time: 1.7979  data: 1.6791  max mem: 10551
Val:  [   110/?]  eta: ?  loss: 1.0609 (1.0187)  accuracy: 0.8626 (0.8595)  balanced_accuracy: 0.8231 (0.8293)  pr_auc: 0.6799 (0.8343)  roc_auc: 0.8501 (0.9144)  f1_weighted: 0.7544 (0.7509)  time: 1.8019  data: 1.6829  max mem: 10551
Val:  [   120/?]  eta: ?  loss: 0.1946 (0.9468)  accuracy: 0.9076 (0.8666)  balanced_accuracy: 0.9246 (0.8400)  pr_auc: 0.9909 (0.8481)  roc_auc: 0.9931 (0.9215)  f1_weighted: 0.8796 (0.7666)  time: 1.7776  data: 1.6588  max mem: 10551
Val:  [   130/?]  eta: ?  loss: 0.1946 (0.9507)  accuracy: 0.9017 (0.8654)  balanced_accuracy: 0.9185 (0.8419)  pr_auc: 0.9948 (0.8559)  roc_auc: 0.9954 (0.9231)  f1_weighted: 0.8809 (0.7725)  time: 1.8025  data: 1.6847  max mem: 10551
Val:  [   140/?]  eta: ?  loss: 1.0782 (1.0082)  accuracy: 0.8047 (0.8615)  balanced_accuracy: 0.8360 (0.8392)  pr_auc: 0.9550 (0.8556)  roc_auc: 0.9644 (0.9200)  f1_weighted: 0.8146 (0.7730)  time: 1.8373  data: 1.7194  max mem: 10551
Val:  [   150/?]  eta: ?  loss: 0.8879 (1.0034)  accuracy: 0.8034 (0.8588)  balanced_accuracy: 0.7841 (0.8307)  pr_auc: 0.9072 (0.8449)  roc_auc: 0.9351 (0.9156)  f1_weighted: 0.7383 (0.7589)  time: 1.8110  data: 1.6924  max mem: 10551
Val:  [   160/?]  eta: ?  loss: 0.4079 (0.9867)  accuracy: 0.8581 (0.8615)  balanced_accuracy: 0.8507 (0.8358)  pr_auc: 0.8424 (0.8420)  roc_auc: 0.9453 (0.9178)  f1_weighted: 0.7246 (0.7590)  time: 1.7970  data: 1.6744  max mem: 10551
Val:  [   170/?]  eta: ?  loss: 0.3270 (0.9756)  accuracy: 0.8867 (0.8623)  balanced_accuracy: 0.9041 (0.8393)  pr_auc: 0.9520 (0.8489)  roc_auc: 0.9755 (0.9211)  f1_weighted: 0.8166 (0.7634)  time: 1.8096  data: 1.6873  max mem: 10551
Val:  [   180/?]  eta: ?  loss: 0.1389 (0.9278)  accuracy: 0.9557 (0.8683)  balanced_accuracy: 0.9328 (0.8462)  pr_auc: 0.9975 (0.8573)  roc_auc: 0.9977 (0.9255)  f1_weighted: 0.9268 (0.7744)  time: 1.8003  data: 1.6819  max mem: 10551
Val:  [   190/?]  eta: ?  loss: 0.2030 (0.9128)  accuracy: 0.9303 (0.8663)  balanced_accuracy: 0.9254 (0.8449)  pr_auc: 0.9910 (0.8596)  roc_auc: 0.9962 (0.9262)  f1_weighted: 0.9194 (0.7748)  time: 1.7545  data: 1.6366  max mem: 10551
Val:  [   200/?]  eta: ?  loss: 0.8773 (0.9792)  accuracy: 0.8047 (0.8601)  balanced_accuracy: 0.8613 (0.8406)  pr_auc: 0.9315 (0.8574)  roc_auc: 0.9301 (0.9211)  f1_weighted: 0.8283 (0.7730)  time: 1.7592  data: 1.6408  max mem: 10551
Val:  [   210/?]  eta: ?  loss: 0.5494 (0.9482)  accuracy: 0.8613 (0.8631)  balanced_accuracy: 0.8542 (0.8422)  pr_auc: 0.9410 (0.8599)  roc_auc: 0.9643 (0.9241)  f1_weighted: 0.8293 (0.7747)  time: 1.8553  data: 1.7343  max mem: 10551
Val:  [   220/?]  eta: ?  loss: 0.1676 (0.9163)  accuracy: 0.9362 (0.8660)  balanced_accuracy: 0.8542 (0.8433)  pr_auc: 0.9410 (0.8618)  roc_auc: 0.9762 (0.9251)  f1_weighted: 0.8293 (0.7758)  time: 1.9125  data: 1.7928  max mem: 10551
Val:  [   230/?]  eta: ?  loss: 0.1796 (0.8960)  accuracy: 0.9121 (0.8681)  balanced_accuracy: 0.8999 (0.8467)  pr_auc: 0.9640 (0.8659)  roc_auc: 0.9897 (0.9272)  f1_weighted: 0.8785 (0.7806)  time: 1.8891  data: 1.7732  max mem: 10551
Val:  [   240/?]  eta: ?  loss: 0.6832 (0.9103)  accuracy: 0.8633 (0.8634)  balanced_accuracy: 0.8730 (0.8421)  pr_auc: 0.9335 (0.8628)  roc_auc: 0.9531 (0.9232)  f1_weighted: 0.8509 (0.7786)  time: 1.8787  data: 1.7606  max mem: 10551
Val:  [   250/?]  eta: ?  loss: 0.4070 (0.8842)  accuracy: 0.8665 (0.8660)  balanced_accuracy: 0.8730 (0.8460)  pr_auc: 0.9250 (0.8643)  roc_auc: 0.9546 (0.9259)  f1_weighted: 0.7847 (0.7786)  time: 1.8927  data: 1.7726  max mem: 10551
Val:  [   260/?]  eta: ?  loss: 0.2881 (0.8682)  accuracy: 0.9049 (0.8682)  balanced_accuracy: 0.9363 (0.8494)  pr_auc: 0.9901 (0.8678)  roc_auc: 0.9933 (0.9282)  f1_weighted: 0.9123 (0.7837)  time: 1.9077  data: 1.7904  max mem: 10551
Val:  [   270/?]  eta: ?  loss: 0.2216 (0.8494)  accuracy: 0.9453 (0.8706)  balanced_accuracy: 0.9363 (0.8521)  pr_auc: 0.9909 (0.8691)  roc_auc: 0.9929 (0.9303)  f1_weighted: 0.9213 (0.7849)  time: 1.8798  data: 1.7639  max mem: 10551
Val:  [   280/?]  eta: ?  loss: 0.1433 (0.8407)  accuracy: 0.9557 (0.8695)  balanced_accuracy: 0.9674 (0.8544)  pr_auc: 0.9938 (0.8670)  roc_auc: 0.9958 (0.9317)  f1_weighted: 0.9351 (0.7845)  time: 1.8561  data: 1.7405  max mem: 10551
Val:  [   290/?]  eta: ?  loss: 0.2758 (0.8358)  accuracy: 0.8333 (0.8683)  balanced_accuracy: 0.8542 (0.8521)  pr_auc: 0.9780 (0.8704)  roc_auc: 0.9903 (0.9326)  f1_weighted: 0.8212 (0.7849)  time: 1.8803  data: 1.7651  max mem: 10551
Val:  [   300/?]  eta: ?  loss: 0.2278 (0.8145)  accuracy: 0.9082 (0.8701)  balanced_accuracy: 0.8862 (0.8547)  pr_auc: 0.9836 (0.8736)  roc_auc: 0.9904 (0.9344)  f1_weighted: 0.8378 (0.7875)  time: 1.9123  data: 1.7973  max mem: 10551
Val:  [   310/?]  eta: ?  loss: 0.2281 (0.8195)  accuracy: 0.9049 (0.8680)  balanced_accuracy: 0.8403 (0.8511)  pr_auc: 0.9682 (0.8699)  roc_auc: 0.9834 (0.9321)  f1_weighted: 0.7112 (0.7829)  time: 1.9577  data: 1.8472  max mem: 10551
Val: Total time: 0:09:29 (1.8313 s / it)
* loss 0.819
Test:  [     0/?]  eta: ?  loss: 2.3479 (2.3479)  accuracy: 0.7604 (0.7604)  balanced_accuracy: 0.7665 (0.7665)  pr_auc: 0.8766 (0.8766)  roc_auc: 0.8858 (0.8858)  f1_weighted: 0.7573 (0.7573)  time: 4.2890  data: 4.1709  max mem: 10551
Test:  [    10/?]  eta: ?  loss: 0.6521 (1.1031)  accuracy: 0.8626 (0.8587)  balanced_accuracy: 0.8635 (0.8405)  pr_auc: 0.9620 (0.8878)  roc_auc: 0.9759 (0.9268)  f1_weighted: 0.8434 (0.7961)  time: 2.1651  data: 2.0475  max mem: 10551
Test:  [    20/?]  eta: ?  loss: 0.4526 (0.8397)  accuracy: 0.8867 (0.8653)  balanced_accuracy: 0.8781 (0.8449)  pr_auc: 0.9285 (0.8746)  roc_auc: 0.9759 (0.9345)  f1_weighted: 0.8434 (0.8005)  time: 1.9496  data: 1.8308  max mem: 10551
Test:  [    30/?]  eta: ?  loss: 0.5397 (0.8598)  accuracy: 0.8861 (0.8746)  balanced_accuracy: 0.8781 (0.8581)  pr_auc: 0.9156 (0.8836)  roc_auc: 0.9429 (0.9349)  f1_weighted: 0.8445 (0.8164)  time: 1.8759  data: 1.7573  max mem: 10551
Test:  [    40/?]  eta: ?  loss: 0.8999 (0.9700)  accuracy: 0.8678 (0.8635)  balanced_accuracy: 0.8644 (0.8501)  pr_auc: 0.9090 (0.8617)  roc_auc: 0.9236 (0.9240)  f1_weighted: 0.8445 (0.8121)  time: 1.7389  data: 1.6225  max mem: 10551
Test:  [    50/?]  eta: ?  loss: 0.7059 (1.0079)  accuracy: 0.8835 (0.8626)  balanced_accuracy: 0.8625 (0.8498)  pr_auc: 0.9479 (0.8702)  roc_auc: 0.9625 (0.9206)  f1_weighted: 0.8712 (0.8138)  time: 1.6561  data: 1.5405  max mem: 10551
Test:  [    60/?]  eta: ?  loss: 0.5260 (0.9816)  accuracy: 0.8965 (0.8697)  balanced_accuracy: 0.8625 (0.8563)  pr_auc: 0.9731 (0.8814)  roc_auc: 0.9743 (0.9218)  f1_weighted: 0.8831 (0.8223)  time: 1.5845  data: 1.4688  max mem: 10551
Test:  [    70/?]  eta: ?  loss: 0.7690 (1.0984)  accuracy: 0.8568 (0.8507)  balanced_accuracy: 0.8107 (0.8299)  pr_auc: 0.8651 (0.8525)  roc_auc: 0.9228 (0.9032)  f1_weighted: 0.7666 (0.7778)  time: 1.4928  data: 1.3770  max mem: 10551
Test:  [    80/?]  eta: ?  loss: 0.8915 (1.0362)  accuracy: 0.7962 (0.8522)  balanced_accuracy: 0.8156 (0.8331)  pr_auc: 0.8997 (0.8645)  roc_auc: 0.9402 (0.9109)  f1_weighted: 0.7711 (0.7816)  time: 1.4448  data: 1.3289  max mem: 10551
Test:  [    90/?]  eta: ?  loss: 0.6953 (1.1225)  accuracy: 0.8184 (0.8475)  balanced_accuracy: 0.8301 (0.8310)  pr_auc: 0.9407 (0.8596)  roc_auc: 0.9691 (0.9065)  f1_weighted: 0.7926 (0.7763)  time: 1.4412  data: 1.3255  max mem: 10551
Test:  [   100/?]  eta: ?  loss: 0.6006 (1.0538)  accuracy: 0.8223 (0.8494)  balanced_accuracy: 0.8313 (0.8339)  pr_auc: 0.8861 (0.8631)  roc_auc: 0.9319 (0.9091)  f1_weighted: 0.8214 (0.7836)  time: 1.4264  data: 1.3107  max mem: 10551
Test:  [   110/?]  eta: ?  loss: 0.6006 (1.1138)  accuracy: 0.8398 (0.8472)  balanced_accuracy: 0.8277 (0.8284)  pr_auc: 0.8827 (0.8476)  roc_auc: 0.9170 (0.9035)  f1_weighted: 0.8214 (0.7724)  time: 1.3944  data: 1.2786  max mem: 10551
Test:  [   120/?]  eta: ?  loss: 0.7412 (1.1152)  accuracy: 0.8340 (0.8494)  balanced_accuracy: 0.7790 (0.8277)  pr_auc: 0.8359 (0.8493)  roc_auc: 0.9060 (0.9023)  f1_weighted: 0.7359 (0.7715)  time: 1.3911  data: 1.2764  max mem: 10551
Test:  [   130/?]  eta: ?  loss: 0.1780 (1.0595)  accuracy: 0.8398 (0.8515)  balanced_accuracy: 0.8428 (0.8297)  pr_auc: 0.9628 (0.8580)  roc_auc: 0.9582 (0.9075)  f1_weighted: 0.8233 (0.7749)  time: 1.4046  data: 1.2905  max mem: 10551
Test:  [   140/?]  eta: ?  loss: 0.2468 (1.0164)  accuracy: 0.9297 (0.8561)  balanced_accuracy: 0.8901 (0.8341)  pr_auc: 0.9747 (0.8577)  roc_auc: 0.9888 (0.9118)  f1_weighted: 0.8367 (0.7767)  time: 1.4030  data: 1.2875  max mem: 10551
Test:  [   150/?]  eta: ?  loss: 0.2468 (0.9672)  accuracy: 0.9349 (0.8618)  balanced_accuracy: 0.9230 (0.8415)  pr_auc: 0.9783 (0.8663)  roc_auc: 0.9891 (0.9172)  f1_weighted: 0.8775 (0.7869)  time: 1.3825  data: 1.2667  max mem: 10551
Test:  [   160/?]  eta: ?  loss: 0.3088 (0.9690)  accuracy: 0.9329 (0.8607)  balanced_accuracy: 0.9296 (0.8416)  pr_auc: 0.9694 (0.8628)  roc_auc: 0.9765 (0.9155)  f1_weighted: 0.9142 (0.7893)  time: 1.3741  data: 1.2586  max mem: 10551
Test:  [   170/?]  eta: ?  loss: 0.2085 (0.9193)  accuracy: 0.9421 (0.8670)  balanced_accuracy: 0.9406 (0.8492)  pr_auc: 0.9649 (0.8699)  roc_auc: 0.9690 (0.9199)  f1_weighted: 0.9281 (0.7997)  time: 1.3832  data: 1.2676  max mem: 10551
Test:  [   180/?]  eta: ?  loss: 0.0423 (0.8807)  accuracy: 0.9583 (0.8707)  balanced_accuracy: 0.9632 (0.8542)  pr_auc: 0.9998 (0.8768)  roc_auc: 0.9998 (0.9240)  f1_weighted: 0.9592 (0.8072)  time: 1.3948  data: 1.2792  max mem: 10551
Test:  [   190/?]  eta: ?  loss: 0.2091 (0.8687)  accuracy: 0.9368 (0.8724)  balanced_accuracy: 0.9458 (0.8578)  pr_auc: 0.9959 (0.8788)  roc_auc: 0.9976 (0.9259)  f1_weighted: 0.9428 (0.8116)  time: 1.3740  data: 1.2584  max mem: 10551
Test:  [   200/?]  eta: ?  loss: 0.2663 (0.8492)  accuracy: 0.9219 (0.8750)  balanced_accuracy: 0.9305 (0.8576)  pr_auc: 0.9858 (0.8803)  roc_auc: 0.9929 (0.9281)  f1_weighted: 0.9061 (0.8087)  time: 1.3914  data: 1.2758  max mem: 10551
Test:  [   210/?]  eta: ?  loss: 0.8057 (0.8709)  accuracy: 0.8444 (0.8710)  balanced_accuracy: 0.8282 (0.8531)  pr_auc: 0.9105 (0.8699)  roc_auc: 0.9576 (0.9244)  f1_weighted: 0.7694 (0.8011)  time: 1.4425  data: 1.3272  max mem: 10551
Test:  [   220/?]  eta: ?  loss: 0.4702 (0.8439)  accuracy: 0.8509 (0.8741)  balanced_accuracy: 0.8825 (0.8573)  pr_auc: 0.9694 (0.8748)  roc_auc: 0.9716 (0.9272)  f1_weighted: 0.8310 (0.8068)  time: 1.4415  data: 1.3262  max mem: 10551
Test:  [   230/?]  eta: ?  loss: 0.1596 (0.8256)  accuracy: 0.9434 (0.8746)  balanced_accuracy: 0.9516 (0.8585)  pr_auc: 0.9834 (0.8777)  roc_auc: 0.9907 (0.9290)  f1_weighted: 0.9208 (0.8082)  time: 1.4338  data: 1.3181  max mem: 10551
Test:  [   240/?]  eta: ?  loss: 0.5148 (0.8364)  accuracy: 0.8581 (0.8714)  balanced_accuracy: 0.9070 (0.8570)  pr_auc: 0.9501 (0.8784)  roc_auc: 0.9786 (0.9288)  f1_weighted: 0.8752 (0.8064)  time: 1.4786  data: 1.3638  max mem: 10551
Test:  [   250/?]  eta: ?  loss: 0.8787 (0.8565)  accuracy: 0.7995 (0.8705)  balanced_accuracy: 0.8351 (0.8553)  pr_auc: 0.9139 (0.8745)  roc_auc: 0.9778 (0.9268)  f1_weighted: 0.7158 (0.8017)  time: 1.5355  data: 1.4203  max mem: 10551
Test:  [   260/?]  eta: ?  loss: 0.1086 (0.8292)  accuracy: 0.9674 (0.8745)  balanced_accuracy: 0.9531 (0.8592)  pr_auc: 0.9841 (0.8774)  roc_auc: 0.9950 (0.9289)  f1_weighted: 0.9145 (0.8067)  time: 1.5321  data: 1.4164  max mem: 10551
Test:  [   270/?]  eta: ?  loss: 0.4332 (0.8485)  accuracy: 0.9206 (0.8719)  balanced_accuracy: 0.9531 (0.8541)  pr_auc: 0.9809 (0.8704)  roc_auc: 0.9936 (0.9259)  f1_weighted: 0.9128 (0.7972)  time: 1.5128  data: 1.3979  max mem: 10551
Test:  [   280/?]  eta: ?  loss: 0.6082 (0.8345)  accuracy: 0.8314 (0.8720)  balanced_accuracy: 0.8448 (0.8546)  pr_auc: 0.9378 (0.8741)  roc_auc: 0.9810 (0.9282)  f1_weighted: 0.7865 (0.7969)  time: 1.5255  data: 1.4101  max mem: 10551
Test:  [   290/?]  eta: ?  loss: 0.3333 (0.8270)  accuracy: 0.8770 (0.8722)  balanced_accuracy: 0.8714 (0.8551)  pr_auc: 0.9955 (0.8762)  roc_auc: 0.9945 (0.9301)  f1_weighted: 0.8000 (0.7973)  time: 1.5438  data: 1.4278  max mem: 10551
Test:  [   300/?]  eta: ?  loss: 0.6626 (0.8511)  accuracy: 0.8796 (0.8716)  balanced_accuracy: 0.8939 (0.8526)  pr_auc: 0.9033 (0.8721)  roc_auc: 0.9810 (0.9272)  f1_weighted: 0.7723 (0.7904)  time: 1.5360  data: 1.4204  max mem: 10551
Test: Total time: 0:07:45 (1.5197 s / it)
* loss 0.845
  → Epoch   3/50 | Train Loss: 0.0521 | Val Loss: 0.8195 | Train Acc: 97.8885% | Val Acc: 86.7963% | LR: 0.000001
Max accuracy val: 87.06%, max accuracy test: 86.95%
Epoch: [3]  [     0/?]  eta: ?  lr: 0.000300  min_lr: 0.000001  loss: 0.0618 (0.0618)  class_acc: 0.9746 (0.9746)  loss_scale: 32.0000 (32.0000)  weight_decay: 0.0500 (0.0500)  grad_norm: 15.5333 (15.5333)  time: 22.8811  data: 22.5496  max mem: 10551
Epoch: [3]  [   500/?]  eta: ?  lr: 0.000301  min_lr: 0.000001  loss: 0.0511 (0.0541)  class_acc: 0.9775 (0.9784)  loss_scale: 32.0000 (32.0000)  weight_decay: 0.0500 (0.0500)  grad_norm: 19.9278 (21.6648)  time: 3.5341  data: 3.2627  max mem: 10551
Epoch: [3]  [  1000/?]  eta: ?  lr: 0.000301  min_lr: 0.000001  loss: 0.0563 (0.0541)  class_acc: 0.9766 (0.9782)  loss_scale: 64.0000 (41.9740)  weight_decay: 0.0500 (0.0500)  grad_norm: 21.6766 (21.8988)  time: 2.0731  data: 1.7998  max mem: 10551
Epoch: [3]  [  1500/?]  eta: ?  lr: 0.000302  min_lr: 0.000001  loss: 0.0490 (0.0544)  class_acc: 0.9785 (0.9782)  loss_scale: 64.0000 (49.3111)  weight_decay: 0.0500 (0.0500)  grad_norm: 18.6032 (21.7447)  time: 1.2511  data: 0.9803  max mem: 10551
NaN or Inf found in input tensor.
Epoch: [3]  [  2000/?]  eta: ?  lr: 0.000302  min_lr: 0.000001  loss: 0.0526 (0.0544)  class_acc: 0.9795 (0.9782)  loss_scale: 32.0000 (47.9760)  weight_decay: 0.0500 (0.0500)  grad_norm: 23.5635 (nan)  time: 1.0029  data: 0.7319  max mem: 10551
Epoch: [3] Total time: 1:28:07 (2.4444 s / it)
Val:  [     0/?]  eta: ?  loss: 0.1209 (0.1209)  accuracy: 0.9694 (0.9694)  balanced_accuracy: 0.9033 (0.9033)  pr_auc: 0.9685 (0.9685)  roc_auc: 0.9934 (0.9934)  f1_weighted: 0.8822 (0.8822)  time: 4.8943  data: 4.7592  max mem: 10551
Val:  [    10/?]  eta: ?  loss: 0.2928 (0.4628)  accuracy: 0.9212 (0.8996)  balanced_accuracy: 0.9033 (0.8684)  pr_auc: 0.9592 (0.8840)  roc_auc: 0.9773 (0.9640)  f1_weighted: 0.8822 (0.8108)  time: 2.1752  data: 2.0571  max mem: 10551
Val:  [    20/?]  eta: ?  loss: 0.5471 (0.5707)  accuracy: 0.9134 (0.8893)  balanced_accuracy: 0.8944 (0.8788)  pr_auc: 0.9592 (0.9109)  roc_auc: 0.9773 (0.9658)  f1_weighted: 0.8619 (0.8324)  time: 1.9416  data: 1.8203  max mem: 10551
Val:  [    30/?]  eta: ?  loss: 0.5107 (0.5464)  accuracy: 0.9082 (0.8970)  balanced_accuracy: 0.8929 (0.8824)  pr_auc: 0.9581 (0.9157)  roc_auc: 0.9794 (0.9667)  f1_weighted: 0.8585 (0.8375)  time: 1.9657  data: 1.8427  max mem: 10551
Val:  [    40/?]  eta: ?  loss: 0.4837 (0.6690)  accuracy: 0.8965 (0.8906)  balanced_accuracy: 0.8898 (0.8669)  pr_auc: 0.8951 (0.8778)  roc_auc: 0.9680 (0.9536)  f1_weighted: 0.7900 (0.8030)  time: 1.9465  data: 1.8265  max mem: 10551
Val:  [    50/?]  eta: ?  loss: 0.6689 (0.7571)  accuracy: 0.8789 (0.8808)  balanced_accuracy: 0.8694 (0.8583)  pr_auc: 0.8038 (0.8630)  roc_auc: 0.9580 (0.9460)  f1_weighted: 0.7719 (0.7935)  time: 1.9218  data: 1.8010  max mem: 10551
Val:  [    60/?]  eta: ?  loss: 0.5474 (0.7274)  accuracy: 0.8893 (0.8842)  balanced_accuracy: 0.8965 (0.8604)  pr_auc: 0.8935 (0.8575)  roc_auc: 0.9631 (0.9470)  f1_weighted: 0.8679 (0.7907)  time: 1.8679  data: 1.7496  max mem: 10551
Val:  [    70/?]  eta: ?  loss: 0.7414 (0.7355)  accuracy: 0.8470 (0.8796)  balanced_accuracy: 0.8345 (0.8512)  pr_auc: 0.9443 (0.8580)  roc_auc: 0.9588 (0.9445)  f1_weighted: 0.8182 (0.7804)  time: 1.8190  data: 1.7040  max mem: 10551
Val:  [    80/?]  eta: ?  loss: 0.9465 (0.8144)  accuracy: 0.8359 (0.8711)  balanced_accuracy: 0.8171 (0.8416)  pr_auc: 0.9384 (0.8539)  roc_auc: 0.9424 (0.9427)  f1_weighted: 0.7502 (0.7631)  time: 1.8019  data: 1.6866  max mem: 10551
Val:  [    90/?]  eta: ?  loss: 1.0012 (0.9070)  accuracy: 0.8607 (0.8635)  balanced_accuracy: 0.8293 (0.8405)  pr_auc: 0.9196 (0.8648)  roc_auc: 0.9527 (0.9357)  f1_weighted: 0.6517 (0.7675)  time: 1.8087  data: 1.6915  max mem: 10551
Val:  [   100/?]  eta: ?  loss: 0.6638 (0.9830)  accuracy: 0.8607 (0.8587)  balanced_accuracy: 0.8394 (0.8324)  pr_auc: 0.9139 (0.8430)  roc_auc: 0.9111 (0.9198)  f1_weighted: 0.7944 (0.7553)  time: 1.8179  data: 1.6992  max mem: 10551
Val:  [   110/?]  eta: ?  loss: 0.9693 (1.0121)  accuracy: 0.7969 (0.8528)  balanced_accuracy: 0.8000 (0.8231)  pr_auc: 0.6869 (0.8278)  roc_auc: 0.8150 (0.9107)  f1_weighted: 0.7235 (0.7432)  time: 1.8243  data: 1.7062  max mem: 10551
Val:  [   120/?]  eta: ?  loss: 0.4603 (0.9536)  accuracy: 0.8893 (0.8579)  balanced_accuracy: 0.8902 (0.8311)  pr_auc: 0.9734 (0.8415)  roc_auc: 0.9827 (0.9176)  f1_weighted: 0.8581 (0.7560)  time: 1.8202  data: 1.7023  max mem: 10551
Val:  [   130/?]  eta: ?  loss: 0.3327 (0.9442)  accuracy: 0.8958 (0.8580)  balanced_accuracy: 0.8974 (0.8344)  pr_auc: 0.9812 (0.8505)  roc_auc: 0.9844 (0.9205)  f1_weighted: 0.8755 (0.7630)  time: 1.8086  data: 1.6885  max mem: 10551
Val:  [   140/?]  eta: ?  loss: 1.0054 (0.9911)  accuracy: 0.8216 (0.8550)  balanced_accuracy: 0.8316 (0.8326)  pr_auc: 0.9658 (0.8514)  roc_auc: 0.9383 (0.9183)  f1_weighted: 0.7988 (0.7645)  time: 1.8034  data: 1.6831  max mem: 10551
Val:  [   150/?]  eta: ?  loss: 1.0780 (0.9948)  accuracy: 0.8053 (0.8503)  balanced_accuracy: 0.7331 (0.8212)  pr_auc: 0.9124 (0.8386)  roc_auc: 0.9246 (0.9123)  f1_weighted: 0.7262 (0.7464)  time: 1.8022  data: 1.6819  max mem: 10551
Val:  [   160/?]  eta: ?  loss: 0.5372 (0.9818)  accuracy: 0.8490 (0.8532)  balanced_accuracy: 0.8383 (0.8263)  pr_auc: 0.8328 (0.8357)  roc_auc: 0.9365 (0.9144)  f1_weighted: 0.7107 (0.7465)  time: 1.7871  data: 1.6660  max mem: 10551
Val:  [   170/?]  eta: ?  loss: 0.4312 (0.9615)  accuracy: 0.8939 (0.8546)  balanced_accuracy: 0.8762 (0.8302)  pr_auc: 0.9576 (0.8433)  roc_auc: 0.9749 (0.9182)  f1_weighted: 0.8096 (0.7515)  time: 1.7928  data: 1.6738  max mem: 10551
Val:  [   180/?]  eta: ?  loss: 0.2430 (0.9177)  accuracy: 0.9258 (0.8602)  balanced_accuracy: 0.8856 (0.8365)  pr_auc: 0.9941 (0.8519)  roc_auc: 0.9947 (0.9227)  f1_weighted: 0.8587 (0.7617)  time: 1.8194  data: 1.7011  max mem: 10551
Val:  [   190/?]  eta: ?  loss: 0.2430 (0.8997)  accuracy: 0.9160 (0.8584)  balanced_accuracy: 0.8859 (0.8353)  pr_auc: 0.9864 (0.8548)  roc_auc: 0.9933 (0.9238)  f1_weighted: 0.8705 (0.7625)  time: 1.8214  data: 1.7020  max mem: 10551
Val:  [   200/?]  eta: ?  loss: 0.8003 (0.9631)  accuracy: 0.8060 (0.8530)  balanced_accuracy: 0.8406 (0.8320)  pr_auc: 0.9278 (0.8531)  roc_auc: 0.8948 (0.9186)  f1_weighted: 0.8069 (0.7618)  time: 1.8470  data: 1.7263  max mem: 10551
Val:  [   210/?]  eta: ?  loss: 0.5108 (0.9340)  accuracy: 0.8770 (0.8563)  balanced_accuracy: 0.8406 (0.8340)  pr_auc: 0.9362 (0.8560)  roc_auc: 0.9523 (0.9215)  f1_weighted: 0.8069 (0.7637)  time: 1.8665  data: 1.7473  max mem: 10551
Val:  [   220/?]  eta: ?  loss: 0.1668 (0.9025)  accuracy: 0.9232 (0.8597)  balanced_accuracy: 0.8583 (0.8356)  pr_auc: 0.9526 (0.8582)  roc_auc: 0.9765 (0.9227)  f1_weighted: 0.7966 (0.7654)  time: 1.8389  data: 1.7216  max mem: 10551
Val:  [   230/?]  eta: ?  loss: 0.2581 (0.8842)  accuracy: 0.9089 (0.8613)  balanced_accuracy: 0.8945 (0.8388)  pr_auc: 0.9542 (0.8619)  roc_auc: 0.9804 (0.9249)  f1_weighted: 0.8619 (0.7696)  time: 1.7676  data: 1.6497  max mem: 10551
Val:  [   240/?]  eta: ?  loss: 0.5844 (0.9022)  accuracy: 0.8262 (0.8562)  balanced_accuracy: 0.8511 (0.8337)  pr_auc: 0.9118 (0.8582)  roc_auc: 0.9508 (0.9202)  f1_weighted: 0.8250 (0.7671)  time: 1.7306  data: 1.6129  max mem: 10551
Val:  [   250/?]  eta: ?  loss: 0.3934 (0.8781)  accuracy: 0.8464 (0.8589)  balanced_accuracy: 0.8645 (0.8378)  pr_auc: 0.9219 (0.8612)  roc_auc: 0.9508 (0.9228)  f1_weighted: 0.7845 (0.7675)  time: 1.7878  data: 1.6690  max mem: 10551
Val:  [   260/?]  eta: ?  loss: 0.2234 (0.8597)  accuracy: 0.9180 (0.8612)  balanced_accuracy: 0.9342 (0.8415)  pr_auc: 0.9884 (0.8653)  roc_auc: 0.9924 (0.9253)  f1_weighted: 0.9050 (0.7732)  time: 1.8815  data: 1.7634  max mem: 10551
Val:  [   270/?]  eta: ?  loss: 0.2099 (0.8401)  accuracy: 0.9421 (0.8636)  balanced_accuracy: 0.9219 (0.8440)  pr_auc: 0.9866 (0.8669)  roc_auc: 0.9923 (0.9274)  f1_weighted: 0.8911 (0.7742)  time: 1.8943  data: 1.7787  max mem: 10551
Val:  [   280/?]  eta: ?  loss: 0.2028 (0.8327)  accuracy: 0.9421 (0.8625)  balanced_accuracy: 0.9069 (0.8462)  pr_auc: 0.9848 (0.8647)  roc_auc: 0.9944 (0.9288)  f1_weighted: 0.8898 (0.7738)  time: 1.8784  data: 1.7627  max mem: 10551
Val:  [   290/?]  eta: ?  loss: 0.3829 (0.8241)  accuracy: 0.8431 (0.8620)  balanced_accuracy: 0.8507 (0.8448)  pr_auc: 0.9772 (0.8682)  roc_auc: 0.9929 (0.9300)  f1_weighted: 0.8248 (0.7751)  time: 1.8718  data: 1.7567  max mem: 10551
Val:  [   300/?]  eta: ?  loss: 0.2175 (0.8045)  accuracy: 0.9134 (0.8639)  balanced_accuracy: 0.8833 (0.8475)  pr_auc: 0.9772 (0.8715)  roc_auc: 0.9931 (0.9318)  f1_weighted: 0.8401 (0.7779)  time: 1.8692  data: 1.7543  max mem: 10551
Val:  [   310/?]  eta: ?  loss: 0.2191 (0.8116)  accuracy: 0.8991 (0.8616)  balanced_accuracy: 0.8511 (0.8439)  pr_auc: 0.9435 (0.8678)  roc_auc: 0.9708 (0.9294)  f1_weighted: 0.7408 (0.7733)  time: 1.9282  data: 1.8177  max mem: 10551
Val: Total time: 0:09:37 (1.8571 s / it)
* loss 0.812
Test:  [     0/?]  eta: ?  loss: 2.4569 (2.4569)  accuracy: 0.7559 (0.7559)  balanced_accuracy: 0.7612 (0.7612)  pr_auc: 0.8274 (0.8274)  roc_auc: 0.8711 (0.8711)  f1_weighted: 0.7547 (0.7547)  time: 4.3674  data: 4.2495  max mem: 10551
Test:  [    10/?]  eta: ?  loss: 0.6804 (0.9905)  accuracy: 0.8887 (0.8639)  balanced_accuracy: 0.8725 (0.8451)  pr_auc: 0.9632 (0.8925)  roc_auc: 0.9800 (0.9356)  f1_weighted: 0.8448 (0.8037)  time: 2.1902  data: 2.0730  max mem: 10551
Test:  [    20/?]  eta: ?  loss: 0.2809 (0.7390)  accuracy: 0.9004 (0.8735)  balanced_accuracy: 0.8889 (0.8540)  pr_auc: 0.9614 (0.8826)  roc_auc: 0.9800 (0.9420)  f1_weighted: 0.8448 (0.8129)  time: 1.9659  data: 1.8475  max mem: 10551
Test:  [    30/?]  eta: ?  loss: 0.4162 (0.7903)  accuracy: 0.9004 (0.8768)  balanced_accuracy: 0.8889 (0.8619)  pr_auc: 0.9125 (0.8842)  roc_auc: 0.9539 (0.9386)  f1_weighted: 0.8360 (0.8207)  time: 1.9334  data: 1.8150  max mem: 10551
Test:  [    40/?]  eta: ?  loss: 0.8444 (0.9082)  accuracy: 0.8529 (0.8661)  balanced_accuracy: 0.8466 (0.8547)  pr_auc: 0.9012 (0.8636)  roc_auc: 0.9232 (0.9274)  f1_weighted: 0.8348 (0.8176)  time: 1.7751  data: 1.6587  max mem: 10551
Test:  [    50/?]  eta: ?  loss: 0.7099 (0.9335)  accuracy: 0.8802 (0.8657)  balanced_accuracy: 0.8687 (0.8541)  pr_auc: 0.9522 (0.8732)  roc_auc: 0.9593 (0.9241)  f1_weighted: 0.8747 (0.8200)  time: 1.6292  data: 1.5134  max mem: 10551
Test:  [    60/?]  eta: ?  loss: 0.3327 (0.9054)  accuracy: 0.9147 (0.8733)  balanced_accuracy: 0.9083 (0.8624)  pr_auc: 0.9753 (0.8857)  roc_auc: 0.9821 (0.9257)  f1_weighted: 0.8915 (0.8310)  time: 1.5465  data: 1.4308  max mem: 10551
Test:  [    70/?]  eta: ?  loss: 0.5971 (0.9884)  accuracy: 0.8477 (0.8560)  balanced_accuracy: 0.8136 (0.8381)  pr_auc: 0.8720 (0.8613)  roc_auc: 0.9280 (0.9106)  f1_weighted: 0.7612 (0.7893)  time: 1.3995  data: 1.2836  max mem: 10551
Test:  [    80/?]  eta: ?  loss: 0.8282 (0.9511)  accuracy: 0.7845 (0.8553)  balanced_accuracy: 0.7927 (0.8384)  pr_auc: 0.9379 (0.8710)  roc_auc: 0.9364 (0.9165)  f1_weighted: 0.7385 (0.7887)  time: 1.3075  data: 1.1915  max mem: 10551
Test:  [    90/?]  eta: ?  loss: 0.7288 (1.0322)  accuracy: 0.8184 (0.8489)  balanced_accuracy: 0.8226 (0.8345)  pr_auc: 0.9424 (0.8639)  roc_auc: 0.9684 (0.9134)  f1_weighted: 0.7704 (0.7809)  time: 1.2746  data: 1.1589  max mem: 10551
Test:  [   100/?]  eta: ?  loss: 0.5682 (0.9809)  accuracy: 0.8132 (0.8481)  balanced_accuracy: 0.8183 (0.8345)  pr_auc: 0.8941 (0.8663)  roc_auc: 0.9347 (0.9142)  f1_weighted: 0.7754 (0.7844)  time: 1.2610  data: 1.1452  max mem: 10551
Test:  [   110/?]  eta: ?  loss: 0.6239 (1.0566)  accuracy: 0.8132 (0.8431)  balanced_accuracy: 0.7931 (0.8261)  pr_auc: 0.8736 (0.8477)  roc_auc: 0.9196 (0.9070)  f1_weighted: 0.7728 (0.7681)  time: 1.3007  data: 1.1848  max mem: 10551
Test:  [   120/?]  eta: ?  loss: 0.6574 (1.0535)  accuracy: 0.8262 (0.8460)  balanced_accuracy: 0.8204 (0.8261)  pr_auc: 0.8607 (0.8496)  roc_auc: 0.9167 (0.9062)  f1_weighted: 0.7762 (0.7669)  time: 1.3174  data: 1.2027  max mem: 10551
Test:  [   130/?]  eta: ?  loss: 0.3371 (0.9965)  accuracy: 0.8561 (0.8495)  balanced_accuracy: 0.8475 (0.8298)  pr_auc: 0.9595 (0.8585)  roc_auc: 0.9547 (0.9113)  f1_weighted: 0.8048 (0.7727)  time: 1.3062  data: 1.1920  max mem: 10551
Test:  [   140/?]  eta: ?  loss: 0.2351 (0.9594)  accuracy: 0.9232 (0.8537)  balanced_accuracy: 0.8755 (0.8341)  pr_auc: 0.9702 (0.8571)  roc_auc: 0.9863 (0.9151)  f1_weighted: 0.8388 (0.7738)  time: 1.3180  data: 1.2026  max mem: 10551
Test:  [   150/?]  eta: ?  loss: 0.2232 (0.9101)  accuracy: 0.9368 (0.8596)  balanced_accuracy: 0.9239 (0.8416)  pr_auc: 0.9834 (0.8657)  roc_auc: 0.9927 (0.9203)  f1_weighted: 0.8778 (0.7845)  time: 1.2858  data: 1.1698  max mem: 10551
Test:  [   160/?]  eta: ?  loss: 0.2005 (0.9161)  accuracy: 0.9245 (0.8583)  balanced_accuracy: 0.9239 (0.8415)  pr_auc: 0.9853 (0.8622)  roc_auc: 0.9924 (0.9183)  f1_weighted: 0.9015 (0.7868)  time: 1.2460  data: 1.1301  max mem: 10551
Test:  [   170/?]  eta: ?  loss: 0.1422 (0.8768)  accuracy: 0.9062 (0.8638)  balanced_accuracy: 0.9316 (0.8482)  pr_auc: 0.9424 (0.8679)  roc_auc: 0.9734 (0.9216)  f1_weighted: 0.8950 (0.7963)  time: 1.2635  data: 1.1478  max mem: 10551
Test:  [   180/?]  eta: ?  loss: 0.1013 (0.8422)  accuracy: 0.9635 (0.8679)  balanced_accuracy: 0.9734 (0.8535)  pr_auc: 0.9994 (0.8749)  roc_auc: 0.9996 (0.9256)  f1_weighted: 0.9576 (0.8044)  time: 1.2936  data: 1.1779  max mem: 10551
Test:  [   190/?]  eta: ?  loss: 0.1882 (0.8386)  accuracy: 0.9440 (0.8689)  balanced_accuracy: 0.9463 (0.8562)  pr_auc: 0.9964 (0.8751)  roc_auc: 0.9981 (0.9263)  f1_weighted: 0.9345 (0.8079)  time: 1.2874  data: 1.1718  max mem: 10551
Test:  [   200/?]  eta: ?  loss: 0.1882 (0.8097)  accuracy: 0.9323 (0.8724)  balanced_accuracy: 0.9385 (0.8577)  pr_auc: 0.9871 (0.8786)  roc_auc: 0.9925 (0.9295)  f1_weighted: 0.9340 (0.8089)  time: 1.3241  data: 1.2084  max mem: 10551
Test:  [   210/?]  eta: ?  loss: 0.5942 (0.8367)  accuracy: 0.8320 (0.8677)  balanced_accuracy: 0.7894 (0.8522)  pr_auc: 0.9462 (0.8681)  roc_auc: 0.9825 (0.9252)  f1_weighted: 0.7339 (0.7999)  time: 1.3874  data: 1.2721  max mem: 10551
Test:  [   220/?]  eta: ?  loss: 0.4340 (0.8108)  accuracy: 0.8320 (0.8707)  balanced_accuracy: 0.8805 (0.8563)  pr_auc: 0.9664 (0.8731)  roc_auc: 0.9781 (0.9280)  f1_weighted: 0.8256 (0.8055)  time: 1.4046  data: 1.2892  max mem: 10551
Test:  [   230/?]  eta: ?  loss: 0.2855 (0.7959)  accuracy: 0.9186 (0.8716)  balanced_accuracy: 0.9343 (0.8580)  pr_auc: 0.9846 (0.8762)  roc_auc: 0.9859 (0.9295)  f1_weighted: 0.9099 (0.8073)  time: 1.3971  data: 1.2812  max mem: 10551
Test:  [   240/?]  eta: ?  loss: 0.4727 (0.7984)  accuracy: 0.8698 (0.8691)  balanced_accuracy: 0.8939 (0.8571)  pr_auc: 0.9532 (0.8782)  roc_auc: 0.9849 (0.9299)  f1_weighted: 0.8789 (0.8062)  time: 1.3842  data: 1.2692  max mem: 10551
Test:  [   250/?]  eta: ?  loss: 0.7724 (0.8159)  accuracy: 0.8086 (0.8683)  balanced_accuracy: 0.8377 (0.8553)  pr_auc: 0.9324 (0.8747)  roc_auc: 0.9854 (0.9284)  f1_weighted: 0.7376 (0.8015)  time: 1.4049  data: 1.2896  max mem: 10551
Test:  [   260/?]  eta: ?  loss: 0.1200 (0.7897)  accuracy: 0.9551 (0.8723)  balanced_accuracy: 0.9438 (0.8591)  pr_auc: 0.9933 (0.8776)  roc_auc: 0.9933 (0.9304)  f1_weighted: 0.9337 (0.8065)  time: 1.4460  data: 1.3302  max mem: 10551
Test:  [   270/?]  eta: ?  loss: 0.2149 (0.8005)  accuracy: 0.9382 (0.8705)  balanced_accuracy: 0.9505 (0.8553)  pr_auc: 0.9875 (0.8723)  roc_auc: 0.9971 (0.9280)  f1_weighted: 0.9235 (0.7996)  time: 1.4832  data: 1.3683  max mem: 10551
Test:  [   280/?]  eta: ?  loss: 0.5451 (0.7858)  accuracy: 0.8444 (0.8710)  balanced_accuracy: 0.8555 (0.8564)  pr_auc: 0.9911 (0.8761)  roc_auc: 0.9953 (0.9304)  f1_weighted: 0.7972 (0.8002)  time: 1.4922  data: 1.3767  max mem: 10551
Test:  [   290/?]  eta: ?  loss: 0.2921 (0.7785)  accuracy: 0.8861 (0.8717)  balanced_accuracy: 0.8878 (0.8574)  pr_auc: 0.9962 (0.8790)  roc_auc: 0.9969 (0.9325)  f1_weighted: 0.8175 (0.8010)  time: 1.5116  data: 1.3956  max mem: 10551
Test:  [   300/?]  eta: ?  loss: 0.4895 (0.7985)  accuracy: 0.8861 (0.8712)  balanced_accuracy: 0.8878 (0.8549)  pr_auc: 0.9480 (0.8749)  roc_auc: 0.9887 (0.9300)  f1_weighted: 0.7761 (0.7940)  time: 1.5445  data: 1.4291  max mem: 10551
Test: Total time: 0:07:25 (1.4565 s / it)
* loss 0.793
  → Epoch   4/50 | Train Loss: 0.0542 | Val Loss: 0.8116 | Train Acc: 97.8269% | Val Acc: 86.1632% | LR: 0.000001
Max accuracy val: 87.06%, max accuracy test: 86.95%
Epoch: [4]  [     0/?]  eta: ?  lr: 0.000400  min_lr: 0.000001  loss: 0.0719 (0.0719)  class_acc: 0.9746 (0.9746)  loss_scale: 32.0000 (32.0000)  weight_decay: 0.0500 (0.0500)  grad_norm: 17.6196 (17.6196)  time: 22.5716  data: 22.2277  max mem: 10551
Epoch: [4]  [   500/?]  eta: ?  lr: 0.000401  min_lr: 0.000001  loss: 0.0561 (0.0564)  class_acc: 0.9775 (0.9776)  loss_scale: 32.0000 (32.0000)  weight_decay: 0.0500 (0.0500)  grad_norm: 18.2649 (21.8857)  time: 3.4798  data: 3.2057  max mem: 10551
Epoch: [4]  [  1000/?]  eta: ?  lr: 0.000401  min_lr: 0.000001  loss: 0.0579 (0.0567)  class_acc: 0.9746 (0.9774)  loss_scale: 32.0000 (32.0000)  weight_decay: 0.0500 (0.0500)  grad_norm: 20.8123 (21.6898)  time: 2.0160  data: 1.7412  max mem: 10551
Epoch: [4]  [  1500/?]  eta: ?  lr: 0.000402  min_lr: 0.000001  loss: 0.0585 (0.0567)  class_acc: 0.9775 (0.9774)  loss_scale: 32.0000 (32.0000)  weight_decay: 0.0500 (0.0500)  grad_norm: 22.5205 (21.6330)  time: 1.2243  data: 0.9518  max mem: 10551
Epoch: [4]  [  2000/?]  eta: ?  lr: 0.000402  min_lr: 0.000001  loss: 0.0514 (0.0568)  class_acc: 0.9785 (0.9774)  loss_scale: 64.0000 (39.6122)  weight_decay: 0.0500 (0.0500)  grad_norm: 19.8770 (21.9363)  time: 1.0129  data: 0.7414  max mem: 10551
NaN or Inf found in input tensor.
Epoch: [4] Total time: 1:25:43 (2.3779 s / it)
Val:  [     0/?]  eta: ?  loss: 0.0340 (0.0340)  accuracy: 0.9883 (0.9883)  balanced_accuracy: 0.9662 (0.9662)  pr_auc: 0.9932 (0.9932)  roc_auc: 0.9987 (0.9987)  f1_weighted: 0.9575 (0.9575)  time: 2.7683  data: 2.6467  max mem: 10551
Val:  [    10/?]  eta: ?  loss: 0.3276 (0.4725)  accuracy: 0.9102 (0.8989)  balanced_accuracy: 0.9035 (0.8733)  pr_auc: 0.9467 (0.8704)  roc_auc: 0.9736 (0.9568)  f1_weighted: 0.9028 (0.8148)  time: 1.6426  data: 1.5253  max mem: 10551
Val:  [    20/?]  eta: ?  loss: 0.3377 (0.4989)  accuracy: 0.9017 (0.8927)  balanced_accuracy: 0.8974 (0.8857)  pr_auc: 0.9479 (0.9085)  roc_auc: 0.9764 (0.9654)  f1_weighted: 0.8641 (0.8396)  time: 1.7478  data: 1.6260  max mem: 10551
Val:  [    30/?]  eta: ?  loss: 0.3377 (0.4762)  accuracy: 0.9017 (0.8985)  balanced_accuracy: 0.8823 (0.8864)  pr_auc: 0.9696 (0.9159)  roc_auc: 0.9781 (0.9668)  f1_weighted: 0.8561 (0.8420)  time: 1.9757  data: 1.8514  max mem: 10551
Val:  [    40/?]  eta: ?  loss: 0.4180 (0.5985)  accuracy: 0.8965 (0.8932)  balanced_accuracy: 0.8701 (0.8671)  pr_auc: 0.9245 (0.8747)  roc_auc: 0.9685 (0.9523)  f1_weighted: 0.8208 (0.8044)  time: 1.9785  data: 1.8582  max mem: 10551
Val:  [    50/?]  eta: ?  loss: 0.6296 (0.6900)  accuracy: 0.8783 (0.8831)  balanced_accuracy: 0.8483 (0.8579)  pr_auc: 0.8434 (0.8574)  roc_auc: 0.9444 (0.9435)  f1_weighted: 0.7938 (0.7928)  time: 1.9413  data: 1.8209  max mem: 10551
Val:  [    60/?]  eta: ?  loss: 0.6296 (0.6930)  accuracy: 0.8763 (0.8836)  balanced_accuracy: 0.8809 (0.8569)  pr_auc: 0.8703 (0.8486)  roc_auc: 0.9525 (0.9436)  f1_weighted: 0.8384 (0.7863)  time: 1.8519  data: 1.7326  max mem: 10551
Val:  [    70/?]  eta: ?  loss: 0.5099 (0.6756)  accuracy: 0.8607 (0.8809)  balanced_accuracy: 0.8622 (0.8501)  pr_auc: 0.8958 (0.8509)  roc_auc: 0.9525 (0.9426)  f1_weighted: 0.8142 (0.7799)  time: 1.8038  data: 1.6880  max mem: 10551
Val:  [    80/?]  eta: ?  loss: 0.7450 (0.7356)  accuracy: 0.8522 (0.8727)  balanced_accuracy: 0.8100 (0.8417)  pr_auc: 0.8951 (0.8482)  roc_auc: 0.9445 (0.9419)  f1_weighted: 0.7447 (0.7640)  time: 1.8186  data: 1.7024  max mem: 10551
Val:  [    90/?]  eta: ?  loss: 0.6403 (0.8297)  accuracy: 0.8366 (0.8640)  balanced_accuracy: 0.7928 (0.8397)  pr_auc: 0.9272 (0.8601)  roc_auc: 0.9542 (0.9356)  f1_weighted: 0.6862 (0.7669)  time: 1.8206  data: 1.7001  max mem: 10551
Val:  [   100/?]  eta: ?  loss: 0.6403 (0.9024)  accuracy: 0.8177 (0.8594)  balanced_accuracy: 0.8263 (0.8322)  pr_auc: 0.9202 (0.8398)  roc_auc: 0.9077 (0.9202)  f1_weighted: 0.7900 (0.7553)  time: 1.8241  data: 1.7013  max mem: 10551
Val:  [   110/?]  eta: ?  loss: 0.8140 (0.9288)  accuracy: 0.8464 (0.8552)  balanced_accuracy: 0.8263 (0.8249)  pr_auc: 0.6858 (0.8265)  roc_auc: 0.8468 (0.9122)  f1_weighted: 0.7814 (0.7450)  time: 1.8120  data: 1.6907  max mem: 10551
Val:  [   120/?]  eta: ?  loss: 0.2184 (0.8629)  accuracy: 0.9355 (0.8634)  balanced_accuracy: 0.9355 (0.8364)  pr_auc: 0.9924 (0.8411)  roc_auc: 0.9944 (0.9195)  f1_weighted: 0.9253 (0.7623)  time: 1.7705  data: 1.6499  max mem: 10551
Val:  [   130/?]  eta: ?  loss: 0.1162 (0.8557)  accuracy: 0.9206 (0.8629)  balanced_accuracy: 0.9398 (0.8388)  pr_auc: 0.9954 (0.8497)  roc_auc: 0.9950 (0.9217)  f1_weighted: 0.9260 (0.7687)  time: 1.7612  data: 1.6416  max mem: 10551
Val:  [   140/?]  eta: ?  loss: 0.8100 (0.8951)  accuracy: 0.8210 (0.8592)  balanced_accuracy: 0.8369 (0.8365)  pr_auc: 0.9561 (0.8501)  roc_auc: 0.9679 (0.9193)  f1_weighted: 0.8098 (0.7696)  time: 1.7703  data: 1.6507  max mem: 10551
Val:  [   150/?]  eta: ?  loss: 0.8009 (0.8865)  accuracy: 0.8079 (0.8556)  balanced_accuracy: 0.7515 (0.8272)  pr_auc: 0.9052 (0.8406)  roc_auc: 0.9352 (0.9160)  f1_weighted: 0.7661 (0.7544)  time: 1.7790  data: 1.6577  max mem: 10551
Val:  [   160/?]  eta: ?  loss: 0.3992 (0.8710)  accuracy: 0.8444 (0.8586)  balanced_accuracy: 0.8550 (0.8329)  pr_auc: 0.8599 (0.8404)  roc_auc: 0.9620 (0.9185)  f1_weighted: 0.6811 (0.7555)  time: 1.7520  data: 1.6322  max mem: 10551
Val:  [   170/?]  eta: ?  loss: 0.2637 (0.8531)  accuracy: 0.9043 (0.8602)  balanced_accuracy: 0.9190 (0.8370)  pr_auc: 0.9655 (0.8482)  roc_auc: 0.9855 (0.9224)  f1_weighted: 0.8303 (0.7611)  time: 1.7388  data: 1.6227  max mem: 10551
Val:  [   180/?]  eta: ?  loss: 0.1537 (0.8121)  accuracy: 0.9395 (0.8661)  balanced_accuracy: 0.9310 (0.8440)  pr_auc: 0.9960 (0.8567)  roc_auc: 0.9975 (0.9267)  f1_weighted: 0.9133 (0.7721)  time: 1.7646  data: 1.6471  max mem: 10551
Val:  [   190/?]  eta: ?  loss: 0.2053 (0.7974)  accuracy: 0.9017 (0.8644)  balanced_accuracy: 0.9169 (0.8430)  pr_auc: 0.9903 (0.8601)  roc_auc: 0.9943 (0.9278)  f1_weighted: 0.9031 (0.7732)  time: 1.7538  data: 1.6328  max mem: 10551
Val:  [   200/?]  eta: ?  loss: 0.6918 (0.8595)  accuracy: 0.7917 (0.8581)  balanced_accuracy: 0.8267 (0.8388)  pr_auc: 0.9342 (0.8580)  roc_auc: 0.8888 (0.9228)  f1_weighted: 0.8057 (0.7716)  time: 1.7637  data: 1.6444  max mem: 10551
Val:  [   210/?]  eta: ?  loss: 0.4310 (0.8319)  accuracy: 0.8359 (0.8611)  balanced_accuracy: 0.8251 (0.8404)  pr_auc: 0.9385 (0.8608)  roc_auc: 0.9569 (0.9256)  f1_weighted: 0.7982 (0.7729)  time: 1.8030  data: 1.6861  max mem: 10551
Val:  [   220/?]  eta: ?  loss: 0.1618 (0.8040)  accuracy: 0.9108 (0.8637)  balanced_accuracy: 0.8206 (0.8408)  pr_auc: 0.9385 (0.8619)  roc_auc: 0.9726 (0.9264)  f1_weighted: 0.7416 (0.7729)  time: 1.8348  data: 1.7184  max mem: 10551
Val:  [   230/?]  eta: ?  loss: 0.2840 (0.7927)  accuracy: 0.9010 (0.8641)  balanced_accuracy: 0.8960 (0.8429)  pr_auc: 0.9461 (0.8651)  roc_auc: 0.9759 (0.9283)  f1_weighted: 0.8539 (0.7755)  time: 1.8050  data: 1.6898  max mem: 10551
Val:  [   240/?]  eta: ?  loss: 0.6755 (0.8042)  accuracy: 0.8177 (0.8599)  balanced_accuracy: 0.8397 (0.8387)  pr_auc: 0.9167 (0.8626)  roc_auc: 0.9717 (0.9244)  f1_weighted: 0.8091 (0.7743)  time: 1.7677  data: 1.6527  max mem: 10551
Val:  [   250/?]  eta: ?  loss: 0.3939 (0.7796)  accuracy: 0.8672 (0.8629)  balanced_accuracy: 0.8979 (0.8428)  pr_auc: 0.9435 (0.8650)  roc_auc: 0.9755 (0.9271)  f1_weighted: 0.8138 (0.7753)  time: 1.7782  data: 1.6622  max mem: 10551
Val:  [   260/?]  eta: ?  loss: 0.2482 (0.7652)  accuracy: 0.9160 (0.8650)  balanced_accuracy: 0.9336 (0.8461)  pr_auc: 0.9905 (0.8694)  roc_auc: 0.9958 (0.9295)  f1_weighted: 0.9259 (0.7803)  time: 1.8179  data: 1.7017  max mem: 10551
Val:  [   270/?]  eta: ?  loss: 0.1980 (0.7456)  accuracy: 0.9427 (0.8677)  balanced_accuracy: 0.9336 (0.8491)  pr_auc: 0.9875 (0.8713)  roc_auc: 0.9938 (0.9315)  f1_weighted: 0.9200 (0.7826)  time: 1.8441  data: 1.7285  max mem: 10551
Val:  [   280/?]  eta: ?  loss: 0.1154 (0.7374)  accuracy: 0.9661 (0.8668)  balanced_accuracy: 0.9531 (0.8513)  pr_auc: 0.9875 (0.8704)  roc_auc: 0.9960 (0.9330)  f1_weighted: 0.9200 (0.7822)  time: 1.8362  data: 1.7206  max mem: 10551
Val:  [   290/?]  eta: ?  loss: 0.3241 (0.7296)  accuracy: 0.8490 (0.8663)  balanced_accuracy: 0.8559 (0.8500)  pr_auc: 0.9830 (0.8739)  roc_auc: 0.9913 (0.9342)  f1_weighted: 0.8165 (0.7840)  time: 1.8496  data: 1.7346  max mem: 10551
Val:  [   300/?]  eta: ?  loss: 0.2025 (0.7112)  accuracy: 0.9271 (0.8684)  balanced_accuracy: 0.9167 (0.8531)  pr_auc: 0.9819 (0.8774)  roc_auc: 0.9913 (0.9360)  f1_weighted: 0.8900 (0.7871)  time: 1.9194  data: 1.8045  max mem: 10551
Val:  [   310/?]  eta: ?  loss: 0.2198 (0.7222)  accuracy: 0.9271 (0.8660)  balanced_accuracy: 0.8438 (0.8493)  pr_auc: 0.9760 (0.8731)  roc_auc: 0.9856 (0.9337)  f1_weighted: 0.7524 (0.7825)  time: 1.9612  data: 1.8446  max mem: 10551
Val: Total time: 0:09:26 (1.8220 s / it)
* loss 0.722
Test:  [     0/?]  eta: ?  loss: 2.3094 (2.3094)  accuracy: 0.7565 (0.7565)  balanced_accuracy: 0.7615 (0.7615)  pr_auc: 0.8824 (0.8824)  roc_auc: 0.8771 (0.8771)  f1_weighted: 0.7565 (0.7565)  time: 4.2259  data: 4.1082  max mem: 10551
Test:  [    10/?]  eta: ?  loss: 0.7194 (0.8936)  accuracy: 0.9043 (0.8668)  balanced_accuracy: 0.9054 (0.8532)  pr_auc: 0.9713 (0.9019)  roc_auc: 0.9827 (0.9365)  f1_weighted: 0.8948 (0.8124)  time: 2.0933  data: 1.9751  max mem: 10551
Test:  [    20/?]  eta: ?  loss: 0.2492 (0.6788)  accuracy: 0.9043 (0.8759)  balanced_accuracy: 0.9054 (0.8635)  pr_auc: 0.9713 (0.8909)  roc_auc: 0.9827 (0.9443)  f1_weighted: 0.8948 (0.8202)  time: 1.8388  data: 1.7197  max mem: 10551
Test:  [    30/?]  eta: ?  loss: 0.5144 (0.7321)  accuracy: 0.8952 (0.8804)  balanced_accuracy: 0.8794 (0.8714)  pr_auc: 0.9011 (0.8941)  roc_auc: 0.9524 (0.9427)  f1_weighted: 0.8324 (0.8301)  time: 1.7556  data: 1.6367  max mem: 10551
Test:  [    40/?]  eta: ?  loss: 0.6545 (0.8206)  accuracy: 0.8639 (0.8693)  balanced_accuracy: 0.8794 (0.8626)  pr_auc: 0.9009 (0.8759)  roc_auc: 0.9323 (0.9336)  f1_weighted: 0.8474 (0.8254)  time: 1.6832  data: 1.5664  max mem: 10551
Test:  [    50/?]  eta: ?  loss: 0.5613 (0.8621)  accuracy: 0.8952 (0.8686)  balanced_accuracy: 0.8693 (0.8605)  pr_auc: 0.9621 (0.8831)  roc_auc: 0.9707 (0.9292)  f1_weighted: 0.8671 (0.8269)  time: 1.6316  data: 1.5157  max mem: 10551
Test:  [    60/?]  eta: ?  loss: 0.3273 (0.8414)  accuracy: 0.9154 (0.8762)  balanced_accuracy: 0.8952 (0.8680)  pr_auc: 0.9717 (0.8934)  roc_auc: 0.9763 (0.9295)  f1_weighted: 0.8925 (0.8368)  time: 1.5439  data: 1.4279  max mem: 10551
Test:  [    70/?]  eta: ?  loss: 0.5074 (0.9631)  accuracy: 0.8477 (0.8544)  balanced_accuracy: 0.8060 (0.8401)  pr_auc: 0.8841 (0.8625)  roc_auc: 0.9314 (0.9080)  f1_weighted: 0.7601 (0.7904)  time: 1.4288  data: 1.3129  max mem: 10551
Test:  [    80/?]  eta: ?  loss: 0.5743 (0.9070)  accuracy: 0.8294 (0.8568)  balanced_accuracy: 0.8392 (0.8432)  pr_auc: 0.9170 (0.8730)  roc_auc: 0.9343 (0.9146)  f1_weighted: 0.8140 (0.7942)  time: 1.3743  data: 1.2585  max mem: 10551
Test:  [    90/?]  eta: ?  loss: 0.5743 (0.9820)  accuracy: 0.8294 (0.8509)  balanced_accuracy: 0.8432 (0.8398)  pr_auc: 0.9643 (0.8680)  roc_auc: 0.9738 (0.9116)  f1_weighted: 0.8184 (0.7871)  time: 1.3662  data: 1.2506  max mem: 10551
Test:  [   100/?]  eta: ?  loss: 0.5775 (0.9287)  accuracy: 0.7878 (0.8504)  balanced_accuracy: 0.8303 (0.8396)  pr_auc: 0.9083 (0.8687)  roc_auc: 0.9203 (0.9126)  f1_weighted: 0.8119 (0.7919)  time: 1.3641  data: 1.2486  max mem: 10551
Test:  [   110/?]  eta: ?  loss: 0.4181 (0.9899)  accuracy: 0.8040 (0.8472)  balanced_accuracy: 0.7880 (0.8324)  pr_auc: 0.8608 (0.8512)  roc_auc: 0.9027 (0.9050)  f1_weighted: 0.8119 (0.7779)  time: 1.3487  data: 1.2329  max mem: 10551
Test:  [   120/?]  eta: ?  loss: 0.6690 (0.9894)  accuracy: 0.8333 (0.8491)  balanced_accuracy: 0.8164 (0.8316)  pr_auc: 0.8500 (0.8522)  roc_auc: 0.9027 (0.9043)  f1_weighted: 0.7237 (0.7746)  time: 1.3492  data: 1.2344  max mem: 10551
Test:  [   130/?]  eta: ?  loss: 0.2836 (0.9378)  accuracy: 0.8639 (0.8524)  balanced_accuracy: 0.8527 (0.8351)  pr_auc: 0.9589 (0.8606)  roc_auc: 0.9717 (0.9096)  f1_weighted: 0.8233 (0.7799)  time: 1.4033  data: 1.2891  max mem: 10551
Test:  [   140/?]  eta: ?  loss: 0.2558 (0.9064)  accuracy: 0.9238 (0.8559)  balanced_accuracy: 0.9085 (0.8381)  pr_auc: 0.9716 (0.8587)  roc_auc: 0.9877 (0.9135)  f1_weighted: 0.8293 (0.7790)  time: 1.4100  data: 1.2945  max mem: 10551
Test:  [   150/?]  eta: ?  loss: 0.2329 (0.8606)  accuracy: 0.9258 (0.8616)  balanced_accuracy: 0.9218 (0.8451)  pr_auc: 0.9853 (0.8671)  roc_auc: 0.9918 (0.9187)  f1_weighted: 0.8690 (0.7890)  time: 1.3565  data: 1.2408  max mem: 10551
Test:  [   160/?]  eta: ?  loss: 0.2329 (0.8617)  accuracy: 0.9206 (0.8600)  balanced_accuracy: 0.9148 (0.8448)  pr_auc: 0.9805 (0.8641)  roc_auc: 0.9855 (0.9171)  f1_weighted: 0.8802 (0.7909)  time: 1.3147  data: 1.1991  max mem: 10551
Test:  [   170/?]  eta: ?  loss: 0.2189 (0.8213)  accuracy: 0.9206 (0.8657)  balanced_accuracy: 0.9172 (0.8515)  pr_auc: 0.9745 (0.8705)  roc_auc: 0.9735 (0.9210)  f1_weighted: 0.9216 (0.8004)  time: 1.2903  data: 1.1747  max mem: 10551
Test:  [   180/?]  eta: ?  loss: 0.0589 (0.7897)  accuracy: 0.9746 (0.8689)  balanced_accuracy: 0.9775 (0.8559)  pr_auc: 0.9993 (0.8772)  roc_auc: 0.9997 (0.9249)  f1_weighted: 0.9721 (0.8074)  time: 1.3007  data: 1.1852  max mem: 10551
Test:  [   190/?]  eta: ?  loss: 0.2030 (0.7886)  accuracy: 0.9284 (0.8699)  balanced_accuracy: 0.9385 (0.8585)  pr_auc: 0.9943 (0.8770)  roc_auc: 0.9967 (0.9255)  f1_weighted: 0.9345 (0.8109)  time: 1.2951  data: 1.1797  max mem: 10551
Test:  [   200/?]  eta: ?  loss: 0.2264 (0.7597)  accuracy: 0.9336 (0.8737)  balanced_accuracy: 0.9254 (0.8608)  pr_auc: 0.9804 (0.8815)  roc_auc: 0.9920 (0.9287)  f1_weighted: 0.9189 (0.8137)  time: 1.2996  data: 1.1841  max mem: 10551
Test:  [   210/?]  eta: ?  loss: 0.5788 (0.7778)  accuracy: 0.8672 (0.8696)  balanced_accuracy: 0.8372 (0.8556)  pr_auc: 0.9153 (0.8713)  roc_auc: 0.9681 (0.9252)  f1_weighted: 0.7481 (0.8051)  time: 1.3576  data: 1.2423  max mem: 10551
Test:  [   220/?]  eta: ?  loss: 0.5788 (0.7547)  accuracy: 0.8633 (0.8721)  balanced_accuracy: 0.8927 (0.8592)  pr_auc: 0.9602 (0.8761)  roc_auc: 0.9775 (0.9280)  f1_weighted: 0.8361 (0.8096)  time: 1.3867  data: 1.2713  max mem: 10551
Test:  [   230/?]  eta: ?  loss: 0.2209 (0.7391)  accuracy: 0.9043 (0.8726)  balanced_accuracy: 0.9129 (0.8602)  pr_auc: 0.9880 (0.8790)  roc_auc: 0.9876 (0.9296)  f1_weighted: 0.9046 (0.8107)  time: 1.3774  data: 1.2615  max mem: 10551
Test:  [   240/?]  eta: ?  loss: 0.6173 (0.7454)  accuracy: 0.8490 (0.8699)  balanced_accuracy: 0.8796 (0.8588)  pr_auc: 0.9467 (0.8804)  roc_auc: 0.9646 (0.9297)  f1_weighted: 0.8484 (0.8092)  time: 1.3691  data: 1.2542  max mem: 10551
Test:  [   250/?]  eta: ?  loss: 0.7349 (0.7634)  accuracy: 0.8203 (0.8693)  balanced_accuracy: 0.8398 (0.8572)  pr_auc: 0.9373 (0.8762)  roc_auc: 0.9945 (0.9281)  f1_weighted: 0.7553 (0.8048)  time: 1.3698  data: 1.2546  max mem: 10551
Test:  [   260/?]  eta: ?  loss: 0.0981 (0.7389)  accuracy: 0.9551 (0.8731)  balanced_accuracy: 0.9353 (0.8606)  pr_auc: 0.9920 (0.8790)  roc_auc: 0.9974 (0.9301)  f1_weighted: 0.9213 (0.8091)  time: 1.3843  data: 1.2686  max mem: 10551
Test:  [   270/?]  eta: ?  loss: 0.2302 (0.7574)  accuracy: 0.9251 (0.8698)  balanced_accuracy: 0.9220 (0.8558)  pr_auc: 0.9692 (0.8724)  roc_auc: 0.9890 (0.9271)  f1_weighted: 0.8737 (0.8003)  time: 1.4073  data: 1.2924  max mem: 10551
Test:  [   280/?]  eta: ?  loss: 0.5382 (0.7436)  accuracy: 0.8359 (0.8701)  balanced_accuracy: 0.8355 (0.8567)  pr_auc: 0.9738 (0.8764)  roc_auc: 0.9891 (0.9295)  f1_weighted: 0.7630 (0.8003)  time: 1.4301  data: 1.3147  max mem: 10551
Test:  [   290/?]  eta: ?  loss: 0.3030 (0.7359)  accuracy: 0.8770 (0.8704)  balanced_accuracy: 0.8875 (0.8572)  pr_auc: 0.9963 (0.8783)  roc_auc: 0.9964 (0.9314)  f1_weighted: 0.8031 (0.8008)  time: 1.4497  data: 1.3338  max mem: 10551
Test:  [   300/?]  eta: ?  loss: 0.4868 (0.7614)  accuracy: 0.8770 (0.8697)  balanced_accuracy: 0.8655 (0.8547)  pr_auc: 0.9448 (0.8747)  roc_auc: 0.9840 (0.9282)  f1_weighted: 0.7644 (0.7935)  time: 1.4800  data: 1.3646  max mem: 10551
Test: Total time: 0:07:23 (1.4487 s / it)
* loss 0.753

============================================================
Counting samples by task type...
============================================================

============================================================
Evaluating on active tasks (69,183 samples)...
============================================================
Active Test:  [     0/?]  eta: ?  loss: 0.0183 (0.0183)  accuracy: 1.0000 (1.0000)  balanced_accuracy: 1.0000 (1.0000)  pr_auc: 1.0000 (1.0000)  roc_auc: 1.0000 (1.0000)  f1_weighted: 1.0000 (1.0000)  time: 3.3684  data: 3.0184  max mem: 10551
Active Test:  [    10/?]  eta: ?  loss: 0.1969 (0.5491)  accuracy: 0.9375 (0.8679)  balanced_accuracy: 0.9415 (0.8574)  pr_auc: 0.9980 (0.9217)  roc_auc: 0.9969 (0.9576)  f1_weighted: 0.9231 (0.8053)  time: 0.3224  data: 0.2745  max mem: 10551
Active Test:  [    20/?]  eta: ?  loss: 0.1619 (0.4299)  accuracy: 0.9375 (0.8854)  balanced_accuracy: 0.8833 (0.8705)  pr_auc: 0.9938 (0.9477)  roc_auc: 0.9954 (0.9697)  f1_weighted: 0.8679 (0.8287)  time: 0.0177  data: 0.0001  max mem: 10551
Active Test:  [    30/?]  eta: ?  loss: 0.1619 (0.4999)  accuracy: 0.9219 (0.8871)  balanced_accuracy: 0.8472 (0.8652)  pr_auc: 0.9858 (0.9475)  roc_auc: 0.9892 (0.9668)  f1_weighted: 0.8182 (0.8216)  time: 0.0179  data: 0.0005  max mem: 10551
Active Test:  [    40/?]  eta: ?  loss: 0.1528 (0.4781)  accuracy: 0.9375 (0.9002)  balanced_accuracy: 0.9474 (0.8820)  pr_auc: 0.9882 (0.9553)  roc_auc: 0.9919 (0.9713)  f1_weighted: 0.9286 (0.8441)  time: 0.0192  data: 0.0022  max mem: 10551
Active Test:  [    50/?]  eta: ?  loss: 0.2250 (0.5180)  accuracy: 0.9375 (0.8983)  balanced_accuracy: 0.9444 (0.8838)  pr_auc: 0.9983 (0.9548)  roc_auc: 0.9970 (0.9693)  f1_weighted: 0.9333 (0.8476)  time: 0.0197  data: 0.0027  max mem: 10551
Active Test:  [    60/?]  eta: ?  loss: 0.2246 (0.5069)  accuracy: 0.9219 (0.9014)  balanced_accuracy: 0.9444 (0.8902)  pr_auc: 0.9988 (0.9575)  roc_auc: 0.9955 (0.9700)  f1_weighted: 0.9375 (0.8587)  time: 0.0192  data: 0.0021  max mem: 10551
Active Test:  [    70/?]  eta: ?  loss: 0.1358 (0.4915)  accuracy: 0.9219 (0.9014)  balanced_accuracy: 0.9510 (0.8915)  pr_auc: 0.9972 (0.9589)  roc_auc: 0.9955 (0.9687)  f1_weighted: 0.9485 (0.8658)  time: 0.0188  data: 0.0020  max mem: 10551
Active Test:  [    80/?]  eta: ?  loss: 0.4106 (0.4823)  accuracy: 0.8750 (0.8968)  balanced_accuracy: 0.8922 (0.8806)  pr_auc: 0.9959 (0.9565)  roc_auc: 0.9834 (0.9601)  f1_weighted: 0.8916 (0.8627)  time: 0.0185  data: 0.0032  max mem: 10551
Active Test:  [    90/?]  eta: ?  loss: 0.2871 (0.4671)  accuracy: 0.8750 (0.8937)  balanced_accuracy: 0.7956 (0.8725)  pr_auc: 0.9602 (0.9562)  roc_auc: 0.9374 (0.9567)  f1_weighted: 0.8471 (0.8586)  time: 0.0194  data: 0.0053  max mem: 10551
Active Test:  [   100/?]  eta: ?  loss: 0.0374 (0.4508)  accuracy: 0.9219 (0.8946)  balanced_accuracy: 0.7862 (0.8697)  pr_auc: 0.9539 (0.9554)  roc_auc: 0.9189 (0.9545)  f1_weighted: 0.8400 (0.8558)  time: 0.0188  data: 0.0045  max mem: 10551
Active Test:  [   110/?]  eta: ?  loss: 0.1608 (0.4516)  accuracy: 0.9219 (0.8919)  balanced_accuracy: 0.7588 (0.8643)  pr_auc: 0.9155 (0.9520)  roc_auc: 0.8806 (0.9506)  f1_weighted: 0.7805 (0.8489)  time: 0.0190  data: 0.0046  max mem: 10551
Active Test:  [   120/?]  eta: ?  loss: 0.1608 (0.4343)  accuracy: 0.9062 (0.8953)  balanced_accuracy: 0.8159 (0.8664)  pr_auc: 0.9393 (0.9523)  roc_auc: 0.9403 (0.9508)  f1_weighted: 0.8308 (0.8509)  time: 0.0197  data: 0.0051  max mem: 10551
Active Test:  [   130/?]  eta: ?  loss: 0.0363 (0.4244)  accuracy: 0.9375 (0.8964)  balanced_accuracy: 0.8553 (0.8675)  pr_auc: 0.9450 (0.9519)  roc_auc: 0.9464 (0.9515)  f1_weighted: 0.8308 (0.8519)  time: 0.0197  data: 0.0047  max mem: 10551
Active Test:  [   140/?]  eta: ?  loss: 0.0041 (0.4529)  accuracy: 0.9375 (0.8967)  balanced_accuracy: 0.8553 (0.8690)  pr_auc: 0.9934 (0.9462)  roc_auc: 0.9949 (0.9503)  f1_weighted: 0.8308 (0.8531)  time: 0.0196  data: 0.0040  max mem: 10551
Active Test:  [   150/?]  eta: ?  loss: 0.0172 (0.4628)  accuracy: 0.9062 (0.8979)  balanced_accuracy: 0.8556 (0.8700)  pr_auc: 0.9934 (0.9408)  roc_auc: 0.9949 (0.9503)  f1_weighted: 0.8276 (0.8513)  time: 0.0184  data: 0.0027  max mem: 10551
Active Test:  [   160/?]  eta: ?  loss: 0.3140 (0.5093)  accuracy: 0.9062 (0.8955)  balanced_accuracy: 0.8583 (0.8675)  pr_auc: 0.9629 (0.9317)  roc_auc: 0.9727 (0.9453)  f1_weighted: 0.7907 (0.8464)  time: 0.0180  data: 0.0022  max mem: 10551
Active Test:  [   170/?]  eta: ?  loss: 0.2734 (0.5382)  accuracy: 0.9062 (0.8933)  balanced_accuracy: 0.8846 (0.8660)  pr_auc: 0.9709 (0.9284)  roc_auc: 0.9808 (0.9421)  f1_weighted: 0.8696 (0.8441)  time: 0.0188  data: 0.0029  max mem: 10551
Active Test:  [   180/?]  eta: ?  loss: 0.2734 (0.5334)  accuracy: 0.9062 (0.8943)  balanced_accuracy: 0.9079 (0.8690)  pr_auc: 0.9957 (0.9315)  roc_auc: 0.9985 (0.9448)  f1_weighted: 0.8986 (0.8469)  time: 0.0193  data: 0.0028  max mem: 10551
Active Test:  [   190/?]  eta: ?  loss: 0.1771 (0.5316)  accuracy: 0.9219 (0.8943)  balanced_accuracy: 0.9359 (0.8699)  pr_auc: 0.9994 (0.9321)  roc_auc: 0.9990 (0.9456)  f1_weighted: 0.8986 (0.8455)  time: 0.0188  data: 0.0018  max mem: 10551
Active Test:  [   200/?]  eta: ?  loss: 0.3687 (0.5354)  accuracy: 0.8750 (0.8933)  balanced_accuracy: 0.8919 (0.8689)  pr_auc: 0.9886 (0.9320)  roc_auc: 0.9970 (0.9458)  f1_weighted: 0.8788 (0.8429)  time: 0.0181  data: 0.0013  max mem: 10551
Active Test:  [   210/?]  eta: ?  loss: 0.5345 (0.5431)  accuracy: 0.8594 (0.8922)  balanced_accuracy: 0.8684 (0.8701)  pr_auc: 0.9631 (0.9331)  roc_auc: 0.9519 (0.9468)  f1_weighted: 0.8529 (0.8446)  time: 0.0179  data: 0.0017  max mem: 10551
Active Test:  [   220/?]  eta: ?  loss: 0.5345 (0.5699)  accuracy: 0.8438 (0.8884)  balanced_accuracy: 0.8644 (0.8676)  pr_auc: 0.9372 (0.9303)  roc_auc: 0.9464 (0.9454)  f1_weighted: 0.8400 (0.8420)  time: 0.0177  data: 0.0022  max mem: 10551
Active Test:  [   230/?]  eta: ?  loss: 0.7742 (0.5912)  accuracy: 0.7969 (0.8868)  balanced_accuracy: 0.8710 (0.8689)  pr_auc: 0.9379 (0.9271)  roc_auc: 0.9519 (0.9454)  f1_weighted: 0.8364 (0.8415)  time: 0.0179  data: 0.0024  max mem: 10551
Active Test:  [   240/?]  eta: ?  loss: 0.4996 (0.6020)  accuracy: 0.8125 (0.8858)  balanced_accuracy: 0.8750 (0.8707)  pr_auc: 0.9532 (0.9233)  roc_auc: 0.9672 (0.9463)  f1_weighted: 0.8364 (0.8395)  time: 0.0184  data: 0.0029  max mem: 10551
Active Test:  [   250/?]  eta: ?  loss: 0.3764 (0.6081)  accuracy: 0.8750 (0.8856)  balanced_accuracy: 0.8871 (0.8724)  pr_auc: 0.9826 (0.9208)  roc_auc: 0.9804 (0.9472)  f1_weighted: 0.8529 (0.8384)  time: 0.0181  data: 0.0030  max mem: 10551
Active Test:  [   260/?]  eta: ?  loss: 0.1930 (0.6081)  accuracy: 0.9219 (0.8869)  balanced_accuracy: 0.9144 (0.8738)  pr_auc: 0.9826 (0.9185)  roc_auc: 0.9803 (0.9476)  f1_weighted: 0.8980 (0.8382)  time: 0.0192  data: 0.0041  max mem: 10551
Active Test:  [   270/?]  eta: ?  loss: 0.0798 (0.6094)  accuracy: 0.9531 (0.8879)  balanced_accuracy: 0.9281 (0.8752)  pr_auc: 0.9826 (0.9166)  roc_auc: 0.9877 (0.9477)  f1_weighted: 0.9091 (0.8396)  time: 0.0199  data: 0.0042  max mem: 10551
Active Test:  [   280/?]  eta: ?  loss: 0.0762 (0.6044)  accuracy: 0.9688 (0.8897)  balanced_accuracy: 0.9484 (0.8764)  pr_auc: 0.9904 (0.9173)  roc_auc: 0.9891 (0.9476)  f1_weighted: 0.9412 (0.8425)  time: 0.0188  data: 0.0028  max mem: 10551
Active Test:  [   290/?]  eta: ?  loss: 0.0950 (0.6105)  accuracy: 0.9688 (0.8893)  balanced_accuracy: 0.9655 (0.8785)  pr_auc: 1.0000 (0.9198)  roc_auc: 1.0000 (0.9492)  f1_weighted: 0.9630 (0.8451)  time: 0.0179  data: 0.0021  max mem: 10551
Active Test:  [   300/?]  eta: ?  loss: 0.2382 (0.6121)  accuracy: 0.8906 (0.8891)  balanced_accuracy: 0.9783 (0.8764)  pr_auc: 0.9986 (0.9166)  roc_auc: 0.9990 (0.9492)  f1_weighted: 0.9630 (0.8399)  time: 0.0176  data: 0.0019  max mem: 10551
Active Test:  [   310/?]  eta: ?  loss: 0.2382 (0.6120)  accuracy: 0.8594 (0.8889)  balanced_accuracy: 0.9615 (0.8746)  pr_auc: 0.9986 (0.9148)  roc_auc: 0.9990 (0.9490)  f1_weighted: 0.9600 (0.8366)  time: 0.0181  data: 0.0033  max mem: 10551
Active Test:  [   320/?]  eta: ?  loss: 0.3011 (0.6125)  accuracy: 0.8594 (0.8881)  balanced_accuracy: 0.8725 (0.8736)  pr_auc: 0.9973 (0.9165)  roc_auc: 0.9980 (0.9499)  f1_weighted: 0.8000 (0.8345)  time: 0.0194  data: 0.0037  max mem: 10551
Active Test:  [   330/?]  eta: ?  loss: 0.6685 (0.6264)  accuracy: 0.8125 (0.8869)  balanced_accuracy: 0.8627 (0.8725)  pr_auc: 0.9958 (0.9178)  roc_auc: 0.9939 (0.9506)  f1_weighted: 0.8000 (0.8334)  time: 0.0188  data: 0.0015  max mem: 10551
Active Test:  [   340/?]  eta: ?  loss: 0.7621 (0.6273)  accuracy: 0.8281 (0.8874)  balanced_accuracy: 0.8846 (0.8735)  pr_auc: 0.9945 (0.9199)  roc_auc: 0.9939 (0.9517)  f1_weighted: 0.8696 (0.8348)  time: 0.0180  data: 0.0008  max mem: 10551
Active Test:  [   350/?]  eta: ?  loss: 0.7621 (0.6325)  accuracy: 0.8438 (0.8875)  balanced_accuracy: 0.8846 (0.8735)  pr_auc: 0.9897 (0.9218)  roc_auc: 0.9929 (0.9527)  f1_weighted: 0.8000 (0.8340)  time: 0.0183  data: 0.0014  max mem: 10551
Active Test:  [   360/?]  eta: ?  loss: 0.1020 (0.6296)  accuracy: 0.9531 (0.8887)  balanced_accuracy: 0.9333 (0.8750)  pr_auc: 0.9897 (0.9239)  roc_auc: 0.9947 (0.9539)  f1_weighted: 0.8000 (0.8354)  time: 0.0181  data: 0.0012  max mem: 10551
Active Test:  [   370/?]  eta: ?  loss: 0.0505 (0.6169)  accuracy: 0.9688 (0.8908)  balanced_accuracy: 0.9804 (0.8780)  pr_auc: 1.0000 (0.9264)  roc_auc: 1.0000 (0.9554)  f1_weighted: 0.9286 (0.8382)  time: 0.0180  data: 0.0011  max mem: 10551
Active Test:  [   380/?]  eta: ?  loss: 0.0111 (0.6037)  accuracy: 1.0000 (0.8928)  balanced_accuracy: 1.0000 (0.8804)  pr_auc: 1.0000 (0.9277)  roc_auc: 1.0000 (0.9562)  f1_weighted: 1.0000 (0.8414)  time: 0.0179  data: 0.0019  max mem: 10551
Active Test:  [   390/?]  eta: ?  loss: 0.1009 (0.5926)  accuracy: 0.9688 (0.8936)  balanced_accuracy: 1.0000 (0.8825)  pr_auc: 1.0000 (0.9291)  roc_auc: 1.0000 (0.9571)  f1_weighted: 1.0000 (0.8440)  time: 0.0184  data: 0.0028  max mem: 10551
Active Test:  [   400/?]  eta: ?  loss: 0.1739 (0.5857)  accuracy: 0.9375 (0.8937)  balanced_accuracy: 0.9583 (0.8834)  pr_auc: 0.9922 (0.9293)  roc_auc: 0.9973 (0.9576)  f1_weighted: 0.9333 (0.8443)  time: 0.0189  data: 0.0033  max mem: 10551
Active Test:  [   410/?]  eta: ?  loss: 0.1314 (0.5871)  accuracy: 0.9375 (0.8939)  balanced_accuracy: 0.9510 (0.8827)  pr_auc: 0.9916 (0.9257)  roc_auc: 0.9949 (0.9568)  f1_weighted: 0.9286 (0.8419)  time: 0.0195  data: 0.0039  max mem: 10551
Active Test:  [   420/?]  eta: ?  loss: 0.0435 (0.5855)  accuracy: 0.9844 (0.8944)  balanced_accuracy: 0.9651 (0.8817)  pr_auc: 1.0000 (0.9232)  roc_auc: 1.0000 (0.9562)  f1_weighted: 0.9286 (0.8395)  time: 0.0187  data: 0.0031  max mem: 10551
Active Test:  [   430/?]  eta: ?  loss: 0.0377 (0.5915)  accuracy: 0.9844 (0.8939)  balanced_accuracy: 0.9800 (0.8788)  pr_auc: 1.0000 (0.9189)  roc_auc: 1.0000 (0.9548)  f1_weighted: 0.9231 (0.8333)  time: 0.0181  data: 0.0027  max mem: 10551
Active Test:  [   440/?]  eta: ?  loss: 0.0753 (0.5929)  accuracy: 0.9688 (0.8940)  balanced_accuracy: 0.9727 (0.8772)  pr_auc: 1.0000 (0.9162)  roc_auc: 1.0000 (0.9541)  f1_weighted: 0.8571 (0.8298)  time: 0.0191  data: 0.0037  max mem: 10551
Active Test:  [   450/?]  eta: ?  loss: 0.0892 (0.5968)  accuracy: 0.9688 (0.8935)  balanced_accuracy: 0.8942 (0.8749)  pr_auc: 0.8667 (0.9123)  roc_auc: 0.9804 (0.9535)  f1_weighted: 0.6857 (0.8237)  time: 0.0192  data: 0.0036  max mem: 10551
Active Test:  [   460/?]  eta: ?  loss: 0.0107 (0.5989)  accuracy: 0.8281 (0.8940)  balanced_accuracy: 0.8942 (0.8739)  pr_auc: 0.8667 (0.9099)  roc_auc: 0.9804 (0.9525)  f1_weighted: 0.6857 (0.8206)  time: 0.0189  data: 0.0038  max mem: 10551
Active Test:  [   470/?]  eta: ?  loss: 0.0634 (0.5980)  accuracy: 0.8906 (0.8943)  balanced_accuracy: 0.8750 (0.8730)  pr_auc: 0.8722 (0.9097)  roc_auc: 0.9712 (0.9528)  f1_weighted: 0.6857 (0.8184)  time: 0.0188  data: 0.0039  max mem: 10551
Active Test:  [   480/?]  eta: ?  loss: 0.0634 (0.5880)  accuracy: 0.9688 (0.8958)  balanced_accuracy: 0.9615 (0.8752)  pr_auc: 1.0000 (0.9111)  roc_auc: 1.0000 (0.9536)  f1_weighted: 0.9600 (0.8204)  time: 0.0188  data: 0.0028  max mem: 10551
Active Test:  [   490/?]  eta: ?  loss: 0.0837 (0.5813)  accuracy: 0.9688 (0.8965)  balanced_accuracy: 0.9804 (0.8766)  pr_auc: 1.0000 (0.9123)  roc_auc: 1.0000 (0.9543)  f1_weighted: 0.9600 (0.8222)  time: 0.0179  data: 0.0022  max mem: 10551
Active Test:  [   500/?]  eta: ?  loss: 0.1396 (0.5785)  accuracy: 0.9219 (0.8963)  balanced_accuracy: 0.9804 (0.8764)  pr_auc: 1.0000 (0.9113)  roc_auc: 1.0000 (0.9544)  f1_weighted: 0.9600 (0.8214)  time: 0.0177  data: 0.0024  max mem: 10551
Active Test:  [   510/?]  eta: ?  loss: 0.1800 (0.5746)  accuracy: 0.8906 (0.8960)  balanced_accuracy: 0.9615 (0.8765)  pr_auc: 0.9994 (0.9114)  roc_auc: 0.9990 (0.9551)  f1_weighted: 0.9286 (0.8207)  time: 0.0194  data: 0.0030  max mem: 10551
Active Test:  [   520/?]  eta: ?  loss: 0.2938 (0.5811)  accuracy: 0.8906 (0.8947)  balanced_accuracy: 0.8744 (0.8761)  pr_auc: 0.9994 (0.9126)  roc_auc: 0.9990 (0.9546)  f1_weighted: 0.8333 (0.8197)  time: 0.0196  data: 0.0023  max mem: 10551
Active Test:  [   530/?]  eta: ?  loss: 0.4580 (0.6004)  accuracy: 0.7969 (0.8928)  balanced_accuracy: 0.8529 (0.8756)  pr_auc: 0.9993 (0.9140)  roc_auc: 0.9968 (0.9540)  f1_weighted: 0.7711 (0.8190)  time: 0.0181  data: 0.0005  max mem: 10551
Active Test:  [   540/?]  eta: ?  loss: 0.3698 (0.6097)  accuracy: 0.7656 (0.8915)  balanced_accuracy: 0.8431 (0.8752)  pr_auc: 0.9780 (0.9156)  roc_auc: 0.9777 (0.9542)  f1_weighted: 0.8140 (0.8199)  time: 0.0178  data: 0.0003  max mem: 10551
Active Test:  [   550/?]  eta: ?  loss: 0.4521 (0.6237)  accuracy: 0.7812 (0.8900)  balanced_accuracy: 0.8431 (0.8747)  pr_auc: 0.9874 (0.9172)  roc_auc: 0.9744 (0.9543)  f1_weighted: 0.8276 (0.8208)  time: 0.0188  data: 0.0017  max mem: 10551
Active Test:  [   560/?]  eta: ?  loss: 0.4361 (0.6321)  accuracy: 0.7969 (0.8886)  balanced_accuracy: 0.8333 (0.8735)  pr_auc: 1.0000 (0.9188)  roc_auc: 1.0000 (0.9549)  f1_weighted: 0.8409 (0.8210)  time: 0.0189  data: 0.0020  max mem: 10551
Active Test:  [   570/?]  eta: ?  loss: 0.4361 (0.6495)  accuracy: 0.7969 (0.8862)  balanced_accuracy: 0.7917 (0.8720)  pr_auc: 0.9973 (0.9203)  roc_auc: 0.9978 (0.9551)  f1_weighted: 0.8276 (0.8203)  time: 0.0191  data: 0.0021  max mem: 10551
Active Test:  [   580/?]  eta: ?  loss: 1.0156 (0.6729)  accuracy: 0.7500 (0.8840)  balanced_accuracy: 0.7753 (0.8709)  pr_auc: 0.9820 (0.9183)  roc_auc: 0.9828 (0.9526)  f1_weighted: 0.7692 (0.8198)  time: 0.0192  data: 0.0022  max mem: 10551
Active Test:  [   590/?]  eta: ?  loss: 2.1648 (0.7144)  accuracy: 0.7031 (0.8811)  balanced_accuracy: 0.7500 (0.8680)  pr_auc: 0.7288 (0.9109)  roc_auc: 0.7708 (0.9470)  f1_weighted: 0.7368 (0.8154)  time: 0.0178  data: 0.0016  max mem: 10551
Active Test:  [   600/?]  eta: ?  loss: 2.9819 (0.7463)  accuracy: 0.7031 (0.8786)  balanced_accuracy: 0.7500 (0.8664)  pr_auc: 0.5043 (0.9058)  roc_auc: 0.6514 (0.9439)  f1_weighted: 0.6667 (0.8136)  time: 0.0173  data: 0.0023  max mem: 10551
Active Test:  [   610/?]  eta: ?  loss: 1.8387 (0.7537)  accuracy: 0.7500 (0.8778)  balanced_accuracy: 0.7292 (0.8659)  pr_auc: 0.5144 (0.9056)  roc_auc: 0.8021 (0.9431)  f1_weighted: 0.6757 (0.8131)  time: 0.0191  data: 0.0035  max mem: 10551
Active Test:  [   620/?]  eta: ?  loss: 0.2622 (0.7499)  accuracy: 0.8906 (0.8782)  balanced_accuracy: 0.8594 (0.8653)  pr_auc: 0.9837 (0.9064)  roc_auc: 0.9839 (0.9437)  f1_weighted: 0.8364 (0.8112)  time: 0.0195  data: 0.0030  max mem: 10551
Active Test:  [   630/?]  eta: ?  loss: 0.0946 (0.7401)  accuracy: 0.9531 (0.8792)  balanced_accuracy: 0.8906 (0.8663)  pr_auc: 0.9922 (0.9078)  roc_auc: 0.9961 (0.9445)  f1_weighted: 0.8955 (0.8129)  time: 0.0185  data: 0.0027  max mem: 10551
Active Test:  [   640/?]  eta: ?  loss: 0.0002 (0.7294)  accuracy: 1.0000 (0.8807)  balanced_accuracy: 0.9531 (0.8676)  pr_auc: 1.0000 (0.9091)  roc_auc: 1.0000 (0.9452)  f1_weighted: 0.9552 (0.8149)  time: 0.0184  data: 0.0028  max mem: 10551
Active Test:  [   650/?]  eta: ?  loss: 0.0001 (0.7188)  accuracy: 1.0000 (0.8822)  balanced_accuracy: 1.0000 (0.8693)  pr_auc: 1.0000 (0.9105)  roc_auc: 1.0000 (0.9461)  f1_weighted: 1.0000 (0.8173)  time: 0.0178  data: 0.0019  max mem: 10551
Active Test:  [   660/?]  eta: ?  loss: 0.0004 (0.7138)  accuracy: 1.0000 (0.8832)  balanced_accuracy: 1.0000 (0.8706)  pr_auc: 1.0000 (0.9116)  roc_auc: 1.0000 (0.9468)  f1_weighted: 1.0000 (0.8193)  time: 0.0173  data: 0.0016  max mem: 10551
Active Test:  [   670/?]  eta: ?  loss: 0.0199 (0.7139)  accuracy: 0.9844 (0.8839)  balanced_accuracy: 1.0000 (0.8719)  pr_auc: 1.0000 (0.9126)  roc_auc: 1.0000 (0.9474)  f1_weighted: 1.0000 (0.8211)  time: 0.0178  data: 0.0025  max mem: 10551
Active Test:  [   680/?]  eta: ?  loss: 0.0468 (0.7086)  accuracy: 0.9688 (0.8847)  balanced_accuracy: 0.9688 (0.8715)  pr_auc: 1.0000 (0.9117)  roc_auc: 1.0000 (0.9470)  f1_weighted: 0.9677 (0.8198)  time: 0.0182  data: 0.0028  max mem: 10551
Active Test:  [   690/?]  eta: ?  loss: 0.2084 (0.7049)  accuracy: 0.9219 (0.8845)  balanced_accuracy: 0.9583 (0.8708)  pr_auc: 0.9980 (0.9111)  roc_auc: 0.9989 (0.9469)  f1_weighted: 0.9565 (0.8186)  time: 0.0174  data: 0.0014  max mem: 10551
Active Test:  [   700/?]  eta: ?  loss: 0.3757 (0.7008)  accuracy: 0.8281 (0.8837)  balanced_accuracy: 0.8750 (0.8703)  pr_auc: 0.9900 (0.9106)  roc_auc: 0.9883 (0.9469)  f1_weighted: 0.8857 (0.8182)  time: 0.0178  data: 0.0018  max mem: 10551
Active Test:  [   710/?]  eta: ?  loss: 0.4349 (0.6972)  accuracy: 0.8438 (0.8832)  balanced_accuracy: 0.8594 (0.8700)  pr_auc: 0.9936 (0.9105)  roc_auc: 0.9937 (0.9470)  f1_weighted: 0.8767 (0.8180)  time: 0.0186  data: 0.0026  max mem: 10551
Active Test:  [   720/?]  eta: ?  loss: 0.4904 (0.6938)  accuracy: 0.8438 (0.8821)  balanced_accuracy: 0.8594 (0.8697)  pr_auc: 0.9963 (0.9099)  roc_auc: 0.9971 (0.9470)  f1_weighted: 0.8533 (0.8173)  time: 0.0190  data: 0.0031  max mem: 10551
Active Test:  [   730/?]  eta: ?  loss: 0.6536 (0.6924)  accuracy: 0.7812 (0.8810)  balanced_accuracy: 0.7969 (0.8682)  pr_auc: 0.9620 (0.9087)  roc_auc: 0.9775 (0.9466)  f1_weighted: 0.8108 (0.8154)  time: 0.0193  data: 0.0041  max mem: 10551
Active Test:  [   740/?]  eta: ?  loss: 0.6983 (0.6963)  accuracy: 0.7812 (0.8799)  balanced_accuracy: 0.7941 (0.8674)  pr_auc: 0.7716 (0.9053)  roc_auc: 0.8862 (0.9458)  f1_weighted: 0.6667 (0.8129)  time: 0.0198  data: 0.0051  max mem: 10551
Active Test:  [   750/?]  eta: ?  loss: 0.4069 (0.6975)  accuracy: 0.8281 (0.8797)  balanced_accuracy: 0.7941 (0.8675)  pr_auc: 0.7553 (0.9044)  roc_auc: 0.8862 (0.9457)  f1_weighted: 0.6667 (0.8122)  time: 0.0196  data: 0.0055  max mem: 10551
Active Test:  [   760/?]  eta: ?  loss: 0.2040 (0.7019)  accuracy: 0.9062 (0.8789)  balanced_accuracy: 0.7719 (0.8668)  pr_auc: 0.6575 (0.9029)  roc_auc: 0.8906 (0.9456)  f1_weighted: 0.6667 (0.8106)  time: 0.0190  data: 0.0048  max mem: 10551
Active Test:  [   770/?]  eta: ?  loss: 0.0002 (0.6975)  accuracy: 0.9688 (0.8793)  balanced_accuracy: 0.7941 (0.8663)  pr_auc: 0.7553 (0.9026)  roc_auc: 0.9111 (0.9453)  f1_weighted: 0.6667 (0.8103)  time: 0.0187  data: 0.0045  max mem: 10551
Active Test:  [   780/?]  eta: ?  loss: 0.0913 (0.6929)  accuracy: 0.9844 (0.8790)  balanced_accuracy: 0.7719 (0.8656)  pr_auc: 0.9372 (0.9035)  roc_auc: 0.9499 (0.9457)  f1_weighted: 0.7317 (0.8098)  time: 0.0187  data: 0.0041  max mem: 10551
Active Test:  [   790/?]  eta: ?  loss: 0.1609 (0.6880)  accuracy: 0.9375 (0.8791)  balanced_accuracy: 0.7500 (0.8653)  pr_auc: 0.9963 (0.9047)  roc_auc: 0.9987 (0.9464)  f1_weighted: 0.7532 (0.8097)  time: 0.0187  data: 0.0028  max mem: 10551
Active Test:  [   800/?]  eta: ?  loss: 0.1700 (0.6830)  accuracy: 0.9219 (0.8792)  balanced_accuracy: 0.8438 (0.8650)  pr_auc: 1.0000 (0.9061)  roc_auc: 1.0000 (0.9471)  f1_weighted: 0.9109 (0.8107)  time: 0.0182  data: 0.0017  max mem: 10551
Active Test:  [   810/?]  eta: ?  loss: 0.0898 (0.6775)  accuracy: 0.9531 (0.8798)  balanced_accuracy: 0.9531 (0.8657)  pr_auc: 1.0000 (0.9075)  roc_auc: 1.0000 (0.9476)  f1_weighted: 0.9508 (0.8129)  time: 0.0181  data: 0.0012  max mem: 10551
Active Test:  [   820/?]  eta: ?  loss: 0.1760 (0.6765)  accuracy: 0.9531 (0.8791)  balanced_accuracy: 0.9479 (0.8648)  pr_auc: 0.9996 (0.9079)  roc_auc: 0.9987 (0.9470)  f1_weighted: 0.9647 (0.8133)  time: 0.0182  data: 0.0013  max mem: 10551
Active Test:  [   830/?]  eta: ?  loss: 0.1760 (0.6748)  accuracy: 0.9531 (0.8787)  balanced_accuracy: 0.9688 (0.8646)  pr_auc: 0.9996 (0.9080)  roc_auc: 0.9987 (0.9462)  f1_weighted: 0.9677 (0.8135)  time: 0.0178  data: 0.0008  max mem: 10551
Active Test:  [   840/?]  eta: ?  loss: 0.0152 (0.6709)  accuracy: 0.9844 (0.8790)  balanced_accuracy: 0.9844 (0.8646)  pr_auc: 1.0000 (0.9077)  roc_auc: 1.0000 (0.9459)  f1_weighted: 0.9846 (0.8134)  time: 0.0178  data: 0.0009  max mem: 10551
Active Test:  [   850/?]  eta: ?  loss: 0.0002 (0.6682)  accuracy: 1.0000 (0.8795)  balanced_accuracy: 1.0000 (0.8655)  pr_auc: 1.0000 (0.9089)  roc_auc: 1.0000 (0.9465)  f1_weighted: 1.0000 (0.8144)  time: 0.0177  data: 0.0006  max mem: 10551
Active Test:  [   860/?]  eta: ?  loss: 0.0295 (0.6643)  accuracy: 0.9844 (0.8801)  balanced_accuracy: 0.9844 (0.8657)  pr_auc: 1.0000 (0.9098)  roc_auc: 1.0000 (0.9469)  f1_weighted: 0.9846 (0.8147)  time: 0.0171  data: 0.0007  max mem: 10551
Active Test:  [   870/?]  eta: ?  loss: 0.0446 (0.6594)  accuracy: 0.9688 (0.8807)  balanced_accuracy: 0.9681 (0.8661)  pr_auc: 1.0000 (0.9102)  roc_auc: 1.0000 (0.9473)  f1_weighted: 0.9412 (0.8151)  time: 0.0216  data: 0.0056  max mem: 10551
Active Test:  [   880/?]  eta: ?  loss: 0.0157 (0.6540)  accuracy: 0.9844 (0.8814)  balanced_accuracy: 0.9681 (0.8667)  pr_auc: 1.0000 (0.9107)  roc_auc: 1.0000 (0.9475)  f1_weighted: 0.9412 (0.8160)  time: 0.0216  data: 0.0058  max mem: 10551
Active Test:  [   890/?]  eta: ?  loss: 0.0126 (0.6518)  accuracy: 1.0000 (0.8815)  balanced_accuracy: 0.9681 (0.8670)  pr_auc: 1.0000 (0.9117)  roc_auc: 1.0000 (0.9480)  f1_weighted: 0.9189 (0.8165)  time: 0.0171  data: 0.0018  max mem: 10551
Active Test:  [   900/?]  eta: ?  loss: 0.0347 (0.6498)  accuracy: 1.0000 (0.8813)  balanced_accuracy: 0.8837 (0.8669)  pr_auc: 1.0000 (0.9127)  roc_auc: 1.0000 (0.9486)  f1_weighted: 0.8077 (0.8162)  time: 0.0179  data: 0.0018  max mem: 10551
Active Test:  [   910/?]  eta: ?  loss: 0.0347 (0.6484)  accuracy: 1.0000 (0.8809)  balanced_accuracy: 1.0000 (0.8668)  pr_auc: 1.0000 (0.9139)  roc_auc: 1.0000 (0.9493)  f1_weighted: 1.0000 (0.8159)  time: 0.0184  data: 0.0020  max mem: 10551
Active Test:  [   920/?]  eta: ?  loss: 0.0152 (0.6445)  accuracy: 1.0000 (0.8816)  balanced_accuracy: 1.0000 (0.8675)  pr_auc: 1.0000 (0.9151)  roc_auc: 1.0000 (0.9500)  f1_weighted: 1.0000 (0.8168)  time: 0.0189  data: 0.0022  max mem: 10551
Active Test:  [   930/?]  eta: ?  loss: 0.0019 (0.6403)  accuracy: 1.0000 (0.8821)  balanced_accuracy: 1.0000 (0.8678)  pr_auc: 1.0000 (0.9155)  roc_auc: 1.0000 (0.9503)  f1_weighted: 1.0000 (0.8170)  time: 0.0190  data: 0.0027  max mem: 10551
Active Test:  [   940/?]  eta: ?  loss: 0.0004 (0.6350)  accuracy: 1.0000 (0.8830)  balanced_accuracy: 1.0000 (0.8683)  pr_auc: 1.0000 (0.9160)  roc_auc: 1.0000 (0.9506)  f1_weighted: 1.0000 (0.8175)  time: 0.0185  data: 0.0030  max mem: 10551
Active Test:  [   950/?]  eta: ?  loss: 0.0001 (0.6287)  accuracy: 1.0000 (0.8841)  balanced_accuracy: 1.0000 (0.8691)  pr_auc: 1.0000 (0.9166)  roc_auc: 1.0000 (0.9509)  f1_weighted: 1.0000 (0.8184)  time: 0.0189  data: 0.0043  max mem: 10551
Active Test:  [   960/?]  eta: ?  loss: 0.0001 (0.6238)  accuracy: 1.0000 (0.8849)  balanced_accuracy: 1.0000 (0.8699)  pr_auc: 1.0000 (0.9171)  roc_auc: 1.0000 (0.9513)  f1_weighted: 1.0000 (0.8196)  time: 0.0184  data: 0.0043  max mem: 10551
Active Test:  [   970/?]  eta: ?  loss: 0.0071 (0.6197)  accuracy: 1.0000 (0.8853)  balanced_accuracy: 1.0000 (0.8705)  pr_auc: 1.0000 (0.9179)  roc_auc: 1.0000 (0.9517)  f1_weighted: 1.0000 (0.8205)  time: 0.0175  data: 0.0029  max mem: 10551
Active Test:  [   980/?]  eta: ?  loss: 0.1186 (0.6169)  accuracy: 0.9219 (0.8852)  balanced_accuracy: 1.0000 (0.8708)  pr_auc: 1.0000 (0.9187)  roc_auc: 1.0000 (0.9522)  f1_weighted: 1.0000 (0.8208)  time: 0.0176  data: 0.0022  max mem: 10551
Active Test:  [   990/?]  eta: ?  loss: 0.1186 (0.6159)  accuracy: 0.9688 (0.8850)  balanced_accuracy: 0.9762 (0.8710)  pr_auc: 1.0000 (0.9197)  roc_auc: 1.0000 (0.9528)  f1_weighted: 0.9545 (0.8206)  time: 0.0183  data: 0.0024  max mem: 10551
Active Test:  [  1000/?]  eta: ?  loss: 0.1616 (0.6145)  accuracy: 0.9531 (0.8851)  balanced_accuracy: 0.9651 (0.8708)  pr_auc: 1.0000 (0.9206)  roc_auc: 1.0000 (0.9533)  f1_weighted: 0.9545 (0.8199)  time: 0.0186  data: 0.0022  max mem: 10551
Active Test:  [  1010/?]  eta: ?  loss: 0.0590 (0.6090)  accuracy: 0.9688 (0.8861)  balanced_accuracy: 0.9667 (0.8719)  pr_auc: 1.0000 (0.9214)  roc_auc: 1.0000 (0.9538)  f1_weighted: 0.9545 (0.8214)  time: 0.0172  data: 0.0008  max mem: 10551
Active Test:  [  1020/?]  eta: ?  loss: 0.0507 (0.6042)  accuracy: 0.9688 (0.8868)  balanced_accuracy: 0.9762 (0.8725)  pr_auc: 1.0000 (0.9222)  roc_auc: 1.0000 (0.9543)  f1_weighted: 0.9565 (0.8224)  time: 0.0170  data: 0.0012  max mem: 10551
Active Test:  [  1030/?]  eta: ?  loss: 0.0513 (0.5994)  accuracy: 0.9688 (0.8876)  balanced_accuracy: 0.9767 (0.8734)  pr_auc: 1.0000 (0.9227)  roc_auc: 1.0000 (0.9546)  f1_weighted: 0.9688 (0.8236)  time: 0.0188  data: 0.0035  max mem: 10551
Active Test:  [  1040/?]  eta: ?  loss: 0.0768 (0.6003)  accuracy: 0.9688 (0.8872)  balanced_accuracy: 0.9524 (0.8732)  pr_auc: 1.0000 (0.9229)  roc_auc: 1.0000 (0.9548)  f1_weighted: 0.9500 (0.8238)  time: 0.0230  data: 0.0073  max mem: 10551
Active Test:  [  1050/?]  eta: ?  loss: 0.0285 (0.6020)  accuracy: 0.9375 (0.8867)  balanced_accuracy: 0.9524 (0.8724)  pr_auc: 1.0000 (0.9228)  roc_auc: 1.0000 (0.9547)  f1_weighted: 0.9500 (0.8237)  time: 0.0214  data: 0.0067  max mem: 10551
Active Test:  [  1060/?]  eta: ?  loss: 0.0627 (0.6128)  accuracy: 0.9844 (0.8863)  balanced_accuracy: 0.9419 (0.8719)  pr_auc: 1.0000 (0.9216)  roc_auc: 1.0000 (0.9539)  f1_weighted: 0.8936 (0.8237)  time: 0.0226  data: 0.0086  max mem: 10551
Active Test:  [  1070/?]  eta: ?  loss: 0.0627 (0.6109)  accuracy: 1.0000 (0.8870)  balanced_accuracy: 0.9419 (0.8721)  pr_auc: 1.0000 (0.9217)  roc_auc: 1.0000 (0.9540)  f1_weighted: 0.8936 (0.8239)  time: 0.0233  data: 0.0090  max mem: 10551
Active Test: Total time: 0:00:23 (0.0221 s / it)
* loss 0.606

============================================================
Evaluating on passive tasks (407,568 samples)...
============================================================
Passive Test:  [     0/?]  eta: ?  loss: 1.8879 (1.8879)  accuracy: 0.7656 (0.7656)  balanced_accuracy: 0.7933 (0.7933)  pr_auc: 0.4872 (0.4872)  roc_auc: 0.7082 (0.7082)  f1_weighted: 0.7541 (0.7541)  time: 1.1289  data: 1.0911  max mem: 10551
Passive Test:  [    10/?]  eta: ?  loss: 0.6083 (1.2118)  accuracy: 0.8594 (0.8295)  balanced_accuracy: 0.7905 (0.7992)  pr_auc: 0.7963 (0.7819)  roc_auc: 0.7389 (0.8423)  f1_weighted: 0.7541 (0.7436)  time: 0.1193  data: 0.0993  max mem: 10551
Passive Test:  [    20/?]  eta: ?  loss: 0.6083 (1.5033)  accuracy: 0.7812 (0.8080)  balanced_accuracy: 0.7862 (0.7823)  pr_auc: 0.8212 (0.7703)  roc_auc: 0.7389 (0.8201)  f1_weighted: 0.7458 (0.7089)  time: 0.0187  data: 0.0015  max mem: 10551
Passive Test:  [    30/?]  eta: ?  loss: 0.1220 (1.4725)  accuracy: 0.7812 (0.8145)  balanced_accuracy: 0.7652 (0.7800)  pr_auc: 0.8212 (0.7783)  roc_auc: 0.7226 (0.8177)  f1_weighted: 0.7333 (0.7094)  time: 0.0178  data: 0.0018  max mem: 10551
Passive Test:  [    40/?]  eta: ?  loss: 0.2342 (1.6541)  accuracy: 0.6719 (0.7881)  balanced_accuracy: 0.6210 (0.7508)  pr_auc: 0.7916 (0.7640)  roc_auc: 0.6918 (0.7945)  f1_weighted: 0.4706 (0.6610)  time: 0.0174  data: 0.0014  max mem: 10551
Passive Test:  [    50/?]  eta: ?  loss: 0.4175 (1.5305)  accuracy: 0.6875 (0.7907)  balanced_accuracy: 0.6194 (0.7515)  pr_auc: 0.7916 (0.7761)  roc_auc: 0.7009 (0.8087)  f1_weighted: 0.4800 (0.6661)  time: 0.0172  data: 0.0013  max mem: 10551
Passive Test:  [    60/?]  eta: ?  loss: 0.4175 (1.5096)  accuracy: 0.7656 (0.7882)  balanced_accuracy: 0.6842 (0.7495)  pr_auc: 0.9104 (0.7788)  roc_auc: 0.8532 (0.8184)  f1_weighted: 0.5818 (0.6691)  time: 0.0166  data: 0.0007  max mem: 10551
Passive Test:  [    70/?]  eta: ?  loss: 0.6309 (1.4638)  accuracy: 0.8281 (0.7894)  balanced_accuracy: 0.7885 (0.7528)  pr_auc: 0.9716 (0.7880)  roc_auc: 0.9524 (0.8300)  f1_weighted: 0.7317 (0.6773)  time: 0.0170  data: 0.0012  max mem: 10551
Passive Test:  [    80/?]  eta: ?  loss: 0.6297 (1.4770)  accuracy: 0.8438 (0.7905)  balanced_accuracy: 0.8000 (0.7573)  pr_auc: 0.9803 (0.7883)  roc_auc: 0.9524 (0.8337)  f1_weighted: 0.7500 (0.6868)  time: 0.0171  data: 0.0013  max mem: 10551
Passive Test:  [    90/?]  eta: ?  loss: 0.6297 (1.4322)  accuracy: 0.8281 (0.7941)  balanced_accuracy: 0.8036 (0.7593)  pr_auc: 0.9647 (0.7961)  roc_auc: 0.9427 (0.8390)  f1_weighted: 0.7907 (0.6981)  time: 0.0170  data: 0.0013  max mem: 10551
Passive Test:  [   100/?]  eta: ?  loss: 0.5086 (1.4189)  accuracy: 0.8281 (0.7990)  balanced_accuracy: 0.8269 (0.7701)  pr_auc: 0.9647 (0.8008)  roc_auc: 0.9427 (0.8469)  f1_weighted: 0.8000 (0.7127)  time: 0.0174  data: 0.0018  max mem: 10551
Passive Test:  [   110/?]  eta: ?  loss: 0.4987 (1.4012)  accuracy: 0.8281 (0.8022)  balanced_accuracy: 0.8269 (0.7761)  pr_auc: 0.9626 (0.8071)  roc_auc: 0.9656 (0.8539)  f1_weighted: 0.8000 (0.7210)  time: 0.0175  data: 0.0019  max mem: 10551
Passive Test:  [   120/?]  eta: ?  loss: 0.8086 (1.4062)  accuracy: 0.8125 (0.8058)  balanced_accuracy: 0.8725 (0.7856)  pr_auc: 0.9877 (0.8159)  roc_auc: 0.9729 (0.8624)  f1_weighted: 0.8539 (0.7336)  time: 0.0185  data: 0.0028  max mem: 10551
Passive Test:  [   130/?]  eta: ?  loss: 0.7854 (1.3777)  accuracy: 0.8125 (0.8111)  balanced_accuracy: 0.8725 (0.7948)  pr_auc: 0.9877 (0.8234)  roc_auc: 0.9668 (0.8686)  f1_weighted: 0.8539 (0.7450)  time: 0.0183  data: 0.0027  max mem: 10551
Passive Test:  [   140/?]  eta: ?  loss: 0.7391 (1.3816)  accuracy: 0.8125 (0.8117)  balanced_accuracy: 0.8725 (0.8003)  pr_auc: 0.9863 (0.8283)  roc_auc: 0.9668 (0.8755)  f1_weighted: 0.8539 (0.7494)  time: 0.0175  data: 0.0019  max mem: 10551
Passive Test:  [   150/?]  eta: ?  loss: 0.8103 (1.3559)  accuracy: 0.8125 (0.8157)  balanced_accuracy: 0.8725 (0.8082)  pr_auc: 0.9896 (0.8339)  roc_auc: 0.9834 (0.8821)  f1_weighted: 0.8539 (0.7564)  time: 0.0179  data: 0.0020  max mem: 10551
Passive Test:  [   160/?]  eta: ?  loss: 0.4390 (1.3143)  accuracy: 0.8594 (0.8215)  balanced_accuracy: 0.9020 (0.8177)  pr_auc: 0.9960 (0.8446)  roc_auc: 0.9968 (0.8896)  f1_weighted: 0.8667 (0.7665)  time: 0.0177  data: 0.0019  max mem: 10551
Passive Test:  [   170/?]  eta: ?  loss: 0.2022 (1.2746)  accuracy: 0.9375 (0.8261)  balanced_accuracy: 0.9608 (0.8251)  pr_auc: 1.0000 (0.8522)  roc_auc: 1.0000 (0.8952)  f1_weighted: 0.8966 (0.7744)  time: 0.0173  data: 0.0015  max mem: 10551
Passive Test:  [   180/?]  eta: ?  loss: 0.2022 (1.2275)  accuracy: 0.9375 (0.8313)  balanced_accuracy: 0.9608 (0.8329)  pr_auc: 1.0000 (0.8607)  roc_auc: 1.0000 (0.9008)  f1_weighted: 0.9167 (0.7829)  time: 0.0171  data: 0.0012  max mem: 10551
Passive Test:  [   190/?]  eta: ?  loss: 0.1963 (1.1931)  accuracy: 0.9375 (0.8350)  balanced_accuracy: 0.9608 (0.8393)  pr_auc: 1.0000 (0.8673)  roc_auc: 1.0000 (0.9053)  f1_weighted: 0.9286 (0.7901)  time: 0.0180  data: 0.0023  max mem: 10551
Passive Test:  [   200/?]  eta: ?  loss: 0.2572 (1.1636)  accuracy: 0.8750 (0.8364)  balanced_accuracy: 0.9412 (0.8358)  pr_auc: 0.9950 (0.8694)  roc_auc: 0.9940 (0.9066)  f1_weighted: 0.9200 (0.7920)  time: 0.0190  data: 0.0033  max mem: 10551
Passive Test:  [   210/?]  eta: ?  loss: 0.3582 (1.1492)  accuracy: 0.8438 (0.8378)  balanced_accuracy: 0.9295 (0.8344)  pr_auc: 0.9821 (0.8691)  roc_auc: 0.9920 (0.9027)  f1_weighted: 0.8772 (0.7957)  time: 0.0188  data: 0.0031  max mem: 10551
Passive Test:  [   220/?]  eta: ?  loss: 0.4324 (1.1542)  accuracy: 0.8438 (0.8351)  balanced_accuracy: 0.7873 (0.8271)  pr_auc: 0.8346 (0.8642)  roc_auc: 0.9155 (0.8964)  f1_weighted: 0.8462 (0.7934)  time: 0.0182  data: 0.0026  max mem: 10551
Passive Test:  [   230/?]  eta: ?  loss: 0.8068 (1.1588)  accuracy: 0.8281 (0.8343)  balanced_accuracy: 0.7873 (0.8224)  pr_auc: 0.8221 (0.8619)  roc_auc: 0.9087 (0.8926)  f1_weighted: 0.7767 (0.7920)  time: 0.0178  data: 0.0023  max mem: 10551
Passive Test:  [   240/?]  eta: ?  loss: 1.7023 (1.2003)  accuracy: 0.7031 (0.8294)  balanced_accuracy: 0.7685 (0.8167)  pr_auc: 0.8558 (0.8625)  roc_auc: 0.8824 (0.8877)  f1_weighted: 0.7525 (0.7895)  time: 0.0180  data: 0.0032  max mem: 10551
Passive Test:  [   250/?]  eta: ?  loss: 0.2598 (1.2006)  accuracy: 0.7031 (0.8289)  balanced_accuracy: 0.7873 (0.8164)  pr_auc: 0.8635 (0.8636)  roc_auc: 0.8824 (0.8875)  f1_weighted: 0.7573 (0.7901)  time: 0.0182  data: 0.0036  max mem: 10551
Passive Test:  [   260/?]  eta: ?  loss: 0.3303 (1.2030)  accuracy: 0.7500 (0.8273)  balanced_accuracy: 0.6190 (0.8146)  pr_auc: 0.8635 (0.8640)  roc_auc: 0.7900 (0.8869)  f1_weighted: 0.7573 (0.7892)  time: 0.0192  data: 0.0045  max mem: 10551
Passive Test:  [   270/?]  eta: ?  loss: 0.3303 (1.1951)  accuracy: 0.7500 (0.8281)  balanced_accuracy: 0.6447 (0.8153)  pr_auc: 0.8713 (0.8656)  roc_auc: 0.8067 (0.8876)  f1_weighted: 0.7407 (0.7911)  time: 0.0183  data: 0.0037  max mem: 10551
Passive Test:  [   280/?]  eta: ?  loss: 0.3087 (1.1955)  accuracy: 0.7969 (0.8268)  balanced_accuracy: 0.6574 (0.8140)  pr_auc: 0.8777 (0.8662)  roc_auc: 0.8205 (0.8869)  f1_weighted: 0.7561 (0.7911)  time: 0.0174  data: 0.0030  max mem: 10551
Passive Test:  [   290/?]  eta: ?  loss: 0.3459 (1.1815)  accuracy: 0.7969 (0.8283)  balanced_accuracy: 0.8047 (0.8154)  pr_auc: 0.9286 (0.8684)  roc_auc: 0.8978 (0.8881)  f1_weighted: 0.8169 (0.7925)  time: 0.0174  data: 0.0029  max mem: 10551
Passive Test:  [   300/?]  eta: ?  loss: 0.3459 (1.1732)  accuracy: 0.8281 (0.8294)  balanced_accuracy: 0.8947 (0.8177)  pr_auc: 0.9833 (0.8712)  roc_auc: 0.9703 (0.8900)  f1_weighted: 0.8387 (0.7945)  time: 0.0174  data: 0.0029  max mem: 10551
Passive Test:  [   310/?]  eta: ?  loss: 0.5089 (1.1569)  accuracy: 0.8438 (0.8307)  balanced_accuracy: 0.8947 (0.8196)  pr_auc: 0.9833 (0.8734)  roc_auc: 0.9808 (0.8923)  f1_weighted: 0.8358 (0.7947)  time: 0.0182  data: 0.0040  max mem: 10551
Passive Test:  [   320/?]  eta: ?  loss: 0.4828 (1.1486)  accuracy: 0.8438 (0.8318)  balanced_accuracy: 0.9020 (0.8217)  pr_auc: 0.9883 (0.8761)  roc_auc: 0.9858 (0.8943)  f1_weighted: 0.8387 (0.7968)  time: 0.0176  data: 0.0034  max mem: 10551
Passive Test:  [   330/?]  eta: ?  loss: 0.3180 (1.1323)  accuracy: 0.8906 (0.8341)  balanced_accuracy: 0.9211 (0.8241)  pr_auc: 0.9910 (0.8762)  roc_auc: 0.9902 (0.8954)  f1_weighted: 0.8485 (0.7984)  time: 0.0175  data: 0.0029  max mem: 10551
Passive Test:  [   340/?]  eta: ?  loss: 0.2563 (1.1335)  accuracy: 0.9062 (0.8349)  balanced_accuracy: 0.9314 (0.8241)  pr_auc: 0.9945 (0.8731)  roc_auc: 0.9959 (0.8941)  f1_weighted: 0.9143 (0.7959)  time: 0.0168  data: 0.0018  max mem: 10551
Passive Test:  [   350/?]  eta: ?  loss: 0.2678 (1.1400)  accuracy: 0.7969 (0.8356)  balanced_accuracy: 0.9400 (0.8230)  pr_auc: 1.0000 (0.8669)  roc_auc: 1.0000 (0.8897)  f1_weighted: 0.9362 (0.7900)  time: 0.0166  data: 0.0011  max mem: 10551
Passive Test:  [   360/?]  eta: ?  loss: 0.3894 (1.1481)  accuracy: 0.7969 (0.8344)  balanced_accuracy: 0.9079 (0.8215)  pr_auc: 0.9974 (0.8638)  roc_auc: 0.9964 (0.8873)  f1_weighted: 0.9143 (0.7862)  time: 0.0176  data: 0.0019  max mem: 10551
Passive Test:  [   370/?]  eta: ?  loss: 0.4841 (1.1527)  accuracy: 0.8438 (0.8337)  balanced_accuracy: 0.8800 (0.8185)  pr_auc: 0.9940 (0.8585)  roc_auc: 0.9919 (0.8833)  f1_weighted: 0.8824 (0.7795)  time: 0.0177  data: 0.0021  max mem: 10551
Passive Test:  [   380/?]  eta: ?  loss: 0.5206 (1.1441)  accuracy: 0.8438 (0.8336)  balanced_accuracy: 0.8800 (0.8189)  pr_auc: 0.9914 (0.8605)  roc_auc: 0.9919 (0.8848)  f1_weighted: 0.8772 (0.7798)  time: 0.0174  data: 0.0019  max mem: 10551
Passive Test:  [   390/?]  eta: ?  loss: 0.5206 (1.1353)  accuracy: 0.8594 (0.8341)  balanced_accuracy: 0.8947 (0.8205)  pr_auc: 0.9900 (0.8628)  roc_auc: 0.9919 (0.8870)  f1_weighted: 0.8485 (0.7796)  time: 0.0178  data: 0.0016  max mem: 10551
Passive Test:  [   400/?]  eta: ?  loss: 0.4381 (1.1249)  accuracy: 0.8438 (0.8344)  balanced_accuracy: 0.8922 (0.8222)  pr_auc: 0.9934 (0.8660)  roc_auc: 0.9954 (0.8895)  f1_weighted: 0.7879 (0.7797)  time: 0.0175  data: 0.0005  max mem: 10551
Passive Test:  [   410/?]  eta: ?  loss: 0.5240 (1.1216)  accuracy: 0.8438 (0.8344)  balanced_accuracy: 0.8684 (0.8229)  pr_auc: 0.9869 (0.8681)  roc_auc: 0.9918 (0.8907)  f1_weighted: 0.7937 (0.7797)  time: 0.0171  data: 0.0001  max mem: 10551
Passive Test:  [   420/?]  eta: ?  loss: 0.6987 (1.1170)  accuracy: 0.8125 (0.8342)  balanced_accuracy: 0.8553 (0.8236)  pr_auc: 0.9795 (0.8700)  roc_auc: 0.9757 (0.8924)  f1_weighted: 0.8000 (0.7793)  time: 0.0172  data: 0.0001  max mem: 10551
Passive Test:  [   430/?]  eta: ?  loss: 1.1388 (1.1284)  accuracy: 0.7969 (0.8321)  balanced_accuracy: 0.8262 (0.8218)  pr_auc: 0.8907 (0.8673)  roc_auc: 0.9099 (0.8904)  f1_weighted: 0.7077 (0.7760)  time: 0.0173  data: 0.0003  max mem: 10551
Passive Test:  [   440/?]  eta: ?  loss: 1.5960 (1.1396)  accuracy: 0.7656 (0.8309)  balanced_accuracy: 0.7976 (0.8215)  pr_auc: 0.7910 (0.8651)  roc_auc: 0.8854 (0.8902)  f1_weighted: 0.6842 (0.7741)  time: 0.0178  data: 0.0009  max mem: 10551
Passive Test:  [   450/?]  eta: ?  loss: 1.9405 (1.1571)  accuracy: 0.7812 (0.8295)  balanced_accuracy: 0.8062 (0.8211)  pr_auc: 0.7910 (0.8630)  roc_auc: 0.8918 (0.8889)  f1_weighted: 0.7000 (0.7725)  time: 0.0178  data: 0.0007  max mem: 10551
Passive Test:  [   460/?]  eta: ?  loss: 1.9685 (1.1695)  accuracy: 0.7812 (0.8290)  balanced_accuracy: 0.8173 (0.8216)  pr_auc: 0.7651 (0.8607)  roc_auc: 0.8922 (0.8883)  f1_weighted: 0.7000 (0.7718)  time: 0.0177  data: 0.0005  max mem: 10551
Passive Test:  [   470/?]  eta: ?  loss: 2.0784 (1.1828)  accuracy: 0.7969 (0.8279)  balanced_accuracy: 0.8173 (0.8209)  pr_auc: 0.8278 (0.8597)  roc_auc: 0.8922 (0.8877)  f1_weighted: 0.6747 (0.7702)  time: 0.0175  data: 0.0005  max mem: 10551
Passive Test:  [   480/?]  eta: ?  loss: 1.9269 (1.1922)  accuracy: 0.7969 (0.8278)  balanced_accuracy: 0.8144 (0.8214)  pr_auc: 0.8513 (0.8578)  roc_auc: 0.8725 (0.8873)  f1_weighted: 0.6842 (0.7697)  time: 0.0171  data: 0.0001  max mem: 10551
Passive Test:  [   490/?]  eta: ?  loss: 2.5630 (1.2114)  accuracy: 0.7812 (0.8260)  balanced_accuracy: 0.7692 (0.8192)  pr_auc: 0.7813 (0.8549)  roc_auc: 0.8593 (0.8844)  f1_weighted: 0.6667 (0.7665)  time: 0.0170  data: 0.0001  max mem: 10551
Passive Test:  [   500/?]  eta: ?  loss: 2.4174 (1.2179)  accuracy: 0.7656 (0.8257)  balanced_accuracy: 0.7115 (0.8193)  pr_auc: 0.7813 (0.8530)  roc_auc: 0.8330 (0.8840)  f1_weighted: 0.6486 (0.7658)  time: 0.0170  data: 0.0001  max mem: 10551
Passive Test:  [   510/?]  eta: ?  loss: 2.2702 (1.2324)  accuracy: 0.7812 (0.8244)  balanced_accuracy: 0.7308 (0.8180)  pr_auc: 0.7856 (0.8512)  roc_auc: 0.8446 (0.8825)  f1_weighted: 0.6486 (0.7636)  time: 0.0176  data: 0.0008  max mem: 10551
Passive Test:  [   520/?]  eta: ?  loss: 2.2702 (1.2413)  accuracy: 0.7812 (0.8239)  balanced_accuracy: 0.7308 (0.8180)  pr_auc: 0.8071 (0.8497)  roc_auc: 0.8446 (0.8825)  f1_weighted: 0.6316 (0.7625)  time: 0.0177  data: 0.0007  max mem: 10551
Passive Test:  [   530/?]  eta: ?  loss: 2.2012 (1.2556)  accuracy: 0.7812 (0.8232)  balanced_accuracy: 0.7600 (0.8171)  pr_auc: 0.8271 (0.8496)  roc_auc: 0.8725 (0.8816)  f1_weighted: 0.6486 (0.7608)  time: 0.0171  data: 0.0001  max mem: 10551
Passive Test:  [   540/?]  eta: ?  loss: 1.4513 (1.2549)  accuracy: 0.7969 (0.8236)  balanced_accuracy: 0.7600 (0.8173)  pr_auc: 0.9127 (0.8512)  roc_auc: 0.9135 (0.8822)  f1_weighted: 0.6667 (0.7609)  time: 0.0173  data: 0.0003  max mem: 10551
Passive Test:  [   550/?]  eta: ?  loss: 1.2568 (1.2553)  accuracy: 0.7969 (0.8234)  balanced_accuracy: 0.7600 (0.8169)  pr_auc: 0.9127 (0.8519)  roc_auc: 0.9149 (0.8821)  f1_weighted: 0.6842 (0.7605)  time: 0.0172  data: 0.0003  max mem: 10551
Passive Test:  [   560/?]  eta: ?  loss: 0.9615 (1.2557)  accuracy: 0.8125 (0.8231)  balanced_accuracy: 0.7885 (0.8162)  pr_auc: 0.9398 (0.8524)  roc_auc: 0.9484 (0.8821)  f1_weighted: 0.7317 (0.7598)  time: 0.0174  data: 0.0005  max mem: 10551
Passive Test:  [   570/?]  eta: ?  loss: 0.7700 (1.2671)  accuracy: 0.8125 (0.8214)  balanced_accuracy: 0.7885 (0.8139)  pr_auc: 0.9486 (0.8513)  roc_auc: 0.9585 (0.8808)  f1_weighted: 0.7317 (0.7575)  time: 0.0174  data: 0.0006  max mem: 10551
Passive Test:  [   580/?]  eta: ?  loss: 0.9642 (1.2735)  accuracy: 0.7812 (0.8208)  balanced_accuracy: 0.7600 (0.8129)  pr_auc: 0.9486 (0.8508)  roc_auc: 0.9585 (0.8799)  f1_weighted: 0.6842 (0.7566)  time: 0.0175  data: 0.0006  max mem: 10551
Passive Test:  [   590/?]  eta: ?  loss: 1.6772 (1.2820)  accuracy: 0.7500 (0.8190)  balanced_accuracy: 0.7308 (0.8108)  pr_auc: 0.8994 (0.8501)  roc_auc: 0.8431 (0.8788)  f1_weighted: 0.6774 (0.7543)  time: 0.0178  data: 0.0008  max mem: 10551
Passive Test:  [   600/?]  eta: ?  loss: 1.7362 (1.2838)  accuracy: 0.7500 (0.8182)  balanced_accuracy: 0.7292 (0.8096)  pr_auc: 0.9002 (0.8507)  roc_auc: 0.8543 (0.8786)  f1_weighted: 0.6316 (0.7532)  time: 0.0172  data: 0.0003  max mem: 10551
Passive Test:  [   610/?]  eta: ?  loss: 1.4071 (1.2889)  accuracy: 0.7500 (0.8174)  balanced_accuracy: 0.7308 (0.8084)  pr_auc: 0.9002 (0.8517)  roc_auc: 0.8605 (0.8784)  f1_weighted: 0.7385 (0.7529)  time: 0.0171  data: 0.0001  max mem: 10551
Passive Test:  [   620/?]  eta: ?  loss: 1.2238 (1.2853)  accuracy: 0.7656 (0.8173)  balanced_accuracy: 0.7500 (0.8080)  pr_auc: 0.9196 (0.8532)  roc_auc: 0.8801 (0.8792)  f1_weighted: 0.7576 (0.7533)  time: 0.0175  data: 0.0004  max mem: 10551
Passive Test:  [   630/?]  eta: ?  loss: 0.9949 (1.2800)  accuracy: 0.7969 (0.8173)  balanced_accuracy: 0.7500 (0.8077)  pr_auc: 0.9324 (0.8547)  roc_auc: 0.9446 (0.8798)  f1_weighted: 0.7500 (0.7542)  time: 0.0174  data: 0.0004  max mem: 10551
Passive Test:  [   640/?]  eta: ?  loss: 0.4979 (1.2806)  accuracy: 0.8594 (0.8174)  balanced_accuracy: 0.8200 (0.8076)  pr_auc: 0.9467 (0.8551)  roc_auc: 0.9524 (0.8800)  f1_weighted: 0.7805 (0.7542)  time: 0.0171  data: 0.0001  max mem: 10551
Passive Test:  [   650/?]  eta: ?  loss: 0.5950 (1.2817)  accuracy: 0.8125 (0.8166)  balanced_accuracy: 0.7804 (0.8062)  pr_auc: 0.9467 (0.8544)  roc_auc: 0.9524 (0.8796)  f1_weighted: 0.7347 (0.7523)  time: 0.0172  data: 0.0001  max mem: 10551
Passive Test:  [   660/?]  eta: ?  loss: 0.5950 (1.2790)  accuracy: 0.7969 (0.8171)  balanced_accuracy: 0.7692 (0.8067)  pr_auc: 0.9505 (0.8552)  roc_auc: 0.9550 (0.8803)  f1_weighted: 0.7000 (0.7525)  time: 0.0173  data: 0.0003  max mem: 10551
Passive Test:  [   670/?]  eta: ?  loss: 0.4000 (1.2747)  accuracy: 0.8438 (0.8176)  balanced_accuracy: 0.7885 (0.8067)  pr_auc: 0.9722 (0.8559)  roc_auc: 0.9767 (0.8814)  f1_weighted: 0.7317 (0.7519)  time: 0.0171  data: 0.0003  max mem: 10551
Passive Test:  [   680/?]  eta: ?  loss: 0.2761 (1.2646)  accuracy: 0.8594 (0.8186)  balanced_accuracy: 0.8454 (0.8074)  pr_auc: 0.9722 (0.8571)  roc_auc: 0.9767 (0.8830)  f1_weighted: 0.7407 (0.7526)  time: 0.0177  data: 0.0009  max mem: 10551
Passive Test:  [   690/?]  eta: ?  loss: 0.2560 (1.2544)  accuracy: 0.8906 (0.8198)  balanced_accuracy: 0.8650 (0.8085)  pr_auc: 0.9652 (0.8586)  roc_auc: 0.9849 (0.8845)  f1_weighted: 0.8000 (0.7538)  time: 0.0184  data: 0.0014  max mem: 10551
Passive Test:  [   700/?]  eta: ?  loss: 0.2377 (1.2474)  accuracy: 0.8906 (0.8209)  balanced_accuracy: 0.8650 (0.8094)  pr_auc: 0.9438 (0.8599)  roc_auc: 0.9849 (0.8859)  f1_weighted: 0.8000 (0.7547)  time: 0.0177  data: 0.0006  max mem: 10551
Passive Test:  [   710/?]  eta: ?  loss: 0.1939 (1.2378)  accuracy: 0.9062 (0.8220)  balanced_accuracy: 0.8907 (0.8104)  pr_auc: 0.9438 (0.8610)  roc_auc: 0.9819 (0.8873)  f1_weighted: 0.8462 (0.7559)  time: 0.0175  data: 0.0006  max mem: 10551
Passive Test:  [   720/?]  eta: ?  loss: 0.3039 (1.2337)  accuracy: 0.8906 (0.8223)  balanced_accuracy: 0.8907 (0.8105)  pr_auc: 0.9817 (0.8611)  roc_auc: 0.9868 (0.8884)  f1_weighted: 0.8462 (0.7555)  time: 0.0176  data: 0.0007  max mem: 10551
Passive Test:  [   730/?]  eta: ?  loss: 0.6873 (1.2281)  accuracy: 0.8438 (0.8227)  balanced_accuracy: 0.8077 (0.8106)  pr_auc: 0.9858 (0.8606)  roc_auc: 0.9872 (0.8894)  f1_weighted: 0.7619 (0.7553)  time: 0.0174  data: 0.0003  max mem: 10551
Passive Test:  [   740/?]  eta: ?  loss: 0.4132 (1.2171)  accuracy: 0.8750 (0.8238)  balanced_accuracy: 0.8947 (0.8121)  pr_auc: 0.9858 (0.8616)  roc_auc: 0.9908 (0.8908)  f1_weighted: 0.8621 (0.7568)  time: 0.0174  data: 0.0003  max mem: 10551
Passive Test:  [   750/?]  eta: ?  loss: 0.4132 (1.2078)  accuracy: 0.9062 (0.8246)  balanced_accuracy: 0.9020 (0.8137)  pr_auc: 0.9913 (0.8634)  roc_auc: 0.9939 (0.8924)  f1_weighted: 0.8621 (0.7582)  time: 0.0177  data: 0.0007  max mem: 10551
Passive Test:  [   760/?]  eta: ?  loss: 0.2649 (1.1964)  accuracy: 0.8906 (0.8259)  balanced_accuracy: 0.8947 (0.8149)  pr_auc: 0.9971 (0.8643)  roc_auc: 0.9980 (0.8937)  f1_weighted: 0.8525 (0.7591)  time: 0.0177  data: 0.0011  max mem: 10551
Passive Test:  [   770/?]  eta: ?  loss: 0.2584 (1.1863)  accuracy: 0.8906 (0.8268)  balanced_accuracy: 0.8824 (0.8160)  pr_auc: 0.9873 (0.8654)  roc_auc: 0.9902 (0.8949)  f1_weighted: 0.8525 (0.7599)  time: 0.0173  data: 0.0013  max mem: 10551
Passive Test:  [   780/?]  eta: ?  loss: 0.1149 (1.1756)  accuracy: 0.8750 (0.8281)  balanced_accuracy: 0.8824 (0.8170)  pr_auc: 0.9973 (0.8663)  roc_auc: 0.9980 (0.8960)  f1_weighted: 0.8667 (0.7615)  time: 0.0173  data: 0.0017  max mem: 10551
Passive Test:  [   790/?]  eta: ?  loss: 0.1149 (1.1735)  accuracy: 0.8594 (0.8280)  balanced_accuracy: 0.8725 (0.8164)  pr_auc: 0.9775 (0.8664)  roc_auc: 0.9712 (0.8958)  f1_weighted: 0.8571 (0.7621)  time: 0.0179  data: 0.0018  max mem: 10551
Passive Test:  [   800/?]  eta: ?  loss: 0.1594 (1.1678)  accuracy: 0.7812 (0.8285)  balanced_accuracy: 0.8462 (0.8165)  pr_auc: 0.9373 (0.8673)  roc_auc: 0.9615 (0.8961)  f1_weighted: 0.8182 (0.7632)  time: 0.0180  data: 0.0014  max mem: 10551
Passive Test:  [   810/?]  eta: ?  loss: 0.1594 (1.1676)  accuracy: 0.7969 (0.8283)  balanced_accuracy: 0.8627 (0.8160)  pr_auc: 0.9375 (0.8673)  roc_auc: 0.9615 (0.8958)  f1_weighted: 0.7879 (0.7640)  time: 0.0181  data: 0.0015  max mem: 10551
Passive Test:  [   820/?]  eta: ?  loss: 0.1817 (1.1602)  accuracy: 0.8750 (0.8291)  balanced_accuracy: 0.9130 (0.8164)  pr_auc: 0.9909 (0.8685)  roc_auc: 0.9947 (0.8963)  f1_weighted: 0.7879 (0.7657)  time: 0.0186  data: 0.0020  max mem: 10551
Passive Test:  [   830/?]  eta: ?  loss: 0.1817 (1.1549)  accuracy: 0.9062 (0.8291)  balanced_accuracy: 0.9216 (0.8157)  pr_auc: 1.0000 (0.8699)  roc_auc: 1.0000 (0.8963)  f1_weighted: 0.8387 (0.7667)  time: 0.0182  data: 0.0015  max mem: 10551
Passive Test:  [   840/?]  eta: ?  loss: 0.2655 (1.1462)  accuracy: 0.9062 (0.8299)  balanced_accuracy: 0.8654 (0.8158)  pr_auc: 1.0000 (0.8715)  roc_auc: 1.0000 (0.8971)  f1_weighted: 0.8387 (0.7682)  time: 0.0177  data: 0.0008  max mem: 10551
Passive Test:  [   850/?]  eta: ?  loss: 0.2064 (1.1348)  accuracy: 0.9375 (0.8312)  balanced_accuracy: 0.9071 (0.8174)  pr_auc: 1.0000 (0.8732)  roc_auc: 1.0000 (0.8985)  f1_weighted: 0.8696 (0.7698)  time: 0.0177  data: 0.0008  max mem: 10551
Passive Test:  [   860/?]  eta: ?  loss: 0.1384 (1.1246)  accuracy: 0.9375 (0.8323)  balanced_accuracy: 0.9412 (0.8187)  pr_auc: 1.0000 (0.8745)  roc_auc: 1.0000 (0.8998)  f1_weighted: 0.8667 (0.7713)  time: 0.0181  data: 0.0012  max mem: 10551
Passive Test:  [   870/?]  eta: ?  loss: 0.0609 (1.1129)  accuracy: 0.9688 (0.8338)  balanced_accuracy: 0.9615 (0.8206)  pr_auc: 1.0000 (0.8760)  roc_auc: 1.0000 (0.9011)  f1_weighted: 0.9286 (0.7735)  time: 0.0183  data: 0.0014  max mem: 10551
Passive Test:  [   880/?]  eta: ?  loss: 0.0562 (1.1034)  accuracy: 0.9844 (0.8346)  balanced_accuracy: 0.9804 (0.8213)  pr_auc: 1.0000 (0.8767)  roc_auc: 1.0000 (0.9019)  f1_weighted: 0.9600 (0.7745)  time: 0.0183  data: 0.0013  max mem: 10551
Passive Test:  [   890/?]  eta: ?  loss: 0.0580 (1.0926)  accuracy: 0.9531 (0.8359)  balanced_accuracy: 0.9321 (0.8229)  pr_auc: 1.0000 (0.8781)  roc_auc: 1.0000 (0.9031)  f1_weighted: 0.8696 (0.7763)  time: 0.0184  data: 0.0015  max mem: 10551
Passive Test:  [   900/?]  eta: ?  loss: 0.0580 (1.0834)  accuracy: 0.9844 (0.8368)  balanced_accuracy: 0.9615 (0.8237)  pr_auc: 0.9945 (0.8794)  roc_auc: 0.9985 (0.9042)  f1_weighted: 0.9600 (0.7771)  time: 0.0182  data: 0.0014  max mem: 10551
Passive Test:  [   910/?]  eta: ?  loss: 0.0494 (1.0726)  accuracy: 0.9844 (0.8382)  balanced_accuracy: 0.9902 (0.8254)  pr_auc: 1.0000 (0.8809)  roc_auc: 1.0000 (0.9054)  f1_weighted: 0.9630 (0.7792)  time: 0.0179  data: 0.0011  max mem: 10551
Passive Test:  [   920/?]  eta: ?  loss: 0.0407 (1.0625)  accuracy: 1.0000 (0.8394)  balanced_accuracy: 1.0000 (0.8266)  pr_auc: 1.0000 (0.8823)  roc_auc: 1.0000 (0.9066)  f1_weighted: 1.0000 (0.7807)  time: 0.0173  data: 0.0005  max mem: 10551
Passive Test:  [   930/?]  eta: ?  loss: 0.0379 (1.0519)  accuracy: 0.9844 (0.8408)  balanced_accuracy: 0.9904 (0.8283)  pr_auc: 1.0000 (0.8836)  roc_auc: 1.0000 (0.9077)  f1_weighted: 0.9600 (0.7829)  time: 0.0173  data: 0.0003  max mem: 10551
Passive Test:  [   940/?]  eta: ?  loss: 0.0292 (1.0418)  accuracy: 1.0000 (0.8421)  balanced_accuracy: 1.0000 (0.8299)  pr_auc: 1.0000 (0.8850)  roc_auc: 1.0000 (0.9088)  f1_weighted: 1.0000 (0.7848)  time: 0.0174  data: 0.0003  max mem: 10551
Passive Test:  [   950/?]  eta: ?  loss: 0.1850 (1.0364)  accuracy: 0.9062 (0.8424)  balanced_accuracy: 0.8800 (0.8293)  pr_auc: 1.0000 (0.8862)  roc_auc: 1.0000 (0.9098)  f1_weighted: 0.8636 (0.7834)  time: 0.0170  data: 0.0002  max mem: 10551
Passive Test:  [   960/?]  eta: ?  loss: 0.3780 (1.0304)  accuracy: 0.8594 (0.8429)  balanced_accuracy: 0.8200 (0.8297)  pr_auc: 0.9986 (0.8873)  roc_auc: 0.9990 (0.9108)  f1_weighted: 0.7619 (0.7837)  time: 0.0175  data: 0.0007  max mem: 10551
Passive Test:  [   970/?]  eta: ?  loss: 0.2955 (1.0259)  accuracy: 0.8906 (0.8435)  balanced_accuracy: 0.8269 (0.8304)  pr_auc: 1.0000 (0.8885)  roc_auc: 1.0000 (0.9118)  f1_weighted: 0.7805 (0.7842)  time: 0.0180  data: 0.0011  max mem: 10551
Passive Test:  [   980/?]  eta: ?  loss: 0.2955 (1.0234)  accuracy: 0.8750 (0.8438)  balanced_accuracy: 0.8654 (0.8307)  pr_auc: 0.9889 (0.8893)  roc_auc: 0.9919 (0.9126)  f1_weighted: 0.7805 (0.7842)  time: 0.0178  data: 0.0010  max mem: 10551
Passive Test:  [   990/?]  eta: ?  loss: 0.2626 (1.0191)  accuracy: 0.8750 (0.8444)  balanced_accuracy: 0.8643 (0.8312)  pr_auc: 0.9687 (0.8902)  roc_auc: 0.9808 (0.9135)  f1_weighted: 0.7500 (0.7847)  time: 0.0179  data: 0.0009  max mem: 10551
Passive Test:  [  1000/?]  eta: ?  loss: 0.3068 (1.0159)  accuracy: 0.8750 (0.8448)  balanced_accuracy: 0.8643 (0.8316)  pr_auc: 0.9958 (0.8910)  roc_auc: 0.9970 (0.9142)  f1_weighted: 0.7805 (0.7850)  time: 0.0178  data: 0.0008  max mem: 10551
Passive Test:  [  1010/?]  eta: ?  loss: 0.3068 (1.0122)  accuracy: 0.8750 (0.8452)  balanced_accuracy: 0.8462 (0.8322)  pr_auc: 0.9985 (0.8916)  roc_auc: 0.9990 (0.9146)  f1_weighted: 0.8182 (0.7857)  time: 0.0175  data: 0.0006  max mem: 10551
Passive Test:  [  1020/?]  eta: ?  loss: 0.1380 (1.0142)  accuracy: 0.8750 (0.8450)  balanced_accuracy: 0.8462 (0.8316)  pr_auc: 0.9986 (0.8908)  roc_auc: 0.9990 (0.9143)  f1_weighted: 0.8182 (0.7843)  time: 0.0181  data: 0.0012  max mem: 10551
Passive Test:  [  1030/?]  eta: ?  loss: 0.0590 (1.0127)  accuracy: 0.8438 (0.8451)  balanced_accuracy: 0.8000 (0.8316)  pr_auc: 0.9600 (0.8907)  roc_auc: 0.9737 (0.9145)  f1_weighted: 0.7500 (0.7840)  time: 0.0180  data: 0.0010  max mem: 10551
Passive Test:  [  1040/?]  eta: ?  loss: 0.2209 (1.0129)  accuracy: 0.8906 (0.8449)  balanced_accuracy: 0.8654 (0.8312)  pr_auc: 0.9619 (0.8899)  roc_auc: 0.9737 (0.9139)  f1_weighted: 0.8444 (0.7827)  time: 0.0173  data: 0.0001  max mem: 10551
Passive Test:  [  1050/?]  eta: ?  loss: 0.0980 (1.0082)  accuracy: 0.9531 (0.8454)  balanced_accuracy: 0.9423 (0.8316)  pr_auc: 0.9924 (0.8899)  roc_auc: 0.9949 (0.9140)  f1_weighted: 0.9388 (0.7829)  time: 0.0173  data: 0.0001  max mem: 10551
Passive Test:  [  1060/?]  eta: ?  loss: 0.0725 (1.0036)  accuracy: 0.9531 (0.8455)  balanced_accuracy: 0.9423 (0.8317)  pr_auc: 0.9973 (0.8896)  roc_auc: 0.9980 (0.9140)  f1_weighted: 0.9388 (0.7827)  time: 0.0172  data: 0.0001  max mem: 10551
Passive Test:  [  1070/?]  eta: ?  loss: 0.1332 (0.9972)  accuracy: 0.9531 (0.8460)  balanced_accuracy: 0.9423 (0.8322)  pr_auc: 0.9971 (0.8901)  roc_auc: 0.9980 (0.9145)  f1_weighted: 0.9388 (0.7834)  time: 0.0181  data: 0.0012  max mem: 10551
Passive Test:  [  1080/?]  eta: ?  loss: 0.1332 (0.9909)  accuracy: 0.9375 (0.8466)  balanced_accuracy: 0.9231 (0.8329)  pr_auc: 0.9985 (0.8906)  roc_auc: 0.9990 (0.9150)  f1_weighted: 0.9167 (0.7844)  time: 0.0184  data: 0.0015  max mem: 10551
Passive Test:  [  1090/?]  eta: ?  loss: 0.1611 (0.9841)  accuracy: 0.9375 (0.8473)  balanced_accuracy: 0.9231 (0.8337)  pr_auc: 1.0000 (0.8913)  roc_auc: 1.0000 (0.9156)  f1_weighted: 0.9167 (0.7856)  time: 0.0180  data: 0.0010  max mem: 10551
Passive Test:  [  1100/?]  eta: ?  loss: 0.1230 (0.9776)  accuracy: 0.9375 (0.8480)  balanced_accuracy: 0.9231 (0.8344)  pr_auc: 1.0000 (0.8913)  roc_auc: 1.0000 (0.9158)  f1_weighted: 0.9167 (0.7866)  time: 0.0176  data: 0.0011  max mem: 10551
Passive Test:  [  1110/?]  eta: ?  loss: 0.0629 (0.9712)  accuracy: 0.9688 (0.8488)  balanced_accuracy: 0.9231 (0.8351)  pr_auc: 1.0000 (0.8919)  roc_auc: 1.0000 (0.9162)  f1_weighted: 0.9167 (0.7875)  time: 0.0172  data: 0.0013  max mem: 10551
Passive Test:  [  1120/?]  eta: ?  loss: 0.0536 (0.9646)  accuracy: 0.9688 (0.8495)  balanced_accuracy: 0.9018 (0.8354)  pr_auc: 0.9818 (0.8924)  roc_auc: 0.9879 (0.9167)  f1_weighted: 0.8889 (0.7880)  time: 0.0183  data: 0.0027  max mem: 10551
Passive Test:  [  1130/?]  eta: ?  loss: 0.0961 (0.9589)  accuracy: 0.9375 (0.8501)  balanced_accuracy: 0.9038 (0.8357)  pr_auc: 0.9897 (0.8927)  roc_auc: 0.9918 (0.9170)  f1_weighted: 0.8936 (0.7884)  time: 0.0183  data: 0.0028  max mem: 10551
Passive Test:  [  1140/?]  eta: ?  loss: 0.0961 (0.9535)  accuracy: 0.9375 (0.8505)  balanced_accuracy: 0.9038 (0.8356)  pr_auc: 0.9985 (0.8928)  roc_auc: 0.9990 (0.9172)  f1_weighted: 0.8936 (0.7881)  time: 0.0194  data: 0.0038  max mem: 10551
Passive Test:  [  1150/?]  eta: ?  loss: 0.0300 (0.9491)  accuracy: 0.9531 (0.8508)  balanced_accuracy: 0.9200 (0.8357)  pr_auc: 0.9926 (0.8927)  roc_auc: 0.9949 (0.9172)  f1_weighted: 0.9130 (0.7878)  time: 0.0191  data: 0.0036  max mem: 10551
Passive Test:  [  1160/?]  eta: ?  loss: 0.0300 (0.9456)  accuracy: 0.9531 (0.8513)  balanced_accuracy: 0.8615 (0.8357)  pr_auc: 0.9349 (0.8928)  roc_auc: 0.9595 (0.9173)  f1_weighted: 0.8333 (0.7878)  time: 0.0177  data: 0.0021  max mem: 10551
Passive Test:  [  1170/?]  eta: ?  loss: 0.0244 (0.9390)  accuracy: 0.9531 (0.8521)  balanced_accuracy: 0.8959 (0.8364)  pr_auc: 0.9375 (0.8931)  roc_auc: 0.9631 (0.9177)  f1_weighted: 0.8519 (0.7886)  time: 0.0183  data: 0.0027  max mem: 10551
Passive Test:  [  1180/?]  eta: ?  loss: 0.0181 (0.9331)  accuracy: 0.9531 (0.8527)  balanced_accuracy: 0.8907 (0.8368)  pr_auc: 0.9414 (0.8930)  roc_auc: 0.9631 (0.9179)  f1_weighted: 0.8750 (0.7887)  time: 0.0184  data: 0.0029  max mem: 10551
Passive Test:  [  1190/?]  eta: ?  loss: 0.0329 (0.9270)  accuracy: 0.9219 (0.8533)  balanced_accuracy: 0.9027 (0.8374)  pr_auc: 0.9791 (0.8933)  roc_auc: 0.9767 (0.9184)  f1_weighted: 0.9041 (0.7894)  time: 0.0181  data: 0.0026  max mem: 10551
Passive Test:  [  1200/?]  eta: ?  loss: 0.0399 (0.9229)  accuracy: 0.9375 (0.8539)  balanced_accuracy: 0.9087 (0.8379)  pr_auc: 0.9916 (0.8925)  roc_auc: 0.9867 (0.9184)  f1_weighted: 0.9211 (0.7897)  time: 0.0177  data: 0.0021  max mem: 10551
Passive Test:  [  1210/?]  eta: ?  loss: 0.1908 (0.9170)  accuracy: 0.9375 (0.8545)  balanced_accuracy: 0.9231 (0.8386)  pr_auc: 0.9921 (0.8928)  roc_auc: 0.9879 (0.9189)  f1_weighted: 0.9189 (0.7904)  time: 0.0176  data: 0.0021  max mem: 10551
Passive Test:  [  1220/?]  eta: ?  loss: 0.2635 (0.9115)  accuracy: 0.9062 (0.8551)  balanced_accuracy: 0.9211 (0.8391)  pr_auc: 0.9921 (0.8925)  roc_auc: 0.9879 (0.9191)  f1_weighted: 0.9167 (0.7908)  time: 0.0184  data: 0.0025  max mem: 10551
Passive Test:  [  1230/?]  eta: ?  loss: 0.0393 (0.9057)  accuracy: 0.9062 (0.8556)  balanced_accuracy: 0.9412 (0.8399)  pr_auc: 0.9961 (0.8929)  roc_auc: 0.9910 (0.9196)  f1_weighted: 0.9375 (0.7918)  time: 0.0189  data: 0.0026  max mem: 10551
Passive Test:  [  1240/?]  eta: ?  loss: 0.0393 (0.9001)  accuracy: 0.9375 (0.8562)  balanced_accuracy: 0.9608 (0.8406)  pr_auc: 1.0000 (0.8929)  roc_auc: 1.0000 (0.9200)  f1_weighted: 0.9592 (0.7926)  time: 0.0184  data: 0.0016  max mem: 10551
Passive Test:  [  1250/?]  eta: ?  loss: 0.0398 (0.8943)  accuracy: 0.9688 (0.8569)  balanced_accuracy: 0.9608 (0.8416)  pr_auc: 1.0000 (0.8931)  roc_auc: 1.0000 (0.9205)  f1_weighted: 0.9608 (0.7937)  time: 0.0179  data: 0.0012  max mem: 10551
Passive Test:  [  1260/?]  eta: ?  loss: 0.0398 (0.8898)  accuracy: 0.9688 (0.8573)  balanced_accuracy: 0.9583 (0.8422)  pr_auc: 1.0000 (0.8931)  roc_auc: 1.0000 (0.9209)  f1_weighted: 0.9600 (0.7941)  time: 0.0179  data: 0.0012  max mem: 10551
Passive Test:  [  1270/?]  eta: ?  loss: 0.0208 (0.8843)  accuracy: 0.9062 (0.8579)  balanced_accuracy: 0.9423 (0.8432)  pr_auc: 1.0000 (0.8941)  roc_auc: 1.0000 (0.9215)  f1_weighted: 0.9167 (0.7950)  time: 0.0179  data: 0.0012  max mem: 10551
Passive Test:  [  1280/?]  eta: ?  loss: 0.2241 (0.8792)  accuracy: 0.9062 (0.8583)  balanced_accuracy: 0.9423 (0.8440)  pr_auc: 1.0000 (0.8949)  roc_auc: 1.0000 (0.9222)  f1_weighted: 0.8649 (0.7954)  time: 0.0173  data: 0.0006  max mem: 10551
Passive Test:  [  1290/?]  eta: ?  loss: 0.0849 (0.8738)  accuracy: 0.9219 (0.8589)  balanced_accuracy: 0.9519 (0.8451)  pr_auc: 1.0000 (0.8956)  roc_auc: 1.0000 (0.9229)  f1_weighted: 0.8276 (0.7964)  time: 0.0173  data: 0.0004  max mem: 10551
Passive Test:  [  1300/?]  eta: ?  loss: 0.0849 (0.8701)  accuracy: 0.9375 (0.8593)  balanced_accuracy: 0.9600 (0.8457)  pr_auc: 1.0000 (0.8962)  roc_auc: 1.0000 (0.9233)  f1_weighted: 0.8667 (0.7967)  time: 0.0170  data: 0.0001  max mem: 10551
Passive Test:  [  1310/?]  eta: ?  loss: 0.0948 (0.8674)  accuracy: 0.9375 (0.8598)  balanced_accuracy: 0.9608 (0.8464)  pr_auc: 1.0000 (0.8968)  roc_auc: 1.0000 (0.9237)  f1_weighted: 0.9014 (0.7975)  time: 0.0170  data: 0.0004  max mem: 10551
Passive Test:  [  1320/?]  eta: ?  loss: 0.0948 (0.8656)  accuracy: 0.9375 (0.8602)  balanced_accuracy: 0.9605 (0.8469)  pr_auc: 1.0000 (0.8973)  roc_auc: 1.0000 (0.9238)  f1_weighted: 0.9286 (0.7980)  time: 0.0178  data: 0.0011  max mem: 10551
Passive Test:  [  1330/?]  eta: ?  loss: 0.1141 (0.8628)  accuracy: 0.9375 (0.8607)  balanced_accuracy: 0.9510 (0.8475)  pr_auc: 1.0000 (0.8979)  roc_auc: 1.0000 (0.9243)  f1_weighted: 0.9231 (0.7989)  time: 0.0181  data: 0.0015  max mem: 10551
Passive Test:  [  1340/?]  eta: ?  loss: 0.1836 (0.8619)  accuracy: 0.9062 (0.8609)  balanced_accuracy: 0.9314 (0.8478)  pr_auc: 1.0000 (0.8986)  roc_auc: 1.0000 (0.9247)  f1_weighted: 0.9143 (0.7991)  time: 0.0182  data: 0.0017  max mem: 10551
Passive Test:  [  1350/?]  eta: ?  loss: 0.3483 (0.8596)  accuracy: 0.8750 (0.8612)  balanced_accuracy: 0.9020 (0.8483)  pr_auc: 0.9917 (0.8993)  roc_auc: 0.9894 (0.9252)  f1_weighted: 0.8611 (0.7996)  time: 0.0191  data: 0.0027  max mem: 10551
Passive Test:  [  1360/?]  eta: ?  loss: 0.5741 (0.8588)  accuracy: 0.8594 (0.8612)  balanced_accuracy: 0.8816 (0.8484)  pr_auc: 0.9832 (0.8996)  roc_auc: 0.9868 (0.9253)  f1_weighted: 0.8485 (0.7999)  time: 0.0198  data: 0.0034  max mem: 10551
Passive Test:  [  1370/?]  eta: ?  loss: 0.2203 (0.8562)  accuracy: 0.8594 (0.8615)  balanced_accuracy: 0.8947 (0.8488)  pr_auc: 0.9773 (0.9000)  roc_auc: 0.9646 (0.9255)  f1_weighted: 0.8485 (0.8005)  time: 0.0190  data: 0.0027  max mem: 10551
Passive Test:  [  1380/?]  eta: ?  loss: 0.0712 (0.8542)  accuracy: 0.9375 (0.8618)  balanced_accuracy: 0.9359 (0.8492)  pr_auc: 0.9897 (0.9003)  roc_auc: 0.9970 (0.9258)  f1_weighted: 0.9259 (0.8010)  time: 0.0186  data: 0.0022  max mem: 10551
Passive Test:  [  1390/?]  eta: ?  loss: 0.0712 (0.8507)  accuracy: 0.9531 (0.8622)  balanced_accuracy: 0.9651 (0.8497)  pr_auc: 0.9978 (0.9005)  roc_auc: 0.9989 (0.9260)  f1_weighted: 0.9286 (0.8017)  time: 0.0191  data: 0.0026  max mem: 10551
Passive Test:  [  1400/?]  eta: ?  loss: 0.0746 (0.8505)  accuracy: 0.9531 (0.8622)  balanced_accuracy: 0.9608 (0.8496)  pr_auc: 0.9945 (0.8998)  roc_auc: 0.9985 (0.9259)  f1_weighted: 0.9167 (0.8013)  time: 0.0188  data: 0.0023  max mem: 10551
Passive Test:  [  1410/?]  eta: ?  loss: 0.1449 (0.8482)  accuracy: 0.9375 (0.8623)  balanced_accuracy: 0.9295 (0.8496)  pr_auc: 0.9758 (0.8994)  roc_auc: 0.9925 (0.9260)  f1_weighted: 0.8462 (0.8008)  time: 0.0182  data: 0.0016  max mem: 10551
Passive Test:  [  1420/?]  eta: ?  loss: 0.2490 (0.8487)  accuracy: 0.9062 (0.8622)  balanced_accuracy: 0.9295 (0.8491)  pr_auc: 0.9744 (0.8983)  roc_auc: 0.9872 (0.9257)  f1_weighted: 0.8462 (0.7995)  time: 0.0180  data: 0.0014  max mem: 10551
Passive Test:  [  1430/?]  eta: ?  loss: 0.3329 (0.8470)  accuracy: 0.8750 (0.8621)  balanced_accuracy: 0.9216 (0.8488)  pr_auc: 0.9744 (0.8979)  roc_auc: 0.9867 (0.9258)  f1_weighted: 0.7742 (0.7986)  time: 0.0185  data: 0.0019  max mem: 10551
Passive Test:  [  1440/?]  eta: ?  loss: 0.3551 (0.8440)  accuracy: 0.8438 (0.8622)  balanced_accuracy: 0.8330 (0.8485)  pr_auc: 0.9715 (0.8977)  roc_auc: 0.9864 (0.9260)  f1_weighted: 0.7179 (0.7977)  time: 0.0179  data: 0.0013  max mem: 10551
Passive Test:  [  1450/?]  eta: ?  loss: 0.3551 (0.8405)  accuracy: 0.8438 (0.8624)  balanced_accuracy: 0.8330 (0.8484)  pr_auc: 0.9481 (0.8977)  roc_auc: 0.9848 (0.9263)  f1_weighted: 0.7755 (0.7970)  time: 0.0169  data: 0.0001  max mem: 10551
Passive Test:  [  1460/?]  eta: ?  loss: 0.3077 (0.8374)  accuracy: 0.8438 (0.8625)  balanced_accuracy: 0.8159 (0.8480)  pr_auc: 0.9752 (0.8976)  roc_auc: 0.9908 (0.9265)  f1_weighted: 0.7755 (0.7962)  time: 0.0168  data: 0.0001  max mem: 10551
Passive Test:  [  1470/?]  eta: ?  loss: 0.3603 (0.8351)  accuracy: 0.8594 (0.8626)  balanced_accuracy: 0.8200 (0.8477)  pr_auc: 0.9858 (0.8976)  roc_auc: 0.9908 (0.9268)  f1_weighted: 0.7805 (0.7956)  time: 0.0170  data: 0.0003  max mem: 10551
Passive Test:  [  1480/?]  eta: ?  loss: 0.4007 (0.8347)  accuracy: 0.8594 (0.8626)  balanced_accuracy: 0.8200 (0.8470)  pr_auc: 0.9970 (0.8968)  roc_auc: 0.9979 (0.9267)  f1_weighted: 0.7805 (0.7941)  time: 0.0171  data: 0.0004  max mem: 10551
Passive Test:  [  1490/?]  eta: ?  loss: 0.4161 (0.8325)  accuracy: 0.8750 (0.8627)  balanced_accuracy: 0.8462 (0.8468)  pr_auc: 1.0000 (0.8967)  roc_auc: 1.0000 (0.9270)  f1_weighted: 0.8182 (0.7935)  time: 0.0172  data: 0.0005  max mem: 10551
Passive Test:  [  1500/?]  eta: ?  loss: 0.4199 (0.8309)  accuracy: 0.8750 (0.8627)  balanced_accuracy: 0.8462 (0.8461)  pr_auc: 0.9973 (0.8963)  roc_auc: 0.9979 (0.9271)  f1_weighted: 0.8182 (0.7922)  time: 0.0178  data: 0.0011  max mem: 10551
Passive Test:  [  1510/?]  eta: ?  loss: 0.4323 (0.8297)  accuracy: 0.8594 (0.8626)  balanced_accuracy: 0.8400 (0.8457)  pr_auc: 0.9973 (0.8960)  roc_auc: 0.9960 (0.9271)  f1_weighted: 0.8095 (0.7913)  time: 0.0174  data: 0.0007  max mem: 10551
Passive Test:  [  1520/?]  eta: ?  loss: 0.5866 (0.8295)  accuracy: 0.8594 (0.8624)  balanced_accuracy: 0.8400 (0.8449)  pr_auc: 0.9986 (0.8955)  roc_auc: 0.9990 (0.9272)  f1_weighted: 0.8095 (0.7897)  time: 0.0168  data: 0.0001  max mem: 10551
Passive Test:  [  1530/?]  eta: ?  loss: 0.4408 (0.8273)  accuracy: 0.8594 (0.8625)  balanced_accuracy: 0.8269 (0.8446)  pr_auc: 0.9942 (0.8956)  roc_auc: 0.9909 (0.9274)  f1_weighted: 0.7907 (0.7891)  time: 0.0169  data: 0.0002  max mem: 10551
Passive Test:  [  1540/?]  eta: ?  loss: 0.3525 (0.8253)  accuracy: 0.8750 (0.8628)  balanced_accuracy: 0.8600 (0.8444)  pr_auc: 0.9950 (0.8954)  roc_auc: 0.9938 (0.9276)  f1_weighted: 0.8372 (0.7882)  time: 0.0174  data: 0.0008  max mem: 10551
Passive Test:  [  1550/?]  eta: ?  loss: 0.4056 (0.8234)  accuracy: 0.8750 (0.8628)  balanced_accuracy: 0.8600 (0.8442)  pr_auc: 0.9986 (0.8953)  roc_auc: 0.9980 (0.9277)  f1_weighted: 0.8372 (0.7878)  time: 0.0174  data: 0.0008  max mem: 10551
Passive Test:  [  1560/?]  eta: ?  loss: 0.4087 (0.8213)  accuracy: 0.8750 (0.8630)  balanced_accuracy: 0.8462 (0.8441)  pr_auc: 0.9920 (0.8957)  roc_auc: 0.9858 (0.9280)  f1_weighted: 0.8182 (0.7875)  time: 0.0168  data: 0.0001  max mem: 10551
Passive Test:  [  1570/?]  eta: ?  loss: 0.4733 (0.8205)  accuracy: 0.8906 (0.8630)  balanced_accuracy: 0.7774 (0.8439)  pr_auc: 0.9789 (0.8962)  roc_auc: 0.9848 (0.9283)  f1_weighted: 0.7619 (0.7874)  time: 0.0168  data: 0.0001  max mem: 10551
Passive Test:  [  1580/?]  eta: ?  loss: 0.4282 (0.8179)  accuracy: 0.8906 (0.8634)  balanced_accuracy: 0.7774 (0.8440)  pr_auc: 0.9767 (0.8968)  roc_auc: 0.9848 (0.9287)  f1_weighted: 0.8158 (0.7876)  time: 0.0174  data: 0.0008  max mem: 10551
Passive Test:  [  1590/?]  eta: ?  loss: 0.2992 (0.8179)  accuracy: 0.9062 (0.8633)  balanced_accuracy: 0.8036 (0.8439)  pr_auc: 1.0000 (0.8974)  roc_auc: 1.0000 (0.9292)  f1_weighted: 0.7556 (0.7874)  time: 0.0176  data: 0.0011  max mem: 10551
Passive Test:  [  1600/?]  eta: ?  loss: 0.2992 (0.8190)  accuracy: 0.8906 (0.8632)  balanced_accuracy: 0.8036 (0.8437)  pr_auc: 1.0000 (0.8977)  roc_auc: 1.0000 (0.9295)  f1_weighted: 0.7556 (0.7869)  time: 0.0180  data: 0.0015  max mem: 10551
Passive Test:  [  1610/?]  eta: ?  loss: 0.1950 (0.8176)  accuracy: 0.9062 (0.8635)  balanced_accuracy: 0.8947 (0.8442)  pr_auc: 1.0000 (0.8983)  roc_auc: 1.0000 (0.9299)  f1_weighted: 0.8824 (0.7877)  time: 0.0178  data: 0.0011  max mem: 10551
Passive Test:  [  1620/?]  eta: ?  loss: 0.1950 (0.8159)  accuracy: 0.9219 (0.8638)  balanced_accuracy: 0.8947 (0.8445)  pr_auc: 0.9944 (0.8989)  roc_auc: 0.9958 (0.9303)  f1_weighted: 0.8824 (0.7883)  time: 0.0168  data: 0.0001  max mem: 10551
Passive Test:  [  1630/?]  eta: ?  loss: 0.3708 (0.8172)  accuracy: 0.8750 (0.8637)  balanced_accuracy: 0.8400 (0.8446)  pr_auc: 0.9932 (0.8995)  roc_auc: 0.9919 (0.9306)  f1_weighted: 0.8095 (0.7885)  time: 0.0168  data: 0.0001  max mem: 10551
Passive Test:  [  1640/?]  eta: ?  loss: 0.3482 (0.8168)  accuracy: 0.9062 (0.8639)  balanced_accuracy: 0.8800 (0.8450)  pr_auc: 0.9899 (0.9001)  roc_auc: 0.9919 (0.9311)  f1_weighted: 0.8636 (0.7890)  time: 0.0174  data: 0.0008  max mem: 10551
Passive Test:  [  1650/?]  eta: ?  loss: 0.2702 (0.8180)  accuracy: 0.9062 (0.8638)  balanced_accuracy: 0.8800 (0.8451)  pr_auc: 0.9981 (0.9007)  roc_auc: 0.9970 (0.9314)  f1_weighted: 0.8636 (0.7892)  time: 0.0180  data: 0.0015  max mem: 10551
Passive Test:  [  1660/?]  eta: ?  loss: 0.4201 (0.8179)  accuracy: 0.8750 (0.8639)  balanced_accuracy: 0.8725 (0.8455)  pr_auc: 1.0000 (0.9012)  roc_auc: 1.0000 (0.9318)  f1_weighted: 0.8095 (0.7896)  time: 0.0173  data: 0.0008  max mem: 10551
Passive Test:  [  1670/?]  eta: ?  loss: 0.4201 (0.8193)  accuracy: 0.8750 (0.8638)  balanced_accuracy: 0.8846 (0.8458)  pr_auc: 1.0000 (0.9019)  roc_auc: 1.0000 (0.9323)  f1_weighted: 0.7879 (0.7899)  time: 0.0173  data: 0.0007  max mem: 10551
Passive Test:  [  1680/?]  eta: ?  loss: 0.2188 (0.8176)  accuracy: 0.9062 (0.8641)  balanced_accuracy: 0.9314 (0.8464)  pr_auc: 1.0000 (0.9024)  roc_auc: 1.0000 (0.9326)  f1_weighted: 0.8409 (0.7903)  time: 0.0173  data: 0.0009  max mem: 10551
Passive Test:  [  1690/?]  eta: ?  loss: 0.0984 (0.8180)  accuracy: 0.9688 (0.8643)  balanced_accuracy: 0.9615 (0.8468)  pr_auc: 0.9992 (0.9029)  roc_auc: 0.9990 (0.9330)  f1_weighted: 0.9600 (0.7909)  time: 0.0173  data: 0.0015  max mem: 10551
Passive Test:  [  1700/?]  eta: ?  loss: 0.0984 (0.8166)  accuracy: 0.9375 (0.8645)  balanced_accuracy: 0.9683 (0.8472)  pr_auc: 1.0000 (0.9033)  roc_auc: 1.0000 (0.9333)  f1_weighted: 0.9615 (0.7915)  time: 0.0175  data: 0.0022  max mem: 10551
Passive Test:  [  1710/?]  eta: ?  loss: 0.0792 (0.8169)  accuracy: 0.9688 (0.8647)  balanced_accuracy: 0.9737 (0.8477)  pr_auc: 1.0000 (0.9037)  roc_auc: 1.0000 (0.9336)  f1_weighted: 0.9630 (0.7922)  time: 0.0171  data: 0.0012  max mem: 10551
Passive Test:  [  1720/?]  eta: ?  loss: 0.0792 (0.8147)  accuracy: 0.9844 (0.8651)  balanced_accuracy: 0.9868 (0.8485)  pr_auc: 1.0000 (0.9041)  roc_auc: 1.0000 (0.9340)  f1_weighted: 0.9630 (0.7932)  time: 0.0171  data: 0.0004  max mem: 10551
Passive Test:  [  1730/?]  eta: ?  loss: 0.0908 (0.8139)  accuracy: 0.9688 (0.8654)  balanced_accuracy: 0.9804 (0.8490)  pr_auc: 0.9965 (0.9047)  roc_auc: 0.9968 (0.9342)  f1_weighted: 0.9459 (0.7940)  time: 0.0168  data: 0.0002  max mem: 10551
Passive Test:  [  1740/?]  eta: ?  loss: 0.1067 (0.8123)  accuracy: 0.9375 (0.8657)  balanced_accuracy: 0.9487 (0.8496)  pr_auc: 0.9952 (0.9052)  roc_auc: 0.9970 (0.9344)  f1_weighted: 0.9231 (0.7949)  time: 0.0168  data: 0.0001  max mem: 10551
Passive Test:  [  1750/?]  eta: ?  loss: 0.1067 (0.8124)  accuracy: 0.9375 (0.8657)  balanced_accuracy: 0.9231 (0.8498)  pr_auc: 1.0000 (0.9056)  roc_auc: 1.0000 (0.9343)  f1_weighted: 0.9167 (0.7954)  time: 0.0168  data: 0.0001  max mem: 10551
Passive Test:  [  1760/?]  eta: ?  loss: 0.1121 (0.8089)  accuracy: 0.9375 (0.8662)  balanced_accuracy: 0.9231 (0.8504)  pr_auc: 0.9994 (0.9060)  roc_auc: 0.9990 (0.9346)  f1_weighted: 0.9167 (0.7963)  time: 0.0168  data: 0.0001  max mem: 10551
Passive Test:  [  1770/?]  eta: ?  loss: 0.1336 (0.8056)  accuracy: 0.9375 (0.8664)  balanced_accuracy: 0.9333 (0.8507)  pr_auc: 0.9899 (0.9063)  roc_auc: 0.9919 (0.9349)  f1_weighted: 0.8936 (0.7968)  time: 0.0168  data: 0.0001  max mem: 10551
Passive Test:  [  1780/?]  eta: ?  loss: 0.1336 (0.8020)  accuracy: 0.9375 (0.8667)  balanced_accuracy: 0.9281 (0.8512)  pr_auc: 0.9855 (0.9069)  roc_auc: 0.9904 (0.9353)  f1_weighted: 0.9091 (0.7975)  time: 0.0168  data: 0.0001  max mem: 10551
Passive Test:  [  1790/?]  eta: ?  loss: 0.0764 (0.7994)  accuracy: 0.9375 (0.8669)  balanced_accuracy: 0.9200 (0.8514)  pr_auc: 0.9855 (0.9072)  roc_auc: 0.9887 (0.9355)  f1_weighted: 0.9130 (0.7979)  time: 0.0168  data: 0.0001  max mem: 10551
Passive Test:  [  1800/?]  eta: ?  loss: 0.0600 (0.7958)  accuracy: 0.9062 (0.8672)  balanced_accuracy: 0.8800 (0.8519)  pr_auc: 0.9894 (0.9076)  roc_auc: 0.9908 (0.9358)  f1_weighted: 0.8636 (0.7986)  time: 0.0168  data: 0.0001  max mem: 10551
Passive Test:  [  1810/?]  eta: ?  loss: 0.0715 (0.7934)  accuracy: 0.9062 (0.8674)  balanced_accuracy: 0.8846 (0.8522)  pr_auc: 0.9894 (0.9079)  roc_auc: 0.9908 (0.9360)  f1_weighted: 0.8696 (0.7990)  time: 0.0168  data: 0.0001  max mem: 10551
Passive Test:  [  1820/?]  eta: ?  loss: 0.0715 (0.7899)  accuracy: 0.9062 (0.8678)  balanced_accuracy: 0.8846 (0.8527)  pr_auc: 0.9969 (0.9084)  roc_auc: 0.9979 (0.9363)  f1_weighted: 0.8696 (0.7998)  time: 0.0168  data: 0.0001  max mem: 10551
Passive Test:  [  1830/?]  eta: ?  loss: 0.0700 (0.7871)  accuracy: 0.8906 (0.8680)  balanced_accuracy: 0.8694 (0.8529)  pr_auc: 0.9986 (0.9088)  roc_auc: 0.9990 (0.9366)  f1_weighted: 0.8421 (0.8002)  time: 0.0168  data: 0.0001  max mem: 10551
Passive Test:  [  1840/?]  eta: ?  loss: 0.0443 (0.7834)  accuracy: 0.9375 (0.8684)  balanced_accuracy: 0.9200 (0.8535)  pr_auc: 1.0000 (0.9093)  roc_auc: 1.0000 (0.9369)  f1_weighted: 0.9130 (0.8011)  time: 0.0170  data: 0.0004  max mem: 10551
Passive Test:  [  1850/?]  eta: ?  loss: 0.1303 (0.7803)  accuracy: 0.9375 (0.8687)  balanced_accuracy: 0.9291 (0.8539)  pr_auc: 1.0000 (0.9098)  roc_auc: 1.0000 (0.9373)  f1_weighted: 0.9200 (0.8017)  time: 0.0169  data: 0.0004  max mem: 10551
Passive Test:  [  1860/?]  eta: ?  loss: 0.1742 (0.7770)  accuracy: 0.9375 (0.8691)  balanced_accuracy: 0.9291 (0.8544)  pr_auc: 1.0000 (0.9102)  roc_auc: 1.0000 (0.9376)  f1_weighted: 0.9200 (0.8024)  time: 0.0167  data: 0.0001  max mem: 10551
Passive Test:  [  1870/?]  eta: ?  loss: 0.1872 (0.7740)  accuracy: 0.9062 (0.8693)  balanced_accuracy: 0.9150 (0.8548)  pr_auc: 0.9863 (0.9104)  roc_auc: 0.9867 (0.9378)  f1_weighted: 0.8929 (0.8029)  time: 0.0168  data: 0.0001  max mem: 10551
Passive Test:  [  1880/?]  eta: ?  loss: 0.2111 (0.7709)  accuracy: 0.9062 (0.8696)  balanced_accuracy: 0.8944 (0.8550)  pr_auc: 0.9780 (0.9108)  roc_auc: 0.9838 (0.9380)  f1_weighted: 0.8750 (0.8033)  time: 0.0171  data: 0.0010  max mem: 10551
Passive Test:  [  1890/?]  eta: ?  loss: 0.2124 (0.7683)  accuracy: 0.9062 (0.8695)  balanced_accuracy: 0.8759 (0.8549)  pr_auc: 0.9759 (0.9110)  roc_auc: 0.9838 (0.9382)  f1_weighted: 0.8511 (0.8031)  time: 0.0173  data: 0.0018  max mem: 10551
Passive Test:  [  1900/?]  eta: ?  loss: 0.3659 (0.7664)  accuracy: 0.8594 (0.8695)  balanced_accuracy: 0.8330 (0.8546)  pr_auc: 0.9694 (0.9107)  roc_auc: 0.9754 (0.9381)  f1_weighted: 0.7761 (0.8027)  time: 0.0170  data: 0.0019  max mem: 10551
Passive Test:  [  1910/?]  eta: ?  loss: 0.3508 (0.7643)  accuracy: 0.8281 (0.8694)  balanced_accuracy: 0.8330 (0.8546)  pr_auc: 0.9253 (0.9107)  roc_auc: 0.9446 (0.9381)  f1_weighted: 0.7059 (0.8025)  time: 0.0175  data: 0.0023  max mem: 10551
Passive Test:  [  1920/?]  eta: ?  loss: 0.3468 (0.7622)  accuracy: 0.8594 (0.8695)  balanced_accuracy: 0.8559 (0.8545)  pr_auc: 0.9253 (0.9107)  roc_auc: 0.9446 (0.9382)  f1_weighted: 0.7027 (0.8021)  time: 0.0178  data: 0.0020  max mem: 10551
Passive Test:  [  1930/?]  eta: ?  loss: 0.3260 (0.7598)  accuracy: 0.8594 (0.8695)  balanced_accuracy: 0.8654 (0.8546)  pr_auc: 0.9774 (0.9110)  roc_auc: 0.9917 (0.9385)  f1_weighted: 0.6667 (0.8017)  time: 0.0174  data: 0.0010  max mem: 10551
Passive Test:  [  1940/?]  eta: ?  loss: 0.3649 (0.7576)  accuracy: 0.8594 (0.8695)  balanced_accuracy: 0.8537 (0.8544)  pr_auc: 0.9702 (0.9112)  roc_auc: 0.9917 (0.9387)  f1_weighted: 0.6667 (0.8012)  time: 0.0170  data: 0.0004  max mem: 10551
Passive Test:  [  1950/?]  eta: ?  loss: 0.4046 (0.7565)  accuracy: 0.8281 (0.8693)  balanced_accuracy: 0.8390 (0.8543)  pr_auc: 0.9638 (0.9112)  roc_auc: 0.9819 (0.9388)  f1_weighted: 0.6667 (0.8008)  time: 0.0167  data: 0.0001  max mem: 10551
Passive Test:  [  1960/?]  eta: ?  loss: 0.4122 (0.7557)  accuracy: 0.7969 (0.8692)  balanced_accuracy: 0.8158 (0.8541)  pr_auc: 0.9778 (0.9114)  roc_auc: 0.9872 (0.9390)  f1_weighted: 0.7000 (0.8002)  time: 0.0170  data: 0.0004  max mem: 10551
Passive Test:  [  1970/?]  eta: ?  loss: 0.5597 (0.7548)  accuracy: 0.7969 (0.8690)  balanced_accuracy: 0.8158 (0.8540)  pr_auc: 0.9720 (0.9113)  roc_auc: 0.9727 (0.9391)  f1_weighted: 0.7000 (0.7998)  time: 0.0171  data: 0.0005  max mem: 10551
Passive Test:  [  1980/?]  eta: ?  loss: 0.5007 (0.7542)  accuracy: 0.7969 (0.8689)  balanced_accuracy: 0.8235 (0.8538)  pr_auc: 0.9564 (0.9111)  roc_auc: 0.9548 (0.9390)  f1_weighted: 0.7619 (0.7994)  time: 0.0169  data: 0.0003  max mem: 10551
Passive Test:  [  1990/?]  eta: ?  loss: 0.2464 (0.7534)  accuracy: 0.8281 (0.8687)  balanced_accuracy: 0.8333 (0.8537)  pr_auc: 0.9856 (0.9108)  roc_auc: 0.9848 (0.9390)  f1_weighted: 0.7619 (0.7989)  time: 0.0170  data: 0.0003  max mem: 10551
Passive Test:  [  2000/?]  eta: ?  loss: 0.2464 (0.7534)  accuracy: 0.7812 (0.8685)  balanced_accuracy: 0.8158 (0.8533)  pr_auc: 0.9980 (0.9101)  roc_auc: 0.9969 (0.9387)  f1_weighted: 0.7619 (0.7981)  time: 0.0171  data: 0.0005  max mem: 10551
Passive Test:  [  2010/?]  eta: ?  loss: 0.1609 (0.7521)  accuracy: 0.7969 (0.8686)  balanced_accuracy: 0.8289 (0.8533)  pr_auc: 0.9945 (0.9098)  roc_auc: 0.9970 (0.9387)  f1_weighted: 0.7937 (0.7980)  time: 0.0169  data: 0.0003  max mem: 10551
Passive Test:  [  2020/?]  eta: ?  loss: 0.6025 (0.7518)  accuracy: 0.8281 (0.8683)  balanced_accuracy: 0.8289 (0.8532)  pr_auc: 0.9944 (0.9097)  roc_auc: 0.9949 (0.9387)  f1_weighted: 0.7937 (0.7976)  time: 0.0167  data: 0.0001  max mem: 10551
Passive Test:  [  2030/?]  eta: ?  loss: 0.7372 (0.7515)  accuracy: 0.8281 (0.8680)  balanced_accuracy: 0.8077 (0.8530)  pr_auc: 0.9968 (0.9097)  roc_auc: 0.9949 (0.9388)  f1_weighted: 0.7619 (0.7974)  time: 0.0168  data: 0.0001  max mem: 10551
Passive Test:  [  2040/?]  eta: ?  loss: 0.8259 (0.7517)  accuracy: 0.8281 (0.8676)  balanced_accuracy: 0.8200 (0.8527)  pr_auc: 0.9973 (0.9092)  roc_auc: 0.9980 (0.9387)  f1_weighted: 0.7805 (0.7968)  time: 0.0170  data: 0.0004  max mem: 10551
Passive Test:  [  2050/?]  eta: ?  loss: 0.7372 (0.7516)  accuracy: 0.8438 (0.8674)  balanced_accuracy: 0.8200 (0.8524)  pr_auc: 0.9986 (0.9091)  roc_auc: 0.9979 (0.9387)  f1_weighted: 0.7805 (0.7965)  time: 0.0169  data: 0.0008  max mem: 10551
Passive Test:  [  2060/?]  eta: ?  loss: 0.4777 (0.7510)  accuracy: 0.8438 (0.8672)  balanced_accuracy: 0.8289 (0.8524)  pr_auc: 0.9929 (0.9090)  roc_auc: 0.9889 (0.9387)  f1_weighted: 0.7937 (0.7962)  time: 0.0168  data: 0.0012  max mem: 10551
Passive Test:  [  2070/?]  eta: ?  loss: 0.1987 (0.7512)  accuracy: 0.8281 (0.8671)  balanced_accuracy: 0.8194 (0.8523)  pr_auc: 0.9892 (0.9085)  roc_auc: 0.9848 (0.9385)  f1_weighted: 0.7797 (0.7960)  time: 0.0164  data: 0.0010  max mem: 10551
Passive Test:  [  2080/?]  eta: ?  loss: 0.1827 (0.7528)  accuracy: 0.8906 (0.8667)  balanced_accuracy: 0.8194 (0.8517)  pr_auc: 0.9632 (0.9076)  roc_auc: 0.9464 (0.9379)  f1_weighted: 0.7619 (0.7950)  time: 0.0170  data: 0.0015  max mem: 10551
Passive Test:  [  2090/?]  eta: ?  loss: 0.1601 (0.7519)  accuracy: 0.9219 (0.8667)  balanced_accuracy: 0.9583 (0.8518)  pr_auc: 0.9897 (0.9071)  roc_auc: 0.9919 (0.9378)  f1_weighted: 0.9130 (0.7952)  time: 0.0175  data: 0.0012  max mem: 10551
Passive Test:  [  2100/?]  eta: ?  loss: 0.1615 (0.7531)  accuracy: 0.9375 (0.8663)  balanced_accuracy: 0.9600 (0.8513)  pr_auc: 0.9897 (0.9063)  roc_auc: 0.9919 (0.9372)  f1_weighted: 0.9583 (0.7945)  time: 0.0164  data: 0.0002  max mem: 10551
Passive Test:  [  2110/?]  eta: ?  loss: 0.2396 (0.7546)  accuracy: 0.8125 (0.8661)  balanced_accuracy: 0.9600 (0.8511)  pr_auc: 0.9985 (0.9058)  roc_auc: 0.9990 (0.9369)  f1_weighted: 0.9583 (0.7943)  time: 0.0163  data: 0.0009  max mem: 10551
Passive Test:  [  2120/?]  eta: ?  loss: 0.1916 (0.7544)  accuracy: 0.8125 (0.8658)  balanced_accuracy: 0.9291 (0.8508)  pr_auc: 0.9892 (0.9050)  roc_auc: 0.9919 (0.9365)  f1_weighted: 0.9200 (0.7938)  time: 0.0178  data: 0.0024  max mem: 10551
Passive Test:  [  2130/?]  eta: ?  loss: 0.1776 (0.7541)  accuracy: 0.8125 (0.8656)  balanced_accuracy: 0.9615 (0.8506)  pr_auc: 0.9970 (0.9045)  roc_auc: 0.9979 (0.9363)  f1_weighted: 0.9600 (0.7936)  time: 0.0175  data: 0.0022  max mem: 10551
Passive Test:  [  2140/?]  eta: ?  loss: 0.1776 (0.7538)  accuracy: 0.8906 (0.8653)  balanced_accuracy: 0.8944 (0.8500)  pr_auc: 0.9853 (0.9037)  roc_auc: 0.9899 (0.9358)  f1_weighted: 0.8750 (0.7928)  time: 0.0183  data: 0.0031  max mem: 10551
Passive Test:  [  2150/?]  eta: ?  loss: 0.1776 (0.7523)  accuracy: 0.9062 (0.8653)  balanced_accuracy: 0.8944 (0.8497)  pr_auc: 0.9871 (0.9032)  roc_auc: 0.9909 (0.9355)  f1_weighted: 0.8444 (0.7923)  time: 0.0202  data: 0.0051  max mem: 10551
Passive Test:  [  2160/?]  eta: ?  loss: 0.1849 (0.7508)  accuracy: 0.9219 (0.8651)  balanced_accuracy: 0.8462 (0.8495)  pr_auc: 0.9868 (0.9028)  roc_auc: 0.9909 (0.9353)  f1_weighted: 0.8000 (0.7919)  time: 0.0199  data: 0.0048  max mem: 10551
Passive Test:  [  2170/?]  eta: ?  loss: 0.1795 (0.7491)  accuracy: 0.9375 (0.8652)  balanced_accuracy: 0.9038 (0.8494)  pr_auc: 0.9871 (0.9024)  roc_auc: 0.9919 (0.9352)  f1_weighted: 0.8444 (0.7918)  time: 0.0178  data: 0.0024  max mem: 10551
Passive Test:  [  2180/?]  eta: ?  loss: 0.2273 (0.7479)  accuracy: 0.8906 (0.8649)  balanced_accuracy: 0.8600 (0.8492)  pr_auc: 0.9986 (0.9025)  roc_auc: 0.9990 (0.9352)  f1_weighted: 0.8372 (0.7916)  time: 0.0167  data: 0.0012  max mem: 10551
Passive Test:  [  2190/?]  eta: ?  loss: 0.2394 (0.7459)  accuracy: 0.8906 (0.8650)  balanced_accuracy: 0.8654 (0.8494)  pr_auc: 1.0000 (0.9028)  roc_auc: 1.0000 (0.9354)  f1_weighted: 0.8444 (0.7917)  time: 0.0170  data: 0.0017  max mem: 10551
Passive Test:  [  2200/?]  eta: ?  loss: 0.2394 (0.7442)  accuracy: 0.8906 (0.8648)  balanced_accuracy: 0.9144 (0.8495)  pr_auc: 1.0000 (0.9032)  roc_auc: 1.0000 (0.9357)  f1_weighted: 0.8387 (0.7915)  time: 0.0169  data: 0.0016  max mem: 10551
Passive Test:  [  2210/?]  eta: ?  loss: 0.2362 (0.7420)  accuracy: 0.9062 (0.8649)  balanced_accuracy: 0.9231 (0.8497)  pr_auc: 1.0000 (0.9035)  roc_auc: 1.0000 (0.9359)  f1_weighted: 0.8966 (0.7916)  time: 0.0173  data: 0.0020  max mem: 10551
Passive Test:  [  2220/?]  eta: ?  loss: 0.1768 (0.7405)  accuracy: 0.9062 (0.8647)  balanced_accuracy: 0.9160 (0.8498)  pr_auc: 1.0000 (0.9039)  roc_auc: 1.0000 (0.9361)  f1_weighted: 0.8889 (0.7915)  time: 0.0178  data: 0.0026  max mem: 10551
Passive Test:  [  2230/?]  eta: ?  loss: 0.3844 (0.7402)  accuracy: 0.8281 (0.8644)  balanced_accuracy: 0.9000 (0.8498)  pr_auc: 1.0000 (0.9041)  roc_auc: 1.0000 (0.9363)  f1_weighted: 0.8125 (0.7910)  time: 0.0172  data: 0.0019  max mem: 10551
Passive Test:  [  2240/?]  eta: ?  loss: 0.4772 (0.7420)  accuracy: 0.7656 (0.8640)  balanced_accuracy: 0.8333 (0.8498)  pr_auc: 1.0000 (0.9043)  roc_auc: 1.0000 (0.9364)  f1_weighted: 0.6047 (0.7907)  time: 0.0176  data: 0.0022  max mem: 10551
Passive Test:  [  2250/?]  eta: ?  loss: 1.2277 (0.7467)  accuracy: 0.7344 (0.8633)  balanced_accuracy: 0.8235 (0.8496)  pr_auc: 0.9993 (0.9043)  roc_auc: 0.9990 (0.9363)  f1_weighted: 0.6047 (0.7900)  time: 0.0178  data: 0.0022  max mem: 10551
Passive Test:  [  2260/?]  eta: ?  loss: 1.2959 (0.7537)  accuracy: 0.6875 (0.8625)  balanced_accuracy: 0.7692 (0.8494)  pr_auc: 0.9347 (0.9044)  roc_auc: 0.9759 (0.9360)  f1_weighted: 0.6341 (0.7894)  time: 0.0174  data: 0.0019  max mem: 10551
Passive Test:  [  2270/?]  eta: ?  loss: 1.3287 (0.7592)  accuracy: 0.6719 (0.8618)  balanced_accuracy: 0.7596 (0.8492)  pr_auc: 0.9379 (0.9043)  roc_auc: 0.9706 (0.9359)  f1_weighted: 0.6047 (0.7886)  time: 0.0182  data: 0.0027  max mem: 10551
Passive Test:  [  2280/?]  eta: ?  loss: 1.4408 (0.7680)  accuracy: 0.6094 (0.8607)  balanced_accuracy: 0.7549 (0.8482)  pr_auc: 0.7986 (0.9030)  roc_auc: 0.8325 (0.9350)  f1_weighted: 0.5098 (0.7874)  time: 0.0184  data: 0.0028  max mem: 10551
Passive Test:  [  2290/?]  eta: ?  loss: 1.2447 (0.7724)  accuracy: 0.6094 (0.8598)  balanced_accuracy: 0.6933 (0.8475)  pr_auc: 0.6838 (0.9025)  roc_auc: 0.8325 (0.9345)  f1_weighted: 0.5152 (0.7867)  time: 0.0178  data: 0.0023  max mem: 10551
Passive Test:  [  2300/?]  eta: ?  loss: 1.2447 (0.7791)  accuracy: 0.6094 (0.8589)  balanced_accuracy: 0.6113 (0.8466)  pr_auc: 0.6675 (0.9013)  roc_auc: 0.8145 (0.9335)  f1_weighted: 0.5283 (0.7857)  time: 0.0178  data: 0.0024  max mem: 10551
Passive Test:  [  2310/?]  eta: ?  loss: 1.5815 (0.7846)  accuracy: 0.6094 (0.8580)  balanced_accuracy: 0.5982 (0.8457)  pr_auc: 0.6739 (0.9003)  roc_auc: 0.5769 (0.9327)  f1_weighted: 0.6071 (0.7848)  time: 0.0172  data: 0.0015  max mem: 10551
Passive Test:  [  2320/?]  eta: ?  loss: 1.6851 (0.7913)  accuracy: 0.6719 (0.8573)  balanced_accuracy: 0.5982 (0.8451)  pr_auc: 0.6813 (0.8992)  roc_auc: 0.6048 (0.9319)  f1_weighted: 0.6182 (0.7841)  time: 0.0170  data: 0.0014  max mem: 10551
Passive Test:  [  2330/?]  eta: ?  loss: 1.3883 (0.7966)  accuracy: 0.6719 (0.8566)  balanced_accuracy: 0.6133 (0.8445)  pr_auc: 0.7015 (0.8984)  roc_auc: 0.7677 (0.9312)  f1_weighted: 0.6182 (0.7834)  time: 0.0182  data: 0.0029  max mem: 10551
Passive Test:  [  2340/?]  eta: ?  loss: 1.3883 (0.8031)  accuracy: 0.6562 (0.8559)  balanced_accuracy: 0.6349 (0.8439)  pr_auc: 0.7085 (0.8974)  roc_auc: 0.7519 (0.9305)  f1_weighted: 0.6486 (0.7829)  time: 0.0178  data: 0.0027  max mem: 10551
Passive Test:  [  2350/?]  eta: ?  loss: 1.3609 (0.8077)  accuracy: 0.6562 (0.8551)  balanced_accuracy: 0.6164 (0.8433)  pr_auc: 0.7134 (0.8968)  roc_auc: 0.7201 (0.9299)  f1_weighted: 0.6486 (0.7822)  time: 0.0169  data: 0.0017  max mem: 10551
Passive Test:  [  2360/?]  eta: ?  loss: 1.3432 (0.8133)  accuracy: 0.7344 (0.8545)  balanced_accuracy: 0.6164 (0.8428)  pr_auc: 0.7186 (0.8961)  roc_auc: 0.7201 (0.9294)  f1_weighted: 0.6486 (0.7817)  time: 0.0177  data: 0.0021  max mem: 10551
Passive Test:  [  2370/?]  eta: ?  loss: 1.3432 (0.8169)  accuracy: 0.7812 (0.8542)  balanced_accuracy: 0.7390 (0.8425)  pr_auc: 0.7382 (0.8953)  roc_auc: 0.8125 (0.9289)  f1_weighted: 0.6579 (0.7816)  time: 0.0181  data: 0.0018  max mem: 10551
Passive Test:  [  2380/?]  eta: ?  loss: 1.3084 (0.8187)  accuracy: 0.7969 (0.8538)  balanced_accuracy: 0.8318 (0.8423)  pr_auc: 0.7604 (0.8948)  roc_auc: 0.8303 (0.9284)  f1_weighted: 0.6667 (0.7814)  time: 0.0180  data: 0.0013  max mem: 10551
Passive Test:  [  2390/?]  eta: ?  loss: 1.4375 (0.8223)  accuracy: 0.7812 (0.8534)  balanced_accuracy: 0.8107 (0.8419)  pr_auc: 0.7547 (0.8938)  roc_auc: 0.7866 (0.9278)  f1_weighted: 0.6316 (0.7810)  time: 0.0178  data: 0.0012  max mem: 10551
Passive Test:  [  2400/?]  eta: ?  loss: 1.5533 (0.8244)  accuracy: 0.7031 (0.8530)  balanced_accuracy: 0.6711 (0.8416)  pr_auc: 0.7257 (0.8935)  roc_auc: 0.7480 (0.9273)  f1_weighted: 0.6216 (0.7808)  time: 0.0173  data: 0.0007  max mem: 10551
Passive Test:  [  2410/?]  eta: ?  loss: 0.3246 (0.8263)  accuracy: 0.7500 (0.8529)  balanced_accuracy: 0.7015 (0.8414)  pr_auc: 0.9049 (0.8933)  roc_auc: 0.7477 (0.9268)  f1_weighted: 0.6506 (0.7808)  time: 0.0176  data: 0.0011  max mem: 10551
Passive Test:  [  2420/?]  eta: ?  loss: 0.0158 (0.8276)  accuracy: 0.7500 (0.8526)  balanced_accuracy: 0.7015 (0.8411)  pr_auc: 0.9049 (0.8932)  roc_auc: 0.7477 (0.9262)  f1_weighted: 0.6667 (0.7809)  time: 0.0180  data: 0.0015  max mem: 10551
Passive Test:  [  2430/?]  eta: ?  loss: 0.0158 (0.8296)  accuracy: 0.7344 (0.8525)  balanced_accuracy: 0.6974 (0.8410)  pr_auc: 0.9006 (0.8930)  roc_auc: 0.7217 (0.9257)  f1_weighted: 0.6667 (0.7809)  time: 0.0179  data: 0.0015  max mem: 10551
Passive Test:  [  2440/?]  eta: ?  loss: 0.0010 (0.8337)  accuracy: 0.7344 (0.8522)  balanced_accuracy: 0.6974 (0.8408)  pr_auc: 0.9005 (0.8930)  roc_auc: 0.8360 (0.9252)  f1_weighted: 0.6667 (0.7809)  time: 0.0183  data: 0.0018  max mem: 10551
Passive Test:  [  2450/?]  eta: ?  loss: 0.0005 (0.8375)  accuracy: 0.7812 (0.8521)  balanced_accuracy: 0.7272 (0.8408)  pr_auc: 0.8643 (0.8929)  roc_auc: 0.8656 (0.9247)  f1_weighted: 0.6316 (0.7810)  time: 0.0181  data: 0.0015  max mem: 10551
Passive Test:  [  2460/?]  eta: ?  loss: 0.0496 (0.8422)  accuracy: 0.7812 (0.8518)  balanced_accuracy: 0.7272 (0.8405)  pr_auc: 0.8621 (0.8930)  roc_auc: 0.8674 (0.9241)  f1_weighted: 0.6341 (0.7810)  time: 0.0175  data: 0.0009  max mem: 10551
Passive Test:  [  2470/?]  eta: ?  loss: 0.0496 (0.8444)  accuracy: 0.7812 (0.8517)  balanced_accuracy: 0.7368 (0.8404)  pr_auc: 0.8997 (0.8931)  roc_auc: 0.8674 (0.9239)  f1_weighted: 0.6500 (0.7812)  time: 0.0175  data: 0.0009  max mem: 10551
Passive Test:  [  2480/?]  eta: ?  loss: 0.1015 (0.8481)  accuracy: 0.8125 (0.8515)  balanced_accuracy: 0.7368 (0.8400)  pr_auc: 0.8844 (0.8929)  roc_auc: 0.8664 (0.9231)  f1_weighted: 0.6947 (0.7811)  time: 0.0165  data: 0.0007  max mem: 10551
Passive Test:  [  2490/?]  eta: ?  loss: 0.1139 (0.8493)  accuracy: 0.9219 (0.8516)  balanced_accuracy: 0.8462 (0.8398)  pr_auc: 0.9427 (0.8931)  roc_auc: 0.9550 (0.9229)  f1_weighted: 0.8182 (0.7813)  time: 0.0171  data: 0.0019  max mem: 10551
Passive Test:  [  2500/?]  eta: ?  loss: 0.1317 (0.8528)  accuracy: 0.9062 (0.8514)  balanced_accuracy: 0.8462 (0.8394)  pr_auc: 0.9704 (0.8932)  roc_auc: 0.9787 (0.9224)  f1_weighted: 0.8182 (0.7812)  time: 0.0184  data: 0.0032  max mem: 10551
Passive Test:  [  2510/?]  eta: ?  loss: 0.2485 (0.8538)  accuracy: 0.9062 (0.8514)  balanced_accuracy: 0.8715 (0.8393)  pr_auc: 0.9903 (0.8934)  roc_auc: 0.9877 (0.9223)  f1_weighted: 0.8511 (0.7815)  time: 0.0176  data: 0.0023  max mem: 10551
Passive Test:  [  2520/?]  eta: ?  loss: 0.2554 (0.8570)  accuracy: 0.9062 (0.8513)  balanced_accuracy: 0.8654 (0.8390)  pr_auc: 0.9917 (0.8935)  roc_auc: 0.9877 (0.9219)  f1_weighted: 0.8444 (0.7816)  time: 0.0174  data: 0.0020  max mem: 10551
Passive Test:  [  2530/?]  eta: ?  loss: 0.3535 (0.8592)  accuracy: 0.8906 (0.8512)  balanced_accuracy: 0.8553 (0.8388)  pr_auc: 0.9903 (0.8935)  roc_auc: 0.9868 (0.9217)  f1_weighted: 0.8308 (0.7817)  time: 0.0175  data: 0.0022  max mem: 10551
Passive Test:  [  2540/?]  eta: ?  loss: 0.3736 (0.8624)  accuracy: 0.8594 (0.8510)  balanced_accuracy: 0.8553 (0.8386)  pr_auc: 0.9865 (0.8933)  roc_auc: 0.9798 (0.9214)  f1_weighted: 0.8308 (0.7816)  time: 0.0171  data: 0.0015  max mem: 10551
Passive Test:  [  2550/?]  eta: ?  loss: 0.4453 (0.8622)  accuracy: 0.8438 (0.8509)  balanced_accuracy: 0.8553 (0.8385)  pr_auc: 0.9795 (0.8932)  roc_auc: 0.9666 (0.9213)  f1_weighted: 0.8308 (0.7818)  time: 0.0169  data: 0.0013  max mem: 10551
Passive Test:  [  2560/?]  eta: ?  loss: 0.7080 (0.8626)  accuracy: 0.7969 (0.8508)  balanced_accuracy: 0.7783 (0.8384)  pr_auc: 0.9202 (0.8929)  roc_auc: 0.8841 (0.9212)  f1_weighted: 0.7895 (0.7819)  time: 0.0177  data: 0.0024  max mem: 10551
Passive Test:  [  2570/?]  eta: ?  loss: 0.8818 (0.8636)  accuracy: 0.7969 (0.8505)  balanced_accuracy: 0.7662 (0.8382)  pr_auc: 0.9054 (0.8927)  roc_auc: 0.8765 (0.9210)  f1_weighted: 0.7895 (0.7818)  time: 0.0184  data: 0.0031  max mem: 10551
Passive Test:  [  2580/?]  eta: ?  loss: 0.7619 (0.8639)  accuracy: 0.8125 (0.8503)  balanced_accuracy: 0.7446 (0.8380)  pr_auc: 0.8930 (0.8926)  roc_auc: 0.8723 (0.9210)  f1_weighted: 0.7895 (0.7818)  time: 0.0178  data: 0.0025  max mem: 10551
Passive Test:  [  2590/?]  eta: ?  loss: 0.7300 (0.8634)  accuracy: 0.8125 (0.8502)  balanced_accuracy: 0.7831 (0.8379)  pr_auc: 0.8834 (0.8927)  roc_auc: 0.8730 (0.9209)  f1_weighted: 0.8000 (0.7819)  time: 0.0173  data: 0.0021  max mem: 10551
Passive Test:  [  2600/?]  eta: ?  loss: 0.8001 (0.8630)  accuracy: 0.8281 (0.8501)  balanced_accuracy: 0.7986 (0.8379)  pr_auc: 0.8834 (0.8928)  roc_auc: 0.9033 (0.9210)  f1_weighted: 0.7937 (0.7820)  time: 0.0176  data: 0.0023  max mem: 10551
Passive Test:  [  2610/?]  eta: ?  loss: 0.7142 (0.8618)  accuracy: 0.8438 (0.8500)  balanced_accuracy: 0.8575 (0.8380)  pr_auc: 0.9789 (0.8931)  roc_auc: 0.9877 (0.9212)  f1_weighted: 0.7937 (0.7821)  time: 0.0183  data: 0.0026  max mem: 10551
Passive Test:  [  2620/?]  eta: ?  loss: 0.4096 (0.8601)  accuracy: 0.8750 (0.8502)  balanced_accuracy: 0.9103 (0.8384)  pr_auc: 0.9961 (0.8934)  roc_auc: 0.9938 (0.9215)  f1_weighted: 0.8387 (0.7824)  time: 0.0200  data: 0.0036  max mem: 10551
Passive Test:  [  2630/?]  eta: ?  loss: 0.3380 (0.8582)  accuracy: 0.8750 (0.8504)  balanced_accuracy: 0.9231 (0.8388)  pr_auc: 1.0000 (0.8938)  roc_auc: 1.0000 (0.9219)  f1_weighted: 0.8824 (0.7828)  time: 0.0196  data: 0.0032  max mem: 10551
Passive Test:  [  2640/?]  eta: ?  loss: 0.3059 (0.8566)  accuracy: 0.8906 (0.8506)  balanced_accuracy: 0.9231 (0.8392)  pr_auc: 1.0000 (0.8940)  roc_auc: 1.0000 (0.9221)  f1_weighted: 0.8824 (0.7832)  time: 0.0181  data: 0.0016  max mem: 10551
Passive Test:  [  2650/?]  eta: ?  loss: 0.2602 (0.8551)  accuracy: 0.9062 (0.8507)  balanced_accuracy: 0.9211 (0.8394)  pr_auc: 1.0000 (0.8944)  roc_auc: 1.0000 (0.9223)  f1_weighted: 0.8824 (0.7835)  time: 0.0183  data: 0.0018  max mem: 10551
Passive Test:  [  2660/?]  eta: ?  loss: 0.1467 (0.8528)  accuracy: 0.9375 (0.8510)  balanced_accuracy: 0.9487 (0.8398)  pr_auc: 1.0000 (0.8948)  roc_auc: 1.0000 (0.9226)  f1_weighted: 0.8889 (0.7839)  time: 0.0185  data: 0.0020  max mem: 10551
Passive Test:  [  2670/?]  eta: ?  loss: 0.2033 (0.8512)  accuracy: 0.9062 (0.8509)  balanced_accuracy: 0.9216 (0.8397)  pr_auc: 1.0000 (0.8951)  roc_auc: 1.0000 (0.9229)  f1_weighted: 0.8000 (0.7837)  time: 0.0180  data: 0.0015  max mem: 10551
Passive Test:  [  2680/?]  eta: ?  loss: 0.2250 (0.8492)  accuracy: 0.7969 (0.8511)  balanced_accuracy: 0.8333 (0.8399)  pr_auc: 1.0000 (0.8954)  roc_auc: 1.0000 (0.9231)  f1_weighted: 0.8000 (0.7838)  time: 0.0179  data: 0.0013  max mem: 10551
Passive Test:  [  2690/?]  eta: ?  loss: 0.1656 (0.8475)  accuracy: 0.8125 (0.8511)  balanced_accuracy: 0.8415 (0.8400)  pr_auc: 1.0000 (0.8957)  roc_auc: 1.0000 (0.9233)  f1_weighted: 0.8000 (0.7839)  time: 0.0178  data: 0.0013  max mem: 10551
Passive Test:  [  2700/?]  eta: ?  loss: 0.1030 (0.8448)  accuracy: 0.9219 (0.8514)  balanced_accuracy: 0.9160 (0.8405)  pr_auc: 1.0000 (0.8961)  roc_auc: 1.0000 (0.9236)  f1_weighted: 0.8966 (0.7844)  time: 0.0178  data: 0.0010  max mem: 10551
Passive Test:  [  2710/?]  eta: ?  loss: 0.0749 (0.8421)  accuracy: 0.9531 (0.8517)  balanced_accuracy: 0.9608 (0.8409)  pr_auc: 1.0000 (0.8965)  roc_auc: 1.0000 (0.9239)  f1_weighted: 0.9412 (0.7847)  time: 0.0181  data: 0.0013  max mem: 10551
Passive Test:  [  2720/?]  eta: ?  loss: 0.0749 (0.8395)  accuracy: 0.9531 (0.8519)  balanced_accuracy: 0.9608 (0.8413)  pr_auc: 1.0000 (0.8969)  roc_auc: 1.0000 (0.9242)  f1_weighted: 0.9167 (0.7851)  time: 0.0181  data: 0.0009  max mem: 10551
Passive Test:  [  2730/?]  eta: ?  loss: 0.0959 (0.8370)  accuracy: 0.9688 (0.8522)  balanced_accuracy: 0.9672 (0.8417)  pr_auc: 1.0000 (0.8973)  roc_auc: 1.0000 (0.9245)  f1_weighted: 0.9167 (0.7853)  time: 0.0179  data: 0.0004  max mem: 10551
Passive Test:  [  2740/?]  eta: ?  loss: 0.0966 (0.8346)  accuracy: 0.9688 (0.8524)  balanced_accuracy: 0.9672 (0.8420)  pr_auc: 1.0000 (0.8976)  roc_auc: 1.0000 (0.9248)  f1_weighted: 0.9286 (0.7857)  time: 0.0179  data: 0.0007  max mem: 10551
Passive Test:  [  2750/?]  eta: ?  loss: 0.0175 (0.8320)  accuracy: 0.9844 (0.8527)  balanced_accuracy: 0.9904 (0.8425)  pr_auc: 1.0000 (0.8980)  roc_auc: 1.0000 (0.9251)  f1_weighted: 0.9804 (0.7861)  time: 0.0178  data: 0.0008  max mem: 10551
Passive Test:  [  2760/?]  eta: ?  loss: 0.0360 (0.8297)  accuracy: 0.9844 (0.8529)  balanced_accuracy: 0.9868 (0.8428)  pr_auc: 1.0000 (0.8982)  roc_auc: 1.0000 (0.9253)  f1_weighted: 0.9615 (0.7863)  time: 0.0181  data: 0.0011  max mem: 10551
Passive Test:  [  2770/?]  eta: ?  loss: 0.0734 (0.8272)  accuracy: 0.9688 (0.8533)  balanced_accuracy: 0.9744 (0.8433)  pr_auc: 1.0000 (0.8983)  roc_auc: 1.0000 (0.9256)  f1_weighted: 0.9615 (0.7869)  time: 0.0179  data: 0.0009  max mem: 10551
Passive Test:  [  2780/?]  eta: ?  loss: 0.0221 (0.8256)  accuracy: 1.0000 (0.8536)  balanced_accuracy: 1.0000 (0.8435)  pr_auc: 1.0000 (0.8980)  roc_auc: 1.0000 (0.9256)  f1_weighted: 1.0000 (0.7870)  time: 0.0174  data: 0.0007  max mem: 10551
Passive Test:  [  2790/?]  eta: ?  loss: 0.0120 (0.8238)  accuracy: 1.0000 (0.8538)  balanced_accuracy: 1.0000 (0.8437)  pr_auc: 1.0000 (0.8980)  roc_auc: 1.0000 (0.9258)  f1_weighted: 1.0000 (0.7872)  time: 0.0186  data: 0.0019  max mem: 10551
Passive Test:  [  2800/?]  eta: ?  loss: 0.0327 (0.8228)  accuracy: 0.9375 (0.8540)  balanced_accuracy: 0.9510 (0.8436)  pr_auc: 1.0000 (0.8977)  roc_auc: 1.0000 (0.9258)  f1_weighted: 0.9286 (0.7869)  time: 0.0188  data: 0.0020  max mem: 10551
Passive Test:  [  2810/?]  eta: ?  loss: 0.2214 (0.8211)  accuracy: 0.9219 (0.8542)  balanced_accuracy: 0.9423 (0.8439)  pr_auc: 0.9936 (0.8979)  roc_auc: 0.9984 (0.9260)  f1_weighted: 0.8444 (0.7872)  time: 0.0177  data: 0.0008  max mem: 10551
Passive Test:  [  2820/?]  eta: ?  loss: 0.2290 (0.8193)  accuracy: 0.9062 (0.8544)  balanced_accuracy: 0.9412 (0.8443)  pr_auc: 0.9727 (0.8981)  roc_auc: 0.9910 (0.9263)  f1_weighted: 0.8387 (0.7874)  time: 0.0171  data: 0.0003  max mem: 10551
Passive Test:  [  2830/?]  eta: ?  loss: 0.1493 (0.8171)  accuracy: 0.9219 (0.8547)  balanced_accuracy: 0.9327 (0.8446)  pr_auc: 0.9856 (0.8984)  roc_auc: 0.9955 (0.9265)  f1_weighted: 0.8889 (0.7878)  time: 0.0171  data: 0.0003  max mem: 10551
Passive Test:  [  2840/?]  eta: ?  loss: 0.1881 (0.8150)  accuracy: 0.9375 (0.8549)  balanced_accuracy: 0.9291 (0.8449)  pr_auc: 0.9886 (0.8988)  roc_auc: 0.9970 (0.9267)  f1_weighted: 0.8889 (0.7882)  time: 0.0173  data: 0.0005  max mem: 10551
Passive Test:  [  2850/?]  eta: ?  loss: 0.1598 (0.8127)  accuracy: 0.9375 (0.8553)  balanced_accuracy: 0.9412 (0.8453)  pr_auc: 1.0000 (0.8991)  roc_auc: 1.0000 (0.9270)  f1_weighted: 0.8966 (0.7887)  time: 0.0175  data: 0.0008  max mem: 10551
Passive Test:  [  2860/?]  eta: ?  loss: 0.1075 (0.8105)  accuracy: 0.9531 (0.8556)  balanced_accuracy: 0.9615 (0.8457)  pr_auc: 1.0000 (0.8994)  roc_auc: 1.0000 (0.9272)  f1_weighted: 0.9434 (0.7892)  time: 0.0177  data: 0.0011  max mem: 10551
Passive Test:  [  2870/?]  eta: ?  loss: 0.0855 (0.8084)  accuracy: 0.9688 (0.8559)  balanced_accuracy: 0.9583 (0.8460)  pr_auc: 1.0000 (0.8997)  roc_auc: 1.0000 (0.9275)  f1_weighted: 0.9565 (0.7896)  time: 0.0178  data: 0.0012  max mem: 10551
Passive Test:  [  2880/?]  eta: ?  loss: 0.0975 (0.8061)  accuracy: 0.9375 (0.8563)  balanced_accuracy: 0.9487 (0.8463)  pr_auc: 0.9986 (0.9000)  roc_auc: 0.9990 (0.9277)  f1_weighted: 0.9259 (0.7901)  time: 0.0170  data: 0.0004  max mem: 10551
Passive Test:  [  2890/?]  eta: ?  loss: 0.2050 (0.8045)  accuracy: 0.9375 (0.8564)  balanced_accuracy: 0.9200 (0.8465)  pr_auc: 0.9923 (0.9003)  roc_auc: 0.9949 (0.9280)  f1_weighted: 0.9123 (0.7904)  time: 0.0172  data: 0.0004  max mem: 10551
Passive Test:  [  2900/?]  eta: ?  loss: 0.2114 (0.8031)  accuracy: 0.9375 (0.8566)  balanced_accuracy: 0.9167 (0.8466)  pr_auc: 0.9871 (0.9006)  roc_auc: 0.9938 (0.9282)  f1_weighted: 0.8966 (0.7907)  time: 0.0173  data: 0.0004  max mem: 10551
Passive Test:  [  2910/?]  eta: ?  loss: 0.1457 (0.8011)  accuracy: 0.9375 (0.8569)  balanced_accuracy: 0.9231 (0.8469)  pr_auc: 0.9940 (0.9010)  roc_auc: 0.9970 (0.9285)  f1_weighted: 0.9123 (0.7910)  time: 0.0169  data: 0.0001  max mem: 10551
Passive Test:  [  2920/?]  eta: ?  loss: 0.0979 (0.7987)  accuracy: 0.9531 (0.8573)  balanced_accuracy: 0.9400 (0.8473)  pr_auc: 1.0000 (0.9014)  roc_auc: 1.0000 (0.9287)  f1_weighted: 0.9259 (0.7916)  time: 0.0168  data: 0.0001  max mem: 10551
Passive Test:  [  2930/?]  eta: ?  loss: 0.1514 (0.7969)  accuracy: 0.9375 (0.8575)  balanced_accuracy: 0.9342 (0.8474)  pr_auc: 1.0000 (0.9017)  roc_auc: 1.0000 (0.9290)  f1_weighted: 0.9123 (0.7917)  time: 0.0167  data: 0.0001  max mem: 10551
Passive Test:  [  2940/?]  eta: ?  loss: 0.1565 (0.7946)  accuracy: 0.9375 (0.8578)  balanced_accuracy: 0.9413 (0.8477)  pr_auc: 0.9973 (0.9020)  roc_auc: 0.9980 (0.9293)  f1_weighted: 0.9259 (0.7922)  time: 0.0179  data: 0.0015  max mem: 10551
Passive Test:  [  2950/?]  eta: ?  loss: 0.1565 (0.7928)  accuracy: 0.9375 (0.8581)  balanced_accuracy: 0.9400 (0.8478)  pr_auc: 0.9970 (0.9023)  roc_auc: 0.9980 (0.9295)  f1_weighted: 0.9259 (0.7924)  time: 0.0181  data: 0.0015  max mem: 10551
Passive Test:  [  2960/?]  eta: ?  loss: 0.1724 (0.7909)  accuracy: 0.9375 (0.8583)  balanced_accuracy: 0.9031 (0.8481)  pr_auc: 1.0000 (0.9026)  roc_auc: 1.0000 (0.9296)  f1_weighted: 0.8727 (0.7928)  time: 0.0169  data: 0.0001  max mem: 10551
Passive Test:  [  2970/?]  eta: ?  loss: 0.0666 (0.7888)  accuracy: 0.9531 (0.8586)  balanced_accuracy: 0.9291 (0.8483)  pr_auc: 1.0000 (0.9029)  roc_auc: 1.0000 (0.9299)  f1_weighted: 0.9200 (0.7931)  time: 0.0172  data: 0.0005  max mem: 10551
Passive Test:  [  2980/?]  eta: ?  loss: 0.0802 (0.7866)  accuracy: 0.9531 (0.8590)  balanced_accuracy: 0.9423 (0.8486)  pr_auc: 1.0000 (0.9033)  roc_auc: 1.0000 (0.9301)  f1_weighted: 0.9388 (0.7937)  time: 0.0175  data: 0.0008  max mem: 10551
Passive Test:  [  2990/?]  eta: ?  loss: 0.0828 (0.7847)  accuracy: 0.9531 (0.8592)  balanced_accuracy: 0.9423 (0.8488)  pr_auc: 1.0000 (0.9036)  roc_auc: 1.0000 (0.9304)  f1_weighted: 0.9388 (0.7940)  time: 0.0172  data: 0.0004  max mem: 10551
Passive Test:  [  3000/?]  eta: ?  loss: 0.1010 (0.7838)  accuracy: 0.9531 (0.8594)  balanced_accuracy: 0.9400 (0.8491)  pr_auc: 1.0000 (0.9034)  roc_auc: 1.0000 (0.9305)  f1_weighted: 0.9362 (0.7942)  time: 0.0172  data: 0.0004  max mem: 10551
Passive Test:  [  3010/?]  eta: ?  loss: 0.1168 (0.7844)  accuracy: 0.9375 (0.8595)  balanced_accuracy: 0.9231 (0.8490)  pr_auc: 0.9986 (0.9030)  roc_auc: 0.9990 (0.9304)  f1_weighted: 0.9167 (0.7940)  time: 0.0174  data: 0.0006  max mem: 10551
Passive Test:  [  3020/?]  eta: ?  loss: 0.1200 (0.7837)  accuracy: 0.9531 (0.8596)  balanced_accuracy: 0.9423 (0.8492)  pr_auc: 1.0000 (0.9029)  roc_auc: 1.0000 (0.9305)  f1_weighted: 0.9388 (0.7942)  time: 0.0170  data: 0.0002  max mem: 10551
Passive Test:  [  3030/?]  eta: ?  loss: 0.1273 (0.7834)  accuracy: 0.9531 (0.8598)  balanced_accuracy: 0.9423 (0.8493)  pr_auc: 1.0000 (0.9025)  roc_auc: 1.0000 (0.9305)  f1_weighted: 0.9388 (0.7944)  time: 0.0170  data: 0.0003  max mem: 10551
Passive Test:  [  3040/?]  eta: ?  loss: 0.1273 (0.7828)  accuracy: 0.9219 (0.8600)  balanced_accuracy: 0.9038 (0.8496)  pr_auc: 1.0000 (0.9024)  roc_auc: 1.0000 (0.9306)  f1_weighted: 0.8936 (0.7946)  time: 0.0170  data: 0.0003  max mem: 10551
Passive Test:  [  3050/?]  eta: ?  loss: 0.0552 (0.7832)  accuracy: 0.9688 (0.8602)  balanced_accuracy: 0.9600 (0.8499)  pr_auc: 1.0000 (0.9020)  roc_auc: 1.0000 (0.9306)  f1_weighted: 0.9583 (0.7949)  time: 0.0171  data: 0.0005  max mem: 10551
Passive Test:  [  3060/?]  eta: ?  loss: 0.0416 (0.7828)  accuracy: 0.9688 (0.8604)  balanced_accuracy: 0.9615 (0.8501)  pr_auc: 1.0000 (0.9019)  roc_auc: 1.0000 (0.9306)  f1_weighted: 0.9600 (0.7952)  time: 0.0179  data: 0.0013  max mem: 10551
Passive Test:  [  3070/?]  eta: ?  loss: 0.0688 (0.7832)  accuracy: 0.9688 (0.8605)  balanced_accuracy: 0.9423 (0.8503)  pr_auc: 1.0000 (0.9015)  roc_auc: 1.0000 (0.9306)  f1_weighted: 0.9388 (0.7953)  time: 0.0175  data: 0.0009  max mem: 10551
Passive Test:  [  3080/?]  eta: ?  loss: 0.0493 (0.7828)  accuracy: 0.9688 (0.8608)  balanced_accuracy: 0.9400 (0.8506)  pr_auc: 1.0000 (0.9015)  roc_auc: 1.0000 (0.9308)  f1_weighted: 0.9362 (0.7957)  time: 0.0168  data: 0.0001  max mem: 10551
Passive Test:  [  3090/?]  eta: ?  loss: 0.0450 (0.7832)  accuracy: 0.9688 (0.8610)  balanced_accuracy: 0.9615 (0.8509)  pr_auc: 0.9986 (0.9013)  roc_auc: 0.9990 (0.9309)  f1_weighted: 0.9600 (0.7959)  time: 0.0168  data: 0.0001  max mem: 10551
Passive Test:  [  3100/?]  eta: ?  loss: 0.1458 (0.7828)  accuracy: 0.9219 (0.8611)  balanced_accuracy: 0.9413 (0.8512)  pr_auc: 0.9956 (0.9012)  roc_auc: 0.9985 (0.9310)  f1_weighted: 0.8936 (0.7961)  time: 0.0169  data: 0.0002  max mem: 10551
Passive Test:  [  3110/?]  eta: ?  loss: 0.1458 (0.7831)  accuracy: 0.9219 (0.8613)  balanced_accuracy: 0.9412 (0.8515)  pr_auc: 0.9985 (0.9010)  roc_auc: 0.9990 (0.9311)  f1_weighted: 0.8387 (0.7962)  time: 0.0169  data: 0.0002  max mem: 10551
Passive Test:  [  3120/?]  eta: ?  loss: 0.1816 (0.7828)  accuracy: 0.9062 (0.8614)  balanced_accuracy: 0.9099 (0.8516)  pr_auc: 0.9897 (0.9009)  roc_auc: 0.9960 (0.9312)  f1_weighted: 0.7647 (0.7962)  time: 0.0168  data: 0.0001  max mem: 10551
Passive Test:  [  3130/?]  eta: ?  loss: 0.2592 (0.7834)  accuracy: 0.9062 (0.8615)  balanced_accuracy: 0.8907 (0.8518)  pr_auc: 0.9788 (0.9006)  roc_auc: 0.9936 (0.9312)  f1_weighted: 0.7647 (0.7962)  time: 0.0168  data: 0.0001  max mem: 10551
Passive Test:  [  3140/?]  eta: ?  loss: 0.1865 (0.7830)  accuracy: 0.9062 (0.8617)  balanced_accuracy: 0.8974 (0.8521)  pr_auc: 0.9788 (0.9005)  roc_auc: 0.9940 (0.9313)  f1_weighted: 0.8696 (0.7965)  time: 0.0168  data: 0.0001  max mem: 10551
Passive Test:  [  3150/?]  eta: ?  loss: 0.1823 (0.7834)  accuracy: 0.9219 (0.8618)  balanced_accuracy: 0.8974 (0.8523)  pr_auc: 0.9945 (0.9001)  roc_auc: 0.9985 (0.9314)  f1_weighted: 0.8857 (0.7966)  time: 0.0168  data: 0.0001  max mem: 10551
Passive Test:  [  3160/?]  eta: ?  loss: 0.2688 (0.7828)  accuracy: 0.9062 (0.8619)  balanced_accuracy: 0.8824 (0.8525)  pr_auc: 0.9286 (0.9001)  roc_auc: 0.9744 (0.9315)  f1_weighted: 0.8254 (0.7969)  time: 0.0168  data: 0.0001  max mem: 10551
Passive Test:  [  3170/?]  eta: ?  loss: 0.0738 (0.7823)  accuracy: 0.8281 (0.8621)  balanced_accuracy: 0.8824 (0.8528)  pr_auc: 0.9630 (0.8999)  roc_auc: 0.9868 (0.9316)  f1_weighted: 0.8254 (0.7971)  time: 0.0170  data: 0.0004  max mem: 10551
Passive Test:  [  3180/?]  eta: ?  loss: 0.2134 (0.7818)  accuracy: 0.8594 (0.8622)  balanced_accuracy: 0.8846 (0.8530)  pr_auc: 0.9630 (0.8999)  roc_auc: 0.9872 (0.9317)  f1_weighted: 0.8475 (0.7973)  time: 0.0171  data: 0.0004  max mem: 10551
Passive Test:  [  3190/?]  eta: ?  loss: 0.2451 (0.7811)  accuracy: 0.9062 (0.8623)  balanced_accuracy: 0.8922 (0.8533)  pr_auc: 0.9880 (0.8998)  roc_auc: 0.9918 (0.9319)  f1_weighted: 0.8696 (0.7976)  time: 0.0169  data: 0.0001  max mem: 10551
Passive Test:  [  3200/?]  eta: ?  loss: 0.3474 (0.7802)  accuracy: 0.9062 (0.8624)  balanced_accuracy: 0.9062 (0.8535)  pr_auc: 0.9958 (0.8999)  roc_auc: 0.9970 (0.9320)  f1_weighted: 0.8889 (0.7978)  time: 0.0168  data: 0.0001  max mem: 10551
Passive Test:  [  3210/?]  eta: ?  loss: 0.1299 (0.7786)  accuracy: 0.9219 (0.8627)  balanced_accuracy: 0.9079 (0.8536)  pr_auc: 1.0000 (0.9000)  roc_auc: 1.0000 (0.9322)  f1_weighted: 0.8889 (0.7979)  time: 0.0169  data: 0.0001  max mem: 10551
Passive Test:  [  3220/?]  eta: ?  loss: 0.0158 (0.7767)  accuracy: 0.9844 (0.8630)  balanced_accuracy: 0.9231 (0.8538)  pr_auc: 1.0000 (0.9003)  roc_auc: 1.0000 (0.9324)  f1_weighted: 0.9383 (0.7982)  time: 0.0167  data: 0.0001  max mem: 10551
Passive Test:  [  3230/?]  eta: ?  loss: 0.0235 (0.7750)  accuracy: 0.9844 (0.8632)  balanced_accuracy: 0.9103 (0.8538)  pr_auc: 1.0000 (0.9004)  roc_auc: 1.0000 (0.9325)  f1_weighted: 0.9286 (0.7983)  time: 0.0159  data: 0.0001  max mem: 10551
Passive Test:  [  3240/?]  eta: ?  loss: 0.0235 (0.7730)  accuracy: 0.9844 (0.8635)  balanced_accuracy: 0.9231 (0.8541)  pr_auc: 1.0000 (0.9006)  roc_auc: 1.0000 (0.9327)  f1_weighted: 0.9383 (0.7987)  time: 0.0157  data: 0.0003  max mem: 10551
Passive Test:  [  3250/?]  eta: ?  loss: 0.0184 (0.7712)  accuracy: 0.9844 (0.8638)  balanced_accuracy: 0.8846 (0.8541)  pr_auc: 1.0000 (0.9008)  roc_auc: 1.0000 (0.9328)  f1_weighted: 0.9286 (0.7989)  time: 0.0160  data: 0.0006  max mem: 10551
Passive Test:  [  3260/?]  eta: ?  loss: 0.0170 (0.7693)  accuracy: 0.9844 (0.8640)  balanced_accuracy: 0.8654 (0.8542)  pr_auc: 1.0000 (0.9011)  roc_auc: 1.0000 (0.9329)  f1_weighted: 0.9157 (0.7991)  time: 0.0169  data: 0.0017  max mem: 10551
Passive Test:  [  3270/?]  eta: ?  loss: 0.0179 (0.7673)  accuracy: 0.9844 (0.8643)  balanced_accuracy: 0.8654 (0.8543)  pr_auc: 1.0000 (0.9013)  roc_auc: 1.0000 (0.9331)  f1_weighted: 0.9176 (0.7992)  time: 0.0173  data: 0.0020  max mem: 10551
Passive Test:  [  3280/?]  eta: ?  loss: 0.0443 (0.7661)  accuracy: 0.9531 (0.8646)  balanced_accuracy: 0.9038 (0.8543)  pr_auc: 1.0000 (0.9015)  roc_auc: 1.0000 (0.9331)  f1_weighted: 0.9383 (0.7995)  time: 0.0172  data: 0.0019  max mem: 10551
Passive Test:  [  3290/?]  eta: ?  loss: 0.0443 (0.7655)  accuracy: 0.9531 (0.8648)  balanced_accuracy: 0.8800 (0.8543)  pr_auc: 1.0000 (0.9015)  roc_auc: 1.0000 (0.9331)  f1_weighted: 0.9286 (0.7996)  time: 0.0172  data: 0.0018  max mem: 10551
Passive Test:  [  3300/?]  eta: ?  loss: 0.0418 (0.7658)  accuracy: 0.9688 (0.8649)  balanced_accuracy: 0.8462 (0.8543)  pr_auc: 1.0000 (0.9015)  roc_auc: 1.0000 (0.9330)  f1_weighted: 0.8571 (0.7998)  time: 0.0178  data: 0.0024  max mem: 10551
Passive Test:  [  3310/?]  eta: ?  loss: 0.0479 (0.7651)  accuracy: 0.9688 (0.8651)  balanced_accuracy: 0.8333 (0.8543)  pr_auc: 1.0000 (0.9016)  roc_auc: 1.0000 (0.9330)  f1_weighted: 0.8571 (0.8001)  time: 0.0178  data: 0.0024  max mem: 10551
Passive Test:  [  3320/?]  eta: ?  loss: 0.0706 (0.7654)  accuracy: 0.9531 (0.8652)  balanced_accuracy: 0.8846 (0.8543)  pr_auc: 1.0000 (0.9016)  roc_auc: 1.0000 (0.9329)  f1_weighted: 0.8696 (0.8003)  time: 0.0169  data: 0.0015  max mem: 10551
Passive Test:  [  3330/?]  eta: ?  loss: 0.2072 (0.7654)  accuracy: 0.8906 (0.8652)  balanced_accuracy: 0.8333 (0.8540)  pr_auc: 1.0000 (0.9012)  roc_auc: 1.0000 (0.9328)  f1_weighted: 0.8298 (0.8001)  time: 0.0169  data: 0.0011  max mem: 10551
Passive Test:  [  3340/?]  eta: ?  loss: 0.3015 (0.7675)  accuracy: 0.8281 (0.8650)  balanced_accuracy: 0.7800 (0.8536)  pr_auc: 1.0000 (0.9009)  roc_auc: 1.0000 (0.9327)  f1_weighted: 0.7959 (0.7998)  time: 0.0168  data: 0.0004  max mem: 10551
Passive Test:  [  3350/?]  eta: ?  loss: 0.4947 (0.7702)  accuracy: 0.7812 (0.8647)  balanced_accuracy: 0.6335 (0.8531)  pr_auc: 0.7612 (0.9004)  roc_auc: 0.8748 (0.9324)  f1_weighted: 0.7600 (0.7993)  time: 0.0168  data: 0.0001  max mem: 10551
Passive Test:  [  3360/?]  eta: ?  loss: 0.1889 (0.7723)  accuracy: 0.7031 (0.8646)  balanced_accuracy: 0.6346 (0.8527)  pr_auc: 0.7755 (0.9000)  roc_auc: 0.7885 (0.9322)  f1_weighted: 0.8000 (0.7991)  time: 0.0168  data: 0.0001  max mem: 10551
Passive Test:  [  3370/?]  eta: ?  loss: 0.1889 (0.7745)  accuracy: 0.7656 (0.8644)  balanced_accuracy: 0.7956 (0.8524)  pr_auc: 0.8636 (0.8995)  roc_auc: 0.8846 (0.9321)  f1_weighted: 0.8000 (0.7988)  time: 0.0168  data: 0.0001  max mem: 10551
Passive Test:  [  3380/?]  eta: ?  loss: 0.1579 (0.7759)  accuracy: 0.7656 (0.8643)  balanced_accuracy: 0.7956 (0.8522)  pr_auc: 0.8636 (0.8992)  roc_auc: 0.8846 (0.9320)  f1_weighted: 0.7723 (0.7987)  time: 0.0169  data: 0.0001  max mem: 10551
Passive Test:  [  3390/?]  eta: ?  loss: 0.4346 (0.7774)  accuracy: 0.7969 (0.8642)  balanced_accuracy: 0.7572 (0.8521)  pr_auc: 0.7666 (0.8985)  roc_auc: 0.8947 (0.9319)  f1_weighted: 0.7143 (0.7985)  time: 0.0169  data: 0.0001  max mem: 10551
Passive Test:  [  3400/?]  eta: ?  loss: 0.4346 (0.7786)  accuracy: 0.7969 (0.8641)  balanced_accuracy: 0.8341 (0.8521)  pr_auc: 0.7350 (0.8980)  roc_auc: 0.8968 (0.9318)  f1_weighted: 0.6667 (0.7985)  time: 0.0168  data: 0.0001  max mem: 10551
Passive Test:  [  3410/?]  eta: ?  loss: 0.2121 (0.7800)  accuracy: 0.7812 (0.8639)  balanced_accuracy: 0.8341 (0.8519)  pr_auc: 0.7790 (0.8975)  roc_auc: 0.9013 (0.9317)  f1_weighted: 0.6753 (0.7983)  time: 0.0168  data: 0.0001  max mem: 10551
Passive Test:  [  3420/?]  eta: ?  loss: 0.4066 (0.7813)  accuracy: 0.7812 (0.8638)  balanced_accuracy: 0.7956 (0.8518)  pr_auc: 0.7790 (0.8971)  roc_auc: 0.9013 (0.9316)  f1_weighted: 0.6842 (0.7981)  time: 0.0168  data: 0.0001  max mem: 10551
Passive Test:  [  3430/?]  eta: ?  loss: 0.4066 (0.7825)  accuracy: 0.7812 (0.8637)  balanced_accuracy: 0.8026 (0.8518)  pr_auc: 0.7510 (0.8965)  roc_auc: 0.8790 (0.9315)  f1_weighted: 0.7222 (0.7980)  time: 0.0168  data: 0.0001  max mem: 10551
Passive Test:  [  3440/?]  eta: ?  loss: 0.5704 (0.7835)  accuracy: 0.7969 (0.8635)  balanced_accuracy: 0.7956 (0.8514)  pr_auc: 0.8165 (0.8961)  roc_auc: 0.9145 (0.9314)  f1_weighted: 0.6667 (0.7975)  time: 0.0168  data: 0.0001  max mem: 10551
Passive Test:  [  3450/?]  eta: ?  loss: 0.5335 (0.7846)  accuracy: 0.8281 (0.8634)  balanced_accuracy: 0.7105 (0.8513)  pr_auc: 0.8254 (0.8957)  roc_auc: 0.9382 (0.9313)  f1_weighted: 0.6579 (0.7972)  time: 0.0168  data: 0.0001  max mem: 10551
Passive Test:  [  3460/?]  eta: ?  loss: 0.4079 (0.7844)  accuracy: 0.8438 (0.8634)  balanced_accuracy: 0.8553 (0.8513)  pr_auc: 0.9879 (0.8955)  roc_auc: 0.9918 (0.9314)  f1_weighted: 0.8000 (0.7972)  time: 0.0168  data: 0.0001  max mem: 10551
Passive Test:  [  3470/?]  eta: ?  loss: 0.2829 (0.7853)  accuracy: 0.8438 (0.8633)  balanced_accuracy: 0.8492 (0.8511)  pr_auc: 0.9879 (0.8952)  roc_auc: 0.9889 (0.9313)  f1_weighted: 0.8197 (0.7968)  time: 0.0168  data: 0.0001  max mem: 10551
Passive Test:  [  3480/?]  eta: ?  loss: 0.2791 (0.7853)  accuracy: 0.8750 (0.8633)  balanced_accuracy: 0.8421 (0.8509)  pr_auc: 0.9925 (0.8951)  roc_auc: 0.9940 (0.9314)  f1_weighted: 0.8065 (0.7965)  time: 0.0168  data: 0.0001  max mem: 10551
Passive Test:  [  3490/?]  eta: ?  loss: 0.2846 (0.7862)  accuracy: 0.8438 (0.8631)  balanced_accuracy: 0.8360 (0.8504)  pr_auc: 0.9945 (0.8947)  roc_auc: 0.9960 (0.9313)  f1_weighted: 0.8065 (0.7957)  time: 0.0168  data: 0.0001  max mem: 10551
Passive Test:  [  3500/?]  eta: ?  loss: 0.2864 (0.7859)  accuracy: 0.8125 (0.8630)  balanced_accuracy: 0.8239 (0.8501)  pr_auc: 0.9416 (0.8945)  roc_auc: 0.9666 (0.9313)  f1_weighted: 0.7931 (0.7953)  time: 0.0168  data: 0.0001  max mem: 10551
Passive Test:  [  3510/?]  eta: ?  loss: 0.3449 (0.7869)  accuracy: 0.8125 (0.8626)  balanced_accuracy: 0.7713 (0.8496)  pr_auc: 0.9648 (0.8940)  roc_auc: 0.9666 (0.9309)  f1_weighted: 0.7419 (0.7947)  time: 0.0168  data: 0.0001  max mem: 10551
Passive Test:  [  3520/?]  eta: ?  loss: 0.3315 (0.7869)  accuracy: 0.7969 (0.8624)  balanced_accuracy: 0.7713 (0.8494)  pr_auc: 0.9986 (0.8938)  roc_auc: 0.9990 (0.9308)  f1_weighted: 0.7419 (0.7944)  time: 0.0168  data: 0.0001  max mem: 10551
Passive Test:  [  3530/?]  eta: ?  loss: 0.3006 (0.7879)  accuracy: 0.7656 (0.8621)  balanced_accuracy: 0.7905 (0.8490)  pr_auc: 0.9740 (0.8932)  roc_auc: 0.9737 (0.9303)  f1_weighted: 0.7848 (0.7940)  time: 0.0168  data: 0.0001  max mem: 10551
Passive Test:  [  3540/?]  eta: ?  loss: 0.3345 (0.7888)  accuracy: 0.7656 (0.8618)  balanced_accuracy: 0.7533 (0.8486)  pr_auc: 0.9163 (0.8929)  roc_auc: 0.8862 (0.9299)  f1_weighted: 0.7848 (0.7937)  time: 0.0168  data: 0.0001  max mem: 10551
Passive Test:  [  3550/?]  eta: ?  loss: 0.4072 (0.7888)  accuracy: 0.7500 (0.8616)  balanced_accuracy: 0.7520 (0.8484)  pr_auc: 0.9163 (0.8927)  roc_auc: 0.8862 (0.9297)  f1_weighted: 0.7937 (0.7936)  time: 0.0168  data: 0.0001  max mem: 10551
Passive Test:  [  3560/?]  eta: ?  loss: 0.4072 (0.7882)  accuracy: 0.7656 (0.8615)  balanced_accuracy: 0.7713 (0.8482)  pr_auc: 0.9323 (0.8928)  roc_auc: 0.9342 (0.9296)  f1_weighted: 0.7931 (0.7936)  time: 0.0168  data: 0.0001  max mem: 10551
Passive Test:  [  3570/?]  eta: ?  loss: 0.4655 (0.7878)  accuracy: 0.7969 (0.8614)  balanced_accuracy: 0.7885 (0.8481)  pr_auc: 0.9444 (0.8928)  roc_auc: 0.9415 (0.9295)  f1_weighted: 0.7931 (0.7936)  time: 0.0169  data: 0.0001  max mem: 10551
Passive Test:  [  3580/?]  eta: ?  loss: 0.3410 (0.7872)  accuracy: 0.8281 (0.8614)  balanced_accuracy: 0.8107 (0.8482)  pr_auc: 0.9374 (0.8929)  roc_auc: 0.9464 (0.9294)  f1_weighted: 0.8506 (0.7937)  time: 0.0169  data: 0.0001  max mem: 10551
Passive Test:  [  3590/?]  eta: ?  loss: 0.3282 (0.7866)  accuracy: 0.8750 (0.8615)  balanced_accuracy: 0.8836 (0.8482)  pr_auc: 0.9318 (0.8929)  roc_auc: 0.9555 (0.9293)  f1_weighted: 0.8627 (0.7939)  time: 0.0170  data: 0.0004  max mem: 10551
Passive Test:  [  3600/?]  eta: ?  loss: 0.3068 (0.7857)  accuracy: 0.8750 (0.8615)  balanced_accuracy: 0.8836 (0.8483)  pr_auc: 0.9615 (0.8930)  roc_auc: 0.9646 (0.9293)  f1_weighted: 0.8627 (0.7941)  time: 0.0177  data: 0.0009  max mem: 10551
Passive Test:  [  3610/?]  eta: ?  loss: 0.2703 (0.7852)  accuracy: 0.8750 (0.8616)  balanced_accuracy: 0.8947 (0.8484)  pr_auc: 1.0000 (0.8931)  roc_auc: 1.0000 (0.9292)  f1_weighted: 0.8824 (0.7942)  time: 0.0175  data: 0.0007  max mem: 10551
Passive Test:  [  3620/?]  eta: ?  loss: 0.1484 (0.7842)  accuracy: 0.9375 (0.8617)  balanced_accuracy: 0.9359 (0.8486)  pr_auc: 1.0000 (0.8932)  roc_auc: 1.0000 (0.9293)  f1_weighted: 0.9315 (0.7945)  time: 0.0170  data: 0.0002  max mem: 10551
Passive Test:  [  3630/?]  eta: ?  loss: 0.1678 (0.7833)  accuracy: 0.9375 (0.8618)  balanced_accuracy: 0.9359 (0.8487)  pr_auc: 1.0000 (0.8934)  roc_auc: 1.0000 (0.9293)  f1_weighted: 0.9315 (0.7947)  time: 0.0170  data: 0.0002  max mem: 10551
Passive Test:  [  3640/?]  eta: ?  loss: 0.1927 (0.7818)  accuracy: 0.9375 (0.8620)  balanced_accuracy: 0.9231 (0.8490)  pr_auc: 1.0000 (0.8937)  roc_auc: 1.0000 (0.9295)  f1_weighted: 0.9167 (0.7951)  time: 0.0168  data: 0.0001  max mem: 10551
Passive Test:  [  3650/?]  eta: ?  loss: 0.2449 (0.7808)  accuracy: 0.9062 (0.8621)  balanced_accuracy: 0.9211 (0.8491)  pr_auc: 1.0000 (0.8938)  roc_auc: 1.0000 (0.9296)  f1_weighted: 0.9143 (0.7954)  time: 0.0169  data: 0.0001  max mem: 10551
Passive Test:  [  3660/?]  eta: ?  loss: 0.1956 (0.7796)  accuracy: 0.9062 (0.8621)  balanced_accuracy: 0.9211 (0.8493)  pr_auc: 1.0000 (0.8941)  roc_auc: 1.0000 (0.9298)  f1_weighted: 0.9143 (0.7955)  time: 0.0169  data: 0.0001  max mem: 10551
Passive Test:  [  3670/?]  eta: ?  loss: 0.1956 (0.7785)  accuracy: 0.8125 (0.8621)  balanced_accuracy: 0.8824 (0.8494)  pr_auc: 1.0000 (0.8944)  roc_auc: 1.0000 (0.9299)  f1_weighted: 0.7692 (0.7956)  time: 0.0169  data: 0.0001  max mem: 10551
Passive Test:  [  3680/?]  eta: ?  loss: 0.2128 (0.7775)  accuracy: 0.8125 (0.8621)  balanced_accuracy: 0.8824 (0.8495)  pr_auc: 1.0000 (0.8946)  roc_auc: 1.0000 (0.9301)  f1_weighted: 0.7692 (0.7957)  time: 0.0169  data: 0.0001  max mem: 10551
Passive Test:  [  3690/?]  eta: ?  loss: 0.2496 (0.7767)  accuracy: 0.8125 (0.8620)  balanced_accuracy: 0.8824 (0.8496)  pr_auc: 1.0000 (0.8949)  roc_auc: 1.0000 (0.9303)  f1_weighted: 0.7647 (0.7958)  time: 0.0169  data: 0.0001  max mem: 10551
Passive Test:  [  3700/?]  eta: ?  loss: 0.1968 (0.7754)  accuracy: 0.9062 (0.8621)  balanced_accuracy: 0.9211 (0.8498)  pr_auc: 1.0000 (0.8951)  roc_auc: 1.0000 (0.9305)  f1_weighted: 0.9143 (0.7961)  time: 0.0169  data: 0.0001  max mem: 10551
Passive Test:  [  3710/?]  eta: ?  loss: 0.1940 (0.7746)  accuracy: 0.9062 (0.8621)  balanced_accuracy: 0.9211 (0.8499)  pr_auc: 1.0000 (0.8953)  roc_auc: 1.0000 (0.9306)  f1_weighted: 0.9143 (0.7964)  time: 0.0169  data: 0.0001  max mem: 10551
Passive Test:  [  3720/?]  eta: ?  loss: 0.2586 (0.7736)  accuracy: 0.8906 (0.8622)  balanced_accuracy: 0.9079 (0.8501)  pr_auc: 1.0000 (0.8956)  roc_auc: 1.0000 (0.9308)  f1_weighted: 0.8986 (0.7967)  time: 0.0169  data: 0.0001  max mem: 10551
Passive Test:  [  3730/?]  eta: ?  loss: 0.3217 (0.7724)  accuracy: 0.9062 (0.8623)  balanced_accuracy: 0.9231 (0.8503)  pr_auc: 1.0000 (0.8958)  roc_auc: 1.0000 (0.9310)  f1_weighted: 0.9167 (0.7970)  time: 0.0169  data: 0.0001  max mem: 10551
Passive Test:  [  3740/?]  eta: ?  loss: 0.0981 (0.7712)  accuracy: 0.9219 (0.8624)  balanced_accuracy: 0.9342 (0.8505)  pr_auc: 1.0000 (0.8961)  roc_auc: 1.0000 (0.9311)  f1_weighted: 0.9286 (0.7973)  time: 0.0169  data: 0.0001  max mem: 10551
Passive Test:  [  3750/?]  eta: ?  loss: 0.2134 (0.7707)  accuracy: 0.8906 (0.8624)  balanced_accuracy: 0.9079 (0.8506)  pr_auc: 0.9986 (0.8963)  roc_auc: 0.9980 (0.9313)  f1_weighted: 0.8986 (0.7975)  time: 0.0169  data: 0.0001  max mem: 10551
Passive Test:  [  3760/?]  eta: ?  loss: 0.3397 (0.7697)  accuracy: 0.8906 (0.8624)  balanced_accuracy: 0.9020 (0.8507)  pr_auc: 0.9980 (0.8966)  roc_auc: 0.9970 (0.9315)  f1_weighted: 0.8750 (0.7976)  time: 0.0169  data: 0.0001  max mem: 10551
Passive Test:  [  3770/?]  eta: ?  loss: 0.3669 (0.7690)  accuracy: 0.8438 (0.8624)  balanced_accuracy: 0.8718 (0.8507)  pr_auc: 0.9986 (0.8968)  roc_auc: 0.9980 (0.9316)  f1_weighted: 0.8444 (0.7976)  time: 0.0171  data: 0.0004  max mem: 10551
Passive Test:  [  3780/?]  eta: ?  loss: 0.3877 (0.7680)  accuracy: 0.8750 (0.8624)  balanced_accuracy: 0.8704 (0.8509)  pr_auc: 0.9950 (0.8971)  roc_auc: 0.9969 (0.9318)  f1_weighted: 0.8444 (0.7977)  time: 0.0178  data: 0.0011  max mem: 10551
Passive Test:  [  3790/?]  eta: ?  loss: 0.3707 (0.7673)  accuracy: 0.8750 (0.8624)  balanced_accuracy: 0.8824 (0.8510)  pr_auc: 0.9945 (0.8974)  roc_auc: 0.9960 (0.9320)  f1_weighted: 0.8696 (0.7978)  time: 0.0176  data: 0.0008  max mem: 10551
Passive Test:  [  3800/?]  eta: ?  loss: 0.3861 (0.7663)  accuracy: 0.8750 (0.8625)  balanced_accuracy: 0.8906 (0.8511)  pr_auc: 0.9986 (0.8976)  roc_auc: 0.9990 (0.9321)  f1_weighted: 0.8824 (0.7980)  time: 0.0170  data: 0.0001  max mem: 10551
Passive Test:  [  3810/?]  eta: ?  loss: 0.4020 (0.7661)  accuracy: 0.8906 (0.8624)  balanced_accuracy: 0.9054 (0.8512)  pr_auc: 0.9986 (0.8978)  roc_auc: 0.9980 (0.9321)  f1_weighted: 0.8824 (0.7982)  time: 0.0170  data: 0.0001  max mem: 10551
Passive Test:  [  3820/?]  eta: ?  loss: 0.4129 (0.7659)  accuracy: 0.8750 (0.8624)  balanced_accuracy: 0.9054 (0.8512)  pr_auc: 0.9841 (0.8979)  roc_auc: 0.9879 (0.9322)  f1_weighted: 0.8529 (0.7982)  time: 0.0169  data: 0.0001  max mem: 10551
Passive Test:  [  3830/?]  eta: ?  loss: 0.5429 (0.7662)  accuracy: 0.8438 (0.8622)  balanced_accuracy: 0.8846 (0.8511)  pr_auc: 0.9841 (0.8981)  roc_auc: 0.9879 (0.9321)  f1_weighted: 0.7937 (0.7981)  time: 0.0169  data: 0.0001  max mem: 10551
Passive Test:  [  3840/?]  eta: ?  loss: 0.6138 (0.7661)  accuracy: 0.8281 (0.8621)  balanced_accuracy: 0.8718 (0.8511)  pr_auc: 0.9811 (0.8982)  roc_auc: 0.9691 (0.9322)  f1_weighted: 0.7937 (0.7981)  time: 0.0169  data: 0.0001  max mem: 10551
Passive Test:  [  3850/?]  eta: ?  loss: 0.4461 (0.7659)  accuracy: 0.8281 (0.8621)  balanced_accuracy: 0.8816 (0.8512)  pr_auc: 0.9811 (0.8984)  roc_auc: 0.9787 (0.9322)  f1_weighted: 0.8358 (0.7982)  time: 0.0169  data: 0.0001  max mem: 10551
Passive Test:  [  3860/?]  eta: ?  loss: 0.2360 (0.7651)  accuracy: 0.8906 (0.8622)  balanced_accuracy: 0.9079 (0.8513)  pr_auc: 0.9945 (0.8986)  roc_auc: 0.9980 (0.9323)  f1_weighted: 0.8986 (0.7984)  time: 0.0167  data: 0.0001  max mem: 10551
Passive Test:  [  3870/?]  eta: ?  loss: 0.1277 (0.7642)  accuracy: 0.9375 (0.8623)  balanced_accuracy: 0.9474 (0.8515)  pr_auc: 0.9993 (0.8988)  roc_auc: 0.9990 (0.9324)  f1_weighted: 0.9286 (0.7986)  time: 0.0162  data: 0.0001  max mem: 10551
Passive Test:  [  3880/?]  eta: ?  loss: 0.1255 (0.7628)  accuracy: 0.9531 (0.8625)  balanced_accuracy: 0.9474 (0.8517)  pr_auc: 1.0000 (0.8990)  roc_auc: 1.0000 (0.9325)  f1_weighted: 0.9434 (0.7989)  time: 0.0157  data: 0.0001  max mem: 10551
Passive Test:  [  3890/?]  eta: ?  loss: 0.1410 (0.7620)  accuracy: 0.9219 (0.8625)  balanced_accuracy: 0.9287 (0.8516)  pr_auc: 1.0000 (0.8991)  roc_auc: 1.0000 (0.9326)  f1_weighted: 0.9296 (0.7990)  time: 0.0157  data: 0.0001  max mem: 10551
Passive Test:  [  3900/?]  eta: ?  loss: 0.1491 (0.7605)  accuracy: 0.9219 (0.8626)  balanced_accuracy: 0.9231 (0.8517)  pr_auc: 1.0000 (0.8993)  roc_auc: 1.0000 (0.9327)  f1_weighted: 0.9167 (0.7993)  time: 0.0162  data: 0.0007  max mem: 10551
Passive Test:  [  3910/?]  eta: ?  loss: 0.0865 (0.7587)  accuracy: 0.9531 (0.8629)  balanced_accuracy: 0.9605 (0.8520)  pr_auc: 0.9970 (0.8995)  roc_auc: 0.9970 (0.9328)  f1_weighted: 0.9589 (0.7996)  time: 0.0168  data: 0.0014  max mem: 10551
Passive Test:  [  3920/?]  eta: ?  loss: 0.0865 (0.7573)  accuracy: 0.9531 (0.8631)  balanced_accuracy: 0.9359 (0.8521)  pr_auc: 0.9960 (0.8997)  roc_auc: 0.9970 (0.9329)  f1_weighted: 0.9315 (0.7998)  time: 0.0171  data: 0.0017  max mem: 10551
Passive Test:  [  3930/?]  eta: ?  loss: 0.2247 (0.7561)  accuracy: 0.9219 (0.8632)  balanced_accuracy: 0.9342 (0.8522)  pr_auc: 0.9960 (0.8999)  roc_auc: 0.9970 (0.9330)  f1_weighted: 0.9296 (0.8000)  time: 0.0169  data: 0.0014  max mem: 10551
Passive Test:  [  3940/?]  eta: ?  loss: 0.2295 (0.7550)  accuracy: 0.9219 (0.8634)  balanced_accuracy: 0.9211 (0.8523)  pr_auc: 0.9891 (0.9000)  roc_auc: 0.9920 (0.9331)  f1_weighted: 0.9014 (0.8002)  time: 0.0174  data: 0.0020  max mem: 10551
Passive Test:  [  3950/?]  eta: ?  loss: 0.2295 (0.7541)  accuracy: 0.9062 (0.8634)  balanced_accuracy: 0.9211 (0.8524)  pr_auc: 0.9847 (0.9000)  roc_auc: 0.9777 (0.9332)  f1_weighted: 0.8889 (0.8003)  time: 0.0176  data: 0.0023  max mem: 10551
Passive Test:  [  3960/?]  eta: ?  loss: 0.3019 (0.7542)  accuracy: 0.8594 (0.8633)  balanced_accuracy: 0.8816 (0.8524)  pr_auc: 0.9554 (0.9000)  roc_auc: 0.9638 (0.9331)  f1_weighted: 0.8254 (0.8002)  time: 0.0173  data: 0.0017  max mem: 10551
Passive Test:  [  3970/?]  eta: ?  loss: 0.3273 (0.7542)  accuracy: 0.8281 (0.8633)  balanced_accuracy: 0.8421 (0.8524)  pr_auc: 0.9491 (0.9001)  roc_auc: 0.9385 (0.9332)  f1_weighted: 0.8125 (0.8003)  time: 0.0174  data: 0.0012  max mem: 10551
Passive Test:  [  3980/?]  eta: ?  loss: 0.3252 (0.7542)  accuracy: 0.8125 (0.8632)  balanced_accuracy: 0.8360 (0.8524)  pr_auc: 0.9588 (0.9003)  roc_auc: 0.9405 (0.9333)  f1_weighted: 0.8065 (0.8003)  time: 0.0171  data: 0.0003  max mem: 10551
Passive Test:  [  3990/?]  eta: ?  loss: 0.1273 (0.7547)  accuracy: 0.8125 (0.8631)  balanced_accuracy: 0.8360 (0.8524)  pr_auc: 0.9658 (0.9004)  roc_auc: 0.9405 (0.9333)  f1_weighted: 0.8065 (0.8003)  time: 0.0170  data: 0.0001  max mem: 10551
Passive Test:  [  4000/?]  eta: ?  loss: 0.1273 (0.7548)  accuracy: 0.7812 (0.8631)  balanced_accuracy: 0.8158 (0.8524)  pr_auc: 0.9677 (0.9005)  roc_auc: 0.9867 (0.9333)  f1_weighted: 0.7879 (0.8003)  time: 0.0169  data: 0.0001  max mem: 10551
Passive Test:  [  4010/?]  eta: ?  loss: 0.1507 (0.7542)  accuracy: 0.8281 (0.8631)  balanced_accuracy: 0.8590 (0.8525)  pr_auc: 0.9677 (0.9006)  roc_auc: 0.9867 (0.9334)  f1_weighted: 0.8254 (0.8005)  time: 0.0169  data: 0.0001  max mem: 10551
Passive Test:  [  4020/?]  eta: ?  loss: 0.1727 (0.7532)  accuracy: 0.8750 (0.8631)  balanced_accuracy: 0.8974 (0.8527)  pr_auc: 0.9730 (0.9008)  roc_auc: 0.9828 (0.9336)  f1_weighted: 0.8857 (0.8007)  time: 0.0168  data: 0.0001  max mem: 10551
Passive Test:  [  4030/?]  eta: ?  loss: 0.1821 (0.7521)  accuracy: 0.8750 (0.8632)  balanced_accuracy: 0.9103 (0.8528)  pr_auc: 0.9655 (0.9010)  roc_auc: 0.9823 (0.9337)  f1_weighted: 0.9014 (0.8010)  time: 0.0168  data: 0.0001  max mem: 10551
Passive Test:  [  4040/?]  eta: ?  loss: 0.3334 (0.7514)  accuracy: 0.8594 (0.8632)  balanced_accuracy: 0.8684 (0.8529)  pr_auc: 0.9597 (0.9011)  roc_auc: 0.9712 (0.9337)  f1_weighted: 0.8571 (0.8011)  time: 0.0171  data: 0.0003  max mem: 10551
Passive Test:  [  4050/?]  eta: ?  loss: 0.3606 (0.7505)  accuracy: 0.8594 (0.8633)  balanced_accuracy: 0.8734 (0.8530)  pr_auc: 0.9597 (0.9011)  roc_auc: 0.9570 (0.9338)  f1_weighted: 0.8406 (0.8013)  time: 0.0175  data: 0.0007  max mem: 10551
Passive Test:  [  4060/?]  eta: ?  loss: 0.3393 (0.7494)  accuracy: 0.8594 (0.8633)  balanced_accuracy: 0.8755 (0.8531)  pr_auc: 0.9550 (0.9011)  roc_auc: 0.9555 (0.9338)  f1_weighted: 0.8571 (0.8014)  time: 0.0172  data: 0.0005  max mem: 10551
Passive Test:  [  4070/?]  eta: ?  loss: 0.3299 (0.7486)  accuracy: 0.8594 (0.8634)  balanced_accuracy: 0.8755 (0.8532)  pr_auc: 0.9339 (0.9010)  roc_auc: 0.9565 (0.9339)  f1_weighted: 0.8571 (0.8016)  time: 0.0170  data: 0.0003  max mem: 10551
Passive Test:  [  4080/?]  eta: ?  loss: 0.4030 (0.7481)  accuracy: 0.8750 (0.8634)  balanced_accuracy: 0.8947 (0.8533)  pr_auc: 0.8604 (0.9009)  roc_auc: 0.9595 (0.9338)  f1_weighted: 0.8667 (0.8016)  time: 0.0174  data: 0.0007  max mem: 10551
Passive Test:  [  4090/?]  eta: ?  loss: 0.8887 (0.7486)  accuracy: 0.8281 (0.8633)  balanced_accuracy: 0.8816 (0.8532)  pr_auc: 0.8424 (0.9005)  roc_auc: 0.9241 (0.9336)  f1_weighted: 0.8125 (0.8015)  time: 0.0172  data: 0.0005  max mem: 10551
Passive Test:  [  4100/?]  eta: ?  loss: 0.9968 (0.7492)  accuracy: 0.7812 (0.8631)  balanced_accuracy: 0.8097 (0.8530)  pr_auc: 0.7580 (0.9002)  roc_auc: 0.8775 (0.9335)  f1_weighted: 0.7812 (0.8013)  time: 0.0169  data: 0.0001  max mem: 10551
Passive Test:  [  4110/?]  eta: ?  loss: 0.9968 (0.7495)  accuracy: 0.7812 (0.8629)  balanced_accuracy: 0.8097 (0.8529)  pr_auc: 0.7743 (0.8999)  roc_auc: 0.8775 (0.9334)  f1_weighted: 0.7812 (0.8012)  time: 0.0169  data: 0.0001  max mem: 10551
Passive Test:  [  4120/?]  eta: ?  loss: 1.0405 (0.7499)  accuracy: 0.7812 (0.8627)  balanced_accuracy: 0.8158 (0.8527)  pr_auc: 0.8054 (0.8995)  roc_auc: 0.9231 (0.9332)  f1_weighted: 0.7742 (0.8008)  time: 0.0174  data: 0.0008  max mem: 10551
Passive Test:  [  4130/?]  eta: ?  loss: 1.0614 (0.7509)  accuracy: 0.7812 (0.8625)  balanced_accuracy: 0.7763 (0.8526)  pr_auc: 0.8054 (0.8990)  roc_auc: 0.8982 (0.9331)  f1_weighted: 0.7429 (0.8006)  time: 0.0179  data: 0.0013  max mem: 10551
Passive Test:  [  4140/?]  eta: ?  loss: 0.7416 (0.7524)  accuracy: 0.7656 (0.8624)  balanced_accuracy: 0.7834 (0.8524)  pr_auc: 0.5822 (0.8985)  roc_auc: 0.8748 (0.9328)  f1_weighted: 0.7419 (0.8003)  time: 0.0174  data: 0.0006  max mem: 10551
Passive Test:  [  4150/?]  eta: ?  loss: 0.6771 (0.7531)  accuracy: 0.7812 (0.8623)  balanced_accuracy: 0.8026 (0.8524)  pr_auc: 0.8491 (0.8984)  roc_auc: 0.8494 (0.9328)  f1_weighted: 0.7541 (0.8002)  time: 0.0172  data: 0.0004  max mem: 10551
Passive Test:  [  4160/?]  eta: ?  loss: 0.6273 (0.7542)  accuracy: 0.8281 (0.8622)  balanced_accuracy: 0.8097 (0.8522)  pr_auc: 0.8962 (0.8983)  roc_auc: 0.8997 (0.9327)  f1_weighted: 0.7667 (0.8000)  time: 0.0178  data: 0.0012  max mem: 10551
Passive Test:  [  4170/?]  eta: ?  loss: 0.5342 (0.7544)  accuracy: 0.8438 (0.8621)  balanced_accuracy: 0.8168 (0.8523)  pr_auc: 0.8899 (0.8983)  roc_auc: 0.8997 (0.9327)  f1_weighted: 0.7812 (0.8001)  time: 0.0175  data: 0.0009  max mem: 10551
Passive Test:  [  4180/?]  eta: ?  loss: 0.3228 (0.7550)  accuracy: 0.8438 (0.8622)  balanced_accuracy: 0.8333 (0.8523)  pr_auc: 0.9201 (0.8984)  roc_auc: 0.9357 (0.9327)  f1_weighted: 0.8000 (0.8001)  time: 0.0176  data: 0.0010  max mem: 10551
Passive Test:  [  4190/?]  eta: ?  loss: 0.3228 (0.7551)  accuracy: 0.8438 (0.8621)  balanced_accuracy: 0.8590 (0.8523)  pr_auc: 0.9250 (0.8984)  roc_auc: 0.9267 (0.9326)  f1_weighted: 0.8276 (0.8003)  time: 0.0184  data: 0.0017  max mem: 10551
Passive Test:  [  4200/?]  eta: ?  loss: 0.5503 (0.7550)  accuracy: 0.8281 (0.8620)  balanced_accuracy: 0.8289 (0.8522)  pr_auc: 0.9620 (0.8984)  roc_auc: 0.9661 (0.9327)  f1_weighted: 0.8000 (0.8002)  time: 0.0177  data: 0.0010  max mem: 10551
Passive Test:  [  4210/?]  eta: ?  loss: 0.5503 (0.7543)  accuracy: 0.8438 (0.8621)  balanced_accuracy: 0.8289 (0.8523)  pr_auc: 0.9826 (0.8986)  roc_auc: 0.9757 (0.9327)  f1_weighted: 0.8000 (0.8003)  time: 0.0170  data: 0.0002  max mem: 10551
Passive Test:  [  4220/?]  eta: ?  loss: 0.3495 (0.7540)  accuracy: 0.8750 (0.8621)  balanced_accuracy: 0.8462 (0.8523)  pr_auc: 0.9976 (0.8986)  roc_auc: 0.9959 (0.9328)  f1_weighted: 0.8182 (0.8004)  time: 0.0173  data: 0.0007  max mem: 10551
Passive Test:  [  4230/?]  eta: ?  loss: 0.6306 (0.7537)  accuracy: 0.8438 (0.8621)  balanced_accuracy: 0.8289 (0.8522)  pr_auc: 0.9696 (0.8987)  roc_auc: 0.9910 (0.9328)  f1_weighted: 0.7937 (0.8003)  time: 0.0174  data: 0.0007  max mem: 10551
Passive Test:  [  4240/?]  eta: ?  loss: 0.4390 (0.7529)  accuracy: 0.8594 (0.8621)  balanced_accuracy: 0.8462 (0.8523)  pr_auc: 0.9947 (0.8989)  roc_auc: 0.9925 (0.9330)  f1_weighted: 0.8182 (0.8005)  time: 0.0169  data: 0.0002  max mem: 10551
Passive Test:  [  4250/?]  eta: ?  loss: 0.4100 (0.7521)  accuracy: 0.8750 (0.8622)  balanced_accuracy: 0.8559 (0.8524)  pr_auc: 0.9822 (0.8991)  roc_auc: 0.9925 (0.9331)  f1_weighted: 0.8657 (0.8006)  time: 0.0169  data: 0.0002  max mem: 10551
Passive Test:  [  4260/?]  eta: ?  loss: 0.2957 (0.7509)  accuracy: 0.9219 (0.8624)  balanced_accuracy: 0.9118 (0.8526)  pr_auc: 0.9961 (0.8993)  roc_auc: 0.9955 (0.9332)  f1_weighted: 0.9032 (0.8009)  time: 0.0171  data: 0.0004  max mem: 10551
Passive Test:  [  4270/?]  eta: ?  loss: 0.1603 (0.7499)  accuracy: 0.9219 (0.8624)  balanced_accuracy: 0.9144 (0.8526)  pr_auc: 0.9961 (0.8995)  roc_auc: 0.9939 (0.9333)  f1_weighted: 0.9032 (0.8010)  time: 0.0173  data: 0.0007  max mem: 10551
Passive Test:  [  4280/?]  eta: ?  loss: 0.2832 (0.7492)  accuracy: 0.8906 (0.8624)  balanced_accuracy: 0.8590 (0.8526)  pr_auc: 0.9688 (0.8996)  roc_auc: 0.9887 (0.9334)  f1_weighted: 0.8333 (0.8010)  time: 0.0175  data: 0.0007  max mem: 10551
Passive Test:  [  4290/?]  eta: ?  loss: 0.5770 (0.7494)  accuracy: 0.7500 (0.8620)  balanced_accuracy: 0.7692 (0.8522)  pr_auc: 0.9196 (0.8994)  roc_auc: 0.9484 (0.9333)  f1_weighted: 0.6970 (0.8006)  time: 0.0176  data: 0.0009  max mem: 10551
Passive Test:  [  4300/?]  eta: ?  loss: 0.5770 (0.7488)  accuracy: 0.7344 (0.8619)  balanced_accuracy: 0.7176 (0.8522)  pr_auc: 0.8828 (0.8994)  roc_auc: 0.8988 (0.9333)  f1_weighted: 0.6765 (0.8005)  time: 0.0190  data: 0.0026  max mem: 10551
Passive Test:  [  4310/?]  eta: ?  loss: 0.6668 (0.7490)  accuracy: 0.7656 (0.8615)  balanced_accuracy: 0.7112 (0.8517)  pr_auc: 0.7991 (0.8989)  roc_auc: 0.8597 (0.9329)  f1_weighted: 0.6667 (0.8000)  time: 0.0204  data: 0.0038  max mem: 10551
Passive Test:  [  4320/?]  eta: ?  loss: 0.7728 (0.7490)  accuracy: 0.6719 (0.8612)  balanced_accuracy: 0.6733 (0.8514)  pr_auc: 0.6809 (0.8986)  roc_auc: 0.8300 (0.9328)  f1_weighted: 0.6000 (0.7997)  time: 0.0197  data: 0.0031  max mem: 10551
Passive Test:  [  4330/?]  eta: ?  loss: 0.7623 (0.7491)  accuracy: 0.7344 (0.8610)  balanced_accuracy: 0.7083 (0.8511)  pr_auc: 0.7925 (0.8984)  roc_auc: 0.8229 (0.9325)  f1_weighted: 0.6897 (0.7995)  time: 0.0188  data: 0.0022  max mem: 10551
Passive Test:  [  4340/?]  eta: ?  loss: 0.7117 (0.7493)  accuracy: 0.7344 (0.8608)  balanced_accuracy: 0.7125 (0.8509)  pr_auc: 0.8454 (0.8983)  roc_auc: 0.7938 (0.9323)  f1_weighted: 0.7547 (0.7994)  time: 0.0196  data: 0.0030  max mem: 10551
Passive Test:  [  4350/?]  eta: ?  loss: 0.5698 (0.7490)  accuracy: 0.7969 (0.8608)  balanced_accuracy: 0.7925 (0.8509)  pr_auc: 0.9211 (0.8984)  roc_auc: 0.9286 (0.9323)  f1_weighted: 0.7711 (0.7994)  time: 0.0198  data: 0.0033  max mem: 10551
Passive Test:  [  4360/?]  eta: ?  loss: 0.4511 (0.7489)  accuracy: 0.8281 (0.8608)  balanced_accuracy: 0.8289 (0.8509)  pr_auc: 0.9459 (0.8985)  roc_auc: 0.9362 (0.9323)  f1_weighted: 0.8000 (0.7995)  time: 0.0186  data: 0.0020  max mem: 10551
Passive Test:  [  4370/?]  eta: ?  loss: 0.5942 (0.7492)  accuracy: 0.8281 (0.8608)  balanced_accuracy: 0.7933 (0.8508)  pr_auc: 0.9720 (0.8986)  roc_auc: 0.9474 (0.9324)  f1_weighted: 0.8276 (0.7996)  time: 0.0187  data: 0.0020  max mem: 10551
Passive Test:  [  4380/?]  eta: ?  loss: 0.6146 (0.7494)  accuracy: 0.8125 (0.8608)  balanced_accuracy: 0.8072 (0.8508)  pr_auc: 0.9908 (0.8988)  roc_auc: 0.9846 (0.9324)  f1_weighted: 0.8308 (0.7997)  time: 0.0199  data: 0.0034  max mem: 10551
Passive Test:  [  4390/?]  eta: ?  loss: 0.6333 (0.7496)  accuracy: 0.8125 (0.8607)  balanced_accuracy: 0.8072 (0.8508)  pr_auc: 0.9940 (0.8989)  roc_auc: 0.9877 (0.9325)  f1_weighted: 0.8358 (0.7998)  time: 0.0201  data: 0.0035  max mem: 10551
Passive Test:  [  4400/?]  eta: ?  loss: 0.6310 (0.7495)  accuracy: 0.8125 (0.8608)  balanced_accuracy: 0.8400 (0.8508)  pr_auc: 0.9993 (0.8991)  roc_auc: 0.9990 (0.9326)  f1_weighted: 0.8485 (0.7999)  time: 0.0194  data: 0.0030  max mem: 10551
Passive Test:  [  4410/?]  eta: ?  loss: 0.5939 (0.7495)  accuracy: 0.8281 (0.8607)  balanced_accuracy: 0.8289 (0.8507)  pr_auc: 0.9994 (0.8993)  roc_auc: 0.9990 (0.9327)  f1_weighted: 0.8485 (0.8000)  time: 0.0184  data: 0.0017  max mem: 10551
Passive Test:  [  4420/?]  eta: ?  loss: 0.5939 (0.7494)  accuracy: 0.8125 (0.8607)  balanced_accuracy: 0.7692 (0.8507)  pr_auc: 0.9987 (0.8995)  roc_auc: 0.9980 (0.9328)  f1_weighted: 0.8529 (0.8001)  time: 0.0172  data: 0.0005  max mem: 10551
Passive Test:  [  4430/?]  eta: ?  loss: 0.4996 (0.7493)  accuracy: 0.8125 (0.8607)  balanced_accuracy: 0.8077 (0.8507)  pr_auc: 0.9993 (0.8996)  roc_auc: 0.9990 (0.9329)  f1_weighted: 0.8529 (0.8002)  time: 0.0177  data: 0.0012  max mem: 10551
Passive Test:  [  4440/?]  eta: ?  loss: 0.4704 (0.7483)  accuracy: 0.8438 (0.8608)  balanced_accuracy: 0.8684 (0.8508)  pr_auc: 1.0000 (0.8999)  roc_auc: 1.0000 (0.9331)  f1_weighted: 0.8539 (0.8005)  time: 0.0188  data: 0.0022  max mem: 10551
Passive Test:  [  4450/?]  eta: ?  loss: 0.3628 (0.7478)  accuracy: 0.8438 (0.8608)  balanced_accuracy: 0.8462 (0.8507)  pr_auc: 1.0000 (0.9001)  roc_auc: 1.0000 (0.9332)  f1_weighted: 0.8539 (0.8005)  time: 0.0187  data: 0.0021  max mem: 10551
Passive Test:  [  4460/?]  eta: ?  loss: 0.3652 (0.7471)  accuracy: 0.8281 (0.8608)  balanced_accuracy: 0.7903 (0.8507)  pr_auc: 1.0000 (0.9003)  roc_auc: 1.0000 (0.9334)  f1_weighted: 0.8444 (0.8006)  time: 0.0185  data: 0.0020  max mem: 10551
Passive Test:  [  4470/?]  eta: ?  loss: 0.3652 (0.7467)  accuracy: 0.8281 (0.8608)  balanced_accuracy: 0.7885 (0.8507)  pr_auc: 0.9986 (0.9006)  roc_auc: 0.9990 (0.9335)  f1_weighted: 0.8539 (0.8008)  time: 0.0184  data: 0.0019  max mem: 10551
Passive Test:  [  4480/?]  eta: ?  loss: 0.5088 (0.7462)  accuracy: 0.8281 (0.8608)  balanced_accuracy: 0.7887 (0.8506)  pr_auc: 0.9964 (0.9007)  roc_auc: 0.9939 (0.9336)  f1_weighted: 0.8539 (0.8008)  time: 0.0172  data: 0.0006  max mem: 10551
Passive Test:  [  4490/?]  eta: ?  loss: 0.5273 (0.7457)  accuracy: 0.8125 (0.8608)  balanced_accuracy: 0.7887 (0.8504)  pr_auc: 0.9847 (0.9007)  roc_auc: 0.9818 (0.9337)  f1_weighted: 0.8539 (0.8005)  time: 0.0172  data: 0.0006  max mem: 10551
Passive Test:  [  4500/?]  eta: ?  loss: 0.5273 (0.7460)  accuracy: 0.8125 (0.8609)  balanced_accuracy: 0.7500 (0.8503)  pr_auc: 0.9814 (0.9006)  roc_auc: 0.9764 (0.9336)  f1_weighted: 0.8539 (0.8003)  time: 0.0177  data: 0.0010  max mem: 10551
Passive Test:  [  4510/?]  eta: ?  loss: 0.7461 (0.7475)  accuracy: 0.8125 (0.8607)  balanced_accuracy: 0.7400 (0.8500)  pr_auc: 0.9092 (0.9005)  roc_auc: 0.9231 (0.9335)  f1_weighted: 0.7561 (0.7999)  time: 0.0177  data: 0.0011  max mem: 10551
Passive Test:  [  4520/?]  eta: ?  loss: 0.9155 (0.7494)  accuracy: 0.8125 (0.8606)  balanced_accuracy: 0.6711 (0.8497)  pr_auc: 0.8943 (0.9003)  roc_auc: 0.8527 (0.9333)  f1_weighted: 0.6842 (0.7997)  time: 0.0177  data: 0.0010  max mem: 10551
Passive Test:  [  4530/?]  eta: ?  loss: 0.9199 (0.7510)  accuracy: 0.7969 (0.8604)  balanced_accuracy: 0.6703 (0.8493)  pr_auc: 0.9024 (0.9002)  roc_auc: 0.8839 (0.9332)  f1_weighted: 0.6829 (0.7991)  time: 0.0176  data: 0.0009  max mem: 10551
Passive Test:  [  4540/?]  eta: ?  loss: 0.9199 (0.7528)  accuracy: 0.7969 (0.8603)  balanced_accuracy: 0.6974 (0.8490)  pr_auc: 0.9146 (0.9002)  roc_auc: 0.8947 (0.9330)  f1_weighted: 0.6842 (0.7988)  time: 0.0187  data: 0.0020  max mem: 10551
Passive Test:  [  4550/?]  eta: ?  loss: 1.3232 (0.7538)  accuracy: 0.7344 (0.8600)  balanced_accuracy: 0.6579 (0.8486)  pr_auc: 0.9135 (0.9002)  roc_auc: 0.9183 (0.9330)  f1_weighted: 0.6842 (0.7982)  time: 0.0188  data: 0.0021  max mem: 10551
Passive Test:  [  4560/?]  eta: ?  loss: 1.3232 (0.7548)  accuracy: 0.7969 (0.8599)  balanced_accuracy: 0.6154 (0.8482)  pr_auc: 0.9188 (0.9001)  roc_auc: 0.9412 (0.9330)  f1_weighted: 0.4118 (0.7974)  time: 0.0177  data: 0.0010  max mem: 10551
Passive Test:  [  4570/?]  eta: ?  loss: 0.6877 (0.7566)  accuracy: 0.7812 (0.8597)  balanced_accuracy: 0.5400 (0.8478)  pr_auc: 0.9444 (0.8999)  roc_auc: 0.9282 (0.9329)  f1_weighted: 0.1481 (0.7966)  time: 0.0181  data: 0.0015  max mem: 10551
Passive Test:  [  4580/?]  eta: ?  loss: 0.6877 (0.7578)  accuracy: 0.7656 (0.8596)  balanced_accuracy: 0.5400 (0.8474)  pr_auc: 0.8509 (0.8995)  roc_auc: 0.9079 (0.9327)  f1_weighted: 0.1481 (0.7958)  time: 0.0183  data: 0.0018  max mem: 10551
Passive Test:  [  4590/?]  eta: ?  loss: 0.6144 (0.7598)  accuracy: 0.7812 (0.8593)  balanced_accuracy: 0.5769 (0.8469)  pr_auc: 0.6196 (0.8991)  roc_auc: 0.7790 (0.9325)  f1_weighted: 0.2667 (0.7950)  time: 0.0181  data: 0.0015  max mem: 10551
Passive Test:  [  4600/?]  eta: ?  loss: 0.9097 (0.7613)  accuracy: 0.7969 (0.8592)  balanced_accuracy: 0.5769 (0.8465)  pr_auc: 0.6364 (0.8987)  roc_auc: 0.7919 (0.9322)  f1_weighted: 0.2667 (0.7943)  time: 0.0182  data: 0.0016  max mem: 10551
Passive Test:  [  4610/?]  eta: ?  loss: 1.2268 (0.7634)  accuracy: 0.7812 (0.8590)  balanced_accuracy: 0.5671 (0.8460)  pr_auc: 0.6364 (0.8984)  roc_auc: 0.7919 (0.9319)  f1_weighted: 0.2500 (0.7935)  time: 0.0183  data: 0.0016  max mem: 10551
Passive Test:  [  4620/?]  eta: ?  loss: 1.1799 (0.7645)  accuracy: 0.8125 (0.8588)  balanced_accuracy: 0.5671 (0.8457)  pr_auc: 0.8617 (0.8981)  roc_auc: 0.8765 (0.9318)  f1_weighted: 0.2500 (0.7928)  time: 0.0179  data: 0.0014  max mem: 10551
Passive Test:  [  4630/?]  eta: ?  loss: 1.0508 (0.7655)  accuracy: 0.7969 (0.8586)  balanced_accuracy: 0.6599 (0.8454)  pr_auc: 0.8617 (0.8979)  roc_auc: 0.8765 (0.9315)  f1_weighted: 0.5000 (0.7923)  time: 0.0179  data: 0.0014  max mem: 10551
Passive Test:  [  4640/?]  eta: ?  loss: 1.4345 (0.7673)  accuracy: 0.7812 (0.8585)  balanced_accuracy: 0.6599 (0.8450)  pr_auc: 0.8261 (0.8975)  roc_auc: 0.8253 (0.9312)  f1_weighted: 0.5000 (0.7916)  time: 0.0183  data: 0.0018  max mem: 10551
Passive Test:  [  4650/?]  eta: ?  loss: 1.4345 (0.7687)  accuracy: 0.7812 (0.8583)  balanced_accuracy: 0.6538 (0.8446)  pr_auc: 0.8261 (0.8971)  roc_auc: 0.8253 (0.9308)  f1_weighted: 0.4706 (0.7910)  time: 0.0185  data: 0.0021  max mem: 10551
Passive Test:  [  4660/?]  eta: ?  loss: 0.8623 (0.7703)  accuracy: 0.7812 (0.8583)  balanced_accuracy: 0.6660 (0.8443)  pr_auc: 0.8139 (0.8966)  roc_auc: 0.8593 (0.9304)  f1_weighted: 0.5263 (0.7904)  time: 0.0184  data: 0.0019  max mem: 10551
Passive Test:  [  4670/?]  eta: ?  loss: 0.8623 (0.7715)  accuracy: 0.7969 (0.8581)  balanced_accuracy: 0.6729 (0.8440)  pr_auc: 0.7904 (0.8962)  roc_auc: 0.8593 (0.9301)  f1_weighted: 0.5926 (0.7898)  time: 0.0183  data: 0.0017  max mem: 10551
Passive Test:  [  4680/?]  eta: ?  loss: 0.7780 (0.7727)  accuracy: 0.8125 (0.8581)  balanced_accuracy: 0.7014 (0.8437)  pr_auc: 0.7698 (0.8957)  roc_auc: 0.8688 (0.9298)  f1_weighted: 0.5926 (0.7892)  time: 0.0176  data: 0.0009  max mem: 10551
Passive Test:  [  4690/?]  eta: ?  loss: 0.7467 (0.7738)  accuracy: 0.8125 (0.8580)  balanced_accuracy: 0.7014 (0.8433)  pr_auc: 0.6777 (0.8952)  roc_auc: 0.8878 (0.9295)  f1_weighted: 0.5455 (0.7885)  time: 0.0169  data: 0.0003  max mem: 10551
Passive Test:  [  4700/?]  eta: ?  loss: 0.7327 (0.7751)  accuracy: 0.8125 (0.8580)  balanced_accuracy: 0.5769 (0.8430)  pr_auc: 0.8679 (0.8948)  roc_auc: 0.9442 (0.9292)  f1_weighted: 0.2667 (0.7879)  time: 0.0178  data: 0.0012  max mem: 10551
Passive Test:  [  4710/?]  eta: ?  loss: 0.3729 (0.7760)  accuracy: 0.8281 (0.8580)  balanced_accuracy: 0.5833 (0.8427)  pr_auc: 0.9124 (0.8946)  roc_auc: 0.9638 (0.9288)  f1_weighted: 0.2857 (0.7873)  time: 0.0179  data: 0.0013  max mem: 10551
Passive Test:  [  4720/?]  eta: ?  loss: 0.3729 (0.7775)  accuracy: 0.8438 (0.8579)  balanced_accuracy: 0.5833 (0.8424)  pr_auc: 0.9124 (0.8940)  roc_auc: 0.9535 (0.9284)  f1_weighted: 0.2857 (0.7866)  time: 0.0176  data: 0.0010  max mem: 10551
Passive Test:  [  4730/?]  eta: ?  loss: 0.1485 (0.7785)  accuracy: 0.8125 (0.8580)  balanced_accuracy: 0.5000 (0.8421)  pr_auc: 0.8276 (0.8937)  roc_auc: 0.9517 (0.9280)  f1_weighted: 0.0000 (0.7859)  time: 0.0173  data: 0.0006  max mem: 10551
Passive Test:  [  4740/?]  eta: ?  loss: 0.3627 (0.7798)  accuracy: 0.8125 (0.8580)  balanced_accuracy: 0.5000 (0.8418)  pr_auc: 0.8276 (0.8930)  roc_auc: 0.9517 (0.9274)  f1_weighted: 0.0000 (0.7852)  time: 0.0172  data: 0.0004  max mem: 10551
Passive Test:  [  4750/?]  eta: ?  loss: 0.5008 (0.7806)  accuracy: 0.8125 (0.8580)  balanced_accuracy: 0.5671 (0.8416)  pr_auc: 0.4984 (0.8924)  roc_auc: 0.7164 (0.9271)  f1_weighted: 0.2500 (0.7845)  time: 0.0173  data: 0.0005  max mem: 10551
Passive Test:  [  4760/?]  eta: ?  loss: 0.7690 (0.7808)  accuracy: 0.8281 (0.8580)  balanced_accuracy: 0.5671 (0.8413)  pr_auc: 0.7452 (0.8921)  roc_auc: 0.9247 (0.9270)  f1_weighted: 0.2500 (0.7838)  time: 0.0176  data: 0.0009  max mem: 10551
Passive Test:  [  4770/?]  eta: ?  loss: 0.7690 (0.7808)  accuracy: 0.8281 (0.8580)  balanced_accuracy: 0.5769 (0.8410)  pr_auc: 0.7902 (0.8919)  roc_auc: 0.9291 (0.9270)  f1_weighted: 0.2667 (0.7833)  time: 0.0177  data: 0.0009  max mem: 10551
Passive Test:  [  4780/?]  eta: ?  loss: 0.4683 (0.7807)  accuracy: 0.8438 (0.8580)  balanced_accuracy: 0.5833 (0.8408)  pr_auc: 0.9487 (0.8919)  roc_auc: 0.9555 (0.9270)  f1_weighted: 0.2857 (0.7827)  time: 0.0173  data: 0.0004  max mem: 10551
Passive Test:  [  4790/?]  eta: ?  loss: 0.4976 (0.7807)  accuracy: 0.8125 (0.8580)  balanced_accuracy: 0.5833 (0.8405)  pr_auc: 0.9487 (0.8918)  roc_auc: 0.9713 (0.9271)  f1_weighted: 0.2857 (0.7820)  time: 0.0177  data: 0.0010  max mem: 10551
Passive Test:  [  4800/?]  eta: ?  loss: 0.4976 (0.7807)  accuracy: 0.8281 (0.8580)  balanced_accuracy: 0.6346 (0.8403)  pr_auc: 0.9686 (0.8919)  roc_auc: 0.9600 (0.9272)  f1_weighted: 0.4242 (0.7816)  time: 0.0175  data: 0.0009  max mem: 10551
Passive Test:  [  4810/?]  eta: ?  loss: 0.4492 (0.7808)  accuracy: 0.8438 (0.8580)  balanced_accuracy: 0.7115 (0.8401)  pr_auc: 0.9785 (0.8918)  roc_auc: 0.9641 (0.9272)  f1_weighted: 0.5946 (0.7812)  time: 0.0171  data: 0.0002  max mem: 10551
Passive Test:  [  4820/?]  eta: ?  loss: 0.5194 (0.7811)  accuracy: 0.8438 (0.8580)  balanced_accuracy: 0.7115 (0.8399)  pr_auc: 0.9477 (0.8919)  roc_auc: 0.9590 (0.9273)  f1_weighted: 0.5946 (0.7809)  time: 0.0176  data: 0.0006  max mem: 10551
Passive Test:  [  4830/?]  eta: ?  loss: 0.5956 (0.7819)  accuracy: 0.8281 (0.8579)  balanced_accuracy: 0.6800 (0.8396)  pr_auc: 0.9204 (0.8918)  roc_auc: 0.9367 (0.9273)  f1_weighted: 0.5294 (0.7803)  time: 0.0175  data: 0.0006  max mem: 10551
Passive Test:  [  4840/?]  eta: ?  loss: 0.5956 (0.7817)  accuracy: 0.8281 (0.8579)  balanced_accuracy: 0.7470 (0.8395)  pr_auc: 0.9216 (0.8919)  roc_auc: 0.9367 (0.9273)  f1_weighted: 0.7619 (0.7802)  time: 0.0171  data: 0.0002  max mem: 10551
Passive Test:  [  4850/?]  eta: ?  loss: 0.2906 (0.7809)  accuracy: 0.8594 (0.8579)  balanced_accuracy: 0.8069 (0.8394)  pr_auc: 0.9620 (0.8920)  roc_auc: 0.9472 (0.9274)  f1_weighted: 0.8193 (0.7802)  time: 0.0174  data: 0.0007  max mem: 10551
Passive Test:  [  4860/?]  eta: ?  loss: 0.4397 (0.7800)  accuracy: 0.8750 (0.8580)  balanced_accuracy: 0.8097 (0.8395)  pr_auc: 0.9638 (0.8919)  roc_auc: 0.9367 (0.9274)  f1_weighted: 0.8462 (0.7803)  time: 0.0184  data: 0.0017  max mem: 10551
Passive Test:  [  4870/?]  eta: ?  loss: 0.2775 (0.7791)  accuracy: 0.9062 (0.8581)  balanced_accuracy: 0.8333 (0.8395)  pr_auc: 0.9461 (0.8920)  roc_auc: 0.9679 (0.9275)  f1_weighted: 0.8000 (0.7803)  time: 0.0182  data: 0.0015  max mem: 10551
Passive Test:  [  4880/?]  eta: ?  loss: 0.2404 (0.7782)  accuracy: 0.9219 (0.8582)  balanced_accuracy: 0.8333 (0.8395)  pr_auc: 0.9013 (0.8919)  roc_auc: 0.9400 (0.9275)  f1_weighted: 0.8000 (0.7803)  time: 0.0178  data: 0.0016  max mem: 10551
Passive Test:  [  4890/?]  eta: ?  loss: 0.0478 (0.7771)  accuracy: 0.8594 (0.8583)  balanced_accuracy: 0.8303 (0.8395)  pr_auc: 0.9116 (0.8919)  roc_auc: 0.9400 (0.9275)  f1_weighted: 0.7925 (0.7803)  time: 0.0176  data: 0.0022  max mem: 10551
Passive Test:  [  4900/?]  eta: ?  loss: 0.0478 (0.7764)  accuracy: 0.9688 (0.8584)  balanced_accuracy: 0.8303 (0.8395)  pr_auc: 0.9431 (0.8916)  roc_auc: 0.9524 (0.9274)  f1_weighted: 0.7925 (0.7802)  time: 0.0183  data: 0.0030  max mem: 10551
Passive Test:  [  4910/?]  eta: ?  loss: 0.0542 (0.7754)  accuracy: 0.9844 (0.8585)  balanced_accuracy: 0.9608 (0.8395)  pr_auc: 0.9675 (0.8915)  roc_auc: 0.9925 (0.9275)  f1_weighted: 0.8667 (0.7801)  time: 0.0182  data: 0.0029  max mem: 10551
Passive Test:  [  4920/?]  eta: ?  loss: 0.0742 (0.7748)  accuracy: 0.9688 (0.8586)  balanced_accuracy: 0.9615 (0.8394)  pr_auc: 1.0000 (0.8913)  roc_auc: 1.0000 (0.9274)  f1_weighted: 0.9286 (0.7799)  time: 0.0183  data: 0.0031  max mem: 10551
Passive Test:  [  4930/?]  eta: ?  loss: 0.0569 (0.7737)  accuracy: 0.9531 (0.8588)  balanced_accuracy: 0.9706 (0.8395)  pr_auc: 1.0000 (0.8912)  roc_auc: 1.0000 (0.9275)  f1_weighted: 0.8966 (0.7799)  time: 0.0185  data: 0.0032  max mem: 10551
Passive Test:  [  4940/?]  eta: ?  loss: 0.0506 (0.7728)  accuracy: 0.9844 (0.8590)  balanced_accuracy: 0.9706 (0.8395)  pr_auc: 1.0000 (0.8911)  roc_auc: 1.0000 (0.9275)  f1_weighted: 0.8966 (0.7798)  time: 0.0184  data: 0.0031  max mem: 10551
Passive Test:  [  4950/?]  eta: ?  loss: 0.0368 (0.7717)  accuracy: 0.9844 (0.8591)  balanced_accuracy: 0.9706 (0.8395)  pr_auc: 1.0000 (0.8913)  roc_auc: 1.0000 (0.9276)  f1_weighted: 0.8889 (0.7797)  time: 0.0187  data: 0.0034  max mem: 10551
Passive Test:  [  4960/?]  eta: ?  loss: 0.0179 (0.7706)  accuracy: 0.9688 (0.8593)  balanced_accuracy: 0.9510 (0.8396)  pr_auc: 1.0000 (0.8914)  roc_auc: 1.0000 (0.9277)  f1_weighted: 0.8800 (0.7797)  time: 0.0186  data: 0.0033  max mem: 10551
Passive Test:  [  4970/?]  eta: ?  loss: 0.0179 (0.7705)  accuracy: 0.9531 (0.8594)  balanced_accuracy: 0.6923 (0.8393)  pr_auc: 0.9786 (0.8910)  roc_auc: 0.9925 (0.9276)  f1_weighted: 0.5556 (0.7791)  time: 0.0179  data: 0.0025  max mem: 10551
Passive Test:  [  4980/?]  eta: ?  loss: 0.0177 (0.7705)  accuracy: 0.8750 (0.8594)  balanced_accuracy: 0.6923 (0.8391)  pr_auc: 0.9036 (0.8907)  roc_auc: 0.9638 (0.9275)  f1_weighted: 0.5556 (0.7786)  time: 0.0182  data: 0.0029  max mem: 10551
Passive Test:  [  4990/?]  eta: ?  loss: 0.2833 (0.7708)  accuracy: 0.8750 (0.8594)  balanced_accuracy: 0.5385 (0.8387)  pr_auc: 0.5906 (0.8903)  roc_auc: 0.8798 (0.9274)  f1_weighted: 0.1538 (0.7780)  time: 0.0188  data: 0.0036  max mem: 10551
Passive Test:  [  5000/?]  eta: ?  loss: 0.6257 (0.7710)  accuracy: 0.8438 (0.8594)  balanced_accuracy: 0.5417 (0.8385)  pr_auc: 0.6299 (0.8898)  roc_auc: 0.8798 (0.9272)  f1_weighted: 0.1538 (0.7774)  time: 0.0180  data: 0.0026  max mem: 10551
Passive Test:  [  5010/?]  eta: ?  loss: 0.6257 (0.7719)  accuracy: 0.8281 (0.8594)  balanced_accuracy: 0.5417 (0.8382)  pr_auc: 0.5906 (0.8893)  roc_auc: 0.8235 (0.9270)  f1_weighted: 0.1538 (0.7768)  time: 0.0177  data: 0.0015  max mem: 10551
Passive Test:  [  5020/?]  eta: ?  loss: 0.7290 (0.7729)  accuracy: 0.7969 (0.8594)  balanced_accuracy: 0.4904 (0.8379)  pr_auc: 0.4611 (0.8887)  roc_auc: 0.7828 (0.9267)  f1_weighted: 0.0000 (0.7761)  time: 0.0176  data: 0.0009  max mem: 10551
Passive Test:  [  5030/?]  eta: ?  loss: 1.1259 (0.7743)  accuracy: 0.7812 (0.8593)  balanced_accuracy: 0.5000 (0.8376)  pr_auc: 0.5669 (0.8881)  roc_auc: 0.8371 (0.9263)  f1_weighted: 0.0000 (0.7754)  time: 0.0179  data: 0.0013  max mem: 10551
Passive Test:  [  5040/?]  eta: ?  loss: 1.1259 (0.7749)  accuracy: 0.7969 (0.8593)  balanced_accuracy: 0.5000 (0.8373)  pr_auc: 0.5669 (0.8877)  roc_auc: 0.8371 (0.9262)  f1_weighted: 0.0800 (0.7748)  time: 0.0187  data: 0.0023  max mem: 10551
Passive Test:  [  5050/?]  eta: ?  loss: 0.2644 (0.7754)  accuracy: 0.8125 (0.8591)  balanced_accuracy: 0.5385 (0.8370)  pr_auc: 0.5449 (0.8873)  roc_auc: 0.8926 (0.9259)  f1_weighted: 0.1429 (0.7743)  time: 0.0191  data: 0.0023  max mem: 10551
Passive Test:  [  5060/?]  eta: ?  loss: 0.0944 (0.7755)  accuracy: 0.8125 (0.8590)  balanced_accuracy: 0.5385 (0.8368)  pr_auc: 0.5449 (0.8869)  roc_auc: 0.8926 (0.9257)  f1_weighted: 0.1739 (0.7739)  time: 0.0185  data: 0.0019  max mem: 10551
Passive Test:  [  5070/?]  eta: ?  loss: 0.0773 (0.7759)  accuracy: 0.7188 (0.8589)  balanced_accuracy: 0.9737 (0.8368)  pr_auc: 1.0000 (0.8867)  roc_auc: 1.0000 (0.9256)  f1_weighted: 0.9677 (0.7738)  time: 0.0178  data: 0.0019  max mem: 10551
Passive Test:  [  5080/?]  eta: ?  loss: 0.0252 (0.7770)  accuracy: 0.7500 (0.8588)  balanced_accuracy: 0.9896 (0.8366)  pr_auc: 1.0000 (0.8864)  roc_auc: 1.0000 (0.9253)  f1_weighted: 0.9767 (0.7736)  time: 0.0177  data: 0.0022  max mem: 10551
Passive Test:  [  5090/?]  eta: ?  loss: 0.0350 (0.7769)  accuracy: 0.8750 (0.8588)  balanced_accuracy: 1.0000 (0.8367)  pr_auc: 1.0000 (0.8863)  roc_auc: 1.0000 (0.9253)  f1_weighted: 1.0000 (0.7737)  time: 0.0178  data: 0.0027  max mem: 10551
Passive Test:  [  5100/?]  eta: ?  loss: 0.0611 (0.7772)  accuracy: 0.8750 (0.8588)  balanced_accuracy: 1.0000 (0.8368)  pr_auc: 1.0000 (0.8865)  roc_auc: 1.0000 (0.9253)  f1_weighted: 1.0000 (0.7739)  time: 0.0178  data: 0.0033  max mem: 10551
Passive Test:  [  5110/?]  eta: ?  loss: 0.1318 (0.7769)  accuracy: 0.9531 (0.8589)  balanced_accuracy: 1.0000 (0.8370)  pr_auc: 1.0000 (0.8866)  roc_auc: 1.0000 (0.9254)  f1_weighted: 1.0000 (0.7741)  time: 0.0177  data: 0.0033  max mem: 10551
Passive Test:  [  5120/?]  eta: ?  loss: 0.0477 (0.7769)  accuracy: 0.9688 (0.8591)  balanced_accuracy: 1.0000 (0.8372)  pr_auc: 1.0000 (0.8867)  roc_auc: 1.0000 (0.9255)  f1_weighted: 1.0000 (0.7744)  time: 0.0175  data: 0.0032  max mem: 10551
Passive Test:  [  5130/?]  eta: ?  loss: 0.0327 (0.7764)  accuracy: 0.9844 (0.8592)  balanced_accuracy: 1.0000 (0.8374)  pr_auc: 1.0000 (0.8868)  roc_auc: 1.0000 (0.9256)  f1_weighted: 1.0000 (0.7746)  time: 0.0186  data: 0.0044  max mem: 10551
Passive Test:  [  5140/?]  eta: ?  loss: 0.0139 (0.7763)  accuracy: 1.0000 (0.8593)  balanced_accuracy: 1.0000 (0.8376)  pr_auc: 1.0000 (0.8870)  roc_auc: 1.0000 (0.9257)  f1_weighted: 1.0000 (0.7749)  time: 0.0185  data: 0.0038  max mem: 10551
Passive Test:  [  5150/?]  eta: ?  loss: 0.0122 (0.7759)  accuracy: 1.0000 (0.8595)  balanced_accuracy: 1.0000 (0.8379)  pr_auc: 1.0000 (0.8872)  roc_auc: 1.0000 (0.9258)  f1_weighted: 1.0000 (0.7753)  time: 0.0177  data: 0.0022  max mem: 10551
Passive Test:  [  5160/?]  eta: ?  loss: 0.0104 (0.7759)  accuracy: 1.0000 (0.8596)  balanced_accuracy: 1.0000 (0.8381)  pr_auc: 1.0000 (0.8873)  roc_auc: 1.0000 (0.9259)  f1_weighted: 1.0000 (0.7756)  time: 0.0180  data: 0.0024  max mem: 10551
Passive Test:  [  5170/?]  eta: ?  loss: 0.0007 (0.7752)  accuracy: 1.0000 (0.8598)  balanced_accuracy: 1.0000 (0.8384)  pr_auc: 1.0000 (0.8875)  roc_auc: 1.0000 (0.9260)  f1_weighted: 1.0000 (0.7760)  time: 0.0181  data: 0.0025  max mem: 10551
Passive Test:  [  5180/?]  eta: ?  loss: 0.0140 (0.7751)  accuracy: 1.0000 (0.8599)  balanced_accuracy: 1.0000 (0.8386)  pr_auc: 1.0000 (0.8877)  roc_auc: 1.0000 (0.9262)  f1_weighted: 1.0000 (0.7763)  time: 0.0175  data: 0.0022  max mem: 10551
Passive Test:  [  5190/?]  eta: ?  loss: 0.0008 (0.7747)  accuracy: 1.0000 (0.8601)  balanced_accuracy: 1.0000 (0.8388)  pr_auc: 1.0000 (0.8878)  roc_auc: 1.0000 (0.9263)  f1_weighted: 1.0000 (0.7766)  time: 0.0176  data: 0.0024  max mem: 10551
Passive Test:  [  5200/?]  eta: ?  loss: 0.0001 (0.7748)  accuracy: 1.0000 (0.8602)  balanced_accuracy: 1.0000 (0.8390)  pr_auc: 1.0000 (0.8879)  roc_auc: 1.0000 (0.9263)  f1_weighted: 1.0000 (0.7768)  time: 0.0182  data: 0.0038  max mem: 10551
Passive Test:  [  5210/?]  eta: ?  loss: 0.0043 (0.7744)  accuracy: 1.0000 (0.8604)  balanced_accuracy: 1.0000 (0.8392)  pr_auc: 1.0000 (0.8881)  roc_auc: 1.0000 (0.9264)  f1_weighted: 1.0000 (0.7771)  time: 0.0183  data: 0.0041  max mem: 10551
Passive Test:  [  5220/?]  eta: ?  loss: 0.0046 (0.7743)  accuracy: 1.0000 (0.8605)  balanced_accuracy: 1.0000 (0.8393)  pr_auc: 1.0000 (0.8882)  roc_auc: 1.0000 (0.9265)  f1_weighted: 1.0000 (0.7773)  time: 0.0182  data: 0.0041  max mem: 10551
Passive Test:  [  5230/?]  eta: ?  loss: 0.0046 (0.7736)  accuracy: 1.0000 (0.8607)  balanced_accuracy: 1.0000 (0.8395)  pr_auc: 1.0000 (0.8883)  roc_auc: 1.0000 (0.9266)  f1_weighted: 1.0000 (0.7776)  time: 0.0185  data: 0.0044  max mem: 10551
Passive Test:  [  5240/?]  eta: ?  loss: 0.0605 (0.7733)  accuracy: 0.9688 (0.8607)  balanced_accuracy: 1.0000 (0.8396)  pr_auc: 1.0000 (0.8884)  roc_auc: 1.0000 (0.9266)  f1_weighted: 1.0000 (0.7777)  time: 0.0185  data: 0.0044  max mem: 10551
Passive Test:  [  5250/?]  eta: ?  loss: 0.1689 (0.7728)  accuracy: 0.9219 (0.8609)  balanced_accuracy: 1.0000 (0.8398)  pr_auc: 1.0000 (0.8885)  roc_auc: 1.0000 (0.9267)  f1_weighted: 1.0000 (0.7780)  time: 0.0181  data: 0.0039  max mem: 10551
Passive Test:  [  5260/?]  eta: ?  loss: 0.1689 (0.7729)  accuracy: 0.9062 (0.8609)  balanced_accuracy: 1.0000 (0.8399)  pr_auc: 1.0000 (0.8886)  roc_auc: 1.0000 (0.9268)  f1_weighted: 1.0000 (0.7781)  time: 0.0178  data: 0.0036  max mem: 10551
Passive Test:  [  5270/?]  eta: ?  loss: 0.0210 (0.7719)  accuracy: 0.8906 (0.8610)  balanced_accuracy: 1.0000 (0.8401)  pr_auc: 1.0000 (0.8888)  roc_auc: 1.0000 (0.9269)  f1_weighted: 1.0000 (0.7784)  time: 0.0180  data: 0.0038  max mem: 10551
Passive Test:  [  5280/?]  eta: ?  loss: 0.0558 (0.7714)  accuracy: 0.9531 (0.8611)  balanced_accuracy: 1.0000 (0.8403)  pr_auc: 1.0000 (0.8889)  roc_auc: 1.0000 (0.9269)  f1_weighted: 1.0000 (0.7786)  time: 0.0188  data: 0.0047  max mem: 10551
Passive Test:  [  5290/?]  eta: ?  loss: 0.0377 (0.7704)  accuracy: 0.9844 (0.8612)  balanced_accuracy: 1.0000 (0.8405)  pr_auc: 1.0000 (0.8890)  roc_auc: 1.0000 (0.9270)  f1_weighted: 1.0000 (0.7788)  time: 0.0184  data: 0.0044  max mem: 10551
Passive Test:  [  5300/?]  eta: ?  loss: 0.0370 (0.7695)  accuracy: 0.9844 (0.8613)  balanced_accuracy: 1.0000 (0.8406)  pr_auc: 1.0000 (0.8891)  roc_auc: 1.0000 (0.9271)  f1_weighted: 1.0000 (0.7790)  time: 0.0181  data: 0.0038  max mem: 10551
Passive Test:  [  5310/?]  eta: ?  loss: 0.0141 (0.7687)  accuracy: 0.9844 (0.8615)  balanced_accuracy: 1.0000 (0.8408)  pr_auc: 1.0000 (0.8892)  roc_auc: 1.0000 (0.9272)  f1_weighted: 1.0000 (0.7793)  time: 0.0182  data: 0.0038  max mem: 10551
Passive Test:  [  5320/?]  eta: ?  loss: 0.0020 (0.7685)  accuracy: 1.0000 (0.8616)  balanced_accuracy: 1.0000 (0.8409)  pr_auc: 1.0000 (0.8893)  roc_auc: 1.0000 (0.9272)  f1_weighted: 1.0000 (0.7794)  time: 0.0180  data: 0.0037  max mem: 10551
Passive Test:  [  5330/?]  eta: ?  loss: 0.0141 (0.7684)  accuracy: 0.9844 (0.8617)  balanced_accuracy: 1.0000 (0.8408)  pr_auc: 1.0000 (0.8892)  roc_auc: 1.0000 (0.9272)  f1_weighted: 1.0000 (0.7792)  time: 0.0190  data: 0.0043  max mem: 10551
Passive Test:  [  5340/?]  eta: ?  loss: 0.0369 (0.7674)  accuracy: 0.9688 (0.8618)  balanced_accuracy: 0.9688 (0.8409)  pr_auc: 1.0000 (0.8893)  roc_auc: 1.0000 (0.9273)  f1_weighted: 0.9697 (0.7794)  time: 0.0196  data: 0.0038  max mem: 10551
Passive Test:  [  5350/?]  eta: ?  loss: 0.0369 (0.7663)  accuracy: 0.9844 (0.8620)  balanced_accuracy: 0.9844 (0.8411)  pr_auc: 1.0000 (0.8895)  roc_auc: 1.0000 (0.9275)  f1_weighted: 0.9804 (0.7795)  time: 0.0187  data: 0.0022  max mem: 10551
Passive Test:  [  5360/?]  eta: ?  loss: 0.0360 (0.7652)  accuracy: 0.9844 (0.8621)  balanced_accuracy: 0.9872 (0.8412)  pr_auc: 1.0000 (0.8897)  roc_auc: 1.0000 (0.9276)  f1_weighted: 0.9841 (0.7797)  time: 0.0184  data: 0.0016  max mem: 10551
Passive Test:  [  5370/?]  eta: ?  loss: 0.0414 (0.7643)  accuracy: 0.9844 (0.8623)  balanced_accuracy: 0.9688 (0.8413)  pr_auc: 1.0000 (0.8899)  roc_auc: 1.0000 (0.9277)  f1_weighted: 0.9677 (0.7798)  time: 0.0183  data: 0.0014  max mem: 10551
Passive Test:  [  5380/?]  eta: ?  loss: 0.1851 (0.7635)  accuracy: 0.9219 (0.8623)  balanced_accuracy: 0.9062 (0.8413)  pr_auc: 0.9987 (0.8900)  roc_auc: 0.9961 (0.9278)  f1_weighted: 0.8966 (0.7799)  time: 0.0178  data: 0.0008  max mem: 10551
Passive Test:  [  5390/?]  eta: ?  loss: 0.1851 (0.7627)  accuracy: 0.9219 (0.8623)  balanced_accuracy: 0.9062 (0.8413)  pr_auc: 1.0000 (0.8900)  roc_auc: 1.0000 (0.9278)  f1_weighted: 0.8824 (0.7798)  time: 0.0182  data: 0.0014  max mem: 10551
Passive Test:  [  5400/?]  eta: ?  loss: 0.1505 (0.7618)  accuracy: 0.9062 (0.8623)  balanced_accuracy: 0.8646 (0.8414)  pr_auc: 1.0000 (0.8902)  roc_auc: 1.0000 (0.9280)  f1_weighted: 0.8434 (0.7800)  time: 0.0187  data: 0.0019  max mem: 10551
Passive Test:  [  5410/?]  eta: ?  loss: 0.1586 (0.7612)  accuracy: 0.9062 (0.8623)  balanced_accuracy: 0.8438 (0.8415)  pr_auc: 1.0000 (0.8904)  roc_auc: 1.0000 (0.9281)  f1_weighted: 0.8148 (0.7800)  time: 0.0189  data: 0.0017  max mem: 10551
Passive Test:  [  5420/?]  eta: ?  loss: 0.1586 (0.7604)  accuracy: 0.8438 (0.8623)  balanced_accuracy: 0.8854 (0.8416)  pr_auc: 1.0000 (0.8906)  roc_auc: 1.0000 (0.9282)  f1_weighted: 0.8667 (0.7802)  time: 0.0180  data: 0.0008  max mem: 10551
Passive Test:  [  5430/?]  eta: ?  loss: 0.0757 (0.7596)  accuracy: 0.8438 (0.8624)  balanced_accuracy: 0.8958 (0.8418)  pr_auc: 1.0000 (0.8908)  roc_auc: 1.0000 (0.9284)  f1_weighted: 0.8837 (0.7804)  time: 0.0171  data: 0.0001  max mem: 10551
Passive Test:  [  5440/?]  eta: ?  loss: 0.0366 (0.7588)  accuracy: 0.8594 (0.8624)  balanced_accuracy: 0.9062 (0.8419)  pr_auc: 1.0000 (0.8911)  roc_auc: 1.0000 (0.9285)  f1_weighted: 0.8966 (0.7806)  time: 0.0173  data: 0.0003  max mem: 10551
Passive Test:  [  5450/?]  eta: ?  loss: 0.0465 (0.7580)  accuracy: 0.8594 (0.8624)  balanced_accuracy: 0.9062 (0.8420)  pr_auc: 1.0000 (0.8913)  roc_auc: 1.0000 (0.9286)  f1_weighted: 0.8966 (0.7807)  time: 0.0175  data: 0.0006  max mem: 10551
Passive Test:  [  5460/?]  eta: ?  loss: 0.0499 (0.7577)  accuracy: 0.7812 (0.8624)  balanced_accuracy: 0.8333 (0.8421)  pr_auc: 1.0000 (0.8915)  roc_auc: 1.0000 (0.9287)  f1_weighted: 0.8333 (0.7808)  time: 0.0179  data: 0.0010  max mem: 10551
Passive Test:  [  5470/?]  eta: ?  loss: 0.0499 (0.7575)  accuracy: 0.7500 (0.8623)  balanced_accuracy: 0.8333 (0.8422)  pr_auc: 1.0000 (0.8916)  roc_auc: 1.0000 (0.9288)  f1_weighted: 0.7368 (0.7809)  time: 0.0179  data: 0.0009  max mem: 10551
Passive Test:  [  5480/?]  eta: ?  loss: 0.0007 (0.7567)  accuracy: 0.7500 (0.8623)  balanced_accuracy: 0.8333 (0.8423)  pr_auc: 1.0000 (0.8919)  roc_auc: 1.0000 (0.9289)  f1_weighted: 0.8000 (0.7810)  time: 0.0181  data: 0.0013  max mem: 10551
Passive Test:  [  5490/?]  eta: ?  loss: 0.0161 (0.7564)  accuracy: 0.7500 (0.8622)  balanced_accuracy: 0.8333 (0.8423)  pr_auc: 1.0000 (0.8920)  roc_auc: 1.0000 (0.9289)  f1_weighted: 0.8000 (0.7811)  time: 0.0182  data: 0.0014  max mem: 10551
Passive Test:  [  5500/?]  eta: ?  loss: 0.0185 (0.7554)  accuracy: 0.9844 (0.8623)  balanced_accuracy: 0.9896 (0.8425)  pr_auc: 1.0000 (0.8921)  roc_auc: 1.0000 (0.9290)  f1_weighted: 0.9895 (0.7814)  time: 0.0180  data: 0.0013  max mem: 10551
Passive Test:  [  5510/?]  eta: ?  loss: 0.0690 (0.7547)  accuracy: 0.9688 (0.8623)  balanced_accuracy: 0.9792 (0.8425)  pr_auc: 1.0000 (0.8923)  roc_auc: 1.0000 (0.9290)  f1_weighted: 0.9697 (0.7815)  time: 0.0178  data: 0.0012  max mem: 10551
Passive Test:  [  5520/?]  eta: ?  loss: 0.1073 (0.7544)  accuracy: 0.9531 (0.8623)  balanced_accuracy: 0.8750 (0.8425)  pr_auc: 0.9963 (0.8924)  roc_auc: 0.9883 (0.9291)  f1_weighted: 0.8571 (0.7816)  time: 0.0179  data: 0.0019  max mem: 10551
Passive Test:  [  5530/?]  eta: ?  loss: 0.2157 (0.7536)  accuracy: 0.8125 (0.8622)  balanced_accuracy: 0.8542 (0.8424)  pr_auc: 0.9732 (0.8925)  roc_auc: 0.9766 (0.9291)  f1_weighted: 0.7857 (0.7816)  time: 0.0176  data: 0.0020  max mem: 10551
Passive Test:  [  5540/?]  eta: ?  loss: 0.2326 (0.7528)  accuracy: 0.8281 (0.8622)  balanced_accuracy: 0.8542 (0.8424)  pr_auc: 0.9963 (0.8926)  roc_auc: 0.9883 (0.9292)  f1_weighted: 0.7857 (0.7816)  time: 0.0178  data: 0.0023  max mem: 10551
Passive Test:  [  5550/?]  eta: ?  loss: 0.2680 (0.7520)  accuracy: 0.8281 (0.8622)  balanced_accuracy: 0.8333 (0.8424)  pr_auc: 0.9931 (0.8928)  roc_auc: 0.9896 (0.9293)  f1_weighted: 0.7848 (0.7817)  time: 0.0189  data: 0.0033  max mem: 10551
Passive Test:  [  5560/?]  eta: ?  loss: 0.3900 (0.7515)  accuracy: 0.7656 (0.8621)  balanced_accuracy: 0.8438 (0.8424)  pr_auc: 0.9963 (0.8929)  roc_auc: 0.9987 (0.9294)  f1_weighted: 0.8000 (0.7818)  time: 0.0181  data: 0.0025  max mem: 10551
Passive Test:  [  5570/?]  eta: ?  loss: 0.3900 (0.7511)  accuracy: 0.7500 (0.8620)  balanced_accuracy: 0.8333 (0.8425)  pr_auc: 1.0000 (0.8931)  roc_auc: 1.0000 (0.9295)  f1_weighted: 0.7901 (0.7817)  time: 0.0174  data: 0.0019  max mem: 10551
Passive Test:  [  5580/?]  eta: ?  loss: 0.3739 (0.7509)  accuracy: 0.7500 (0.8619)  balanced_accuracy: 0.8333 (0.8425)  pr_auc: 1.0000 (0.8932)  roc_auc: 1.0000 (0.9295)  f1_weighted: 0.7536 (0.7817)  time: 0.0180  data: 0.0025  max mem: 10551
Passive Test:  [  5590/?]  eta: ?  loss: 0.3739 (0.7501)  accuracy: 0.7500 (0.8618)  balanced_accuracy: 0.8333 (0.8426)  pr_auc: 1.0000 (0.8934)  roc_auc: 1.0000 (0.9296)  f1_weighted: 0.7059 (0.7818)  time: 0.0187  data: 0.0031  max mem: 10551
Passive Test:  [  5600/?]  eta: ?  loss: 0.3685 (0.7496)  accuracy: 0.7656 (0.8618)  balanced_accuracy: 0.8333 (0.8426)  pr_auc: 1.0000 (0.8935)  roc_auc: 1.0000 (0.9297)  f1_weighted: 0.7857 (0.7818)  time: 0.0182  data: 0.0027  max mem: 10551
Passive Test:  [  5610/?]  eta: ?  loss: 0.3502 (0.7487)  accuracy: 0.7656 (0.8618)  balanced_accuracy: 0.8594 (0.8427)  pr_auc: 1.0000 (0.8937)  roc_auc: 1.0000 (0.9298)  f1_weighted: 0.8364 (0.7819)  time: 0.0176  data: 0.0020  max mem: 10551
Passive Test:  [  5620/?]  eta: ?  loss: 0.2828 (0.7478)  accuracy: 0.7500 (0.8618)  balanced_accuracy: 0.9531 (0.8429)  pr_auc: 1.0000 (0.8938)  roc_auc: 1.0000 (0.9299)  f1_weighted: 0.9508 (0.7821)  time: 0.0175  data: 0.0020  max mem: 10551
Passive Test:  [  5630/?]  eta: ?  loss: 0.0549 (0.7469)  accuracy: 0.7500 (0.8618)  balanced_accuracy: 0.9688 (0.8430)  pr_auc: 1.0000 (0.8940)  roc_auc: 1.0000 (0.9301)  f1_weighted: 0.9677 (0.7822)  time: 0.0181  data: 0.0025  max mem: 10551
Passive Test:  [  5640/?]  eta: ?  loss: 0.0549 (0.7460)  accuracy: 0.7500 (0.8617)  balanced_accuracy: 1.0000 (0.8431)  pr_auc: 1.0000 (0.8941)  roc_auc: 1.0000 (0.9301)  f1_weighted: 1.0000 (0.7824)  time: 0.0178  data: 0.0021  max mem: 10551
Passive Test:  [  5650/?]  eta: ?  loss: 0.2795 (0.7457)  accuracy: 0.7812 (0.8617)  balanced_accuracy: 0.9688 (0.8432)  pr_auc: 1.0000 (0.8942)  roc_auc: 1.0000 (0.9302)  f1_weighted: 0.9697 (0.7824)  time: 0.0170  data: 0.0020  max mem: 10551
Passive Test:  [  5660/?]  eta: ?  loss: 0.2958 (0.7451)  accuracy: 0.7969 (0.8616)  balanced_accuracy: 0.9688 (0.8433)  pr_auc: 1.0000 (0.8943)  roc_auc: 1.0000 (0.9302)  f1_weighted: 0.9697 (0.7826)  time: 0.0172  data: 0.0027  max mem: 10551
Passive Test:  [  5670/?]  eta: ?  loss: 0.2958 (0.7443)  accuracy: 0.8281 (0.8616)  balanced_accuracy: 0.9688 (0.8433)  pr_auc: 1.0000 (0.8944)  roc_auc: 1.0000 (0.9303)  f1_weighted: 0.9697 (0.7826)  time: 0.0175  data: 0.0031  max mem: 10551
Passive Test:  [  5680/?]  eta: ?  loss: 0.2960 (0.7441)  accuracy: 0.8281 (0.8615)  balanced_accuracy: 0.8281 (0.8431)  pr_auc: 0.9867 (0.8941)  roc_auc: 0.9883 (0.9302)  f1_weighted: 0.8000 (0.7823)  time: 0.0189  data: 0.0039  max mem: 10551
Passive Test:  [  5690/?]  eta: ?  loss: 0.4525 (0.7440)  accuracy: 0.8906 (0.8614)  balanced_accuracy: 0.8125 (0.8430)  pr_auc: 0.9867 (0.8940)  roc_auc: 0.9824 (0.9301)  f1_weighted: 0.7857 (0.7822)  time: 0.0188  data: 0.0033  max mem: 10551
Passive Test:  [  5700/?]  eta: ?  loss: 0.3097 (0.7437)  accuracy: 0.9062 (0.8614)  balanced_accuracy: 0.9062 (0.8429)  pr_auc: 0.9776 (0.8939)  roc_auc: 0.9736 (0.9300)  f1_weighted: 0.8966 (0.7821)  time: 0.0177  data: 0.0022  max mem: 10551
Passive Test:  [  5710/?]  eta: ?  loss: 0.3150 (0.7439)  accuracy: 0.9062 (0.8613)  balanced_accuracy: 0.9219 (0.8429)  pr_auc: 0.9897 (0.8938)  roc_auc: 0.9893 (0.9299)  f1_weighted: 0.9153 (0.7821)  time: 0.0183  data: 0.0027  max mem: 10551
Passive Test:  [  5720/?]  eta: ?  loss: 0.3150 (0.7437)  accuracy: 0.9062 (0.8612)  balanced_accuracy: 0.9219 (0.8428)  pr_auc: 0.9897 (0.8935)  roc_auc: 0.9893 (0.9298)  f1_weighted: 0.9153 (0.7819)  time: 0.0185  data: 0.0028  max mem: 10551
Passive Test:  [  5730/?]  eta: ?  loss: 0.3655 (0.7436)  accuracy: 0.8594 (0.8610)  balanced_accuracy: 0.9375 (0.8427)  pr_auc: 1.0000 (0.8934)  roc_auc: 1.0000 (0.9297)  f1_weighted: 0.9333 (0.7819)  time: 0.0177  data: 0.0020  max mem: 10551
Passive Test:  [  5740/?]  eta: ?  loss: 0.2646 (0.7434)  accuracy: 0.8594 (0.8609)  balanced_accuracy: 0.9375 (0.8425)  pr_auc: 1.0000 (0.8931)  roc_auc: 1.0000 (0.9295)  f1_weighted: 0.9333 (0.7817)  time: 0.0175  data: 0.0019  max mem: 10551
Passive Test:  [  5750/?]  eta: ?  loss: 0.1641 (0.7431)  accuracy: 0.9062 (0.8609)  balanced_accuracy: 0.9531 (0.8425)  pr_auc: 1.0000 (0.8930)  roc_auc: 1.0000 (0.9293)  f1_weighted: 0.9508 (0.7816)  time: 0.0179  data: 0.0024  max mem: 10551
Passive Test:  [  5760/?]  eta: ?  loss: 0.2879 (0.7432)  accuracy: 0.8906 (0.8608)  balanced_accuracy: 0.9219 (0.8423)  pr_auc: 1.0000 (0.8927)  roc_auc: 1.0000 (0.9291)  f1_weighted: 0.9254 (0.7813)  time: 0.0187  data: 0.0032  max mem: 10551
Passive Test:  [  5770/?]  eta: ?  loss: 0.1904 (0.7430)  accuracy: 0.8906 (0.8608)  balanced_accuracy: 0.9559 (0.8422)  pr_auc: 1.0000 (0.8926)  roc_auc: 1.0000 (0.9289)  f1_weighted: 0.9538 (0.7812)  time: 0.0185  data: 0.0030  max mem: 10551
Passive Test:  [  5780/?]  eta: ?  loss: 0.0618 (0.7432)  accuracy: 0.8906 (0.8606)  balanced_accuracy: 0.9844 (0.8421)  pr_auc: 1.0000 (0.8924)  roc_auc: 1.0000 (0.9288)  f1_weighted: 0.9841 (0.7811)  time: 0.0178  data: 0.0022  max mem: 10551
Passive Test:  [  5790/?]  eta: ?  loss: 0.0710 (0.7425)  accuracy: 0.7812 (0.8606)  balanced_accuracy: 0.9844 (0.8422)  pr_auc: 1.0000 (0.8926)  roc_auc: 1.0000 (0.9289)  f1_weighted: 0.9841 (0.7812)  time: 0.0180  data: 0.0024  max mem: 10551
Passive Test:  [  5800/?]  eta: ?  loss: 0.4055 (0.7425)  accuracy: 0.7812 (0.8605)  balanced_accuracy: 0.9571 (0.8423)  pr_auc: 1.0000 (0.8927)  roc_auc: 1.0000 (0.9290)  f1_weighted: 0.9552 (0.7812)  time: 0.0183  data: 0.0023  max mem: 10551
Passive Test:  [  5810/?]  eta: ?  loss: 0.4801 (0.7432)  accuracy: 0.7344 (0.8604)  balanced_accuracy: 0.8229 (0.8423)  pr_auc: 1.0000 (0.8929)  roc_auc: 1.0000 (0.9292)  f1_weighted: 0.7368 (0.7812)  time: 0.0181  data: 0.0014  max mem: 10551
Passive Test:  [  5820/?]  eta: ?  loss: 0.2127 (0.7430)  accuracy: 0.8125 (0.8604)  balanced_accuracy: 0.8750 (0.8424)  pr_auc: 1.0000 (0.8931)  roc_auc: 1.0000 (0.9293)  f1_weighted: 0.7848 (0.7813)  time: 0.0182  data: 0.0014  max mem: 10551
Passive Test:  [  5830/?]  eta: ?  loss: 0.1987 (0.7429)  accuracy: 0.8594 (0.8604)  balanced_accuracy: 0.9062 (0.8425)  pr_auc: 1.0000 (0.8933)  roc_auc: 1.0000 (0.9294)  f1_weighted: 0.8889 (0.7815)  time: 0.0184  data: 0.0015  max mem: 10551
Passive Test:  [  5840/?]  eta: ?  loss: 0.3129 (0.7422)  accuracy: 0.8750 (0.8604)  balanced_accuracy: 0.9062 (0.8425)  pr_auc: 1.0000 (0.8935)  roc_auc: 1.0000 (0.9294)  f1_weighted: 0.8966 (0.7816)  time: 0.0185  data: 0.0015  max mem: 10551
Passive Test:  [  5850/?]  eta: ?  loss: 0.3062 (0.7414)  accuracy: 0.8750 (0.8604)  balanced_accuracy: 0.9062 (0.8426)  pr_auc: 1.0000 (0.8936)  roc_auc: 1.0000 (0.9295)  f1_weighted: 0.8966 (0.7818)  time: 0.0182  data: 0.0013  max mem: 10551
Passive Test:  [  5860/?]  eta: ?  loss: 0.2631 (0.7407)  accuracy: 0.8906 (0.8603)  balanced_accuracy: 0.9271 (0.8426)  pr_auc: 1.0000 (0.8938)  roc_auc: 1.0000 (0.9295)  f1_weighted: 0.9091 (0.7820)  time: 0.0175  data: 0.0005  max mem: 10551
Passive Test:  [  5870/?]  eta: ?  loss: 0.1591 (0.7398)  accuracy: 0.9219 (0.8604)  balanced_accuracy: 0.9479 (0.8426)  pr_auc: 1.0000 (0.8940)  roc_auc: 1.0000 (0.9296)  f1_weighted: 0.9451 (0.7823)  time: 0.0176  data: 0.0007  max mem: 10551
Passive Test:  [  5880/?]  eta: ?  loss: 0.0986 (0.7388)  accuracy: 0.9531 (0.8605)  balanced_accuracy: 0.9688 (0.8426)  pr_auc: 1.0000 (0.8942)  roc_auc: 1.0000 (0.9297)  f1_weighted: 0.9677 (0.7826)  time: 0.0175  data: 0.0007  max mem: 10551
Passive Test:  [  5890/?]  eta: ?  loss: 0.0986 (0.7379)  accuracy: 0.9062 (0.8605)  balanced_accuracy: 0.9375 (0.8427)  pr_auc: 1.0000 (0.8943)  roc_auc: 1.0000 (0.9297)  f1_weighted: 0.9333 (0.7829)  time: 0.0176  data: 0.0008  max mem: 10551
Passive Test:  [  5900/?]  eta: ?  loss: 0.0002 (0.7370)  accuracy: 0.9375 (0.8606)  balanced_accuracy: 0.9583 (0.8427)  pr_auc: 1.0000 (0.8945)  roc_auc: 1.0000 (0.9298)  f1_weighted: 0.9565 (0.7832)  time: 0.0176  data: 0.0007  max mem: 10551
Passive Test:  [  5910/?]  eta: ?  loss: 0.0822 (0.7367)  accuracy: 0.9375 (0.8606)  balanced_accuracy: 0.9375 (0.8427)  pr_auc: 1.0000 (0.8947)  roc_auc: 1.0000 (0.9299)  f1_weighted: 0.9333 (0.7834)  time: 0.0173  data: 0.0003  max mem: 10551
Passive Test:  [  5920/?]  eta: ?  loss: 0.0822 (0.7370)  accuracy: 0.8594 (0.8606)  balanced_accuracy: 0.9062 (0.8427)  pr_auc: 1.0000 (0.8948)  roc_auc: 1.0000 (0.9298)  f1_weighted: 0.8966 (0.7836)  time: 0.0172  data: 0.0002  max mem: 10551
Passive Test:  [  5930/?]  eta: ?  loss: 0.3505 (0.7372)  accuracy: 0.8125 (0.8605)  balanced_accuracy: 0.8523 (0.8427)  pr_auc: 1.0000 (0.8950)  roc_auc: 1.0000 (0.9298)  f1_weighted: 0.8276 (0.7837)  time: 0.0176  data: 0.0008  max mem: 10551
Passive Test:  [  5940/?]  eta: ?  loss: 0.3505 (0.7375)  accuracy: 0.8125 (0.8605)  balanced_accuracy: 0.8438 (0.8426)  pr_auc: 0.9991 (0.8951)  roc_auc: 0.9990 (0.9298)  f1_weighted: 0.8219 (0.7838)  time: 0.0185  data: 0.0017  max mem: 10551
Passive Test:  [  5950/?]  eta: ?  loss: 0.2322 (0.7373)  accuracy: 0.9219 (0.8605)  balanced_accuracy: 0.9219 (0.8427)  pr_auc: 0.9991 (0.8953)  roc_auc: 0.9990 (0.9299)  f1_weighted: 0.9153 (0.7839)  time: 0.0186  data: 0.0018  max mem: 10551
Passive Test:  [  5960/?]  eta: ?  loss: 0.0924 (0.7363)  accuracy: 0.9375 (0.8607)  balanced_accuracy: 0.9375 (0.8429)  pr_auc: 1.0000 (0.8955)  roc_auc: 1.0000 (0.9300)  f1_weighted: 0.9394 (0.7842)  time: 0.0194  data: 0.0026  max mem: 10551
Passive Test:  [  5970/?]  eta: ?  loss: 0.0924 (0.7354)  accuracy: 0.9375 (0.8608)  balanced_accuracy: 0.9375 (0.8431)  pr_auc: 1.0000 (0.8957)  roc_auc: 1.0000 (0.9301)  f1_weighted: 0.9333 (0.7845)  time: 0.0204  data: 0.0039  max mem: 10551
Passive Test:  [  5980/?]  eta: ?  loss: 0.0910 (0.7343)  accuracy: 0.9688 (0.8610)  balanced_accuracy: 0.9688 (0.8434)  pr_auc: 1.0000 (0.8959)  roc_auc: 1.0000 (0.9303)  f1_weighted: 0.9677 (0.7848)  time: 0.0193  data: 0.0027  max mem: 10551
Passive Test:  [  5990/?]  eta: ?  loss: 0.0268 (0.7335)  accuracy: 0.9688 (0.8611)  balanced_accuracy: 0.9844 (0.8435)  pr_auc: 1.0000 (0.8961)  roc_auc: 1.0000 (0.9304)  f1_weighted: 0.9841 (0.7850)  time: 0.0182  data: 0.0015  max mem: 10551
Passive Test:  [  6000/?]  eta: ?  loss: 0.0115 (0.7327)  accuracy: 1.0000 (0.8613)  balanced_accuracy: 1.0000 (0.8436)  pr_auc: 1.0000 (0.8962)  roc_auc: 1.0000 (0.9305)  f1_weighted: 1.0000 (0.7852)  time: 0.0180  data: 0.0022  max mem: 10551
Passive Test:  [  6010/?]  eta: ?  loss: 0.0210 (0.7320)  accuracy: 0.9844 (0.8614)  balanced_accuracy: 0.9844 (0.8437)  pr_auc: 1.0000 (0.8963)  roc_auc: 1.0000 (0.9306)  f1_weighted: 0.9841 (0.7854)  time: 0.0179  data: 0.0024  max mem: 10551
Passive Test:  [  6020/?]  eta: ?  loss: 0.0294 (0.7311)  accuracy: 0.9844 (0.8615)  balanced_accuracy: 1.0000 (0.8438)  pr_auc: 1.0000 (0.8965)  roc_auc: 1.0000 (0.9307)  f1_weighted: 1.0000 (0.7856)  time: 0.0177  data: 0.0020  max mem: 10551
Passive Test:  [  6030/?]  eta: ?  loss: 0.0009 (0.7302)  accuracy: 1.0000 (0.8617)  balanced_accuracy: 1.0000 (0.8440)  pr_auc: 1.0000 (0.8966)  roc_auc: 1.0000 (0.9308)  f1_weighted: 1.0000 (0.7858)  time: 0.0175  data: 0.0018  max mem: 10551
Passive Test:  [  6040/?]  eta: ?  loss: 0.0038 (0.7291)  accuracy: 1.0000 (0.8619)  balanced_accuracy: 1.0000 (0.8442)  pr_auc: 1.0000 (0.8968)  roc_auc: 1.0000 (0.9308)  f1_weighted: 1.0000 (0.7860)  time: 0.0179  data: 0.0024  max mem: 10551
Passive Test:  [  6050/?]  eta: ?  loss: 0.0015 (0.7279)  accuracy: 1.0000 (0.8621)  balanced_accuracy: 1.0000 (0.8444)  pr_auc: 1.0000 (0.8969)  roc_auc: 1.0000 (0.9309)  f1_weighted: 1.0000 (0.7863)  time: 0.0180  data: 0.0024  max mem: 10551
Passive Test:  [  6060/?]  eta: ?  loss: 0.0009 (0.7267)  accuracy: 1.0000 (0.8623)  balanced_accuracy: 1.0000 (0.8446)  pr_auc: 1.0000 (0.8970)  roc_auc: 1.0000 (0.9310)  f1_weighted: 1.0000 (0.7866)  time: 0.0177  data: 0.0020  max mem: 10551
Passive Test:  [  6070/?]  eta: ?  loss: 0.0016 (0.7255)  accuracy: 1.0000 (0.8625)  balanced_accuracy: 1.0000 (0.8448)  pr_auc: 1.0000 (0.8972)  roc_auc: 1.0000 (0.9311)  f1_weighted: 1.0000 (0.7869)  time: 0.0179  data: 0.0023  max mem: 10551
Passive Test:  [  6080/?]  eta: ?  loss: 0.0204 (0.7246)  accuracy: 0.9844 (0.8627)  balanced_accuracy: 1.0000 (0.8450)  pr_auc: 1.0000 (0.8973)  roc_auc: 1.0000 (0.9312)  f1_weighted: 1.0000 (0.7871)  time: 0.0178  data: 0.0023  max mem: 10551
Passive Test:  [  6090/?]  eta: ?  loss: 0.0963 (0.7236)  accuracy: 0.9844 (0.8629)  balanced_accuracy: 1.0000 (0.8452)  pr_auc: 1.0000 (0.8975)  roc_auc: 1.0000 (0.9313)  f1_weighted: 1.0000 (0.7874)  time: 0.0177  data: 0.0019  max mem: 10551
Passive Test:  [  6100/?]  eta: ?  loss: 0.0317 (0.7226)  accuracy: 1.0000 (0.8631)  balanced_accuracy: 1.0000 (0.8454)  pr_auc: 1.0000 (0.8976)  roc_auc: 1.0000 (0.9314)  f1_weighted: 1.0000 (0.7877)  time: 0.0176  data: 0.0018  max mem: 10551
Passive Test:  [  6110/?]  eta: ?  loss: 0.0634 (0.7222)  accuracy: 1.0000 (0.8632)  balanced_accuracy: 1.0000 (0.8455)  pr_auc: 1.0000 (0.8977)  roc_auc: 1.0000 (0.9315)  f1_weighted: 1.0000 (0.7879)  time: 0.0173  data: 0.0019  max mem: 10551
Passive Test:  [  6120/?]  eta: ?  loss: 0.0968 (0.7226)  accuracy: 0.9844 (0.8632)  balanced_accuracy: 1.0000 (0.8457)  pr_auc: 1.0000 (0.8978)  roc_auc: 1.0000 (0.9315)  f1_weighted: 1.0000 (0.7881)  time: 0.0179  data: 0.0031  max mem: 10551
Passive Test:  [  6130/?]  eta: ?  loss: 0.1059 (0.7225)  accuracy: 0.9844 (0.8633)  balanced_accuracy: 1.0000 (0.8458)  pr_auc: 1.0000 (0.8979)  roc_auc: 1.0000 (0.9316)  f1_weighted: 1.0000 (0.7882)  time: 0.0176  data: 0.0032  max mem: 10551
Passive Test:  [  6140/?]  eta: ?  loss: 0.1144 (0.7228)  accuracy: 0.9531 (0.8633)  balanced_accuracy: 0.9844 (0.8459)  pr_auc: 1.0000 (0.8980)  roc_auc: 1.0000 (0.9317)  f1_weighted: 0.9846 (0.7883)  time: 0.0178  data: 0.0034  max mem: 10551
Passive Test:  [  6150/?]  eta: ?  loss: 0.1576 (0.7229)  accuracy: 0.9062 (0.8634)  balanced_accuracy: 0.9706 (0.8458)  pr_auc: 1.0000 (0.8980)  roc_auc: 1.0000 (0.9317)  f1_weighted: 0.9697 (0.7883)  time: 0.0182  data: 0.0038  max mem: 10551
Passive Test:  [  6160/?]  eta: ?  loss: 0.7506 (0.7237)  accuracy: 0.8594 (0.8633)  balanced_accuracy: 0.8545 (0.8457)  pr_auc: 0.9670 (0.8978)  roc_auc: 0.9863 (0.9316)  f1_weighted: 0.8000 (0.7880)  time: 0.0177  data: 0.0028  max mem: 10551
Passive Test:  [  6170/?]  eta: ?  loss: 0.5173 (0.7242)  accuracy: 0.8750 (0.8634)  balanced_accuracy: 0.8095 (0.8456)  pr_auc: 0.9591 (0.8976)  roc_auc: 0.9712 (0.9315)  f1_weighted: 0.6792 (0.7879)  time: 0.0179  data: 0.0033  max mem: 10551
Passive Test:  [  6180/?]  eta: ?  loss: 0.0588 (0.7251)  accuracy: 0.9688 (0.8634)  balanced_accuracy: 0.7320 (0.8456)  pr_auc: 0.8919 (0.8974)  roc_auc: 0.9619 (0.9314)  f1_weighted: 0.6462 (0.7879)  time: 0.0180  data: 0.0036  max mem: 10551
Passive Test:  [  6190/?]  eta: ?  loss: 0.0250 (0.7251)  accuracy: 0.9844 (0.8635)  balanced_accuracy: 0.7326 (0.8456)  pr_auc: 0.8919 (0.8973)  roc_auc: 0.9621 (0.9314)  f1_weighted: 0.6562 (0.7879)  time: 0.0171  data: 0.0027  max mem: 10551
Passive Test:  [  6200/?]  eta: ?  loss: 0.0129 (0.7254)  accuracy: 0.9844 (0.8635)  balanced_accuracy: 0.7442 (0.8456)  pr_auc: 0.5882 (0.8972)  roc_auc: 0.8184 (0.9313)  f1_weighted: 0.6667 (0.7880)  time: 0.0171  data: 0.0028  max mem: 10551
Passive Test:  [  6210/?]  eta: ?  loss: 0.0114 (0.7253)  accuracy: 0.9844 (0.8636)  balanced_accuracy: 0.8994 (0.8456)  pr_auc: 0.9583 (0.8971)  roc_auc: 0.9943 (0.9313)  f1_weighted: 0.7692 (0.7880)  time: 0.0175  data: 0.0029  max mem: 10551
Passive Test:  [  6220/?]  eta: ?  loss: 0.0073 (0.7245)  accuracy: 1.0000 (0.8637)  balanced_accuracy: 0.8994 (0.8457)  pr_auc: 1.0000 (0.8971)  roc_auc: 1.0000 (0.9314)  f1_weighted: 0.8649 (0.7881)  time: 0.0184  data: 0.0037  max mem: 10551
Passive Test:  [  6230/?]  eta: ?  loss: 0.0000 (0.7240)  accuracy: 1.0000 (0.8637)  balanced_accuracy: 0.8750 (0.8457)  pr_auc: 1.0000 (0.8973)  roc_auc: 1.0000 (0.9314)  f1_weighted: 0.8571 (0.7880)  time: 0.0189  data: 0.0038  max mem: 10551
Passive Test:  [  6240/?]  eta: ?  loss: 0.0551 (0.7232)  accuracy: 0.9219 (0.8638)  balanced_accuracy: 0.7917 (0.8456)  pr_auc: 1.0000 (0.8974)  roc_auc: 1.0000 (0.9315)  f1_weighted: 0.7368 (0.7879)  time: 0.0191  data: 0.0039  max mem: 10551
Passive Test:  [  6250/?]  eta: ?  loss: 0.0004 (0.7222)  accuracy: 1.0000 (0.8640)  balanced_accuracy: 0.8438 (0.8456)  pr_auc: 1.0000 (0.8974)  roc_auc: 1.0000 (0.9315)  f1_weighted: 0.8571 (0.7880)  time: 0.0193  data: 0.0056  max mem: 10551
Passive Test:  [  6260/?]  eta: ?  loss: 0.0004 (0.7253)  accuracy: 1.0000 (0.8637)  balanced_accuracy: 0.8438 (0.8456)  pr_auc: 1.0000 (0.8974)  roc_auc: 1.0000 (0.9315)  f1_weighted: 0.8571 (0.7880)  time: 0.0192  data: 0.0072  max mem: 10551
Passive Test:  [  6270/?]  eta: ?  loss: 0.0337 (0.7271)  accuracy: 0.9844 (0.8636)  balanced_accuracy: 0.8438 (0.8456)  pr_auc: 1.0000 (0.8974)  roc_auc: 1.0000 (0.9316)  f1_weighted: 0.8485 (0.7880)  time: 0.0198  data: 0.0078  max mem: 10551
Passive Test:  [  6280/?]  eta: ?  loss: 0.1926 (0.7296)  accuracy: 0.9219 (0.8632)  balanced_accuracy: 0.8438 (0.8456)  pr_auc: 1.0000 (0.8974)  roc_auc: 1.0000 (0.9316)  f1_weighted: 0.8485 (0.7880)  time: 0.0202  data: 0.0081  max mem: 10551
Passive Test:  [  6290/?]  eta: ?  loss: 0.1926 (0.7330)  accuracy: 0.8281 (0.8629)  balanced_accuracy: 0.8750 (0.8456)  pr_auc: 1.0000 (0.8975)  roc_auc: 1.0000 (0.9316)  f1_weighted: 0.8485 (0.7880)  time: 0.0207  data: 0.0082  max mem: 10551
Passive Test:  [  6300/?]  eta: ?  loss: 1.1694 (0.7381)  accuracy: 0.4844 (0.8622)  balanced_accuracy: 0.8750 (0.8457)  pr_auc: 1.0000 (0.8975)  roc_auc: 1.0000 (0.9316)  f1_weighted: 0.8485 (0.7880)  time: 0.0202  data: 0.0073  max mem: 10551
Passive Test:  [  6310/?]  eta: ?  loss: 3.0503 (0.7424)  accuracy: 0.3438 (0.8616)  balanced_accuracy: 0.8750 (0.8457)  pr_auc: 1.0000 (0.8975)  roc_auc: 1.0000 (0.9316)  f1_weighted: 0.8485 (0.7880)  time: 0.0206  data: 0.0080  max mem: 10551
Passive Test:  [  6320/?]  eta: ?  loss: 0.5351 (0.7427)  accuracy: 0.5781 (0.8615)  balanced_accuracy: 0.8750 (0.8457)  pr_auc: 1.0000 (0.8975)  roc_auc: 1.0000 (0.9316)  f1_weighted: 0.8485 (0.7880)  time: 0.0217  data: 0.0086  max mem: 10551
Passive Test:  [  6330/?]  eta: ?  loss: 0.0203 (0.7426)  accuracy: 0.9844 (0.8615)  balanced_accuracy: 0.7917 (0.8456)  pr_auc: 1.0000 (0.8975)  roc_auc: 1.0000 (0.9316)  f1_weighted: 0.7368 (0.7879)  time: 0.0212  data: 0.0077  max mem: 10551
Passive Test:  [  6340/?]  eta: ?  loss: 0.0000 (0.7415)  accuracy: 1.0000 (0.8617)  balanced_accuracy: 0.7917 (0.8456)  pr_auc: 1.0000 (0.8975)  roc_auc: 1.0000 (0.9316)  f1_weighted: 0.7368 (0.7879)  time: 0.0214  data: 0.0081  max mem: 10551
Passive Test:  [  6350/?]  eta: ?  loss: 0.0000 (0.7403)  accuracy: 1.0000 (0.8619)  balanced_accuracy: 0.7917 (0.8456)  pr_auc: 1.0000 (0.8975)  roc_auc: 1.0000 (0.9316)  f1_weighted: 0.7368 (0.7879)  time: 0.0227  data: 0.0088  max mem: 10551
Passive Test:  [  6360/?]  eta: ?  loss: 0.0000 (0.7392)  accuracy: 1.0000 (0.8621)  balanced_accuracy: 0.8750 (0.8456)  pr_auc: 1.0000 (0.8975)  roc_auc: 1.0000 (0.9316)  f1_weighted: 0.8485 (0.7880)  time: 0.0219  data: 0.0081  max mem: 10551
Passive Test: Total time: 0:01:54 (0.0180 s / it)
* loss 0.738
  ACTIVE Test Acc: 88.7948% (n=69,183)
  PASSIVE Test Acc: 86.2268% (n=407,568)
  → Epoch   5/50 | Train Loss: 0.0567 | Val Loss: 0.7222 | Train Acc: 97.7480% | Val Acc: 86.5974% | LR: 0.000001
Max accuracy val: 87.06%, max accuracy test: 86.95%
Epoch: [5]  [     0/?]  eta: ?  lr: 0.000500  min_lr: 0.000002  loss: 0.0731 (0.0731)  class_acc: 0.9717 (0.9717)  loss_scale: 32.0000 (32.0000)  weight_decay: 0.0500 (0.0500)  grad_norm: 26.9352 (26.9352)  time: 10.9414  data: 10.6563  max mem: 10551
Epoch: [5]  [   500/?]  eta: ?  lr: 0.000500  min_lr: 0.000002  loss: 0.0604 (0.0582)  class_acc: 0.9756 (0.9771)  loss_scale: 32.0000 (32.0000)  weight_decay: 0.0500 (0.0500)  grad_norm: 19.6582 (21.7962)  time: 3.4438  data: 3.1743  max mem: 10551
Epoch: [5]  [  1000/?]  eta: ?  lr: 0.000500  min_lr: 0.000002  loss: 0.0645 (0.0589)  class_acc: 0.9746 (0.9768)  loss_scale: 32.0000 (32.0000)  weight_decay: 0.0500 (0.0500)  grad_norm: 21.1450 (21.8359)  time: 2.0676  data: 1.7979  max mem: 10551
Epoch: [5]  [  1500/?]  eta: ?  lr: 0.000500  min_lr: 0.000002  loss: 0.0575 (0.0588)  class_acc: 0.9766 (0.9768)  loss_scale: 32.0000 (32.0000)  weight_decay: 0.0500 (0.0500)  grad_norm: 17.9360 (21.4233)  time: 1.2138  data: 0.9428  max mem: 10551
Epoch: [5]  [  2000/?]  eta: ?  lr: 0.000500  min_lr: 0.000002  loss: 0.0558 (0.0586)  class_acc: 0.9766 (0.9769)  loss_scale: 64.0000 (33.0075)  weight_decay: 0.0500 (0.0500)  grad_norm: 23.0128 (21.3272)  time: 1.0449  data: 0.7735  max mem: 10551
Epoch: [5] Total time: 1:24:52 (2.3545 s / it)
Val:  [     0/?]  eta: ?  loss: 0.0525 (0.0525)  accuracy: 0.9798 (0.9798)  balanced_accuracy: 0.9382 (0.9382)  pr_auc: 0.9902 (0.9902)  roc_auc: 0.9982 (0.9982)  f1_weighted: 0.9249 (0.9249)  time: 4.4699  data: 4.3509  max mem: 10551
Val:  [    10/?]  eta: ?  loss: 0.3475 (0.4743)  accuracy: 0.9251 (0.8998)  balanced_accuracy: 0.9122 (0.8703)  pr_auc: 0.9632 (0.8789)  roc_auc: 0.9770 (0.9543)  f1_weighted: 0.9001 (0.8101)  time: 2.1348  data: 2.0181  max mem: 10551
Val:  [    20/?]  eta: ?  loss: 0.3534 (0.5011)  accuracy: 0.9108 (0.8932)  balanced_accuracy: 0.9122 (0.8838)  pr_auc: 0.9627 (0.9179)  roc_auc: 0.9780 (0.9617)  f1_weighted: 0.8875 (0.8367)  time: 1.9169  data: 1.7961  max mem: 10551
Val:  [    30/?]  eta: ?  loss: 0.3534 (0.4806)  accuracy: 0.9036 (0.8997)  balanced_accuracy: 0.8927 (0.8859)  pr_auc: 0.9627 (0.9197)  roc_auc: 0.9868 (0.9655)  f1_weighted: 0.8744 (0.8416)  time: 1.9514  data: 1.8286  max mem: 10551
Val:  [    40/?]  eta: ?  loss: 0.3838 (0.5865)  accuracy: 0.8971 (0.8943)  balanced_accuracy: 0.8713 (0.8696)  pr_auc: 0.9473 (0.8793)  roc_auc: 0.9748 (0.9518)  f1_weighted: 0.8374 (0.8072)  time: 1.9314  data: 1.8096  max mem: 10551
Val:  [    50/?]  eta: ?  loss: 0.6205 (0.6671)  accuracy: 0.8783 (0.8828)  balanced_accuracy: 0.8599 (0.8585)  pr_auc: 0.8352 (0.8629)  roc_auc: 0.9398 (0.9434)  f1_weighted: 0.7643 (0.7930)  time: 1.8716  data: 1.7507  max mem: 10551
Val:  [    60/?]  eta: ?  loss: 0.4139 (0.6409)  accuracy: 0.8783 (0.8857)  balanced_accuracy: 0.8905 (0.8577)  pr_auc: 0.8766 (0.8593)  roc_auc: 0.9602 (0.9448)  f1_weighted: 0.8600 (0.7896)  time: 1.8034  data: 1.6860  max mem: 10551
Val:  [    70/?]  eta: ?  loss: 0.4139 (0.6400)  accuracy: 0.8652 (0.8822)  balanced_accuracy: 0.8654 (0.8475)  pr_auc: 0.9445 (0.8562)  roc_auc: 0.9598 (0.9418)  f1_weighted: 0.8450 (0.7765)  time: 1.7352  data: 1.6196  max mem: 10551
Val:  [    80/?]  eta: ?  loss: 0.7551 (0.7086)  accuracy: 0.8431 (0.8733)  balanced_accuracy: 0.8058 (0.8373)  pr_auc: 0.9151 (0.8554)  roc_auc: 0.9358 (0.9407)  f1_weighted: 0.7502 (0.7539)  time: 1.7274  data: 1.6107  max mem: 10551
Val:  [    90/?]  eta: ?  loss: 0.6142 (0.8037)  accuracy: 0.8470 (0.8651)  balanced_accuracy: 0.8222 (0.8373)  pr_auc: 0.9284 (0.8667)  roc_auc: 0.9601 (0.9347)  f1_weighted: 0.6960 (0.7589)  time: 1.7543  data: 1.6366  max mem: 10551
Val:  [   100/?]  eta: ?  loss: 0.6142 (0.8655)  accuracy: 0.8411 (0.8596)  balanced_accuracy: 0.8486 (0.8291)  pr_auc: 0.9227 (0.8442)  roc_auc: 0.9040 (0.9189)  f1_weighted: 0.8056 (0.7472)  time: 1.7814  data: 1.6638  max mem: 10551
Val:  [   110/?]  eta: ?  loss: 0.8817 (0.8903)  accuracy: 0.8470 (0.8545)  balanced_accuracy: 0.7969 (0.8220)  pr_auc: 0.6841 (0.8304)  roc_auc: 0.8020 (0.9109)  f1_weighted: 0.7607 (0.7370)  time: 1.8029  data: 1.6836  max mem: 10551
Val:  [   120/?]  eta: ?  loss: 0.1577 (0.8270)  accuracy: 0.9154 (0.8621)  balanced_accuracy: 0.9313 (0.8331)  pr_auc: 0.9927 (0.8446)  roc_auc: 0.9925 (0.9182)  f1_weighted: 0.8858 (0.7539)  time: 1.8161  data: 1.6970  max mem: 10551
Val:  [   130/?]  eta: ?  loss: 0.2361 (0.8270)  accuracy: 0.9062 (0.8610)  balanced_accuracy: 0.9272 (0.8354)  pr_auc: 0.9962 (0.8526)  roc_auc: 0.9935 (0.9207)  f1_weighted: 0.8858 (0.7598)  time: 1.8137  data: 1.6971  max mem: 10551
Val:  [   140/?]  eta: ?  loss: 0.6913 (0.8502)  accuracy: 0.8216 (0.8583)  balanced_accuracy: 0.8441 (0.8342)  pr_auc: 0.9569 (0.8535)  roc_auc: 0.9610 (0.9189)  f1_weighted: 0.8159 (0.7622)  time: 1.8199  data: 1.7048  max mem: 10551
Val:  [   150/?]  eta: ?  loss: 0.8538 (0.8505)  accuracy: 0.8138 (0.8557)  balanced_accuracy: 0.7645 (0.8238)  pr_auc: 0.8872 (0.8410)  roc_auc: 0.9236 (0.9128)  f1_weighted: 0.7530 (0.7449)  time: 1.8616  data: 1.7441  max mem: 10551
Val:  [   160/?]  eta: ?  loss: 0.3850 (0.8369)  accuracy: 0.8561 (0.8587)  balanced_accuracy: 0.8437 (0.8298)  pr_auc: 0.8740 (0.8387)  roc_auc: 0.9531 (0.9156)  f1_weighted: 0.7640 (0.7458)  time: 1.8580  data: 1.7381  max mem: 10551
Val:  [   170/?]  eta: ?  loss: 0.3155 (0.8211)  accuracy: 0.8926 (0.8602)  balanced_accuracy: 0.9250 (0.8339)  pr_auc: 0.9643 (0.8466)  roc_auc: 0.9863 (0.9196)  f1_weighted: 0.8327 (0.7520)  time: 1.8390  data: 1.7196  max mem: 10551
Val:  [   180/?]  eta: ?  loss: 0.1094 (0.7806)  accuracy: 0.9368 (0.8661)  balanced_accuracy: 0.9277 (0.8408)  pr_auc: 0.9981 (0.8551)  roc_auc: 0.9991 (0.9242)  f1_weighted: 0.9007 (0.7632)  time: 1.8311  data: 1.7124  max mem: 10551
Val:  [   190/?]  eta: ?  loss: 0.1818 (0.7691)  accuracy: 0.9316 (0.8641)  balanced_accuracy: 0.9246 (0.8395)  pr_auc: 0.9889 (0.8582)  roc_auc: 0.9968 (0.9249)  f1_weighted: 0.9007 (0.7640)  time: 1.8263  data: 1.7079  max mem: 10551
Val:  [   200/?]  eta: ?  loss: 0.8688 (0.8284)  accuracy: 0.8008 (0.8581)  balanced_accuracy: 0.8330 (0.8356)  pr_auc: 0.9276 (0.8563)  roc_auc: 0.9020 (0.9197)  f1_weighted: 0.8053 (0.7631)  time: 1.8452  data: 1.7271  max mem: 10551
Val:  [   210/?]  eta: ?  loss: 0.4752 (0.8036)  accuracy: 0.8431 (0.8608)  balanced_accuracy: 0.8404 (0.8382)  pr_auc: 0.9349 (0.8603)  roc_auc: 0.9724 (0.9229)  f1_weighted: 0.8096 (0.7658)  time: 1.8657  data: 1.7476  max mem: 10551
Val:  [   220/?]  eta: ?  loss: 0.1612 (0.7759)  accuracy: 0.9440 (0.8639)  balanced_accuracy: 0.8648 (0.8394)  pr_auc: 0.9585 (0.8622)  roc_auc: 0.9806 (0.9240)  f1_weighted: 0.8107 (0.7669)  time: 1.8721  data: 1.7562  max mem: 10551
Val:  [   230/?]  eta: ?  loss: 0.1928 (0.7631)  accuracy: 0.9154 (0.8654)  balanced_accuracy: 0.8665 (0.8426)  pr_auc: 0.9599 (0.8657)  roc_auc: 0.9840 (0.9259)  f1_weighted: 0.8411 (0.7713)  time: 1.8617  data: 1.7456  max mem: 10551
Val:  [   240/?]  eta: ?  loss: 0.6324 (0.7802)  accuracy: 0.8496 (0.8601)  balanced_accuracy: 0.8495 (0.8376)  pr_auc: 0.9019 (0.8628)  roc_auc: 0.9706 (0.9213)  f1_weighted: 0.8228 (0.7694)  time: 1.8767  data: 1.7582  max mem: 10551
Val:  [   250/?]  eta: ?  loss: 0.2247 (0.7554)  accuracy: 0.8652 (0.8633)  balanced_accuracy: 0.9231 (0.8421)  pr_auc: 0.9706 (0.8673)  roc_auc: 0.9809 (0.9241)  f1_weighted: 0.7720 (0.7705)  time: 1.8913  data: 1.7725  max mem: 10551
Val:  [   260/?]  eta: ?  loss: 0.1833 (0.7387)  accuracy: 0.9362 (0.8661)  balanced_accuracy: 0.9404 (0.8461)  pr_auc: 0.9949 (0.8717)  roc_auc: 0.9964 (0.9268)  f1_weighted: 0.9314 (0.7764)  time: 1.9141  data: 1.7966  max mem: 10551
Val:  [   270/?]  eta: ?  loss: 0.1865 (0.7219)  accuracy: 0.9447 (0.8683)  balanced_accuracy: 0.9404 (0.8486)  pr_auc: 0.9930 (0.8728)  roc_auc: 0.9940 (0.9288)  f1_weighted: 0.9358 (0.7776)  time: 1.9232  data: 1.8077  max mem: 10551
Val:  [   280/?]  eta: ?  loss: 0.1002 (0.7151)  accuracy: 0.9570 (0.8671)  balanced_accuracy: 0.9542 (0.8507)  pr_auc: 0.9857 (0.8710)  roc_auc: 0.9955 (0.9303)  f1_weighted: 0.9358 (0.7773)  time: 1.9040  data: 1.7887  max mem: 10551
Val:  [   290/?]  eta: ?  loss: 0.3321 (0.7069)  accuracy: 0.8424 (0.8665)  balanced_accuracy: 0.8420 (0.8491)  pr_auc: 0.9765 (0.8743)  roc_auc: 0.9893 (0.9314)  f1_weighted: 0.8022 (0.7788)  time: 1.8888  data: 1.7740  max mem: 10551
Val:  [   300/?]  eta: ?  loss: 0.2404 (0.6895)  accuracy: 0.9095 (0.8684)  balanced_accuracy: 0.8867 (0.8519)  pr_auc: 0.9844 (0.8774)  roc_auc: 0.9882 (0.9332)  f1_weighted: 0.8658 (0.7819)  time: 1.9405  data: 1.8259  max mem: 10551
Val:  [   310/?]  eta: ?  loss: 0.2413 (0.6970)  accuracy: 0.9095 (0.8659)  balanced_accuracy: 0.8511 (0.8481)  pr_auc: 0.9672 (0.8739)  roc_auc: 0.9832 (0.9309)  f1_weighted: 0.7484 (0.7773)  time: 2.0092  data: 1.8929  max mem: 10551
Val: Total time: 0:09:41 (1.8695 s / it)
* loss 0.697
Test:  [     0/?]  eta: ?  loss: 2.4516 (2.4516)  accuracy: 0.7493 (0.7493)  balanced_accuracy: 0.7536 (0.7536)  pr_auc: 0.8029 (0.8029)  roc_auc: 0.8428 (0.8428)  f1_weighted: 0.7515 (0.7515)  time: 2.1121  data: 1.9949  max mem: 10551
Test:  [    10/?]  eta: ?  loss: 0.4531 (0.9296)  accuracy: 0.8965 (0.8588)  balanced_accuracy: 0.8970 (0.8415)  pr_auc: 0.9376 (0.8831)  roc_auc: 0.9761 (0.9292)  f1_weighted: 0.8764 (0.7983)  time: 1.9334  data: 1.8156  max mem: 10551
Test:  [    20/?]  eta: ?  loss: 0.3032 (0.6945)  accuracy: 0.9121 (0.8735)  balanced_accuracy: 0.8970 (0.8533)  pr_auc: 0.9403 (0.8804)  roc_auc: 0.9817 (0.9409)  f1_weighted: 0.8508 (0.8114)  time: 1.9189  data: 1.7995  max mem: 10551
Test:  [    30/?]  eta: ?  loss: 0.4180 (0.7306)  accuracy: 0.8913 (0.8762)  balanced_accuracy: 0.8740 (0.8603)  pr_auc: 0.9307 (0.8880)  roc_auc: 0.9539 (0.9391)  f1_weighted: 0.8223 (0.8191)  time: 1.9090  data: 1.7903  max mem: 10551
Test:  [    40/?]  eta: ?  loss: 0.5836 (0.7976)  accuracy: 0.8613 (0.8677)  balanced_accuracy: 0.8740 (0.8555)  pr_auc: 0.8998 (0.8735)  roc_auc: 0.9464 (0.9313)  f1_weighted: 0.8401 (0.8187)  time: 1.8023  data: 1.6865  max mem: 10551
Test:  [    50/?]  eta: ?  loss: 0.5134 (0.8207)  accuracy: 0.8796 (0.8658)  balanced_accuracy: 0.8648 (0.8537)  pr_auc: 0.9696 (0.8812)  roc_auc: 0.9612 (0.9267)  f1_weighted: 0.8788 (0.8200)  time: 1.7037  data: 1.5883  max mem: 10551
Test:  [    60/?]  eta: ?  loss: 0.3074 (0.8023)  accuracy: 0.9238 (0.8738)  balanced_accuracy: 0.9077 (0.8622)  pr_auc: 0.9782 (0.8909)  roc_auc: 0.9802 (0.9271)  f1_weighted: 0.8927 (0.8310)  time: 1.6076  data: 1.4922  max mem: 10551
Test:  [    70/?]  eta: ?  loss: 0.3435 (0.8603)  accuracy: 0.8581 (0.8551)  balanced_accuracy: 0.8341 (0.8367)  pr_auc: 0.8713 (0.8659)  roc_auc: 0.9347 (0.9151)  f1_weighted: 0.7778 (0.7879)  time: 1.4639  data: 1.3485  max mem: 10551
Test:  [    80/?]  eta: ?  loss: 0.6940 (0.8204)  accuracy: 0.8223 (0.8571)  balanced_accuracy: 0.8325 (0.8397)  pr_auc: 0.9350 (0.8759)  roc_auc: 0.9347 (0.9210)  f1_weighted: 0.7929 (0.7911)  time: 1.4169  data: 1.3014  max mem: 10551
Test:  [    90/?]  eta: ?  loss: 0.4489 (0.8892)  accuracy: 0.8223 (0.8517)  balanced_accuracy: 0.8447 (0.8369)  pr_auc: 0.9684 (0.8737)  roc_auc: 0.9805 (0.9167)  f1_weighted: 0.7988 (0.7845)  time: 1.4125  data: 1.2972  max mem: 10551
Test:  [   100/?]  eta: ?  loss: 0.3778 (0.8372)  accuracy: 0.8027 (0.8528)  balanced_accuracy: 0.8221 (0.8391)  pr_auc: 0.9302 (0.8765)  roc_auc: 0.9478 (0.9191)  f1_weighted: 0.7850 (0.7907)  time: 1.4112  data: 1.2959  max mem: 10551
Test:  [   110/?]  eta: ?  loss: 0.3778 (0.8880)  accuracy: 0.8047 (0.8494)  balanced_accuracy: 0.7933 (0.8324)  pr_auc: 0.9183 (0.8592)  roc_auc: 0.9357 (0.9121)  f1_weighted: 0.7825 (0.7768)  time: 1.4115  data: 1.2961  max mem: 10551
Test:  [   120/?]  eta: ?  loss: 0.4963 (0.8864)  accuracy: 0.8242 (0.8514)  balanced_accuracy: 0.8264 (0.8318)  pr_auc: 0.8604 (0.8615)  roc_auc: 0.9282 (0.9117)  f1_weighted: 0.7320 (0.7741)  time: 1.4159  data: 1.3015  max mem: 10551
Test:  [   130/?]  eta: ?  loss: 0.3009 (0.8427)  accuracy: 0.8665 (0.8542)  balanced_accuracy: 0.8428 (0.8348)  pr_auc: 0.9631 (0.8698)  roc_auc: 0.9655 (0.9164)  f1_weighted: 0.8054 (0.7790)  time: 1.4073  data: 1.2934  max mem: 10551
Test:  [   140/?]  eta: ?  loss: 0.1321 (0.8083)  accuracy: 0.9564 (0.8591)  balanced_accuracy: 0.9277 (0.8405)  pr_auc: 0.9820 (0.8690)  roc_auc: 0.9950 (0.9200)  f1_weighted: 0.8417 (0.7825)  time: 1.3804  data: 1.2654  max mem: 10551
Test:  [   150/?]  eta: ?  loss: 0.1349 (0.7672)  accuracy: 0.9505 (0.8645)  balanced_accuracy: 0.9349 (0.8474)  pr_auc: 0.9895 (0.8769)  roc_auc: 0.9923 (0.9249)  f1_weighted: 0.9056 (0.7923)  time: 1.3699  data: 1.2545  max mem: 10551
Test:  [   160/?]  eta: ?  loss: 0.2927 (0.7765)  accuracy: 0.9108 (0.8629)  balanced_accuracy: 0.9251 (0.8468)  pr_auc: 0.9884 (0.8719)  roc_auc: 0.9903 (0.9219)  f1_weighted: 0.8833 (0.7940)  time: 1.3733  data: 1.2581  max mem: 10551
Test:  [   170/?]  eta: ?  loss: 0.1499 (0.7391)  accuracy: 0.9414 (0.8686)  balanced_accuracy: 0.9355 (0.8535)  pr_auc: 0.9813 (0.8781)  roc_auc: 0.9845 (0.9256)  f1_weighted: 0.9225 (0.8035)  time: 1.3484  data: 1.2331  max mem: 10551
Test:  [   180/?]  eta: ?  loss: 0.0713 (0.7100)  accuracy: 0.9570 (0.8716)  balanced_accuracy: 0.9631 (0.8577)  pr_auc: 0.9993 (0.8847)  roc_auc: 0.9996 (0.9295)  f1_weighted: 0.9616 (0.8102)  time: 1.3343  data: 1.2189  max mem: 10551
Test:  [   190/?]  eta: ?  loss: 0.1641 (0.6972)  accuracy: 0.9277 (0.8726)  balanced_accuracy: 0.9389 (0.8602)  pr_auc: 0.9982 (0.8874)  roc_auc: 0.9987 (0.9314)  f1_weighted: 0.9347 (0.8136)  time: 1.3701  data: 1.2550  max mem: 10551
Test:  [   200/?]  eta: ?  loss: 0.2187 (0.6770)  accuracy: 0.9277 (0.8753)  balanced_accuracy: 0.9281 (0.8600)  pr_auc: 0.9874 (0.8894)  roc_auc: 0.9946 (0.9341)  f1_weighted: 0.9164 (0.8113)  time: 1.4218  data: 1.3064  max mem: 10551
Test:  [   210/?]  eta: ?  loss: 0.7230 (0.6949)  accuracy: 0.8581 (0.8715)  balanced_accuracy: 0.8673 (0.8558)  pr_auc: 0.9324 (0.8789)  roc_auc: 0.9659 (0.9302)  f1_weighted: 0.7758 (0.8041)  time: 1.4814  data: 1.3664  max mem: 10551
Test:  [   220/?]  eta: ?  loss: 0.3433 (0.6733)  accuracy: 0.8704 (0.8744)  balanced_accuracy: 0.8905 (0.8598)  pr_auc: 0.9664 (0.8832)  roc_auc: 0.9740 (0.9328)  f1_weighted: 0.8487 (0.8094)  time: 1.4803  data: 1.3654  max mem: 10551
Test:  [   230/?]  eta: ?  loss: 0.1818 (0.6597)  accuracy: 0.9310 (0.8751)  balanced_accuracy: 0.9316 (0.8612)  pr_auc: 0.9874 (0.8861)  roc_auc: 0.9882 (0.9344)  f1_weighted: 0.9167 (0.8110)  time: 1.4530  data: 1.3377  max mem: 10551
Test:  [   240/?]  eta: ?  loss: 0.5582 (0.6704)  accuracy: 0.8490 (0.8719)  balanced_accuracy: 0.8963 (0.8594)  pr_auc: 0.9514 (0.8869)  roc_auc: 0.9735 (0.9337)  f1_weighted: 0.8826 (0.8091)  time: 1.4325  data: 1.3179  max mem: 10551
Test:  [   250/?]  eta: ?  loss: 0.6472 (0.6917)  accuracy: 0.8027 (0.8709)  balanced_accuracy: 0.8316 (0.8575)  pr_auc: 0.9463 (0.8817)  roc_auc: 0.9720 (0.9312)  f1_weighted: 0.7551 (0.8043)  time: 1.4504  data: 1.3354  max mem: 10551
Test:  [   260/?]  eta: ?  loss: 0.0923 (0.6695)  accuracy: 0.9648 (0.8749)  balanced_accuracy: 0.9470 (0.8613)  pr_auc: 0.9871 (0.8842)  roc_auc: 0.9963 (0.9333)  f1_weighted: 0.9321 (0.8093)  time: 1.5128  data: 1.3973  max mem: 10551
Test:  [   270/?]  eta: ?  loss: 0.2603 (0.6910)  accuracy: 0.9238 (0.8708)  balanced_accuracy: 0.9470 (0.8558)  pr_auc: 0.9871 (0.8773)  roc_auc: 0.9963 (0.9306)  f1_weighted: 0.9108 (0.7994)  time: 1.5392  data: 1.4246  max mem: 10551
Test:  [   280/?]  eta: ?  loss: 0.6292 (0.6819)  accuracy: 0.8158 (0.8707)  balanced_accuracy: 0.8258 (0.8558)  pr_auc: 0.9699 (0.8800)  roc_auc: 0.9846 (0.9325)  f1_weighted: 0.7461 (0.7983)  time: 1.5148  data: 1.3998  max mem: 10551
Test:  [   290/?]  eta: ?  loss: 0.4830 (0.6797)  accuracy: 0.8568 (0.8705)  balanced_accuracy: 0.8729 (0.8559)  pr_auc: 0.9957 (0.8818)  roc_auc: 0.9958 (0.9342)  f1_weighted: 0.7967 (0.7984)  time: 1.5258  data: 1.4101  max mem: 10551
Test:  [   300/?]  eta: ?  loss: 0.7950 (0.7001)  accuracy: 0.8626 (0.8699)  balanced_accuracy: 0.8417 (0.8536)  pr_auc: 0.9145 (0.8786)  roc_auc: 0.9744 (0.9311)  f1_weighted: 0.7964 (0.7919)  time: 1.5824  data: 1.4673  max mem: 10551
Test: Total time: 0:07:42 (1.5129 s / it)
* loss 0.696
  → Epoch   6/50 | Train Loss: 0.0586 | Val Loss: 0.6970 | Train Acc: 97.6991% | Val Acc: 86.5873% | LR: 0.000002
Max accuracy val: 87.06%, max accuracy test: 86.95%
Epoch: [6]  [     0/?]  eta: ?  lr: 0.000499  min_lr: 0.000002  loss: 0.0662 (0.0662)  class_acc: 0.9775 (0.9775)  loss_scale: 64.0000 (64.0000)  weight_decay: 0.0500 (0.0500)  grad_norm: 21.1963 (21.1963)  time: 22.8579  data: 22.5298  max mem: 10551
Epoch: [6]  [   500/?]  eta: ?  lr: 0.000499  min_lr: 0.000002  loss: 0.0537 (0.0567)  class_acc: 0.9775 (0.9775)  loss_scale: 64.0000 (64.0000)  weight_decay: 0.0500 (0.0500)  grad_norm: 18.9920 (21.4900)  time: 3.4499  data: 3.1803  max mem: 10551
WARNING: NaN/Inf in model output at epoch 6, step 984 - skipping batch
  Output stats: min=nan, max=nan, mean=nan
WARNING: Skipping batch (loss=nan, output_has_nan=True) at epoch 6, step 984
  Loss scale: 64.0
  Learning rate: 1.8463528047124893e-06
  Total skipped batches this epoch: 1
WARNING: NaN/Inf in model output at epoch 6, step 985 - skipping batch
  Output stats: min=nan, max=nan, mean=nan
WARNING: Skipping batch (loss=nan, output_has_nan=True) at epoch 6, step 985
  Loss scale: 64.0
  Learning rate: 1.8463527601664256e-06
  Total skipped batches this epoch: 2
WARNING: NaN/Inf in model output at epoch 6, step 986 - skipping batch
  Output stats: min=nan, max=nan, mean=nan
WARNING: Skipping batch (loss=nan, output_has_nan=True) at epoch 6, step 986
  Loss scale: 64.0
  Learning rate: 1.8463527156199213e-06
  Total skipped batches this epoch: 3
WARNING: NaN/Inf in model output at epoch 6, step 987 - skipping batch
  Output stats: min=nan, max=nan, mean=nan
WARNING: Skipping batch (loss=nan, output_has_nan=True) at epoch 6, step 987
  Loss scale: 64.0
  Learning rate: 1.846352671072977e-06
  Total skipped batches this epoch: 4
WARNING: NaN/Inf in model output at epoch 6, step 988 - skipping batch
  Output stats: min=nan, max=nan, mean=nan
WARNING: Skipping batch (loss=nan, output_has_nan=True) at epoch 6, step 988
  Loss scale: 64.0
  Learning rate: 1.8463526265255919e-06
  Total skipped batches this epoch: 5
WARNING: NaN/Inf in model output at epoch 6, step 989 - skipping batch
  Output stats: min=nan, max=nan, mean=nan
WARNING: Skipping batch (loss=nan, output_has_nan=True) at epoch 6, step 989
  Loss scale: 64.0
  Learning rate: 1.8463525819777664e-06
  Total skipped batches this epoch: 6
ERROR: Skipped 6 batches in a row. Training unstable, stopping.
  This suggests the model may be corrupted or there's a systematic issue.

Training unstable: too many consecutive NaN/Inf batches
Loading best checkpoint for final evaluation (see below).
Training time 13:22:54

Loading best model from /home/mojtabam/projects/aip-aghodsib/mojtabam/EEG/final_logs/LaBraM/labram_gender_1s/output/checkpoint-best.pth for final evaluation...

================================================================================
Final evaluation by task type (active/passive)
================================================================================

============================================================
Counting samples by task type...
============================================================

============================================================
Evaluating on active tasks (69,183 samples)...
============================================================
Active Test:  [     0/?]  eta: ?  loss: 0.0067 (0.0067)  accuracy: 1.0000 (1.0000)  balanced_accuracy: 1.0000 (1.0000)  pr_auc: 1.0000 (1.0000)  roc_auc: 1.0000 (1.0000)  f1_weighted: 1.0000 (1.0000)  time: 2.9604  data: 2.8784  max mem: 20497
Active Test:  [    10/?]  eta: ?  loss: 0.3177 (0.7165)  accuracy: 0.9062 (0.8693)  balanced_accuracy: 0.9159 (0.8594)  pr_auc: 0.9889 (0.9291)  roc_auc: 0.9873 (0.9534)  f1_weighted: 0.8889 (0.8081)  time: 0.2857  data: 0.2618  max mem: 20497
Active Test:  [    20/?]  eta: ?  loss: 0.3177 (0.5891)  accuracy: 0.9062 (0.8757)  balanced_accuracy: 0.8846 (0.8514)  pr_auc: 0.9866 (0.9464)  roc_auc: 0.9873 (0.9648)  f1_weighted: 0.8696 (0.7909)  time: 0.0178  data: 0.0002  max mem: 20497
Active Test:  [    30/?]  eta: ?  loss: 0.3080 (0.6206)  accuracy: 0.9062 (0.8790)  balanced_accuracy: 0.8750 (0.8482)  pr_auc: 0.9866 (0.9450)  roc_auc: 0.9949 (0.9606)  f1_weighted: 0.8571 (0.7887)  time: 0.0175  data: 0.0002  max mem: 20497
Active Test:  [    40/?]  eta: ?  loss: 0.0762 (0.5558)  accuracy: 0.9375 (0.8960)  balanced_accuracy: 0.9556 (0.8708)  pr_auc: 0.9986 (0.9524)  roc_auc: 0.9980 (0.9655)  f1_weighted: 0.9455 (0.8216)  time: 0.0185  data: 0.0012  max mem: 20497
Active Test:  [    50/?]  eta: ?  loss: 0.0762 (0.5968)  accuracy: 0.9375 (0.8952)  balanced_accuracy: 0.9556 (0.8753)  pr_auc: 1.0000 (0.9504)  roc_auc: 1.0000 (0.9621)  f1_weighted: 0.9455 (0.8302)  time: 0.0187  data: 0.0015  max mem: 20497
Active Test:  [    60/?]  eta: ?  loss: 0.2331 (0.5637)  accuracy: 0.9062 (0.9011)  balanced_accuracy: 0.9412 (0.8854)  pr_auc: 1.0000 (0.9544)  roc_auc: 1.0000 (0.9637)  f1_weighted: 0.9375 (0.8466)  time: 0.0186  data: 0.0014  max mem: 20497
Active Test:  [    70/?]  eta: ?  loss: 0.0904 (0.5231)  accuracy: 0.9688 (0.9043)  balanced_accuracy: 0.9519 (0.8899)  pr_auc: 0.9991 (0.9581)  roc_auc: 0.9933 (0.9647)  f1_weighted: 0.9495 (0.8583)  time: 0.0188  data: 0.0020  max mem: 20497
Active Test:  [    80/?]  eta: ?  loss: 0.2830 (0.5037)  accuracy: 0.9062 (0.9001)  balanced_accuracy: 0.9412 (0.8803)  pr_auc: 0.9970 (0.9576)  roc_auc: 0.9879 (0.9586)  f1_weighted: 0.9375 (0.8566)  time: 0.0198  data: 0.0043  max mem: 20497
Active Test:  [    90/?]  eta: ?  loss: 0.2569 (0.4917)  accuracy: 0.8906 (0.8963)  balanced_accuracy: 0.8159 (0.8725)  pr_auc: 0.9752 (0.9578)  roc_auc: 0.9648 (0.9550)  f1_weighted: 0.8571 (0.8529)  time: 0.0198  data: 0.0052  max mem: 20497
Active Test:  [   100/?]  eta: ?  loss: 0.0419 (0.4651)  accuracy: 0.9688 (0.8996)  balanced_accuracy: 0.8008 (0.8729)  pr_auc: 0.9701 (0.9585)  roc_auc: 0.9560 (0.9548)  f1_weighted: 0.8333 (0.8533)  time: 0.0188  data: 0.0045  max mem: 20497
Active Test:  [   110/?]  eta: ?  loss: 0.0342 (0.4614)  accuracy: 0.9688 (0.8991)  balanced_accuracy: 0.7773 (0.8699)  pr_auc: 0.9610 (0.9567)  roc_auc: 0.9354 (0.9514)  f1_weighted: 0.8000 (0.8487)  time: 0.0189  data: 0.0047  max mem: 20497
Active Test:  [   120/?]  eta: ?  loss: 0.0323 (0.4440)  accuracy: 0.9688 (0.9020)  balanced_accuracy: 0.8300 (0.8721)  pr_auc: 0.9668 (0.9578)  roc_auc: 0.9383 (0.9523)  f1_weighted: 0.8333 (0.8516)  time: 0.0194  data: 0.0049  max mem: 20497
Active Test:  [   130/?]  eta: ?  loss: 0.0164 (0.4300)  accuracy: 0.9688 (0.9052)  balanced_accuracy: 0.9103 (0.8761)  pr_auc: 0.9742 (0.9584)  roc_auc: 0.9821 (0.9543)  f1_weighted: 0.8929 (0.8564)  time: 0.0189  data: 0.0037  max mem: 20497
Active Test:  [   140/?]  eta: ?  loss: 0.0924 (0.4603)  accuracy: 0.9531 (0.9059)  balanced_accuracy: 0.9103 (0.8784)  pr_auc: 0.9841 (0.9516)  roc_auc: 0.9879 (0.9525)  f1_weighted: 0.8929 (0.8587)  time: 0.0185  data: 0.0028  max mem: 20497
Active Test:  [   150/?]  eta: ?  loss: 0.0924 (0.4689)  accuracy: 0.9375 (0.9075)  balanced_accuracy: 0.9160 (0.8807)  pr_auc: 0.9841 (0.9461)  roc_auc: 0.9879 (0.9523)  f1_weighted: 0.9020 (0.8591)  time: 0.0187  data: 0.0030  max mem: 20497
Active Test:  [   160/?]  eta: ?  loss: 0.2728 (0.5338)  accuracy: 0.9062 (0.9039)  balanced_accuracy: 0.8815 (0.8774)  pr_auc: 0.9531 (0.9351)  roc_auc: 0.9545 (0.9451)  f1_weighted: 0.8571 (0.8534)  time: 0.0187  data: 0.0030  max mem: 20497
Active Test:  [   170/?]  eta: ?  loss: 0.5443 (0.5834)  accuracy: 0.8594 (0.9004)  balanced_accuracy: 0.8836 (0.8756)  pr_auc: 0.9752 (0.9313)  roc_auc: 0.9787 (0.9407)  f1_weighted: 0.8627 (0.8512)  time: 0.0188  data: 0.0030  max mem: 20497
Active Test:  [   180/?]  eta: ?  loss: 0.4809 (0.5780)  accuracy: 0.8750 (0.9005)  balanced_accuracy: 0.8947 (0.8776)  pr_auc: 0.9978 (0.9349)  roc_auc: 0.9959 (0.9444)  f1_weighted: 0.8824 (0.8527)  time: 0.0191  data: 0.0028  max mem: 20497
Active Test:  [   190/?]  eta: ?  loss: 0.3338 (0.5693)  accuracy: 0.8906 (0.9000)  balanced_accuracy: 0.9189 (0.8785)  pr_auc: 0.9980 (0.9363)  roc_auc: 0.9969 (0.9463)  f1_weighted: 0.8667 (0.8511)  time: 0.0195  data: 0.0025  max mem: 20497
Active Test:  [   200/?]  eta: ?  loss: 0.3346 (0.5725)  accuracy: 0.8906 (0.8988)  balanced_accuracy: 0.8974 (0.8771)  pr_auc: 0.9577 (0.9365)  roc_auc: 0.9887 (0.9465)  f1_weighted: 0.8358 (0.8483)  time: 0.0189  data: 0.0021  max mem: 20497
Active Test:  [   210/?]  eta: ?  loss: 0.5504 (0.5695)  accuracy: 0.8438 (0.8974)  balanced_accuracy: 0.8553 (0.8772)  pr_auc: 0.9577 (0.9382)  roc_auc: 0.9672 (0.9477)  f1_weighted: 0.8358 (0.8486)  time: 0.0195  data: 0.0033  max mem: 20497
Active Test:  [   220/?]  eta: ?  loss: 0.5577 (0.5820)  accuracy: 0.8438 (0.8944)  balanced_accuracy: 0.8502 (0.8752)  pr_auc: 0.9577 (0.9357)  roc_auc: 0.9631 (0.9466)  f1_weighted: 0.8308 (0.8467)  time: 0.0209  data: 0.0052  max mem: 20497
Active Test:  [   230/?]  eta: ?  loss: 0.6443 (0.5934)  accuracy: 0.8438 (0.8933)  balanced_accuracy: 0.8725 (0.8764)  pr_auc: 0.9607 (0.9322)  roc_auc: 0.9646 (0.9467)  f1_weighted: 0.8400 (0.8464)  time: 0.0195  data: 0.0038  max mem: 20497
Active Test:  [   240/?]  eta: ?  loss: 0.5061 (0.5944)  accuracy: 0.8281 (0.8922)  balanced_accuracy: 0.8750 (0.8778)  pr_auc: 0.9544 (0.9286)  roc_auc: 0.9646 (0.9479)  f1_weighted: 0.8077 (0.8439)  time: 0.0182  data: 0.0026  max mem: 20497
Active Test:  [   250/?]  eta: ?  loss: 0.3421 (0.6040)  accuracy: 0.8594 (0.8926)  balanced_accuracy: 0.8824 (0.8795)  pr_auc: 0.9897 (0.9258)  roc_auc: 0.9868 (0.9486)  f1_weighted: 0.8372 (0.8430)  time: 0.0190  data: 0.0039  max mem: 20497
Active Test:  [   260/?]  eta: ?  loss: 0.0637 (0.6052)  accuracy: 0.9375 (0.8939)  balanced_accuracy: 0.9215 (0.8809)  pr_auc: 0.9814 (0.9228)  roc_auc: 0.9858 (0.9487)  f1_weighted: 0.9020 (0.8432)  time: 0.0190  data: 0.0039  max mem: 20497
Active Test:  [   270/?]  eta: ?  loss: 0.0637 (0.6098)  accuracy: 0.9688 (0.8951)  balanced_accuracy: 0.9272 (0.8825)  pr_auc: 0.9792 (0.9195)  roc_auc: 0.9856 (0.9480)  f1_weighted: 0.9167 (0.8449)  time: 0.0185  data: 0.0029  max mem: 20497
Active Test:  [   280/?]  eta: ?  loss: 0.0283 (0.6049)  accuracy: 0.9844 (0.8970)  balanced_accuracy: 0.9399 (0.8839)  pr_auc: 0.9913 (0.9200)  roc_auc: 0.9921 (0.9478)  f1_weighted: 0.9412 (0.8480)  time: 0.0187  data: 0.0030  max mem: 20497
Active Test:  [   290/?]  eta: ?  loss: 0.0514 (0.6154)  accuracy: 1.0000 (0.8965)  balanced_accuracy: 0.9808 (0.8858)  pr_auc: 1.0000 (0.9225)  roc_auc: 1.0000 (0.9493)  f1_weighted: 0.9804 (0.8507)  time: 0.0178  data: 0.0024  max mem: 20497
Active Test:  [   300/?]  eta: ?  loss: 0.2285 (0.6210)  accuracy: 0.9219 (0.8963)  balanced_accuracy: 0.9808 (0.8856)  pr_auc: 1.0000 (0.9213)  roc_auc: 1.0000 (0.9496)  f1_weighted: 0.9804 (0.8501)  time: 0.0184  data: 0.0031  max mem: 20497
Active Test:  [   310/?]  eta: ?  loss: 0.2285 (0.6243)  accuracy: 0.9219 (0.8955)  balanced_accuracy: 0.9600 (0.8840)  pr_auc: 1.0000 (0.9198)  roc_auc: 1.0000 (0.9497)  f1_weighted: 0.9583 (0.8469)  time: 0.0188  data: 0.0043  max mem: 20497
Active Test:  [   320/?]  eta: ?  loss: 0.5038 (0.6286)  accuracy: 0.8594 (0.8948)  balanced_accuracy: 0.8725 (0.8828)  pr_auc: 0.9973 (0.9212)  roc_auc: 0.9980 (0.9502)  f1_weighted: 0.8539 (0.8457)  time: 0.0185  data: 0.0034  max mem: 20497
Active Test:  [   330/?]  eta: ?  loss: 0.8003 (0.6485)  accuracy: 0.8281 (0.8934)  balanced_accuracy: 0.8627 (0.8815)  pr_auc: 0.9911 (0.9224)  roc_auc: 0.9925 (0.9503)  f1_weighted: 0.8409 (0.8445)  time: 0.0189  data: 0.0022  max mem: 20497
Active Test:  [   340/?]  eta: ?  loss: 0.9814 (0.6540)  accuracy: 0.7969 (0.8933)  balanced_accuracy: 0.8627 (0.8817)  pr_auc: 1.0000 (0.9243)  roc_auc: 1.0000 (0.9513)  f1_weighted: 0.8409 (0.8449)  time: 0.0205  data: 0.0035  max mem: 20497
Active Test:  [   350/?]  eta: ?  loss: 0.9561 (0.6594)  accuracy: 0.8438 (0.8932)  balanced_accuracy: 0.8444 (0.8814)  pr_auc: 0.9886 (0.9260)  roc_auc: 0.9970 (0.9522)  f1_weighted: 0.8000 (0.8439)  time: 0.0210  data: 0.0041  max mem: 20497
Active Test:  [   360/?]  eta: ?  loss: 0.0762 (0.6579)  accuracy: 0.9688 (0.8942)  balanced_accuracy: 0.9333 (0.8824)  pr_auc: 0.9859 (0.9278)  roc_auc: 0.9891 (0.9531)  f1_weighted: 0.8000 (0.8451)  time: 0.0196  data: 0.0025  max mem: 20497
Active Test:  [   370/?]  eta: ?  loss: 0.0429 (0.6467)  accuracy: 0.9688 (0.8959)  balanced_accuracy: 0.9600 (0.8845)  pr_auc: 1.0000 (0.9301)  roc_auc: 1.0000 (0.9546)  f1_weighted: 0.9583 (0.8478)  time: 0.0201  data: 0.0030  max mem: 20497
Active Test:  [   380/?]  eta: ?  loss: 0.1232 (0.6352)  accuracy: 0.9531 (0.8971)  balanced_accuracy: 0.9615 (0.8861)  pr_auc: 1.0000 (0.9315)  roc_auc: 1.0000 (0.9555)  f1_weighted: 0.9388 (0.8501)  time: 0.0189  data: 0.0026  max mem: 20497
Active Test:  [   390/?]  eta: ?  loss: 0.1283 (0.6232)  accuracy: 0.9531 (0.8977)  balanced_accuracy: 0.9615 (0.8880)  pr_auc: 1.0000 (0.9330)  roc_auc: 1.0000 (0.9565)  f1_weighted: 0.9455 (0.8524)  time: 0.0182  data: 0.0025  max mem: 20497
Active Test:  [   400/?]  eta: ?  loss: 0.1476 (0.6154)  accuracy: 0.9531 (0.8979)  balanced_accuracy: 0.9605 (0.8893)  pr_auc: 1.0000 (0.9333)  roc_auc: 1.0000 (0.9572)  f1_weighted: 0.9455 (0.8533)  time: 0.0190  data: 0.0033  max mem: 20497
Active Test:  [   410/?]  eta: ?  loss: 0.1256 (0.6110)  accuracy: 0.9375 (0.8982)  balanced_accuracy: 0.9667 (0.8890)  pr_auc: 1.0000 (0.9306)  roc_auc: 1.0000 (0.9567)  f1_weighted: 0.9600 (0.8514)  time: 0.0190  data: 0.0032  max mem: 20497
Active Test:  [   420/?]  eta: ?  loss: 0.0398 (0.6050)  accuracy: 0.9844 (0.8985)  balanced_accuracy: 0.9800 (0.8880)  pr_auc: 1.0000 (0.9282)  roc_auc: 1.0000 (0.9563)  f1_weighted: 0.9600 (0.8493)  time: 0.0190  data: 0.0032  max mem: 20497
Active Test:  [   430/?]  eta: ?  loss: 0.0384 (0.6051)  accuracy: 0.9844 (0.8979)  balanced_accuracy: 0.9615 (0.8856)  pr_auc: 1.0000 (0.9238)  roc_auc: 1.0000 (0.9551)  f1_weighted: 0.8571 (0.8437)  time: 0.0189  data: 0.0031  max mem: 20497
Active Test:  [   440/?]  eta: ?  loss: 0.1240 (0.6027)  accuracy: 0.9375 (0.8979)  balanced_accuracy: 0.9455 (0.8841)  pr_auc: 0.9800 (0.9214)  roc_auc: 0.9940 (0.9546)  f1_weighted: 0.8387 (0.8406)  time: 0.0190  data: 0.0032  max mem: 20497
Active Test:  [   450/?]  eta: ?  loss: 0.1277 (0.5991)  accuracy: 0.9219 (0.8981)  balanced_accuracy: 0.9231 (0.8828)  pr_auc: 0.9235 (0.9200)  roc_auc: 0.9894 (0.9548)  f1_weighted: 0.7500 (0.8372)  time: 0.0187  data: 0.0029  max mem: 20497
Active Test:  [   460/?]  eta: ?  loss: 0.0450 (0.5958)  accuracy: 0.9219 (0.8988)  balanced_accuracy: 0.9231 (0.8818)  pr_auc: 0.9746 (0.9190)  roc_auc: 0.9904 (0.9547)  f1_weighted: 0.7742 (0.8343)  time: 0.0183  data: 0.0029  max mem: 20497
Active Test:  [   470/?]  eta: ?  loss: 0.0399 (0.5928)  accuracy: 0.9375 (0.8988)  balanced_accuracy: 0.9231 (0.8803)  pr_auc: 0.9231 (0.9188)  roc_auc: 0.9904 (0.9550)  f1_weighted: 0.7742 (0.8312)  time: 0.0184  data: 0.0034  max mem: 20497
Active Test:  [   480/?]  eta: ?  loss: 0.0399 (0.5846)  accuracy: 0.9375 (0.9000)  balanced_accuracy: 0.9615 (0.8824)  pr_auc: 1.0000 (0.9187)  roc_auc: 1.0000 (0.9558)  f1_weighted: 0.9600 (0.8328)  time: 0.0186  data: 0.0029  max mem: 20497
Active Test:  [   490/?]  eta: ?  loss: 0.0668 (0.5825)  accuracy: 0.9531 (0.9006)  balanced_accuracy: 0.9615 (0.8837)  pr_auc: 1.0000 (0.9198)  roc_auc: 1.0000 (0.9563)  f1_weighted: 0.9600 (0.8345)  time: 0.0183  data: 0.0030  max mem: 20497
Active Test:  [   500/?]  eta: ?  loss: 0.1584 (0.5880)  accuracy: 0.9375 (0.9002)  balanced_accuracy: 0.9737 (0.8828)  pr_auc: 1.0000 (0.9186)  roc_auc: 1.0000 (0.9564)  f1_weighted: 0.9630 (0.8329)  time: 0.0187  data: 0.0038  max mem: 20497
Active Test:  [   510/?]  eta: ?  loss: 0.2729 (0.5898)  accuracy: 0.8750 (0.9000)  balanced_accuracy: 0.9667 (0.8827)  pr_auc: 0.9993 (0.9172)  roc_auc: 0.9990 (0.9566)  f1_weighted: 0.9388 (0.8318)  time: 0.0192  data: 0.0035  max mem: 20497
Active Test:  [   520/?]  eta: ?  loss: 0.2729 (0.5979)  accuracy: 0.8750 (0.8987)  balanced_accuracy: 0.8725 (0.8823)  pr_auc: 0.9669 (0.9164)  roc_auc: 0.9834 (0.9557)  f1_weighted: 0.8182 (0.8303)  time: 0.0191  data: 0.0024  max mem: 20497
Active Test:  [   530/?]  eta: ?  loss: 0.7110 (0.6152)  accuracy: 0.7969 (0.8969)  balanced_accuracy: 0.8529 (0.8818)  pr_auc: 0.9669 (0.9175)  roc_auc: 0.9479 (0.9550)  f1_weighted: 0.7857 (0.8297)  time: 0.0191  data: 0.0021  max mem: 20497
Active Test:  [   540/?]  eta: ?  loss: 0.3306 (0.6244)  accuracy: 0.7969 (0.8957)  balanced_accuracy: 0.8529 (0.8814)  pr_auc: 0.9905 (0.9192)  roc_auc: 0.9717 (0.9552)  f1_weighted: 0.8276 (0.8306)  time: 0.0192  data: 0.0023  max mem: 20497
Active Test:  [   550/?]  eta: ?  loss: 0.3306 (0.6374)  accuracy: 0.7969 (0.8946)  balanced_accuracy: 0.8627 (0.8811)  pr_auc: 0.9925 (0.9207)  roc_auc: 0.9785 (0.9552)  f1_weighted: 0.8539 (0.8316)  time: 0.0186  data: 0.0016  max mem: 20497
Active Test:  [   560/?]  eta: ?  loss: 0.5023 (0.6465)  accuracy: 0.7969 (0.8927)  balanced_accuracy: 0.8235 (0.8795)  pr_auc: 0.9937 (0.9223)  roc_auc: 0.9879 (0.9559)  f1_weighted: 0.8539 (0.8313)  time: 0.0182  data: 0.0012  max mem: 20497
Active Test:  [   570/?]  eta: ?  loss: 0.6938 (0.6666)  accuracy: 0.7656 (0.8900)  balanced_accuracy: 0.7885 (0.8777)  pr_auc: 0.9939 (0.9238)  roc_auc: 0.9878 (0.9563)  f1_weighted: 0.7857 (0.8300)  time: 0.0207  data: 0.0038  max mem: 20497
Active Test:  [   580/?]  eta: ?  loss: 1.8848 (0.6917)  accuracy: 0.7188 (0.8877)  balanced_accuracy: 0.7500 (0.8767)  pr_auc: 0.9857 (0.9218)  roc_auc: 0.9789 (0.9542)  f1_weighted: 0.7848 (0.8296)  time: 0.0207  data: 0.0044  max mem: 20497
Active Test:  [   590/?]  eta: ?  loss: 2.8557 (0.7309)  accuracy: 0.7031 (0.8850)  balanced_accuracy: 0.7500 (0.8737)  pr_auc: 0.7032 (0.9151)  roc_auc: 0.8333 (0.9497)  f1_weighted: 0.6849 (0.8247)  time: 0.0181  data: 0.0025  max mem: 20497
Active Test:  [   600/?]  eta: ?  loss: 2.7478 (0.7582)  accuracy: 0.7344 (0.8832)  balanced_accuracy: 0.7500 (0.8726)  pr_auc: 0.5349 (0.9099)  roc_auc: 0.6396 (0.9467)  f1_weighted: 0.6849 (0.8235)  time: 0.0185  data: 0.0035  max mem: 20497
Active Test:  [   610/?]  eta: ?  loss: 2.3114 (0.7644)  accuracy: 0.7500 (0.8829)  balanced_accuracy: 0.8286 (0.8728)  pr_auc: 0.5447 (0.9100)  roc_auc: 0.7917 (0.9461)  f1_weighted: 0.7532 (0.8237)  time: 0.0193  data: 0.0035  max mem: 20497
Active Test:  [   620/?]  eta: ?  loss: 0.0930 (0.7591)  accuracy: 0.9531 (0.8838)  balanced_accuracy: 0.9375 (0.8729)  pr_auc: 0.9864 (0.9112)  roc_auc: 0.9844 (0.9469)  f1_weighted: 0.9375 (0.8234)  time: 0.0186  data: 0.0018  max mem: 20497
Active Test:  [   630/?]  eta: ?  loss: 0.0245 (0.7478)  accuracy: 0.9844 (0.8854)  balanced_accuracy: 0.9844 (0.8747)  pr_auc: 1.0000 (0.9124)  roc_auc: 1.0000 (0.9476)  f1_weighted: 0.9697 (0.8260)  time: 0.0184  data: 0.0021  max mem: 20497
Active Test:  [   640/?]  eta: ?  loss: 0.0001 (0.7366)  accuracy: 1.0000 (0.8870)  balanced_accuracy: 1.0000 (0.8762)  pr_auc: 1.0000 (0.9136)  roc_auc: 1.0000 (0.9483)  f1_weighted: 1.0000 (0.8281)  time: 0.0180  data: 0.0024  max mem: 20497
Active Test:  [   650/?]  eta: ?  loss: 0.0000 (0.7255)  accuracy: 1.0000 (0.8887)  balanced_accuracy: 1.0000 (0.8780)  pr_auc: 1.0000 (0.9150)  roc_auc: 1.0000 (0.9491)  f1_weighted: 1.0000 (0.8307)  time: 0.0177  data: 0.0020  max mem: 20497
Active Test:  [   660/?]  eta: ?  loss: 0.0002 (0.7204)  accuracy: 1.0000 (0.8896)  balanced_accuracy: 1.0000 (0.8792)  pr_auc: 1.0000 (0.9161)  roc_auc: 1.0000 (0.9498)  f1_weighted: 1.0000 (0.8325)  time: 0.0179  data: 0.0021  max mem: 20497
Active Test:  [   670/?]  eta: ?  loss: 0.0035 (0.7208)  accuracy: 0.9844 (0.8902)  balanced_accuracy: 1.0000 (0.8803)  pr_auc: 1.0000 (0.9170)  roc_auc: 1.0000 (0.9504)  f1_weighted: 1.0000 (0.8340)  time: 0.0173  data: 0.0022  max mem: 20497
Active Test:  [   680/?]  eta: ?  loss: 0.0389 (0.7166)  accuracy: 0.9688 (0.8906)  balanced_accuracy: 0.9792 (0.8795)  pr_auc: 1.0000 (0.9169)  roc_auc: 1.0000 (0.9504)  f1_weighted: 0.9655 (0.8322)  time: 0.0185  data: 0.0035  max mem: 20497
Active Test:  [   690/?]  eta: ?  loss: 0.2395 (0.7135)  accuracy: 0.8438 (0.8902)  balanced_accuracy: 0.9167 (0.8785)  pr_auc: 1.0000 (0.9165)  roc_auc: 1.0000 (0.9502)  f1_weighted: 0.9091 (0.8306)  time: 0.0188  data: 0.0032  max mem: 20497
Active Test:  [   700/?]  eta: ?  loss: 0.3117 (0.7077)  accuracy: 0.8281 (0.8897)  balanced_accuracy: 0.8854 (0.8786)  pr_auc: 0.9814 (0.9166)  roc_auc: 0.9785 (0.9504)  f1_weighted: 0.8750 (0.8308)  time: 0.0178  data: 0.0021  max mem: 20497
Active Test:  [   710/?]  eta: ?  loss: 0.3117 (0.7018)  accuracy: 0.8750 (0.8895)  balanced_accuracy: 0.8906 (0.8788)  pr_auc: 0.9903 (0.9172)  roc_auc: 0.9902 (0.9507)  f1_weighted: 0.8986 (0.8314)  time: 0.0179  data: 0.0022  max mem: 20497
Active Test:  [   720/?]  eta: ?  loss: 0.2954 (0.6969)  accuracy: 0.8906 (0.8888)  balanced_accuracy: 0.9062 (0.8790)  pr_auc: 0.9938 (0.9171)  roc_auc: 0.9932 (0.9509)  f1_weighted: 0.9143 (0.8317)  time: 0.0181  data: 0.0028  max mem: 20497
Active Test:  [   730/?]  eta: ?  loss: 0.4892 (0.6959)  accuracy: 0.8281 (0.8880)  balanced_accuracy: 0.8750 (0.8779)  pr_auc: 0.9116 (0.9156)  roc_auc: 0.9427 (0.9501)  f1_weighted: 0.8571 (0.8304)  time: 0.0189  data: 0.0045  max mem: 20497
Active Test:  [   740/?]  eta: ?  loss: 0.6375 (0.7012)  accuracy: 0.7812 (0.8869)  balanced_accuracy: 0.8333 (0.8777)  pr_auc: 0.7469 (0.9115)  roc_auc: 0.8828 (0.9491)  f1_weighted: 0.7222 (0.8285)  time: 0.0200  data: 0.0059  max mem: 20497
Active Test:  [   750/?]  eta: ?  loss: 0.5709 (0.7031)  accuracy: 0.8125 (0.8863)  balanced_accuracy: 0.8333 (0.8776)  pr_auc: 0.7443 (0.9106)  roc_auc: 0.8828 (0.9489)  f1_weighted: 0.7143 (0.8273)  time: 0.0187  data: 0.0052  max mem: 20497
Active Test:  [   760/?]  eta: ?  loss: 0.2248 (0.7082)  accuracy: 0.8750 (0.8854)  balanced_accuracy: 0.8333 (0.8769)  pr_auc: 0.6759 (0.9089)  roc_auc: 0.8750 (0.9487)  f1_weighted: 0.6857 (0.8256)  time: 0.0190  data: 0.0052  max mem: 20497
Active Test:  [   770/?]  eta: ?  loss: 0.0077 (0.7039)  accuracy: 0.9688 (0.8857)  balanced_accuracy: 0.8333 (0.8763)  pr_auc: 0.6396 (0.9086)  roc_auc: 0.8750 (0.9483)  f1_weighted: 0.7000 (0.8252)  time: 0.0193  data: 0.0052  max mem: 20497
Active Test:  [   780/?]  eta: ?  loss: 0.0850 (0.6995)  accuracy: 1.0000 (0.8853)  balanced_accuracy: 0.8125 (0.8755)  pr_auc: 0.9532 (0.9094)  roc_auc: 0.9798 (0.9487)  f1_weighted: 0.7442 (0.8247)  time: 0.0187  data: 0.0043  max mem: 20497
Active Test:  [   790/?]  eta: ?  loss: 0.0954 (0.6952)  accuracy: 0.9375 (0.8853)  balanced_accuracy: 0.8125 (0.8752)  pr_auc: 0.9991 (0.9105)  roc_auc: 0.9990 (0.9493)  f1_weighted: 0.7692 (0.8244)  time: 0.0192  data: 0.0037  max mem: 20497
Active Test:  [   800/?]  eta: ?  loss: 0.2242 (0.6902)  accuracy: 0.9219 (0.8853)  balanced_accuracy: 0.8750 (0.8745)  pr_auc: 1.0000 (0.9119)  roc_auc: 1.0000 (0.9500)  f1_weighted: 0.8772 (0.8251)  time: 0.0189  data: 0.0022  max mem: 20497
Active Test:  [   810/?]  eta: ?  loss: 0.1978 (0.6839)  accuracy: 0.9062 (0.8858)  balanced_accuracy: 0.9219 (0.8752)  pr_auc: 1.0000 (0.9133)  roc_auc: 1.0000 (0.9506)  f1_weighted: 0.9320 (0.8270)  time: 0.0185  data: 0.0012  max mem: 20497
Active Test:  [   820/?]  eta: ?  loss: 0.1748 (0.6800)  accuracy: 0.9062 (0.8854)  balanced_accuracy: 0.9375 (0.8747)  pr_auc: 0.9996 (0.9142)  roc_auc: 0.9987 (0.9507)  f1_weighted: 0.9333 (0.8279)  time: 0.0181  data: 0.0009  max mem: 20497
Active Test:  [   830/?]  eta: ?  loss: 0.1748 (0.6763)  accuracy: 0.9062 (0.8850)  balanced_accuracy: 0.9062 (0.8744)  pr_auc: 0.9976 (0.9148)  roc_auc: 0.9935 (0.9506)  f1_weighted: 0.9388 (0.8285)  time: 0.0189  data: 0.0019  max mem: 20497
Active Test:  [   840/?]  eta: ?  loss: 0.0175 (0.6703)  accuracy: 0.9531 (0.8854)  balanced_accuracy: 0.9595 (0.8751)  pr_auc: 1.0000 (0.9152)  roc_auc: 1.0000 (0.9508)  f1_weighted: 0.9684 (0.8294)  time: 0.0191  data: 0.0021  max mem: 20497
Active Test:  [   850/?]  eta: ?  loss: 0.0029 (0.6644)  accuracy: 1.0000 (0.8863)  balanced_accuracy: 1.0000 (0.8764)  pr_auc: 1.0000 (0.9164)  roc_auc: 1.0000 (0.9515)  f1_weighted: 1.0000 (0.8312)  time: 0.0191  data: 0.0020  max mem: 20497
Active Test:  [   860/?]  eta: ?  loss: 0.0050 (0.6600)  accuracy: 1.0000 (0.8869)  balanced_accuracy: 1.0000 (0.8765)  pr_auc: 1.0000 (0.9172)  roc_auc: 1.0000 (0.9518)  f1_weighted: 1.0000 (0.8314)  time: 0.0192  data: 0.0028  max mem: 20497
Active Test:  [   870/?]  eta: ?  loss: 0.0115 (0.6543)  accuracy: 0.9844 (0.8876)  balanced_accuracy: 0.9848 (0.8770)  pr_auc: 1.0000 (0.9179)  roc_auc: 1.0000 (0.9523)  f1_weighted: 0.9714 (0.8319)  time: 0.0245  data: 0.0078  max mem: 20497
Active Test:  [   880/?]  eta: ?  loss: 0.0115 (0.6484)  accuracy: 0.9844 (0.8884)  balanced_accuracy: 0.9545 (0.8776)  pr_auc: 1.0000 (0.9186)  roc_auc: 1.0000 (0.9526)  f1_weighted: 0.9552 (0.8328)  time: 0.0238  data: 0.0073  max mem: 20497
Active Test:  [   890/?]  eta: ?  loss: 0.0444 (0.6461)  accuracy: 0.9844 (0.8884)  balanced_accuracy: 0.9535 (0.8778)  pr_auc: 1.0000 (0.9195)  roc_auc: 1.0000 (0.9531)  f1_weighted: 0.9500 (0.8331)  time: 0.0184  data: 0.0028  max mem: 20497
Active Test:  [   900/?]  eta: ?  loss: 0.0504 (0.6451)  accuracy: 0.9531 (0.8884)  balanced_accuracy: 0.9302 (0.8780)  pr_auc: 1.0000 (0.9205)  roc_auc: 1.0000 (0.9536)  f1_weighted: 0.9130 (0.8332)  time: 0.0188  data: 0.0026  max mem: 20497
Active Test:  [   910/?]  eta: ?  loss: 0.0315 (0.6437)  accuracy: 0.9844 (0.8884)  balanced_accuracy: 0.9762 (0.8784)  pr_auc: 1.0000 (0.9215)  roc_auc: 1.0000 (0.9542)  f1_weighted: 0.9565 (0.8338)  time: 0.0184  data: 0.0015  max mem: 20497
Active Test:  [   920/?]  eta: ?  loss: 0.0093 (0.6409)  accuracy: 1.0000 (0.8889)  balanced_accuracy: 1.0000 (0.8789)  pr_auc: 1.0000 (0.9226)  roc_auc: 1.0000 (0.9548)  f1_weighted: 1.0000 (0.8340)  time: 0.0183  data: 0.0012  max mem: 20497
Active Test:  [   930/?]  eta: ?  loss: 0.0046 (0.6387)  accuracy: 1.0000 (0.8891)  balanced_accuracy: 1.0000 (0.8786)  pr_auc: 1.0000 (0.9220)  roc_auc: 1.0000 (0.9546)  f1_weighted: 1.0000 (0.8331)  time: 0.0183  data: 0.0015  max mem: 20497
Active Test:  [   940/?]  eta: ?  loss: 0.0007 (0.6344)  accuracy: 1.0000 (0.8898)  balanced_accuracy: 1.0000 (0.8788)  pr_auc: 1.0000 (0.9221)  roc_auc: 1.0000 (0.9546)  f1_weighted: 1.0000 (0.8331)  time: 0.0182  data: 0.0021  max mem: 20497
Active Test:  [   950/?]  eta: ?  loss: 0.0001 (0.6283)  accuracy: 1.0000 (0.8907)  balanced_accuracy: 1.0000 (0.8794)  pr_auc: 1.0000 (0.9226)  roc_auc: 1.0000 (0.9549)  f1_weighted: 1.0000 (0.8336)  time: 0.0178  data: 0.0028  max mem: 20497
Active Test:  [   960/?]  eta: ?  loss: 0.0013 (0.6237)  accuracy: 1.0000 (0.8914)  balanced_accuracy: 1.0000 (0.8801)  pr_auc: 1.0000 (0.9231)  roc_auc: 1.0000 (0.9552)  f1_weighted: 1.0000 (0.8346)  time: 0.0193  data: 0.0048  max mem: 20497
Active Test:  [   970/?]  eta: ?  loss: 0.0110 (0.6205)  accuracy: 1.0000 (0.8918)  balanced_accuracy: 1.0000 (0.8806)  pr_auc: 1.0000 (0.9238)  roc_auc: 1.0000 (0.9556)  f1_weighted: 1.0000 (0.8352)  time: 0.0199  data: 0.0047  max mem: 20497
Active Test:  [   980/?]  eta: ?  loss: 0.1397 (0.6178)  accuracy: 0.9375 (0.8918)  balanced_accuracy: 0.9881 (0.8808)  pr_auc: 1.0000 (0.9246)  roc_auc: 1.0000 (0.9561)  f1_weighted: 0.9880 (0.8355)  time: 0.0190  data: 0.0031  max mem: 20497
Active Test:  [   990/?]  eta: ?  loss: 0.1176 (0.6140)  accuracy: 0.9531 (0.8921)  balanced_accuracy: 0.9651 (0.8814)  pr_auc: 1.0000 (0.9254)  roc_auc: 1.0000 (0.9566)  f1_weighted: 0.9362 (0.8364)  time: 0.0193  data: 0.0030  max mem: 20497
Active Test:  [  1000/?]  eta: ?  loss: 0.0149 (0.6096)  accuracy: 0.9688 (0.8926)  balanced_accuracy: 0.9762 (0.8820)  pr_auc: 1.0000 (0.9264)  roc_auc: 1.0000 (0.9571)  f1_weighted: 0.9565 (0.8371)  time: 0.0193  data: 0.0027  max mem: 20497
Active Test:  [  1010/?]  eta: ?  loss: 0.0112 (0.6036)  accuracy: 1.0000 (0.8936)  balanced_accuracy: 0.9889 (0.8831)  pr_auc: 1.0000 (0.9271)  roc_auc: 1.0000 (0.9575)  f1_weighted: 0.9888 (0.8387)  time: 0.0185  data: 0.0021  max mem: 20497
Active Test:  [  1020/?]  eta: ?  loss: 0.0097 (0.5989)  accuracy: 1.0000 (0.8943)  balanced_accuracy: 1.0000 (0.8839)  pr_auc: 1.0000 (0.9278)  roc_auc: 1.0000 (0.9580)  f1_weighted: 1.0000 (0.8398)  time: 0.0182  data: 0.0021  max mem: 20497
Active Test:  [  1030/?]  eta: ?  loss: 0.0064 (0.5942)  accuracy: 0.9844 (0.8950)  balanced_accuracy: 1.0000 (0.8846)  pr_auc: 1.0000 (0.9283)  roc_auc: 1.0000 (0.9583)  f1_weighted: 1.0000 (0.8407)  time: 0.0183  data: 0.0026  max mem: 20497
Active Test:  [  1040/?]  eta: ?  loss: 0.0214 (0.5952)  accuracy: 0.9844 (0.8946)  balanced_accuracy: 1.0000 (0.8845)  pr_auc: 1.0000 (0.9285)  roc_auc: 1.0000 (0.9585)  f1_weighted: 1.0000 (0.8408)  time: 0.0237  data: 0.0072  max mem: 20497
Active Test:  [  1050/?]  eta: ?  loss: 0.0218 (0.5981)  accuracy: 0.9688 (0.8940)  balanced_accuracy: 1.0000 (0.8837)  pr_auc: 1.0000 (0.9285)  roc_auc: 1.0000 (0.9585)  f1_weighted: 1.0000 (0.8406)  time: 0.0230  data: 0.0076  max mem: 20497
Active Test:  [  1060/?]  eta: ?  loss: 0.0218 (0.6056)  accuracy: 0.9062 (0.8933)  balanced_accuracy: 0.9000 (0.8828)  pr_auc: 1.0000 (0.9275)  roc_auc: 1.0000 (0.9579)  f1_weighted: 0.8400 (0.8401)  time: 0.0253  data: 0.0107  max mem: 20497
Active Test:  [  1070/?]  eta: ?  loss: 0.0315 (0.6036)  accuracy: 0.9844 (0.8938)  balanced_accuracy: 0.9000 (0.8829)  pr_auc: 1.0000 (0.9276)  roc_auc: 1.0000 (0.9580)  f1_weighted: 0.8400 (0.8403)  time: 0.0250  data: 0.0097  max mem: 20497
Active Test: Total time: 0:00:23 (0.0222 s / it)
* loss 0.599

============================================================
Evaluating on passive tasks (407,568 samples)...
============================================================
Passive Test:  [     0/?]  eta: ?  loss: 0.5491 (0.5491)  accuracy: 0.8438 (0.8438)  balanced_accuracy: 0.8646 (0.8646)  pr_auc: 0.8555 (0.8555)  roc_auc: 0.9251 (0.9251)  f1_weighted: 0.8276 (0.8276)  time: 1.3235  data: 1.2924  max mem: 20497
Passive Test:  [    10/?]  eta: ?  loss: 0.4558 (0.8163)  accuracy: 0.8750 (0.8594)  balanced_accuracy: 0.8623 (0.8318)  pr_auc: 0.8555 (0.8736)  roc_auc: 0.8811 (0.8876)  f1_weighted: 0.8276 (0.7882)  time: 0.1371  data: 0.1194  max mem: 20497
Passive Test:  [    20/?]  eta: ?  loss: 0.4558 (1.1446)  accuracy: 0.8438 (0.8237)  balanced_accuracy: 0.7662 (0.7947)  pr_auc: 0.8555 (0.8409)  roc_auc: 0.8267 (0.8584)  f1_weighted: 0.7241 (0.7301)  time: 0.0183  data: 0.0018  max mem: 20497
Passive Test:  [    30/?]  eta: ?  loss: 0.2247 (1.1476)  accuracy: 0.7500 (0.8271)  balanced_accuracy: 0.7520 (0.7889)  pr_auc: 0.8340 (0.8341)  roc_auc: 0.8193 (0.8541)  f1_weighted: 0.7213 (0.7239)  time: 0.0174  data: 0.0010  max mem: 20497
Passive Test:  [    40/?]  eta: ?  loss: 0.3336 (1.3050)  accuracy: 0.7188 (0.8026)  balanced_accuracy: 0.6711 (0.7672)  pr_auc: 0.8283 (0.8140)  roc_auc: 0.7554 (0.8347)  f1_weighted: 0.5200 (0.6840)  time: 0.0171  data: 0.0008  max mem: 20497
Passive Test:  [    50/?]  eta: ?  loss: 0.6542 (1.2256)  accuracy: 0.7188 (0.7960)  balanced_accuracy: 0.7062 (0.7630)  pr_auc: 0.8340 (0.8223)  roc_auc: 0.7882 (0.8458)  f1_weighted: 0.6182 (0.6773)  time: 0.0169  data: 0.0007  max mem: 20497
Passive Test:  [    60/?]  eta: ?  loss: 0.6542 (1.1899)  accuracy: 0.7344 (0.7948)  balanced_accuracy: 0.7237 (0.7650)  pr_auc: 0.8794 (0.8284)  roc_auc: 0.8583 (0.8570)  f1_weighted: 0.6429 (0.6853)  time: 0.0173  data: 0.0013  max mem: 20497
Passive Test:  [    70/?]  eta: ?  loss: 0.6243 (1.1678)  accuracy: 0.7969 (0.7984)  balanced_accuracy: 0.7821 (0.7721)  pr_auc: 0.9835 (0.8333)  roc_auc: 0.9703 (0.8655)  f1_weighted: 0.7213 (0.6992)  time: 0.0186  data: 0.0027  max mem: 20497
Passive Test:  [    80/?]  eta: ?  loss: 0.6243 (1.2025)  accuracy: 0.8281 (0.7986)  balanced_accuracy: 0.8137 (0.7755)  pr_auc: 0.9833 (0.8297)  roc_auc: 0.9638 (0.8666)  f1_weighted: 0.7711 (0.7078)  time: 0.0183  data: 0.0025  max mem: 20497
Passive Test:  [    90/?]  eta: ?  loss: 0.6536 (1.1776)  accuracy: 0.8281 (0.8036)  balanced_accuracy: 0.8462 (0.7808)  pr_auc: 0.9710 (0.8351)  roc_auc: 0.9457 (0.8692)  f1_weighted: 0.8182 (0.7225)  time: 0.0183  data: 0.0024  max mem: 20497
Passive Test:  [   100/?]  eta: ?  loss: 0.5761 (1.1770)  accuracy: 0.8281 (0.8066)  balanced_accuracy: 0.8725 (0.7902)  pr_auc: 0.9596 (0.8375)  roc_auc: 0.9457 (0.8751)  f1_weighted: 0.8539 (0.7357)  time: 0.0184  data: 0.0027  max mem: 20497
Passive Test:  [   110/?]  eta: ?  loss: 0.5943 (1.1671)  accuracy: 0.8125 (0.8095)  balanced_accuracy: 0.8492 (0.7968)  pr_auc: 0.9595 (0.8415)  roc_auc: 0.9706 (0.8803)  f1_weighted: 0.8197 (0.7451)  time: 0.0179  data: 0.0022  max mem: 20497
Passive Test:  [   120/?]  eta: ?  loss: 0.7428 (1.1712)  accuracy: 0.8281 (0.8137)  balanced_accuracy: 0.8725 (0.8064)  pr_auc: 0.9624 (0.8510)  roc_auc: 0.9706 (0.8881)  f1_weighted: 0.8539 (0.7573)  time: 0.0192  data: 0.0034  max mem: 20497
Passive Test:  [   130/?]  eta: ?  loss: 0.7026 (1.1412)  accuracy: 0.8281 (0.8173)  balanced_accuracy: 0.8725 (0.8145)  pr_auc: 0.9920 (0.8601)  roc_auc: 0.9729 (0.8949)  f1_weighted: 0.8539 (0.7671)  time: 0.0188  data: 0.0030  max mem: 20497
Passive Test:  [   140/?]  eta: ?  loss: 0.5831 (1.1360)  accuracy: 0.8438 (0.8204)  balanced_accuracy: 0.8750 (0.8210)  pr_auc: 0.9920 (0.8685)  roc_auc: 0.9910 (0.9017)  f1_weighted: 0.8539 (0.7731)  time: 0.0177  data: 0.0019  max mem: 20497
Passive Test:  [   150/?]  eta: ?  loss: 0.5341 (1.1094)  accuracy: 0.8438 (0.8245)  balanced_accuracy: 0.9079 (0.8289)  pr_auc: 0.9945 (0.8759)  roc_auc: 0.9955 (0.9075)  f1_weighted: 0.8571 (0.7813)  time: 0.0178  data: 0.0019  max mem: 20497
Passive Test:  [   160/?]  eta: ?  loss: 0.3286 (1.0798)  accuracy: 0.8906 (0.8301)  balanced_accuracy: 0.9327 (0.8371)  pr_auc: 0.9985 (0.8839)  roc_auc: 0.9970 (0.9134)  f1_weighted: 0.8667 (0.7908)  time: 0.0177  data: 0.0016  max mem: 20497
Passive Test:  [   170/?]  eta: ?  loss: 0.1573 (1.0445)  accuracy: 0.9531 (0.8342)  balanced_accuracy: 0.9808 (0.8446)  pr_auc: 1.0000 (0.8898)  roc_auc: 1.0000 (0.9180)  f1_weighted: 0.9630 (0.8001)  time: 0.0178  data: 0.0017  max mem: 20497
Passive Test:  [   180/?]  eta: ?  loss: 0.1272 (1.0039)  accuracy: 0.9688 (0.8391)  balanced_accuracy: 0.9808 (0.8522)  pr_auc: 1.0000 (0.8962)  roc_auc: 1.0000 (0.9227)  f1_weighted: 0.9630 (0.8089)  time: 0.0181  data: 0.0020  max mem: 20497
Passive Test:  [   190/?]  eta: ?  loss: 0.1238 (0.9798)  accuracy: 0.9688 (0.8423)  balanced_accuracy: 0.9902 (0.8586)  pr_auc: 1.0000 (0.9012)  roc_auc: 1.0000 (0.9264)  f1_weighted: 0.9630 (0.8163)  time: 0.0182  data: 0.0021  max mem: 20497
Passive Test:  [   200/?]  eta: ?  loss: 0.1551 (0.9579)  accuracy: 0.9219 (0.8446)  balanced_accuracy: 0.9804 (0.8578)  pr_auc: 1.0000 (0.9034)  roc_auc: 1.0000 (0.9264)  f1_weighted: 0.9400 (0.8211)  time: 0.0185  data: 0.0025  max mem: 20497
Passive Test:  [   210/?]  eta: ?  loss: 0.2652 (0.9511)  accuracy: 0.9062 (0.8454)  balanced_accuracy: 0.9706 (0.8564)  pr_auc: 0.9945 (0.9044)  roc_auc: 0.9985 (0.9218)  f1_weighted: 0.9286 (0.8252)  time: 0.0184  data: 0.0023  max mem: 20497
Passive Test:  [   220/?]  eta: ?  loss: 0.2346 (0.9606)  accuracy: 0.7812 (0.8431)  balanced_accuracy: 0.9419 (0.8509)  pr_auc: 0.9422 (0.9031)  roc_auc: 0.9819 (0.9156)  f1_weighted: 0.8889 (0.8250)  time: 0.0176  data: 0.0016  max mem: 20497
Passive Test:  [   230/?]  eta: ?  loss: 1.1403 (0.9733)  accuracy: 0.7656 (0.8413)  balanced_accuracy: 0.9412 (0.8467)  pr_auc: 0.8847 (0.8991)  roc_auc: 0.9631 (0.9106)  f1_weighted: 0.8276 (0.8234)  time: 0.0171  data: 0.0013  max mem: 20497
Passive Test:  [   240/?]  eta: ?  loss: 1.3975 (1.0172)  accuracy: 0.7344 (0.8356)  balanced_accuracy: 0.9223 (0.8401)  pr_auc: 0.8641 (0.8984)  roc_auc: 0.9593 (0.9051)  f1_weighted: 0.8125 (0.8196)  time: 0.0175  data: 0.0024  max mem: 20497
Passive Test:  [   250/?]  eta: ?  loss: 0.8627 (1.0309)  accuracy: 0.7344 (0.8330)  balanced_accuracy: 0.9020 (0.8382)  pr_auc: 0.8370 (0.8974)  roc_auc: 0.9593 (0.9038)  f1_weighted: 0.7573 (0.8164)  time: 0.0180  data: 0.0033  max mem: 20497
Passive Test:  [   260/?]  eta: ?  loss: 0.5795 (1.0469)  accuracy: 0.7812 (0.8305)  balanced_accuracy: 0.6113 (0.8355)  pr_auc: 0.8157 (0.8960)  roc_auc: 0.7672 (0.9020)  f1_weighted: 0.7222 (0.8140)  time: 0.0181  data: 0.0035  max mem: 20497
Passive Test:  [   270/?]  eta: ?  loss: 0.5107 (1.0430)  accuracy: 0.7812 (0.8307)  balanced_accuracy: 0.6579 (0.8355)  pr_auc: 0.8641 (0.8961)  roc_auc: 0.7672 (0.9017)  f1_weighted: 0.7222 (0.8141)  time: 0.0182  data: 0.0037  max mem: 20497
Passive Test:  [   280/?]  eta: ?  loss: 0.5107 (1.0468)  accuracy: 0.7969 (0.8292)  balanced_accuracy: 0.6646 (0.8336)  pr_auc: 0.8164 (0.8947)  roc_auc: 0.7738 (0.8997)  f1_weighted: 0.7429 (0.8133)  time: 0.0183  data: 0.0037  max mem: 20497
Passive Test:  [   290/?]  eta: ?  loss: 0.3913 (1.0348)  accuracy: 0.7969 (0.8303)  balanced_accuracy: 0.7986 (0.8341)  pr_auc: 0.9224 (0.8958)  roc_auc: 0.8598 (0.9002)  f1_weighted: 0.7561 (0.8129)  time: 0.0184  data: 0.0038  max mem: 20497
Passive Test:  [   300/?]  eta: ?  loss: 0.5642 (1.0281)  accuracy: 0.8438 (0.8308)  balanced_accuracy: 0.8718 (0.8353)  pr_auc: 0.9371 (0.8966)  roc_auc: 0.9518 (0.9014)  f1_weighted: 0.8125 (0.8131)  time: 0.0180  data: 0.0035  max mem: 20497
Passive Test:  [   310/?]  eta: ?  loss: 0.5647 (1.0144)  accuracy: 0.8438 (0.8322)  balanced_accuracy: 0.8718 (0.8366)  pr_auc: 0.9371 (0.8971)  roc_auc: 0.9747 (0.9032)  f1_weighted: 0.7879 (0.8121)  time: 0.0180  data: 0.0033  max mem: 20497
Passive Test:  [   320/?]  eta: ?  loss: 0.5495 (1.0044)  accuracy: 0.8438 (0.8330)  balanced_accuracy: 0.8922 (0.8378)  pr_auc: 0.9714 (0.8987)  roc_auc: 0.9747 (0.9047)  f1_weighted: 0.8219 (0.8130)  time: 0.0182  data: 0.0034  max mem: 20497
Passive Test:  [   330/?]  eta: ?  loss: 0.4142 (0.9894)  accuracy: 0.8906 (0.8357)  balanced_accuracy: 0.8947 (0.8395)  pr_auc: 0.9724 (0.8979)  roc_auc: 0.9804 (0.9056)  f1_weighted: 0.8308 (0.8142)  time: 0.0180  data: 0.0031  max mem: 20497
Passive Test:  [   340/?]  eta: ?  loss: 0.2727 (0.9912)  accuracy: 0.9062 (0.8364)  balanced_accuracy: 0.9118 (0.8387)  pr_auc: 0.9869 (0.8947)  roc_auc: 0.9848 (0.9052)  f1_weighted: 0.9167 (0.8102)  time: 0.0180  data: 0.0027  max mem: 20497
Passive Test:  [   350/?]  eta: ?  loss: 0.2759 (0.9979)  accuracy: 0.8281 (0.8369)  balanced_accuracy: 0.9150 (0.8365)  pr_auc: 0.9970 (0.8885)  roc_auc: 0.9979 (0.9023)  f1_weighted: 0.9268 (0.8036)  time: 0.0183  data: 0.0025  max mem: 20497
Passive Test:  [   360/?]  eta: ?  loss: 1.1082 (1.0114)  accuracy: 0.8281 (0.8355)  balanced_accuracy: 0.8269 (0.8333)  pr_auc: 0.9671 (0.8839)  roc_auc: 0.9742 (0.8991)  f1_weighted: 0.8764 (0.7986)  time: 0.0181  data: 0.0022  max mem: 20497
Passive Test:  [   370/?]  eta: ?  loss: 0.7934 (1.0194)  accuracy: 0.8281 (0.8350)  balanced_accuracy: 0.8074 (0.8296)  pr_auc: 0.9385 (0.8780)  roc_auc: 0.9712 (0.8956)  f1_weighted: 0.8485 (0.7911)  time: 0.0181  data: 0.0021  max mem: 20497
Passive Test:  [   380/?]  eta: ?  loss: 0.6548 (1.0138)  accuracy: 0.8438 (0.8351)  balanced_accuracy: 0.8074 (0.8295)  pr_auc: 0.8441 (0.8778)  roc_auc: 0.9084 (0.8964)  f1_weighted: 0.8254 (0.7909)  time: 0.0181  data: 0.0022  max mem: 20497
Passive Test:  [   390/?]  eta: ?  loss: 0.5558 (1.0066)  accuracy: 0.8281 (0.8358)  balanced_accuracy: 0.8553 (0.8311)  pr_auc: 0.8494 (0.8789)  roc_auc: 0.9292 (0.8981)  f1_weighted: 0.8065 (0.7913)  time: 0.0186  data: 0.0022  max mem: 20497
Passive Test:  [   400/?]  eta: ?  loss: 0.6695 (0.9980)  accuracy: 0.8438 (0.8365)  balanced_accuracy: 0.8718 (0.8328)  pr_auc: 0.9180 (0.8809)  roc_auc: 0.9721 (0.9002)  f1_weighted: 0.8254 (0.7922)  time: 0.0190  data: 0.0017  max mem: 20497
Passive Test:  [   410/?]  eta: ?  loss: 0.6439 (0.9909)  accuracy: 0.8438 (0.8371)  balanced_accuracy: 0.8684 (0.8338)  pr_auc: 0.9838 (0.8830)  roc_auc: 0.9733 (0.9021)  f1_weighted: 0.8276 (0.7928)  time: 0.0184  data: 0.0009  max mem: 20497
Passive Test:  [   420/?]  eta: ?  loss: 0.9418 (0.9878)  accuracy: 0.8281 (0.8373)  balanced_accuracy: 0.8553 (0.8348)  pr_auc: 0.9286 (0.8845)  roc_auc: 0.9676 (0.9037)  f1_weighted: 0.8125 (0.7931)  time: 0.0179  data: 0.0005  max mem: 20497
Passive Test:  [   430/?]  eta: ?  loss: 1.0476 (0.9947)  accuracy: 0.8125 (0.8359)  balanced_accuracy: 0.8421 (0.8338)  pr_auc: 0.9184 (0.8820)  roc_auc: 0.9314 (0.9026)  f1_weighted: 0.7692 (0.7908)  time: 0.0179  data: 0.0004  max mem: 20497
Passive Test:  [   440/?]  eta: ?  loss: 1.1649 (1.0035)  accuracy: 0.7969 (0.8352)  balanced_accuracy: 0.8522 (0.8340)  pr_auc: 0.9046 (0.8797)  roc_auc: 0.8922 (0.9026)  f1_weighted: 0.7385 (0.7897)  time: 0.0181  data: 0.0001  max mem: 20497
Passive Test:  [   450/?]  eta: ?  loss: 1.4293 (1.0146)  accuracy: 0.7969 (0.8344)  balanced_accuracy: 0.8522 (0.8337)  pr_auc: 0.8200 (0.8773)  roc_auc: 0.8942 (0.9016)  f1_weighted: 0.7385 (0.7884)  time: 0.0182  data: 0.0001  max mem: 20497
Passive Test:  [   460/?]  eta: ?  loss: 1.5243 (1.0235)  accuracy: 0.7969 (0.8340)  balanced_accuracy: 0.8365 (0.8340)  pr_auc: 0.8057 (0.8744)  roc_auc: 0.8942 (0.9012)  f1_weighted: 0.7000 (0.7874)  time: 0.0184  data: 0.0002  max mem: 20497
Passive Test:  [   470/?]  eta: ?  loss: 1.5631 (1.0344)  accuracy: 0.7969 (0.8336)  balanced_accuracy: 0.8365 (0.8334)  pr_auc: 0.8505 (0.8734)  roc_auc: 0.8922 (0.9007)  f1_weighted: 0.7442 (0.7864)  time: 0.0185  data: 0.0002  max mem: 20497
Passive Test:  [   480/?]  eta: ?  loss: 1.6483 (1.0438)  accuracy: 0.7969 (0.8331)  balanced_accuracy: 0.8272 (0.8331)  pr_auc: 0.8638 (0.8712)  roc_auc: 0.8824 (0.8999)  f1_weighted: 0.6842 (0.7852)  time: 0.0185  data: 0.0002  max mem: 20497
Passive Test:  [   490/?]  eta: ?  loss: 2.3138 (1.0645)  accuracy: 0.7656 (0.8313)  balanced_accuracy: 0.7308 (0.8307)  pr_auc: 0.7564 (0.8676)  roc_auc: 0.8588 (0.8961)  f1_weighted: 0.6486 (0.7816)  time: 0.0183  data: 0.0001  max mem: 20497
Passive Test:  [   500/?]  eta: ?  loss: 2.3138 (1.0742)  accuracy: 0.7656 (0.8308)  balanced_accuracy: 0.7126 (0.8304)  pr_auc: 0.7342 (0.8651)  roc_auc: 0.7713 (0.8948)  f1_weighted: 0.6486 (0.7802)  time: 0.0182  data: 0.0002  max mem: 20497
Passive Test:  [   510/?]  eta: ?  loss: 2.1795 (1.0922)  accuracy: 0.7812 (0.8291)  balanced_accuracy: 0.7308 (0.8283)  pr_auc: 0.7404 (0.8624)  roc_auc: 0.8154 (0.8917)  f1_weighted: 0.6486 (0.7771)  time: 0.0184  data: 0.0002  max mem: 20497
Passive Test:  [   520/?]  eta: ?  loss: 2.1795 (1.1020)  accuracy: 0.7812 (0.8284)  balanced_accuracy: 0.7308 (0.8278)  pr_auc: 0.7749 (0.8605)  roc_auc: 0.8507 (0.8915)  f1_weighted: 0.6316 (0.7753)  time: 0.0187  data: 0.0002  max mem: 20497
Passive Test:  [   530/?]  eta: ?  loss: 2.1496 (1.1168)  accuracy: 0.7812 (0.8271)  balanced_accuracy: 0.7564 (0.8259)  pr_auc: 0.8390 (0.8600)  roc_auc: 0.8667 (0.8902)  f1_weighted: 0.6486 (0.7719)  time: 0.0186  data: 0.0002  max mem: 20497
Passive Test:  [   540/?]  eta: ?  loss: 1.2797 (1.1200)  accuracy: 0.7812 (0.8275)  balanced_accuracy: 0.7692 (0.8260)  pr_auc: 0.9213 (0.8611)  roc_auc: 0.9097 (0.8902)  f1_weighted: 0.7000 (0.7718)  time: 0.0182  data: 0.0001  max mem: 20497
Passive Test:  [   550/?]  eta: ?  loss: 1.0788 (1.1250)  accuracy: 0.8125 (0.8276)  balanced_accuracy: 0.7821 (0.8258)  pr_auc: 0.9263 (0.8615)  roc_auc: 0.9281 (0.8895)  f1_weighted: 0.7213 (0.7716)  time: 0.0182  data: 0.0002  max mem: 20497
Passive Test:  [   560/?]  eta: ?  loss: 0.9572 (1.1277)  accuracy: 0.8438 (0.8277)  balanced_accuracy: 0.8077 (0.8255)  pr_auc: 0.9392 (0.8616)  roc_auc: 0.9494 (0.8893)  f1_weighted: 0.7619 (0.7715)  time: 0.0178  data: 0.0002  max mem: 20497
Passive Test:  [   570/?]  eta: ?  loss: 0.7365 (1.1435)  accuracy: 0.8438 (0.8262)  balanced_accuracy: 0.8077 (0.8234)  pr_auc: 0.9392 (0.8597)  roc_auc: 0.9494 (0.8871)  f1_weighted: 0.7619 (0.7691)  time: 0.0178  data: 0.0001  max mem: 20497
Passive Test:  [   580/?]  eta: ?  loss: 1.0328 (1.1513)  accuracy: 0.8125 (0.8259)  balanced_accuracy: 0.7692 (0.8227)  pr_auc: 0.9509 (0.8590)  roc_auc: 0.9393 (0.8860)  f1_weighted: 0.7000 (0.7684)  time: 0.0178  data: 0.0001  max mem: 20497
Passive Test:  [   590/?]  eta: ?  loss: 1.4656 (1.1570)  accuracy: 0.7969 (0.8250)  balanced_accuracy: 0.7692 (0.8216)  pr_auc: 0.9419 (0.8584)  roc_auc: 0.9036 (0.8856)  f1_weighted: 0.7000 (0.7675)  time: 0.0175  data: 0.0001  max mem: 20497
Passive Test:  [   600/?]  eta: ?  loss: 1.6325 (1.1589)  accuracy: 0.7969 (0.8247)  balanced_accuracy: 0.7692 (0.8211)  pr_auc: 0.9317 (0.8589)  roc_auc: 0.9008 (0.8858)  f1_weighted: 0.7000 (0.7671)  time: 0.0174  data: 0.0001  max mem: 20497
Passive Test:  [   610/?]  eta: ?  loss: 1.5919 (1.1645)  accuracy: 0.7969 (0.8245)  balanced_accuracy: 0.8000 (0.8207)  pr_auc: 0.9153 (0.8596)  roc_auc: 0.8764 (0.8855)  f1_weighted: 0.7742 (0.7678)  time: 0.0173  data: 0.0001  max mem: 20497
Passive Test:  [   620/?]  eta: ?  loss: 1.3050 (1.1599)  accuracy: 0.7969 (0.8247)  balanced_accuracy: 0.8000 (0.8207)  pr_auc: 0.8998 (0.8605)  roc_auc: 0.8836 (0.8858)  f1_weighted: 0.7937 (0.7688)  time: 0.0173  data: 0.0001  max mem: 20497
Passive Test:  [   630/?]  eta: ?  loss: 0.7936 (1.1555)  accuracy: 0.8125 (0.8251)  balanced_accuracy: 0.7692 (0.8209)  pr_auc: 0.9217 (0.8612)  roc_auc: 0.9291 (0.8860)  f1_weighted: 0.8276 (0.7701)  time: 0.0172  data: 0.0001  max mem: 20497
Passive Test:  [   640/?]  eta: ?  loss: 0.3599 (1.1581)  accuracy: 0.8750 (0.8252)  balanced_accuracy: 0.8400 (0.8207)  pr_auc: 0.9070 (0.8613)  roc_auc: 0.9281 (0.8860)  f1_weighted: 0.8276 (0.7701)  time: 0.0170  data: 0.0001  max mem: 20497
Passive Test:  [   650/?]  eta: ?  loss: 0.4330 (1.1604)  accuracy: 0.8750 (0.8246)  balanced_accuracy: 0.8704 (0.8197)  pr_auc: 0.9472 (0.8604)  roc_auc: 0.9534 (0.8855)  f1_weighted: 0.8333 (0.7688)  time: 0.0172  data: 0.0001  max mem: 20497
Passive Test:  [   660/?]  eta: ?  loss: 0.4330 (1.1595)  accuracy: 0.8438 (0.8252)  balanced_accuracy: 0.8704 (0.8201)  pr_auc: 0.9472 (0.8609)  roc_auc: 0.9534 (0.8857)  f1_weighted: 0.8333 (0.7692)  time: 0.0173  data: 0.0003  max mem: 20497
Passive Test:  [   670/?]  eta: ?  loss: 0.1360 (1.1571)  accuracy: 0.9219 (0.8259)  balanced_accuracy: 0.9281 (0.8208)  pr_auc: 0.9491 (0.8616)  roc_auc: 0.9864 (0.8861)  f1_weighted: 0.8571 (0.7698)  time: 0.0175  data: 0.0006  max mem: 20497
Passive Test:  [   680/?]  eta: ?  loss: 0.1660 (1.1479)  accuracy: 0.9219 (0.8271)  balanced_accuracy: 0.9281 (0.8221)  pr_auc: 0.9491 (0.8631)  roc_auc: 0.9864 (0.8876)  f1_weighted: 0.8571 (0.7712)  time: 0.0178  data: 0.0010  max mem: 20497
Passive Test:  [   690/?]  eta: ?  loss: 0.1632 (1.1385)  accuracy: 0.9375 (0.8286)  balanced_accuracy: 0.9415 (0.8237)  pr_auc: 0.9856 (0.8647)  roc_auc: 0.9894 (0.8891)  f1_weighted: 0.8929 (0.7730)  time: 0.0178  data: 0.0008  max mem: 20497
Passive Test:  [   700/?]  eta: ?  loss: 0.1632 (1.1329)  accuracy: 0.9219 (0.8296)  balanced_accuracy: 0.9215 (0.8247)  pr_auc: 0.9827 (0.8659)  roc_auc: 0.9894 (0.8903)  f1_weighted: 0.8966 (0.7741)  time: 0.0181  data: 0.0011  max mem: 20497
Passive Test:  [   710/?]  eta: ?  loss: 0.2230 (1.1238)  accuracy: 0.9062 (0.8308)  balanced_accuracy: 0.9211 (0.8260)  pr_auc: 0.9673 (0.8673)  roc_auc: 0.9819 (0.8916)  f1_weighted: 0.8772 (0.7755)  time: 0.0187  data: 0.0015  max mem: 20497
Passive Test:  [   720/?]  eta: ?  loss: 0.3217 (1.1214)  accuracy: 0.8750 (0.8309)  balanced_accuracy: 0.8522 (0.8260)  pr_auc: 0.9673 (0.8678)  roc_auc: 0.9774 (0.8927)  f1_weighted: 0.8163 (0.7751)  time: 0.0184  data: 0.0011  max mem: 20497
Passive Test:  [   730/?]  eta: ?  loss: 0.5374 (1.1162)  accuracy: 0.8281 (0.8311)  balanced_accuracy: 0.8522 (0.8265)  pr_auc: 0.9649 (0.8685)  roc_auc: 0.9764 (0.8940)  f1_weighted: 0.7500 (0.7751)  time: 0.0181  data: 0.0008  max mem: 20497
Passive Test:  [   740/?]  eta: ?  loss: 0.3643 (1.1052)  accuracy: 0.8750 (0.8324)  balanced_accuracy: 0.8947 (0.8282)  pr_auc: 0.9823 (0.8698)  roc_auc: 0.9898 (0.8955)  f1_weighted: 0.8525 (0.7769)  time: 0.0183  data: 0.0013  max mem: 20497
Passive Test:  [   750/?]  eta: ?  loss: 0.3643 (1.0964)  accuracy: 0.8906 (0.8331)  balanced_accuracy: 0.9118 (0.8296)  pr_auc: 0.9969 (0.8715)  roc_auc: 0.9979 (0.8970)  f1_weighted: 0.8772 (0.7780)  time: 0.0184  data: 0.0014  max mem: 20497
Passive Test:  [   760/?]  eta: ?  loss: 0.2081 (1.0863)  accuracy: 0.8594 (0.8342)  balanced_accuracy: 0.9038 (0.8305)  pr_auc: 0.9938 (0.8725)  roc_auc: 0.9959 (0.8984)  f1_weighted: 0.8125 (0.7786)  time: 0.0184  data: 0.0014  max mem: 20497
Passive Test:  [   770/?]  eta: ?  loss: 0.2081 (1.0788)  accuracy: 0.9219 (0.8350)  balanced_accuracy: 0.8824 (0.8313)  pr_auc: 0.9908 (0.8735)  roc_auc: 0.9945 (0.8995)  f1_weighted: 0.8125 (0.7791)  time: 0.0179  data: 0.0013  max mem: 20497
Passive Test:  [   780/?]  eta: ?  loss: 0.0900 (1.0706)  accuracy: 0.9219 (0.8362)  balanced_accuracy: 0.8725 (0.8321)  pr_auc: 0.9870 (0.8744)  roc_auc: 0.9919 (0.9003)  f1_weighted: 0.9123 (0.7803)  time: 0.0176  data: 0.0015  max mem: 20497
Passive Test:  [   790/?]  eta: ?  loss: 0.0900 (1.0725)  accuracy: 0.8906 (0.8358)  balanced_accuracy: 0.8654 (0.8311)  pr_auc: 0.9291 (0.8744)  roc_auc: 0.9808 (0.9001)  f1_weighted: 0.8571 (0.7806)  time: 0.0181  data: 0.0014  max mem: 20497
Passive Test:  [   800/?]  eta: ?  loss: 0.1733 (1.0711)  accuracy: 0.7969 (0.8361)  balanced_accuracy: 0.8725 (0.8310)  pr_auc: 0.9156 (0.8751)  roc_auc: 0.9706 (0.9001)  f1_weighted: 0.8411 (0.7814)  time: 0.0185  data: 0.0011  max mem: 20497
Passive Test:  [   810/?]  eta: ?  loss: 0.1733 (1.0757)  accuracy: 0.7500 (0.8356)  balanced_accuracy: 0.8462 (0.8298)  pr_auc: 0.9156 (0.8749)  roc_auc: 0.9706 (0.8994)  f1_weighted: 0.7647 (0.7815)  time: 0.0183  data: 0.0010  max mem: 20497
Passive Test:  [   820/?]  eta: ?  loss: 0.2638 (1.0732)  accuracy: 0.8594 (0.8358)  balanced_accuracy: 0.8750 (0.8296)  pr_auc: 0.9286 (0.8758)  roc_auc: 0.9902 (0.8996)  f1_weighted: 0.7647 (0.7823)  time: 0.0182  data: 0.0008  max mem: 20497
Passive Test:  [   830/?]  eta: ?  loss: 0.2638 (1.0731)  accuracy: 0.9062 (0.8356)  balanced_accuracy: 0.8846 (0.8285)  pr_auc: 1.0000 (0.8770)  roc_auc: 1.0000 (0.8994)  f1_weighted: 0.8125 (0.7827)  time: 0.0182  data: 0.0009  max mem: 20497
Passive Test:  [   840/?]  eta: ?  loss: 0.3565 (1.0682)  accuracy: 0.9062 (0.8360)  balanced_accuracy: 0.8462 (0.8280)  pr_auc: 1.0000 (0.8785)  roc_auc: 1.0000 (0.9000)  f1_weighted: 0.8125 (0.7833)  time: 0.0176  data: 0.0005  max mem: 20497
Passive Test:  [   850/?]  eta: ?  loss: 0.2580 (1.0583)  accuracy: 0.9062 (0.8370)  balanced_accuracy: 0.9071 (0.8290)  pr_auc: 0.9986 (0.8801)  roc_auc: 0.9990 (0.9013)  f1_weighted: 0.8276 (0.7841)  time: 0.0175  data: 0.0003  max mem: 20497
Passive Test:  [   860/?]  eta: ?  loss: 0.1678 (1.0501)  accuracy: 0.9062 (0.8379)  balanced_accuracy: 0.9118 (0.8299)  pr_auc: 0.9986 (0.8814)  roc_auc: 0.9990 (0.9026)  f1_weighted: 0.8125 (0.7850)  time: 0.0181  data: 0.0007  max mem: 20497
Passive Test:  [   870/?]  eta: ?  loss: 0.1026 (1.0397)  accuracy: 0.9688 (0.8392)  balanced_accuracy: 0.9327 (0.8314)  pr_auc: 1.0000 (0.8828)  roc_auc: 1.0000 (0.9038)  f1_weighted: 0.9167 (0.7868)  time: 0.0181  data: 0.0007  max mem: 20497
Passive Test:  [   880/?]  eta: ?  loss: 0.0462 (1.0319)  accuracy: 0.9688 (0.8399)  balanced_accuracy: 0.9804 (0.8319)  pr_auc: 1.0000 (0.8834)  roc_auc: 1.0000 (0.9045)  f1_weighted: 0.9286 (0.7874)  time: 0.0177  data: 0.0003  max mem: 20497
Passive Test:  [   890/?]  eta: ?  loss: 0.1139 (1.0222)  accuracy: 0.9531 (0.8410)  balanced_accuracy: 0.9231 (0.8331)  pr_auc: 1.0000 (0.8845)  roc_auc: 1.0000 (0.9056)  f1_weighted: 0.8966 (0.7888)  time: 0.0178  data: 0.0001  max mem: 20497
Passive Test:  [   900/?]  eta: ?  loss: 0.0574 (1.0144)  accuracy: 0.9688 (0.8418)  balanced_accuracy: 0.9517 (0.8337)  pr_auc: 0.9952 (0.8857)  roc_auc: 0.9970 (0.9067)  f1_weighted: 0.9167 (0.7892)  time: 0.0179  data: 0.0001  max mem: 20497
Passive Test:  [   910/?]  eta: ?  loss: 0.0388 (1.0049)  accuracy: 0.9844 (0.8431)  balanced_accuracy: 0.9583 (0.8351)  pr_auc: 1.0000 (0.8870)  roc_auc: 1.0000 (0.9078)  f1_weighted: 0.9565 (0.7910)  time: 0.0182  data: 0.0001  max mem: 20497
Passive Test:  [   920/?]  eta: ?  loss: 0.0373 (0.9966)  accuracy: 0.9844 (0.8440)  balanced_accuracy: 0.9902 (0.8361)  pr_auc: 1.0000 (0.8883)  roc_auc: 1.0000 (0.9088)  f1_weighted: 0.9630 (0.7920)  time: 0.0181  data: 0.0001  max mem: 20497
Passive Test:  [   930/?]  eta: ?  loss: 0.0288 (0.9871)  accuracy: 0.9844 (0.8452)  balanced_accuracy: 0.9615 (0.8373)  pr_auc: 1.0000 (0.8896)  roc_auc: 1.0000 (0.9099)  f1_weighted: 0.9600 (0.7936)  time: 0.0177  data: 0.0001  max mem: 20497
Passive Test:  [   940/?]  eta: ?  loss: 0.0329 (0.9782)  accuracy: 0.9844 (0.8463)  balanced_accuracy: 0.9902 (0.8385)  pr_auc: 1.0000 (0.8909)  roc_auc: 1.0000 (0.9110)  f1_weighted: 0.9630 (0.7951)  time: 0.0174  data: 0.0001  max mem: 20497
Passive Test:  [   950/?]  eta: ?  loss: 0.1651 (0.9732)  accuracy: 0.9062 (0.8466)  balanced_accuracy: 0.8846 (0.8379)  pr_auc: 1.0000 (0.8921)  roc_auc: 1.0000 (0.9121)  f1_weighted: 0.8571 (0.7934)  time: 0.0177  data: 0.0001  max mem: 20497
Passive Test:  [   960/?]  eta: ?  loss: 0.3712 (0.9681)  accuracy: 0.8438 (0.8470)  balanced_accuracy: 0.8000 (0.8380)  pr_auc: 1.0000 (0.8934)  roc_auc: 1.0000 (0.9130)  f1_weighted: 0.7500 (0.7933)  time: 0.0178  data: 0.0001  max mem: 20497
Passive Test:  [   970/?]  eta: ?  loss: 0.3380 (0.9643)  accuracy: 0.9062 (0.8475)  balanced_accuracy: 0.8333 (0.8385)  pr_auc: 1.0000 (0.8943)  roc_auc: 1.0000 (0.9139)  f1_weighted: 0.8000 (0.7936)  time: 0.0175  data: 0.0001  max mem: 20497
Passive Test:  [   980/?]  eta: ?  loss: 0.3380 (0.9631)  accuracy: 0.9062 (0.8477)  balanced_accuracy: 0.8846 (0.8385)  pr_auc: 0.9760 (0.8951)  roc_auc: 0.9868 (0.9147)  f1_weighted: 0.8387 (0.7934)  time: 0.0174  data: 0.0001  max mem: 20497
Passive Test:  [   990/?]  eta: ?  loss: 0.1579 (0.9596)  accuracy: 0.8594 (0.8483)  balanced_accuracy: 0.8330 (0.8390)  pr_auc: 0.9845 (0.8961)  roc_auc: 0.9889 (0.9156)  f1_weighted: 0.8000 (0.7938)  time: 0.0175  data: 0.0001  max mem: 20497
Passive Test:  [  1000/?]  eta: ?  loss: 0.2692 (0.9559)  accuracy: 0.8750 (0.8485)  balanced_accuracy: 0.8462 (0.8391)  pr_auc: 0.9892 (0.8970)  roc_auc: 0.9955 (0.9163)  f1_weighted: 0.8182 (0.7938)  time: 0.0176  data: 0.0001  max mem: 20497
Passive Test:  [  1010/?]  eta: ?  loss: 0.2692 (0.9525)  accuracy: 0.8750 (0.8489)  balanced_accuracy: 0.8462 (0.8394)  pr_auc: 0.9986 (0.8976)  roc_auc: 0.9980 (0.9168)  f1_weighted: 0.8182 (0.7940)  time: 0.0172  data: 0.0001  max mem: 20497
Passive Test:  [  1020/?]  eta: ?  loss: 0.0915 (0.9558)  accuracy: 0.8750 (0.8488)  balanced_accuracy: 0.8400 (0.8390)  pr_auc: 0.9986 (0.8967)  roc_auc: 0.9980 (0.9163)  f1_weighted: 0.8095 (0.7927)  time: 0.0172  data: 0.0001  max mem: 20497
Passive Test:  [  1030/?]  eta: ?  loss: 0.0756 (0.9556)  accuracy: 0.8438 (0.8488)  balanced_accuracy: 0.8072 (0.8389)  pr_auc: 0.9160 (0.8964)  roc_auc: 0.9333 (0.9162)  f1_weighted: 0.7619 (0.7922)  time: 0.0171  data: 0.0001  max mem: 20497
Passive Test:  [  1040/?]  eta: ?  loss: 0.3001 (0.9582)  accuracy: 0.8594 (0.8486)  balanced_accuracy: 0.8512 (0.8383)  pr_auc: 0.9160 (0.8953)  roc_auc: 0.9333 (0.9153)  f1_weighted: 0.8235 (0.7907)  time: 0.0171  data: 0.0001  max mem: 20497
Passive Test:  [  1050/?]  eta: ?  loss: 0.1704 (0.9546)  accuracy: 0.9219 (0.8490)  balanced_accuracy: 0.9221 (0.8387)  pr_auc: 0.9831 (0.8952)  roc_auc: 0.9828 (0.9152)  f1_weighted: 0.9057 (0.7908)  time: 0.0172  data: 0.0001  max mem: 20497
Passive Test:  [  1060/?]  eta: ?  loss: 0.1508 (0.9497)  accuracy: 0.9531 (0.8494)  balanced_accuracy: 0.9423 (0.8391)  pr_auc: 0.9928 (0.8950)  roc_auc: 0.9939 (0.9154)  f1_weighted: 0.9388 (0.7913)  time: 0.0175  data: 0.0005  max mem: 20497
Passive Test:  [  1070/?]  eta: ?  loss: 0.1685 (0.9445)  accuracy: 0.9531 (0.8499)  balanced_accuracy: 0.9423 (0.8396)  pr_auc: 0.9910 (0.8954)  roc_auc: 0.9938 (0.9157)  f1_weighted: 0.9388 (0.7921)  time: 0.0183  data: 0.0015  max mem: 20497
Passive Test:  [  1080/?]  eta: ?  loss: 0.1685 (0.9388)  accuracy: 0.9531 (0.8505)  balanced_accuracy: 0.9400 (0.8403)  pr_auc: 0.9960 (0.8958)  roc_auc: 0.9970 (0.9160)  f1_weighted: 0.9362 (0.7931)  time: 0.0182  data: 0.0015  max mem: 20497
Passive Test:  [  1090/?]  eta: ?  loss: 0.0643 (0.9320)  accuracy: 0.9688 (0.8513)  balanced_accuracy: 0.9600 (0.8414)  pr_auc: 1.0000 (0.8964)  roc_auc: 1.0000 (0.9166)  f1_weighted: 0.9583 (0.7945)  time: 0.0181  data: 0.0012  max mem: 20497
Passive Test:  [  1100/?]  eta: ?  loss: 0.0596 (0.9255)  accuracy: 0.9688 (0.8521)  balanced_accuracy: 0.9600 (0.8420)  pr_auc: 1.0000 (0.8967)  roc_auc: 1.0000 (0.9169)  f1_weighted: 0.9388 (0.7953)  time: 0.0178  data: 0.0014  max mem: 20497
Passive Test:  [  1110/?]  eta: ?  loss: 0.0492 (0.9195)  accuracy: 0.9844 (0.8528)  balanced_accuracy: 0.9600 (0.8425)  pr_auc: 1.0000 (0.8972)  roc_auc: 1.0000 (0.9174)  f1_weighted: 0.9583 (0.7961)  time: 0.0182  data: 0.0024  max mem: 20497
Passive Test:  [  1120/?]  eta: ?  loss: 0.0507 (0.9138)  accuracy: 0.9688 (0.8534)  balanced_accuracy: 0.9231 (0.8428)  pr_auc: 0.9986 (0.8974)  roc_auc: 0.9990 (0.9176)  f1_weighted: 0.9167 (0.7964)  time: 0.0183  data: 0.0027  max mem: 20497
Passive Test:  [  1130/?]  eta: ?  loss: 0.1074 (0.9085)  accuracy: 0.9531 (0.8539)  balanced_accuracy: 0.9231 (0.8430)  pr_auc: 0.9986 (0.8976)  roc_auc: 0.9990 (0.9180)  f1_weighted: 0.9167 (0.7967)  time: 0.0184  data: 0.0032  max mem: 20497
Passive Test:  [  1140/?]  eta: ?  loss: 0.0752 (0.9041)  accuracy: 0.9531 (0.8543)  balanced_accuracy: 0.9231 (0.8428)  pr_auc: 1.0000 (0.8976)  roc_auc: 1.0000 (0.9181)  f1_weighted: 0.9167 (0.7962)  time: 0.0186  data: 0.0034  max mem: 20497
Passive Test:  [  1150/?]  eta: ?  loss: 0.0311 (0.9006)  accuracy: 0.9844 (0.8546)  balanced_accuracy: 0.9400 (0.8429)  pr_auc: 0.9985 (0.8973)  roc_auc: 0.9990 (0.9180)  f1_weighted: 0.9388 (0.7961)  time: 0.0188  data: 0.0033  max mem: 20497
Passive Test:  [  1160/?]  eta: ?  loss: 0.0257 (0.8986)  accuracy: 0.9844 (0.8550)  balanced_accuracy: 0.9215 (0.8428)  pr_auc: 0.9522 (0.8973)  roc_auc: 0.9703 (0.9180)  f1_weighted: 0.9020 (0.7956)  time: 0.0188  data: 0.0032  max mem: 20497
Passive Test:  [  1170/?]  eta: ?  loss: 0.0336 (0.8928)  accuracy: 0.9844 (0.8556)  balanced_accuracy: 0.8959 (0.8432)  pr_auc: 0.9592 (0.8974)  roc_auc: 0.9737 (0.9184)  f1_weighted: 0.8679 (0.7960)  time: 0.0185  data: 0.0030  max mem: 20497
Passive Test:  [  1180/?]  eta: ?  loss: 0.0336 (0.8883)  accuracy: 0.9844 (0.8561)  balanced_accuracy: 0.8836 (0.8432)  pr_auc: 0.9672 (0.8966)  roc_auc: 0.9737 (0.9184)  f1_weighted: 0.8627 (0.7958)  time: 0.0184  data: 0.0029  max mem: 20497
Passive Test:  [  1190/?]  eta: ?  loss: 0.0485 (0.8843)  accuracy: 0.9062 (0.8564)  balanced_accuracy: 0.8947 (0.8434)  pr_auc: 0.9754 (0.8961)  roc_auc: 0.9737 (0.9185)  f1_weighted: 0.8824 (0.7961)  time: 0.0188  data: 0.0033  max mem: 20497
Passive Test:  [  1200/?]  eta: ?  loss: 0.0661 (0.8816)  accuracy: 0.9375 (0.8568)  balanced_accuracy: 0.8887 (0.8437)  pr_auc: 0.9758 (0.8951)  roc_auc: 0.9621 (0.9185)  f1_weighted: 0.8974 (0.7961)  time: 0.0191  data: 0.0036  max mem: 20497
Passive Test:  [  1210/?]  eta: ?  loss: 0.1621 (0.8764)  accuracy: 0.9375 (0.8573)  balanced_accuracy: 0.8887 (0.8443)  pr_auc: 0.9843 (0.8954)  roc_auc: 0.9737 (0.9189)  f1_weighted: 0.8824 (0.7967)  time: 0.0195  data: 0.0039  max mem: 20497
Passive Test:  [  1220/?]  eta: ?  loss: 0.1621 (0.8713)  accuracy: 0.9375 (0.8578)  balanced_accuracy: 0.9020 (0.8447)  pr_auc: 0.9884 (0.8954)  roc_auc: 0.9759 (0.9193)  f1_weighted: 0.9091 (0.7970)  time: 0.0195  data: 0.0037  max mem: 20497
Passive Test:  [  1230/?]  eta: ?  loss: 0.1140 (0.8658)  accuracy: 0.9531 (0.8584)  balanced_accuracy: 0.9487 (0.8455)  pr_auc: 0.9941 (0.8959)  roc_auc: 0.9849 (0.9198)  f1_weighted: 0.9459 (0.7982)  time: 0.0189  data: 0.0028  max mem: 20497
Passive Test:  [  1240/?]  eta: ?  loss: 0.0672 (0.8604)  accuracy: 0.9688 (0.8592)  balanced_accuracy: 0.9737 (0.8465)  pr_auc: 0.9993 (0.8962)  roc_auc: 0.9970 (0.9204)  f1_weighted: 0.9630 (0.7993)  time: 0.0193  data: 0.0026  max mem: 20497
Passive Test:  [  1250/?]  eta: ?  loss: 0.0341 (0.8547)  accuracy: 0.9688 (0.8600)  balanced_accuracy: 0.9783 (0.8475)  pr_auc: 0.9993 (0.8966)  roc_auc: 0.9985 (0.9209)  f1_weighted: 0.9800 (0.8005)  time: 0.0188  data: 0.0021  max mem: 20497
Passive Test:  [  1260/?]  eta: ?  loss: 0.0355 (0.8500)  accuracy: 0.9688 (0.8605)  balanced_accuracy: 0.9615 (0.8481)  pr_auc: 0.9987 (0.8969)  roc_auc: 0.9985 (0.9214)  f1_weighted: 0.9630 (0.8009)  time: 0.0185  data: 0.0018  max mem: 20497
Passive Test:  [  1270/?]  eta: ?  loss: 0.0324 (0.8443)  accuracy: 0.9844 (0.8612)  balanced_accuracy: 0.9676 (0.8491)  pr_auc: 1.0000 (0.8977)  roc_auc: 1.0000 (0.9221)  f1_weighted: 0.9600 (0.8021)  time: 0.0186  data: 0.0019  max mem: 20497
Passive Test:  [  1280/?]  eta: ?  loss: 0.0075 (0.8386)  accuracy: 1.0000 (0.8620)  balanced_accuracy: 1.0000 (0.8502)  pr_auc: 1.0000 (0.8986)  roc_auc: 1.0000 (0.9227)  f1_weighted: 1.0000 (0.8033)  time: 0.0185  data: 0.0019  max mem: 20497
Passive Test:  [  1290/?]  eta: ?  loss: 0.0160 (0.8334)  accuracy: 0.9844 (0.8628)  balanced_accuracy: 0.9872 (0.8513)  pr_auc: 1.0000 (0.8994)  roc_auc: 1.0000 (0.9234)  f1_weighted: 0.9870 (0.8045)  time: 0.0184  data: 0.0016  max mem: 20497
Passive Test:  [  1300/?]  eta: ?  loss: 0.0092 (0.8289)  accuracy: 0.9844 (0.8635)  balanced_accuracy: 0.9872 (0.8522)  pr_auc: 1.0000 (0.9001)  roc_auc: 1.0000 (0.9239)  f1_weighted: 0.9870 (0.8055)  time: 0.0182  data: 0.0015  max mem: 20497
Passive Test:  [  1310/?]  eta: ?  loss: 0.0334 (0.8266)  accuracy: 0.9844 (0.8640)  balanced_accuracy: 0.9868 (0.8528)  pr_auc: 1.0000 (0.9007)  roc_auc: 1.0000 (0.9243)  f1_weighted: 0.9867 (0.8065)  time: 0.0183  data: 0.0015  max mem: 20497
Passive Test:  [  1320/?]  eta: ?  loss: 0.1564 (0.8247)  accuracy: 0.9531 (0.8644)  balanced_accuracy: 0.9545 (0.8533)  pr_auc: 1.0000 (0.9011)  roc_auc: 1.0000 (0.9245)  f1_weighted: 0.9589 (0.8072)  time: 0.0180  data: 0.0011  max mem: 20497
Passive Test:  [  1330/?]  eta: ?  loss: 0.1621 (0.8219)  accuracy: 0.9531 (0.8649)  balanced_accuracy: 0.9531 (0.8539)  pr_auc: 0.9980 (0.9018)  roc_auc: 0.9970 (0.9250)  f1_weighted: 0.9508 (0.8080)  time: 0.0176  data: 0.0002  max mem: 20497
Passive Test:  [  1340/?]  eta: ?  loss: 0.1621 (0.8202)  accuracy: 0.9531 (0.8654)  balanced_accuracy: 0.9484 (0.8543)  pr_auc: 0.9976 (0.9025)  roc_auc: 0.9959 (0.9256)  f1_weighted: 0.9508 (0.8086)  time: 0.0176  data: 0.0003  max mem: 20497
Passive Test:  [  1350/?]  eta: ?  loss: 0.1316 (0.8169)  accuracy: 0.9531 (0.8658)  balanced_accuracy: 0.9484 (0.8548)  pr_auc: 0.9968 (0.9033)  roc_auc: 0.9949 (0.9261)  f1_weighted: 0.9600 (0.8094)  time: 0.0175  data: 0.0005  max mem: 20497
Passive Test:  [  1360/?]  eta: ?  loss: 0.1245 (0.8154)  accuracy: 0.9531 (0.8660)  balanced_accuracy: 0.9400 (0.8550)  pr_auc: 0.9968 (0.9036)  roc_auc: 0.9949 (0.9263)  f1_weighted: 0.9362 (0.8098)  time: 0.0174  data: 0.0005  max mem: 20497
Passive Test:  [  1370/?]  eta: ?  loss: 0.0447 (0.8129)  accuracy: 0.9219 (0.8663)  balanced_accuracy: 0.9281 (0.8554)  pr_auc: 0.9874 (0.9040)  roc_auc: 0.9798 (0.9266)  f1_weighted: 0.9315 (0.8104)  time: 0.0174  data: 0.0003  max mem: 20497
Passive Test:  [  1380/?]  eta: ?  loss: 0.1090 (0.8111)  accuracy: 0.9688 (0.8666)  balanced_accuracy: 0.9517 (0.8558)  pr_auc: 0.9907 (0.9043)  roc_auc: 0.9930 (0.9269)  f1_weighted: 0.9315 (0.8109)  time: 0.0175  data: 0.0004  max mem: 20497
Passive Test:  [  1390/?]  eta: ?  loss: 0.1090 (0.8079)  accuracy: 0.9531 (0.8670)  balanced_accuracy: 0.9608 (0.8562)  pr_auc: 0.9909 (0.9046)  roc_auc: 0.9956 (0.9272)  f1_weighted: 0.9231 (0.8113)  time: 0.0177  data: 0.0005  max mem: 20497
Passive Test:  [  1400/?]  eta: ?  loss: 0.1025 (0.8072)  accuracy: 0.9531 (0.8670)  balanced_accuracy: 0.9608 (0.8562)  pr_auc: 1.0000 (0.9042)  roc_auc: 1.0000 (0.9272)  f1_weighted: 0.8889 (0.8108)  time: 0.0178  data: 0.0005  max mem: 20497
Passive Test:  [  1410/?]  eta: ?  loss: 0.2117 (0.8056)  accuracy: 0.9219 (0.8671)  balanced_accuracy: 0.9223 (0.8560)  pr_auc: 0.9819 (0.9037)  roc_auc: 0.9932 (0.9273)  f1_weighted: 0.8276 (0.8100)  time: 0.0176  data: 0.0003  max mem: 20497
Passive Test:  [  1420/?]  eta: ?  loss: 0.2747 (0.8062)  accuracy: 0.9062 (0.8670)  balanced_accuracy: 0.9223 (0.8555)  pr_auc: 0.9760 (0.9028)  roc_auc: 0.9858 (0.9272)  f1_weighted: 0.8276 (0.8086)  time: 0.0174  data: 0.0003  max mem: 20497
Passive Test:  [  1430/?]  eta: ?  loss: 0.4246 (0.8052)  accuracy: 0.8594 (0.8668)  balanced_accuracy: 0.9000 (0.8550)  pr_auc: 0.9676 (0.9023)  roc_auc: 0.9823 (0.9273)  f1_weighted: 0.7500 (0.8074)  time: 0.0177  data: 0.0006  max mem: 20497
Passive Test:  [  1440/?]  eta: ?  loss: 0.5128 (0.8023)  accuracy: 0.8438 (0.8670)  balanced_accuracy: 0.7753 (0.8548)  pr_auc: 0.9822 (0.9025)  roc_auc: 0.9955 (0.9277)  f1_weighted: 0.7143 (0.8066)  time: 0.0179  data: 0.0006  max mem: 20497
Passive Test:  [  1450/?]  eta: ?  loss: 0.4389 (0.7995)  accuracy: 0.8438 (0.8671)  balanced_accuracy: 0.7753 (0.8545)  pr_auc: 0.9822 (0.9025)  roc_auc: 0.9955 (0.9280)  f1_weighted: 0.7143 (0.8060)  time: 0.0178  data: 0.0006  max mem: 20497
Passive Test:  [  1460/?]  eta: ?  loss: 0.1405 (0.7964)  accuracy: 0.8438 (0.8674)  balanced_accuracy: 0.7874 (0.8543)  pr_auc: 0.9897 (0.9025)  roc_auc: 0.9970 (0.9283)  f1_weighted: 0.7391 (0.8053)  time: 0.0180  data: 0.0008  max mem: 20497
Passive Test:  [  1470/?]  eta: ?  loss: 0.2675 (0.7934)  accuracy: 0.9062 (0.8677)  balanced_accuracy: 0.8846 (0.8542)  pr_auc: 0.9944 (0.9024)  roc_auc: 0.9970 (0.9285)  f1_weighted: 0.8696 (0.8049)  time: 0.0178  data: 0.0005  max mem: 20497
Passive Test:  [  1480/?]  eta: ?  loss: 0.2675 (0.7934)  accuracy: 0.9062 (0.8677)  balanced_accuracy: 0.8846 (0.8537)  pr_auc: 0.9960 (0.9015)  roc_auc: 0.9970 (0.9283)  f1_weighted: 0.8696 (0.8036)  time: 0.0176  data: 0.0001  max mem: 20497
Passive Test:  [  1490/?]  eta: ?  loss: 0.2662 (0.7912)  accuracy: 0.8906 (0.8678)  balanced_accuracy: 0.8600 (0.8534)  pr_auc: 0.9971 (0.9014)  roc_auc: 0.9980 (0.9286)  f1_weighted: 0.8372 (0.8029)  time: 0.0176  data: 0.0001  max mem: 20497
Passive Test:  [  1500/?]  eta: ?  loss: 0.3567 (0.7905)  accuracy: 0.8750 (0.8677)  balanced_accuracy: 0.8600 (0.8527)  pr_auc: 0.9973 (0.9007)  roc_auc: 0.9980 (0.9285)  f1_weighted: 0.8372 (0.8014)  time: 0.0175  data: 0.0001  max mem: 20497
Passive Test:  [  1510/?]  eta: ?  loss: 0.4864 (0.7903)  accuracy: 0.8750 (0.8675)  balanced_accuracy: 0.8462 (0.8521)  pr_auc: 0.9987 (0.9004)  roc_auc: 0.9990 (0.9286)  f1_weighted: 0.8182 (0.8004)  time: 0.0175  data: 0.0001  max mem: 20497
Passive Test:  [  1520/?]  eta: ?  loss: 0.7354 (0.7911)  accuracy: 0.8438 (0.8674)  balanced_accuracy: 0.8462 (0.8514)  pr_auc: 0.9987 (0.9002)  roc_auc: 0.9980 (0.9287)  f1_weighted: 0.8182 (0.7989)  time: 0.0175  data: 0.0001  max mem: 20497
Passive Test:  [  1530/?]  eta: ?  loss: 0.6696 (0.7896)  accuracy: 0.8594 (0.8676)  balanced_accuracy: 0.8590 (0.8512)  pr_auc: 0.9939 (0.9002)  roc_auc: 0.9939 (0.9290)  f1_weighted: 0.8358 (0.7982)  time: 0.0175  data: 0.0001  max mem: 20497
Passive Test:  [  1540/?]  eta: ?  loss: 0.3198 (0.7884)  accuracy: 0.8906 (0.8678)  balanced_accuracy: 0.8654 (0.8509)  pr_auc: 0.9929 (0.8999)  roc_auc: 0.9949 (0.9292)  f1_weighted: 0.8444 (0.7972)  time: 0.0175  data: 0.0001  max mem: 20497
Passive Test:  [  1550/?]  eta: ?  loss: 0.3502 (0.7871)  accuracy: 0.8906 (0.8680)  balanced_accuracy: 0.8800 (0.8507)  pr_auc: 0.9929 (0.8997)  roc_auc: 0.9949 (0.9291)  f1_weighted: 0.8636 (0.7968)  time: 0.0174  data: 0.0001  max mem: 20497
Passive Test:  [  1560/?]  eta: ?  loss: 0.4271 (0.7870)  accuracy: 0.8594 (0.8679)  balanced_accuracy: 0.8553 (0.8501)  pr_auc: 0.9908 (0.8997)  roc_auc: 0.9929 (0.9293)  f1_weighted: 0.8308 (0.7954)  time: 0.0173  data: 0.0001  max mem: 20497
Passive Test:  [  1570/?]  eta: ?  loss: 0.6019 (0.7885)  accuracy: 0.8125 (0.8677)  balanced_accuracy: 0.7500 (0.8494)  pr_auc: 0.9739 (0.8994)  roc_auc: 0.9631 (0.9293)  f1_weighted: 0.6667 (0.7939)  time: 0.0173  data: 0.0001  max mem: 20497
Passive Test:  [  1580/?]  eta: ?  loss: 0.6019 (0.7877)  accuracy: 0.8281 (0.8678)  balanced_accuracy: 0.6731 (0.8490)  pr_auc: 0.9729 (0.8995)  roc_auc: 0.9631 (0.9295)  f1_weighted: 0.5143 (0.7929)  time: 0.0173  data: 0.0001  max mem: 20497
Passive Test:  [  1590/?]  eta: ?  loss: 1.0233 (0.7896)  accuracy: 0.8281 (0.8674)  balanced_accuracy: 0.7051 (0.8484)  pr_auc: 0.9967 (0.8994)  roc_auc: 0.9959 (0.9297)  f1_weighted: 0.5818 (0.7918)  time: 0.0179  data: 0.0007  max mem: 20497
Passive Test:  [  1600/?]  eta: ?  loss: 0.5893 (0.7918)  accuracy: 0.8125 (0.8673)  balanced_accuracy: 0.7821 (0.8481)  pr_auc: 0.9967 (0.8993)  roc_auc: 0.9949 (0.9298)  f1_weighted: 0.7213 (0.7910)  time: 0.0182  data: 0.0009  max mem: 20497
Passive Test:  [  1610/?]  eta: ?  loss: 0.3048 (0.7913)  accuracy: 0.8906 (0.8674)  balanced_accuracy: 0.8748 (0.8484)  pr_auc: 0.9891 (0.8999)  roc_auc: 0.9894 (0.9301)  f1_weighted: 0.8333 (0.7915)  time: 0.0180  data: 0.0007  max mem: 20497
Passive Test:  [  1620/?]  eta: ?  loss: 0.2264 (0.7906)  accuracy: 0.8906 (0.8677)  balanced_accuracy: 0.8600 (0.8486)  pr_auc: 0.9869 (0.9004)  roc_auc: 0.9894 (0.9305)  f1_weighted: 0.8333 (0.7919)  time: 0.0177  data: 0.0005  max mem: 20497
Passive Test:  [  1630/?]  eta: ?  loss: 0.6351 (0.7938)  accuracy: 0.8594 (0.8673)  balanced_accuracy: 0.8269 (0.8484)  pr_auc: 0.9721 (0.9007)  roc_auc: 0.9757 (0.9306)  f1_weighted: 0.7907 (0.7916)  time: 0.0176  data: 0.0005  max mem: 20497
Passive Test:  [  1640/?]  eta: ?  loss: 0.6374 (0.7952)  accuracy: 0.8594 (0.8674)  balanced_accuracy: 0.8269 (0.8485)  pr_auc: 0.9633 (0.9012)  roc_auc: 0.9727 (0.9308)  f1_weighted: 0.7907 (0.7919)  time: 0.0179  data: 0.0008  max mem: 20497
Passive Test:  [  1650/?]  eta: ?  loss: 0.4648 (0.7975)  accuracy: 0.8594 (0.8672)  balanced_accuracy: 0.8272 (0.8485)  pr_auc: 0.9849 (0.9017)  roc_auc: 0.9868 (0.9312)  f1_weighted: 0.7907 (0.7920)  time: 0.0176  data: 0.0004  max mem: 20497
Passive Test:  [  1660/?]  eta: ?  loss: 0.7408 (0.7970)  accuracy: 0.8594 (0.8671)  balanced_accuracy: 0.8462 (0.8489)  pr_auc: 0.9952 (0.9019)  roc_auc: 0.9894 (0.9315)  f1_weighted: 0.7907 (0.7923)  time: 0.0173  data: 0.0001  max mem: 20497
Passive Test:  [  1670/?]  eta: ?  loss: 0.5719 (0.7977)  accuracy: 0.8594 (0.8670)  balanced_accuracy: 0.8718 (0.8491)  pr_auc: 0.9982 (0.9026)  roc_auc: 0.9969 (0.9319)  f1_weighted: 0.8000 (0.7924)  time: 0.0174  data: 0.0001  max mem: 20497
Passive Test:  [  1680/?]  eta: ?  loss: 0.3198 (0.7957)  accuracy: 0.8750 (0.8671)  balanced_accuracy: 0.8922 (0.8495)  pr_auc: 1.0000 (0.9030)  roc_auc: 1.0000 (0.9323)  f1_weighted: 0.8409 (0.7925)  time: 0.0172  data: 0.0001  max mem: 20497
Passive Test:  [  1690/?]  eta: ?  loss: 0.2378 (0.7954)  accuracy: 0.8906 (0.8671)  balanced_accuracy: 0.8907 (0.8497)  pr_auc: 0.9978 (0.9035)  roc_auc: 0.9929 (0.9326)  f1_weighted: 0.8696 (0.7930)  time: 0.0167  data: 0.0001  max mem: 20497
Passive Test:  [  1700/?]  eta: ?  loss: 0.2265 (0.7940)  accuracy: 0.8906 (0.8673)  balanced_accuracy: 0.9365 (0.8501)  pr_auc: 0.9992 (0.9039)  roc_auc: 0.9970 (0.9329)  f1_weighted: 0.8750 (0.7936)  time: 0.0165  data: 0.0005  max mem: 20497
Passive Test:  [  1710/?]  eta: ?  loss: 0.1253 (0.7938)  accuracy: 0.9375 (0.8674)  balanced_accuracy: 0.9545 (0.8506)  pr_auc: 0.9992 (0.9044)  roc_auc: 0.9970 (0.9332)  f1_weighted: 0.9434 (0.7942)  time: 0.0172  data: 0.0007  max mem: 20497
Passive Test:  [  1720/?]  eta: ?  loss: 0.0797 (0.7922)  accuracy: 0.9844 (0.8678)  balanced_accuracy: 0.9737 (0.8513)  pr_auc: 0.9986 (0.9049)  roc_auc: 0.9980 (0.9335)  f1_weighted: 0.9630 (0.7952)  time: 0.0181  data: 0.0008  max mem: 20497
Passive Test:  [  1730/?]  eta: ?  loss: 0.0817 (0.7911)  accuracy: 0.9688 (0.8680)  balanced_accuracy: 0.9737 (0.8518)  pr_auc: 0.9986 (0.9054)  roc_auc: 0.9980 (0.9338)  f1_weighted: 0.9286 (0.7960)  time: 0.0178  data: 0.0008  max mem: 20497
Passive Test:  [  1740/?]  eta: ?  loss: 0.1257 (0.7896)  accuracy: 0.9219 (0.8683)  balanced_accuracy: 0.9342 (0.8524)  pr_auc: 0.9945 (0.9059)  roc_auc: 0.9968 (0.9341)  f1_weighted: 0.9167 (0.7968)  time: 0.0174  data: 0.0003  max mem: 20497
Passive Test:  [  1750/?]  eta: ?  loss: 0.1471 (0.7903)  accuracy: 0.9219 (0.8682)  balanced_accuracy: 0.9359 (0.8523)  pr_auc: 0.9945 (0.9061)  roc_auc: 0.9985 (0.9340)  f1_weighted: 0.9231 (0.7971)  time: 0.0172  data: 0.0001  max mem: 20497
Passive Test:  [  1760/?]  eta: ?  loss: 0.1471 (0.7872)  accuracy: 0.9531 (0.8685)  balanced_accuracy: 0.9419 (0.8527)  pr_auc: 0.9958 (0.9065)  roc_auc: 0.9961 (0.9342)  f1_weighted: 0.9286 (0.7978)  time: 0.0174  data: 0.0004  max mem: 20497
Passive Test:  [  1770/?]  eta: ?  loss: 0.0989 (0.7843)  accuracy: 0.9531 (0.8686)  balanced_accuracy: 0.9423 (0.8531)  pr_auc: 0.9897 (0.9070)  roc_auc: 0.9952 (0.9345)  f1_weighted: 0.9200 (0.7984)  time: 0.0174  data: 0.0004  max mem: 20497
Passive Test:  [  1780/?]  eta: ?  loss: 0.1431 (0.7811)  accuracy: 0.9531 (0.8689)  balanced_accuracy: 0.9472 (0.8535)  pr_auc: 0.9878 (0.9073)  roc_auc: 0.9939 (0.9348)  f1_weighted: 0.9200 (0.7990)  time: 0.0172  data: 0.0001  max mem: 20497
Passive Test:  [  1790/?]  eta: ?  loss: 0.0918 (0.7780)  accuracy: 0.9531 (0.8692)  balanced_accuracy: 0.9615 (0.8539)  pr_auc: 0.9878 (0.9076)  roc_auc: 0.9897 (0.9351)  f1_weighted: 0.9388 (0.7997)  time: 0.0175  data: 0.0004  max mem: 20497
Passive Test:  [  1800/?]  eta: ?  loss: 0.0642 (0.7742)  accuracy: 0.9844 (0.8698)  balanced_accuracy: 0.9800 (0.8546)  pr_auc: 0.9957 (0.9081)  roc_auc: 0.9969 (0.9354)  f1_weighted: 0.9630 (0.8007)  time: 0.0175  data: 0.0005  max mem: 20497
Passive Test:  [  1810/?]  eta: ?  loss: 0.1206 (0.7712)  accuracy: 0.9531 (0.8702)  balanced_accuracy: 0.9600 (0.8551)  pr_auc: 0.9890 (0.9082)  roc_auc: 0.9909 (0.9357)  f1_weighted: 0.9434 (0.8014)  time: 0.0173  data: 0.0003  max mem: 20497
Passive Test:  [  1820/?]  eta: ?  loss: 0.1270 (0.7674)  accuracy: 0.9531 (0.8708)  balanced_accuracy: 0.9545 (0.8558)  pr_auc: 0.9957 (0.9088)  roc_auc: 0.9969 (0.9360)  f1_weighted: 0.9412 (0.8023)  time: 0.0177  data: 0.0008  max mem: 20497
Passive Test:  [  1830/?]  eta: ?  loss: 0.0574 (0.7640)  accuracy: 0.9688 (0.8713)  balanced_accuracy: 0.9672 (0.8564)  pr_auc: 0.9985 (0.9093)  roc_auc: 0.9990 (0.9364)  f1_weighted: 0.9600 (0.8032)  time: 0.0177  data: 0.0008  max mem: 20497
Passive Test:  [  1840/?]  eta: ?  loss: 0.0401 (0.7602)  accuracy: 0.9844 (0.8719)  balanced_accuracy: 0.9902 (0.8571)  pr_auc: 1.0000 (0.9098)  roc_auc: 1.0000 (0.9368)  f1_weighted: 0.9630 (0.8042)  time: 0.0173  data: 0.0001  max mem: 20497
Passive Test:  [  1850/?]  eta: ?  loss: 0.0273 (0.7567)  accuracy: 0.9844 (0.8724)  balanced_accuracy: 0.9902 (0.8578)  pr_auc: 1.0000 (0.9103)  roc_auc: 1.0000 (0.9371)  f1_weighted: 0.9630 (0.8052)  time: 0.0173  data: 0.0001  max mem: 20497
Passive Test:  [  1860/?]  eta: ?  loss: 0.0460 (0.7530)  accuracy: 0.9688 (0.8730)  balanced_accuracy: 0.9737 (0.8585)  pr_auc: 1.0000 (0.9108)  roc_auc: 1.0000 (0.9375)  f1_weighted: 0.9630 (0.8061)  time: 0.0174  data: 0.0002  max mem: 20497
Passive Test:  [  1870/?]  eta: ?  loss: 0.0639 (0.7496)  accuracy: 0.9688 (0.8734)  balanced_accuracy: 0.9615 (0.8591)  pr_auc: 0.9960 (0.9113)  roc_auc: 0.9970 (0.9378)  f1_weighted: 0.9600 (0.8070)  time: 0.0175  data: 0.0002  max mem: 20497
Passive Test:  [  1880/?]  eta: ?  loss: 0.0896 (0.7464)  accuracy: 0.9531 (0.8738)  balanced_accuracy: 0.9545 (0.8594)  pr_auc: 0.9929 (0.9116)  roc_auc: 0.9949 (0.9380)  f1_weighted: 0.9434 (0.8075)  time: 0.0172  data: 0.0005  max mem: 20497
Passive Test:  [  1890/?]  eta: ?  loss: 0.0925 (0.7437)  accuracy: 0.9531 (0.8740)  balanced_accuracy: 0.9484 (0.8596)  pr_auc: 0.9908 (0.9119)  roc_auc: 0.9939 (0.9383)  f1_weighted: 0.9412 (0.8076)  time: 0.0172  data: 0.0012  max mem: 20497
Passive Test:  [  1900/?]  eta: ?  loss: 0.1206 (0.7413)  accuracy: 0.9375 (0.8741)  balanced_accuracy: 0.8887 (0.8596)  pr_auc: 0.9861 (0.9118)  roc_auc: 0.9889 (0.9382)  f1_weighted: 0.8627 (0.8075)  time: 0.0174  data: 0.0017  max mem: 20497
Passive Test:  [  1910/?]  eta: ?  loss: 0.2384 (0.7393)  accuracy: 0.8906 (0.8740)  balanced_accuracy: 0.8725 (0.8595)  pr_auc: 0.9000 (0.9118)  roc_auc: 0.9482 (0.9383)  f1_weighted: 0.8182 (0.8072)  time: 0.0175  data: 0.0018  max mem: 20497
Passive Test:  [  1920/?]  eta: ?  loss: 0.3669 (0.7378)  accuracy: 0.8906 (0.8740)  balanced_accuracy: 0.7981 (0.8593)  pr_auc: 0.8885 (0.9115)  roc_auc: 0.9370 (0.9383)  f1_weighted: 0.7368 (0.8067)  time: 0.0176  data: 0.0011  max mem: 20497
Passive Test:  [  1930/?]  eta: ?  loss: 0.3669 (0.7360)  accuracy: 0.8750 (0.8739)  balanced_accuracy: 0.8643 (0.8593)  pr_auc: 0.9399 (0.9118)  roc_auc: 0.9759 (0.9386)  f1_weighted: 0.7333 (0.8061)  time: 0.0173  data: 0.0003  max mem: 20497
Passive Test:  [  1940/?]  eta: ?  loss: 0.4164 (0.7343)  accuracy: 0.8594 (0.8739)  balanced_accuracy: 0.8431 (0.8590)  pr_auc: 0.9481 (0.9119)  roc_auc: 0.9776 (0.9388)  f1_weighted: 0.6341 (0.8053)  time: 0.0176  data: 0.0005  max mem: 20497
Passive Test:  [  1950/?]  eta: ?  loss: 0.4821 (0.7333)  accuracy: 0.8438 (0.8738)  balanced_accuracy: 0.8333 (0.8588)  pr_auc: 0.9588 (0.9120)  roc_auc: 0.9744 (0.9389)  f1_weighted: 0.6667 (0.8047)  time: 0.0176  data: 0.0005  max mem: 20497
Passive Test:  [  1960/?]  eta: ?  loss: 0.5469 (0.7331)  accuracy: 0.7969 (0.8735)  balanced_accuracy: 0.8075 (0.8585)  pr_auc: 0.9631 (0.9123)  roc_auc: 0.9787 (0.9391)  f1_weighted: 0.6667 (0.8041)  time: 0.0173  data: 0.0001  max mem: 20497
Passive Test:  [  1970/?]  eta: ?  loss: 0.6758 (0.7327)  accuracy: 0.7812 (0.8732)  balanced_accuracy: 0.7941 (0.8584)  pr_auc: 0.9685 (0.9122)  roc_auc: 0.9834 (0.9392)  f1_weighted: 0.6316 (0.8037)  time: 0.0174  data: 0.0001  max mem: 20497
Passive Test:  [  1980/?]  eta: ?  loss: 0.7630 (0.7329)  accuracy: 0.7812 (0.8728)  balanced_accuracy: 0.8039 (0.8580)  pr_auc: 0.9616 (0.9118)  roc_auc: 0.9595 (0.9391)  f1_weighted: 0.6207 (0.8030)  time: 0.0173  data: 0.0001  max mem: 20497
Passive Test:  [  1990/?]  eta: ?  loss: 0.8500 (0.7341)  accuracy: 0.7344 (0.8724)  balanced_accuracy: 0.7941 (0.8577)  pr_auc: 0.9531 (0.9113)  roc_auc: 0.9595 (0.9390)  f1_weighted: 0.6182 (0.8021)  time: 0.0173  data: 0.0001  max mem: 20497
Passive Test:  [  2000/?]  eta: ?  loss: 0.9329 (0.7351)  accuracy: 0.7188 (0.8720)  balanced_accuracy: 0.7821 (0.8571)  pr_auc: 0.9698 (0.9104)  roc_auc: 0.9721 (0.9386)  f1_weighted: 0.6429 (0.8010)  time: 0.0173  data: 0.0001  max mem: 20497
Passive Test:  [  2010/?]  eta: ?  loss: 0.4771 (0.7346)  accuracy: 0.7656 (0.8719)  balanced_accuracy: 0.7895 (0.8570)  pr_auc: 0.9761 (0.9100)  roc_auc: 0.9805 (0.9385)  f1_weighted: 0.7213 (0.8006)  time: 0.0173  data: 0.0001  max mem: 20497
Passive Test:  [  2020/?]  eta: ?  loss: 0.9741 (0.7367)  accuracy: 0.7656 (0.8712)  balanced_accuracy: 0.8000 (0.8563)  pr_auc: 0.9686 (0.9093)  roc_auc: 0.9795 (0.9381)  f1_weighted: 0.7419 (0.7996)  time: 0.0174  data: 0.0002  max mem: 20497
Passive Test:  [  2030/?]  eta: ?  loss: 1.2794 (0.7373)  accuracy: 0.7656 (0.8708)  balanced_accuracy: 0.7895 (0.8559)  pr_auc: 0.9847 (0.9091)  roc_auc: 0.9834 (0.9379)  f1_weighted: 0.7333 (0.7991)  time: 0.0174  data: 0.0002  max mem: 20497
Passive Test:  [  2040/?]  eta: ?  loss: 1.2448 (0.7388)  accuracy: 0.8125 (0.8703)  balanced_accuracy: 0.7895 (0.8553)  pr_auc: 0.9881 (0.9084)  roc_auc: 0.9909 (0.9375)  f1_weighted: 0.7333 (0.7983)  time: 0.0174  data: 0.0001  max mem: 20497
Passive Test:  [  2050/?]  eta: ?  loss: 1.2448 (0.7398)  accuracy: 0.7969 (0.8698)  balanced_accuracy: 0.8269 (0.8548)  pr_auc: 0.9865 (0.9080)  roc_auc: 0.9894 (0.9372)  f1_weighted: 0.7778 (0.7976)  time: 0.0169  data: 0.0001  max mem: 20497
Passive Test:  [  2060/?]  eta: ?  loss: 0.8360 (0.7404)  accuracy: 0.7969 (0.8693)  balanced_accuracy: 0.8289 (0.8544)  pr_auc: 0.9865 (0.9074)  roc_auc: 0.9810 (0.9370)  f1_weighted: 0.7907 (0.7971)  time: 0.0164  data: 0.0003  max mem: 20497
Passive Test:  [  2070/?]  eta: ?  loss: 0.6005 (0.7411)  accuracy: 0.7969 (0.8689)  balanced_accuracy: 0.8269 (0.8542)  pr_auc: 0.9872 (0.9069)  roc_auc: 0.9810 (0.9368)  f1_weighted: 0.7907 (0.7968)  time: 0.0168  data: 0.0010  max mem: 20497
Passive Test:  [  2080/?]  eta: ?  loss: 0.4897 (0.7430)  accuracy: 0.7969 (0.8684)  balanced_accuracy: 0.8194 (0.8537)  pr_auc: 0.9872 (0.9060)  roc_auc: 0.9810 (0.9362)  f1_weighted: 0.7619 (0.7958)  time: 0.0174  data: 0.0015  max mem: 20497
Passive Test:  [  2090/?]  eta: ?  loss: 0.1048 (0.7422)  accuracy: 0.9375 (0.8684)  balanced_accuracy: 0.9231 (0.8538)  pr_auc: 0.9986 (0.9057)  roc_auc: 0.9990 (0.9361)  f1_weighted: 0.9167 (0.7959)  time: 0.0179  data: 0.0012  max mem: 20497
Passive Test:  [  2100/?]  eta: ?  loss: 0.0815 (0.7436)  accuracy: 0.9375 (0.8680)  balanced_accuracy: 0.9400 (0.8533)  pr_auc: 0.9986 (0.9048)  roc_auc: 0.9990 (0.9355)  f1_weighted: 0.9286 (0.7953)  time: 0.0174  data: 0.0008  max mem: 20497
Passive Test:  [  2110/?]  eta: ?  loss: 0.1106 (0.7445)  accuracy: 0.8281 (0.8678)  balanced_accuracy: 0.9615 (0.8531)  pr_auc: 1.0000 (0.9043)  roc_auc: 1.0000 (0.9352)  f1_weighted: 0.9286 (0.7950)  time: 0.0169  data: 0.0009  max mem: 20497
Passive Test:  [  2120/?]  eta: ?  loss: 0.1095 (0.7447)  accuracy: 0.8281 (0.8674)  balanced_accuracy: 0.9804 (0.8527)  pr_auc: 0.9986 (0.9035)  roc_auc: 0.9990 (0.9347)  f1_weighted: 0.9286 (0.7945)  time: 0.0172  data: 0.0012  max mem: 20497
Passive Test:  [  2130/?]  eta: ?  loss: 0.0845 (0.7445)  accuracy: 0.8594 (0.8672)  balanced_accuracy: 0.9902 (0.8525)  pr_auc: 1.0000 (0.9030)  roc_auc: 1.0000 (0.9344)  f1_weighted: 0.9796 (0.7943)  time: 0.0172  data: 0.0014  max mem: 20497
Passive Test:  [  2140/?]  eta: ?  loss: 0.1631 (0.7444)  accuracy: 0.9375 (0.8670)  balanced_accuracy: 0.9423 (0.8521)  pr_auc: 0.9973 (0.9022)  roc_auc: 0.9980 (0.9340)  f1_weighted: 0.9388 (0.7938)  time: 0.0172  data: 0.0015  max mem: 20497
Passive Test:  [  2150/?]  eta: ?  loss: 0.2809 (0.7435)  accuracy: 0.9219 (0.8669)  balanced_accuracy: 0.9231 (0.8519)  pr_auc: 0.9954 (0.9017)  roc_auc: 0.9969 (0.9338)  f1_weighted: 0.8444 (0.7934)  time: 0.0173  data: 0.0016  max mem: 20497
Passive Test:  [  2160/?]  eta: ?  loss: 0.3610 (0.7426)  accuracy: 0.8906 (0.8666)  balanced_accuracy: 0.8344 (0.8515)  pr_auc: 0.9639 (0.9012)  roc_auc: 0.9706 (0.9336)  f1_weighted: 0.8000 (0.7928)  time: 0.0173  data: 0.0015  max mem: 20497
Passive Test:  [  2170/?]  eta: ?  loss: 0.2395 (0.7409)  accuracy: 0.8906 (0.8665)  balanced_accuracy: 0.8600 (0.8514)  pr_auc: 0.9910 (0.9008)  roc_auc: 0.9939 (0.9335)  f1_weighted: 0.8372 (0.7927)  time: 0.0170  data: 0.0013  max mem: 20497
Passive Test:  [  2180/?]  eta: ?  loss: 0.2761 (0.7399)  accuracy: 0.8906 (0.8663)  balanced_accuracy: 0.8600 (0.8513)  pr_auc: 0.9957 (0.9010)  roc_auc: 0.9969 (0.9335)  f1_weighted: 0.8372 (0.7926)  time: 0.0171  data: 0.0014  max mem: 20497
Passive Test:  [  2190/?]  eta: ?  loss: 0.2888 (0.7383)  accuracy: 0.8750 (0.8662)  balanced_accuracy: 0.9038 (0.8514)  pr_auc: 1.0000 (0.9012)  roc_auc: 1.0000 (0.9338)  f1_weighted: 0.8636 (0.7926)  time: 0.0174  data: 0.0018  max mem: 20497
Passive Test:  [  2200/?]  eta: ?  loss: 0.2704 (0.7370)  accuracy: 0.8750 (0.8660)  balanced_accuracy: 0.9038 (0.8515)  pr_auc: 0.9940 (0.9015)  roc_auc: 0.9960 (0.9340)  f1_weighted: 0.7917 (0.7923)  time: 0.0174  data: 0.0017  max mem: 20497
Passive Test:  [  2210/?]  eta: ?  loss: 0.2353 (0.7354)  accuracy: 0.8906 (0.8659)  balanced_accuracy: 0.9215 (0.8516)  pr_auc: 0.9914 (0.9016)  roc_auc: 0.9955 (0.9342)  f1_weighted: 0.7879 (0.7922)  time: 0.0173  data: 0.0016  max mem: 20497
Passive Test:  [  2220/?]  eta: ?  loss: 0.2353 (0.7342)  accuracy: 0.8906 (0.8657)  balanced_accuracy: 0.9107 (0.8517)  pr_auc: 0.9975 (0.9019)  roc_auc: 0.9980 (0.9344)  f1_weighted: 0.7879 (0.7920)  time: 0.0176  data: 0.0020  max mem: 20497
Passive Test:  [  2230/?]  eta: ?  loss: 0.3285 (0.7338)  accuracy: 0.8125 (0.8653)  balanced_accuracy: 0.8800 (0.8516)  pr_auc: 0.9986 (0.9020)  roc_auc: 0.9990 (0.9346)  f1_weighted: 0.7647 (0.7916)  time: 0.0173  data: 0.0016  max mem: 20497
Passive Test:  [  2240/?]  eta: ?  loss: 0.5846 (0.7355)  accuracy: 0.7500 (0.8648)  balanced_accuracy: 0.8039 (0.8515)  pr_auc: 0.9902 (0.9020)  roc_auc: 0.9970 (0.9347)  f1_weighted: 0.5652 (0.7911)  time: 0.0174  data: 0.0017  max mem: 20497
Passive Test:  [  2250/?]  eta: ?  loss: 0.8775 (0.7400)  accuracy: 0.6875 (0.8640)  balanced_accuracy: 0.7981 (0.8513)  pr_auc: 0.9494 (0.9020)  roc_auc: 0.9824 (0.9345)  f1_weighted: 0.5652 (0.7904)  time: 0.0176  data: 0.0019  max mem: 20497
Passive Test:  [  2260/?]  eta: ?  loss: 1.0325 (0.7463)  accuracy: 0.6562 (0.8632)  balanced_accuracy: 0.7843 (0.8510)  pr_auc: 0.9231 (0.9020)  roc_auc: 0.9608 (0.9342)  f1_weighted: 0.5652 (0.7897)  time: 0.0173  data: 0.0017  max mem: 20497
Passive Test:  [  2270/?]  eta: ?  loss: 1.0552 (0.7518)  accuracy: 0.6406 (0.8624)  balanced_accuracy: 0.7647 (0.8507)  pr_auc: 0.9286 (0.9017)  roc_auc: 0.9510 (0.9341)  f1_weighted: 0.5455 (0.7889)  time: 0.0173  data: 0.0017  max mem: 20497
Passive Test:  [  2280/?]  eta: ?  loss: 1.0982 (0.7602)  accuracy: 0.6094 (0.8613)  balanced_accuracy: 0.7500 (0.8499)  pr_auc: 0.7421 (0.9004)  roc_auc: 0.8229 (0.9331)  f1_weighted: 0.5200 (0.7878)  time: 0.0177  data: 0.0020  max mem: 20497
Passive Test:  [  2290/?]  eta: ?  loss: 1.3387 (0.7646)  accuracy: 0.6250 (0.8605)  balanced_accuracy: 0.7075 (0.8493)  pr_auc: 0.6940 (0.8997)  roc_auc: 0.8205 (0.9326)  f1_weighted: 0.5217 (0.7872)  time: 0.0178  data: 0.0021  max mem: 20497
Passive Test:  [  2300/?]  eta: ?  loss: 1.3511 (0.7718)  accuracy: 0.6250 (0.8595)  balanced_accuracy: 0.6395 (0.8482)  pr_auc: 0.6940 (0.8986)  roc_auc: 0.7790 (0.9316)  f1_weighted: 0.6316 (0.7861)  time: 0.0176  data: 0.0021  max mem: 20497
Passive Test:  [  2310/?]  eta: ?  loss: 1.7094 (0.7779)  accuracy: 0.6094 (0.8587)  balanced_accuracy: 0.5982 (0.8474)  pr_auc: 0.7175 (0.8977)  roc_auc: 0.6275 (0.9308)  f1_weighted: 0.6579 (0.7852)  time: 0.0177  data: 0.0021  max mem: 20497
Passive Test:  [  2320/?]  eta: ?  loss: 1.8911 (0.7839)  accuracy: 0.7031 (0.8581)  balanced_accuracy: 0.6277 (0.8468)  pr_auc: 0.7236 (0.8967)  roc_auc: 0.6483 (0.9301)  f1_weighted: 0.6667 (0.7846)  time: 0.0179  data: 0.0023  max mem: 20497
Passive Test:  [  2330/?]  eta: ?  loss: 1.6022 (0.7885)  accuracy: 0.7188 (0.8575)  balanced_accuracy: 0.6802 (0.8465)  pr_auc: 0.7972 (0.8961)  roc_auc: 0.7772 (0.9296)  f1_weighted: 0.6667 (0.7842)  time: 0.0183  data: 0.0027  max mem: 20497
Passive Test:  [  2340/?]  eta: ?  loss: 1.5353 (0.7945)  accuracy: 0.7344 (0.8569)  balanced_accuracy: 0.7021 (0.8460)  pr_auc: 0.7972 (0.8952)  roc_auc: 0.7772 (0.9290)  f1_weighted: 0.6667 (0.7838)  time: 0.0179  data: 0.0023  max mem: 20497
Passive Test:  [  2350/?]  eta: ?  loss: 1.5961 (0.7991)  accuracy: 0.6875 (0.8562)  balanced_accuracy: 0.6751 (0.8455)  pr_auc: 0.7709 (0.8946)  roc_auc: 0.7460 (0.9285)  f1_weighted: 0.6667 (0.7832)  time: 0.0173  data: 0.0016  max mem: 20497
Passive Test:  [  2360/?]  eta: ?  loss: 1.4716 (0.8041)  accuracy: 0.7031 (0.8557)  balanced_accuracy: 0.6733 (0.8451)  pr_auc: 0.7989 (0.8938)  roc_auc: 0.7605 (0.9280)  f1_weighted: 0.6667 (0.7828)  time: 0.0176  data: 0.0017  max mem: 20497
Passive Test:  [  2370/?]  eta: ?  loss: 1.4476 (0.8078)  accuracy: 0.7344 (0.8553)  balanced_accuracy: 0.7095 (0.8448)  pr_auc: 0.7989 (0.8930)  roc_auc: 0.8325 (0.9275)  f1_weighted: 0.6849 (0.7826)  time: 0.0182  data: 0.0014  max mem: 20497
Passive Test:  [  2380/?]  eta: ?  loss: 1.4230 (0.8093)  accuracy: 0.7656 (0.8551)  balanced_accuracy: 0.7956 (0.8446)  pr_auc: 0.8261 (0.8927)  roc_auc: 0.8326 (0.9271)  f1_weighted: 0.6857 (0.7825)  time: 0.0178  data: 0.0007  max mem: 20497
Passive Test:  [  2390/?]  eta: ?  loss: 1.4287 (0.8117)  accuracy: 0.7812 (0.8547)  balanced_accuracy: 0.7986 (0.8443)  pr_auc: 0.8261 (0.8918)  roc_auc: 0.8326 (0.9267)  f1_weighted: 0.6500 (0.7821)  time: 0.0175  data: 0.0004  max mem: 20497
Passive Test:  [  2400/?]  eta: ?  loss: 1.4728 (0.8129)  accuracy: 0.6875 (0.8544)  balanced_accuracy: 0.6786 (0.8440)  pr_auc: 0.8461 (0.8917)  roc_auc: 0.8330 (0.9264)  f1_weighted: 0.6486 (0.7819)  time: 0.0173  data: 0.0003  max mem: 20497
Passive Test:  [  2410/?]  eta: ?  loss: 0.3123 (0.8142)  accuracy: 0.7656 (0.8542)  balanced_accuracy: 0.7431 (0.8439)  pr_auc: 0.9265 (0.8914)  roc_auc: 0.7697 (0.9260)  f1_weighted: 0.6809 (0.7820)  time: 0.0175  data: 0.0004  max mem: 20497
Passive Test:  [  2420/?]  eta: ?  loss: 0.0030 (0.8152)  accuracy: 0.7656 (0.8540)  balanced_accuracy: 0.7431 (0.8438)  pr_auc: 0.9450 (0.8914)  roc_auc: 0.7964 (0.9256)  f1_weighted: 0.6905 (0.7821)  time: 0.0176  data: 0.0005  max mem: 20497
Passive Test:  [  2430/?]  eta: ?  loss: 0.0143 (0.8168)  accuracy: 0.7188 (0.8538)  balanced_accuracy: 0.7164 (0.8437)  pr_auc: 0.9450 (0.8912)  roc_auc: 0.7964 (0.9252)  f1_weighted: 0.6905 (0.7821)  time: 0.0178  data: 0.0007  max mem: 20497
Passive Test:  [  2440/?]  eta: ?  loss: 0.0143 (0.8211)  accuracy: 0.7500 (0.8536)  balanced_accuracy: 0.7105 (0.8436)  pr_auc: 0.9024 (0.8912)  roc_auc: 0.8340 (0.9247)  f1_weighted: 0.6824 (0.7821)  time: 0.0178  data: 0.0006  max mem: 20497
Passive Test:  [  2450/?]  eta: ?  loss: 0.0006 (0.8253)  accuracy: 0.7500 (0.8534)  balanced_accuracy: 0.7105 (0.8435)  pr_auc: 0.8880 (0.8912)  roc_auc: 0.8467 (0.9243)  f1_weighted: 0.6250 (0.7822)  time: 0.0182  data: 0.0013  max mem: 20497
Passive Test:  [  2460/?]  eta: ?  loss: 0.0203 (0.8303)  accuracy: 0.7812 (0.8532)  balanced_accuracy: 0.7368 (0.8433)  pr_auc: 0.8880 (0.8913)  roc_auc: 0.8735 (0.9238)  f1_weighted: 0.6500 (0.7822)  time: 0.0191  data: 0.0023  max mem: 20497
Passive Test:  [  2470/?]  eta: ?  loss: 0.0203 (0.8321)  accuracy: 0.8125 (0.8532)  balanced_accuracy: 0.7692 (0.8434)  pr_auc: 0.9025 (0.8915)  roc_auc: 0.8806 (0.9236)  f1_weighted: 0.7000 (0.7825)  time: 0.0193  data: 0.0024  max mem: 20497
Passive Test:  [  2480/?]  eta: ?  loss: 0.2218 (0.8351)  accuracy: 0.8438 (0.8530)  balanced_accuracy: 0.7692 (0.8431)  pr_auc: 0.9025 (0.8915)  roc_auc: 0.9046 (0.9232)  f1_weighted: 0.7174 (0.7825)  time: 0.0192  data: 0.0030  max mem: 20497
Passive Test:  [  2490/?]  eta: ?  loss: 0.2218 (0.8357)  accuracy: 0.8438 (0.8531)  balanced_accuracy: 0.8144 (0.8432)  pr_auc: 0.9322 (0.8917)  roc_auc: 0.9433 (0.9231)  f1_weighted: 0.7955 (0.7828)  time: 0.0192  data: 0.0036  max mem: 20497
Passive Test:  [  2500/?]  eta: ?  loss: 0.2338 (0.8387)  accuracy: 0.8906 (0.8529)  balanced_accuracy: 0.8400 (0.8430)  pr_auc: 0.9408 (0.8919)  roc_auc: 0.9672 (0.9227)  f1_weighted: 0.8095 (0.7829)  time: 0.0191  data: 0.0036  max mem: 20497
Passive Test:  [  2510/?]  eta: ?  loss: 0.1759 (0.8393)  accuracy: 0.9062 (0.8530)  balanced_accuracy: 0.9227 (0.8430)  pr_auc: 0.9886 (0.8922)  roc_auc: 0.9889 (0.9227)  f1_weighted: 0.9167 (0.7833)  time: 0.0192  data: 0.0036  max mem: 20497
Passive Test:  [  2520/?]  eta: ?  loss: 0.1553 (0.8418)  accuracy: 0.9375 (0.8531)  balanced_accuracy: 0.9227 (0.8429)  pr_auc: 0.9921 (0.8923)  roc_auc: 0.9889 (0.9224)  f1_weighted: 0.9167 (0.7835)  time: 0.0194  data: 0.0038  max mem: 20497
Passive Test:  [  2530/?]  eta: ?  loss: 0.1606 (0.8440)  accuracy: 0.9219 (0.8530)  balanced_accuracy: 0.8846 (0.8428)  pr_auc: 0.9912 (0.8923)  roc_auc: 0.9848 (0.9222)  f1_weighted: 0.8696 (0.7837)  time: 0.0195  data: 0.0040  max mem: 20497
Passive Test:  [  2540/?]  eta: ?  loss: 0.2178 (0.8475)  accuracy: 0.9062 (0.8529)  balanced_accuracy: 0.8421 (0.8426)  pr_auc: 0.9777 (0.8920)  roc_auc: 0.9646 (0.9217)  f1_weighted: 0.8125 (0.7836)  time: 0.0195  data: 0.0040  max mem: 20497
Passive Test:  [  2550/?]  eta: ?  loss: 0.3571 (0.8482)  accuracy: 0.8125 (0.8528)  balanced_accuracy: 0.8333 (0.8424)  pr_auc: 0.9528 (0.8919)  roc_auc: 0.9281 (0.9216)  f1_weighted: 0.8000 (0.7836)  time: 0.0195  data: 0.0039  max mem: 20497
Passive Test:  [  2560/?]  eta: ?  loss: 0.6704 (0.8488)  accuracy: 0.7812 (0.8526)  balanced_accuracy: 0.7652 (0.8423)  pr_auc: 0.8836 (0.8916)  roc_auc: 0.8421 (0.9214)  f1_weighted: 0.7429 (0.7836)  time: 0.0189  data: 0.0033  max mem: 20497
Passive Test:  [  2570/?]  eta: ?  loss: 0.6704 (0.8499)  accuracy: 0.7812 (0.8524)  balanced_accuracy: 0.7652 (0.8421)  pr_auc: 0.8690 (0.8914)  roc_auc: 0.8239 (0.9212)  f1_weighted: 0.7333 (0.7836)  time: 0.0180  data: 0.0023  max mem: 20497
Passive Test:  [  2580/?]  eta: ?  loss: 0.7092 (0.8500)  accuracy: 0.8281 (0.8522)  balanced_accuracy: 0.7990 (0.8420)  pr_auc: 0.8733 (0.8913)  roc_auc: 0.8441 (0.9211)  f1_weighted: 0.7719 (0.7837)  time: 0.0174  data: 0.0018  max mem: 20497
Passive Test:  [  2590/?]  eta: ?  loss: 0.6140 (0.8492)  accuracy: 0.8438 (0.8522)  balanced_accuracy: 0.8503 (0.8420)  pr_auc: 0.8739 (0.8915)  roc_auc: 0.9031 (0.9212)  f1_weighted: 0.8276 (0.7839)  time: 0.0175  data: 0.0019  max mem: 20497
Passive Test:  [  2600/?]  eta: ?  loss: 0.5145 (0.8481)  accuracy: 0.8594 (0.8523)  balanced_accuracy: 0.8684 (0.8422)  pr_auc: 0.9361 (0.8917)  roc_auc: 0.9585 (0.9213)  f1_weighted: 0.8475 (0.7841)  time: 0.0178  data: 0.0023  max mem: 20497
Passive Test:  [  2610/?]  eta: ?  loss: 0.5057 (0.8467)  accuracy: 0.8594 (0.8523)  balanced_accuracy: 0.8846 (0.8424)  pr_auc: 0.9933 (0.8921)  roc_auc: 0.9889 (0.9216)  f1_weighted: 0.8525 (0.7843)  time: 0.0184  data: 0.0022  max mem: 20497
Passive Test:  [  2620/?]  eta: ?  loss: 0.2563 (0.8442)  accuracy: 0.8906 (0.8526)  balanced_accuracy: 0.9150 (0.8428)  pr_auc: 0.9993 (0.8925)  roc_auc: 0.9990 (0.9219)  f1_weighted: 0.8696 (0.7849)  time: 0.0185  data: 0.0014  max mem: 20497
Passive Test:  [  2630/?]  eta: ?  loss: 0.2296 (0.8420)  accuracy: 0.9062 (0.8529)  balanced_accuracy: 0.9342 (0.8432)  pr_auc: 1.0000 (0.8929)  roc_auc: 1.0000 (0.9223)  f1_weighted: 0.8986 (0.7853)  time: 0.0180  data: 0.0008  max mem: 20497
Passive Test:  [  2640/?]  eta: ?  loss: 0.2296 (0.8398)  accuracy: 0.9062 (0.8531)  balanced_accuracy: 0.9342 (0.8437)  pr_auc: 1.0000 (0.8933)  roc_auc: 1.0000 (0.9225)  f1_weighted: 0.9143 (0.7858)  time: 0.0176  data: 0.0001  max mem: 20497
Passive Test:  [  2650/?]  eta: ?  loss: 0.1515 (0.8381)  accuracy: 0.9219 (0.8534)  balanced_accuracy: 0.9342 (0.8440)  pr_auc: 1.0000 (0.8936)  roc_auc: 1.0000 (0.9228)  f1_weighted: 0.9286 (0.7863)  time: 0.0180  data: 0.0003  max mem: 20497
Passive Test:  [  2660/?]  eta: ?  loss: 0.0920 (0.8359)  accuracy: 0.9219 (0.8537)  balanced_accuracy: 0.9415 (0.8444)  pr_auc: 1.0000 (0.8940)  roc_auc: 1.0000 (0.9230)  f1_weighted: 0.9286 (0.7868)  time: 0.0178  data: 0.0005  max mem: 20497
Passive Test:  [  2670/?]  eta: ?  loss: 0.1060 (0.8342)  accuracy: 0.9062 (0.8537)  balanced_accuracy: 0.9412 (0.8445)  pr_auc: 1.0000 (0.8943)  roc_auc: 1.0000 (0.9232)  f1_weighted: 0.8276 (0.7869)  time: 0.0183  data: 0.0010  max mem: 20497
Passive Test:  [  2680/?]  eta: ?  loss: 0.1604 (0.8324)  accuracy: 0.8281 (0.8539)  balanced_accuracy: 0.8553 (0.8447)  pr_auc: 1.0000 (0.8946)  roc_auc: 1.0000 (0.9234)  f1_weighted: 0.8125 (0.7872)  time: 0.0184  data: 0.0011  max mem: 20497
Passive Test:  [  2690/?]  eta: ?  loss: 0.1640 (0.8309)  accuracy: 0.8438 (0.8539)  balanced_accuracy: 0.8684 (0.8448)  pr_auc: 1.0000 (0.8949)  roc_auc: 1.0000 (0.9236)  f1_weighted: 0.8125 (0.7872)  time: 0.0184  data: 0.0015  max mem: 20497
Passive Test:  [  2700/?]  eta: ?  loss: 0.1507 (0.8281)  accuracy: 0.9062 (0.8543)  balanced_accuracy: 0.9412 (0.8453)  pr_auc: 1.0000 (0.8953)  roc_auc: 1.0000 (0.9239)  f1_weighted: 0.8387 (0.7877)  time: 0.0188  data: 0.0017  max mem: 20497
Passive Test:  [  2710/?]  eta: ?  loss: 0.0419 (0.8254)  accuracy: 0.9844 (0.8545)  balanced_accuracy: 0.9808 (0.8457)  pr_auc: 1.0000 (0.8957)  roc_auc: 1.0000 (0.9242)  f1_weighted: 0.9630 (0.7880)  time: 0.0181  data: 0.0010  max mem: 20497
Passive Test:  [  2720/?]  eta: ?  loss: 0.0503 (0.8228)  accuracy: 0.9688 (0.8548)  balanced_accuracy: 0.9804 (0.8461)  pr_auc: 1.0000 (0.8961)  roc_auc: 1.0000 (0.9245)  f1_weighted: 0.9286 (0.7883)  time: 0.0178  data: 0.0005  max mem: 20497
Passive Test:  [  2730/?]  eta: ?  loss: 0.0470 (0.8202)  accuracy: 0.9531 (0.8550)  balanced_accuracy: 0.9706 (0.8464)  pr_auc: 1.0000 (0.8964)  roc_auc: 1.0000 (0.9247)  f1_weighted: 0.8966 (0.7886)  time: 0.0177  data: 0.0001  max mem: 20497
Passive Test:  [  2740/?]  eta: ?  loss: 0.0418 (0.8177)  accuracy: 0.9844 (0.8554)  balanced_accuracy: 0.9615 (0.8468)  pr_auc: 1.0000 (0.8968)  roc_auc: 1.0000 (0.9250)  f1_weighted: 0.9600 (0.7890)  time: 0.0177  data: 0.0001  max mem: 20497
Passive Test:  [  2750/?]  eta: ?  loss: 0.0312 (0.8150)  accuracy: 0.9844 (0.8556)  balanced_accuracy: 0.9872 (0.8472)  pr_auc: 1.0000 (0.8972)  roc_auc: 1.0000 (0.9253)  f1_weighted: 0.9630 (0.7894)  time: 0.0180  data: 0.0003  max mem: 20497
Passive Test:  [  2760/?]  eta: ?  loss: 0.0685 (0.8128)  accuracy: 0.9688 (0.8559)  balanced_accuracy: 0.9500 (0.8476)  pr_auc: 1.0000 (0.8973)  roc_auc: 1.0000 (0.9255)  f1_weighted: 0.9474 (0.7897)  time: 0.0181  data: 0.0003  max mem: 20497
Passive Test:  [  2770/?]  eta: ?  loss: 0.0311 (0.8104)  accuracy: 0.9688 (0.8563)  balanced_accuracy: 0.9615 (0.8481)  pr_auc: 1.0000 (0.8974)  roc_auc: 1.0000 (0.9258)  f1_weighted: 0.9600 (0.7903)  time: 0.0176  data: 0.0001  max mem: 20497
Passive Test:  [  2780/?]  eta: ?  loss: 0.0237 (0.8093)  accuracy: 0.9844 (0.8564)  balanced_accuracy: 0.9808 (0.8482)  pr_auc: 1.0000 (0.8971)  roc_auc: 1.0000 (0.9258)  f1_weighted: 0.9804 (0.7903)  time: 0.0176  data: 0.0001  max mem: 20497
Passive Test:  [  2790/?]  eta: ?  loss: 0.0452 (0.8077)  accuracy: 0.9688 (0.8567)  balanced_accuracy: 0.9800 (0.8484)  pr_auc: 1.0000 (0.8970)  roc_auc: 1.0000 (0.9259)  f1_weighted: 0.9615 (0.7905)  time: 0.0178  data: 0.0001  max mem: 20497
Passive Test:  [  2800/?]  eta: ?  loss: 0.1003 (0.8071)  accuracy: 0.9531 (0.8568)  balanced_accuracy: 0.9676 (0.8484)  pr_auc: 0.9986 (0.8967)  roc_auc: 0.9990 (0.9259)  f1_weighted: 0.9455 (0.7903)  time: 0.0179  data: 0.0001  max mem: 20497
Passive Test:  [  2810/?]  eta: ?  loss: 0.1439 (0.8051)  accuracy: 0.9531 (0.8571)  balanced_accuracy: 0.9608 (0.8488)  pr_auc: 0.9881 (0.8970)  roc_auc: 0.9962 (0.9262)  f1_weighted: 0.8966 (0.7907)  time: 0.0179  data: 0.0001  max mem: 20497
Passive Test:  [  2820/?]  eta: ?  loss: 0.1558 (0.8030)  accuracy: 0.9531 (0.8574)  balanced_accuracy: 0.9608 (0.8492)  pr_auc: 0.9928 (0.8974)  roc_auc: 0.9968 (0.9265)  f1_weighted: 0.8966 (0.7910)  time: 0.0180  data: 0.0003  max mem: 20497
Passive Test:  [  2830/?]  eta: ?  loss: 0.1415 (0.8008)  accuracy: 0.9375 (0.8577)  balanced_accuracy: 0.9517 (0.8495)  pr_auc: 0.9971 (0.8977)  roc_auc: 0.9985 (0.9267)  f1_weighted: 0.8929 (0.7914)  time: 0.0180  data: 0.0003  max mem: 20497
Passive Test:  [  2840/?]  eta: ?  loss: 0.0980 (0.7986)  accuracy: 0.9375 (0.8580)  balanced_accuracy: 0.9231 (0.8499)  pr_auc: 1.0000 (0.8981)  roc_auc: 1.0000 (0.9270)  f1_weighted: 0.8929 (0.7917)  time: 0.0179  data: 0.0002  max mem: 20497
Passive Test:  [  2850/?]  eta: ?  loss: 0.0709 (0.7962)  accuracy: 0.9688 (0.8583)  balanced_accuracy: 0.9359 (0.8503)  pr_auc: 1.0000 (0.8984)  roc_auc: 1.0000 (0.9273)  f1_weighted: 0.9123 (0.7923)  time: 0.0182  data: 0.0005  max mem: 20497
Passive Test:  [  2860/?]  eta: ?  loss: 0.0686 (0.7937)  accuracy: 0.9688 (0.8587)  balanced_accuracy: 0.9676 (0.8507)  pr_auc: 1.0000 (0.8988)  roc_auc: 1.0000 (0.9276)  f1_weighted: 0.9615 (0.7929)  time: 0.0182  data: 0.0005  max mem: 20497
Passive Test:  [  2870/?]  eta: ?  loss: 0.0686 (0.7914)  accuracy: 0.9688 (0.8591)  balanced_accuracy: 0.9676 (0.8510)  pr_auc: 1.0000 (0.8991)  roc_auc: 1.0000 (0.9278)  f1_weighted: 0.9615 (0.7934)  time: 0.0180  data: 0.0004  max mem: 20497
Passive Test:  [  2880/?]  eta: ?  loss: 0.0399 (0.7891)  accuracy: 0.9688 (0.8595)  balanced_accuracy: 0.9737 (0.8514)  pr_auc: 1.0000 (0.8995)  roc_auc: 1.0000 (0.9281)  f1_weighted: 0.9615 (0.7940)  time: 0.0181  data: 0.0005  max mem: 20497
Passive Test:  [  2890/?]  eta: ?  loss: 0.0399 (0.7871)  accuracy: 0.9844 (0.8598)  balanced_accuracy: 0.9737 (0.8517)  pr_auc: 1.0000 (0.8998)  roc_auc: 1.0000 (0.9283)  f1_weighted: 0.9630 (0.7945)  time: 0.0180  data: 0.0006  max mem: 20497
Passive Test:  [  2900/?]  eta: ?  loss: 0.0888 (0.7853)  accuracy: 0.9688 (0.8600)  balanced_accuracy: 0.9615 (0.8520)  pr_auc: 1.0000 (0.9002)  roc_auc: 1.0000 (0.9286)  f1_weighted: 0.9600 (0.7948)  time: 0.0178  data: 0.0004  max mem: 20497
Passive Test:  [  2910/?]  eta: ?  loss: 0.0918 (0.7833)  accuracy: 0.9688 (0.8602)  balanced_accuracy: 0.9583 (0.8522)  pr_auc: 0.9985 (0.9006)  roc_auc: 0.9990 (0.9288)  f1_weighted: 0.9565 (0.7952)  time: 0.0176  data: 0.0002  max mem: 20497
Passive Test:  [  2920/?]  eta: ?  loss: 0.0507 (0.7812)  accuracy: 0.9688 (0.8606)  balanced_accuracy: 0.9615 (0.8526)  pr_auc: 1.0000 (0.9009)  roc_auc: 1.0000 (0.9291)  f1_weighted: 0.9600 (0.7958)  time: 0.0176  data: 0.0001  max mem: 20497
Passive Test:  [  2930/?]  eta: ?  loss: 0.0907 (0.7795)  accuracy: 0.9375 (0.8608)  balanced_accuracy: 0.9079 (0.8528)  pr_auc: 0.9985 (0.9012)  roc_auc: 0.9990 (0.9293)  f1_weighted: 0.8889 (0.7962)  time: 0.0177  data: 0.0001  max mem: 20497
Passive Test:  [  2940/?]  eta: ?  loss: 0.1585 (0.7774)  accuracy: 0.9375 (0.8611)  balanced_accuracy: 0.9079 (0.8531)  pr_auc: 0.9897 (0.9015)  roc_auc: 0.9949 (0.9296)  f1_weighted: 0.8889 (0.7966)  time: 0.0177  data: 0.0001  max mem: 20497
Passive Test:  [  2950/?]  eta: ?  loss: 0.1316 (0.7757)  accuracy: 0.9531 (0.8614)  balanced_accuracy: 0.9423 (0.8534)  pr_auc: 0.9945 (0.9017)  roc_auc: 0.9959 (0.9297)  f1_weighted: 0.9231 (0.7970)  time: 0.0176  data: 0.0001  max mem: 20497
Passive Test:  [  2960/?]  eta: ?  loss: 0.0733 (0.7738)  accuracy: 0.9375 (0.8616)  balanced_accuracy: 0.9072 (0.8537)  pr_auc: 0.9945 (0.9019)  roc_auc: 0.9968 (0.9299)  f1_weighted: 0.8936 (0.7974)  time: 0.0176  data: 0.0001  max mem: 20497
Passive Test:  [  2970/?]  eta: ?  loss: 0.1032 (0.7718)  accuracy: 0.9531 (0.8619)  balanced_accuracy: 0.9071 (0.8539)  pr_auc: 1.0000 (0.9023)  roc_auc: 1.0000 (0.9301)  f1_weighted: 0.8936 (0.7978)  time: 0.0175  data: 0.0001  max mem: 20497
Passive Test:  [  2980/?]  eta: ?  loss: 0.1032 (0.7695)  accuracy: 0.9531 (0.8622)  balanced_accuracy: 0.9231 (0.8542)  pr_auc: 1.0000 (0.9026)  roc_auc: 1.0000 (0.9304)  f1_weighted: 0.9167 (0.7983)  time: 0.0175  data: 0.0001  max mem: 20497
Passive Test:  [  2990/?]  eta: ?  loss: 0.1068 (0.7679)  accuracy: 0.9375 (0.8624)  balanced_accuracy: 0.9000 (0.8544)  pr_auc: 1.0000 (0.9029)  roc_auc: 1.0000 (0.9306)  f1_weighted: 0.8889 (0.7986)  time: 0.0175  data: 0.0001  max mem: 20497
Passive Test:  [  3000/?]  eta: ?  loss: 0.2020 (0.7674)  accuracy: 0.9375 (0.8626)  balanced_accuracy: 0.8846 (0.8546)  pr_auc: 1.0000 (0.9028)  roc_auc: 1.0000 (0.9307)  f1_weighted: 0.8696 (0.7988)  time: 0.0177  data: 0.0001  max mem: 20497
Passive Test:  [  3010/?]  eta: ?  loss: 0.3140 (0.7680)  accuracy: 0.8906 (0.8626)  balanced_accuracy: 0.8600 (0.8544)  pr_auc: 0.9730 (0.9024)  roc_auc: 0.9727 (0.9306)  f1_weighted: 0.8372 (0.7986)  time: 0.0177  data: 0.0001  max mem: 20497
Passive Test:  [  3020/?]  eta: ?  loss: 0.3417 (0.7679)  accuracy: 0.8750 (0.8626)  balanced_accuracy: 0.8462 (0.8545)  pr_auc: 1.0000 (0.9023)  roc_auc: 1.0000 (0.9307)  f1_weighted: 0.8182 (0.7987)  time: 0.0176  data: 0.0001  max mem: 20497
Passive Test:  [  3030/?]  eta: ?  loss: 0.4283 (0.7682)  accuracy: 0.8750 (0.8627)  balanced_accuracy: 0.8725 (0.8547)  pr_auc: 1.0000 (0.9020)  roc_auc: 1.0000 (0.9308)  f1_weighted: 0.8182 (0.7987)  time: 0.0175  data: 0.0001  max mem: 20497
Passive Test:  [  3040/?]  eta: ?  loss: 0.3436 (0.7676)  accuracy: 0.8906 (0.8629)  balanced_accuracy: 0.8824 (0.8549)  pr_auc: 1.0000 (0.9019)  roc_auc: 1.0000 (0.9309)  f1_weighted: 0.8444 (0.7990)  time: 0.0175  data: 0.0001  max mem: 20497
Passive Test:  [  3050/?]  eta: ?  loss: 0.2543 (0.7680)  accuracy: 0.9062 (0.8631)  balanced_accuracy: 0.8846 (0.8552)  pr_auc: 1.0000 (0.9016)  roc_auc: 1.0000 (0.9310)  f1_weighted: 0.8696 (0.7992)  time: 0.0175  data: 0.0001  max mem: 20497
Passive Test:  [  3060/?]  eta: ?  loss: 0.1006 (0.7675)  accuracy: 0.9375 (0.8633)  balanced_accuracy: 0.9167 (0.8555)  pr_auc: 1.0000 (0.9015)  roc_auc: 1.0000 (0.9311)  f1_weighted: 0.9091 (0.7996)  time: 0.0175  data: 0.0001  max mem: 20497
Passive Test:  [  3070/?]  eta: ?  loss: 0.1006 (0.7678)  accuracy: 0.9531 (0.8635)  balanced_accuracy: 0.9200 (0.8557)  pr_auc: 1.0000 (0.9011)  roc_auc: 1.0000 (0.9311)  f1_weighted: 0.9130 (0.7998)  time: 0.0176  data: 0.0001  max mem: 20497
Passive Test:  [  3080/?]  eta: ?  loss: 0.1204 (0.7673)  accuracy: 0.9531 (0.8637)  balanced_accuracy: 0.9200 (0.8560)  pr_auc: 0.9970 (0.9011)  roc_auc: 0.9979 (0.9312)  f1_weighted: 0.9130 (0.8001)  time: 0.0175  data: 0.0001  max mem: 20497
Passive Test:  [  3090/?]  eta: ?  loss: 0.0847 (0.7677)  accuracy: 0.9531 (0.8638)  balanced_accuracy: 0.9297 (0.8563)  pr_auc: 1.0000 (0.9009)  roc_auc: 1.0000 (0.9313)  f1_weighted: 0.9200 (0.8002)  time: 0.0175  data: 0.0001  max mem: 20497
Passive Test:  [  3100/?]  eta: ?  loss: 0.0592 (0.7674)  accuracy: 0.9219 (0.8640)  balanced_accuracy: 0.9314 (0.8566)  pr_auc: 1.0000 (0.9008)  roc_auc: 1.0000 (0.9314)  f1_weighted: 0.8889 (0.8004)  time: 0.0175  data: 0.0001  max mem: 20497
Passive Test:  [  3110/?]  eta: ?  loss: 0.1877 (0.7679)  accuracy: 0.8906 (0.8641)  balanced_accuracy: 0.9314 (0.8567)  pr_auc: 0.9897 (0.9006)  roc_auc: 0.9970 (0.9315)  f1_weighted: 0.7879 (0.8004)  time: 0.0175  data: 0.0001  max mem: 20497
Passive Test:  [  3120/?]  eta: ?  loss: 0.2691 (0.7680)  accuracy: 0.8594 (0.8641)  balanced_accuracy: 0.8824 (0.8567)  pr_auc: 0.9897 (0.9005)  roc_auc: 0.9929 (0.9317)  f1_weighted: 0.6842 (0.8000)  time: 0.0174  data: 0.0001  max mem: 20497
Passive Test:  [  3130/?]  eta: ?  loss: 0.3840 (0.7687)  accuracy: 0.8594 (0.8642)  balanced_accuracy: 0.8824 (0.8568)  pr_auc: 0.9897 (0.9002)  roc_auc: 0.9929 (0.9317)  f1_weighted: 0.6842 (0.7999)  time: 0.0175  data: 0.0001  max mem: 20497
Passive Test:  [  3140/?]  eta: ?  loss: 0.2102 (0.7684)  accuracy: 0.9062 (0.8644)  balanced_accuracy: 0.8846 (0.8570)  pr_auc: 0.9985 (0.9001)  roc_auc: 0.9990 (0.9318)  f1_weighted: 0.7619 (0.8001)  time: 0.0176  data: 0.0001  max mem: 20497
Passive Test:  [  3150/?]  eta: ?  loss: 0.1808 (0.7690)  accuracy: 0.9219 (0.8645)  balanced_accuracy: 0.9231 (0.8571)  pr_auc: 1.0000 (0.8997)  roc_auc: 1.0000 (0.9318)  f1_weighted: 0.9167 (0.8002)  time: 0.0176  data: 0.0001  max mem: 20497
Passive Test:  [  3160/?]  eta: ?  loss: 0.1808 (0.7688)  accuracy: 0.8750 (0.8646)  balanced_accuracy: 0.8824 (0.8574)  pr_auc: 0.8966 (0.8996)  roc_auc: 0.9647 (0.9319)  f1_weighted: 0.8197 (0.8004)  time: 0.0174  data: 0.0001  max mem: 20497
Passive Test:  [  3170/?]  eta: ?  loss: 0.0990 (0.7687)  accuracy: 0.8438 (0.8647)  balanced_accuracy: 0.8824 (0.8576)  pr_auc: 0.9286 (0.8993)  roc_auc: 0.9737 (0.9319)  f1_weighted: 0.8387 (0.8006)  time: 0.0174  data: 0.0001  max mem: 20497
Passive Test:  [  3180/?]  eta: ?  loss: 0.1897 (0.7687)  accuracy: 0.8594 (0.8648)  balanced_accuracy: 0.8846 (0.8578)  pr_auc: 0.9286 (0.8991)  roc_auc: 0.9737 (0.9320)  f1_weighted: 0.8475 (0.8008)  time: 0.0173  data: 0.0001  max mem: 20497
Passive Test:  [  3190/?]  eta: ?  loss: 0.2600 (0.7680)  accuracy: 0.8750 (0.8649)  balanced_accuracy: 0.8922 (0.8580)  pr_auc: 0.9747 (0.8989)  roc_auc: 0.9846 (0.9321)  f1_weighted: 0.8475 (0.8009)  time: 0.0174  data: 0.0001  max mem: 20497
Passive Test:  [  3200/?]  eta: ?  loss: 0.2510 (0.7670)  accuracy: 0.9219 (0.8651)  balanced_accuracy: 0.9291 (0.8583)  pr_auc: 0.9929 (0.8990)  roc_auc: 0.9949 (0.9323)  f1_weighted: 0.9091 (0.8012)  time: 0.0175  data: 0.0001  max mem: 20497
Passive Test:  [  3210/?]  eta: ?  loss: 0.0787 (0.7650)  accuracy: 0.9531 (0.8654)  balanced_accuracy: 0.9605 (0.8585)  pr_auc: 1.0000 (0.8992)  roc_auc: 1.0000 (0.9325)  f1_weighted: 0.9455 (0.8015)  time: 0.0174  data: 0.0001  max mem: 20497
Passive Test:  [  3220/?]  eta: ?  loss: 0.0122 (0.7630)  accuracy: 0.9844 (0.8657)  balanced_accuracy: 0.9615 (0.8587)  pr_auc: 1.0000 (0.8994)  roc_auc: 1.0000 (0.9326)  f1_weighted: 0.9620 (0.8018)  time: 0.0172  data: 0.0001  max mem: 20497
Passive Test:  [  3230/?]  eta: ?  loss: 0.0136 (0.7614)  accuracy: 0.9844 (0.8660)  balanced_accuracy: 0.9423 (0.8587)  pr_auc: 1.0000 (0.8995)  roc_auc: 1.0000 (0.9327)  f1_weighted: 0.9600 (0.8018)  time: 0.0164  data: 0.0002  max mem: 20497
Passive Test:  [  3240/?]  eta: ?  loss: 0.0136 (0.7595)  accuracy: 0.9688 (0.8663)  balanced_accuracy: 0.9423 (0.8589)  pr_auc: 0.9945 (0.8997)  roc_auc: 0.9955 (0.9329)  f1_weighted: 0.9600 (0.8021)  time: 0.0168  data: 0.0009  max mem: 20497
Passive Test:  [  3250/?]  eta: ?  loss: 0.0101 (0.7577)  accuracy: 0.9688 (0.8665)  balanced_accuracy: 0.8846 (0.8589)  pr_auc: 0.9941 (0.8999)  roc_auc: 0.9936 (0.9330)  f1_weighted: 0.9250 (0.8022)  time: 0.0174  data: 0.0015  max mem: 20497
Passive Test:  [  3260/?]  eta: ?  loss: 0.0095 (0.7558)  accuracy: 0.9688 (0.8668)  balanced_accuracy: 0.8944 (0.8590)  pr_auc: 1.0000 (0.9002)  roc_auc: 1.0000 (0.9332)  f1_weighted: 0.9231 (0.8025)  time: 0.0179  data: 0.0020  max mem: 20497
Passive Test:  [  3270/?]  eta: ?  loss: 0.0292 (0.7538)  accuracy: 0.9844 (0.8671)  balanced_accuracy: 0.9038 (0.8591)  pr_auc: 1.0000 (0.9004)  roc_auc: 1.0000 (0.9333)  f1_weighted: 0.9231 (0.8026)  time: 0.0193  data: 0.0034  max mem: 20497
Passive Test:  [  3280/?]  eta: ?  loss: 0.0292 (0.7525)  accuracy: 0.9844 (0.8673)  balanced_accuracy: 0.9200 (0.8592)  pr_auc: 1.0000 (0.9006)  roc_auc: 1.0000 (0.9334)  f1_weighted: 0.9231 (0.8029)  time: 0.0185  data: 0.0027  max mem: 20497
Passive Test:  [  3290/?]  eta: ?  loss: 0.0202 (0.7519)  accuracy: 0.9688 (0.8676)  balanced_accuracy: 0.8750 (0.8592)  pr_auc: 1.0000 (0.9006)  roc_auc: 1.0000 (0.9334)  f1_weighted: 0.9167 (0.8031)  time: 0.0176  data: 0.0018  max mem: 20497
Passive Test:  [  3300/?]  eta: ?  loss: 0.0265 (0.7522)  accuracy: 0.9844 (0.8677)  balanced_accuracy: 0.8750 (0.8591)  pr_auc: 1.0000 (0.9006)  roc_auc: 1.0000 (0.9333)  f1_weighted: 0.8571 (0.8032)  time: 0.0181  data: 0.0023  max mem: 20497
Passive Test:  [  3310/?]  eta: ?  loss: 0.0313 (0.7516)  accuracy: 0.9688 (0.8679)  balanced_accuracy: 0.8750 (0.8591)  pr_auc: 1.0000 (0.9007)  roc_auc: 1.0000 (0.9332)  f1_weighted: 0.8571 (0.8034)  time: 0.0179  data: 0.0022  max mem: 20497
Passive Test:  [  3320/?]  eta: ?  loss: 0.0323 (0.7518)  accuracy: 0.9688 (0.8680)  balanced_accuracy: 0.8462 (0.8591)  pr_auc: 1.0000 (0.9007)  roc_auc: 1.0000 (0.9332)  f1_weighted: 0.8539 (0.8037)  time: 0.0176  data: 0.0018  max mem: 20497
Passive Test:  [  3330/?]  eta: ?  loss: 0.1126 (0.7519)  accuracy: 0.9375 (0.8680)  balanced_accuracy: 0.8462 (0.8588)  pr_auc: 1.0000 (0.9004)  roc_auc: 1.0000 (0.9331)  f1_weighted: 0.8387 (0.8034)  time: 0.0180  data: 0.0017  max mem: 20497
Passive Test:  [  3340/?]  eta: ?  loss: 0.3398 (0.7537)  accuracy: 0.8750 (0.8679)  balanced_accuracy: 0.8077 (0.8584)  pr_auc: 1.0000 (0.9001)  roc_auc: 1.0000 (0.9329)  f1_weighted: 0.8125 (0.8032)  time: 0.0183  data: 0.0015  max mem: 20497
Passive Test:  [  3350/?]  eta: ?  loss: 0.5481 (0.7566)  accuracy: 0.7969 (0.8676)  balanced_accuracy: 0.6433 (0.8579)  pr_auc: 0.7927 (0.8995)  roc_auc: 0.8567 (0.9326)  f1_weighted: 0.7835 (0.8026)  time: 0.0182  data: 0.0011  max mem: 20497
Passive Test:  [  3360/?]  eta: ?  loss: 0.5481 (0.7589)  accuracy: 0.6719 (0.8674)  balanced_accuracy: 0.5962 (0.8574)  pr_auc: 0.8261 (0.8991)  roc_auc: 0.8462 (0.9324)  f1_weighted: 0.7586 (0.8023)  time: 0.0184  data: 0.0015  max mem: 20497
Passive Test:  [  3370/?]  eta: ?  loss: 0.3505 (0.7611)  accuracy: 0.7812 (0.8672)  balanced_accuracy: 0.8627 (0.8572)  pr_auc: 0.8444 (0.8986)  roc_auc: 0.9000 (0.9323)  f1_weighted: 0.7835 (0.8020)  time: 0.0186  data: 0.0017  max mem: 20497
Passive Test:  [  3380/?]  eta: ?  loss: 0.2004 (0.7623)  accuracy: 0.7969 (0.8672)  balanced_accuracy: 0.8627 (0.8571)  pr_auc: 0.8864 (0.8983)  roc_auc: 0.9000 (0.9322)  f1_weighted: 0.7879 (0.8021)  time: 0.0184  data: 0.0012  max mem: 20497
Passive Test:  [  3390/?]  eta: ?  loss: 0.2445 (0.7637)  accuracy: 0.7969 (0.8671)  balanced_accuracy: 0.8439 (0.8571)  pr_auc: 0.7732 (0.8977)  roc_auc: 0.8846 (0.9321)  f1_weighted: 0.7647 (0.8020)  time: 0.0184  data: 0.0012  max mem: 20497
Passive Test:  [  3400/?]  eta: ?  loss: 0.2445 (0.7650)  accuracy: 0.7812 (0.8670)  balanced_accuracy: 0.8341 (0.8571)  pr_auc: 0.7181 (0.8972)  roc_auc: 0.8553 (0.9320)  f1_weighted: 0.6933 (0.8020)  time: 0.0186  data: 0.0017  max mem: 20497
Passive Test:  [  3410/?]  eta: ?  loss: 0.1299 (0.7662)  accuracy: 0.7812 (0.8669)  balanced_accuracy: 0.8341 (0.8570)  pr_auc: 0.7181 (0.8967)  roc_auc: 0.8446 (0.9319)  f1_weighted: 0.6667 (0.8019)  time: 0.0184  data: 0.0016  max mem: 20497
Passive Test:  [  3420/?]  eta: ?  loss: 0.2033 (0.7674)  accuracy: 0.8125 (0.8668)  balanced_accuracy: 0.8824 (0.8570)  pr_auc: 0.7228 (0.8963)  roc_auc: 0.8679 (0.9318)  f1_weighted: 0.6849 (0.8019)  time: 0.0187  data: 0.0016  max mem: 20497
Passive Test:  [  3430/?]  eta: ?  loss: 0.2033 (0.7685)  accuracy: 0.8125 (0.8668)  balanced_accuracy: 0.8824 (0.8570)  pr_auc: 0.7228 (0.8958)  roc_auc: 0.8679 (0.9317)  f1_weighted: 0.7879 (0.8019)  time: 0.0188  data: 0.0017  max mem: 20497
Passive Test:  [  3440/?]  eta: ?  loss: 0.3841 (0.7691)  accuracy: 0.8125 (0.8668)  balanced_accuracy: 0.8439 (0.8570)  pr_auc: 0.7839 (0.8954)  roc_auc: 0.9026 (0.9317)  f1_weighted: 0.7937 (0.8019)  time: 0.0186  data: 0.0018  max mem: 20497
Passive Test:  [  3450/?]  eta: ?  loss: 0.3841 (0.7698)  accuracy: 0.8438 (0.8668)  balanced_accuracy: 0.8748 (0.8571)  pr_auc: 0.7840 (0.8950)  roc_auc: 0.9434 (0.9316)  f1_weighted: 0.8065 (0.8019)  time: 0.0186  data: 0.0018  max mem: 20497
Passive Test:  [  3460/?]  eta: ?  loss: 0.1986 (0.7693)  accuracy: 0.9375 (0.8669)  balanced_accuracy: 0.9167 (0.8573)  pr_auc: 0.9797 (0.8948)  roc_auc: 0.9897 (0.9317)  f1_weighted: 0.8966 (0.8020)  time: 0.0185  data: 0.0015  max mem: 20497
Passive Test:  [  3470/?]  eta: ?  loss: 0.1418 (0.7700)  accuracy: 0.9531 (0.8669)  balanced_accuracy: 0.9359 (0.8571)  pr_auc: 0.9822 (0.8945)  roc_auc: 0.9925 (0.9316)  f1_weighted: 0.9091 (0.8017)  time: 0.0183  data: 0.0012  max mem: 20497
Passive Test:  [  3480/?]  eta: ?  loss: 0.1183 (0.7699)  accuracy: 0.9531 (0.8670)  balanced_accuracy: 0.9615 (0.8571)  pr_auc: 0.9982 (0.8944)  roc_auc: 0.9969 (0.9317)  f1_weighted: 0.9600 (0.8017)  time: 0.0182  data: 0.0011  max mem: 20497
Passive Test:  [  3490/?]  eta: ?  loss: 0.1237 (0.7709)  accuracy: 0.9375 (0.8670)  balanced_accuracy: 0.9342 (0.8568)  pr_auc: 1.0000 (0.8940)  roc_auc: 1.0000 (0.9316)  f1_weighted: 0.9123 (0.8011)  time: 0.0182  data: 0.0011  max mem: 20497
Passive Test:  [  3500/?]  eta: ?  loss: 0.1843 (0.7706)  accuracy: 0.9062 (0.8670)  balanced_accuracy: 0.9079 (0.8567)  pr_auc: 0.9862 (0.8939)  roc_auc: 0.9899 (0.9317)  f1_weighted: 0.8772 (0.8009)  time: 0.0185  data: 0.0011  max mem: 20497
Passive Test:  [  3510/?]  eta: ?  loss: 0.2262 (0.7717)  accuracy: 0.8906 (0.8667)  balanced_accuracy: 0.8846 (0.8563)  pr_auc: 0.9872 (0.8934)  roc_auc: 0.9899 (0.9313)  f1_weighted: 0.8696 (0.8004)  time: 0.0184  data: 0.0007  max mem: 20497
Passive Test:  [  3520/?]  eta: ?  loss: 0.2426 (0.7717)  accuracy: 0.8125 (0.8665)  balanced_accuracy: 0.8333 (0.8560)  pr_auc: 0.9986 (0.8932)  roc_auc: 0.9990 (0.9311)  f1_weighted: 0.7937 (0.8002)  time: 0.0180  data: 0.0004  max mem: 20497
Passive Test:  [  3530/?]  eta: ?  loss: 0.2533 (0.7730)  accuracy: 0.8125 (0.8662)  balanced_accuracy: 0.8310 (0.8557)  pr_auc: 0.9872 (0.8927)  roc_auc: 0.9868 (0.9305)  f1_weighted: 0.8125 (0.7997)  time: 0.0178  data: 0.0001  max mem: 20497
Passive Test:  [  3540/?]  eta: ?  loss: 0.3649 (0.7742)  accuracy: 0.7969 (0.8659)  balanced_accuracy: 0.8097 (0.8553)  pr_auc: 0.9578 (0.8924)  roc_auc: 0.9436 (0.9301)  f1_weighted: 0.8000 (0.7994)  time: 0.0180  data: 0.0001  max mem: 20497
Passive Test:  [  3550/?]  eta: ?  loss: 0.3913 (0.7743)  accuracy: 0.7969 (0.8658)  balanced_accuracy: 0.7885 (0.8551)  pr_auc: 0.9494 (0.8923)  roc_auc: 0.9436 (0.9299)  f1_weighted: 0.8000 (0.7993)  time: 0.0180  data: 0.0001  max mem: 20497
Passive Test:  [  3560/?]  eta: ?  loss: 0.2791 (0.7736)  accuracy: 0.8281 (0.8658)  balanced_accuracy: 0.8289 (0.8551)  pr_auc: 0.9598 (0.8924)  roc_auc: 0.9631 (0.9298)  f1_weighted: 0.8519 (0.7994)  time: 0.0179  data: 0.0001  max mem: 20497
Passive Test:  [  3570/?]  eta: ?  loss: 0.3034 (0.7737)  accuracy: 0.8594 (0.8658)  balanced_accuracy: 0.8512 (0.8551)  pr_auc: 0.9621 (0.8924)  roc_auc: 0.9631 (0.9296)  f1_weighted: 0.8519 (0.7995)  time: 0.0178  data: 0.0001  max mem: 20497
Passive Test:  [  3580/?]  eta: ?  loss: 0.3357 (0.7734)  accuracy: 0.8594 (0.8658)  balanced_accuracy: 0.8573 (0.8551)  pr_auc: 0.9621 (0.8925)  roc_auc: 0.9484 (0.9295)  f1_weighted: 0.8475 (0.7996)  time: 0.0176  data: 0.0001  max mem: 20497
Passive Test:  [  3590/?]  eta: ?  loss: 0.3056 (0.7732)  accuracy: 0.8906 (0.8658)  balanced_accuracy: 0.9028 (0.8551)  pr_auc: 0.9723 (0.8925)  roc_auc: 0.9798 (0.9294)  f1_weighted: 0.8889 (0.7997)  time: 0.0176  data: 0.0001  max mem: 20497
Passive Test:  [  3600/?]  eta: ?  loss: 0.3492 (0.7728)  accuracy: 0.8906 (0.8658)  balanced_accuracy: 0.9028 (0.8552)  pr_auc: 0.9727 (0.8926)  roc_auc: 0.9826 (0.9293)  f1_weighted: 0.8846 (0.7998)  time: 0.0176  data: 0.0001  max mem: 20497
Passive Test:  [  3610/?]  eta: ?  loss: 0.3399 (0.7728)  accuracy: 0.8906 (0.8658)  balanced_accuracy: 0.8968 (0.8552)  pr_auc: 0.9993 (0.8927)  roc_auc: 0.9990 (0.9291)  f1_weighted: 0.8800 (0.7999)  time: 0.0173  data: 0.0001  max mem: 20497
Passive Test:  [  3620/?]  eta: ?  loss: 0.1709 (0.7723)  accuracy: 0.9219 (0.8659)  balanced_accuracy: 0.9200 (0.8553)  pr_auc: 1.0000 (0.8928)  roc_auc: 1.0000 (0.9291)  f1_weighted: 0.9130 (0.8001)  time: 0.0172  data: 0.0001  max mem: 20497
Passive Test:  [  3630/?]  eta: ?  loss: 0.1477 (0.7719)  accuracy: 0.9219 (0.8660)  balanced_accuracy: 0.9211 (0.8554)  pr_auc: 1.0000 (0.8929)  roc_auc: 1.0000 (0.9290)  f1_weighted: 0.9143 (0.8004)  time: 0.0174  data: 0.0003  max mem: 20497
Passive Test:  [  3640/?]  eta: ?  loss: 0.1114 (0.7703)  accuracy: 0.9219 (0.8662)  balanced_accuracy: 0.9342 (0.8557)  pr_auc: 1.0000 (0.8932)  roc_auc: 1.0000 (0.9292)  f1_weighted: 0.9296 (0.8008)  time: 0.0178  data: 0.0006  max mem: 20497
Passive Test:  [  3650/?]  eta: ?  loss: 0.1086 (0.7692)  accuracy: 0.9219 (0.8662)  balanced_accuracy: 0.9079 (0.8558)  pr_auc: 1.0000 (0.8935)  roc_auc: 1.0000 (0.9294)  f1_weighted: 0.8986 (0.8010)  time: 0.0181  data: 0.0010  max mem: 20497
Passive Test:  [  3660/?]  eta: ?  loss: 0.1776 (0.7680)  accuracy: 0.8750 (0.8662)  balanced_accuracy: 0.8947 (0.8559)  pr_auc: 1.0000 (0.8938)  roc_auc: 1.0000 (0.9296)  f1_weighted: 0.8824 (0.8011)  time: 0.0179  data: 0.0007  max mem: 20497
Passive Test:  [  3670/?]  eta: ?  loss: 0.1822 (0.7669)  accuracy: 0.8281 (0.8662)  balanced_accuracy: 0.8922 (0.8560)  pr_auc: 1.0000 (0.8940)  roc_auc: 1.0000 (0.9297)  f1_weighted: 0.7536 (0.8012)  time: 0.0178  data: 0.0005  max mem: 20497
Passive Test:  [  3680/?]  eta: ?  loss: 0.1926 (0.7658)  accuracy: 0.8125 (0.8662)  balanced_accuracy: 0.8846 (0.8562)  pr_auc: 1.0000 (0.8943)  roc_auc: 1.0000 (0.9299)  f1_weighted: 0.7536 (0.8013)  time: 0.0177  data: 0.0006  max mem: 20497
Passive Test:  [  3690/?]  eta: ?  loss: 0.1915 (0.7649)  accuracy: 0.8125 (0.8661)  balanced_accuracy: 0.8846 (0.8562)  pr_auc: 1.0000 (0.8945)  roc_auc: 1.0000 (0.9301)  f1_weighted: 0.7879 (0.8014)  time: 0.0180  data: 0.0008  max mem: 20497
Passive Test:  [  3700/?]  eta: ?  loss: 0.1048 (0.7636)  accuracy: 0.9375 (0.8663)  balanced_accuracy: 0.9474 (0.8565)  pr_auc: 1.0000 (0.8948)  roc_auc: 1.0000 (0.9303)  f1_weighted: 0.9143 (0.8017)  time: 0.0182  data: 0.0011  max mem: 20497
Passive Test:  [  3710/?]  eta: ?  loss: 0.1005 (0.7626)  accuracy: 0.9531 (0.8663)  balanced_accuracy: 0.9605 (0.8566)  pr_auc: 1.0000 (0.8950)  roc_auc: 1.0000 (0.9304)  f1_weighted: 0.9589 (0.8019)  time: 0.0183  data: 0.0013  max mem: 20497
Passive Test:  [  3720/?]  eta: ?  loss: 0.2616 (0.7615)  accuracy: 0.8750 (0.8663)  balanced_accuracy: 0.8947 (0.8567)  pr_auc: 1.0000 (0.8953)  roc_auc: 1.0000 (0.9306)  f1_weighted: 0.8824 (0.8021)  time: 0.0181  data: 0.0011  max mem: 20497
Passive Test:  [  3730/?]  eta: ?  loss: 0.3466 (0.7603)  accuracy: 0.8750 (0.8664)  balanced_accuracy: 0.8974 (0.8569)  pr_auc: 1.0000 (0.8956)  roc_auc: 1.0000 (0.9308)  f1_weighted: 0.8857 (0.8024)  time: 0.0178  data: 0.0007  max mem: 20497
Passive Test:  [  3740/?]  eta: ?  loss: 0.0937 (0.7594)  accuracy: 0.9062 (0.8665)  balanced_accuracy: 0.9211 (0.8570)  pr_auc: 1.0000 (0.8959)  roc_auc: 1.0000 (0.9310)  f1_weighted: 0.8966 (0.8027)  time: 0.0177  data: 0.0006  max mem: 20497
Passive Test:  [  3750/?]  eta: ?  loss: 0.1347 (0.7588)  accuracy: 0.8750 (0.8665)  balanced_accuracy: 0.8974 (0.8571)  pr_auc: 1.0000 (0.8960)  roc_auc: 1.0000 (0.9311)  f1_weighted: 0.8857 (0.8028)  time: 0.0177  data: 0.0006  max mem: 20497
Passive Test:  [  3760/?]  eta: ?  loss: 0.3491 (0.7578)  accuracy: 0.8750 (0.8666)  balanced_accuracy: 0.8974 (0.8573)  pr_auc: 0.9986 (0.8963)  roc_auc: 0.9990 (0.9313)  f1_weighted: 0.8627 (0.8030)  time: 0.0180  data: 0.0009  max mem: 20497
Passive Test:  [  3770/?]  eta: ?  loss: 0.4370 (0.7572)  accuracy: 0.8594 (0.8665)  balanced_accuracy: 0.8836 (0.8573)  pr_auc: 0.9976 (0.8965)  roc_auc: 0.9970 (0.9315)  f1_weighted: 0.8627 (0.8030)  time: 0.0181  data: 0.0009  max mem: 20497
Passive Test:  [  3780/?]  eta: ?  loss: 0.4284 (0.7562)  accuracy: 0.8750 (0.8666)  balanced_accuracy: 0.8846 (0.8575)  pr_auc: 0.9945 (0.8968)  roc_auc: 0.9919 (0.9316)  f1_weighted: 0.8657 (0.8032)  time: 0.0181  data: 0.0010  max mem: 20497
Passive Test:  [  3790/?]  eta: ?  loss: 0.3330 (0.7556)  accuracy: 0.8906 (0.8666)  balanced_accuracy: 0.8846 (0.8575)  pr_auc: 0.9934 (0.8970)  roc_auc: 0.9899 (0.9318)  f1_weighted: 0.8916 (0.8033)  time: 0.0180  data: 0.0009  max mem: 20497
Passive Test:  [  3800/?]  eta: ?  loss: 0.3851 (0.7547)  accuracy: 0.8750 (0.8666)  balanced_accuracy: 0.8725 (0.8576)  pr_auc: 0.9986 (0.8972)  roc_auc: 0.9980 (0.9319)  f1_weighted: 0.8916 (0.8034)  time: 0.0179  data: 0.0008  max mem: 20497
Passive Test:  [  3810/?]  eta: ?  loss: 0.4061 (0.7550)  accuracy: 0.8750 (0.8665)  balanced_accuracy: 0.8922 (0.8576)  pr_auc: 0.9973 (0.8974)  roc_auc: 0.9980 (0.9319)  f1_weighted: 0.9014 (0.8035)  time: 0.0179  data: 0.0007  max mem: 20497
Passive Test:  [  3820/?]  eta: ?  loss: 0.5844 (0.7553)  accuracy: 0.8750 (0.8664)  balanced_accuracy: 0.8952 (0.8576)  pr_auc: 0.9919 (0.8975)  roc_auc: 0.9887 (0.9319)  f1_weighted: 0.8571 (0.8035)  time: 0.0176  data: 0.0005  max mem: 20497
Passive Test:  [  3830/?]  eta: ?  loss: 0.4359 (0.7560)  accuracy: 0.8594 (0.8663)  balanced_accuracy: 0.8846 (0.8575)  pr_auc: 0.9792 (0.8976)  roc_auc: 0.9641 (0.9318)  f1_weighted: 0.8125 (0.8035)  time: 0.0179  data: 0.0008  max mem: 20497
Passive Test:  [  3840/?]  eta: ?  loss: 0.5941 (0.7564)  accuracy: 0.8438 (0.8661)  balanced_accuracy: 0.9020 (0.8574)  pr_auc: 0.9644 (0.8977)  roc_auc: 0.9737 (0.9318)  f1_weighted: 0.7879 (0.8033)  time: 0.0178  data: 0.0009  max mem: 20497
Passive Test:  [  3850/?]  eta: ?  loss: 0.4265 (0.7567)  accuracy: 0.8438 (0.8660)  balanced_accuracy: 0.9020 (0.8574)  pr_auc: 0.9644 (0.8979)  roc_auc: 0.9856 (0.9318)  f1_weighted: 0.7812 (0.8033)  time: 0.0175  data: 0.0004  max mem: 20497
Passive Test:  [  3860/?]  eta: ?  loss: 0.2702 (0.7561)  accuracy: 0.8906 (0.8660)  balanced_accuracy: 0.9211 (0.8574)  pr_auc: 0.9932 (0.8980)  roc_auc: 0.9909 (0.9318)  f1_weighted: 0.8889 (0.8034)  time: 0.0173  data: 0.0003  max mem: 20497
Passive Test:  [  3870/?]  eta: ?  loss: 0.1430 (0.7555)  accuracy: 0.9219 (0.8660)  balanced_accuracy: 0.9474 (0.8575)  pr_auc: 0.9960 (0.8982)  roc_auc: 0.9970 (0.9319)  f1_weighted: 0.8966 (0.8036)  time: 0.0182  data: 0.0018  max mem: 20497
Passive Test:  [  3880/?]  eta: ?  loss: 0.2355 (0.7542)  accuracy: 0.8906 (0.8661)  balanced_accuracy: 0.9413 (0.8577)  pr_auc: 0.9979 (0.8984)  roc_auc: 0.9970 (0.9320)  f1_weighted: 0.9143 (0.8038)  time: 0.0181  data: 0.0024  max mem: 20497
Passive Test:  [  3890/?]  eta: ?  loss: 0.2648 (0.7535)  accuracy: 0.8906 (0.8662)  balanced_accuracy: 0.9103 (0.8577)  pr_auc: 0.9986 (0.8985)  roc_auc: 0.9990 (0.9320)  f1_weighted: 0.9014 (0.8040)  time: 0.0174  data: 0.0018  max mem: 20497
Passive Test:  [  3900/?]  eta: ?  loss: 0.2522 (0.7522)  accuracy: 0.8906 (0.8663)  balanced_accuracy: 0.9103 (0.8578)  pr_auc: 1.0000 (0.8987)  roc_auc: 1.0000 (0.9321)  f1_weighted: 0.9014 (0.8042)  time: 0.0176  data: 0.0018  max mem: 20497
Passive Test:  [  3910/?]  eta: ?  loss: 0.0995 (0.7506)  accuracy: 0.9531 (0.8665)  balanced_accuracy: 0.9359 (0.8580)  pr_auc: 0.9986 (0.8989)  roc_auc: 0.9990 (0.9322)  f1_weighted: 0.9487 (0.8046)  time: 0.0176  data: 0.0018  max mem: 20497
Passive Test:  [  3920/?]  eta: ?  loss: 0.0710 (0.7493)  accuracy: 0.9688 (0.8666)  balanced_accuracy: 0.9291 (0.8580)  pr_auc: 0.9986 (0.8991)  roc_auc: 0.9990 (0.9323)  f1_weighted: 0.9315 (0.8047)  time: 0.0176  data: 0.0018  max mem: 20497
Passive Test:  [  3930/?]  eta: ?  loss: 0.1283 (0.7481)  accuracy: 0.9375 (0.8667)  balanced_accuracy: 0.9291 (0.8581)  pr_auc: 0.9985 (0.8992)  roc_auc: 0.9990 (0.9324)  f1_weighted: 0.9268 (0.8049)  time: 0.0178  data: 0.0021  max mem: 20497
Passive Test:  [  3940/?]  eta: ?  loss: 0.1487 (0.7471)  accuracy: 0.9375 (0.8668)  balanced_accuracy: 0.8684 (0.8581)  pr_auc: 0.9970 (0.8994)  roc_auc: 0.9979 (0.9325)  f1_weighted: 0.8649 (0.8050)  time: 0.0176  data: 0.0021  max mem: 20497
Passive Test:  [  3950/?]  eta: ?  loss: 0.1487 (0.7465)  accuracy: 0.9062 (0.8669)  balanced_accuracy: 0.8623 (0.8582)  pr_auc: 0.9804 (0.8995)  roc_auc: 0.9767 (0.9325)  f1_weighted: 0.8485 (0.8051)  time: 0.0180  data: 0.0024  max mem: 20497
Passive Test:  [  3960/?]  eta: ?  loss: 0.1242 (0.7467)  accuracy: 0.8438 (0.8668)  balanced_accuracy: 0.8553 (0.8581)  pr_auc: 0.9680 (0.8995)  roc_auc: 0.9528 (0.9325)  f1_weighted: 0.8254 (0.8050)  time: 0.0184  data: 0.0024  max mem: 20497
Passive Test:  [  3970/?]  eta: ?  loss: 0.1242 (0.7466)  accuracy: 0.8438 (0.8668)  balanced_accuracy: 0.8590 (0.8582)  pr_auc: 0.9339 (0.8996)  roc_auc: 0.9169 (0.9325)  f1_weighted: 0.8197 (0.8051)  time: 0.0179  data: 0.0014  max mem: 20497
Passive Test:  [  3980/?]  eta: ?  loss: 0.1178 (0.7469)  accuracy: 0.8281 (0.8668)  balanced_accuracy: 0.8590 (0.8582)  pr_auc: 0.9517 (0.8996)  roc_auc: 0.9272 (0.9325)  f1_weighted: 0.8197 (0.8052)  time: 0.0178  data: 0.0008  max mem: 20497
Passive Test:  [  3990/?]  eta: ?  loss: 0.1178 (0.7474)  accuracy: 0.8125 (0.8667)  balanced_accuracy: 0.8390 (0.8582)  pr_auc: 0.9445 (0.8997)  roc_auc: 0.9400 (0.9325)  f1_weighted: 0.8000 (0.8052)  time: 0.0178  data: 0.0008  max mem: 20497
Passive Test:  [  4000/?]  eta: ?  loss: 0.1515 (0.7473)  accuracy: 0.8281 (0.8667)  balanced_accuracy: 0.8553 (0.8582)  pr_auc: 0.9622 (0.8998)  roc_auc: 0.9840 (0.9326)  f1_weighted: 0.8254 (0.8052)  time: 0.0180  data: 0.0010  max mem: 20497
Passive Test:  [  4010/?]  eta: ?  loss: 0.1515 (0.7466)  accuracy: 0.8594 (0.8667)  balanced_accuracy: 0.8816 (0.8583)  pr_auc: 0.9732 (0.9000)  roc_auc: 0.9840 (0.9327)  f1_weighted: 0.8525 (0.8054)  time: 0.0176  data: 0.0007  max mem: 20497
Passive Test:  [  4020/?]  eta: ?  loss: 0.1900 (0.7455)  accuracy: 0.9219 (0.8669)  balanced_accuracy: 0.9281 (0.8585)  pr_auc: 0.9776 (0.9002)  roc_auc: 0.9833 (0.9328)  f1_weighted: 0.9091 (0.8057)  time: 0.0175  data: 0.0006  max mem: 20497
Passive Test:  [  4030/?]  eta: ?  loss: 0.2158 (0.7444)  accuracy: 0.9219 (0.8670)  balanced_accuracy: 0.9359 (0.8587)  pr_auc: 0.9731 (0.9003)  roc_auc: 0.9846 (0.9329)  f1_weighted: 0.9286 (0.8060)  time: 0.0178  data: 0.0009  max mem: 20497
Passive Test:  [  4040/?]  eta: ?  loss: 0.2160 (0.7441)  accuracy: 0.9219 (0.8670)  balanced_accuracy: 0.9233 (0.8588)  pr_auc: 0.9726 (0.9005)  roc_auc: 0.9856 (0.9330)  f1_weighted: 0.9206 (0.8061)  time: 0.0178  data: 0.0009  max mem: 20497
Passive Test:  [  4050/?]  eta: ?  loss: 0.2352 (0.7432)  accuracy: 0.8906 (0.8671)  balanced_accuracy: 0.9079 (0.8589)  pr_auc: 0.9875 (0.9005)  roc_auc: 0.9838 (0.9330)  f1_weighted: 0.8889 (0.8064)  time: 0.0183  data: 0.0015  max mem: 20497
Passive Test:  [  4060/?]  eta: ?  loss: 0.2352 (0.7421)  accuracy: 0.9062 (0.8672)  balanced_accuracy: 0.9211 (0.8590)  pr_auc: 0.9884 (0.9007)  roc_auc: 0.9815 (0.9331)  f1_weighted: 0.8889 (0.8066)  time: 0.0188  data: 0.0020  max mem: 20497
Passive Test:  [  4070/?]  eta: ?  loss: 0.2002 (0.7409)  accuracy: 0.9062 (0.8673)  balanced_accuracy: 0.9211 (0.8592)  pr_auc: 0.9896 (0.9007)  roc_auc: 0.9858 (0.9332)  f1_weighted: 0.8947 (0.8068)  time: 0.0183  data: 0.0016  max mem: 20497
Passive Test:  [  4080/?]  eta: ?  loss: 0.2417 (0.7400)  accuracy: 0.8906 (0.8674)  balanced_accuracy: 0.9079 (0.8594)  pr_auc: 0.9687 (0.9008)  roc_auc: 0.9666 (0.9333)  f1_weighted: 0.8947 (0.8071)  time: 0.0180  data: 0.0011  max mem: 20497
Passive Test:  [  4090/?]  eta: ?  loss: 0.4930 (0.7399)  accuracy: 0.8750 (0.8673)  balanced_accuracy: 0.8836 (0.8594)  pr_auc: 0.8893 (0.9005)  roc_auc: 0.9412 (0.9332)  f1_weighted: 0.8627 (0.8071)  time: 0.0176  data: 0.0007  max mem: 20497
Passive Test:  [  4100/?]  eta: ?  loss: 0.8103 (0.7401)  accuracy: 0.7969 (0.8672)  balanced_accuracy: 0.8190 (0.8593)  pr_auc: 0.7750 (0.9002)  roc_auc: 0.9089 (0.9330)  f1_weighted: 0.8116 (0.8070)  time: 0.0175  data: 0.0005  max mem: 20497
Passive Test:  [  4110/?]  eta: ?  loss: 0.7712 (0.7400)  accuracy: 0.8281 (0.8672)  balanced_accuracy: 0.8503 (0.8594)  pr_auc: 0.7750 (0.8999)  roc_auc: 0.9128 (0.9330)  f1_weighted: 0.8125 (0.8071)  time: 0.0177  data: 0.0006  max mem: 20497
Passive Test:  [  4120/?]  eta: ?  loss: 0.7712 (0.7402)  accuracy: 0.8125 (0.8671)  balanced_accuracy: 0.8421 (0.8593)  pr_auc: 0.7383 (0.8995)  roc_auc: 0.9374 (0.9329)  f1_weighted: 0.8125 (0.8069)  time: 0.0178  data: 0.0008  max mem: 20497
Passive Test:  [  4130/?]  eta: ?  loss: 0.9918 (0.7410)  accuracy: 0.8125 (0.8670)  balanced_accuracy: 0.8360 (0.8593)  pr_auc: 0.7752 (0.8993)  roc_auc: 0.9374 (0.9328)  f1_weighted: 0.7812 (0.8069)  time: 0.0180  data: 0.0010  max mem: 20497
Passive Test:  [  4140/?]  eta: ?  loss: 0.7664 (0.7425)  accuracy: 0.8125 (0.8669)  balanced_accuracy: 0.8289 (0.8592)  pr_auc: 0.7973 (0.8989)  roc_auc: 0.8567 (0.9325)  f1_weighted: 0.7586 (0.8067)  time: 0.0177  data: 0.0007  max mem: 20497
Passive Test:  [  4150/?]  eta: ?  loss: 0.7943 (0.7437)  accuracy: 0.8125 (0.8668)  balanced_accuracy: 0.8421 (0.8592)  pr_auc: 0.8298 (0.8988)  roc_auc: 0.9035 (0.9325)  f1_weighted: 0.7586 (0.8067)  time: 0.0175  data: 0.0005  max mem: 20497
Passive Test:  [  4160/?]  eta: ?  loss: 0.7908 (0.7451)  accuracy: 0.8281 (0.8667)  balanced_accuracy: 0.8333 (0.8590)  pr_auc: 0.8596 (0.8986)  roc_auc: 0.9072 (0.9324)  f1_weighted: 0.7761 (0.8065)  time: 0.0178  data: 0.0008  max mem: 20497
Passive Test:  [  4170/?]  eta: ?  loss: 0.7047 (0.7454)  accuracy: 0.8281 (0.8666)  balanced_accuracy: 0.8289 (0.8590)  pr_auc: 0.8991 (0.8987)  roc_auc: 0.9271 (0.9324)  f1_weighted: 0.8000 (0.8065)  time: 0.0174  data: 0.0004  max mem: 20497
Passive Test:  [  4180/?]  eta: ?  loss: 0.6137 (0.7462)  accuracy: 0.8438 (0.8666)  balanced_accuracy: 0.8518 (0.8589)  pr_auc: 0.9345 (0.8987)  roc_auc: 0.9403 (0.9324)  f1_weighted: 0.8125 (0.8064)  time: 0.0173  data: 0.0004  max mem: 20497
Passive Test:  [  4190/?]  eta: ?  loss: 0.7366 (0.7464)  accuracy: 0.8438 (0.8665)  balanced_accuracy: 0.8333 (0.8589)  pr_auc: 0.9608 (0.8988)  roc_auc: 0.9403 (0.9325)  f1_weighted: 0.8000 (0.8064)  time: 0.0173  data: 0.0004  max mem: 20497
Passive Test:  [  4200/?]  eta: ?  loss: 0.7320 (0.7464)  accuracy: 0.8438 (0.8665)  balanced_accuracy: 0.8553 (0.8588)  pr_auc: 0.9441 (0.8986)  roc_auc: 0.9563 (0.9325)  f1_weighted: 0.8000 (0.8063)  time: 0.0172  data: 0.0003  max mem: 20497
Passive Test:  [  4210/?]  eta: ?  loss: 0.5643 (0.7458)  accuracy: 0.8750 (0.8665)  balanced_accuracy: 0.8553 (0.8588)  pr_auc: 0.9339 (0.8987)  roc_auc: 0.9698 (0.9325)  f1_weighted: 0.7879 (0.8064)  time: 0.0175  data: 0.0006  max mem: 20497
Passive Test:  [  4220/?]  eta: ?  loss: 0.5262 (0.7454)  accuracy: 0.8594 (0.8665)  balanced_accuracy: 0.8421 (0.8588)  pr_auc: 0.9339 (0.8988)  roc_auc: 0.9698 (0.9326)  f1_weighted: 0.8125 (0.8063)  time: 0.0177  data: 0.0008  max mem: 20497
Passive Test:  [  4230/?]  eta: ?  loss: 0.5046 (0.7449)  accuracy: 0.8594 (0.8665)  balanced_accuracy: 0.8421 (0.8587)  pr_auc: 0.9626 (0.8989)  roc_auc: 0.9849 (0.9327)  f1_weighted: 0.8125 (0.8063)  time: 0.0180  data: 0.0011  max mem: 20497
Passive Test:  [  4240/?]  eta: ?  loss: 0.4337 (0.7442)  accuracy: 0.8906 (0.8666)  balanced_accuracy: 0.8684 (0.8587)  pr_auc: 0.9626 (0.8991)  roc_auc: 0.9849 (0.9328)  f1_weighted: 0.8485 (0.8063)  time: 0.0182  data: 0.0012  max mem: 20497
Passive Test:  [  4250/?]  eta: ?  loss: 0.4302 (0.7434)  accuracy: 0.8750 (0.8666)  balanced_accuracy: 0.8846 (0.8587)  pr_auc: 0.9735 (0.8992)  roc_auc: 0.9864 (0.9329)  f1_weighted: 0.8696 (0.8064)  time: 0.0180  data: 0.0011  max mem: 20497
Passive Test:  [  4260/?]  eta: ?  loss: 0.3014 (0.7424)  accuracy: 0.9062 (0.8667)  balanced_accuracy: 0.8846 (0.8588)  pr_auc: 0.9928 (0.8994)  roc_auc: 0.9889 (0.9331)  f1_weighted: 0.8696 (0.8065)  time: 0.0181  data: 0.0013  max mem: 20497
Passive Test:  [  4270/?]  eta: ?  loss: 0.1667 (0.7418)  accuracy: 0.9219 (0.8666)  balanced_accuracy: 0.8650 (0.8588)  pr_auc: 0.9840 (0.8995)  roc_auc: 0.9834 (0.9331)  f1_weighted: 0.8409 (0.8066)  time: 0.0182  data: 0.0013  max mem: 20497
Passive Test:  [  4280/?]  eta: ?  loss: 0.3423 (0.7413)  accuracy: 0.8125 (0.8665)  balanced_accuracy: 0.8045 (0.8587)  pr_auc: 0.9648 (0.8995)  roc_auc: 0.9666 (0.9331)  f1_weighted: 0.7541 (0.8064)  time: 0.0187  data: 0.0016  max mem: 20497
Passive Test:  [  4290/?]  eta: ?  loss: 0.7084 (0.7418)  accuracy: 0.7344 (0.8661)  balanced_accuracy: 0.7405 (0.8583)  pr_auc: 0.8448 (0.8993)  roc_auc: 0.9343 (0.9330)  f1_weighted: 0.6774 (0.8060)  time: 0.0187  data: 0.0018  max mem: 20497
Passive Test:  [  4300/?]  eta: ?  loss: 0.6205 (0.7413)  accuracy: 0.7812 (0.8660)  balanced_accuracy: 0.7368 (0.8581)  pr_auc: 0.8344 (0.8994)  roc_auc: 0.9221 (0.9330)  f1_weighted: 0.6557 (0.8059)  time: 0.0180  data: 0.0009  max mem: 20497
Passive Test:  [  4310/?]  eta: ?  loss: 0.6416 (0.7417)  accuracy: 0.7812 (0.8656)  balanced_accuracy: 0.7439 (0.8577)  pr_auc: 0.8474 (0.8990)  roc_auc: 0.8929 (0.9327)  f1_weighted: 0.6667 (0.8055)  time: 0.0177  data: 0.0007  max mem: 20497
Passive Test:  [  4320/?]  eta: ?  loss: 0.8685 (0.7417)  accuracy: 0.7031 (0.8653)  balanced_accuracy: 0.7436 (0.8574)  pr_auc: 0.8205 (0.8988)  roc_auc: 0.8932 (0.9326)  f1_weighted: 0.6667 (0.8051)  time: 0.0187  data: 0.0019  max mem: 20497
Passive Test:  [  4330/?]  eta: ?  loss: 0.7376 (0.7419)  accuracy: 0.7812 (0.8650)  balanced_accuracy: 0.7439 (0.8571)  pr_auc: 0.8603 (0.8986)  roc_auc: 0.9375 (0.9325)  f1_weighted: 0.7246 (0.8049)  time: 0.0188  data: 0.0022  max mem: 20497
Passive Test:  [  4340/?]  eta: ?  loss: 0.6207 (0.7417)  accuracy: 0.7969 (0.8649)  balanced_accuracy: 0.7500 (0.8569)  pr_auc: 0.9437 (0.8987)  roc_auc: 0.9231 (0.9324)  f1_weighted: 0.7619 (0.8048)  time: 0.0188  data: 0.0020  max mem: 20497
Passive Test:  [  4350/?]  eta: ?  loss: 0.5800 (0.7414)  accuracy: 0.7969 (0.8648)  balanced_accuracy: 0.8030 (0.8568)  pr_auc: 0.9493 (0.8988)  roc_auc: 0.9359 (0.9324)  f1_weighted: 0.8000 (0.8048)  time: 0.0188  data: 0.0020  max mem: 20497
Passive Test:  [  4360/?]  eta: ?  loss: 0.5540 (0.7410)  accuracy: 0.8281 (0.8648)  balanced_accuracy: 0.8289 (0.8568)  pr_auc: 0.9493 (0.8989)  roc_auc: 0.9453 (0.9324)  f1_weighted: 0.8000 (0.8049)  time: 0.0186  data: 0.0020  max mem: 20497
Passive Test:  [  4370/?]  eta: ?  loss: 0.5825 (0.7411)  accuracy: 0.8281 (0.8647)  balanced_accuracy: 0.8333 (0.8567)  pr_auc: 0.9659 (0.8990)  roc_auc: 0.9405 (0.9324)  f1_weighted: 0.8276 (0.8049)  time: 0.0333  data: 0.0019  max mem: 20497
Passive Test:  [  4380/?]  eta: ?  loss: 0.6230 (0.7412)  accuracy: 0.8125 (0.8647)  balanced_accuracy: 0.7692 (0.8567)  pr_auc: 0.9902 (0.8991)  roc_auc: 0.9868 (0.9325)  f1_weighted: 0.8485 (0.8050)  time: 0.0326  data: 0.0009  max mem: 20497
Passive Test:  [  4390/?]  eta: ?  loss: 0.5966 (0.7416)  accuracy: 0.8125 (0.8646)  balanced_accuracy: 0.7692 (0.8566)  pr_auc: 0.9936 (0.8993)  roc_auc: 0.9889 (0.9326)  f1_weighted: 0.8485 (0.8050)  time: 0.0177  data: 0.0003  max mem: 20497
Passive Test:  [  4400/?]  eta: ?  loss: 0.5966 (0.7414)  accuracy: 0.8281 (0.8647)  balanced_accuracy: 0.8067 (0.8565)  pr_auc: 0.9944 (0.8995)  roc_auc: 0.9889 (0.9327)  f1_weighted: 0.8485 (0.8051)  time: 0.0183  data: 0.0006  max mem: 20497
Passive Test:  [  4410/?]  eta: ?  loss: 0.6619 (0.7417)  accuracy: 0.8281 (0.8646)  balanced_accuracy: 0.8067 (0.8564)  pr_auc: 0.9927 (0.8996)  roc_auc: 0.9887 (0.9328)  f1_weighted: 0.8539 (0.8052)  time: 0.0182  data: 0.0005  max mem: 20497
Passive Test:  [  4420/?]  eta: ?  loss: 0.6619 (0.7421)  accuracy: 0.8125 (0.8646)  balanced_accuracy: 0.7872 (0.8564)  pr_auc: 0.9925 (0.8998)  roc_auc: 0.9856 (0.9328)  f1_weighted: 0.8485 (0.8053)  time: 0.0183  data: 0.0006  max mem: 20497
Passive Test:  [  4430/?]  eta: ?  loss: 0.5850 (0.7424)  accuracy: 0.8125 (0.8645)  balanced_accuracy: 0.7945 (0.8563)  pr_auc: 0.9941 (0.8999)  roc_auc: 0.9903 (0.9329)  f1_weighted: 0.8485 (0.8053)  time: 0.0185  data: 0.0010  max mem: 20497
Passive Test:  [  4440/?]  eta: ?  loss: 0.4832 (0.7416)  accuracy: 0.8281 (0.8646)  balanced_accuracy: 0.8462 (0.8565)  pr_auc: 0.9969 (0.9001)  roc_auc: 0.9949 (0.9331)  f1_weighted: 0.8539 (0.8056)  time: 0.0187  data: 0.0013  max mem: 20497
Passive Test:  [  4450/?]  eta: ?  loss: 0.2766 (0.7415)  accuracy: 0.8438 (0.8646)  balanced_accuracy: 0.8462 (0.8563)  pr_auc: 0.9919 (0.9004)  roc_auc: 0.9872 (0.9332)  f1_weighted: 0.8539 (0.8056)  time: 0.0186  data: 0.0009  max mem: 20497
Passive Test:  [  4460/?]  eta: ?  loss: 0.4401 (0.7411)  accuracy: 0.8438 (0.8646)  balanced_accuracy: 0.8077 (0.8563)  pr_auc: 0.9913 (0.9006)  roc_auc: 0.9887 (0.9333)  f1_weighted: 0.8539 (0.8057)  time: 0.0188  data: 0.0011  max mem: 20497
Passive Test:  [  4470/?]  eta: ?  loss: 0.4854 (0.7410)  accuracy: 0.8438 (0.8646)  balanced_accuracy: 0.8000 (0.8562)  pr_auc: 0.9956 (0.9008)  roc_auc: 0.9970 (0.9335)  f1_weighted: 0.8539 (0.8058)  time: 0.0191  data: 0.0014  max mem: 20497
Passive Test:  [  4480/?]  eta: ?  loss: 0.5314 (0.7408)  accuracy: 0.8125 (0.8646)  balanced_accuracy: 0.7600 (0.8562)  pr_auc: 0.9956 (0.9009)  roc_auc: 0.9970 (0.9335)  f1_weighted: 0.8539 (0.8058)  time: 0.0183  data: 0.0006  max mem: 20497
Passive Test:  [  4490/?]  eta: ?  loss: 0.5584 (0.7410)  accuracy: 0.8125 (0.8645)  balanced_accuracy: 0.7600 (0.8559)  pr_auc: 0.9692 (0.9008)  roc_auc: 0.9754 (0.9335)  f1_weighted: 0.8539 (0.8054)  time: 0.0182  data: 0.0005  max mem: 20497
Passive Test:  [  4500/?]  eta: ?  loss: 0.5584 (0.7415)  accuracy: 0.8125 (0.8645)  balanced_accuracy: 0.7600 (0.8558)  pr_auc: 0.9783 (0.9006)  roc_auc: 0.9856 (0.9334)  f1_weighted: 0.8539 (0.8052)  time: 0.0186  data: 0.0005  max mem: 20497
Passive Test:  [  4510/?]  eta: ?  loss: 0.8642 (0.7431)  accuracy: 0.7969 (0.8644)  balanced_accuracy: 0.7400 (0.8554)  pr_auc: 0.9137 (0.9004)  roc_auc: 0.8578 (0.9333)  f1_weighted: 0.7407 (0.8047)  time: 0.0182  data: 0.0003  max mem: 20497
Passive Test:  [  4520/?]  eta: ?  loss: 1.2254 (0.7446)  accuracy: 0.7969 (0.8643)  balanced_accuracy: 0.6703 (0.8551)  pr_auc: 0.8582 (0.9002)  roc_auc: 0.8472 (0.9331)  f1_weighted: 0.6835 (0.8043)  time: 0.0183  data: 0.0011  max mem: 20497
Passive Test:  [  4530/?]  eta: ?  loss: 1.2033 (0.7462)  accuracy: 0.7969 (0.8641)  balanced_accuracy: 0.6842 (0.8547)  pr_auc: 0.8468 (0.9000)  roc_auc: 0.8654 (0.9329)  f1_weighted: 0.6835 (0.8037)  time: 0.0187  data: 0.0017  max mem: 20497
Passive Test:  [  4540/?]  eta: ?  loss: 1.0215 (0.7477)  accuracy: 0.7969 (0.8639)  balanced_accuracy: 0.6842 (0.8545)  pr_auc: 0.9061 (0.9000)  roc_auc: 0.8725 (0.9328)  f1_weighted: 0.7407 (0.8035)  time: 0.0195  data: 0.0018  max mem: 20497
Passive Test:  [  4550/?]  eta: ?  loss: 0.9752 (0.7485)  accuracy: 0.7344 (0.8637)  balanced_accuracy: 0.6731 (0.8541)  pr_auc: 0.9228 (0.9001)  roc_auc: 0.9179 (0.9328)  f1_weighted: 0.7089 (0.8029)  time: 0.0193  data: 0.0016  max mem: 20497
Passive Test:  [  4560/?]  eta: ?  loss: 0.8237 (0.7493)  accuracy: 0.7969 (0.8636)  balanced_accuracy: 0.6711 (0.8537)  pr_auc: 0.9437 (0.9002)  roc_auc: 0.9453 (0.9328)  f1_weighted: 0.6087 (0.8023)  time: 0.0189  data: 0.0017  max mem: 20497
Passive Test:  [  4570/?]  eta: ?  loss: 0.7787 (0.7511)  accuracy: 0.7969 (0.8634)  balanced_accuracy: 0.6538 (0.8533)  pr_auc: 0.9500 (0.9001)  roc_auc: 0.9523 (0.9328)  f1_weighted: 0.4706 (0.8016)  time: 0.0189  data: 0.0016  max mem: 20497
Passive Test:  [  4580/?]  eta: ?  loss: 0.7056 (0.7520)  accuracy: 0.7969 (0.8633)  balanced_accuracy: 0.6579 (0.8530)  pr_auc: 0.9352 (0.9000)  roc_auc: 0.9523 (0.9327)  f1_weighted: 0.5000 (0.8011)  time: 0.0178  data: 0.0005  max mem: 20497
Passive Test:  [  4590/?]  eta: ?  loss: 0.6350 (0.7541)  accuracy: 0.7969 (0.8631)  balanced_accuracy: 0.6667 (0.8525)  pr_auc: 0.9345 (0.8998)  roc_auc: 0.9549 (0.9325)  f1_weighted: 0.5000 (0.8004)  time: 0.0176  data: 0.0003  max mem: 20497
Passive Test:  [  4600/?]  eta: ?  loss: 0.6350 (0.7553)  accuracy: 0.7812 (0.8630)  balanced_accuracy: 0.7105 (0.8522)  pr_auc: 0.9345 (0.8995)  roc_auc: 0.9362 (0.9323)  f1_weighted: 0.7000 (0.7999)  time: 0.0180  data: 0.0007  max mem: 20497
Passive Test:  [  4610/?]  eta: ?  loss: 0.5550 (0.7571)  accuracy: 0.8125 (0.8628)  balanced_accuracy: 0.7006 (0.8519)  pr_auc: 0.9386 (0.8994)  roc_auc: 0.8981 (0.9320)  f1_weighted: 0.7407 (0.7994)  time: 0.0182  data: 0.0008  max mem: 20497
Passive Test:  [  4620/?]  eta: ?  loss: 0.6147 (0.7574)  accuracy: 0.8438 (0.8627)  balanced_accuracy: 0.6927 (0.8517)  pr_auc: 0.9386 (0.8993)  roc_auc: 0.9216 (0.9320)  f1_weighted: 0.7442 (0.7991)  time: 0.0176  data: 0.0003  max mem: 20497
Passive Test:  [  4630/?]  eta: ?  loss: 0.6226 (0.7579)  accuracy: 0.8281 (0.8626)  balanced_accuracy: 0.7391 (0.8514)  pr_auc: 0.9462 (0.8992)  roc_auc: 0.9170 (0.9318)  f1_weighted: 0.7442 (0.7987)  time: 0.0176  data: 0.0003  max mem: 20497
Passive Test:  [  4640/?]  eta: ?  loss: 0.6376 (0.7590)  accuracy: 0.8125 (0.8625)  balanced_accuracy: 0.7391 (0.8511)  pr_auc: 0.9462 (0.8988)  roc_auc: 0.8175 (0.9315)  f1_weighted: 0.7619 (0.7981)  time: 0.0181  data: 0.0005  max mem: 20497
Passive Test:  [  4650/?]  eta: ?  loss: 0.9429 (0.7602)  accuracy: 0.7969 (0.8623)  balanced_accuracy: 0.6215 (0.8507)  pr_auc: 0.7334 (0.8983)  roc_auc: 0.8157 (0.9312)  f1_weighted: 0.4118 (0.7975)  time: 0.0183  data: 0.0008  max mem: 20497
Passive Test:  [  4660/?]  eta: ?  loss: 0.9429 (0.7614)  accuracy: 0.7812 (0.8623)  balanced_accuracy: 0.7115 (0.8504)  pr_auc: 0.7839 (0.8978)  roc_auc: 0.8138 (0.9308)  f1_weighted: 0.5946 (0.7968)  time: 0.0188  data: 0.0013  max mem: 20497
Passive Test:  [  4670/?]  eta: ?  loss: 0.7952 (0.7623)  accuracy: 0.7812 (0.8621)  balanced_accuracy: 0.7115 (0.8500)  pr_auc: 0.8067 (0.8974)  roc_auc: 0.8398 (0.9305)  f1_weighted: 0.5946 (0.7962)  time: 0.0193  data: 0.0019  max mem: 20497
Passive Test:  [  4680/?]  eta: ?  loss: 0.7271 (0.7635)  accuracy: 0.7969 (0.8620)  balanced_accuracy: 0.6800 (0.8495)  pr_auc: 0.8067 (0.8969)  roc_auc: 0.8937 (0.9302)  f1_weighted: 0.5294 (0.7954)  time: 0.0194  data: 0.0020  max mem: 20497
Passive Test:  [  4690/?]  eta: ?  loss: 0.5752 (0.7645)  accuracy: 0.8125 (0.8619)  balanced_accuracy: 0.6727 (0.8492)  pr_auc: 0.6763 (0.8963)  roc_auc: 0.8887 (0.9299)  f1_weighted: 0.5000 (0.7947)  time: 0.0192  data: 0.0015  max mem: 20497
Passive Test:  [  4700/?]  eta: ?  loss: 0.5646 (0.7657)  accuracy: 0.8125 (0.8619)  balanced_accuracy: 0.5385 (0.8488)  pr_auc: 0.6837 (0.8958)  roc_auc: 0.8887 (0.9295)  f1_weighted: 0.1429 (0.7939)  time: 0.0188  data: 0.0012  max mem: 20497
Passive Test:  [  4710/?]  eta: ?  loss: 0.6960 (0.7666)  accuracy: 0.8125 (0.8619)  balanced_accuracy: 0.5385 (0.8485)  pr_auc: 0.7145 (0.8954)  roc_auc: 0.8974 (0.9292)  f1_weighted: 0.1429 (0.7932)  time: 0.0185  data: 0.0008  max mem: 20497
Passive Test:  [  4720/?]  eta: ?  loss: 0.6960 (0.7683)  accuracy: 0.8125 (0.8618)  balanced_accuracy: 0.5385 (0.8481)  pr_auc: 0.7145 (0.8947)  roc_auc: 0.8670 (0.9287)  f1_weighted: 0.1429 (0.7924)  time: 0.0181  data: 0.0004  max mem: 20497
Passive Test:  [  4730/?]  eta: ?  loss: 0.5851 (0.7694)  accuracy: 0.8125 (0.8618)  balanced_accuracy: 0.5000 (0.8478)  pr_auc: 0.5651 (0.8942)  roc_auc: 0.8281 (0.9283)  f1_weighted: 0.0000 (0.7917)  time: 0.0182  data: 0.0005  max mem: 20497
Passive Test:  [  4740/?]  eta: ?  loss: 0.5059 (0.7708)  accuracy: 0.8125 (0.8618)  balanced_accuracy: 0.5000 (0.8475)  pr_auc: 0.5651 (0.8935)  roc_auc: 0.8281 (0.9277)  f1_weighted: 0.0000 (0.7909)  time: 0.0187  data: 0.0011  max mem: 20497
Passive Test:  [  4750/?]  eta: ?  loss: 0.5059 (0.7716)  accuracy: 0.8438 (0.8618)  balanced_accuracy: 0.6154 (0.8472)  pr_auc: 0.6762 (0.8929)  roc_auc: 0.8446 (0.9275)  f1_weighted: 0.3750 (0.7903)  time: 0.0187  data: 0.0011  max mem: 20497
Passive Test:  [  4760/?]  eta: ?  loss: 0.4772 (0.7716)  accuracy: 0.8438 (0.8617)  balanced_accuracy: 0.6250 (0.8469)  pr_auc: 0.9257 (0.8928)  roc_auc: 0.9636 (0.9275)  f1_weighted: 0.4000 (0.7897)  time: 0.0183  data: 0.0007  max mem: 20497
Passive Test:  [  4770/?]  eta: ?  loss: 0.4772 (0.7717)  accuracy: 0.8438 (0.8618)  balanced_accuracy: 0.6250 (0.8466)  pr_auc: 0.9257 (0.8926)  roc_auc: 0.9636 (0.9274)  f1_weighted: 0.4000 (0.7891)  time: 0.0184  data: 0.0010  max mem: 20497
Passive Test:  [  4780/?]  eta: ?  loss: 0.4481 (0.7720)  accuracy: 0.8438 (0.8618)  balanced_accuracy: 0.5833 (0.8463)  pr_auc: 0.9454 (0.8924)  roc_auc: 0.9744 (0.9273)  f1_weighted: 0.2857 (0.7885)  time: 0.0184  data: 0.0009  max mem: 20497
Passive Test:  [  4790/?]  eta: ?  loss: 0.6697 (0.7723)  accuracy: 0.8438 (0.8618)  balanced_accuracy: 0.5833 (0.8460)  pr_auc: 0.9589 (0.8922)  roc_auc: 0.9744 (0.9273)  f1_weighted: 0.2857 (0.7878)  time: 0.0182  data: 0.0005  max mem: 20497
Passive Test:  [  4800/?]  eta: ?  loss: 0.9164 (0.7728)  accuracy: 0.8281 (0.8617)  balanced_accuracy: 0.5769 (0.8455)  pr_auc: 0.9723 (0.8922)  roc_auc: 0.9889 (0.9274)  f1_weighted: 0.2667 (0.7868)  time: 0.0192  data: 0.0017  max mem: 20497
Passive Test:  [  4810/?]  eta: ?  loss: 0.9164 (0.7735)  accuracy: 0.7969 (0.8616)  balanced_accuracy: 0.6346 (0.8452)  pr_auc: 0.9936 (0.8920)  roc_auc: 0.9929 (0.9274)  f1_weighted: 0.4242 (0.7862)  time: 0.0194  data: 0.0022  max mem: 20497
Passive Test:  [  4820/?]  eta: ?  loss: 0.3981 (0.7741)  accuracy: 0.7969 (0.8615)  balanced_accuracy: 0.6731 (0.8449)  pr_auc: 0.9908 (0.8920)  roc_auc: 0.9877 (0.9274)  f1_weighted: 0.5143 (0.7856)  time: 0.0185  data: 0.0012  max mem: 20497
Passive Test:  [  4830/?]  eta: ?  loss: 0.5523 (0.7753)  accuracy: 0.7969 (0.8615)  balanced_accuracy: 0.6200 (0.8446)  pr_auc: 0.9679 (0.8917)  roc_auc: 0.9508 (0.9274)  f1_weighted: 0.3871 (0.7849)  time: 0.0182  data: 0.0008  max mem: 20497
Passive Test:  [  4840/?]  eta: ?  loss: 0.4475 (0.7750)  accuracy: 0.8594 (0.8615)  balanced_accuracy: 0.6538 (0.8444)  pr_auc: 0.9493 (0.8917)  roc_auc: 0.9612 (0.9275)  f1_weighted: 0.4706 (0.7845)  time: 0.0180  data: 0.0007  max mem: 20497
Passive Test:  [  4850/?]  eta: ?  loss: 0.4681 (0.7742)  accuracy: 0.8906 (0.8615)  balanced_accuracy: 0.7885 (0.8443)  pr_auc: 0.9493 (0.8917)  roc_auc: 0.9646 (0.9275)  f1_weighted: 0.7273 (0.7845)  time: 0.0183  data: 0.0010  max mem: 20497
Passive Test:  [  4860/?]  eta: ?  loss: 0.4766 (0.7734)  accuracy: 0.8750 (0.8616)  balanced_accuracy: 0.8006 (0.8443)  pr_auc: 0.9603 (0.8917)  roc_auc: 0.9653 (0.9276)  f1_weighted: 0.8000 (0.7845)  time: 0.0186  data: 0.0013  max mem: 20497
Passive Test:  [  4870/?]  eta: ?  loss: 0.4790 (0.7728)  accuracy: 0.8594 (0.8616)  balanced_accuracy: 0.8289 (0.8443)  pr_auc: 0.8945 (0.8917)  roc_auc: 0.9631 (0.9277)  f1_weighted: 0.8000 (0.7844)  time: 0.0184  data: 0.0010  max mem: 20497
Passive Test:  [  4880/?]  eta: ?  loss: 0.4061 (0.7717)  accuracy: 0.8906 (0.8617)  balanced_accuracy: 0.8265 (0.8443)  pr_auc: 0.8849 (0.8917)  roc_auc: 0.9610 (0.9277)  f1_weighted: 0.7500 (0.7844)  time: 0.0183  data: 0.0015  max mem: 20497
Passive Test:  [  4890/?]  eta: ?  loss: 0.0553 (0.7708)  accuracy: 0.9062 (0.8618)  balanced_accuracy: 0.8421 (0.8443)  pr_auc: 0.9253 (0.8917)  roc_auc: 0.9662 (0.9278)  f1_weighted: 0.8125 (0.7844)  time: 0.0179  data: 0.0021  max mem: 20497
Passive Test:  [  4900/?]  eta: ?  loss: 0.0553 (0.7700)  accuracy: 0.9531 (0.8620)  balanced_accuracy: 0.8718 (0.8442)  pr_auc: 0.9882 (0.8915)  roc_auc: 0.9918 (0.9277)  f1_weighted: 0.8333 (0.7842)  time: 0.0181  data: 0.0024  max mem: 20497
Passive Test:  [  4910/?]  eta: ?  loss: 0.1197 (0.7692)  accuracy: 0.9531 (0.8621)  balanced_accuracy: 0.9412 (0.8442)  pr_auc: 1.0000 (0.8914)  roc_auc: 1.0000 (0.9278)  f1_weighted: 0.8387 (0.7841)  time: 0.0182  data: 0.0023  max mem: 20497
Passive Test:  [  4920/?]  eta: ?  loss: 0.1319 (0.7685)  accuracy: 0.9531 (0.8622)  balanced_accuracy: 0.9510 (0.8442)  pr_auc: 1.0000 (0.8913)  roc_auc: 1.0000 (0.9278)  f1_weighted: 0.8387 (0.7838)  time: 0.0184  data: 0.0024  max mem: 20497
Passive Test:  [  4930/?]  eta: ?  loss: 0.0767 (0.7674)  accuracy: 0.9688 (0.8624)  balanced_accuracy: 0.9510 (0.8442)  pr_auc: 1.0000 (0.8913)  roc_auc: 1.0000 (0.9278)  f1_weighted: 0.8387 (0.7838)  time: 0.0186  data: 0.0027  max mem: 20497
Passive Test:  [  4940/?]  eta: ?  loss: 0.0390 (0.7665)  accuracy: 0.9688 (0.8625)  balanced_accuracy: 0.9608 (0.8442)  pr_auc: 1.0000 (0.8913)  roc_auc: 1.0000 (0.9279)  f1_weighted: 0.8667 (0.7837)  time: 0.0183  data: 0.0025  max mem: 20497
Passive Test:  [  4950/?]  eta: ?  loss: 0.0111 (0.7654)  accuracy: 0.9688 (0.8627)  balanced_accuracy: 0.9519 (0.8443)  pr_auc: 1.0000 (0.8914)  roc_auc: 1.0000 (0.9280)  f1_weighted: 0.8276 (0.7837)  time: 0.0184  data: 0.0025  max mem: 20497
Passive Test:  [  4960/?]  eta: ?  loss: 0.0649 (0.7643)  accuracy: 0.9688 (0.8628)  balanced_accuracy: 0.9216 (0.8444)  pr_auc: 1.0000 (0.8915)  roc_auc: 1.0000 (0.9281)  f1_weighted: 0.8276 (0.7838)  time: 0.0181  data: 0.0022  max mem: 20497
Passive Test:  [  4970/?]  eta: ?  loss: 0.0649 (0.7642)  accuracy: 0.9375 (0.8629)  balanced_accuracy: 0.7692 (0.8441)  pr_auc: 0.9792 (0.8911)  roc_auc: 0.9936 (0.9280)  f1_weighted: 0.6842 (0.7832)  time: 0.0177  data: 0.0018  max mem: 20497
Passive Test:  [  4980/?]  eta: ?  loss: 0.0420 (0.7642)  accuracy: 0.9062 (0.8630)  balanced_accuracy: 0.7308 (0.8439)  pr_auc: 0.8490 (0.8908)  roc_auc: 0.9600 (0.9279)  f1_weighted: 0.6316 (0.7827)  time: 0.0181  data: 0.0022  max mem: 20497
Passive Test:  [  4990/?]  eta: ?  loss: 0.1178 (0.7645)  accuracy: 0.9062 (0.8630)  balanced_accuracy: 0.5664 (0.8436)  pr_auc: 0.6982 (0.8904)  roc_auc: 0.8929 (0.9278)  f1_weighted: 0.2857 (0.7821)  time: 0.0185  data: 0.0026  max mem: 20497
Passive Test:  [  5000/?]  eta: ?  loss: 0.1217 (0.7646)  accuracy: 0.9062 (0.8630)  balanced_accuracy: 0.6154 (0.8433)  pr_auc: 0.7402 (0.8900)  roc_auc: 0.9186 (0.9276)  f1_weighted: 0.3750 (0.7817)  time: 0.0191  data: 0.0033  max mem: 20497
Passive Test:  [  5010/?]  eta: ?  loss: 0.1351 (0.7654)  accuracy: 0.9062 (0.8630)  balanced_accuracy: 0.6154 (0.8431)  pr_auc: 0.7402 (0.8895)  roc_auc: 0.9186 (0.9274)  f1_weighted: 0.3750 (0.7810)  time: 0.0194  data: 0.0028  max mem: 20497
Passive Test:  [  5020/?]  eta: ?  loss: 0.1470 (0.7662)  accuracy: 0.7969 (0.8630)  balanced_accuracy: 0.5287 (0.8428)  pr_auc: 0.4197 (0.8890)  roc_auc: 0.7308 (0.9272)  f1_weighted: 0.1333 (0.7804)  time: 0.0191  data: 0.0020  max mem: 20497
Passive Test:  [  5030/?]  eta: ?  loss: 0.1470 (0.7670)  accuracy: 0.8125 (0.8629)  balanced_accuracy: 0.5385 (0.8425)  pr_auc: 0.6607 (0.8885)  roc_auc: 0.8801 (0.9270)  f1_weighted: 0.1429 (0.7798)  time: 0.0189  data: 0.0018  max mem: 20497
Passive Test:  [  5040/?]  eta: ?  loss: 0.1418 (0.7678)  accuracy: 0.8125 (0.8629)  balanced_accuracy: 0.5385 (0.8423)  pr_auc: 0.6607 (0.8881)  roc_auc: 0.8801 (0.9268)  f1_weighted: 0.1429 (0.7792)  time: 0.0186  data: 0.0014  max mem: 20497
Passive Test:  [  5050/?]  eta: ?  loss: 0.1418 (0.7684)  accuracy: 0.8125 (0.8628)  balanced_accuracy: 0.5385 (0.8420)  pr_auc: 0.5536 (0.8876)  roc_auc: 0.8401 (0.9265)  f1_weighted: 0.1429 (0.7787)  time: 0.0183  data: 0.0010  max mem: 20497
Passive Test:  [  5060/?]  eta: ?  loss: 0.0977 (0.7684)  accuracy: 0.8125 (0.8627)  balanced_accuracy: 0.5729 (0.8418)  pr_auc: 0.5249 (0.8872)  roc_auc: 0.8145 (0.9263)  f1_weighted: 0.2857 (0.7783)  time: 0.0175  data: 0.0004  max mem: 20497
Passive Test:  [  5070/?]  eta: ?  loss: 0.0977 (0.7689)  accuracy: 0.7656 (0.8626)  balanced_accuracy: 0.9688 (0.8418)  pr_auc: 1.0000 (0.8870)  roc_auc: 1.0000 (0.9262)  f1_weighted: 0.9677 (0.7783)  time: 0.0174  data: 0.0012  max mem: 20497
Passive Test:  [  5080/?]  eta: ?  loss: 0.0197 (0.7701)  accuracy: 0.6719 (0.8624)  balanced_accuracy: 0.9896 (0.8417)  pr_auc: 1.0000 (0.8867)  roc_auc: 1.0000 (0.9259)  f1_weighted: 0.9697 (0.7781)  time: 0.0183  data: 0.0025  max mem: 20497
Passive Test:  [  5090/?]  eta: ?  loss: 0.0208 (0.7701)  accuracy: 0.8594 (0.8624)  balanced_accuracy: 1.0000 (0.8417)  pr_auc: 1.0000 (0.8867)  roc_auc: 1.0000 (0.9259)  f1_weighted: 1.0000 (0.7782)  time: 0.0180  data: 0.0024  max mem: 20497
Passive Test:  [  5100/?]  eta: ?  loss: 0.0643 (0.7705)  accuracy: 0.8594 (0.8624)  balanced_accuracy: 1.0000 (0.8419)  pr_auc: 1.0000 (0.8868)  roc_auc: 1.0000 (0.9260)  f1_weighted: 1.0000 (0.7784)  time: 0.0177  data: 0.0029  max mem: 20497
Passive Test:  [  5110/?]  eta: ?  loss: 0.0846 (0.7701)  accuracy: 0.9219 (0.8625)  balanced_accuracy: 1.0000 (0.8421)  pr_auc: 1.0000 (0.8869)  roc_auc: 1.0000 (0.9261)  f1_weighted: 1.0000 (0.7786)  time: 0.0180  data: 0.0033  max mem: 20497
Passive Test:  [  5120/?]  eta: ?  loss: 0.0846 (0.7701)  accuracy: 0.9688 (0.8626)  balanced_accuracy: 1.0000 (0.8422)  pr_auc: 1.0000 (0.8870)  roc_auc: 1.0000 (0.9262)  f1_weighted: 1.0000 (0.7789)  time: 0.0182  data: 0.0035  max mem: 20497
Passive Test:  [  5130/?]  eta: ?  loss: 0.0445 (0.7696)  accuracy: 0.9844 (0.8628)  balanced_accuracy: 1.0000 (0.8424)  pr_auc: 1.0000 (0.8872)  roc_auc: 1.0000 (0.9263)  f1_weighted: 1.0000 (0.7791)  time: 0.0184  data: 0.0038  max mem: 20497
Passive Test:  [  5140/?]  eta: ?  loss: 0.0343 (0.7695)  accuracy: 0.9844 (0.8629)  balanced_accuracy: 1.0000 (0.8426)  pr_auc: 1.0000 (0.8873)  roc_auc: 1.0000 (0.9264)  f1_weighted: 1.0000 (0.7794)  time: 0.0180  data: 0.0029  max mem: 20497
Passive Test:  [  5150/?]  eta: ?  loss: 0.0076 (0.7690)  accuracy: 1.0000 (0.8630)  balanced_accuracy: 1.0000 (0.8429)  pr_auc: 1.0000 (0.8875)  roc_auc: 1.0000 (0.9265)  f1_weighted: 1.0000 (0.7798)  time: 0.0183  data: 0.0025  max mem: 20497
Passive Test:  [  5160/?]  eta: ?  loss: 0.0061 (0.7691)  accuracy: 1.0000 (0.8632)  balanced_accuracy: 1.0000 (0.8431)  pr_auc: 1.0000 (0.8877)  roc_auc: 1.0000 (0.9266)  f1_weighted: 1.0000 (0.7801)  time: 0.0185  data: 0.0027  max mem: 20497
Passive Test:  [  5170/?]  eta: ?  loss: 0.0015 (0.7684)  accuracy: 1.0000 (0.8633)  balanced_accuracy: 1.0000 (0.8434)  pr_auc: 1.0000 (0.8879)  roc_auc: 1.0000 (0.9267)  f1_weighted: 1.0000 (0.7804)  time: 0.0184  data: 0.0025  max mem: 20497
Passive Test:  [  5180/?]  eta: ?  loss: 0.0016 (0.7683)  accuracy: 1.0000 (0.8635)  balanced_accuracy: 1.0000 (0.8436)  pr_auc: 1.0000 (0.8880)  roc_auc: 1.0000 (0.9268)  f1_weighted: 1.0000 (0.7808)  time: 0.0183  data: 0.0024  max mem: 20497
Passive Test:  [  5190/?]  eta: ?  loss: 0.0025 (0.7679)  accuracy: 1.0000 (0.8636)  balanced_accuracy: 1.0000 (0.8438)  pr_auc: 1.0000 (0.8882)  roc_auc: 1.0000 (0.9269)  f1_weighted: 1.0000 (0.7811)  time: 0.0178  data: 0.0022  max mem: 20497
Passive Test:  [  5200/?]  eta: ?  loss: 0.0029 (0.7678)  accuracy: 1.0000 (0.8637)  balanced_accuracy: 1.0000 (0.8440)  pr_auc: 1.0000 (0.8883)  roc_auc: 1.0000 (0.9270)  f1_weighted: 1.0000 (0.7813)  time: 0.0175  data: 0.0027  max mem: 20497
Passive Test:  [  5210/?]  eta: ?  loss: 0.0035 (0.7673)  accuracy: 0.9844 (0.8639)  balanced_accuracy: 1.0000 (0.8441)  pr_auc: 1.0000 (0.8884)  roc_auc: 1.0000 (0.9271)  f1_weighted: 1.0000 (0.7815)  time: 0.0178  data: 0.0032  max mem: 20497
Passive Test:  [  5220/?]  eta: ?  loss: 0.0285 (0.7672)  accuracy: 0.9844 (0.8640)  balanced_accuracy: 1.0000 (0.8443)  pr_auc: 1.0000 (0.8885)  roc_auc: 1.0000 (0.9271)  f1_weighted: 1.0000 (0.7817)  time: 0.0179  data: 0.0033  max mem: 20497
Passive Test:  [  5230/?]  eta: ?  loss: 0.0072 (0.7664)  accuracy: 0.9844 (0.8641)  balanced_accuracy: 1.0000 (0.8445)  pr_auc: 1.0000 (0.8887)  roc_auc: 1.0000 (0.9272)  f1_weighted: 1.0000 (0.7820)  time: 0.0184  data: 0.0036  max mem: 20497
Passive Test:  [  5240/?]  eta: ?  loss: 0.0469 (0.7662)  accuracy: 0.9844 (0.8642)  balanced_accuracy: 1.0000 (0.8446)  pr_auc: 1.0000 (0.8888)  roc_auc: 1.0000 (0.9273)  f1_weighted: 1.0000 (0.7821)  time: 0.0185  data: 0.0038  max mem: 20497
Passive Test:  [  5250/?]  eta: ?  loss: 0.0942 (0.7657)  accuracy: 0.9219 (0.8643)  balanced_accuracy: 1.0000 (0.8448)  pr_auc: 1.0000 (0.8889)  roc_auc: 1.0000 (0.9274)  f1_weighted: 1.0000 (0.7824)  time: 0.0184  data: 0.0035  max mem: 20497
Passive Test:  [  5260/?]  eta: ?  loss: 0.0942 (0.7658)  accuracy: 0.8594 (0.8643)  balanced_accuracy: 1.0000 (0.8449)  pr_auc: 1.0000 (0.8890)  roc_auc: 1.0000 (0.9274)  f1_weighted: 1.0000 (0.7826)  time: 0.0182  data: 0.0033  max mem: 20497
Passive Test:  [  5270/?]  eta: ?  loss: 0.0089 (0.7650)  accuracy: 0.8438 (0.8644)  balanced_accuracy: 1.0000 (0.8451)  pr_auc: 1.0000 (0.8891)  roc_auc: 1.0000 (0.9275)  f1_weighted: 1.0000 (0.7828)  time: 0.0181  data: 0.0035  max mem: 20497
Passive Test:  [  5280/?]  eta: ?  loss: 0.0211 (0.7646)  accuracy: 0.9688 (0.8644)  balanced_accuracy: 1.0000 (0.8452)  pr_auc: 1.0000 (0.8892)  roc_auc: 1.0000 (0.9276)  f1_weighted: 1.0000 (0.7830)  time: 0.0192  data: 0.0046  max mem: 20497
Passive Test:  [  5290/?]  eta: ?  loss: 0.0374 (0.7636)  accuracy: 0.9844 (0.8646)  balanced_accuracy: 1.0000 (0.8454)  pr_auc: 1.0000 (0.8893)  roc_auc: 1.0000 (0.9277)  f1_weighted: 1.0000 (0.7833)  time: 0.0190  data: 0.0045  max mem: 20497
Passive Test:  [  5300/?]  eta: ?  loss: 0.0240 (0.7628)  accuracy: 0.9844 (0.8647)  balanced_accuracy: 1.0000 (0.8455)  pr_auc: 1.0000 (0.8894)  roc_auc: 1.0000 (0.9277)  f1_weighted: 1.0000 (0.7834)  time: 0.0197  data: 0.0054  max mem: 20497
Passive Test:  [  5310/?]  eta: ?  loss: 0.0035 (0.7621)  accuracy: 1.0000 (0.8649)  balanced_accuracy: 1.0000 (0.8457)  pr_auc: 1.0000 (0.8896)  roc_auc: 1.0000 (0.9278)  f1_weighted: 1.0000 (0.7837)  time: 0.0206  data: 0.0062  max mem: 20497
Passive Test:  [  5320/?]  eta: ?  loss: 0.0019 (0.7620)  accuracy: 1.0000 (0.8650)  balanced_accuracy: 1.0000 (0.8458)  pr_auc: 1.0000 (0.8897)  roc_auc: 1.0000 (0.9279)  f1_weighted: 1.0000 (0.7838)  time: 0.0200  data: 0.0054  max mem: 20497
Passive Test:  [  5330/?]  eta: ?  loss: 0.0557 (0.7615)  accuracy: 0.9375 (0.8650)  balanced_accuracy: 1.0000 (0.8459)  pr_auc: 1.0000 (0.8897)  roc_auc: 1.0000 (0.9280)  f1_weighted: 1.0000 (0.7839)  time: 0.0202  data: 0.0054  max mem: 20497
Passive Test:  [  5340/?]  eta: ?  loss: 0.0860 (0.7604)  accuracy: 0.9375 (0.8652)  balanced_accuracy: 0.9375 (0.8461)  pr_auc: 0.9982 (0.8899)  roc_auc: 0.9980 (0.9281)  f1_weighted: 0.9412 (0.7842)  time: 0.0206  data: 0.0044  max mem: 20497
Passive Test:  [  5350/?]  eta: ?  loss: 0.0613 (0.7591)  accuracy: 0.9688 (0.8654)  balanced_accuracy: 0.9688 (0.8463)  pr_auc: 1.0000 (0.8901)  roc_auc: 1.0000 (0.9282)  f1_weighted: 0.9412 (0.7845)  time: 0.0198  data: 0.0028  max mem: 20497
Passive Test:  [  5360/?]  eta: ?  loss: 0.0302 (0.7578)  accuracy: 0.9844 (0.8656)  balanced_accuracy: 0.9896 (0.8465)  pr_auc: 1.0000 (0.8903)  roc_auc: 1.0000 (0.9284)  f1_weighted: 0.9697 (0.7849)  time: 0.0184  data: 0.0008  max mem: 20497
Passive Test:  [  5370/?]  eta: ?  loss: 0.0302 (0.7567)  accuracy: 0.9844 (0.8658)  balanced_accuracy: 0.9844 (0.8467)  pr_auc: 1.0000 (0.8905)  roc_auc: 1.0000 (0.9285)  f1_weighted: 0.9697 (0.7852)  time: 0.0187  data: 0.0011  max mem: 20497
Passive Test:  [  5380/?]  eta: ?  loss: 0.0975 (0.7556)  accuracy: 0.9688 (0.8659)  balanced_accuracy: 0.9375 (0.8469)  pr_auc: 1.0000 (0.8907)  roc_auc: 1.0000 (0.9286)  f1_weighted: 0.9333 (0.7854)  time: 0.0197  data: 0.0024  max mem: 20497
Passive Test:  [  5390/?]  eta: ?  loss: 0.1294 (0.7546)  accuracy: 0.9375 (0.8659)  balanced_accuracy: 0.9167 (0.8469)  pr_auc: 1.0000 (0.8908)  roc_auc: 1.0000 (0.9287)  f1_weighted: 0.9091 (0.7855)  time: 0.0195  data: 0.0021  max mem: 20497
Passive Test:  [  5400/?]  eta: ?  loss: 0.1569 (0.7536)  accuracy: 0.9219 (0.8660)  balanced_accuracy: 0.9062 (0.8471)  pr_auc: 0.9987 (0.8910)  roc_auc: 0.9987 (0.9289)  f1_weighted: 0.8966 (0.7857)  time: 0.0185  data: 0.0011  max mem: 20497
Passive Test:  [  5410/?]  eta: ?  loss: 0.1710 (0.7530)  accuracy: 0.9219 (0.8660)  balanced_accuracy: 0.9062 (0.8471)  pr_auc: 1.0000 (0.8912)  roc_auc: 1.0000 (0.9290)  f1_weighted: 0.8966 (0.7857)  time: 0.0191  data: 0.0016  max mem: 20497
Passive Test:  [  5420/?]  eta: ?  loss: 0.1396 (0.7522)  accuracy: 0.8281 (0.8660)  balanced_accuracy: 0.8854 (0.8473)  pr_auc: 1.0000 (0.8915)  roc_auc: 1.0000 (0.9291)  f1_weighted: 0.8667 (0.7859)  time: 0.0191  data: 0.0017  max mem: 20497
Passive Test:  [  5430/?]  eta: ?  loss: 0.0787 (0.7513)  accuracy: 0.8594 (0.8660)  balanced_accuracy: 0.9062 (0.8475)  pr_auc: 1.0000 (0.8917)  roc_auc: 1.0000 (0.9293)  f1_weighted: 0.8966 (0.7861)  time: 0.0184  data: 0.0010  max mem: 20497
Passive Test:  [  5440/?]  eta: ?  loss: 0.0052 (0.7504)  accuracy: 0.8750 (0.8661)  balanced_accuracy: 0.9167 (0.8476)  pr_auc: 1.0000 (0.8919)  roc_auc: 1.0000 (0.9294)  f1_weighted: 0.9091 (0.7863)  time: 0.0183  data: 0.0009  max mem: 20497
Passive Test:  [  5450/?]  eta: ?  loss: 0.0058 (0.7495)  accuracy: 0.8750 (0.8661)  balanced_accuracy: 0.9167 (0.8478)  pr_auc: 1.0000 (0.8921)  roc_auc: 1.0000 (0.9295)  f1_weighted: 0.9091 (0.7865)  time: 0.0183  data: 0.0009  max mem: 20497
Passive Test:  [  5460/?]  eta: ?  loss: 0.0058 (0.7490)  accuracy: 0.8281 (0.8661)  balanced_accuracy: 0.8854 (0.8479)  pr_auc: 1.0000 (0.8923)  roc_auc: 1.0000 (0.9296)  f1_weighted: 0.8736 (0.7866)  time: 0.0184  data: 0.0008  max mem: 20497
Passive Test:  [  5470/?]  eta: ?  loss: 0.0340 (0.7485)  accuracy: 0.7500 (0.8661)  balanced_accuracy: 0.8333 (0.8480)  pr_auc: 1.0000 (0.8925)  roc_auc: 1.0000 (0.9298)  f1_weighted: 0.7692 (0.7867)  time: 0.0181  data: 0.0005  max mem: 20497
Passive Test:  [  5480/?]  eta: ?  loss: 0.0340 (0.7476)  accuracy: 0.8281 (0.8661)  balanced_accuracy: 0.8854 (0.8481)  pr_auc: 1.0000 (0.8927)  roc_auc: 1.0000 (0.9299)  f1_weighted: 0.8706 (0.7869)  time: 0.0179  data: 0.0003  max mem: 20497
Passive Test:  [  5490/?]  eta: ?  loss: 0.0872 (0.7470)  accuracy: 0.8281 (0.8661)  balanced_accuracy: 0.8854 (0.8482)  pr_auc: 1.0000 (0.8929)  roc_auc: 1.0000 (0.9300)  f1_weighted: 0.8706 (0.7870)  time: 0.0182  data: 0.0006  max mem: 20497
Passive Test:  [  5500/?]  eta: ?  loss: 0.1079 (0.7459)  accuracy: 0.9531 (0.8662)  balanced_accuracy: 0.9688 (0.8483)  pr_auc: 1.0000 (0.8931)  roc_auc: 1.0000 (0.9301)  f1_weighted: 0.9677 (0.7873)  time: 0.0183  data: 0.0008  max mem: 20497
Passive Test:  [  5510/?]  eta: ?  loss: 0.1128 (0.7452)  accuracy: 0.9531 (0.8662)  balanced_accuracy: 0.9688 (0.8484)  pr_auc: 1.0000 (0.8933)  roc_auc: 1.0000 (0.9302)  f1_weighted: 0.9333 (0.7874)  time: 0.0183  data: 0.0012  max mem: 20497
Passive Test:  [  5520/?]  eta: ?  loss: 0.2150 (0.7450)  accuracy: 0.8594 (0.8661)  balanced_accuracy: 0.8542 (0.8483)  pr_auc: 0.9987 (0.8934)  roc_auc: 0.9961 (0.9303)  f1_weighted: 0.8148 (0.7875)  time: 0.0182  data: 0.0019  max mem: 20497
Passive Test:  [  5530/?]  eta: ?  loss: 0.2935 (0.7443)  accuracy: 0.7969 (0.8661)  balanced_accuracy: 0.8333 (0.8482)  pr_auc: 0.9896 (0.8935)  roc_auc: 0.9805 (0.9303)  f1_weighted: 0.8000 (0.7875)  time: 0.0181  data: 0.0021  max mem: 20497
Passive Test:  [  5540/?]  eta: ?  loss: 0.2935 (0.7436)  accuracy: 0.7969 (0.8660)  balanced_accuracy: 0.8438 (0.8482)  pr_auc: 0.9938 (0.8937)  roc_auc: 0.9844 (0.9304)  f1_weighted: 0.7848 (0.7875)  time: 0.0188  data: 0.0028  max mem: 20497
Passive Test:  [  5550/?]  eta: ?  loss: 0.2324 (0.7430)  accuracy: 0.7969 (0.8660)  balanced_accuracy: 0.8438 (0.8482)  pr_auc: 0.9924 (0.8938)  roc_auc: 0.9857 (0.9305)  f1_weighted: 0.8000 (0.7876)  time: 0.0188  data: 0.0027  max mem: 20497
Passive Test:  [  5560/?]  eta: ?  loss: 0.3380 (0.7426)  accuracy: 0.7812 (0.8659)  balanced_accuracy: 0.8542 (0.8483)  pr_auc: 0.9982 (0.8940)  roc_auc: 0.9974 (0.9306)  f1_weighted: 0.8148 (0.7876)  time: 0.0184  data: 0.0023  max mem: 20497
Passive Test:  [  5570/?]  eta: ?  loss: 0.3099 (0.7420)  accuracy: 0.7812 (0.8659)  balanced_accuracy: 0.8438 (0.8483)  pr_auc: 1.0000 (0.8941)  roc_auc: 1.0000 (0.9307)  f1_weighted: 0.8148 (0.7876)  time: 0.0187  data: 0.0026  max mem: 20497
Passive Test:  [  5580/?]  eta: ?  loss: 0.3062 (0.7418)  accuracy: 0.7500 (0.8657)  balanced_accuracy: 0.8333 (0.8483)  pr_auc: 1.0000 (0.8942)  roc_auc: 1.0000 (0.9308)  f1_weighted: 0.6667 (0.7876)  time: 0.0182  data: 0.0021  max mem: 20497
Passive Test:  [  5590/?]  eta: ?  loss: 0.3019 (0.7411)  accuracy: 0.7656 (0.8657)  balanced_accuracy: 0.8333 (0.8483)  pr_auc: 1.0000 (0.8944)  roc_auc: 1.0000 (0.9308)  f1_weighted: 0.6667 (0.7876)  time: 0.0181  data: 0.0022  max mem: 20497
Passive Test:  [  5600/?]  eta: ?  loss: 0.2916 (0.7406)  accuracy: 0.7969 (0.8656)  balanced_accuracy: 0.8333 (0.8484)  pr_auc: 1.0000 (0.8945)  roc_auc: 1.0000 (0.9309)  f1_weighted: 0.7037 (0.7876)  time: 0.0186  data: 0.0028  max mem: 20497
Passive Test:  [  5610/?]  eta: ?  loss: 0.2519 (0.7396)  accuracy: 0.7969 (0.8656)  balanced_accuracy: 0.8333 (0.8485)  pr_auc: 1.0000 (0.8947)  roc_auc: 1.0000 (0.9310)  f1_weighted: 0.7925 (0.7877)  time: 0.0186  data: 0.0028  max mem: 20497
Passive Test:  [  5620/?]  eta: ?  loss: 0.2505 (0.7387)  accuracy: 0.7812 (0.8656)  balanced_accuracy: 0.9531 (0.8486)  pr_auc: 1.0000 (0.8948)  roc_auc: 1.0000 (0.9311)  f1_weighted: 0.9508 (0.7879)  time: 0.0184  data: 0.0026  max mem: 20497
Passive Test:  [  5630/?]  eta: ?  loss: 0.0749 (0.7377)  accuracy: 0.7656 (0.8656)  balanced_accuracy: 0.9844 (0.8488)  pr_auc: 1.0000 (0.8950)  roc_auc: 1.0000 (0.9312)  f1_weighted: 0.9841 (0.7880)  time: 0.0181  data: 0.0022  max mem: 20497
Passive Test:  [  5640/?]  eta: ?  loss: 0.0749 (0.7368)  accuracy: 0.7656 (0.8655)  balanced_accuracy: 1.0000 (0.8489)  pr_auc: 1.0000 (0.8951)  roc_auc: 1.0000 (0.9313)  f1_weighted: 1.0000 (0.7881)  time: 0.0182  data: 0.0024  max mem: 20497
Passive Test:  [  5650/?]  eta: ?  loss: 0.3062 (0.7366)  accuracy: 0.8125 (0.8655)  balanced_accuracy: 1.0000 (0.8489)  pr_auc: 1.0000 (0.8952)  roc_auc: 1.0000 (0.9314)  f1_weighted: 1.0000 (0.7882)  time: 0.0178  data: 0.0027  max mem: 20497
Passive Test:  [  5660/?]  eta: ?  loss: 0.3616 (0.7360)  accuracy: 0.8125 (0.8654)  balanced_accuracy: 0.9844 (0.8490)  pr_auc: 1.0000 (0.8953)  roc_auc: 1.0000 (0.9314)  f1_weighted: 0.9841 (0.7883)  time: 0.0178  data: 0.0032  max mem: 20497
Passive Test:  [  5670/?]  eta: ?  loss: 0.3188 (0.7352)  accuracy: 0.8594 (0.8654)  balanced_accuracy: 0.9844 (0.8491)  pr_auc: 1.0000 (0.8953)  roc_auc: 1.0000 (0.9315)  f1_weighted: 0.9841 (0.7885)  time: 0.0179  data: 0.0034  max mem: 20497
Passive Test:  [  5680/?]  eta: ?  loss: 0.2870 (0.7354)  accuracy: 0.8906 (0.8653)  balanced_accuracy: 0.9219 (0.8489)  pr_auc: 0.9725 (0.8950)  roc_auc: 0.9766 (0.9312)  f1_weighted: 0.9180 (0.7882)  time: 0.0183  data: 0.0030  max mem: 20497
Passive Test:  [  5690/?]  eta: ?  loss: 0.2870 (0.7354)  accuracy: 0.9062 (0.8653)  balanced_accuracy: 0.9375 (0.8488)  pr_auc: 0.9906 (0.8949)  roc_auc: 0.9912 (0.9311)  f1_weighted: 0.9333 (0.7881)  time: 0.0184  data: 0.0026  max mem: 20497
Passive Test:  [  5700/?]  eta: ?  loss: 0.1926 (0.7354)  accuracy: 0.9375 (0.8653)  balanced_accuracy: 0.9531 (0.8488)  pr_auc: 0.9887 (0.8948)  roc_auc: 0.9854 (0.9310)  f1_weighted: 0.9508 (0.7880)  time: 0.0179  data: 0.0021  max mem: 20497
Passive Test:  [  5710/?]  eta: ?  loss: 0.1926 (0.7356)  accuracy: 0.9219 (0.8652)  balanced_accuracy: 0.9531 (0.8487)  pr_auc: 0.9937 (0.8946)  roc_auc: 0.9932 (0.9309)  f1_weighted: 0.9524 (0.7879)  time: 0.0177  data: 0.0017  max mem: 20497
Passive Test:  [  5720/?]  eta: ?  loss: 0.1868 (0.7354)  accuracy: 0.8906 (0.8652)  balanced_accuracy: 0.9531 (0.8486)  pr_auc: 1.0000 (0.8944)  roc_auc: 1.0000 (0.9307)  f1_weighted: 0.9508 (0.7878)  time: 0.0182  data: 0.0019  max mem: 20497
Passive Test:  [  5730/?]  eta: ?  loss: 0.2987 (0.7352)  accuracy: 0.8906 (0.8651)  balanced_accuracy: 0.9375 (0.8486)  pr_auc: 1.0000 (0.8943)  roc_auc: 1.0000 (0.9307)  f1_weighted: 0.9333 (0.7877)  time: 0.0183  data: 0.0021  max mem: 20497
Passive Test:  [  5740/?]  eta: ?  loss: 0.2114 (0.7351)  accuracy: 0.8906 (0.8650)  balanced_accuracy: 0.9375 (0.8484)  pr_auc: 1.0000 (0.8941)  roc_auc: 1.0000 (0.9305)  f1_weighted: 0.9333 (0.7875)  time: 0.0177  data: 0.0016  max mem: 20497
Passive Test:  [  5750/?]  eta: ?  loss: 0.0992 (0.7350)  accuracy: 0.9375 (0.8650)  balanced_accuracy: 0.9688 (0.8484)  pr_auc: 1.0000 (0.8939)  roc_auc: 1.0000 (0.9303)  f1_weighted: 0.9677 (0.7874)  time: 0.0184  data: 0.0023  max mem: 20497
Passive Test:  [  5760/?]  eta: ?  loss: 0.1223 (0.7353)  accuracy: 0.9062 (0.8649)  balanced_accuracy: 0.9688 (0.8482)  pr_auc: 1.0000 (0.8936)  roc_auc: 1.0000 (0.9301)  f1_weighted: 0.9677 (0.7872)  time: 0.0188  data: 0.0026  max mem: 20497
Passive Test:  [  5770/?]  eta: ?  loss: 0.1754 (0.7354)  accuracy: 0.8750 (0.8648)  balanced_accuracy: 0.9531 (0.8481)  pr_auc: 1.0000 (0.8935)  roc_auc: 1.0000 (0.9299)  f1_weighted: 0.9538 (0.7870)  time: 0.0182  data: 0.0017  max mem: 20497
Passive Test:  [  5780/?]  eta: ?  loss: 0.1754 (0.7354)  accuracy: 0.8750 (0.8647)  balanced_accuracy: 0.9531 (0.8481)  pr_auc: 0.9982 (0.8933)  roc_auc: 0.9980 (0.9298)  f1_weighted: 0.9538 (0.7869)  time: 0.0183  data: 0.0019  max mem: 20497
Passive Test:  [  5790/?]  eta: ?  loss: 0.0717 (0.7347)  accuracy: 0.8750 (0.8648)  balanced_accuracy: 0.9844 (0.8482)  pr_auc: 1.0000 (0.8935)  roc_auc: 1.0000 (0.9299)  f1_weighted: 0.9841 (0.7871)  time: 0.0182  data: 0.0019  max mem: 20497
Passive Test:  [  5800/?]  eta: ?  loss: 0.3260 (0.7347)  accuracy: 0.8750 (0.8648)  balanced_accuracy: 0.9583 (0.8483)  pr_auc: 0.9984 (0.8936)  roc_auc: 0.9987 (0.9299)  f1_weighted: 0.9552 (0.7871)  time: 0.0182  data: 0.0012  max mem: 20497
Passive Test:  [  5810/?]  eta: ?  loss: 0.3987 (0.7355)  accuracy: 0.8438 (0.8648)  balanced_accuracy: 0.9057 (0.8484)  pr_auc: 0.9838 (0.8937)  roc_auc: 0.9896 (0.9300)  f1_weighted: 0.8000 (0.7872)  time: 0.0189  data: 0.0008  max mem: 20497
Passive Test:  [  5820/?]  eta: ?  loss: 0.1400 (0.7354)  accuracy: 0.9375 (0.8649)  balanced_accuracy: 0.9375 (0.8486)  pr_auc: 0.9969 (0.8939)  roc_auc: 0.9941 (0.9302)  f1_weighted: 0.8824 (0.7875)  time: 0.0183  data: 0.0002  max mem: 20497
Passive Test:  [  5830/?]  eta: ?  loss: 0.1340 (0.7355)  accuracy: 0.9375 (0.8649)  balanced_accuracy: 0.9479 (0.8487)  pr_auc: 1.0000 (0.8941)  roc_auc: 1.0000 (0.9302)  f1_weighted: 0.8966 (0.7877)  time: 0.0181  data: 0.0004  max mem: 20497
Passive Test:  [  5840/?]  eta: ?  loss: 0.2762 (0.7349)  accuracy: 0.8750 (0.8649)  balanced_accuracy: 0.9062 (0.8487)  pr_auc: 1.0000 (0.8942)  roc_auc: 1.0000 (0.9303)  f1_weighted: 0.8824 (0.7878)  time: 0.0186  data: 0.0007  max mem: 20497
Passive Test:  [  5850/?]  eta: ?  loss: 0.2730 (0.7343)  accuracy: 0.8750 (0.8649)  balanced_accuracy: 0.9062 (0.8488)  pr_auc: 1.0000 (0.8943)  roc_auc: 1.0000 (0.9303)  f1_weighted: 0.8772 (0.7879)  time: 0.0184  data: 0.0006  max mem: 20497
Passive Test:  [  5860/?]  eta: ?  loss: 0.2371 (0.7336)  accuracy: 0.8750 (0.8649)  balanced_accuracy: 0.9167 (0.8488)  pr_auc: 1.0000 (0.8945)  roc_auc: 1.0000 (0.9303)  f1_weighted: 0.9091 (0.7881)  time: 0.0180  data: 0.0006  max mem: 20497
Passive Test:  [  5870/?]  eta: ?  loss: 0.2058 (0.7329)  accuracy: 0.8906 (0.8649)  balanced_accuracy: 0.9271 (0.8489)  pr_auc: 1.0000 (0.8947)  roc_auc: 1.0000 (0.9304)  f1_weighted: 0.9213 (0.7884)  time: 0.0183  data: 0.0009  max mem: 20497
Passive Test:  [  5880/?]  eta: ?  loss: 0.0792 (0.7320)  accuracy: 0.9375 (0.8650)  balanced_accuracy: 0.9583 (0.8490)  pr_auc: 1.0000 (0.8948)  roc_auc: 1.0000 (0.9304)  f1_weighted: 0.9565 (0.7887)  time: 0.0184  data: 0.0011  max mem: 20497
Passive Test:  [  5890/?]  eta: ?  loss: 0.0792 (0.7310)  accuracy: 0.9375 (0.8651)  balanced_accuracy: 0.9583 (0.8491)  pr_auc: 1.0000 (0.8950)  roc_auc: 1.0000 (0.9305)  f1_weighted: 0.9565 (0.7890)  time: 0.0185  data: 0.0012  max mem: 20497
Passive Test:  [  5900/?]  eta: ?  loss: 0.0319 (0.7302)  accuracy: 0.9375 (0.8652)  balanced_accuracy: 0.9583 (0.8491)  pr_auc: 1.0000 (0.8952)  roc_auc: 1.0000 (0.9305)  f1_weighted: 0.9565 (0.7892)  time: 0.0187  data: 0.0011  max mem: 20497
Passive Test:  [  5910/?]  eta: ?  loss: 0.0319 (0.7301)  accuracy: 0.9062 (0.8652)  balanced_accuracy: 0.9375 (0.8493)  pr_auc: 1.0000 (0.8954)  roc_auc: 1.0000 (0.9306)  f1_weighted: 0.9348 (0.7895)  time: 0.0185  data: 0.0008  max mem: 20497
Passive Test:  [  5920/?]  eta: ?  loss: 0.0204 (0.7309)  accuracy: 0.9062 (0.8652)  balanced_accuracy: 0.9167 (0.8493)  pr_auc: 1.0000 (0.8955)  roc_auc: 1.0000 (0.9305)  f1_weighted: 0.9348 (0.7897)  time: 0.0185  data: 0.0012  max mem: 20497
Passive Test:  [  5930/?]  eta: ?  loss: 0.1277 (0.7313)  accuracy: 0.8594 (0.8652)  balanced_accuracy: 0.8646 (0.8494)  pr_auc: 1.0000 (0.8957)  roc_auc: 1.0000 (0.9305)  f1_weighted: 0.8434 (0.7898)  time: 0.0184  data: 0.0014  max mem: 20497
Passive Test:  [  5940/?]  eta: ?  loss: 0.2413 (0.7319)  accuracy: 0.8594 (0.8652)  balanced_accuracy: 0.8594 (0.8494)  pr_auc: 0.9953 (0.8958)  roc_auc: 0.9951 (0.9305)  f1_weighted: 0.8364 (0.7899)  time: 0.0189  data: 0.0019  max mem: 20497
Passive Test:  [  5950/?]  eta: ?  loss: 0.1407 (0.7318)  accuracy: 0.9219 (0.8652)  balanced_accuracy: 0.9219 (0.8495)  pr_auc: 0.9991 (0.8960)  roc_auc: 0.9990 (0.9306)  f1_weighted: 0.9153 (0.7901)  time: 0.0189  data: 0.0020  max mem: 20497
Passive Test:  [  5960/?]  eta: ?  loss: 0.0808 (0.7309)  accuracy: 0.9531 (0.8654)  balanced_accuracy: 0.9531 (0.8497)  pr_auc: 1.0000 (0.8962)  roc_auc: 1.0000 (0.9307)  f1_weighted: 0.9508 (0.7904)  time: 0.0183  data: 0.0013  max mem: 20497
Passive Test:  [  5970/?]  eta: ?  loss: 0.0808 (0.7301)  accuracy: 0.9531 (0.8655)  balanced_accuracy: 0.9531 (0.8499)  pr_auc: 1.0000 (0.8964)  roc_auc: 1.0000 (0.9309)  f1_weighted: 0.9524 (0.7906)  time: 0.0184  data: 0.0015  max mem: 20497
Passive Test:  [  5980/?]  eta: ?  loss: 0.0506 (0.7290)  accuracy: 0.9688 (0.8657)  balanced_accuracy: 0.9688 (0.8501)  pr_auc: 1.0000 (0.8966)  roc_auc: 1.0000 (0.9310)  f1_weighted: 0.9677 (0.7910)  time: 0.0185  data: 0.0016  max mem: 20497
Passive Test:  [  5990/?]  eta: ?  loss: 0.0033 (0.7281)  accuracy: 0.9844 (0.8658)  balanced_accuracy: 1.0000 (0.8502)  pr_auc: 1.0000 (0.8967)  roc_auc: 1.0000 (0.9311)  f1_weighted: 1.0000 (0.7912)  time: 0.0184  data: 0.0017  max mem: 20497
Passive Test:  [  6000/?]  eta: ?  loss: 0.0231 (0.7273)  accuracy: 0.9844 (0.8659)  balanced_accuracy: 1.0000 (0.8503)  pr_auc: 1.0000 (0.8969)  roc_auc: 1.0000 (0.9312)  f1_weighted: 1.0000 (0.7913)  time: 0.0185  data: 0.0026  max mem: 20497
Passive Test:  [  6010/?]  eta: ?  loss: 0.0263 (0.7267)  accuracy: 0.9844 (0.8660)  balanced_accuracy: 1.0000 (0.8504)  pr_auc: 1.0000 (0.8970)  roc_auc: 1.0000 (0.9313)  f1_weighted: 1.0000 (0.7915)  time: 0.0187  data: 0.0029  max mem: 20497
Passive Test:  [  6020/?]  eta: ?  loss: 0.0111 (0.7260)  accuracy: 0.9844 (0.8661)  balanced_accuracy: 1.0000 (0.8506)  pr_auc: 1.0000 (0.8972)  roc_auc: 1.0000 (0.9314)  f1_weighted: 1.0000 (0.7917)  time: 0.0184  data: 0.0025  max mem: 20497
Passive Test:  [  6030/?]  eta: ?  loss: 0.0007 (0.7251)  accuracy: 1.0000 (0.8663)  balanced_accuracy: 1.0000 (0.8507)  pr_auc: 1.0000 (0.8973)  roc_auc: 1.0000 (0.9315)  f1_weighted: 1.0000 (0.7918)  time: 0.0181  data: 0.0020  max mem: 20497
Passive Test:  [  6040/?]  eta: ?  loss: 0.0007 (0.7240)  accuracy: 1.0000 (0.8665)  balanced_accuracy: 1.0000 (0.8508)  pr_auc: 1.0000 (0.8974)  roc_auc: 1.0000 (0.9316)  f1_weighted: 1.0000 (0.7921)  time: 0.0179  data: 0.0018  max mem: 20497
Passive Test:  [  6050/?]  eta: ?  loss: 0.0017 (0.7229)  accuracy: 1.0000 (0.8667)  balanced_accuracy: 1.0000 (0.8510)  pr_auc: 1.0000 (0.8976)  roc_auc: 1.0000 (0.9317)  f1_weighted: 1.0000 (0.7924)  time: 0.0178  data: 0.0018  max mem: 20497
Passive Test:  [  6060/?]  eta: ?  loss: 0.0018 (0.7217)  accuracy: 1.0000 (0.8669)  balanced_accuracy: 1.0000 (0.8512)  pr_auc: 1.0000 (0.8977)  roc_auc: 1.0000 (0.9318)  f1_weighted: 1.0000 (0.7926)  time: 0.0180  data: 0.0022  max mem: 20497
Passive Test:  [  6070/?]  eta: ?  loss: 0.0025 (0.7206)  accuracy: 1.0000 (0.8671)  balanced_accuracy: 1.0000 (0.8514)  pr_auc: 1.0000 (0.8979)  roc_auc: 1.0000 (0.9319)  f1_weighted: 1.0000 (0.7929)  time: 0.0182  data: 0.0023  max mem: 20497
Passive Test:  [  6080/?]  eta: ?  loss: 0.0392 (0.7199)  accuracy: 0.9844 (0.8672)  balanced_accuracy: 1.0000 (0.8516)  pr_auc: 1.0000 (0.8980)  roc_auc: 1.0000 (0.9319)  f1_weighted: 1.0000 (0.7932)  time: 0.0183  data: 0.0024  max mem: 20497
Passive Test:  [  6090/?]  eta: ?  loss: 0.1296 (0.7190)  accuracy: 0.9688 (0.8673)  balanced_accuracy: 0.9896 (0.8518)  pr_auc: 1.0000 (0.8981)  roc_auc: 1.0000 (0.9320)  f1_weighted: 0.9841 (0.7934)  time: 0.0192  data: 0.0029  max mem: 20497
Passive Test:  [  6100/?]  eta: ?  loss: 0.0150 (0.7181)  accuracy: 0.9844 (0.8675)  balanced_accuracy: 1.0000 (0.8520)  pr_auc: 1.0000 (0.8983)  roc_auc: 1.0000 (0.9321)  f1_weighted: 1.0000 (0.7937)  time: 0.0186  data: 0.0024  max mem: 20497
Passive Test:  [  6110/?]  eta: ?  loss: 0.0439 (0.7178)  accuracy: 0.9844 (0.8676)  balanced_accuracy: 0.9896 (0.8521)  pr_auc: 1.0000 (0.8984)  roc_auc: 1.0000 (0.9322)  f1_weighted: 0.9841 (0.7938)  time: 0.0174  data: 0.0017  max mem: 20497
Passive Test:  [  6120/?]  eta: ?  loss: 0.1420 (0.7180)  accuracy: 0.9688 (0.8676)  balanced_accuracy: 0.9844 (0.8522)  pr_auc: 1.0000 (0.8985)  roc_auc: 1.0000 (0.9323)  f1_weighted: 0.9841 (0.7940)  time: 0.0179  data: 0.0026  max mem: 20497
Passive Test:  [  6130/?]  eta: ?  loss: 0.1526 (0.7179)  accuracy: 0.9531 (0.8677)  balanced_accuracy: 0.9844 (0.8523)  pr_auc: 1.0000 (0.8986)  roc_auc: 1.0000 (0.9323)  f1_weighted: 0.9697 (0.7942)  time: 0.0179  data: 0.0033  max mem: 20497
Passive Test:  [  6140/?]  eta: ?  loss: 0.1526 (0.7181)  accuracy: 0.9531 (0.8676)  balanced_accuracy: 0.9688 (0.8524)  pr_auc: 1.0000 (0.8986)  roc_auc: 1.0000 (0.9324)  f1_weighted: 0.9677 (0.7943)  time: 0.0183  data: 0.0038  max mem: 20497
Passive Test:  [  6150/?]  eta: ?  loss: 0.2264 (0.7182)  accuracy: 0.9219 (0.8676)  balanced_accuracy: 0.9375 (0.8523)  pr_auc: 1.0000 (0.8987)  roc_auc: 1.0000 (0.9324)  f1_weighted: 0.9333 (0.7942)  time: 0.0185  data: 0.0040  max mem: 20497
Passive Test:  [  6160/?]  eta: ?  loss: 0.6673 (0.7187)  accuracy: 0.8594 (0.8676)  balanced_accuracy: 0.8152 (0.8522)  pr_auc: 0.9549 (0.8985)  roc_auc: 0.9692 (0.9324)  f1_weighted: 0.7442 (0.7938)  time: 0.0187  data: 0.0036  max mem: 20497
Passive Test:  [  6170/?]  eta: ?  loss: 0.4931 (0.7189)  accuracy: 0.8750 (0.8676)  balanced_accuracy: 0.7955 (0.8521)  pr_auc: 0.9240 (0.8984)  roc_auc: 0.9468 (0.9323)  f1_weighted: 0.6792 (0.7938)  time: 0.0181  data: 0.0035  max mem: 20497
Passive Test:  [  6180/?]  eta: ?  loss: 0.0356 (0.7193)  accuracy: 0.9844 (0.8677)  balanced_accuracy: 0.7396 (0.8521)  pr_auc: 0.8141 (0.8982)  roc_auc: 0.9293 (0.9323)  f1_weighted: 0.6567 (0.7938)  time: 0.0179  data: 0.0035  max mem: 20497
Passive Test:  [  6190/?]  eta: ?  loss: 0.0213 (0.7189)  accuracy: 1.0000 (0.8678)  balanced_accuracy: 0.7442 (0.8521)  pr_auc: 0.7642 (0.8982)  roc_auc: 0.9399 (0.9323)  f1_weighted: 0.6667 (0.7938)  time: 0.0178  data: 0.0034  max mem: 20497
Passive Test:  [  6200/?]  eta: ?  loss: 0.0046 (0.7185)  accuracy: 1.0000 (0.8678)  balanced_accuracy: 0.7791 (0.8521)  pr_auc: 0.8593 (0.8982)  roc_auc: 0.9468 (0.9324)  f1_weighted: 0.6885 (0.7939)  time: 0.0178  data: 0.0034  max mem: 20497
Passive Test:  [  6210/?]  eta: ?  loss: 0.0040 (0.7179)  accuracy: 1.0000 (0.8679)  balanced_accuracy: 0.9286 (0.8522)  pr_auc: 0.9936 (0.8982)  roc_auc: 0.9967 (0.9324)  f1_weighted: 0.9231 (0.7939)  time: 0.0184  data: 0.0038  max mem: 20497
Passive Test:  [  6220/?]  eta: ?  loss: 0.0014 (0.7171)  accuracy: 1.0000 (0.8680)  balanced_accuracy: 0.9375 (0.8522)  pr_auc: 1.0000 (0.8983)  roc_auc: 1.0000 (0.9325)  f1_weighted: 0.9333 (0.7940)  time: 0.0183  data: 0.0037  max mem: 20497
Passive Test:  [  6230/?]  eta: ?  loss: 0.0003 (0.7164)  accuracy: 0.9844 (0.8681)  balanced_accuracy: 0.8906 (0.8522)  pr_auc: 1.0000 (0.8985)  roc_auc: 1.0000 (0.9325)  f1_weighted: 0.8772 (0.7941)  time: 0.0179  data: 0.0029  max mem: 20497
Passive Test:  [  6240/?]  eta: ?  loss: 0.0032 (0.7155)  accuracy: 0.9375 (0.8682)  balanced_accuracy: 0.8594 (0.8522)  pr_auc: 1.0000 (0.8986)  roc_auc: 1.0000 (0.9326)  f1_weighted: 0.8364 (0.7940)  time: 0.0178  data: 0.0027  max mem: 20497
Passive Test:  [  6250/?]  eta: ?  loss: 0.0002 (0.7146)  accuracy: 1.0000 (0.8684)  balanced_accuracy: 0.8594 (0.8522)  pr_auc: 1.0000 (0.8986)  roc_auc: 1.0000 (0.9326)  f1_weighted: 0.8364 (0.7941)  time: 0.0183  data: 0.0047  max mem: 20497
Passive Test:  [  6260/?]  eta: ?  loss: 0.0028 (0.7175)  accuracy: 1.0000 (0.8681)  balanced_accuracy: 0.8594 (0.8522)  pr_auc: 1.0000 (0.8986)  roc_auc: 1.0000 (0.9326)  f1_weighted: 0.8364 (0.7941)  time: 0.0195  data: 0.0075  max mem: 20497
Passive Test:  [  6270/?]  eta: ?  loss: 0.0299 (0.7191)  accuracy: 0.9844 (0.8680)  balanced_accuracy: 0.8594 (0.8522)  pr_auc: 1.0000 (0.8986)  roc_auc: 1.0000 (0.9326)  f1_weighted: 0.8364 (0.7941)  time: 0.0199  data: 0.0074  max mem: 20497
Passive Test:  [  6280/?]  eta: ?  loss: 0.1649 (0.7213)  accuracy: 0.9375 (0.8675)  balanced_accuracy: 0.8594 (0.8522)  pr_auc: 1.0000 (0.8986)  roc_auc: 1.0000 (0.9326)  f1_weighted: 0.8364 (0.7941)  time: 0.0191  data: 0.0069  max mem: 20497
Passive Test:  [  6290/?]  eta: ?  loss: 0.5003 (0.7244)  accuracy: 0.8281 (0.8672)  balanced_accuracy: 0.8906 (0.8523)  pr_auc: 1.0000 (0.8987)  roc_auc: 1.0000 (0.9327)  f1_weighted: 0.8772 (0.7941)  time: 0.0187  data: 0.0069  max mem: 20497
Passive Test:  [  6300/?]  eta: ?  loss: 2.0868 (0.7303)  accuracy: 0.3438 (0.8664)  balanced_accuracy: 0.8906 (0.8523)  pr_auc: 1.0000 (0.8987)  roc_auc: 1.0000 (0.9327)  f1_weighted: 0.8772 (0.7942)  time: 0.0193  data: 0.0069  max mem: 20497
Passive Test:  [  6310/?]  eta: ?  loss: 3.1907 (0.7364)  accuracy: 0.2344 (0.8657)  balanced_accuracy: 0.8906 (0.8523)  pr_auc: 1.0000 (0.8987)  roc_auc: 1.0000 (0.9327)  f1_weighted: 0.8772 (0.7942)  time: 0.0192  data: 0.0068  max mem: 20497
Passive Test:  [  6320/?]  eta: ?  loss: 1.5500 (0.7365)  accuracy: 0.4688 (0.8656)  balanced_accuracy: 0.8906 (0.8523)  pr_auc: 1.0000 (0.8987)  roc_auc: 1.0000 (0.9327)  f1_weighted: 0.8772 (0.7942)  time: 0.0195  data: 0.0069  max mem: 20497
Passive Test:  [  6330/?]  eta: ?  loss: 0.0485 (0.7360)  accuracy: 0.9844 (0.8656)  balanced_accuracy: 0.8594 (0.8523)  pr_auc: 1.0000 (0.8987)  roc_auc: 1.0000 (0.9327)  f1_weighted: 0.8364 (0.7941)  time: 0.0208  data: 0.0075  max mem: 20497
Passive Test:  [  6340/?]  eta: ?  loss: 0.0000 (0.7348)  accuracy: 1.0000 (0.8658)  balanced_accuracy: 0.8594 (0.8523)  pr_auc: 1.0000 (0.8987)  roc_auc: 1.0000 (0.9327)  f1_weighted: 0.8364 (0.7941)  time: 0.0197  data: 0.0071  max mem: 20497
Passive Test:  [  6350/?]  eta: ?  loss: 0.0000 (0.7337)  accuracy: 1.0000 (0.8660)  balanced_accuracy: 0.8594 (0.8523)  pr_auc: 1.0000 (0.8987)  roc_auc: 1.0000 (0.9327)  f1_weighted: 0.8364 (0.7941)  time: 0.0181  data: 0.0063  max mem: 20497
Passive Test:  [  6360/?]  eta: ?  loss: 0.0000 (0.7326)  accuracy: 1.0000 (0.8662)  balanced_accuracy: 0.8594 (0.8523)  pr_auc: 1.0000 (0.8987)  roc_auc: 1.0000 (0.9327)  f1_weighted: 0.8364 (0.7941)  time: 0.0197  data: 0.0072  max mem: 20497
Passive Test: Total time: 0:01:57 (0.0184 s / it)
* loss 0.732

================================================================================
Final Task-Type-Specific Results:
================================================================================
  ACTIVE tasks: Accuracy = 89.4676%, F1-Score = 0.8531 (n=69,183)
  PASSIVE tasks: Accuracy = 86.6368%, F1-Score = 0.8112 (n=407,568)
==========================================
Fine-tuning completed for gender_baseline
Results saved to: /home/mojtabam/projects/aip-aghodsib/mojtabam/EEG/final_logs/LaBraM/labram_gender_1s/output
Logs saved to: /home/mojtabam/projects/aip-aghodsib/mojtabam/EEG/final_logs/LaBraM/labram_gender_1s/logs
