LaBraM fine-tuning starting...
Loading dataset configuration (this may take a moment)...
Age_Regression baseline dataset loaded
  HDF5 directory: /home/mojtabam/scratch/processed_eeg_data_hdf5
  Segment length: 2s
  Task type: both
  Random seed: 42
  Note: Using pre-split HDF5 files (train/val/test splits from preprocessing)
  Note: IterableDataset size is unknown until iteration
MASTER_ADDR was unset or empty: set to 127.0.0.1 for distributed rendezvous.
MASTER_PORT was unset or empty: set to 29500 for distributed rendezvous.
| distributed init (rank 0): env://, gpu 0
[rank0]:[W514 16:54:33.999743646 ProcessGroupNCCL.cpp:4115] [PG ID 0 PG GUID 0 Rank 0]  using GPU 0 to perform barrier as devices used by this process are currently unknown. This can potentially cause a hang if this rank to GPU mapping is incorrect.Specify device_ids in barrier() to force use of a particular device,or call init_process_group() with a device_id.
libibverbs: Warning: couldn't load driver 'libvmw_pvrdma-rdmav34.so': libvmw_pvrdma-rdmav34.so: cannot open shared object file: No such file or directory
Namespace(batch_size=512, epochs=50, update_freq=1, save_ckpt_freq=5, robust_test=None, model='labram_base_patch200_200', qkv_bias=True, rel_pos_bias=True, abs_pos_emb=True, layer_scale_init_value=0.1, input_size=200, drop=0.0, attn_drop_rate=0.0, drop_path=0.1, disable_eval_during_finetuning=False, model_ema=True, model_ema_decay=0.996, model_ema_force_cpu=False, opt='adamw', opt_eps=1e-08, opt_betas=[0.9, 0.98], clip_grad=3.0, momentum=0.9, weight_decay=0.05, weight_decay_end=None, lr=0.0005, layer_decay=0.65, warmup_lr=1e-06, min_lr=1e-05, warmup_epochs=5, warmup_steps=-1, smoothing=0.0, reprob=0.25, remode='pixel', recount=1, resplit=False, finetune='/home/mojtabam/projects/aip-aghodsib/mojtabam/EEG/LaBraM/checkpoints/labram-base.pth', model_key='model|module', model_prefix='', model_filter_name='gzp', init_scale=0.001, use_mean_pooling=True, disable_weight_decay_on_rel_pos_bias=False, nb_classes=1, output_dir='/home/mojtabam/projects/aip-aghodsib/mojtabam/EEG/final_logs/LaBraM/LABRAM_base_age_regression_2s/output', log_dir='/home/mojtabam/projects/aip-aghodsib/mojtabam/EEG/final_logs/LaBraM/LABRAM_base_age_regression_2s/logs', device='cuda', seed=42, resume='', auto_resume=True, save_ckpt=True, start_epoch=0, eval=False, dist_eval=False, num_workers=10, pin_mem=True, aggregate_by_participant='majority_vote', early_stopping_patience=0, early_stopping_min_delta=0.0, world_size=1, local_rank=-1, dist_on_itp=False, dist_url='env://', enable_deepspeed=False, dataset='age_regression_baseline', segment_length='2s', data_path='/home/mojtabam/scratch/processed_eeg_data_hdf5', class_weight_power=1.0, is_cross_validation=False, cv_folds=None, rank=0, gpu=0, distributed=True, dist_backend='nccl')
Using device: cuda (2 GPU(s): ['NVIDIA L40S', 'NVIDIA L40S'])
Age_Regression baseline dataset loaded
  HDF5 directory: /home/mojtabam/scratch/processed_eeg_data_hdf5
  Segment length: 2s
  Task type: both
  Random seed: 42
  Note: Using pre-split HDF5 files (train/val/test splits from preprocessing)
  Note: IterableDataset size is unknown until iteration
Using IterableDataset - DataLoader will iterate directly (no sampler)
Distributed training: 1 tasks, rank 0
DataLoader num_workers: 6 (segment_length=2s, num_gpus=2)
Patch size = 200
Load ckpt from /home/mojtabam/projects/aip-aghodsib/mojtabam/EEG/LaBraM/checkpoints/labram-base.pth
Load state_dict by model_key = model
Weights of NeuralTransformer not initialized from pretrained model: ['blocks.0.attn.q_bias', 'blocks.0.attn.v_bias', 'blocks.1.attn.q_bias', 'blocks.1.attn.v_bias', 'blocks.2.attn.q_bias', 'blocks.2.attn.v_bias', 'blocks.3.attn.q_bias', 'blocks.3.attn.v_bias', 'blocks.4.attn.q_bias', 'blocks.4.attn.v_bias', 'blocks.5.attn.q_bias', 'blocks.5.attn.v_bias', 'blocks.6.attn.q_bias', 'blocks.6.attn.v_bias', 'blocks.7.attn.q_bias', 'blocks.7.attn.v_bias', 'blocks.8.attn.q_bias', 'blocks.8.attn.v_bias', 'blocks.9.attn.q_bias', 'blocks.9.attn.v_bias', 'blocks.10.attn.q_bias', 'blocks.10.attn.v_bias', 'blocks.11.attn.q_bias', 'blocks.11.attn.v_bias', 'fc_norm.weight', 'fc_norm.bias', 'head.weight', 'head.bias']
Weights from pretrained model not used in NeuralTransformer: ['mask_token', 'lm_head.weight', 'lm_head.bias', 'norm.weight', 'norm.bias']
Using EMA with decay = 0.99600000
Model = NeuralTransformer(
  (patch_embed): TemporalConv(
    (conv1): Conv2d(1, 8, kernel_size=(1, 15), stride=(1, 8), padding=(0, 7))
    (gelu1): GELU(approximate='none')
    (norm1): GroupNorm(4, 8, eps=1e-05, affine=True)
    (conv2): Conv2d(8, 8, kernel_size=(1, 3), stride=(1, 1), padding=(0, 1))
    (gelu2): GELU(approximate='none')
    (norm2): GroupNorm(4, 8, eps=1e-05, affine=True)
    (conv3): Conv2d(8, 8, kernel_size=(1, 3), stride=(1, 1), padding=(0, 1))
    (norm3): GroupNorm(4, 8, eps=1e-05, affine=True)
    (gelu3): GELU(approximate='none')
  )
  (pos_drop): Dropout(p=0.0, inplace=False)
  (blocks): ModuleList(
    (0): Block(
      (norm1): LayerNorm((200,), eps=1e-06, elementwise_affine=True)
      (attn): Attention(
        (qkv): Linear(in_features=200, out_features=600, bias=False)
        (q_norm): LayerNorm((20,), eps=1e-06, elementwise_affine=True)
        (k_norm): LayerNorm((20,), eps=1e-06, elementwise_affine=True)
        (attn_drop): Dropout(p=0.0, inplace=False)
        (proj): Linear(in_features=200, out_features=200, bias=True)
        (proj_drop): Dropout(p=0.0, inplace=False)
      )
      (drop_path): Identity()
      (norm2): LayerNorm((200,), eps=1e-06, elementwise_affine=True)
      (mlp): Mlp(
        (fc1): Linear(in_features=200, out_features=800, bias=True)
        (act): GELU(approximate='none')
        (fc2): Linear(in_features=800, out_features=200, bias=True)
        (drop): Dropout(p=0.0, inplace=False)
      )
    )
    (1): Block(
      (norm1): LayerNorm((200,), eps=1e-06, elementwise_affine=True)
      (attn): Attention(
        (qkv): Linear(in_features=200, out_features=600, bias=False)
        (q_norm): LayerNorm((20,), eps=1e-06, elementwise_affine=True)
        (k_norm): LayerNorm((20,), eps=1e-06, elementwise_affine=True)
        (attn_drop): Dropout(p=0.0, inplace=False)
        (proj): Linear(in_features=200, out_features=200, bias=True)
        (proj_drop): Dropout(p=0.0, inplace=False)
      )
      (drop_path): DropPath(p=0.00909090880304575)
      (norm2): LayerNorm((200,), eps=1e-06, elementwise_affine=True)
      (mlp): Mlp(
        (fc1): Linear(in_features=200, out_features=800, bias=True)
        (act): GELU(approximate='none')
        (fc2): Linear(in_features=800, out_features=200, bias=True)
        (drop): Dropout(p=0.0, inplace=False)
      )
    )
    (2): Block(
      (norm1): LayerNorm((200,), eps=1e-06, elementwise_affine=True)
      (attn): Attention(
        (qkv): Linear(in_features=200, out_features=600, bias=False)
        (q_norm): LayerNorm((20,), eps=1e-06, elementwise_affine=True)
        (k_norm): LayerNorm((20,), eps=1e-06, elementwise_affine=True)
        (attn_drop): Dropout(p=0.0, inplace=False)
        (proj): Linear(in_features=200, out_features=200, bias=True)
        (proj_drop): Dropout(p=0.0, inplace=False)
      )
      (drop_path): DropPath(p=0.0181818176060915)
      (norm2): LayerNorm((200,), eps=1e-06, elementwise_affine=True)
      (mlp): Mlp(
        (fc1): Linear(in_features=200, out_features=800, bias=True)
        (act): GELU(approximate='none')
        (fc2): Linear(in_features=800, out_features=200, bias=True)
        (drop): Dropout(p=0.0, inplace=False)
      )
    )
    (3): Block(
      (norm1): LayerNorm((200,), eps=1e-06, elementwise_affine=True)
      (attn): Attention(
        (qkv): Linear(in_features=200, out_features=600, bias=False)
        (q_norm): LayerNorm((20,), eps=1e-06, elementwise_affine=True)
        (k_norm): LayerNorm((20,), eps=1e-06, elementwise_affine=True)
        (attn_drop): Dropout(p=0.0, inplace=False)
        (proj): Linear(in_features=200, out_features=200, bias=True)
        (proj_drop): Dropout(p=0.0, inplace=False)
      )
      (drop_path): DropPath(p=0.027272727340459824)
      (norm2): LayerNorm((200,), eps=1e-06, elementwise_affine=True)
      (mlp): Mlp(
        (fc1): Linear(in_features=200, out_features=800, bias=True)
        (act): GELU(approximate='none')
        (fc2): Linear(in_features=800, out_features=200, bias=True)
        (drop): Dropout(p=0.0, inplace=False)
      )
    )
    (4): Block(
      (norm1): LayerNorm((200,), eps=1e-06, elementwise_affine=True)
      (attn): Attention(
        (qkv): Linear(in_features=200, out_features=600, bias=False)
        (q_norm): LayerNorm((20,), eps=1e-06, elementwise_affine=True)
        (k_norm): LayerNorm((20,), eps=1e-06, elementwise_affine=True)
        (attn_drop): Dropout(p=0.0, inplace=False)
        (proj): Linear(in_features=200, out_features=200, bias=True)
        (proj_drop): Dropout(p=0.0, inplace=False)
      )
      (drop_path): DropPath(p=0.036363635212183)
      (norm2): LayerNorm((200,), eps=1e-06, elementwise_affine=True)
      (mlp): Mlp(
        (fc1): Linear(in_features=200, out_features=800, bias=True)
        (act): GELU(approximate='none')
        (fc2): Linear(in_features=800, out_features=200, bias=True)
        (drop): Dropout(p=0.0, inplace=False)
      )
    )
    (5): Block(
      (norm1): LayerNorm((200,), eps=1e-06, elementwise_affine=True)
      (attn): Attention(
        (qkv): Linear(in_features=200, out_features=600, bias=False)
        (q_norm): LayerNorm((20,), eps=1e-06, elementwise_affine=True)
        (k_norm): LayerNorm((20,), eps=1e-06, elementwise_affine=True)
        (attn_drop): Dropout(p=0.0, inplace=False)
        (proj): Linear(in_features=200, out_features=200, bias=True)
        (proj_drop): Dropout(p=0.0, inplace=False)
      )
      (drop_path): DropPath(p=0.045454543083906174)
      (norm2): LayerNorm((200,), eps=1e-06, elementwise_affine=True)
      (mlp): Mlp(
        (fc1): Linear(in_features=200, out_features=800, bias=True)
        (act): GELU(approximate='none')
        (fc2): Linear(in_features=800, out_features=200, bias=True)
        (drop): Dropout(p=0.0, inplace=False)
      )
    )
    (6): Block(
      (norm1): LayerNorm((200,), eps=1e-06, elementwise_affine=True)
      (attn): Attention(
        (qkv): Linear(in_features=200, out_features=600, bias=False)
        (q_norm): LayerNorm((20,), eps=1e-06, elementwise_affine=True)
        (k_norm): LayerNorm((20,), eps=1e-06, elementwise_affine=True)
        (attn_drop): Dropout(p=0.0, inplace=False)
        (proj): Linear(in_features=200, out_features=200, bias=True)
        (proj_drop): Dropout(p=0.0, inplace=False)
      )
      (drop_path): DropPath(p=0.054545458406209946)
      (norm2): LayerNorm((200,), eps=1e-06, elementwise_affine=True)
      (mlp): Mlp(
        (fc1): Linear(in_features=200, out_features=800, bias=True)
        (act): GELU(approximate='none')
        (fc2): Linear(in_features=800, out_features=200, bias=True)
        (drop): Dropout(p=0.0, inplace=False)
      )
    )
    (7): Block(
      (norm1): LayerNorm((200,), eps=1e-06, elementwise_affine=True)
      (attn): Attention(
        (qkv): Linear(in_features=200, out_features=600, bias=False)
        (q_norm): LayerNorm((20,), eps=1e-06, elementwise_affine=True)
        (k_norm): LayerNorm((20,), eps=1e-06, elementwise_affine=True)
        (attn_drop): Dropout(p=0.0, inplace=False)
        (proj): Linear(in_features=200, out_features=200, bias=True)
        (proj_drop): Dropout(p=0.0, inplace=False)
      )
      (drop_path): DropPath(p=0.06363636255264282)
      (norm2): LayerNorm((200,), eps=1e-06, elementwise_affine=True)
      (mlp): Mlp(
        (fc1): Linear(in_features=200, out_features=800, bias=True)
        (act): GELU(approximate='none')
        (fc2): Linear(in_features=800, out_features=200, bias=True)
        (drop): Dropout(p=0.0, inplace=False)
      )
    )
    (8): Block(
      (norm1): LayerNorm((200,), eps=1e-06, elementwise_affine=True)
      (attn): Attention(
        (qkv): Linear(in_features=200, out_features=600, bias=False)
        (q_norm): LayerNorm((20,), eps=1e-06, elementwise_affine=True)
        (k_norm): LayerNorm((20,), eps=1e-06, elementwise_affine=True)
        (attn_drop): Dropout(p=0.0, inplace=False)
        (proj): Linear(in_features=200, out_features=200, bias=True)
        (proj_drop): Dropout(p=0.0, inplace=False)
      )
      (drop_path): DropPath(p=0.0727272778749466)
      (norm2): LayerNorm((200,), eps=1e-06, elementwise_affine=True)
      (mlp): Mlp(
        (fc1): Linear(in_features=200, out_features=800, bias=True)
        (act): GELU(approximate='none')
        (fc2): Linear(in_features=800, out_features=200, bias=True)
        (drop): Dropout(p=0.0, inplace=False)
      )
    )
    (9): Block(
      (norm1): LayerNorm((200,), eps=1e-06, elementwise_affine=True)
      (attn): Attention(
        (qkv): Linear(in_features=200, out_features=600, bias=False)
        (q_norm): LayerNorm((20,), eps=1e-06, elementwise_affine=True)
        (k_norm): LayerNorm((20,), eps=1e-06, elementwise_affine=True)
        (attn_drop): Dropout(p=0.0, inplace=False)
        (proj): Linear(in_features=200, out_features=200, bias=True)
        (proj_drop): Dropout(p=0.0, inplace=False)
      )
      (drop_path): DropPath(p=0.08181818574666977)
      (norm2): LayerNorm((200,), eps=1e-06, elementwise_affine=True)
      (mlp): Mlp(
        (fc1): Linear(in_features=200, out_features=800, bias=True)
        (act): GELU(approximate='none')
        (fc2): Linear(in_features=800, out_features=200, bias=True)
        (drop): Dropout(p=0.0, inplace=False)
      )
    )
    (10): Block(
      (norm1): LayerNorm((200,), eps=1e-06, elementwise_affine=True)
      (attn): Attention(
        (qkv): Linear(in_features=200, out_features=600, bias=False)
        (q_norm): LayerNorm((20,), eps=1e-06, elementwise_affine=True)
        (k_norm): LayerNorm((20,), eps=1e-06, elementwise_affine=True)
        (attn_drop): Dropout(p=0.0, inplace=False)
        (proj): Linear(in_features=200, out_features=200, bias=True)
        (proj_drop): Dropout(p=0.0, inplace=False)
      )
      (drop_path): DropPath(p=0.09090909361839294)
      (norm2): LayerNorm((200,), eps=1e-06, elementwise_affine=True)
      (mlp): Mlp(
        (fc1): Linear(in_features=200, out_features=800, bias=True)
        (act): GELU(approximate='none')
        (fc2): Linear(in_features=800, out_features=200, bias=True)
        (drop): Dropout(p=0.0, inplace=False)
      )
    )
    (11): Block(
      (norm1): LayerNorm((200,), eps=1e-06, elementwise_affine=True)
      (attn): Attention(
        (qkv): Linear(in_features=200, out_features=600, bias=False)
        (q_norm): LayerNorm((20,), eps=1e-06, elementwise_affine=True)
        (k_norm): LayerNorm((20,), eps=1e-06, elementwise_affine=True)
        (attn_drop): Dropout(p=0.0, inplace=False)
        (proj): Linear(in_features=200, out_features=200, bias=True)
        (proj_drop): Dropout(p=0.0, inplace=False)
      )
      (drop_path): DropPath(p=0.10000000149011612)
      (norm2): LayerNorm((200,), eps=1e-06, elementwise_affine=True)
      (mlp): Mlp(
        (fc1): Linear(in_features=200, out_features=800, bias=True)
        (act): GELU(approximate='none')
        (fc2): Linear(in_features=800, out_features=200, bias=True)
        (drop): Dropout(p=0.0, inplace=False)
      )
    )
  )
  (norm): Identity()
  (fc_norm): LayerNorm((200,), eps=1e-06, elementwise_affine=True)
  (head): Linear(in_features=200, out_features=1, bias=True)
)
number of params: 5824937
LR = 0.00050000
Batch size = 512
Update frequent = 1
Number of training examples = Unknown (IterableDataset)
Number of training steps per epoch = Determined during training (IterableDataset)
Note: LR schedule uses placeholder value - actual steps determined by iterator exhaustion
Assigned values = [0.003697205891018715, 0.005688009063105715, 0.008750783174008792, 0.013462743344628911, 0.02071191283789063, 0.03186448128906251, 0.049022278906250015, 0.07541889062500001, 0.11602906250000002, 0.17850625000000003, 0.274625, 0.42250000000000004, 0.65, 1.0]
Skip weight decay name marked in model: {'time_embed', 'pos_embed', 'cls_token'}
Param groups = {
  "layer_0_no_decay": {
    "weight_decay": 0.0,
    "params": [
      "cls_token",
      "pos_embed",
      "patch_embed.conv1.bias",
      "patch_embed.norm1.weight",
      "patch_embed.norm1.bias",
      "patch_embed.conv2.bias",
      "patch_embed.norm2.weight",
      "patch_embed.norm2.bias",
      "patch_embed.conv3.bias",
      "patch_embed.norm3.weight",
      "patch_embed.norm3.bias"
    ],
    "lr_scale": 0.003697205891018715
  },
  "layer_13_no_decay": {
    "weight_decay": 0.0,
    "params": [
      "time_embed",
      "fc_norm.weight",
      "fc_norm.bias",
      "head.bias"
    ],
    "lr_scale": 1.0
  },
  "layer_0_decay": {
    "weight_decay": 0.05,
    "params": [
      "patch_embed.conv1.weight",
      "patch_embed.conv2.weight",
      "patch_embed.conv3.weight"
    ],
    "lr_scale": 0.003697205891018715
  },
  "layer_1_no_decay": {
    "weight_decay": 0.0,
    "params": [
      "blocks.0.gamma_1",
      "blocks.0.gamma_2",
      "blocks.0.norm1.weight",
      "blocks.0.norm1.bias",
      "blocks.0.attn.q_bias",
      "blocks.0.attn.v_bias",
      "blocks.0.attn.q_norm.weight",
      "blocks.0.attn.q_norm.bias",
      "blocks.0.attn.k_norm.weight",
      "blocks.0.attn.k_norm.bias",
      "blocks.0.attn.proj.bias",
      "blocks.0.norm2.weight",
      "blocks.0.norm2.bias",
      "blocks.0.mlp.fc1.bias",
      "blocks.0.mlp.fc2.bias"
    ],
    "lr_scale": 0.005688009063105715
  },
  "layer_1_decay": {
    "weight_decay": 0.05,
    "params": [
      "blocks.0.attn.qkv.weight",
      "blocks.0.attn.proj.weight",
      "blocks.0.mlp.fc1.weight",
      "blocks.0.mlp.fc2.weight"
    ],
    "lr_scale": 0.005688009063105715
  },
  "layer_2_no_decay": {
    "weight_decay": 0.0,
    "params": [
      "blocks.1.gamma_1",
      "blocks.1.gamma_2",
      "blocks.1.norm1.weight",
      "blocks.1.norm1.bias",
      "blocks.1.attn.q_bias",
      "blocks.1.attn.v_bias",
      "blocks.1.attn.q_norm.weight",
      "blocks.1.attn.q_norm.bias",
      "blocks.1.attn.k_norm.weight",
      "blocks.1.attn.k_norm.bias",
      "blocks.1.attn.proj.bias",
      "blocks.1.norm2.weight",
      "blocks.1.norm2.bias",
      "blocks.1.mlp.fc1.bias",
      "blocks.1.mlp.fc2.bias"
    ],
    "lr_scale": 0.008750783174008792
  },
  "layer_2_decay": {
    "weight_decay": 0.05,
    "params": [
      "blocks.1.attn.qkv.weight",
      "blocks.1.attn.proj.weight",
      "blocks.1.mlp.fc1.weight",
      "blocks.1.mlp.fc2.weight"
    ],
    "lr_scale": 0.008750783174008792
  },
  "layer_3_no_decay": {
    "weight_decay": 0.0,
    "params": [
      "blocks.2.gamma_1",
      "blocks.2.gamma_2",
      "blocks.2.norm1.weight",
      "blocks.2.norm1.bias",
      "blocks.2.attn.q_bias",
      "blocks.2.attn.v_bias",
      "blocks.2.attn.q_norm.weight",
      "blocks.2.attn.q_norm.bias",
      "blocks.2.attn.k_norm.weight",
      "blocks.2.attn.k_norm.bias",
      "blocks.2.attn.proj.bias",
      "blocks.2.norm2.weight",
      "blocks.2.norm2.bias",
      "blocks.2.mlp.fc1.bias",
      "blocks.2.mlp.fc2.bias"
    ],
    "lr_scale": 0.013462743344628911
  },
  "layer_3_decay": {
    "weight_decay": 0.05,
    "params": [
      "blocks.2.attn.qkv.weight",
      "blocks.2.attn.proj.weight",
      "blocks.2.mlp.fc1.weight",
      "blocks.2.mlp.fc2.weight"
    ],
    "lr_scale": 0.013462743344628911
  },
  "layer_4_no_decay": {
    "weight_decay": 0.0,
    "params": [
      "blocks.3.gamma_1",
      "blocks.3.gamma_2",
      "blocks.3.norm1.weight",
      "blocks.3.norm1.bias",
      "blocks.3.attn.q_bias",
      "blocks.3.attn.v_bias",
      "blocks.3.attn.q_norm.weight",
      "blocks.3.attn.q_norm.bias",
      "blocks.3.attn.k_norm.weight",
      "blocks.3.attn.k_norm.bias",
      "blocks.3.attn.proj.bias",
      "blocks.3.norm2.weight",
      "blocks.3.norm2.bias",
      "blocks.3.mlp.fc1.bias",
      "blocks.3.mlp.fc2.bias"
    ],
    "lr_scale": 0.02071191283789063
  },
  "layer_4_decay": {
    "weight_decay": 0.05,
    "params": [
      "blocks.3.attn.qkv.weight",
      "blocks.3.attn.proj.weight",
      "blocks.3.mlp.fc1.weight",
      "blocks.3.mlp.fc2.weight"
    ],
    "lr_scale": 0.02071191283789063
  },
  "layer_5_no_decay": {
    "weight_decay": 0.0,
    "params": [
      "blocks.4.gamma_1",
      "blocks.4.gamma_2",
      "blocks.4.norm1.weight",
      "blocks.4.norm1.bias",
      "blocks.4.attn.q_bias",
      "blocks.4.attn.v_bias",
      "blocks.4.attn.q_norm.weight",
      "blocks.4.attn.q_norm.bias",
      "blocks.4.attn.k_norm.weight",
      "blocks.4.attn.k_norm.bias",
      "blocks.4.attn.proj.bias",
      "blocks.4.norm2.weight",
      "blocks.4.norm2.bias",
      "blocks.4.mlp.fc1.bias",
      "blocks.4.mlp.fc2.bias"
    ],
    "lr_scale": 0.03186448128906251
  },
  "layer_5_decay": {
    "weight_decay": 0.05,
    "params": [
      "blocks.4.attn.qkv.weight",
      "blocks.4.attn.proj.weight",
      "blocks.4.mlp.fc1.weight",
      "blocks.4.mlp.fc2.weight"
    ],
    "lr_scale": 0.03186448128906251
  },
  "layer_6_no_decay": {
    "weight_decay": 0.0,
    "params": [
      "blocks.5.gamma_1",
      "blocks.5.gamma_2",
      "blocks.5.norm1.weight",
      "blocks.5.norm1.bias",
      "blocks.5.attn.q_bias",
      "blocks.5.attn.v_bias",
      "blocks.5.attn.q_norm.weight",
      "blocks.5.attn.q_norm.bias",
      "blocks.5.attn.k_norm.weight",
      "blocks.5.attn.k_norm.bias",
      "blocks.5.attn.proj.bias",
      "blocks.5.norm2.weight",
      "blocks.5.norm2.bias",
      "blocks.5.mlp.fc1.bias",
      "blocks.5.mlp.fc2.bias"
    ],
    "lr_scale": 0.049022278906250015
  },
  "layer_6_decay": {
    "weight_decay": 0.05,
    "params": [
      "blocks.5.attn.qkv.weight",
      "blocks.5.attn.proj.weight",
      "blocks.5.mlp.fc1.weight",
      "blocks.5.mlp.fc2.weight"
    ],
    "lr_scale": 0.049022278906250015
  },
  "layer_7_no_decay": {
    "weight_decay": 0.0,
    "params": [
      "blocks.6.gamma_1",
      "blocks.6.gamma_2",
      "blocks.6.norm1.weight",
      "blocks.6.norm1.bias",
      "blocks.6.attn.q_bias",
      "blocks.6.attn.v_bias",
      "blocks.6.attn.q_norm.weight",
      "blocks.6.attn.q_norm.bias",
      "blocks.6.attn.k_norm.weight",
      "blocks.6.attn.k_norm.bias",
      "blocks.6.attn.proj.bias",
      "blocks.6.norm2.weight",
      "blocks.6.norm2.bias",
      "blocks.6.mlp.fc1.bias",
      "blocks.6.mlp.fc2.bias"
    ],
    "lr_scale": 0.07541889062500001
  },
  "layer_7_decay": {
    "weight_decay": 0.05,
    "params": [
      "blocks.6.attn.qkv.weight",
      "blocks.6.attn.proj.weight",
      "blocks.6.mlp.fc1.weight",
      "blocks.6.mlp.fc2.weight"
    ],
    "lr_scale": 0.07541889062500001
  },
  "layer_8_no_decay": {
    "weight_decay": 0.0,
    "params": [
      "blocks.7.gamma_1",
      "blocks.7.gamma_2",
      "blocks.7.norm1.weight",
      "blocks.7.norm1.bias",
      "blocks.7.attn.q_bias",
      "blocks.7.attn.v_bias",
      "blocks.7.attn.q_norm.weight",
      "blocks.7.attn.q_norm.bias",
      "blocks.7.attn.k_norm.weight",
      "blocks.7.attn.k_norm.bias",
      "blocks.7.attn.proj.bias",
      "blocks.7.norm2.weight",
      "blocks.7.norm2.bias",
      "blocks.7.mlp.fc1.bias",
      "blocks.7.mlp.fc2.bias"
    ],
    "lr_scale": 0.11602906250000002
  },
  "layer_8_decay": {
    "weight_decay": 0.05,
    "params": [
      "blocks.7.attn.qkv.weight",
      "blocks.7.attn.proj.weight",
      "blocks.7.mlp.fc1.weight",
      "blocks.7.mlp.fc2.weight"
    ],
    "lr_scale": 0.11602906250000002
  },
  "layer_9_no_decay": {
    "weight_decay": 0.0,
    "params": [
      "blocks.8.gamma_1",
      "blocks.8.gamma_2",
      "blocks.8.norm1.weight",
      "blocks.8.norm1.bias",
      "blocks.8.attn.q_bias",
      "blocks.8.attn.v_bias",
      "blocks.8.attn.q_norm.weight",
      "blocks.8.attn.q_norm.bias",
      "blocks.8.attn.k_norm.weight",
      "blocks.8.attn.k_norm.bias",
      "blocks.8.attn.proj.bias",
      "blocks.8.norm2.weight",
      "blocks.8.norm2.bias",
      "blocks.8.mlp.fc1.bias",
      "blocks.8.mlp.fc2.bias"
    ],
    "lr_scale": 0.17850625000000003
  },
  "layer_9_decay": {
    "weight_decay": 0.05,
    "params": [
      "blocks.8.attn.qkv.weight",
      "blocks.8.attn.proj.weight",
      "blocks.8.mlp.fc1.weight",
      "blocks.8.mlp.fc2.weight"
    ],
    "lr_scale": 0.17850625000000003
  },
  "layer_10_no_decay": {
    "weight_decay": 0.0,
    "params": [
      "blocks.9.gamma_1",
      "blocks.9.gamma_2",
      "blocks.9.norm1.weight",
      "blocks.9.norm1.bias",
      "blocks.9.attn.q_bias",
      "blocks.9.attn.v_bias",
      "blocks.9.attn.q_norm.weight",
      "blocks.9.attn.q_norm.bias",
      "blocks.9.attn.k_norm.weight",
      "blocks.9.attn.k_norm.bias",
      "blocks.9.attn.proj.bias",
      "blocks.9.norm2.weight",
      "blocks.9.norm2.bias",
      "blocks.9.mlp.fc1.bias",
      "blocks.9.mlp.fc2.bias"
    ],
    "lr_scale": 0.274625
  },
  "layer_10_decay": {
    "weight_decay": 0.05,
    "params": [
      "blocks.9.attn.qkv.weight",
      "blocks.9.attn.proj.weight",
      "blocks.9.mlp.fc1.weight",
      "blocks.9.mlp.fc2.weight"
    ],
    "lr_scale": 0.274625
  },
  "layer_11_no_decay": {
    "weight_decay": 0.0,
    "params": [
      "blocks.10.gamma_1",
      "blocks.10.gamma_2",
      "blocks.10.norm1.weight",
      "blocks.10.norm1.bias",
      "blocks.10.attn.q_bias",
      "blocks.10.attn.v_bias",
      "blocks.10.attn.q_norm.weight",
      "blocks.10.attn.q_norm.bias",
      "blocks.10.attn.k_norm.weight",
      "blocks.10.attn.k_norm.bias",
      "blocks.10.attn.proj.bias",
      "blocks.10.norm2.weight",
      "blocks.10.norm2.bias",
      "blocks.10.mlp.fc1.bias",
      "blocks.10.mlp.fc2.bias"
    ],
    "lr_scale": 0.42250000000000004
  },
  "layer_11_decay": {
    "weight_decay": 0.05,
    "params": [
      "blocks.10.attn.qkv.weight",
      "blocks.10.attn.proj.weight",
      "blocks.10.mlp.fc1.weight",
      "blocks.10.mlp.fc2.weight"
    ],
    "lr_scale": 0.42250000000000004
  },
  "layer_12_no_decay": {
    "weight_decay": 0.0,
    "params": [
      "blocks.11.gamma_1",
      "blocks.11.gamma_2",
      "blocks.11.norm1.weight",
      "blocks.11.norm1.bias",
      "blocks.11.attn.q_bias",
      "blocks.11.attn.v_bias",
      "blocks.11.attn.q_norm.weight",
      "blocks.11.attn.q_norm.bias",
      "blocks.11.attn.k_norm.weight",
      "blocks.11.attn.k_norm.bias",
      "blocks.11.attn.proj.bias",
      "blocks.11.norm2.weight",
      "blocks.11.norm2.bias",
      "blocks.11.mlp.fc1.bias",
      "blocks.11.mlp.fc2.bias"
    ],
    "lr_scale": 0.65
  },
  "layer_12_decay": {
    "weight_decay": 0.05,
    "params": [
      "blocks.11.attn.qkv.weight",
      "blocks.11.attn.proj.weight",
      "blocks.11.mlp.fc1.weight",
      "blocks.11.mlp.fc2.weight"
    ],
    "lr_scale": 0.65
  },
  "layer_13_decay": {
    "weight_decay": 0.05,
    "params": [
      "head.weight"
    ],
    "lr_scale": 1.0
  }
}
Optimizer config: {'lr': 0.0005, 'weight_decay': 0.0, 'eps': 1e-08, 'betas': [0.9, 0.98]}
Use step level LR scheduler!
Set warmup steps = 500000
Set warmup steps = 0
Max WD = 0.0500000, Min WD = 0.0500000
criterion = MSELoss() (age regression, targets in [0, 1])
criterion = MSELoss()
Auto resume checkpoint: /home/mojtabam/projects/aip-aghodsib/mojtabam/EEG/final_logs/LaBraM/LABRAM_base_age_regression_2s/output/checkpoint-best.pth
Resume checkpoint /home/mojtabam/projects/aip-aghodsib/mojtabam/EEG/final_logs/LaBraM/LABRAM_base_age_regression_2s/output/checkpoint-best.pth
/home/mojtabam/miniconda3/envs/eeg_env/lib/python3.10/site-packages/timm/utils/model_ema.py:52: FutureWarning: You are using `torch.load` with `weights_only=False` (the current default value), which uses the default pickle module implicitly. It is possible to construct malicious pickle data which will execute arbitrary code during unpickling (See https://github.com/pytorch/pytorch/blob/main/SECURITY.md#untrusted-models for more details). In a future release, the default value for `weights_only` will be flipped to `True`. This limits the functions that could be executed during unpickling. Arbitrary objects will no longer be allowed to be loaded via this mode unless they are explicitly allowlisted by the user via `torch.serialization.add_safe_globals`. We recommend you start setting `weights_only=True` for any use case where you don't have full control of the loaded file. Please open an issue on GitHub for any issues related to this experimental feature.
  checkpoint = torch.load(checkpoint_path, map_location='cpu')
Failed to find state_dict_ema, starting from loaded model weights
Start training for 50 epochs

============================================================
Counting task types in validation and test sets...
============================================================
  Validation: 35,284 active, 204,188 passive samples
  Test: 35,976 active, 200,037 passive samples
============================================================

  Counting task types in training dataset...
  Training dataset: 165,361 active, 947,616 passive samples
[rank0]:[W514 18:33:54.787163062 reducer.cpp:1400] Warning: find_unused_parameters=True was specified in DDP constructor, but did not find any unused parameters in the forward pass. This flag results in an extra traversal of the autograd graph every iteration,  which can adversely affect performance. If your model indeed never has any unused parameters in the forward pass, consider turning this flag off. Note that this warning may be a false positive if your model has flow control causing later iterations to have unused parameters. (function operator())
Epoch: [0]  [     0/?]  eta: ?  lr: 0.000000  min_lr: 0.000000  loss: 0.0144 (0.0144)  class_acc: 0.9181 (0.9181)  loss_scale: 65536.0000 (65536.0000)  weight_decay: 0.0500 (0.0500)  grad_norm: 2.4235 (2.4235)  time: 46.6964  data: 42.7582  max mem: 16450
Epoch: [0]  [   500/?]  eta: ?  lr: 0.000001  min_lr: 0.000000  loss: 0.0136 (0.0138)  class_acc: 0.9183 (0.9187)  loss_scale: 65536.0000 (65536.0000)  weight_decay: 0.0500 (0.0500)  grad_norm: 2.6397 (2.5615)  time: 0.4279  data: 0.0003  max mem: 16496
Epoch: [0]  [  1000/?]  eta: ?  lr: 0.000001  min_lr: 0.000000  loss: 0.0139 (0.0136)  class_acc: 0.9196 (0.9194)  loss_scale: 65536.0000 (65536.0000)  weight_decay: 0.0500 (0.0500)  grad_norm: 2.6746 (2.5885)  time: 0.4279  data: 0.0002  max mem: 16496
Epoch: [0]  [  1500/?]  eta: ?  lr: 0.000002  min_lr: 0.000000  loss: 0.0120 (0.0135)  class_acc: 0.9231 (0.9200)  loss_scale: 65536.0000 (65536.0000)  weight_decay: 0.0500 (0.0500)  grad_norm: 2.5698 (2.6080)  time: 0.4296  data: 0.0002  max mem: 16496
Epoch: [0]  [  2000/?]  eta: ?  lr: 0.000002  min_lr: 0.000000  loss: 0.0125 (0.0133)  class_acc: 0.9237 (0.9206)  loss_scale: 65536.0000 (65601.5032)  weight_decay: 0.0500 (0.0500)  grad_norm: 2.5156 (2.6280)  time: 0.4275  data: 0.0002  max mem: 16496
Epoch: [0] Total time: 0:16:17 (0.4502 s / it)

============================================================
  DIAGNOSTIC: Epoch 0 Summary
============================================================
  Processed: 1,112,064 samples in 2,172 batches
  Batch size: 512
  Expected batches: ~2,172 (samples ÷ batch_size)
  Average samples per batch: 512.00

  Comparison with CNN (baseline):
    CNN: ~1,792,000 samples (~7,000 batches, batch_size=256)
    LaBraM: 1,112,064 samples (2,172 batches, batch_size=512)
    Ratio: 0.62x samples (fewer than CNN)
    ⚠️  WARNING: Significant difference from CNN dataset size!
    This suggests a serious issue with data loading or participant splits!
    Possible causes:
      1. Different participant splits (check random_seed and split ratios)
      2. Data duplication in IterableDataset (samples yielded multiple times)
      3. Different task_type usage (CNN might use 'active' or 'passive' instead of 'both')
      4. Different number of participants in train split
      5. LaBraM iterating through dataset multiple times
    Action: Check participant counts and verify no duplication in __iter__ methods
============================================================

Val:  [     0/?]  eta: ?  loss: 0.0304 (0.0304)  time: 27.5131  data: 26.7052  max mem: 16496
Val:  [    10/?]  eta: ?  loss: 0.0204 (0.0306)  time: 2.6656  data: 2.4282  max mem: 16496
Val:  [    20/?]  eta: ?  loss: 0.0179 (0.0242)  time: 0.1734  data: 0.0004  max mem: 16496
Val:  [    30/?]  eta: ?  loss: 0.0139 (0.0219)  time: 0.1662  data: 0.0003  max mem: 16496
Val:  [    40/?]  eta: ?  loss: 0.0170 (0.0218)  time: 0.1664  data: 0.0004  max mem: 16496
Val:  [    50/?]  eta: ?  loss: 0.0191 (0.0221)  time: 0.1665  data: 0.0003  max mem: 16496
Val:  [    60/?]  eta: ?  loss: 0.0191 (0.0257)  time: 0.1662  data: 0.0003  max mem: 16496
Val:  [    70/?]  eta: ?  loss: 0.0153 (0.0250)  time: 0.1663  data: 0.0002  max mem: 16496
Val:  [    80/?]  eta: ?  loss: 0.0153 (0.0247)  time: 0.1664  data: 0.0002  max mem: 16496
Val:  [    90/?]  eta: ?  loss: 0.0171 (0.0243)  time: 0.1663  data: 0.0003  max mem: 16496
Val:  [   100/?]  eta: ?  loss: 0.0180 (0.0241)  time: 0.1664  data: 0.0003  max mem: 16496
Val:  [   110/?]  eta: ?  loss: 0.0166 (0.0236)  time: 0.1665  data: 0.0002  max mem: 16496
Val:  [   120/?]  eta: ?  loss: 0.0161 (0.0238)  time: 0.1666  data: 0.0002  max mem: 16496
Val:  [   130/?]  eta: ?  loss: 0.0182 (0.0238)  time: 0.1666  data: 0.0002  max mem: 16496
Val:  [   140/?]  eta: ?  loss: 0.0189 (0.0236)  time: 0.1666  data: 0.0002  max mem: 16496
Val:  [   150/?]  eta: ?  loss: 0.0189 (0.0237)  time: 0.1666  data: 0.0003  max mem: 16496
Val:  [   160/?]  eta: ?  loss: 0.0174 (0.0238)  time: 0.1666  data: 0.0003  max mem: 16496
Val:  [   170/?]  eta: ?  loss: 0.0174 (0.0237)  time: 0.1666  data: 0.0002  max mem: 16496
Val:  [   180/?]  eta: ?  loss: 0.0143 (0.0235)  time: 0.1666  data: 0.0002  max mem: 16496
Val:  [   190/?]  eta: ?  loss: 0.0131 (0.0231)  time: 0.1666  data: 0.0002  max mem: 16496
Val:  [   200/?]  eta: ?  loss: 0.0137 (0.0230)  time: 0.1666  data: 0.0002  max mem: 16496
Val:  [   210/?]  eta: ?  loss: 0.0179 (0.0230)  time: 0.1666  data: 0.0002  max mem: 16496
Val:  [   220/?]  eta: ?  loss: 0.0161 (0.0227)  time: 0.1667  data: 0.0003  max mem: 16496
Val:  [   230/?]  eta: ?  loss: 0.0159 (0.0226)  time: 0.1668  data: 0.0003  max mem: 16496
Val:  [   240/?]  eta: ?  loss: 0.0129 (0.0225)  time: 0.1668  data: 0.0002  max mem: 16496
Val:  [   250/?]  eta: ?  loss: 0.0134 (0.0232)  time: 0.1669  data: 0.0002  max mem: 16496
Val:  [   260/?]  eta: ?  loss: 0.0145 (0.0234)  time: 0.1671  data: 0.0002  max mem: 16496
Val:  [   270/?]  eta: ?  loss: 0.0243 (0.0235)  time: 0.1670  data: 0.0002  max mem: 16496
Val:  [   280/?]  eta: ?  loss: 0.0238 (0.0235)  time: 0.1670  data: 0.0002  max mem: 16496
Val:  [   290/?]  eta: ?  loss: 0.0126 (0.0234)  time: 0.1671  data: 0.0002  max mem: 16496
Val:  [   300/?]  eta: ?  loss: 0.0119 (0.0232)  time: 0.1670  data: 0.0002  max mem: 16496
Val:  [   310/?]  eta: ?  loss: 0.0153 (0.0230)  time: 0.1681  data: 0.0002  max mem: 16496
Val: Total time: 0:01:19 (0.2550 s / it)
* loss 0.023
Test:  [     0/?]  eta: ?  loss: 0.0113 (0.0113)  time: 27.1407  data: 26.9762  max mem: 16496
Test:  [    10/?]  eta: ?  loss: 0.0150 (0.0186)  time: 2.6185  data: 2.4534  max mem: 16496
Test:  [    20/?]  eta: ?  loss: 0.0133 (0.0166)  time: 0.1661  data: 0.0007  max mem: 16496
Test:  [    30/?]  eta: ?  loss: 0.0157 (0.0170)  time: 0.1659  data: 0.0002  max mem: 16496
Test:  [    40/?]  eta: ?  loss: 0.0173 (0.0172)  time: 0.1659  data: 0.0002  max mem: 16496
Test:  [    50/?]  eta: ?  loss: 0.0167 (0.0173)  time: 0.1660  data: 0.0002  max mem: 16496
Test:  [    60/?]  eta: ?  loss: 0.0160 (0.0168)  time: 0.1661  data: 0.0002  max mem: 16496
Test:  [    70/?]  eta: ?  loss: 0.0118 (0.0162)  time: 0.1661  data: 0.0003  max mem: 16496
Test:  [    80/?]  eta: ?  loss: 0.0120 (0.0164)  time: 0.1662  data: 0.0002  max mem: 16496
Test:  [    90/?]  eta: ?  loss: 0.0203 (0.0173)  time: 0.1663  data: 0.0002  max mem: 16496
Test:  [   100/?]  eta: ?  loss: 0.0227 (0.0186)  time: 0.1663  data: 0.0002  max mem: 16496
Test:  [   110/?]  eta: ?  loss: 0.0206 (0.0185)  time: 0.1665  data: 0.0002  max mem: 16496
Test:  [   120/?]  eta: ?  loss: 0.0124 (0.0192)  time: 0.1666  data: 0.0002  max mem: 16496
Test:  [   130/?]  eta: ?  loss: 0.0180 (0.0190)  time: 0.1666  data: 0.0002  max mem: 16496
Test:  [   140/?]  eta: ?  loss: 0.0141 (0.0192)  time: 0.1666  data: 0.0002  max mem: 16496
Test:  [   150/?]  eta: ?  loss: 0.0141 (0.0193)  time: 0.1666  data: 0.0003  max mem: 16496
Test:  [   160/?]  eta: ?  loss: 0.0169 (0.0195)  time: 0.1666  data: 0.0003  max mem: 16496
Test:  [   170/?]  eta: ?  loss: 0.0159 (0.0196)  time: 0.1666  data: 0.0003  max mem: 16496
Test:  [   180/?]  eta: ?  loss: 0.0174 (0.0198)  time: 0.1667  data: 0.0003  max mem: 16496
Test:  [   190/?]  eta: ?  loss: 0.0195 (0.0198)  time: 0.1667  data: 0.0003  max mem: 16496
Test:  [   200/?]  eta: ?  loss: 0.0196 (0.0201)  time: 0.1666  data: 0.0003  max mem: 16496
Test:  [   210/?]  eta: ?  loss: 0.0171 (0.0201)  time: 0.1666  data: 0.0002  max mem: 16496
Test:  [   220/?]  eta: ?  loss: 0.0117 (0.0202)  time: 0.1666  data: 0.0002  max mem: 16496
Test:  [   230/?]  eta: ?  loss: 0.0152 (0.0202)  time: 0.1666  data: 0.0002  max mem: 16496
Test:  [   240/?]  eta: ?  loss: 0.0152 (0.0201)  time: 0.1666  data: 0.0002  max mem: 16496
Test:  [   250/?]  eta: ?  loss: 0.0127 (0.0199)  time: 0.1667  data: 0.0002  max mem: 16496
Test:  [   260/?]  eta: ?  loss: 0.0128 (0.0200)  time: 0.1668  data: 0.0003  max mem: 16496
Test:  [   270/?]  eta: ?  loss: 0.0156 (0.0199)  time: 0.1667  data: 0.0003  max mem: 16496
Test:  [   280/?]  eta: ?  loss: 0.0138 (0.0204)  time: 0.1668  data: 0.0003  max mem: 16496
Test:  [   290/?]  eta: ?  loss: 0.0148 (0.0203)  time: 0.1669  data: 0.0003  max mem: 16496
Test:  [   300/?]  eta: ?  loss: 0.0179 (0.0206)  time: 0.1712  data: 0.0002  max mem: 16496
Test:  [   310/?]  eta: ?  loss: 0.0321 (0.0212)  time: 0.1395  data: 0.0002  max mem: 16496
Test: Total time: 0:01:18 (0.2509 s / it)
* loss 0.021
  → Epoch   1/50 | Train Loss: 0.0132 | Val Loss: 0.0230 | Train score (1/(1+norm_MAE)): 0.9209 | Val MAE (years): 1.9149 | LR: 0.000000
Best val MAE (years): 1.9149, test MAE at best val: 1.8538
  Test segment MAE: 1.8538 | participant median MAE: 1.5624 | participant mean MAE: 1.5877
Epoch: [1]  [     0/?]  eta: ?  lr: 0.000100  min_lr: 0.000000  loss: 0.0122 (0.0122)  class_acc: 0.9242 (0.9242)  loss_scale: 131072.0000 (131072.0000)  weight_decay: 0.0500 (0.0500)  grad_norm: 2.6397 (2.6397)  time: 7.8697  data: 7.4576  max mem: 16496
Epoch: [1]  [   500/?]  eta: ?  lr: 0.000101  min_lr: 0.000000  loss: 0.0121 (0.0124)  class_acc: 0.9230 (0.9233)  loss_scale: 131072.0000 (131072.0000)  weight_decay: 0.0500 (0.0500)  grad_norm: 2.6340 (2.8511)  time: 0.4258  data: 0.0004  max mem: 16496
Epoch: [1]  [  1000/?]  eta: ?  lr: 0.000101  min_lr: 0.000000  loss: 0.0123 (0.0122)  class_acc: 0.9241 (0.9240)  loss_scale: 131072.0000 (131072.0000)  weight_decay: 0.0500 (0.0500)  grad_norm: 3.0120 (2.9925)  time: 0.4255  data: 0.0003  max mem: 16496
Epoch: [1]  [  1500/?]  eta: ?  lr: 0.000102  min_lr: 0.000000  loss: 0.0106 (0.0120)  class_acc: 0.9277 (0.9246)  loss_scale: 131072.0000 (131072.0000)  weight_decay: 0.0500 (0.0500)  grad_norm: 2.6640 (3.0440)  time: 0.4313  data: 0.0002  max mem: 16496
Epoch: [1]  [  2000/?]  eta: ?  lr: 0.000102  min_lr: 0.000000  loss: 0.0107 (0.0119)  class_acc: 0.9283 (0.9252)  loss_scale: 262144.0000 (142469.5652)  weight_decay: 0.0500 (0.0500)  grad_norm: 2.5099 (3.0537)  time: 0.4245  data: 0.0002  max mem: 16496
Epoch: [1] Total time: 0:15:47 (0.4363 s / it)
Val:  [     0/?]  eta: ?  loss: 0.0351 (0.0351)  time: 2.2650  data: 2.0995  max mem: 16496
Val:  [    10/?]  eta: ?  loss: 0.0229 (0.0319)  time: 0.3576  data: 0.1911  max mem: 16496
Val:  [    20/?]  eta: ?  loss: 0.0152 (0.0251)  time: 0.1670  data: 0.0003  max mem: 16496
Val:  [    30/?]  eta: ?  loss: 0.0140 (0.0226)  time: 0.1672  data: 0.0003  max mem: 16496
Val:  [    40/?]  eta: ?  loss: 0.0146 (0.0225)  time: 0.1671  data: 0.0003  max mem: 16496
Val:  [    50/?]  eta: ?  loss: 0.0241 (0.0228)  time: 0.1670  data: 0.0003  max mem: 16496
Val:  [    60/?]  eta: ?  loss: 0.0241 (0.0264)  time: 0.1670  data: 0.0002  max mem: 16496
Val:  [    70/?]  eta: ?  loss: 0.0178 (0.0259)  time: 0.1669  data: 0.0002  max mem: 16496
Val:  [    80/?]  eta: ?  loss: 0.0178 (0.0256)  time: 0.1670  data: 0.0002  max mem: 16496
Val:  [    90/?]  eta: ?  loss: 0.0167 (0.0251)  time: 0.1670  data: 0.0002  max mem: 16496
Val:  [   100/?]  eta: ?  loss: 0.0201 (0.0250)  time: 0.1670  data: 0.0002  max mem: 16496
Val:  [   110/?]  eta: ?  loss: 0.0186 (0.0245)  time: 0.1671  data: 0.0003  max mem: 16496
Val:  [   120/?]  eta: ?  loss: 0.0163 (0.0248)  time: 0.1672  data: 0.0003  max mem: 16496
Val:  [   130/?]  eta: ?  loss: 0.0194 (0.0248)  time: 0.1671  data: 0.0003  max mem: 16496
Val:  [   140/?]  eta: ?  loss: 0.0237 (0.0246)  time: 0.1671  data: 0.0003  max mem: 16496
Val:  [   150/?]  eta: ?  loss: 0.0197 (0.0250)  time: 0.1670  data: 0.0003  max mem: 16496
Val:  [   160/?]  eta: ?  loss: 0.0162 (0.0250)  time: 0.1670  data: 0.0003  max mem: 16496
Val:  [   170/?]  eta: ?  loss: 0.0162 (0.0249)  time: 0.1671  data: 0.0002  max mem: 16496
Val:  [   180/?]  eta: ?  loss: 0.0149 (0.0247)  time: 0.1671  data: 0.0002  max mem: 16496
Val:  [   190/?]  eta: ?  loss: 0.0131 (0.0243)  time: 0.1672  data: 0.0002  max mem: 16496
Val:  [   200/?]  eta: ?  loss: 0.0131 (0.0243)  time: 0.1672  data: 0.0002  max mem: 16496
Val:  [   210/?]  eta: ?  loss: 0.0181 (0.0242)  time: 0.1672  data: 0.0003  max mem: 16496
Val:  [   220/?]  eta: ?  loss: 0.0166 (0.0239)  time: 0.1672  data: 0.0003  max mem: 16496
Val:  [   230/?]  eta: ?  loss: 0.0168 (0.0238)  time: 0.1672  data: 0.0002  max mem: 16496
Val:  [   240/?]  eta: ?  loss: 0.0130 (0.0237)  time: 0.1672  data: 0.0002  max mem: 16496
Val:  [   250/?]  eta: ?  loss: 0.0130 (0.0243)  time: 0.1672  data: 0.0002  max mem: 16496
Val:  [   260/?]  eta: ?  loss: 0.0163 (0.0243)  time: 0.1673  data: 0.0002  max mem: 16496
Val:  [   270/?]  eta: ?  loss: 0.0177 (0.0246)  time: 0.1672  data: 0.0002  max mem: 16496
Val:  [   280/?]  eta: ?  loss: 0.0280 (0.0246)  time: 0.1673  data: 0.0002  max mem: 16496
Val:  [   290/?]  eta: ?  loss: 0.0152 (0.0245)  time: 0.1673  data: 0.0002  max mem: 16496
Val:  [   300/?]  eta: ?  loss: 0.0147 (0.0243)  time: 0.1672  data: 0.0002  max mem: 16496
Val:  [   310/?]  eta: ?  loss: 0.0153 (0.0242)  time: 0.1657  data: 0.0002  max mem: 16496
Val: Total time: 0:00:54 (0.1738 s / it)
* loss 0.024
Test:  [     0/?]  eta: ?  loss: 0.0119 (0.0119)  time: 2.1674  data: 2.0019  max mem: 16496
Test:  [    10/?]  eta: ?  loss: 0.0188 (0.0208)  time: 0.3490  data: 0.1822  max mem: 16496
Test:  [    20/?]  eta: ?  loss: 0.0171 (0.0188)  time: 0.1674  data: 0.0002  max mem: 16496
Test:  [    30/?]  eta: ?  loss: 0.0171 (0.0188)  time: 0.1674  data: 0.0002  max mem: 16496
Test:  [    40/?]  eta: ?  loss: 0.0182 (0.0189)  time: 0.1673  data: 0.0003  max mem: 16496
Test:  [    50/?]  eta: ?  loss: 0.0137 (0.0185)  time: 0.1673  data: 0.0003  max mem: 16496
Test:  [    60/?]  eta: ?  loss: 0.0137 (0.0177)  time: 0.1672  data: 0.0003  max mem: 16496
Test:  [    70/?]  eta: ?  loss: 0.0123 (0.0171)  time: 0.1672  data: 0.0003  max mem: 16496
Test:  [    80/?]  eta: ?  loss: 0.0142 (0.0171)  time: 0.1673  data: 0.0003  max mem: 16496
Test:  [    90/?]  eta: ?  loss: 0.0206 (0.0182)  time: 0.1673  data: 0.0003  max mem: 16496
Test:  [   100/?]  eta: ?  loss: 0.0246 (0.0193)  time: 0.1673  data: 0.0002  max mem: 16496
Test:  [   110/?]  eta: ?  loss: 0.0207 (0.0192)  time: 0.1673  data: 0.0002  max mem: 16496
Test:  [   120/?]  eta: ?  loss: 0.0137 (0.0199)  time: 0.1673  data: 0.0003  max mem: 16496
Test:  [   130/?]  eta: ?  loss: 0.0145 (0.0196)  time: 0.1673  data: 0.0002  max mem: 16496
Test:  [   140/?]  eta: ?  loss: 0.0142 (0.0199)  time: 0.1672  data: 0.0002  max mem: 16496
Test:  [   150/?]  eta: ?  loss: 0.0212 (0.0203)  time: 0.1673  data: 0.0002  max mem: 16496
Test:  [   160/?]  eta: ?  loss: 0.0212 (0.0206)  time: 0.1673  data: 0.0003  max mem: 16496
Test:  [   170/?]  eta: ?  loss: 0.0206 (0.0208)  time: 0.1673  data: 0.0002  max mem: 16496
Test:  [   180/?]  eta: ?  loss: 0.0186 (0.0210)  time: 0.1673  data: 0.0002  max mem: 16496
Test:  [   190/?]  eta: ?  loss: 0.0173 (0.0209)  time: 0.1673  data: 0.0002  max mem: 16496
Test:  [   200/?]  eta: ?  loss: 0.0166 (0.0210)  time: 0.1674  data: 0.0002  max mem: 16496
Test:  [   210/?]  eta: ?  loss: 0.0155 (0.0210)  time: 0.1674  data: 0.0002  max mem: 16496
Test:  [   220/?]  eta: ?  loss: 0.0143 (0.0212)  time: 0.1674  data: 0.0002  max mem: 16496
Test:  [   230/?]  eta: ?  loss: 0.0158 (0.0212)  time: 0.1675  data: 0.0003  max mem: 16496
Test:  [   240/?]  eta: ?  loss: 0.0162 (0.0209)  time: 0.1675  data: 0.0003  max mem: 16496
Test:  [   250/?]  eta: ?  loss: 0.0125 (0.0208)  time: 0.1675  data: 0.0003  max mem: 16496
Test:  [   260/?]  eta: ?  loss: 0.0156 (0.0209)  time: 0.1674  data: 0.0003  max mem: 16496
Test:  [   270/?]  eta: ?  loss: 0.0165 (0.0208)  time: 0.1674  data: 0.0003  max mem: 16496
Test:  [   280/?]  eta: ?  loss: 0.0150 (0.0214)  time: 0.1675  data: 0.0003  max mem: 16496
Test:  [   290/?]  eta: ?  loss: 0.0167 (0.0214)  time: 0.1674  data: 0.0002  max mem: 16496
Test:  [   300/?]  eta: ?  loss: 0.0188 (0.0217)  time: 0.1674  data: 0.0002  max mem: 16496
Test:  [   310/?]  eta: ?  loss: 0.0294 (0.0225)  time: 0.1335  data: 0.0002  max mem: 16496
Test: Total time: 0:00:53 (0.1712 s / it)
* loss 0.022
  → Epoch   2/50 | Train Loss: 0.0118 | Val Loss: 0.0241 | Train score (1/(1+norm_MAE)): 0.9254 | Val MAE (years): 1.9489 | LR: 0.000000
Best val MAE (years): 1.9149, test MAE at best val: 1.8538
  Test segment MAE: 1.8828 | participant median MAE: 1.5981 | participant mean MAE: 1.6168
Epoch: [2]  [     0/?]  eta: ?  lr: 0.000200  min_lr: 0.000001  loss: 0.0114 (0.0114)  class_acc: 0.9273 (0.9273)  loss_scale: 262144.0000 (262144.0000)  weight_decay: 0.0500 (0.0500)  grad_norm: 4.0349 (4.0349)  time: 7.2862  data: 6.8752  max mem: 16496
Epoch: [2]  [   500/?]  eta: ?  lr: 0.000201  min_lr: 0.000001  loss: 0.0114 (0.0115)  class_acc: 0.9257 (0.9265)  loss_scale: 262144.0000 (262144.0000)  weight_decay: 0.0500 (0.0500)  grad_norm: 3.0281 (3.2537)  time: 0.4264  data: 0.0002  max mem: 16496
Epoch: [2]  [  1000/?]  eta: ?  lr: 0.000201  min_lr: 0.000001  loss: 0.0110 (0.0115)  class_acc: 0.9262 (0.9267)  loss_scale: 262144.0000 (262144.0000)  weight_decay: 0.0500 (0.0500)  grad_norm: 2.9112 (3.2826)  time: 0.4277  data: 0.0002  max mem: 16496
Epoch: [2]  [  1500/?]  eta: ?  lr: 0.000202  min_lr: 0.000001  loss: 0.0103 (0.0113)  class_acc: 0.9295 (0.9272)  loss_scale: 262144.0000 (262144.0000)  weight_decay: 0.0500 (0.0500)  grad_norm: 3.2247 (3.2865)  time: 0.4285  data: 0.0002  max mem: 16496
Epoch: [2]  [  2000/?]  eta: ?  lr: 0.000202  min_lr: 0.000001  loss: 0.0103 (0.0112)  class_acc: 0.9301 (0.9278)  loss_scale: 524288.0000 (307472.2479)  weight_decay: 0.0500 (0.0500)  grad_norm: 3.3971 (3.2690)  time: 0.4326  data: 0.0002  max mem: 16496
Epoch: [2] Total time: 0:15:48 (0.4366 s / it)
Val:  [     0/?]  eta: ?  loss: 0.0341 (0.0341)  time: 2.1924  data: 2.0270  max mem: 16496
Val:  [    10/?]  eta: ?  loss: 0.0215 (0.0311)  time: 0.3507  data: 0.1845  max mem: 16496
Val:  [    20/?]  eta: ?  loss: 0.0186 (0.0252)  time: 0.1668  data: 0.0003  max mem: 16496
Val:  [    30/?]  eta: ?  loss: 0.0155 (0.0231)  time: 0.1669  data: 0.0002  max mem: 16496
Val:  [    40/?]  eta: ?  loss: 0.0184 (0.0231)  time: 0.1668  data: 0.0002  max mem: 16496
Val:  [    50/?]  eta: ?  loss: 0.0179 (0.0231)  time: 0.1669  data: 0.0002  max mem: 16496
Val:  [    60/?]  eta: ?  loss: 0.0179 (0.0262)  time: 0.1668  data: 0.0002  max mem: 16496
Val:  [    70/?]  eta: ?  loss: 0.0148 (0.0254)  time: 0.1669  data: 0.0002  max mem: 16496
Val:  [    80/?]  eta: ?  loss: 0.0156 (0.0252)  time: 0.1669  data: 0.0003  max mem: 16496
Val:  [    90/?]  eta: ?  loss: 0.0172 (0.0249)  time: 0.1669  data: 0.0003  max mem: 16496
Val:  [   100/?]  eta: ?  loss: 0.0220 (0.0247)  time: 0.1670  data: 0.0002  max mem: 16496
Val:  [   110/?]  eta: ?  loss: 0.0220 (0.0242)  time: 0.1669  data: 0.0002  max mem: 16496
Val:  [   120/?]  eta: ?  loss: 0.0168 (0.0244)  time: 0.1671  data: 0.0003  max mem: 16496
Val:  [   130/?]  eta: ?  loss: 0.0172 (0.0242)  time: 0.1670  data: 0.0003  max mem: 16496
Val:  [   140/?]  eta: ?  loss: 0.0186 (0.0239)  time: 0.1670  data: 0.0002  max mem: 16496
Val:  [   150/?]  eta: ?  loss: 0.0186 (0.0242)  time: 0.1671  data: 0.0002  max mem: 16496
Val:  [   160/?]  eta: ?  loss: 0.0176 (0.0244)  time: 0.1672  data: 0.0003  max mem: 16496
Val:  [   170/?]  eta: ?  loss: 0.0176 (0.0244)  time: 0.1672  data: 0.0003  max mem: 16496
Val:  [   180/?]  eta: ?  loss: 0.0163 (0.0242)  time: 0.1672  data: 0.0003  max mem: 16496
Val:  [   190/?]  eta: ?  loss: 0.0150 (0.0239)  time: 0.1672  data: 0.0003  max mem: 16496
Val:  [   200/?]  eta: ?  loss: 0.0144 (0.0238)  time: 0.1672  data: 0.0002  max mem: 16496
Val:  [   210/?]  eta: ?  loss: 0.0160 (0.0238)  time: 0.1672  data: 0.0003  max mem: 16496
Val:  [   220/?]  eta: ?  loss: 0.0153 (0.0234)  time: 0.1672  data: 0.0003  max mem: 16496
Val:  [   230/?]  eta: ?  loss: 0.0149 (0.0233)  time: 0.1672  data: 0.0003  max mem: 16496
Val:  [   240/?]  eta: ?  loss: 0.0140 (0.0233)  time: 0.1672  data: 0.0002  max mem: 16496
Val:  [   250/?]  eta: ?  loss: 0.0161 (0.0240)  time: 0.1673  data: 0.0002  max mem: 16496
Val:  [   260/?]  eta: ?  loss: 0.0166 (0.0239)  time: 0.1672  data: 0.0002  max mem: 16496
Val:  [   270/?]  eta: ?  loss: 0.0239 (0.0240)  time: 0.1672  data: 0.0003  max mem: 16496
Val:  [   280/?]  eta: ?  loss: 0.0239 (0.0240)  time: 0.1673  data: 0.0003  max mem: 16496
Val:  [   290/?]  eta: ?  loss: 0.0149 (0.0239)  time: 0.1673  data: 0.0002  max mem: 16496
Val:  [   300/?]  eta: ?  loss: 0.0149 (0.0236)  time: 0.1673  data: 0.0002  max mem: 16496
Val:  [   310/?]  eta: ?  loss: 0.0163 (0.0235)  time: 0.1657  data: 0.0003  max mem: 16496
Val: Total time: 0:00:54 (0.1735 s / it)
* loss 0.023
Test:  [     0/?]  eta: ?  loss: 0.0110 (0.0110)  time: 1.9484  data: 1.7828  max mem: 16496
Test:  [    10/?]  eta: ?  loss: 0.0157 (0.0196)  time: 0.3298  data: 0.1630  max mem: 16496
Test:  [    20/?]  eta: ?  loss: 0.0129 (0.0177)  time: 0.1676  data: 0.0007  max mem: 16496
Test:  [    30/?]  eta: ?  loss: 0.0140 (0.0176)  time: 0.1674  data: 0.0003  max mem: 16496
Test:  [    40/?]  eta: ?  loss: 0.0167 (0.0177)  time: 0.1674  data: 0.0003  max mem: 16496
Test:  [    50/?]  eta: ?  loss: 0.0167 (0.0179)  time: 0.1673  data: 0.0003  max mem: 16496
Test:  [    60/?]  eta: ?  loss: 0.0153 (0.0173)  time: 0.1673  data: 0.0003  max mem: 16496
Test:  [    70/?]  eta: ?  loss: 0.0139 (0.0169)  time: 0.1673  data: 0.0003  max mem: 16496
Test:  [    80/?]  eta: ?  loss: 0.0141 (0.0171)  time: 0.1673  data: 0.0002  max mem: 16496
Test:  [    90/?]  eta: ?  loss: 0.0212 (0.0180)  time: 0.1674  data: 0.0003  max mem: 16496
Test:  [   100/?]  eta: ?  loss: 0.0217 (0.0191)  time: 0.1674  data: 0.0003  max mem: 16496
Test:  [   110/?]  eta: ?  loss: 0.0213 (0.0189)  time: 0.1674  data: 0.0003  max mem: 16496
Test:  [   120/?]  eta: ?  loss: 0.0130 (0.0197)  time: 0.1674  data: 0.0003  max mem: 16496
Test:  [   130/?]  eta: ?  loss: 0.0169 (0.0195)  time: 0.1674  data: 0.0002  max mem: 16496
Test:  [   140/?]  eta: ?  loss: 0.0163 (0.0197)  time: 0.1673  data: 0.0002  max mem: 16496
Test:  [   150/?]  eta: ?  loss: 0.0166 (0.0200)  time: 0.1673  data: 0.0003  max mem: 16496
Test:  [   160/?]  eta: ?  loss: 0.0197 (0.0202)  time: 0.1674  data: 0.0003  max mem: 16496
Test:  [   170/?]  eta: ?  loss: 0.0180 (0.0204)  time: 0.1674  data: 0.0002  max mem: 16496
Test:  [   180/?]  eta: ?  loss: 0.0180 (0.0207)  time: 0.1674  data: 0.0003  max mem: 16496
Test:  [   190/?]  eta: ?  loss: 0.0213 (0.0207)  time: 0.1675  data: 0.0003  max mem: 16496
Test:  [   200/?]  eta: ?  loss: 0.0213 (0.0210)  time: 0.1675  data: 0.0003  max mem: 16496
Test:  [   210/?]  eta: ?  loss: 0.0187 (0.0210)  time: 0.1674  data: 0.0003  max mem: 16496
Test:  [   220/?]  eta: ?  loss: 0.0120 (0.0211)  time: 0.1674  data: 0.0003  max mem: 16496
Test:  [   230/?]  eta: ?  loss: 0.0148 (0.0212)  time: 0.1674  data: 0.0003  max mem: 16496
Test:  [   240/?]  eta: ?  loss: 0.0165 (0.0210)  time: 0.1674  data: 0.0003  max mem: 16496
Test:  [   250/?]  eta: ?  loss: 0.0121 (0.0208)  time: 0.1675  data: 0.0002  max mem: 16496
Test:  [   260/?]  eta: ?  loss: 0.0144 (0.0209)  time: 0.1674  data: 0.0002  max mem: 16496
Test:  [   270/?]  eta: ?  loss: 0.0144 (0.0208)  time: 0.1674  data: 0.0002  max mem: 16496
Test:  [   280/?]  eta: ?  loss: 0.0130 (0.0215)  time: 0.1675  data: 0.0003  max mem: 16496
Test:  [   290/?]  eta: ?  loss: 0.0137 (0.0214)  time: 0.1675  data: 0.0003  max mem: 16496
Test:  [   300/?]  eta: ?  loss: 0.0190 (0.0218)  time: 0.1674  data: 0.0002  max mem: 16496
Test:  [   310/?]  eta: ?  loss: 0.0325 (0.0225)  time: 0.1336  data: 0.0002  max mem: 16496
Test: Total time: 0:00:53 (0.1706 s / it)
* loss 0.022
  → Epoch   3/50 | Train Loss: 0.0111 | Val Loss: 0.0235 | Train score (1/(1+norm_MAE)): 0.9279 | Val MAE (years): 1.9440 | LR: 0.000001
Best val MAE (years): 1.9149, test MAE at best val: 1.8538
  Test segment MAE: 1.9033 | participant median MAE: 1.6122 | participant mean MAE: 1.6372
Epoch: [3]  [     0/?]  eta: ?  lr: 0.000300  min_lr: 0.000001  loss: 0.0108 (0.0108)  class_acc: 0.9310 (0.9310)  loss_scale: 524288.0000 (524288.0000)  weight_decay: 0.0500 (0.0500)  grad_norm: 2.3729 (2.3729)  time: 8.3785  data: 7.9603  max mem: 16496
Epoch: [3]  [   500/?]  eta: ?  lr: 0.000301  min_lr: 0.000001  loss: 0.0110 (0.0108)  class_acc: 0.9276 (0.9291)  loss_scale: 524288.0000 (524288.0000)  weight_decay: 0.0500 (0.0500)  grad_norm: 2.9612 (3.1876)  time: 0.4255  data: 0.0002  max mem: 16496
Epoch: [3]  [  1000/?]  eta: ?  lr: 0.000301  min_lr: 0.000001  loss: 0.0107 (0.0108)  class_acc: 0.9300 (0.9293)  loss_scale: 524288.0000 (524288.0000)  weight_decay: 0.0500 (0.0500)  grad_norm: 3.3493 (3.2232)  time: 0.4274  data: 0.0002  max mem: 16496
Epoch: [3]  [  1500/?]  eta: ?  lr: 0.000302  min_lr: 0.000001  loss: 0.0095 (0.0107)  class_acc: 0.9324 (0.9298)  loss_scale: 1048576.0000 (530575.2645)  weight_decay: 0.0500 (0.0500)  grad_norm: 3.0525 (3.1927)  time: 0.4345  data: 0.0002  max mem: 16496
Epoch: [3]  [  2000/?]  eta: ?  lr: 0.000302  min_lr: 0.000001  loss: 0.0101 (0.0105)  class_acc: 0.9320 (0.9303)  loss_scale: 1048576.0000 (660010.7306)  weight_decay: 0.0500 (0.0500)  grad_norm: 2.8014 (3.1391)  time: 0.4280  data: 0.0003  max mem: 16496
Epoch: [3] Total time: 0:15:49 (0.4370 s / it)
Val:  [     0/?]  eta: ?  loss: 0.0292 (0.0292)  time: 2.2133  data: 2.0480  max mem: 16496
Val:  [    10/?]  eta: ?  loss: 0.0212 (0.0307)  time: 0.3531  data: 0.1865  max mem: 16496
Val:  [    20/?]  eta: ?  loss: 0.0187 (0.0252)  time: 0.1671  data: 0.0003  max mem: 16496
Val:  [    30/?]  eta: ?  loss: 0.0162 (0.0230)  time: 0.1672  data: 0.0003  max mem: 16496
Val:  [    40/?]  eta: ?  loss: 0.0175 (0.0229)  time: 0.1672  data: 0.0003  max mem: 16496
Val:  [    50/?]  eta: ?  loss: 0.0179 (0.0229)  time: 0.1672  data: 0.0003  max mem: 16496
Val:  [    60/?]  eta: ?  loss: 0.0179 (0.0259)  time: 0.1671  data: 0.0003  max mem: 16496
Val:  [    70/?]  eta: ?  loss: 0.0163 (0.0252)  time: 0.1671  data: 0.0003  max mem: 16496
Val:  [    80/?]  eta: ?  loss: 0.0163 (0.0252)  time: 0.1671  data: 0.0003  max mem: 16496
Val:  [    90/?]  eta: ?  loss: 0.0186 (0.0248)  time: 0.1672  data: 0.0003  max mem: 16496
Val:  [   100/?]  eta: ?  loss: 0.0208 (0.0247)  time: 0.1671  data: 0.0003  max mem: 16496
Val:  [   110/?]  eta: ?  loss: 0.0208 (0.0242)  time: 0.1671  data: 0.0003  max mem: 16496
Val:  [   120/?]  eta: ?  loss: 0.0185 (0.0245)  time: 0.1670  data: 0.0003  max mem: 16496
Val:  [   130/?]  eta: ?  loss: 0.0188 (0.0243)  time: 0.1670  data: 0.0002  max mem: 16496
Val:  [   140/?]  eta: ?  loss: 0.0183 (0.0241)  time: 0.1671  data: 0.0002  max mem: 16496
Val:  [   150/?]  eta: ?  loss: 0.0180 (0.0243)  time: 0.1670  data: 0.0002  max mem: 16496
Val:  [   160/?]  eta: ?  loss: 0.0193 (0.0243)  time: 0.1670  data: 0.0002  max mem: 16496
Val:  [   170/?]  eta: ?  loss: 0.0193 (0.0244)  time: 0.1671  data: 0.0002  max mem: 16496
Val:  [   180/?]  eta: ?  loss: 0.0169 (0.0242)  time: 0.1671  data: 0.0002  max mem: 16496
Val:  [   190/?]  eta: ?  loss: 0.0149 (0.0239)  time: 0.1671  data: 0.0002  max mem: 16496
Val:  [   200/?]  eta: ?  loss: 0.0149 (0.0239)  time: 0.1671  data: 0.0002  max mem: 16496
Val:  [   210/?]  eta: ?  loss: 0.0170 (0.0239)  time: 0.1672  data: 0.0003  max mem: 16496
Val:  [   220/?]  eta: ?  loss: 0.0170 (0.0236)  time: 0.1672  data: 0.0002  max mem: 16496
Val:  [   230/?]  eta: ?  loss: 0.0171 (0.0235)  time: 0.1672  data: 0.0002  max mem: 16496
Val:  [   240/?]  eta: ?  loss: 0.0173 (0.0235)  time: 0.1672  data: 0.0003  max mem: 16496
Val:  [   250/?]  eta: ?  loss: 0.0176 (0.0240)  time: 0.1672  data: 0.0002  max mem: 16496
Val:  [   260/?]  eta: ?  loss: 0.0176 (0.0241)  time: 0.1673  data: 0.0003  max mem: 16496
Val:  [   270/?]  eta: ?  loss: 0.0249 (0.0243)  time: 0.1672  data: 0.0002  max mem: 16496
Val:  [   280/?]  eta: ?  loss: 0.0249 (0.0243)  time: 0.1672  data: 0.0002  max mem: 16496
Val:  [   290/?]  eta: ?  loss: 0.0135 (0.0243)  time: 0.1672  data: 0.0002  max mem: 16496
Val:  [   300/?]  eta: ?  loss: 0.0128 (0.0240)  time: 0.1672  data: 0.0002  max mem: 16496
Val:  [   310/?]  eta: ?  loss: 0.0161 (0.0238)  time: 0.1657  data: 0.0002  max mem: 16496
Val: Total time: 0:00:54 (0.1736 s / it)
* loss 0.024
Test:  [     0/?]  eta: ?  loss: 0.0106 (0.0106)  time: 2.0841  data: 1.9186  max mem: 16496
Test:  [    10/?]  eta: ?  loss: 0.0126 (0.0178)  time: 0.3415  data: 0.1746  max mem: 16496
Test:  [    20/?]  eta: ?  loss: 0.0126 (0.0166)  time: 0.1674  data: 0.0003  max mem: 16496
Test:  [    30/?]  eta: ?  loss: 0.0158 (0.0174)  time: 0.1676  data: 0.0003  max mem: 16496
Test:  [    40/?]  eta: ?  loss: 0.0167 (0.0175)  time: 0.1674  data: 0.0002  max mem: 16496
Test:  [    50/?]  eta: ?  loss: 0.0165 (0.0176)  time: 0.1673  data: 0.0002  max mem: 16496
Test:  [    60/?]  eta: ?  loss: 0.0149 (0.0171)  time: 0.1672  data: 0.0002  max mem: 16496
Test:  [    70/?]  eta: ?  loss: 0.0141 (0.0172)  time: 0.1672  data: 0.0002  max mem: 16496
Test:  [    80/?]  eta: ?  loss: 0.0153 (0.0176)  time: 0.1673  data: 0.0002  max mem: 16496
Test:  [    90/?]  eta: ?  loss: 0.0195 (0.0186)  time: 0.1673  data: 0.0002  max mem: 16496
Test:  [   100/?]  eta: ?  loss: 0.0248 (0.0197)  time: 0.1672  data: 0.0002  max mem: 16496
Test:  [   110/?]  eta: ?  loss: 0.0234 (0.0196)  time: 0.1672  data: 0.0002  max mem: 16496
Test:  [   120/?]  eta: ?  loss: 0.0150 (0.0202)  time: 0.1673  data: 0.0002  max mem: 16496
Test:  [   130/?]  eta: ?  loss: 0.0156 (0.0199)  time: 0.1673  data: 0.0002  max mem: 16496
Test:  [   140/?]  eta: ?  loss: 0.0153 (0.0200)  time: 0.1673  data: 0.0002  max mem: 16496
Test:  [   150/?]  eta: ?  loss: 0.0185 (0.0202)  time: 0.1673  data: 0.0002  max mem: 16496
Test:  [   160/?]  eta: ?  loss: 0.0185 (0.0202)  time: 0.1673  data: 0.0002  max mem: 16496
Test:  [   170/?]  eta: ?  loss: 0.0166 (0.0205)  time: 0.1673  data: 0.0002  max mem: 16496
Test:  [   180/?]  eta: ?  loss: 0.0178 (0.0208)  time: 0.1674  data: 0.0003  max mem: 16496
Test:  [   190/?]  eta: ?  loss: 0.0214 (0.0208)  time: 0.1674  data: 0.0002  max mem: 16496
Test:  [   200/?]  eta: ?  loss: 0.0203 (0.0210)  time: 0.1674  data: 0.0002  max mem: 16496
Test:  [   210/?]  eta: ?  loss: 0.0203 (0.0211)  time: 0.1675  data: 0.0002  max mem: 16496
Test:  [   220/?]  eta: ?  loss: 0.0135 (0.0213)  time: 0.1674  data: 0.0002  max mem: 16496
Test:  [   230/?]  eta: ?  loss: 0.0180 (0.0214)  time: 0.1674  data: 0.0002  max mem: 16496
Test:  [   240/?]  eta: ?  loss: 0.0180 (0.0212)  time: 0.1674  data: 0.0002  max mem: 16496
Test:  [   250/?]  eta: ?  loss: 0.0154 (0.0210)  time: 0.1675  data: 0.0002  max mem: 16496
Test:  [   260/?]  eta: ?  loss: 0.0163 (0.0211)  time: 0.1675  data: 0.0002  max mem: 16496
Test:  [   270/?]  eta: ?  loss: 0.0164 (0.0210)  time: 0.1674  data: 0.0002  max mem: 16496
Test:  [   280/?]  eta: ?  loss: 0.0148 (0.0218)  time: 0.1675  data: 0.0002  max mem: 16496
Test:  [   290/?]  eta: ?  loss: 0.0172 (0.0217)  time: 0.1674  data: 0.0002  max mem: 16496
Test:  [   300/?]  eta: ?  loss: 0.0185 (0.0221)  time: 0.1674  data: 0.0002  max mem: 16496
Test:  [   310/?]  eta: ?  loss: 0.0344 (0.0227)  time: 0.1337  data: 0.0002  max mem: 16496
Test: Total time: 0:00:53 (0.1710 s / it)
* loss 0.023
  → Epoch   4/50 | Train Loss: 0.0105 | Val Loss: 0.0238 | Train score (1/(1+norm_MAE)): 0.9305 | Val MAE (years): 1.9725 | LR: 0.000001
Best val MAE (years): 1.9149, test MAE at best val: 1.8538
  Test segment MAE: 1.9272 | participant median MAE: 1.6575 | participant mean MAE: 1.6991
Epoch: [4]  [     0/?]  eta: ?  lr: 0.000400  min_lr: 0.000001  loss: 0.0105 (0.0105)  class_acc: 0.9324 (0.9324)  loss_scale: 1048576.0000 (1048576.0000)  weight_decay: 0.0500 (0.0500)  grad_norm: 5.0427 (5.0427)  time: 8.0529  data: 7.6098  max mem: 16496
Epoch: [4]  [   500/?]  eta: ?  lr: 0.000401  min_lr: 0.000001  loss: 0.0099 (0.0102)  class_acc: 0.9312 (0.9317)  loss_scale: 1048576.0000 (1048576.0000)  weight_decay: 0.0500 (0.0500)  grad_norm: 3.0430 (3.0438)  time: 0.4268  data: 0.0003  max mem: 16496
Epoch: [4]  [  1000/?]  eta: ?  lr: 0.000401  min_lr: 0.000001  loss: 0.0097 (0.0101)  class_acc: 0.9342 (0.9320)  loss_scale: 1048576.0000 (1048576.0000)  weight_decay: 0.0500 (0.0500)  grad_norm: 2.6217 (2.9790)  time: 0.4303  data: 0.0002  max mem: 16496
Epoch: [4]  [  1500/?]  eta: ?  lr: 0.000402  min_lr: 0.000001  loss: 0.0090 (0.0100)  class_acc: 0.9356 (0.9326)  loss_scale: 2097152.0000 (1181307.1392)  weight_decay: 0.0500 (0.0500)  grad_norm: 2.4124 (2.9393)  time: 0.4312  data: 0.0002  max mem: 16496
Epoch: [4]  [  2000/?]  eta: ?  lr: 0.000402  min_lr: 0.000001  loss: 0.0093 (0.0098)  class_acc: 0.9351 (0.9332)  loss_scale: 2097152.0000 (1410153.9310)  weight_decay: 0.0500 (0.0500)  grad_norm: 2.2428 (2.8939)  time: 0.4316  data: 0.0002  max mem: 16496
Epoch: [4] Total time: 0:15:48 (0.4368 s / it)
Val:  [     0/?]  eta: ?  loss: 0.0317 (0.0317)  time: 1.9732  data: 1.8079  max mem: 16496
Val:  [    10/?]  eta: ?  loss: 0.0197 (0.0294)  time: 0.3312  data: 0.1646  max mem: 16496
Val:  [    20/?]  eta: ?  loss: 0.0182 (0.0247)  time: 0.1671  data: 0.0002  max mem: 16496
Val:  [    30/?]  eta: ?  loss: 0.0153 (0.0230)  time: 0.1673  data: 0.0002  max mem: 16496
Val:  [    40/?]  eta: ?  loss: 0.0179 (0.0231)  time: 0.1673  data: 0.0003  max mem: 16496
Val:  [    50/?]  eta: ?  loss: 0.0185 (0.0230)  time: 0.1672  data: 0.0003  max mem: 16496
Val:  [    60/?]  eta: ?  loss: 0.0185 (0.0259)  time: 0.1673  data: 0.0003  max mem: 16496
Val:  [    70/?]  eta: ?  loss: 0.0144 (0.0251)  time: 0.1672  data: 0.0002  max mem: 16496
Val:  [    80/?]  eta: ?  loss: 0.0169 (0.0253)  time: 0.1672  data: 0.0003  max mem: 16496
Val:  [    90/?]  eta: ?  loss: 0.0213 (0.0250)  time: 0.1672  data: 0.0003  max mem: 16496
Val:  [   100/?]  eta: ?  loss: 0.0219 (0.0248)  time: 0.1672  data: 0.0003  max mem: 16496
Val:  [   110/?]  eta: ?  loss: 0.0216 (0.0244)  time: 0.1673  data: 0.0002  max mem: 16496
Val:  [   120/?]  eta: ?  loss: 0.0192 (0.0248)  time: 0.1673  data: 0.0002  max mem: 16496
Val:  [   130/?]  eta: ?  loss: 0.0192 (0.0246)  time: 0.1673  data: 0.0003  max mem: 16496
Val:  [   140/?]  eta: ?  loss: 0.0200 (0.0245)  time: 0.1673  data: 0.0002  max mem: 16496
Val:  [   150/?]  eta: ?  loss: 0.0200 (0.0250)  time: 0.1673  data: 0.0002  max mem: 16496
Val:  [   160/?]  eta: ?  loss: 0.0183 (0.0251)  time: 0.1673  data: 0.0002  max mem: 16496
Val:  [   170/?]  eta: ?  loss: 0.0187 (0.0250)  time: 0.1673  data: 0.0002  max mem: 16496
Val:  [   180/?]  eta: ?  loss: 0.0165 (0.0249)  time: 0.1674  data: 0.0003  max mem: 16496
Val:  [   190/?]  eta: ?  loss: 0.0148 (0.0245)  time: 0.1674  data: 0.0002  max mem: 16496
Val:  [   200/?]  eta: ?  loss: 0.0148 (0.0244)  time: 0.1674  data: 0.0002  max mem: 16496
Val:  [   210/?]  eta: ?  loss: 0.0171 (0.0243)  time: 0.1675  data: 0.0003  max mem: 16496
Val:  [   220/?]  eta: ?  loss: 0.0169 (0.0240)  time: 0.1675  data: 0.0003  max mem: 16496
Val:  [   230/?]  eta: ?  loss: 0.0161 (0.0239)  time: 0.1674  data: 0.0003  max mem: 16496
Val:  [   240/?]  eta: ?  loss: 0.0129 (0.0239)  time: 0.1674  data: 0.0003  max mem: 16496
Val:  [   250/?]  eta: ?  loss: 0.0172 (0.0244)  time: 0.1674  data: 0.0002  max mem: 16496
Val:  [   260/?]  eta: ?  loss: 0.0179 (0.0245)  time: 0.1674  data: 0.0002  max mem: 16496
Val:  [   270/?]  eta: ?  loss: 0.0198 (0.0247)  time: 0.1674  data: 0.0002  max mem: 16496
Val:  [   280/?]  eta: ?  loss: 0.0252 (0.0248)  time: 0.1674  data: 0.0002  max mem: 16496
Val:  [   290/?]  eta: ?  loss: 0.0135 (0.0247)  time: 0.1674  data: 0.0002  max mem: 16496
Val:  [   300/?]  eta: ?  loss: 0.0135 (0.0245)  time: 0.1674  data: 0.0002  max mem: 16496
Val:  [   310/?]  eta: ?  loss: 0.0183 (0.0243)  time: 0.1659  data: 0.0003  max mem: 16496
Val: Total time: 0:00:53 (0.1731 s / it)
* loss 0.024
Test:  [     0/?]  eta: ?  loss: 0.0110 (0.0110)  time: 2.0709  data: 1.9052  max mem: 16496
Test:  [    10/?]  eta: ?  loss: 0.0177 (0.0198)  time: 0.3403  data: 0.1735  max mem: 16496
Test:  [    20/?]  eta: ?  loss: 0.0155 (0.0183)  time: 0.1673  data: 0.0003  max mem: 16496
Test:  [    30/?]  eta: ?  loss: 0.0162 (0.0189)  time: 0.1675  data: 0.0002  max mem: 16496
Test:  [    40/?]  eta: ?  loss: 0.0178 (0.0191)  time: 0.1675  data: 0.0003  max mem: 16496
Test:  [    50/?]  eta: ?  loss: 0.0175 (0.0191)  time: 0.1674  data: 0.0003  max mem: 16496
Test:  [    60/?]  eta: ?  loss: 0.0141 (0.0184)  time: 0.1674  data: 0.0003  max mem: 16496
Test:  [    70/?]  eta: ?  loss: 0.0139 (0.0181)  time: 0.1674  data: 0.0003  max mem: 16496
Test:  [    80/?]  eta: ?  loss: 0.0149 (0.0186)  time: 0.1674  data: 0.0002  max mem: 16496
Test:  [    90/?]  eta: ?  loss: 0.0220 (0.0195)  time: 0.1674  data: 0.0002  max mem: 16496
Test:  [   100/?]  eta: ?  loss: 0.0272 (0.0208)  time: 0.1674  data: 0.0002  max mem: 16496
Test:  [   110/?]  eta: ?  loss: 0.0272 (0.0208)  time: 0.1675  data: 0.0003  max mem: 16496
Test:  [   120/?]  eta: ?  loss: 0.0145 (0.0215)  time: 0.1675  data: 0.0003  max mem: 16496
Test:  [   130/?]  eta: ?  loss: 0.0143 (0.0210)  time: 0.1674  data: 0.0002  max mem: 16496
Test:  [   140/?]  eta: ?  loss: 0.0143 (0.0211)  time: 0.1674  data: 0.0002  max mem: 16496
Test:  [   150/?]  eta: ?  loss: 0.0195 (0.0215)  time: 0.1674  data: 0.0002  max mem: 16496
Test:  [   160/?]  eta: ?  loss: 0.0200 (0.0215)  time: 0.1674  data: 0.0002  max mem: 16496
Test:  [   170/?]  eta: ?  loss: 0.0199 (0.0217)  time: 0.1674  data: 0.0002  max mem: 16496
Test:  [   180/?]  eta: ?  loss: 0.0199 (0.0219)  time: 0.1674  data: 0.0002  max mem: 16496
Test:  [   190/?]  eta: ?  loss: 0.0201 (0.0218)  time: 0.1674  data: 0.0002  max mem: 16496
Test:  [   200/?]  eta: ?  loss: 0.0201 (0.0219)  time: 0.1674  data: 0.0002  max mem: 16496
Test:  [   210/?]  eta: ?  loss: 0.0150 (0.0220)  time: 0.1675  data: 0.0002  max mem: 16496
Test:  [   220/?]  eta: ?  loss: 0.0128 (0.0222)  time: 0.1674  data: 0.0002  max mem: 16496
Test:  [   230/?]  eta: ?  loss: 0.0165 (0.0222)  time: 0.1674  data: 0.0002  max mem: 16496
Test:  [   240/?]  eta: ?  loss: 0.0165 (0.0220)  time: 0.1674  data: 0.0002  max mem: 16496
Test:  [   250/?]  eta: ?  loss: 0.0140 (0.0218)  time: 0.1675  data: 0.0003  max mem: 16496
Test:  [   260/?]  eta: ?  loss: 0.0165 (0.0219)  time: 0.1674  data: 0.0002  max mem: 16496
Test:  [   270/?]  eta: ?  loss: 0.0157 (0.0218)  time: 0.1674  data: 0.0002  max mem: 16496
Test:  [   280/?]  eta: ?  loss: 0.0142 (0.0224)  time: 0.1674  data: 0.0002  max mem: 16496
Test:  [   290/?]  eta: ?  loss: 0.0174 (0.0223)  time: 0.1674  data: 0.0002  max mem: 16496
Test:  [   300/?]  eta: ?  loss: 0.0194 (0.0226)  time: 0.1673  data: 0.0002  max mem: 16496
Test:  [   310/?]  eta: ?  loss: 0.0328 (0.0233)  time: 0.1335  data: 0.0002  max mem: 16496
Test: Total time: 0:00:53 (0.1710 s / it)
* loss 0.023

============================================================
Counting samples by task type...
============================================================

============================================================
Evaluating on active tasks (35,284 samples)...
============================================================
Active Test:  [     0/?]  eta: ?  loss: 0.0106 (0.0106)  time: 2.9587  data: 2.6374  max mem: 16496
Active Test:  [    10/?]  eta: ?  loss: 0.0219 (0.0664)  time: 0.2869  data: 0.2457  max mem: 16496
Active Test:  [    20/?]  eta: ?  loss: 0.0175 (0.0473)  time: 0.0217  data: 0.0081  max mem: 16496
Active Test:  [    30/?]  eta: ?  loss: 0.0174 (0.0447)  time: 0.0219  data: 0.0086  max mem: 16496
Active Test:  [    40/?]  eta: ?  loss: 0.0338 (0.0426)  time: 0.0203  data: 0.0079  max mem: 16496
Active Test:  [    50/?]  eta: ?  loss: 0.0230 (0.0379)  time: 0.0206  data: 0.0082  max mem: 16496
Active Test:  [    60/?]  eta: ?  loss: 0.0103 (0.0336)  time: 0.0221  data: 0.0091  max mem: 16496
Active Test:  [    70/?]  eta: ?  loss: 0.0100 (0.0307)  time: 0.0205  data: 0.0077  max mem: 16496
Active Test:  [    80/?]  eta: ?  loss: 0.0091 (0.0280)  time: 0.0202  data: 0.0080  max mem: 16496
Active Test:  [    90/?]  eta: ?  loss: 0.0108 (0.0263)  time: 0.0206  data: 0.0084  max mem: 16496
Active Test:  [   100/?]  eta: ?  loss: 0.0139 (0.0253)  time: 0.0199  data: 0.0076  max mem: 16496
Active Test:  [   110/?]  eta: ?  loss: 0.0145 (0.0243)  time: 0.0197  data: 0.0073  max mem: 16496
Active Test:  [   120/?]  eta: ?  loss: 0.0148 (0.0237)  time: 0.0190  data: 0.0066  max mem: 16496
Active Test:  [   130/?]  eta: ?  loss: 0.0148 (0.0234)  time: 0.0187  data: 0.0063  max mem: 16496
Active Test:  [   140/?]  eta: ?  loss: 0.0211 (0.0242)  time: 0.0191  data: 0.0069  max mem: 16496
Active Test:  [   150/?]  eta: ?  loss: 0.0213 (0.0247)  time: 0.0192  data: 0.0071  max mem: 16496
Active Test:  [   160/?]  eta: ?  loss: 0.0205 (0.0260)  time: 0.0194  data: 0.0074  max mem: 16496
Active Test:  [   170/?]  eta: ?  loss: 0.0207 (0.0260)  time: 0.0194  data: 0.0073  max mem: 16496
Active Test:  [   180/?]  eta: ?  loss: 0.0124 (0.0252)  time: 0.0187  data: 0.0065  max mem: 16496
Active Test:  [   190/?]  eta: ?  loss: 0.0143 (0.0250)  time: 0.0193  data: 0.0071  max mem: 16496
Active Test:  [   200/?]  eta: ?  loss: 0.0205 (0.0250)  time: 0.0194  data: 0.0072  max mem: 16496
Active Test:  [   210/?]  eta: ?  loss: 0.0184 (0.0247)  time: 0.0192  data: 0.0070  max mem: 16496
Active Test:  [   220/?]  eta: ?  loss: 0.0156 (0.0244)  time: 0.0201  data: 0.0076  max mem: 16496
Active Test:  [   230/?]  eta: ?  loss: 0.0148 (0.0240)  time: 0.0199  data: 0.0074  max mem: 16496
Active Test:  [   240/?]  eta: ?  loss: 0.0144 (0.0241)  time: 0.0197  data: 0.0077  max mem: 16496
Active Test:  [   250/?]  eta: ?  loss: 0.0144 (0.0241)  time: 0.0207  data: 0.0086  max mem: 16496
Active Test:  [   260/?]  eta: ?  loss: 0.0109 (0.0239)  time: 0.0209  data: 0.0087  max mem: 16496
Active Test:  [   270/?]  eta: ?  loss: 0.0109 (0.0240)  time: 0.0203  data: 0.0081  max mem: 16496
Active Test:  [   280/?]  eta: ?  loss: 0.0162 (0.0240)  time: 0.0200  data: 0.0076  max mem: 16496
Active Test:  [   290/?]  eta: ?  loss: 0.0131 (0.0237)  time: 0.0216  data: 0.0087  max mem: 16496
Active Test:  [   300/?]  eta: ?  loss: 0.0112 (0.0236)  time: 0.0199  data: 0.0071  max mem: 16496
Active Test:  [   310/?]  eta: ?  loss: 0.0126 (0.0234)  time: 0.0184  data: 0.0062  max mem: 16496
Active Test:  [   320/?]  eta: ?  loss: 0.0113 (0.0233)  time: 0.0189  data: 0.0069  max mem: 16496
Active Test:  [   330/?]  eta: ?  loss: 0.0152 (0.0232)  time: 0.0192  data: 0.0073  max mem: 16496
Active Test:  [   340/?]  eta: ?  loss: 0.0147 (0.0230)  time: 0.0192  data: 0.0073  max mem: 16496
Active Test:  [   350/?]  eta: ?  loss: 0.0157 (0.0230)  time: 0.0188  data: 0.0069  max mem: 16496
Active Test:  [   360/?]  eta: ?  loss: 0.0154 (0.0228)  time: 0.0193  data: 0.0074  max mem: 16496
Active Test:  [   370/?]  eta: ?  loss: 0.0134 (0.0227)  time: 0.0197  data: 0.0076  max mem: 16496
Active Test:  [   380/?]  eta: ?  loss: 0.0089 (0.0223)  time: 0.0195  data: 0.0074  max mem: 16496
Active Test:  [   390/?]  eta: ?  loss: 0.0081 (0.0221)  time: 0.0197  data: 0.0076  max mem: 16496
Active Test:  [   400/?]  eta: ?  loss: 0.0101 (0.0220)  time: 0.0195  data: 0.0075  max mem: 16496
Active Test:  [   410/?]  eta: ?  loss: 0.0127 (0.0220)  time: 0.0188  data: 0.0068  max mem: 16496
Active Test:  [   420/?]  eta: ?  loss: 0.0176 (0.0220)  time: 0.0197  data: 0.0077  max mem: 16496
Active Test:  [   430/?]  eta: ?  loss: 0.0165 (0.0219)  time: 0.0199  data: 0.0079  max mem: 16496
Active Test:  [   440/?]  eta: ?  loss: 0.0114 (0.0218)  time: 0.0194  data: 0.0072  max mem: 16496
Active Test:  [   450/?]  eta: ?  loss: 0.0125 (0.0217)  time: 0.0203  data: 0.0080  max mem: 16496
Active Test:  [   460/?]  eta: ?  loss: 0.0095 (0.0217)  time: 0.0229  data: 0.0098  max mem: 16496
Active Test:  [   470/?]  eta: ?  loss: 0.0072 (0.0226)  time: 0.0222  data: 0.0087  max mem: 16496
Active Test:  [   480/?]  eta: ?  loss: 0.0209 (0.0234)  time: 0.0217  data: 0.0088  max mem: 16496
Active Test:  [   490/?]  eta: ?  loss: 0.0120 (0.0233)  time: 0.0216  data: 0.0088  max mem: 16496
Active Test:  [   500/?]  eta: ?  loss: 0.0109 (0.0232)  time: 0.0216  data: 0.0085  max mem: 16496
Active Test:  [   510/?]  eta: ?  loss: 0.0141 (0.0232)  time: 0.0218  data: 0.0089  max mem: 16496
Active Test:  [   520/?]  eta: ?  loss: 0.0120 (0.0231)  time: 0.0225  data: 0.0097  max mem: 16496
Active Test:  [   530/?]  eta: ?  loss: 0.0120 (0.0229)  time: 0.0226  data: 0.0093  max mem: 16496
Active Test:  [   540/?]  eta: ?  loss: 0.0126 (0.0229)  time: 0.0216  data: 0.0084  max mem: 16496
Active Test: Total time: 0:00:14 (0.0260 s / it)
* loss 0.023

============================================================
Evaluating on passive tasks (204,188 samples)...
============================================================
Passive Test:  [     0/?]  eta: ?  loss: 0.0110 (0.0110)  time: 0.9100  data: 0.8952  max mem: 16496
Passive Test:  [    10/?]  eta: ?  loss: 0.0113 (0.0138)  time: 0.1085  data: 0.0947  max mem: 16496
Passive Test:  [    20/?]  eta: ?  loss: 0.0131 (0.0164)  time: 0.0229  data: 0.0098  max mem: 16496
Passive Test:  [    30/?]  eta: ?  loss: 0.0142 (0.0193)  time: 0.0183  data: 0.0060  max mem: 16496
Passive Test:  [    40/?]  eta: ?  loss: 0.0179 (0.0221)  time: 0.0184  data: 0.0065  max mem: 16496
Passive Test:  [    50/?]  eta: ?  loss: 0.0233 (0.0242)  time: 0.0180  data: 0.0061  max mem: 16496
Passive Test:  [    60/?]  eta: ?  loss: 0.0231 (0.0267)  time: 0.0181  data: 0.0061  max mem: 16496
Passive Test:  [    70/?]  eta: ?  loss: 0.0157 (0.0279)  time: 0.0178  data: 0.0058  max mem: 16496
Passive Test:  [    80/?]  eta: ?  loss: 0.0095 (0.0281)  time: 0.0186  data: 0.0067  max mem: 16496
Passive Test:  [    90/?]  eta: ?  loss: 0.0095 (0.0271)  time: 0.0190  data: 0.0071  max mem: 16496
Passive Test:  [   100/?]  eta: ?  loss: 0.0176 (0.0266)  time: 0.0188  data: 0.0068  max mem: 16496
Passive Test:  [   110/?]  eta: ?  loss: 0.0169 (0.0259)  time: 0.0185  data: 0.0066  max mem: 16496
Passive Test:  [   120/?]  eta: ?  loss: 0.0124 (0.0259)  time: 0.0188  data: 0.0068  max mem: 16496
Passive Test:  [   130/?]  eta: ?  loss: 0.0112 (0.0258)  time: 0.0183  data: 0.0064  max mem: 16496
Passive Test:  [   140/?]  eta: ?  loss: 0.0187 (0.0261)  time: 0.0181  data: 0.0062  max mem: 16496
Passive Test:  [   150/?]  eta: ?  loss: 0.0187 (0.0253)  time: 0.0183  data: 0.0064  max mem: 16496
Passive Test:  [   160/?]  eta: ?  loss: 0.0122 (0.0249)  time: 0.0185  data: 0.0066  max mem: 16496
Passive Test:  [   170/?]  eta: ?  loss: 0.0116 (0.0241)  time: 0.0187  data: 0.0067  max mem: 16496
Passive Test:  [   180/?]  eta: ?  loss: 0.0123 (0.0234)  time: 0.0188  data: 0.0067  max mem: 16496
Passive Test:  [   190/?]  eta: ?  loss: 0.0138 (0.0230)  time: 0.0184  data: 0.0065  max mem: 16496
Passive Test:  [   200/?]  eta: ?  loss: 0.0156 (0.0227)  time: 0.0185  data: 0.0066  max mem: 16496
Passive Test:  [   210/?]  eta: ?  loss: 0.0156 (0.0224)  time: 0.0187  data: 0.0067  max mem: 16496
Passive Test:  [   220/?]  eta: ?  loss: 0.0118 (0.0221)  time: 0.0183  data: 0.0063  max mem: 16496
Passive Test:  [   230/?]  eta: ?  loss: 0.0113 (0.0217)  time: 0.0185  data: 0.0066  max mem: 16496
Passive Test:  [   240/?]  eta: ?  loss: 0.0171 (0.0214)  time: 0.0183  data: 0.0065  max mem: 16496
Passive Test:  [   250/?]  eta: ?  loss: 0.0171 (0.0211)  time: 0.0178  data: 0.0059  max mem: 16496
Passive Test:  [   260/?]  eta: ?  loss: 0.0128 (0.0209)  time: 0.0180  data: 0.0061  max mem: 16496
Passive Test:  [   270/?]  eta: ?  loss: 0.0108 (0.0209)  time: 0.0182  data: 0.0063  max mem: 16496
Passive Test:  [   280/?]  eta: ?  loss: 0.0104 (0.0206)  time: 0.0183  data: 0.0064  max mem: 16496
Passive Test:  [   290/?]  eta: ?  loss: 0.0106 (0.0203)  time: 0.0182  data: 0.0063  max mem: 16496
Passive Test:  [   300/?]  eta: ?  loss: 0.0121 (0.0200)  time: 0.0180  data: 0.0061  max mem: 16496
Passive Test:  [   310/?]  eta: ?  loss: 0.0085 (0.0196)  time: 0.0181  data: 0.0062  max mem: 16496
Passive Test:  [   320/?]  eta: ?  loss: 0.0085 (0.0193)  time: 0.0185  data: 0.0066  max mem: 16496
Passive Test:  [   330/?]  eta: ?  loss: 0.0083 (0.0190)  time: 0.0184  data: 0.0064  max mem: 16496
Passive Test:  [   340/?]  eta: ?  loss: 0.0119 (0.0188)  time: 0.0182  data: 0.0063  max mem: 16496
Passive Test:  [   350/?]  eta: ?  loss: 0.0112 (0.0186)  time: 0.0186  data: 0.0067  max mem: 16496
Passive Test:  [   360/?]  eta: ?  loss: 0.0110 (0.0183)  time: 0.0183  data: 0.0064  max mem: 16496
Passive Test:  [   370/?]  eta: ?  loss: 0.0102 (0.0181)  time: 0.0179  data: 0.0060  max mem: 16496
Passive Test:  [   380/?]  eta: ?  loss: 0.0106 (0.0179)  time: 0.0179  data: 0.0060  max mem: 16496
Passive Test:  [   390/?]  eta: ?  loss: 0.0107 (0.0177)  time: 0.0183  data: 0.0064  max mem: 16496
Passive Test:  [   400/?]  eta: ?  loss: 0.0126 (0.0177)  time: 0.0183  data: 0.0064  max mem: 16496
Passive Test:  [   410/?]  eta: ?  loss: 0.0163 (0.0176)  time: 0.0178  data: 0.0059  max mem: 16496
Passive Test:  [   420/?]  eta: ?  loss: 0.0140 (0.0175)  time: 0.0178  data: 0.0058  max mem: 16496
Passive Test:  [   430/?]  eta: ?  loss: 0.0140 (0.0175)  time: 0.0184  data: 0.0065  max mem: 16496
Passive Test:  [   440/?]  eta: ?  loss: 0.0132 (0.0175)  time: 0.0187  data: 0.0067  max mem: 16496
Passive Test:  [   450/?]  eta: ?  loss: 0.0120 (0.0176)  time: 0.0182  data: 0.0063  max mem: 16496
Passive Test:  [   460/?]  eta: ?  loss: 0.0190 (0.0179)  time: 0.0184  data: 0.0064  max mem: 16496
Passive Test:  [   470/?]  eta: ?  loss: 0.0224 (0.0180)  time: 0.0185  data: 0.0066  max mem: 16496
Passive Test:  [   480/?]  eta: ?  loss: 0.0177 (0.0180)  time: 0.0183  data: 0.0065  max mem: 16496
Passive Test:  [   490/?]  eta: ?  loss: 0.0169 (0.0180)  time: 0.0181  data: 0.0062  max mem: 16496
Passive Test:  [   500/?]  eta: ?  loss: 0.0195 (0.0183)  time: 0.0180  data: 0.0060  max mem: 16496
Passive Test:  [   510/?]  eta: ?  loss: 0.0293 (0.0188)  time: 0.0180  data: 0.0060  max mem: 16496
Passive Test:  [   520/?]  eta: ?  loss: 0.0238 (0.0189)  time: 0.0181  data: 0.0062  max mem: 16496
Passive Test:  [   530/?]  eta: ?  loss: 0.0205 (0.0190)  time: 0.0182  data: 0.0063  max mem: 16496
Passive Test:  [   540/?]  eta: ?  loss: 0.0205 (0.0191)  time: 0.0179  data: 0.0060  max mem: 16496
Passive Test:  [   550/?]  eta: ?  loss: 0.0191 (0.0193)  time: 0.0178  data: 0.0059  max mem: 16496
Passive Test:  [   560/?]  eta: ?  loss: 0.0166 (0.0193)  time: 0.0180  data: 0.0061  max mem: 16496
Passive Test:  [   570/?]  eta: ?  loss: 0.0141 (0.0192)  time: 0.0182  data: 0.0063  max mem: 16496
Passive Test:  [   580/?]  eta: ?  loss: 0.0099 (0.0190)  time: 0.0180  data: 0.0061  max mem: 16496
Passive Test:  [   590/?]  eta: ?  loss: 0.0114 (0.0189)  time: 0.0179  data: 0.0060  max mem: 16496
Passive Test:  [   600/?]  eta: ?  loss: 0.0149 (0.0190)  time: 0.0185  data: 0.0066  max mem: 16496
Passive Test:  [   610/?]  eta: ?  loss: 0.0166 (0.0190)  time: 0.0181  data: 0.0062  max mem: 16496
Passive Test:  [   620/?]  eta: ?  loss: 0.0101 (0.0188)  time: 0.0176  data: 0.0057  max mem: 16496
Passive Test:  [   630/?]  eta: ?  loss: 0.0088 (0.0187)  time: 0.0178  data: 0.0059  max mem: 16496
Passive Test:  [   640/?]  eta: ?  loss: 0.0107 (0.0187)  time: 0.0180  data: 0.0060  max mem: 16496
Passive Test:  [   650/?]  eta: ?  loss: 0.0145 (0.0191)  time: 0.0181  data: 0.0061  max mem: 16496
Passive Test:  [   660/?]  eta: ?  loss: 0.0249 (0.0195)  time: 0.0177  data: 0.0058  max mem: 16496
Passive Test:  [   670/?]  eta: ?  loss: 0.0249 (0.0199)  time: 0.0179  data: 0.0059  max mem: 16496
Passive Test:  [   680/?]  eta: ?  loss: 0.0344 (0.0205)  time: 0.0181  data: 0.0061  max mem: 16496
Passive Test:  [   690/?]  eta: ?  loss: 0.0470 (0.0210)  time: 0.0186  data: 0.0067  max mem: 16496
Passive Test:  [   700/?]  eta: ?  loss: 0.0477 (0.0214)  time: 0.0185  data: 0.0066  max mem: 16496
Passive Test:  [   710/?]  eta: ?  loss: 0.0453 (0.0220)  time: 0.0181  data: 0.0062  max mem: 16496
Passive Test:  [   720/?]  eta: ?  loss: 0.0452 (0.0226)  time: 0.0183  data: 0.0064  max mem: 16496
Passive Test:  [   730/?]  eta: ?  loss: 0.0301 (0.0231)  time: 0.0179  data: 0.0060  max mem: 16496
Passive Test:  [   740/?]  eta: ?  loss: 0.0215 (0.0232)  time: 0.0178  data: 0.0058  max mem: 16496
Passive Test:  [   750/?]  eta: ?  loss: 0.0151 (0.0231)  time: 0.0177  data: 0.0058  max mem: 16496
Passive Test:  [   760/?]  eta: ?  loss: 0.0152 (0.0230)  time: 0.0177  data: 0.0057  max mem: 16496
Passive Test:  [   770/?]  eta: ?  loss: 0.0192 (0.0231)  time: 0.0176  data: 0.0056  max mem: 16496
Passive Test:  [   780/?]  eta: ?  loss: 0.0192 (0.0231)  time: 0.0179  data: 0.0060  max mem: 16496
Passive Test:  [   790/?]  eta: ?  loss: 0.0199 (0.0231)  time: 0.0185  data: 0.0066  max mem: 16496
Passive Test:  [   800/?]  eta: ?  loss: 0.0199 (0.0231)  time: 0.0194  data: 0.0074  max mem: 16496
Passive Test:  [   810/?]  eta: ?  loss: 0.0192 (0.0231)  time: 0.0191  data: 0.0071  max mem: 16496
Passive Test:  [   820/?]  eta: ?  loss: 0.0185 (0.0230)  time: 0.0182  data: 0.0061  max mem: 16496
Passive Test:  [   830/?]  eta: ?  loss: 0.0183 (0.0230)  time: 0.0183  data: 0.0063  max mem: 16496
Passive Test:  [   840/?]  eta: ?  loss: 0.0141 (0.0229)  time: 0.0185  data: 0.0066  max mem: 16496
Passive Test:  [   850/?]  eta: ?  loss: 0.0084 (0.0227)  time: 0.0183  data: 0.0064  max mem: 16496
Passive Test:  [   860/?]  eta: ?  loss: 0.0100 (0.0226)  time: 0.0183  data: 0.0064  max mem: 16496
Passive Test:  [   870/?]  eta: ?  loss: 0.0109 (0.0225)  time: 0.0186  data: 0.0068  max mem: 16496
Passive Test:  [   880/?]  eta: ?  loss: 0.0111 (0.0224)  time: 0.0185  data: 0.0067  max mem: 16496
Passive Test:  [   890/?]  eta: ?  loss: 0.0126 (0.0223)  time: 0.0183  data: 0.0065  max mem: 16496
Passive Test:  [   900/?]  eta: ?  loss: 0.0124 (0.0222)  time: 0.0183  data: 0.0064  max mem: 16496
Passive Test:  [   910/?]  eta: ?  loss: 0.0106 (0.0221)  time: 0.0180  data: 0.0061  max mem: 16496
Passive Test:  [   920/?]  eta: ?  loss: 0.0106 (0.0221)  time: 0.0178  data: 0.0057  max mem: 16496
Passive Test:  [   930/?]  eta: ?  loss: 0.0118 (0.0220)  time: 0.0176  data: 0.0055  max mem: 16496
Passive Test:  [   940/?]  eta: ?  loss: 0.0131 (0.0219)  time: 0.0176  data: 0.0056  max mem: 16496
Passive Test:  [   950/?]  eta: ?  loss: 0.0156 (0.0220)  time: 0.0179  data: 0.0060  max mem: 16496
Passive Test:  [   960/?]  eta: ?  loss: 0.0268 (0.0220)  time: 0.0183  data: 0.0063  max mem: 16496
Passive Test:  [   970/?]  eta: ?  loss: 0.0234 (0.0220)  time: 0.0184  data: 0.0064  max mem: 16496
Passive Test:  [   980/?]  eta: ?  loss: 0.0225 (0.0220)  time: 0.0183  data: 0.0063  max mem: 16496
Passive Test:  [   990/?]  eta: ?  loss: 0.0198 (0.0220)  time: 0.0184  data: 0.0065  max mem: 16496
Passive Test:  [  1000/?]  eta: ?  loss: 0.0233 (0.0220)  time: 0.0184  data: 0.0065  max mem: 16496
Passive Test:  [  1010/?]  eta: ?  loss: 0.0263 (0.0220)  time: 0.0184  data: 0.0065  max mem: 16496
Passive Test:  [  1020/?]  eta: ?  loss: 0.0284 (0.0222)  time: 0.0185  data: 0.0066  max mem: 16496
Passive Test:  [  1030/?]  eta: ?  loss: 0.0287 (0.0223)  time: 0.0178  data: 0.0059  max mem: 16496
Passive Test:  [  1040/?]  eta: ?  loss: 0.0237 (0.0225)  time: 0.0177  data: 0.0059  max mem: 16496
Passive Test:  [  1050/?]  eta: ?  loss: 0.0207 (0.0225)  time: 0.0183  data: 0.0065  max mem: 16496
Passive Test:  [  1060/?]  eta: ?  loss: 0.0207 (0.0225)  time: 0.0183  data: 0.0064  max mem: 16496
Passive Test:  [  1070/?]  eta: ?  loss: 0.0173 (0.0224)  time: 0.0180  data: 0.0061  max mem: 16496
Passive Test:  [  1080/?]  eta: ?  loss: 0.0164 (0.0225)  time: 0.0174  data: 0.0056  max mem: 16496
Passive Test:  [  1090/?]  eta: ?  loss: 0.0129 (0.0225)  time: 0.0174  data: 0.0056  max mem: 16496
Passive Test:  [  1100/?]  eta: ?  loss: 0.0105 (0.0226)  time: 0.0179  data: 0.0060  max mem: 16496
Passive Test:  [  1110/?]  eta: ?  loss: 0.0220 (0.0226)  time: 0.0182  data: 0.0064  max mem: 16496
Passive Test:  [  1120/?]  eta: ?  loss: 0.0317 (0.0227)  time: 0.0180  data: 0.0061  max mem: 16496
Passive Test:  [  1130/?]  eta: ?  loss: 0.0428 (0.0229)  time: 0.0178  data: 0.0059  max mem: 16496
Passive Test:  [  1140/?]  eta: ?  loss: 0.0449 (0.0231)  time: 0.0178  data: 0.0059  max mem: 16496
Passive Test:  [  1150/?]  eta: ?  loss: 0.0480 (0.0232)  time: 0.0180  data: 0.0062  max mem: 16496
Passive Test:  [  1160/?]  eta: ?  loss: 0.0203 (0.0235)  time: 0.0175  data: 0.0056  max mem: 16496
Passive Test:  [  1170/?]  eta: ?  loss: 0.0237 (0.0236)  time: 0.0172  data: 0.0054  max mem: 16496
Passive Test:  [  1180/?]  eta: ?  loss: 0.0237 (0.0237)  time: 0.0179  data: 0.0061  max mem: 16496
Passive Test:  [  1190/?]  eta: ?  loss: 0.0207 (0.0239)  time: 0.0182  data: 0.0064  max mem: 16496
Passive Test:  [  1200/?]  eta: ?  loss: 0.0176 (0.0240)  time: 0.0179  data: 0.0060  max mem: 16496
Passive Test:  [  1210/?]  eta: ?  loss: 0.0177 (0.0239)  time: 0.0176  data: 0.0058  max mem: 16496
Passive Test:  [  1220/?]  eta: ?  loss: 0.0132 (0.0238)  time: 0.0179  data: 0.0061  max mem: 16496
Passive Test:  [  1230/?]  eta: ?  loss: 0.0131 (0.0238)  time: 0.0179  data: 0.0061  max mem: 16496
Passive Test:  [  1240/?]  eta: ?  loss: 0.0163 (0.0238)  time: 0.0178  data: 0.0059  max mem: 16496
Passive Test:  [  1250/?]  eta: ?  loss: 0.0228 (0.0238)  time: 0.0180  data: 0.0061  max mem: 16496
Passive Test:  [  1260/?]  eta: ?  loss: 0.0236 (0.0238)  time: 0.0184  data: 0.0066  max mem: 16496
Passive Test:  [  1270/?]  eta: ?  loss: 0.0249 (0.0238)  time: 0.0177  data: 0.0059  max mem: 16496
Passive Test:  [  1280/?]  eta: ?  loss: 0.0124 (0.0237)  time: 0.0174  data: 0.0056  max mem: 16496
Passive Test:  [  1290/?]  eta: ?  loss: 0.0132 (0.0236)  time: 0.0177  data: 0.0059  max mem: 16496
Passive Test:  [  1300/?]  eta: ?  loss: 0.0157 (0.0236)  time: 0.0176  data: 0.0058  max mem: 16496
Passive Test:  [  1310/?]  eta: ?  loss: 0.0173 (0.0236)  time: 0.0185  data: 0.0066  max mem: 16496
Passive Test:  [  1320/?]  eta: ?  loss: 0.0164 (0.0236)  time: 0.0180  data: 0.0061  max mem: 16496
Passive Test:  [  1330/?]  eta: ?  loss: 0.0164 (0.0235)  time: 0.0192  data: 0.0073  max mem: 16496
Passive Test:  [  1340/?]  eta: ?  loss: 0.0130 (0.0235)  time: 0.0185  data: 0.0067  max mem: 16496
Passive Test:  [  1350/?]  eta: ?  loss: 0.0117 (0.0234)  time: 0.0185  data: 0.0067  max mem: 16496
Passive Test:  [  1360/?]  eta: ?  loss: 0.0104 (0.0233)  time: 0.0181  data: 0.0063  max mem: 16496
Passive Test:  [  1370/?]  eta: ?  loss: 0.0084 (0.0232)  time: 0.0176  data: 0.0058  max mem: 16496
Passive Test:  [  1380/?]  eta: ?  loss: 0.0086 (0.0232)  time: 0.0177  data: 0.0058  max mem: 16496
Passive Test:  [  1390/?]  eta: ?  loss: 0.0093 (0.0231)  time: 0.0171  data: 0.0053  max mem: 16496
Passive Test:  [  1400/?]  eta: ?  loss: 0.0105 (0.0230)  time: 0.0177  data: 0.0059  max mem: 16496
Passive Test:  [  1410/?]  eta: ?  loss: 0.0097 (0.0230)  time: 0.0172  data: 0.0054  max mem: 16496
Passive Test:  [  1420/?]  eta: ?  loss: 0.0099 (0.0230)  time: 0.0186  data: 0.0067  max mem: 16496
Passive Test:  [  1430/?]  eta: ?  loss: 0.0116 (0.0229)  time: 0.0187  data: 0.0068  max mem: 16496
Passive Test:  [  1440/?]  eta: ?  loss: 0.0123 (0.0229)  time: 0.0185  data: 0.0067  max mem: 16496
Passive Test:  [  1450/?]  eta: ?  loss: 0.0110 (0.0228)  time: 0.0183  data: 0.0064  max mem: 16496
Passive Test:  [  1460/?]  eta: ?  loss: 0.0094 (0.0227)  time: 0.0184  data: 0.0066  max mem: 16496
Passive Test:  [  1470/?]  eta: ?  loss: 0.0161 (0.0227)  time: 0.0187  data: 0.0069  max mem: 16496
Passive Test:  [  1480/?]  eta: ?  loss: 0.0176 (0.0227)  time: 0.0189  data: 0.0070  max mem: 16496
Passive Test:  [  1490/?]  eta: ?  loss: 0.0154 (0.0227)  time: 0.0187  data: 0.0068  max mem: 16496
Passive Test:  [  1500/?]  eta: ?  loss: 0.0107 (0.0227)  time: 0.0183  data: 0.0065  max mem: 16496
Passive Test:  [  1510/?]  eta: ?  loss: 0.0077 (0.0227)  time: 0.0186  data: 0.0068  max mem: 16496
Passive Test:  [  1520/?]  eta: ?  loss: 0.0112 (0.0227)  time: 0.0182  data: 0.0064  max mem: 16496
Passive Test:  [  1530/?]  eta: ?  loss: 0.0123 (0.0227)  time: 0.0177  data: 0.0057  max mem: 16496
Passive Test:  [  1540/?]  eta: ?  loss: 0.0117 (0.0228)  time: 0.0183  data: 0.0064  max mem: 16496
Passive Test:  [  1550/?]  eta: ?  loss: 0.0117 (0.0228)  time: 0.0182  data: 0.0063  max mem: 16496
Passive Test:  [  1560/?]  eta: ?  loss: 0.0155 (0.0229)  time: 0.0180  data: 0.0061  max mem: 16496
Passive Test:  [  1570/?]  eta: ?  loss: 0.0159 (0.0231)  time: 0.0183  data: 0.0063  max mem: 16496
Passive Test:  [  1580/?]  eta: ?  loss: 0.0148 (0.0232)  time: 0.0176  data: 0.0057  max mem: 16496
Passive Test:  [  1590/?]  eta: ?  loss: 0.0140 (0.0233)  time: 0.0174  data: 0.0055  max mem: 16496
Passive Test:  [  1600/?]  eta: ?  loss: 0.0118 (0.0232)  time: 0.0172  data: 0.0054  max mem: 16496
Passive Test:  [  1610/?]  eta: ?  loss: 0.0109 (0.0232)  time: 0.0173  data: 0.0054  max mem: 16496
Passive Test:  [  1620/?]  eta: ?  loss: 0.0061 (0.0231)  time: 0.0178  data: 0.0060  max mem: 16496
Passive Test:  [  1630/?]  eta: ?  loss: 0.0059 (0.0230)  time: 0.0178  data: 0.0060  max mem: 16496
Passive Test:  [  1640/?]  eta: ?  loss: 0.0095 (0.0229)  time: 0.0178  data: 0.0059  max mem: 16496
Passive Test:  [  1650/?]  eta: ?  loss: 0.0098 (0.0229)  time: 0.0182  data: 0.0063  max mem: 16496
Passive Test:  [  1660/?]  eta: ?  loss: 0.0110 (0.0228)  time: 0.0186  data: 0.0068  max mem: 16496
Passive Test:  [  1670/?]  eta: ?  loss: 0.0110 (0.0227)  time: 0.0189  data: 0.0071  max mem: 16496
Passive Test:  [  1680/?]  eta: ?  loss: 0.0124 (0.0227)  time: 0.0193  data: 0.0075  max mem: 16496
Passive Test:  [  1690/?]  eta: ?  loss: 0.0115 (0.0226)  time: 0.0194  data: 0.0076  max mem: 16496
Passive Test:  [  1700/?]  eta: ?  loss: 0.0092 (0.0226)  time: 0.0195  data: 0.0077  max mem: 16496
Passive Test:  [  1710/?]  eta: ?  loss: 0.0171 (0.0226)  time: 0.0190  data: 0.0072  max mem: 16496
Passive Test:  [  1720/?]  eta: ?  loss: 0.0152 (0.0226)  time: 0.0186  data: 0.0067  max mem: 16496
Passive Test:  [  1730/?]  eta: ?  loss: 0.0104 (0.0226)  time: 0.0187  data: 0.0069  max mem: 16496
Passive Test:  [  1740/?]  eta: ?  loss: 0.0104 (0.0225)  time: 0.0190  data: 0.0071  max mem: 16496
Passive Test:  [  1750/?]  eta: ?  loss: 0.0109 (0.0225)  time: 0.0191  data: 0.0072  max mem: 16496
Passive Test:  [  1760/?]  eta: ?  loss: 0.0105 (0.0224)  time: 0.0189  data: 0.0070  max mem: 16496
Passive Test:  [  1770/?]  eta: ?  loss: 0.0122 (0.0224)  time: 0.0190  data: 0.0072  max mem: 16496
Passive Test:  [  1780/?]  eta: ?  loss: 0.0176 (0.0225)  time: 0.0193  data: 0.0075  max mem: 16496
Passive Test:  [  1790/?]  eta: ?  loss: 0.0234 (0.0226)  time: 0.0191  data: 0.0073  max mem: 16496
Passive Test:  [  1800/?]  eta: ?  loss: 0.0175 (0.0228)  time: 0.0188  data: 0.0070  max mem: 16496
Passive Test:  [  1810/?]  eta: ?  loss: 0.0101 (0.0228)  time: 0.0185  data: 0.0067  max mem: 16496
Passive Test:  [  1820/?]  eta: ?  loss: 0.0165 (0.0230)  time: 0.0187  data: 0.0068  max mem: 16496
Passive Test:  [  1830/?]  eta: ?  loss: 0.0165 (0.0231)  time: 0.0187  data: 0.0068  max mem: 16496
Passive Test:  [  1840/?]  eta: ?  loss: 0.0200 (0.0231)  time: 0.0186  data: 0.0067  max mem: 16496
Passive Test:  [  1850/?]  eta: ?  loss: 0.0224 (0.0231)  time: 0.0190  data: 0.0071  max mem: 16496
Passive Test:  [  1860/?]  eta: ?  loss: 0.0228 (0.0232)  time: 0.0191  data: 0.0072  max mem: 16496
Passive Test:  [  1870/?]  eta: ?  loss: 0.0171 (0.0232)  time: 0.0191  data: 0.0072  max mem: 16496
Passive Test:  [  1880/?]  eta: ?  loss: 0.0157 (0.0231)  time: 0.0192  data: 0.0073  max mem: 16496
Passive Test:  [  1890/?]  eta: ?  loss: 0.0119 (0.0231)  time: 0.0191  data: 0.0072  max mem: 16496
Passive Test:  [  1900/?]  eta: ?  loss: 0.0119 (0.0230)  time: 0.0194  data: 0.0076  max mem: 16496
Passive Test:  [  1910/?]  eta: ?  loss: 0.0178 (0.0230)  time: 0.0193  data: 0.0075  max mem: 16496
Passive Test:  [  1920/?]  eta: ?  loss: 0.0106 (0.0230)  time: 0.0189  data: 0.0071  max mem: 16496
Passive Test:  [  1930/?]  eta: ?  loss: 0.0057 (0.0229)  time: 0.0194  data: 0.0076  max mem: 16496
Passive Test:  [  1940/?]  eta: ?  loss: 0.0082 (0.0229)  time: 0.0196  data: 0.0078  max mem: 16496
Passive Test:  [  1950/?]  eta: ?  loss: 0.0102 (0.0228)  time: 0.0190  data: 0.0071  max mem: 16496
Passive Test:  [  1960/?]  eta: ?  loss: 0.0102 (0.0228)  time: 0.0186  data: 0.0068  max mem: 16496
Passive Test:  [  1970/?]  eta: ?  loss: 0.0120 (0.0228)  time: 0.0188  data: 0.0069  max mem: 16496
Passive Test:  [  1980/?]  eta: ?  loss: 0.0138 (0.0228)  time: 0.0187  data: 0.0069  max mem: 16496
Passive Test:  [  1990/?]  eta: ?  loss: 0.0138 (0.0229)  time: 0.0186  data: 0.0068  max mem: 16496
Passive Test:  [  2000/?]  eta: ?  loss: 0.0138 (0.0229)  time: 0.0186  data: 0.0068  max mem: 16496
Passive Test:  [  2010/?]  eta: ?  loss: 0.0200 (0.0229)  time: 0.0187  data: 0.0069  max mem: 16496
Passive Test:  [  2020/?]  eta: ?  loss: 0.0244 (0.0229)  time: 0.0188  data: 0.0069  max mem: 16496
Passive Test:  [  2030/?]  eta: ?  loss: 0.0266 (0.0231)  time: 0.0190  data: 0.0071  max mem: 16496
Passive Test:  [  2040/?]  eta: ?  loss: 0.0208 (0.0231)  time: 0.0188  data: 0.0070  max mem: 16496
Passive Test:  [  2050/?]  eta: ?  loss: 0.0208 (0.0232)  time: 0.0187  data: 0.0069  max mem: 16496
Passive Test:  [  2060/?]  eta: ?  loss: 0.0210 (0.0232)  time: 0.0192  data: 0.0073  max mem: 16496
Passive Test:  [  2070/?]  eta: ?  loss: 0.0173 (0.0232)  time: 0.0191  data: 0.0072  max mem: 16496
Passive Test:  [  2080/?]  eta: ?  loss: 0.0154 (0.0232)  time: 0.0186  data: 0.0068  max mem: 16496
Passive Test:  [  2090/?]  eta: ?  loss: 0.0145 (0.0231)  time: 0.0185  data: 0.0067  max mem: 16496
Passive Test:  [  2100/?]  eta: ?  loss: 0.0123 (0.0232)  time: 0.0191  data: 0.0072  max mem: 16496
Passive Test:  [  2110/?]  eta: ?  loss: 0.0480 (0.0234)  time: 0.0194  data: 0.0074  max mem: 16496
Passive Test:  [  2120/?]  eta: ?  loss: 0.0604 (0.0236)  time: 0.0191  data: 0.0072  max mem: 16496
Passive Test:  [  2130/?]  eta: ?  loss: 0.0278 (0.0239)  time: 0.0186  data: 0.0068  max mem: 16496
Passive Test:  [  2140/?]  eta: ?  loss: 0.0148 (0.0240)  time: 0.0186  data: 0.0069  max mem: 16496
Passive Test:  [  2150/?]  eta: ?  loss: 0.0220 (0.0242)  time: 0.0187  data: 0.0069  max mem: 16496
Passive Test:  [  2160/?]  eta: ?  loss: 0.0283 (0.0243)  time: 0.0187  data: 0.0069  max mem: 16496
Passive Test:  [  2170/?]  eta: ?  loss: 0.0212 (0.0243)  time: 0.0185  data: 0.0067  max mem: 16496
Passive Test:  [  2180/?]  eta: ?  loss: 0.0169 (0.0242)  time: 0.0182  data: 0.0064  max mem: 16496
Passive Test:  [  2190/?]  eta: ?  loss: 0.0178 (0.0243)  time: 0.0182  data: 0.0064  max mem: 16496
Passive Test:  [  2200/?]  eta: ?  loss: 0.0212 (0.0243)  time: 0.0178  data: 0.0059  max mem: 16496
Passive Test:  [  2210/?]  eta: ?  loss: 0.0202 (0.0244)  time: 0.0182  data: 0.0063  max mem: 16496
Passive Test:  [  2220/?]  eta: ?  loss: 0.0183 (0.0243)  time: 0.0188  data: 0.0069  max mem: 16496
Passive Test:  [  2230/?]  eta: ?  loss: 0.0166 (0.0244)  time: 0.0189  data: 0.0071  max mem: 16496
Passive Test:  [  2240/?]  eta: ?  loss: 0.0121 (0.0243)  time: 0.0188  data: 0.0070  max mem: 16496
Passive Test:  [  2250/?]  eta: ?  loss: 0.0075 (0.0242)  time: 0.0184  data: 0.0066  max mem: 16496
Passive Test:  [  2260/?]  eta: ?  loss: 0.0090 (0.0242)  time: 0.0186  data: 0.0068  max mem: 16496
Passive Test:  [  2270/?]  eta: ?  loss: 0.0131 (0.0242)  time: 0.0190  data: 0.0072  max mem: 16496
Passive Test:  [  2280/?]  eta: ?  loss: 0.0182 (0.0242)  time: 0.0190  data: 0.0072  max mem: 16496
Passive Test:  [  2290/?]  eta: ?  loss: 0.0222 (0.0243)  time: 0.0186  data: 0.0068  max mem: 16496
Passive Test:  [  2300/?]  eta: ?  loss: 0.0222 (0.0243)  time: 0.0187  data: 0.0069  max mem: 16496
Passive Test:  [  2310/?]  eta: ?  loss: 0.0351 (0.0244)  time: 0.0191  data: 0.0072  max mem: 16496
Passive Test:  [  2320/?]  eta: ?  loss: 0.0147 (0.0244)  time: 0.0188  data: 0.0069  max mem: 16496
Passive Test:  [  2330/?]  eta: ?  loss: 0.0155 (0.0245)  time: 0.0191  data: 0.0073  max mem: 16496
Passive Test:  [  2340/?]  eta: ?  loss: 0.0155 (0.0245)  time: 0.0192  data: 0.0073  max mem: 16496
Passive Test:  [  2350/?]  eta: ?  loss: 0.0076 (0.0244)  time: 0.0189  data: 0.0071  max mem: 16496
Passive Test:  [  2360/?]  eta: ?  loss: 0.0167 (0.0244)  time: 0.0191  data: 0.0073  max mem: 16496
Passive Test:  [  2370/?]  eta: ?  loss: 0.0179 (0.0243)  time: 0.0190  data: 0.0072  max mem: 16496
Passive Test:  [  2380/?]  eta: ?  loss: 0.0091 (0.0243)  time: 0.0186  data: 0.0067  max mem: 16496
Passive Test:  [  2390/?]  eta: ?  loss: 0.0117 (0.0243)  time: 0.0185  data: 0.0067  max mem: 16496
Passive Test:  [  2400/?]  eta: ?  loss: 0.0180 (0.0243)  time: 0.0186  data: 0.0068  max mem: 16496
Passive Test:  [  2410/?]  eta: ?  loss: 0.0171 (0.0242)  time: 0.0185  data: 0.0067  max mem: 16496
Passive Test:  [  2420/?]  eta: ?  loss: 0.0170 (0.0243)  time: 0.0192  data: 0.0074  max mem: 16496
Passive Test:  [  2430/?]  eta: ?  loss: 0.0261 (0.0243)  time: 0.0194  data: 0.0076  max mem: 16496
Passive Test:  [  2440/?]  eta: ?  loss: 0.0334 (0.0243)  time: 0.0189  data: 0.0070  max mem: 16496
Passive Test:  [  2450/?]  eta: ?  loss: 0.0334 (0.0244)  time: 0.0187  data: 0.0068  max mem: 16496
Passive Test:  [  2460/?]  eta: ?  loss: 0.0266 (0.0244)  time: 0.0190  data: 0.0072  max mem: 16496
Passive Test:  [  2470/?]  eta: ?  loss: 0.0263 (0.0245)  time: 0.0188  data: 0.0069  max mem: 16496
Passive Test:  [  2480/?]  eta: ?  loss: 0.0187 (0.0245)  time: 0.0179  data: 0.0061  max mem: 16496
Passive Test:  [  2490/?]  eta: ?  loss: 0.0212 (0.0245)  time: 0.0180  data: 0.0062  max mem: 16496
Passive Test:  [  2500/?]  eta: ?  loss: 0.0198 (0.0245)  time: 0.0180  data: 0.0061  max mem: 16496
Passive Test:  [  2510/?]  eta: ?  loss: 0.0170 (0.0245)  time: 0.0179  data: 0.0061  max mem: 16496
Passive Test:  [  2520/?]  eta: ?  loss: 0.0145 (0.0245)  time: 0.0180  data: 0.0063  max mem: 16496
Passive Test:  [  2530/?]  eta: ?  loss: 0.0122 (0.0245)  time: 0.0178  data: 0.0060  max mem: 16496
Passive Test:  [  2540/?]  eta: ?  loss: 0.0122 (0.0245)  time: 0.0184  data: 0.0066  max mem: 16496
Passive Test:  [  2550/?]  eta: ?  loss: 0.0123 (0.0245)  time: 0.0187  data: 0.0068  max mem: 16496
Passive Test:  [  2560/?]  eta: ?  loss: 0.0184 (0.0245)  time: 0.0186  data: 0.0067  max mem: 16496
Passive Test:  [  2570/?]  eta: ?  loss: 0.0155 (0.0245)  time: 0.0184  data: 0.0065  max mem: 16496
Passive Test:  [  2580/?]  eta: ?  loss: 0.0156 (0.0245)  time: 0.0184  data: 0.0065  max mem: 16496
Passive Test:  [  2590/?]  eta: ?  loss: 0.0156 (0.0245)  time: 0.0186  data: 0.0067  max mem: 16496
Passive Test:  [  2600/?]  eta: ?  loss: 0.0128 (0.0245)  time: 0.0183  data: 0.0064  max mem: 16496
Passive Test:  [  2610/?]  eta: ?  loss: 0.0078 (0.0244)  time: 0.0179  data: 0.0061  max mem: 16496
Passive Test:  [  2620/?]  eta: ?  loss: 0.0093 (0.0244)  time: 0.0184  data: 0.0066  max mem: 16496
Passive Test:  [  2630/?]  eta: ?  loss: 0.0093 (0.0243)  time: 0.0189  data: 0.0070  max mem: 16496
Passive Test:  [  2640/?]  eta: ?  loss: 0.0081 (0.0243)  time: 0.0183  data: 0.0064  max mem: 16496
Passive Test:  [  2650/?]  eta: ?  loss: 0.0122 (0.0243)  time: 0.0182  data: 0.0064  max mem: 16496
Passive Test:  [  2660/?]  eta: ?  loss: 0.0130 (0.0243)  time: 0.0182  data: 0.0063  max mem: 16496
Passive Test:  [  2670/?]  eta: ?  loss: 0.0134 (0.0244)  time: 0.0184  data: 0.0064  max mem: 16496
Passive Test:  [  2680/?]  eta: ?  loss: 0.0111 (0.0244)  time: 0.0188  data: 0.0068  max mem: 16496
Passive Test:  [  2690/?]  eta: ?  loss: 0.0386 (0.0244)  time: 0.0187  data: 0.0068  max mem: 16496
Passive Test:  [  2700/?]  eta: ?  loss: 0.0459 (0.0245)  time: 0.0184  data: 0.0065  max mem: 16496
Passive Test:  [  2710/?]  eta: ?  loss: 0.0298 (0.0245)  time: 0.0183  data: 0.0064  max mem: 16496
Passive Test:  [  2720/?]  eta: ?  loss: 0.0125 (0.0245)  time: 0.0187  data: 0.0068  max mem: 16496
Passive Test:  [  2730/?]  eta: ?  loss: 0.0110 (0.0246)  time: 0.0186  data: 0.0067  max mem: 16496
Passive Test:  [  2740/?]  eta: ?  loss: 0.0099 (0.0246)  time: 0.0181  data: 0.0063  max mem: 16496
Passive Test:  [  2750/?]  eta: ?  loss: 0.0169 (0.0246)  time: 0.0180  data: 0.0061  max mem: 16496
Passive Test:  [  2760/?]  eta: ?  loss: 0.0222 (0.0247)  time: 0.0181  data: 0.0063  max mem: 16496
Passive Test:  [  2770/?]  eta: ?  loss: 0.0293 (0.0247)  time: 0.0180  data: 0.0062  max mem: 16496
Passive Test:  [  2780/?]  eta: ?  loss: 0.0247 (0.0247)  time: 0.0178  data: 0.0059  max mem: 16496
Passive Test:  [  2790/?]  eta: ?  loss: 0.0247 (0.0247)  time: 0.0180  data: 0.0061  max mem: 16496
Passive Test:  [  2800/?]  eta: ?  loss: 0.0254 (0.0247)  time: 0.0184  data: 0.0065  max mem: 16496
Passive Test:  [  2810/?]  eta: ?  loss: 0.0236 (0.0247)  time: 0.0187  data: 0.0068  max mem: 16496
Passive Test:  [  2820/?]  eta: ?  loss: 0.0239 (0.0248)  time: 0.0186  data: 0.0067  max mem: 16496
Passive Test:  [  2830/?]  eta: ?  loss: 0.0287 (0.0248)  time: 0.0184  data: 0.0066  max mem: 16496
Passive Test:  [  2840/?]  eta: ?  loss: 0.0224 (0.0249)  time: 0.0183  data: 0.0064  max mem: 16496
Passive Test:  [  2850/?]  eta: ?  loss: 0.0139 (0.0251)  time: 0.0188  data: 0.0069  max mem: 16496
Passive Test:  [  2860/?]  eta: ?  loss: 0.0147 (0.0252)  time: 0.0188  data: 0.0069  max mem: 16496
Passive Test:  [  2870/?]  eta: ?  loss: 0.0111 (0.0253)  time: 0.0184  data: 0.0065  max mem: 16496
Passive Test:  [  2880/?]  eta: ?  loss: 0.0095 (0.0253)  time: 0.0180  data: 0.0062  max mem: 16496
Passive Test:  [  2890/?]  eta: ?  loss: 0.0095 (0.0252)  time: 0.0177  data: 0.0058  max mem: 16496
Passive Test:  [  2900/?]  eta: ?  loss: 0.0109 (0.0252)  time: 0.0177  data: 0.0058  max mem: 16496
Passive Test:  [  2910/?]  eta: ?  loss: 0.0128 (0.0252)  time: 0.0179  data: 0.0061  max mem: 16496
Passive Test:  [  2920/?]  eta: ?  loss: 0.0147 (0.0252)  time: 0.0179  data: 0.0060  max mem: 16496
Passive Test:  [  2930/?]  eta: ?  loss: 0.0152 (0.0252)  time: 0.0182  data: 0.0063  max mem: 16496
Passive Test:  [  2940/?]  eta: ?  loss: 0.0198 (0.0251)  time: 0.0186  data: 0.0067  max mem: 16496
Passive Test:  [  2950/?]  eta: ?  loss: 0.0198 (0.0251)  time: 0.0186  data: 0.0067  max mem: 16496
Passive Test:  [  2960/?]  eta: ?  loss: 0.0199 (0.0251)  time: 0.0189  data: 0.0070  max mem: 16496
Passive Test:  [  2970/?]  eta: ?  loss: 0.0118 (0.0251)  time: 0.0183  data: 0.0064  max mem: 16496
Passive Test:  [  2980/?]  eta: ?  loss: 0.0226 (0.0251)  time: 0.0178  data: 0.0059  max mem: 16496
Passive Test:  [  2990/?]  eta: ?  loss: 0.0219 (0.0251)  time: 0.0182  data: 0.0064  max mem: 16496
Passive Test:  [  3000/?]  eta: ?  loss: 0.0135 (0.0250)  time: 0.0186  data: 0.0067  max mem: 16496
Passive Test:  [  3010/?]  eta: ?  loss: 0.0120 (0.0250)  time: 0.0186  data: 0.0066  max mem: 16496
Passive Test:  [  3020/?]  eta: ?  loss: 0.0120 (0.0250)  time: 0.0181  data: 0.0063  max mem: 16496
Passive Test:  [  3030/?]  eta: ?  loss: 0.0110 (0.0249)  time: 0.0181  data: 0.0063  max mem: 16496
Passive Test:  [  3040/?]  eta: ?  loss: 0.0077 (0.0249)  time: 0.0180  data: 0.0061  max mem: 16496
Passive Test:  [  3050/?]  eta: ?  loss: 0.0137 (0.0249)  time: 0.0178  data: 0.0059  max mem: 16496
Passive Test:  [  3060/?]  eta: ?  loss: 0.0167 (0.0248)  time: 0.0187  data: 0.0067  max mem: 16496
Passive Test:  [  3070/?]  eta: ?  loss: 0.0182 (0.0248)  time: 0.0186  data: 0.0068  max mem: 16496
Passive Test:  [  3080/?]  eta: ?  loss: 0.0150 (0.0248)  time: 0.0183  data: 0.0064  max mem: 16496
Passive Test:  [  3090/?]  eta: ?  loss: 0.0081 (0.0248)  time: 0.0184  data: 0.0066  max mem: 16496
Passive Test:  [  3100/?]  eta: ?  loss: 0.0099 (0.0247)  time: 0.0198  data: 0.0080  max mem: 16496
Passive Test:  [  3110/?]  eta: ?  loss: 0.0107 (0.0247)  time: 0.0210  data: 0.0090  max mem: 16496
Passive Test:  [  3120/?]  eta: ?  loss: 0.0101 (0.0246)  time: 0.0215  data: 0.0095  max mem: 16496
Passive Test:  [  3130/?]  eta: ?  loss: 0.0094 (0.0246)  time: 0.0213  data: 0.0093  max mem: 16496
Passive Test:  [  3140/?]  eta: ?  loss: 0.0099 (0.0246)  time: 0.0214  data: 0.0091  max mem: 16496
Passive Test:  [  3150/?]  eta: ?  loss: 0.0137 (0.0245)  time: 0.0215  data: 0.0092  max mem: 16496
Passive Test:  [  3160/?]  eta: ?  loss: 0.0252 (0.0246)  time: 0.0217  data: 0.0095  max mem: 16496
Passive Test:  [  3170/?]  eta: ?  loss: 0.0232 (0.0246)  time: 0.0212  data: 0.0091  max mem: 16496
Passive Test:  [  3180/?]  eta: ?  loss: 0.0190 (0.0245)  time: 0.0200  data: 0.0081  max mem: 16496
Passive Test: Total time: 0:01:00 (0.0188 s / it)
* loss 0.024
  ACTIVE Test MAE (years): 1.9099 (n=35,284)
  PASSIVE Test MAE (years): 1.9958 (n=204,188)
  → Epoch   5/50 | Train Loss: 0.0098 | Val Loss: 0.0242 | Train score (1/(1+norm_MAE)): 0.9334 | Val MAE (years): 1.9827 | LR: 0.000001
Best val MAE (years): 1.9149, test MAE at best val: 1.8538
  Test segment MAE: 1.9506 | participant median MAE: 1.6812 | participant mean MAE: 1.7152
Epoch: [5]  [     0/?]  eta: ?  lr: 0.000500  min_lr: 0.000002  loss: 0.0093 (0.0093)  class_acc: 0.9379 (0.9379)  loss_scale: 2097152.0000 (2097152.0000)  weight_decay: 0.0500 (0.0500)  grad_norm: 1.6971 (1.6971)  time: 5.4469  data: 5.0002  max mem: 16496
Epoch: [5]  [   500/?]  eta: ?  lr: 0.000500  min_lr: 0.000002  loss: 0.0095 (0.0096)  class_acc: 0.9340 (0.9342)  loss_scale: 2097152.0000 (2097152.0000)  weight_decay: 0.0500 (0.0500)  grad_norm: 2.1673 (2.6913)  time: 0.4284  data: 0.0002  max mem: 16496
Epoch: [5]  [  1000/?]  eta: ?  lr: 0.000500  min_lr: 0.000002  loss: 0.0095 (0.0095)  class_acc: 0.9348 (0.9346)  loss_scale: 2097152.0000 (2097152.0000)  weight_decay: 0.0500 (0.0500)  grad_norm: 2.7402 (2.6884)  time: 0.4302  data: 0.0002  max mem: 16496
Epoch: [5]  [  1500/?]  eta: ?  lr: 0.000500  min_lr: 0.000002  loss: 0.0084 (0.0094)  class_acc: 0.9387 (0.9351)  loss_scale: 4194304.0000 (2602927.4990)  weight_decay: 0.0500 (0.0500)  grad_norm: 2.0608 (2.6506)  time: 0.4289  data: 0.0002  max mem: 16496
Epoch: [5]  [  2000/?]  eta: ?  lr: 0.000500  min_lr: 0.000002  loss: 0.0085 (0.0092)  class_acc: 0.9383 (0.9357)  loss_scale: 4194304.0000 (3000572.8016)  weight_decay: 0.0500 (0.0500)  grad_norm: 2.2039 (2.6171)  time: 0.4284  data: 0.0002  max mem: 16496
Epoch: [5] Total time: 0:15:45 (0.4354 s / it)
Val:  [     0/?]  eta: ?  loss: 0.0356 (0.0356)  time: 2.1328  data: 1.9675  max mem: 16496
Val:  [    10/?]  eta: ?  loss: 0.0218 (0.0317)  time: 0.3456  data: 0.1791  max mem: 16496
Val:  [    20/?]  eta: ?  loss: 0.0177 (0.0260)  time: 0.1670  data: 0.0002  max mem: 16496
Val:  [    30/?]  eta: ?  loss: 0.0177 (0.0238)  time: 0.1671  data: 0.0002  max mem: 16496
Val:  [    40/?]  eta: ?  loss: 0.0217 (0.0239)  time: 0.1672  data: 0.0003  max mem: 16496
Val:  [    50/?]  eta: ?  loss: 0.0217 (0.0236)  time: 0.1671  data: 0.0003  max mem: 16496
Val:  [    60/?]  eta: ?  loss: 0.0213 (0.0264)  time: 0.1672  data: 0.0003  max mem: 16496
Val:  [    70/?]  eta: ?  loss: 0.0153 (0.0257)  time: 0.1672  data: 0.0003  max mem: 16496
Val:  [    80/?]  eta: ?  loss: 0.0179 (0.0255)  time: 0.1672  data: 0.0003  max mem: 16496
Val:  [    90/?]  eta: ?  loss: 0.0201 (0.0252)  time: 0.1672  data: 0.0003  max mem: 16496
Val:  [   100/?]  eta: ?  loss: 0.0235 (0.0251)  time: 0.1672  data: 0.0003  max mem: 16496
Val:  [   110/?]  eta: ?  loss: 0.0241 (0.0248)  time: 0.1672  data: 0.0003  max mem: 16496
Val:  [   120/?]  eta: ?  loss: 0.0199 (0.0250)  time: 0.1673  data: 0.0003  max mem: 16496
Val:  [   130/?]  eta: ?  loss: 0.0194 (0.0248)  time: 0.1673  data: 0.0003  max mem: 16496
Val:  [   140/?]  eta: ?  loss: 0.0194 (0.0247)  time: 0.1673  data: 0.0003  max mem: 16496
Val:  [   150/?]  eta: ?  loss: 0.0198 (0.0252)  time: 0.1673  data: 0.0003  max mem: 16496
Val:  [   160/?]  eta: ?  loss: 0.0215 (0.0254)  time: 0.1673  data: 0.0003  max mem: 16496
Val:  [   170/?]  eta: ?  loss: 0.0215 (0.0254)  time: 0.1673  data: 0.0003  max mem: 16496
Val:  [   180/?]  eta: ?  loss: 0.0182 (0.0253)  time: 0.1673  data: 0.0003  max mem: 16496
Val:  [   190/?]  eta: ?  loss: 0.0146 (0.0250)  time: 0.1674  data: 0.0003  max mem: 16496
Val:  [   200/?]  eta: ?  loss: 0.0145 (0.0249)  time: 0.1674  data: 0.0003  max mem: 16496
Val:  [   210/?]  eta: ?  loss: 0.0163 (0.0249)  time: 0.1673  data: 0.0003  max mem: 16496
Val:  [   220/?]  eta: ?  loss: 0.0180 (0.0246)  time: 0.1673  data: 0.0003  max mem: 16496
Val:  [   230/?]  eta: ?  loss: 0.0169 (0.0245)  time: 0.1673  data: 0.0003  max mem: 16496
Val:  [   240/?]  eta: ?  loss: 0.0145 (0.0244)  time: 0.1673  data: 0.0003  max mem: 16496
Val:  [   250/?]  eta: ?  loss: 0.0153 (0.0249)  time: 0.1674  data: 0.0003  max mem: 16496
Val:  [   260/?]  eta: ?  loss: 0.0169 (0.0247)  time: 0.1674  data: 0.0003  max mem: 16496
Val:  [   270/?]  eta: ?  loss: 0.0174 (0.0249)  time: 0.1674  data: 0.0003  max mem: 16496
Val:  [   280/?]  eta: ?  loss: 0.0256 (0.0249)  time: 0.1675  data: 0.0004  max mem: 16496
Val:  [   290/?]  eta: ?  loss: 0.0159 (0.0249)  time: 0.1674  data: 0.0003  max mem: 16496
Val:  [   300/?]  eta: ?  loss: 0.0169 (0.0247)  time: 0.1673  data: 0.0004  max mem: 16496
Val:  [   310/?]  eta: ?  loss: 0.0196 (0.0245)  time: 0.1659  data: 0.0004  max mem: 16496
Val: Total time: 0:00:54 (0.1735 s / it)
* loss 0.024
Test:  [     0/?]  eta: ?  loss: 0.0123 (0.0123)  time: 1.9539  data: 1.7884  max mem: 16496
Test:  [    10/?]  eta: ?  loss: 0.0148 (0.0200)  time: 0.3295  data: 0.1629  max mem: 16496
Test:  [    20/?]  eta: ?  loss: 0.0145 (0.0180)  time: 0.1672  data: 0.0003  max mem: 16496
Test:  [    30/?]  eta: ?  loss: 0.0154 (0.0185)  time: 0.1673  data: 0.0003  max mem: 16496
Test:  [    40/?]  eta: ?  loss: 0.0163 (0.0186)  time: 0.1674  data: 0.0003  max mem: 16496
Test:  [    50/?]  eta: ?  loss: 0.0167 (0.0187)  time: 0.1674  data: 0.0003  max mem: 16496
Test:  [    60/?]  eta: ?  loss: 0.0155 (0.0181)  time: 0.1673  data: 0.0003  max mem: 16496
Test:  [    70/?]  eta: ?  loss: 0.0128 (0.0180)  time: 0.1673  data: 0.0003  max mem: 16496
Test:  [    80/?]  eta: ?  loss: 0.0164 (0.0184)  time: 0.1673  data: 0.0003  max mem: 16496
Test:  [    90/?]  eta: ?  loss: 0.0214 (0.0193)  time: 0.1673  data: 0.0003  max mem: 16496
Test:  [   100/?]  eta: ?  loss: 0.0247 (0.0204)  time: 0.1673  data: 0.0003  max mem: 16496
Test:  [   110/?]  eta: ?  loss: 0.0245 (0.0204)  time: 0.1674  data: 0.0003  max mem: 16496
Test:  [   120/?]  eta: ?  loss: 0.0154 (0.0210)  time: 0.1674  data: 0.0003  max mem: 16496
Test:  [   130/?]  eta: ?  loss: 0.0144 (0.0206)  time: 0.1674  data: 0.0003  max mem: 16496
Test:  [   140/?]  eta: ?  loss: 0.0141 (0.0208)  time: 0.1674  data: 0.0003  max mem: 16496
Test:  [   150/?]  eta: ?  loss: 0.0203 (0.0212)  time: 0.1674  data: 0.0003  max mem: 16496
Test:  [   160/?]  eta: ?  loss: 0.0210 (0.0215)  time: 0.1674  data: 0.0003  max mem: 16496
Test:  [   170/?]  eta: ?  loss: 0.0189 (0.0217)  time: 0.1674  data: 0.0003  max mem: 16496
Test:  [   180/?]  eta: ?  loss: 0.0209 (0.0219)  time: 0.1675  data: 0.0003  max mem: 16496
Test:  [   190/?]  eta: ?  loss: 0.0207 (0.0219)  time: 0.1675  data: 0.0004  max mem: 16496
Test:  [   200/?]  eta: ?  loss: 0.0199 (0.0221)  time: 0.1675  data: 0.0003  max mem: 16496
Test:  [   210/?]  eta: ?  loss: 0.0199 (0.0222)  time: 0.1675  data: 0.0003  max mem: 16496
Test:  [   220/?]  eta: ?  loss: 0.0165 (0.0224)  time: 0.1675  data: 0.0003  max mem: 16496
Test:  [   230/?]  eta: ?  loss: 0.0177 (0.0226)  time: 0.1675  data: 0.0003  max mem: 16496
Test:  [   240/?]  eta: ?  loss: 0.0196 (0.0223)  time: 0.1674  data: 0.0003  max mem: 16496
Test:  [   250/?]  eta: ?  loss: 0.0147 (0.0222)  time: 0.1674  data: 0.0003  max mem: 16496
Test:  [   260/?]  eta: ?  loss: 0.0155 (0.0221)  time: 0.1675  data: 0.0003  max mem: 16496
Test:  [   270/?]  eta: ?  loss: 0.0150 (0.0221)  time: 0.1675  data: 0.0003  max mem: 16496
Test:  [   280/?]  eta: ?  loss: 0.0140 (0.0228)  time: 0.1675  data: 0.0003  max mem: 16496
Test:  [   290/?]  eta: ?  loss: 0.0185 (0.0227)  time: 0.1676  data: 0.0003  max mem: 16496
Test:  [   300/?]  eta: ?  loss: 0.0230 (0.0230)  time: 0.1675  data: 0.0003  max mem: 16496
Test:  [   310/?]  eta: ?  loss: 0.0328 (0.0238)  time: 0.1336  data: 0.0003  max mem: 16496
Test: Total time: 0:00:53 (0.1706 s / it)
* loss 0.024
  → Epoch   6/50 | Train Loss: 0.0092 | Val Loss: 0.0244 | Train score (1/(1+norm_MAE)): 0.9359 | Val MAE (years): 1.9984 | LR: 0.000002
Best val MAE (years): 1.9149, test MAE at best val: 1.8538
  Test segment MAE: 1.9598 | participant median MAE: 1.6958 | participant mean MAE: 1.7214
Epoch: [6]  [     0/?]  eta: ?  lr: 0.000499  min_lr: 0.000002  loss: 0.0083 (0.0083)  class_acc: 0.9419 (0.9419)  loss_scale: 4194304.0000 (4194304.0000)  weight_decay: 0.0500 (0.0500)  grad_norm: 2.2312 (2.2312)  time: 7.4492  data: 7.0223  max mem: 16496
Epoch: [6]  [   500/?]  eta: ?  lr: 0.000499  min_lr: 0.000002  loss: 0.0082 (0.0084)  class_acc: 0.9382 (0.9392)  loss_scale: 4194304.0000 (4194304.0000)  weight_decay: 0.0500 (0.0500)  grad_norm: 2.2532 (2.3480)  time: 0.4267  data: 0.0002  max mem: 16496
Epoch: [6]  [  1000/?]  eta: ?  lr: 0.000499  min_lr: 0.000002  loss: 0.0077 (0.0083)  class_acc: 0.9410 (0.9395)  loss_scale: 8388608.0000 (4336767.8721)  weight_decay: 0.0500 (0.0500)  grad_norm: 2.0860 (2.3414)  time: 0.4268  data: 0.0003  max mem: 16496
Epoch: [6]  [  1500/?]  eta: ?  lr: 0.000499  min_lr: 0.000002  loss: 0.0068 (0.0082)  class_acc: 0.9425 (0.9400)  loss_scale: 8388608.0000 (5686481.4390)  weight_decay: 0.0500 (0.0500)  grad_norm: 1.8747 (2.3157)  time: 0.4266  data: 0.0002  max mem: 16496
Epoch: [6]  [  2000/?]  eta: ?  lr: 0.000499  min_lr: 0.000002  loss: 0.0071 (0.0081)  class_acc: 0.9434 (0.9406)  loss_scale: 8388608.0000 (6361675.4823)  weight_decay: 0.0500 (0.0500)  grad_norm: 1.6151 (2.2906)  time: 0.4335  data: 0.0002  max mem: 16496
Epoch: [6] Total time: 0:15:48 (0.4369 s / it)
Val:  [     0/?]  eta: ?  loss: 0.0322 (0.0322)  time: 2.1352  data: 1.9695  max mem: 16496
Val:  [    10/?]  eta: ?  loss: 0.0233 (0.0320)  time: 0.3460  data: 0.1793  max mem: 16496
Val:  [    20/?]  eta: ?  loss: 0.0172 (0.0254)  time: 0.1671  data: 0.0002  max mem: 16496
Val:  [    30/?]  eta: ?  loss: 0.0150 (0.0231)  time: 0.1672  data: 0.0002  max mem: 16496
Val:  [    40/?]  eta: ?  loss: 0.0191 (0.0237)  time: 0.1672  data: 0.0002  max mem: 16496
Val:  [    50/?]  eta: ?  loss: 0.0218 (0.0234)  time: 0.1672  data: 0.0002  max mem: 16496
Val:  [    60/?]  eta: ?  loss: 0.0191 (0.0265)  time: 0.1672  data: 0.0002  max mem: 16496
Val:  [    70/?]  eta: ?  loss: 0.0171 (0.0258)  time: 0.1673  data: 0.0002  max mem: 16496
Val:  [    80/?]  eta: ?  loss: 0.0171 (0.0258)  time: 0.1673  data: 0.0002  max mem: 16496
Val:  [    90/?]  eta: ?  loss: 0.0206 (0.0253)  time: 0.1674  data: 0.0003  max mem: 16496
Val:  [   100/?]  eta: ?  loss: 0.0207 (0.0250)  time: 0.1674  data: 0.0003  max mem: 16496
Val:  [   110/?]  eta: ?  loss: 0.0175 (0.0243)  time: 0.1674  data: 0.0003  max mem: 16496
Val:  [   120/?]  eta: ?  loss: 0.0153 (0.0248)  time: 0.1674  data: 0.0003  max mem: 16496
Val:  [   130/?]  eta: ?  loss: 0.0206 (0.0246)  time: 0.1675  data: 0.0003  max mem: 16496
Val:  [   140/?]  eta: ?  loss: 0.0201 (0.0244)  time: 0.1675  data: 0.0003  max mem: 16496
Val:  [   150/?]  eta: ?  loss: 0.0189 (0.0248)  time: 0.1674  data: 0.0003  max mem: 16496
Val:  [   160/?]  eta: ?  loss: 0.0209 (0.0248)  time: 0.1674  data: 0.0003  max mem: 16496
Val:  [   170/?]  eta: ?  loss: 0.0219 (0.0250)  time: 0.1674  data: 0.0003  max mem: 16496
Val:  [   180/?]  eta: ?  loss: 0.0187 (0.0249)  time: 0.1675  data: 0.0003  max mem: 16496
Val:  [   190/?]  eta: ?  loss: 0.0159 (0.0246)  time: 0.1676  data: 0.0003  max mem: 16496
Val:  [   200/?]  eta: ?  loss: 0.0166 (0.0246)  time: 0.1676  data: 0.0003  max mem: 16496
Val:  [   210/?]  eta: ?  loss: 0.0192 (0.0246)  time: 0.1676  data: 0.0003  max mem: 16496
Val:  [   220/?]  eta: ?  loss: 0.0188 (0.0243)  time: 0.1676  data: 0.0003  max mem: 16496
Val:  [   230/?]  eta: ?  loss: 0.0153 (0.0242)  time: 0.1676  data: 0.0003  max mem: 16496
Val:  [   240/?]  eta: ?  loss: 0.0168 (0.0242)  time: 0.1675  data: 0.0003  max mem: 16496
Val:  [   250/?]  eta: ?  loss: 0.0174 (0.0246)  time: 0.1675  data: 0.0003  max mem: 16496
Val:  [   260/?]  eta: ?  loss: 0.0176 (0.0246)  time: 0.1676  data: 0.0003  max mem: 16496
Val:  [   270/?]  eta: ?  loss: 0.0214 (0.0248)  time: 0.1676  data: 0.0003  max mem: 16496
Val:  [   280/?]  eta: ?  loss: 0.0261 (0.0248)  time: 0.1676  data: 0.0003  max mem: 16496
Val:  [   290/?]  eta: ?  loss: 0.0137 (0.0247)  time: 0.1676  data: 0.0003  max mem: 16496
Val:  [   300/?]  eta: ?  loss: 0.0154 (0.0245)  time: 0.1675  data: 0.0003  max mem: 16496
Val:  [   310/?]  eta: ?  loss: 0.0166 (0.0243)  time: 0.1660  data: 0.0003  max mem: 16496
Val: Total time: 0:00:54 (0.1737 s / it)
* loss 0.024
Test:  [     0/?]  eta: ?  loss: 0.0115 (0.0115)  time: 1.9347  data: 1.7691  max mem: 16496
Test:  [    10/?]  eta: ?  loss: 0.0145 (0.0192)  time: 0.3280  data: 0.1611  max mem: 16496
Test:  [    20/?]  eta: ?  loss: 0.0139 (0.0178)  time: 0.1674  data: 0.0003  max mem: 16496
Test:  [    30/?]  eta: ?  loss: 0.0151 (0.0183)  time: 0.1676  data: 0.0004  max mem: 16496
Test:  [    40/?]  eta: ?  loss: 0.0166 (0.0185)  time: 0.1675  data: 0.0003  max mem: 16496
Test:  [    50/?]  eta: ?  loss: 0.0161 (0.0185)  time: 0.1675  data: 0.0003  max mem: 16496
Test:  [    60/?]  eta: ?  loss: 0.0147 (0.0178)  time: 0.1675  data: 0.0003  max mem: 16496
Test:  [    70/?]  eta: ?  loss: 0.0123 (0.0178)  time: 0.1675  data: 0.0003  max mem: 16496
Test:  [    80/?]  eta: ?  loss: 0.0155 (0.0183)  time: 0.1675  data: 0.0003  max mem: 16496
Test:  [    90/?]  eta: ?  loss: 0.0216 (0.0192)  time: 0.1675  data: 0.0003  max mem: 16496
Test:  [   100/?]  eta: ?  loss: 0.0239 (0.0201)  time: 0.1676  data: 0.0003  max mem: 16496
Test:  [   110/?]  eta: ?  loss: 0.0229 (0.0201)  time: 0.1676  data: 0.0003  max mem: 16496
Test:  [   120/?]  eta: ?  loss: 0.0205 (0.0208)  time: 0.1676  data: 0.0003  max mem: 16496
Test:  [   130/?]  eta: ?  loss: 0.0169 (0.0204)  time: 0.1676  data: 0.0003  max mem: 16496
Test:  [   140/?]  eta: ?  loss: 0.0162 (0.0206)  time: 0.1676  data: 0.0003  max mem: 16496
Test:  [   150/?]  eta: ?  loss: 0.0206 (0.0211)  time: 0.1676  data: 0.0003  max mem: 16496
Test:  [   160/?]  eta: ?  loss: 0.0206 (0.0213)  time: 0.1676  data: 0.0003  max mem: 16496
Test:  [   170/?]  eta: ?  loss: 0.0176 (0.0218)  time: 0.1676  data: 0.0003  max mem: 16496
Test:  [   180/?]  eta: ?  loss: 0.0211 (0.0220)  time: 0.1676  data: 0.0003  max mem: 16496
Test:  [   190/?]  eta: ?  loss: 0.0219 (0.0220)  time: 0.1676  data: 0.0003  max mem: 16496
Test:  [   200/?]  eta: ?  loss: 0.0189 (0.0222)  time: 0.1676  data: 0.0003  max mem: 16496
Test:  [   210/?]  eta: ?  loss: 0.0192 (0.0223)  time: 0.1676  data: 0.0003  max mem: 16496
Test:  [   220/?]  eta: ?  loss: 0.0138 (0.0225)  time: 0.1676  data: 0.0003  max mem: 16496
Test:  [   230/?]  eta: ?  loss: 0.0171 (0.0225)  time: 0.1675  data: 0.0003  max mem: 16496
Test:  [   240/?]  eta: ?  loss: 0.0179 (0.0223)  time: 0.1675  data: 0.0003  max mem: 16496
Test:  [   250/?]  eta: ?  loss: 0.0159 (0.0222)  time: 0.1675  data: 0.0003  max mem: 16496
Test:  [   260/?]  eta: ?  loss: 0.0159 (0.0222)  time: 0.1675  data: 0.0003  max mem: 16496
Test:  [   270/?]  eta: ?  loss: 0.0169 (0.0221)  time: 0.1675  data: 0.0003  max mem: 16496
Test:  [   280/?]  eta: ?  loss: 0.0139 (0.0226)  time: 0.1676  data: 0.0003  max mem: 16496
Test:  [   290/?]  eta: ?  loss: 0.0182 (0.0226)  time: 0.1676  data: 0.0003  max mem: 16496
Test:  [   300/?]  eta: ?  loss: 0.0198 (0.0229)  time: 0.1675  data: 0.0003  max mem: 16496
Test:  [   310/?]  eta: ?  loss: 0.0345 (0.0236)  time: 0.1336  data: 0.0003  max mem: 16496
Test: Total time: 0:00:53 (0.1707 s / it)
* loss 0.024
  → Epoch   7/50 | Train Loss: 0.0081 | Val Loss: 0.0242 | Train score (1/(1+norm_MAE)): 0.9407 | Val MAE (years): 1.9885 | LR: 0.000002
Best val MAE (years): 1.9149, test MAE at best val: 1.8538
  Test segment MAE: 1.9745 | participant median MAE: 1.7055 | participant mean MAE: 1.7342
Epoch: [7]  [     0/?]  eta: ?  lr: 0.000498  min_lr: 0.000002  loss: 0.0085 (0.0085)  class_acc: 0.9433 (0.9433)  loss_scale: 8388608.0000 (8388608.0000)  weight_decay: 0.0500 (0.0500)  grad_norm: 3.1506 (3.1506)  time: 7.7207  data: 7.2824  max mem: 16496
Epoch: [7]  [   500/?]  eta: ?  lr: 0.000498  min_lr: 0.000002  loss: 0.0072 (0.0074)  class_acc: 0.9440 (0.9438)  loss_scale: 8388608.0000 (8388608.0000)  weight_decay: 0.0500 (0.0500)  grad_norm: 1.9648 (2.0807)  time: 0.4263  data: 0.0002  max mem: 16496
Epoch: [7]  [  1000/?]  eta: ?  lr: 0.000498  min_lr: 0.000002  loss: 0.0073 (0.0073)  class_acc: 0.9443 (0.9441)  loss_scale: 16777216.0000 (10114934.9211)  weight_decay: 0.0500 (0.0500)  grad_norm: 2.1188 (2.0880)  time: 0.4290  data: 0.0002  max mem: 16496
Epoch: [7]  [  1500/?]  eta: ?  lr: 0.000498  min_lr: 0.000002  loss: 0.0062 (0.0073)  class_acc: 0.9468 (0.9445)  loss_scale: 16777216.0000 (12334215.7602)  weight_decay: 0.0500 (0.0500)  grad_norm: 1.7448 (2.0867)  time: 0.4266  data: 0.0002  max mem: 16496
Epoch: [7]  [  2000/?]  eta: ?  lr: 0.000498  min_lr: 0.000002  loss: 0.0065 (0.0072)  class_acc: 0.9473 (0.9450)  loss_scale: 16777216.0000 (13444410.7226)  weight_decay: 0.0500 (0.0500)  grad_norm: 1.7156 (2.0344)  time: 0.4276  data: 0.0002  max mem: 16496
Epoch: [7] Total time: 0:15:47 (0.4362 s / it)
Val:  [     0/?]  eta: ?  loss: 0.0343 (0.0343)  time: 1.9127  data: 1.7471  max mem: 16496
Val:  [    10/?]  eta: ?  loss: 0.0221 (0.0307)  time: 0.3257  data: 0.1591  max mem: 16496
Val:  [    20/?]  eta: ?  loss: 0.0164 (0.0254)  time: 0.1672  data: 0.0002  max mem: 16496
Val:  [    30/?]  eta: ?  loss: 0.0163 (0.0233)  time: 0.1673  data: 0.0002  max mem: 16496
Val:  [    40/?]  eta: ?  loss: 0.0205 (0.0233)  time: 0.1673  data: 0.0002  max mem: 16496
Val:  [    50/?]  eta: ?  loss: 0.0231 (0.0232)  time: 0.1673  data: 0.0002  max mem: 16496
Val:  [    60/?]  eta: ?  loss: 0.0213 (0.0258)  time: 0.1673  data: 0.0003  max mem: 16496
Val:  [    70/?]  eta: ?  loss: 0.0133 (0.0253)  time: 0.1676  data: 0.0003  max mem: 16496
Val:  [    80/?]  eta: ?  loss: 0.0217 (0.0253)  time: 0.1676  data: 0.0003  max mem: 16496
Val:  [    90/?]  eta: ?  loss: 0.0232 (0.0248)  time: 0.1674  data: 0.0003  max mem: 16496
Val:  [   100/?]  eta: ?  loss: 0.0232 (0.0246)  time: 0.1674  data: 0.0003  max mem: 16496
Val:  [   110/?]  eta: ?  loss: 0.0198 (0.0243)  time: 0.1674  data: 0.0003  max mem: 16496
Val:  [   120/?]  eta: ?  loss: 0.0185 (0.0246)  time: 0.1674  data: 0.0003  max mem: 16496
Val:  [   130/?]  eta: ?  loss: 0.0185 (0.0243)  time: 0.1675  data: 0.0003  max mem: 16496
Val:  [   140/?]  eta: ?  loss: 0.0175 (0.0243)  time: 0.1675  data: 0.0003  max mem: 16496
Val:  [   150/?]  eta: ?  loss: 0.0175 (0.0247)  time: 0.1676  data: 0.0003  max mem: 16496
Val:  [   160/?]  eta: ?  loss: 0.0177 (0.0249)  time: 0.1677  data: 0.0003  max mem: 16496
Val:  [   170/?]  eta: ?  loss: 0.0228 (0.0249)  time: 0.1675  data: 0.0003  max mem: 16496
Val:  [   180/?]  eta: ?  loss: 0.0193 (0.0247)  time: 0.1676  data: 0.0003  max mem: 16496
Val:  [   190/?]  eta: ?  loss: 0.0139 (0.0243)  time: 0.1676  data: 0.0003  max mem: 16496
Val:  [   200/?]  eta: ?  loss: 0.0141 (0.0243)  time: 0.1675  data: 0.0003  max mem: 16496
Val:  [   210/?]  eta: ?  loss: 0.0187 (0.0243)  time: 0.1675  data: 0.0003  max mem: 16496
Val:  [   220/?]  eta: ?  loss: 0.0174 (0.0241)  time: 0.1675  data: 0.0003  max mem: 16496
Val:  [   230/?]  eta: ?  loss: 0.0170 (0.0240)  time: 0.1675  data: 0.0003  max mem: 16496
Val:  [   240/?]  eta: ?  loss: 0.0174 (0.0240)  time: 0.1675  data: 0.0003  max mem: 16496
Val:  [   250/?]  eta: ?  loss: 0.0176 (0.0245)  time: 0.1675  data: 0.0003  max mem: 16496
Val:  [   260/?]  eta: ?  loss: 0.0175 (0.0246)  time: 0.1675  data: 0.0003  max mem: 16496
Val:  [   270/?]  eta: ?  loss: 0.0237 (0.0247)  time: 0.1675  data: 0.0003  max mem: 16496
Val:  [   280/?]  eta: ?  loss: 0.0264 (0.0248)  time: 0.1675  data: 0.0003  max mem: 16496
Val:  [   290/?]  eta: ?  loss: 0.0181 (0.0247)  time: 0.1675  data: 0.0003  max mem: 16496
Val:  [   300/?]  eta: ?  loss: 0.0164 (0.0246)  time: 0.1675  data: 0.0003  max mem: 16496
Val:  [   310/?]  eta: ?  loss: 0.0166 (0.0244)  time: 0.1659  data: 0.0003  max mem: 16496
Val: Total time: 0:00:53 (0.1730 s / it)
* loss 0.024
Test:  [     0/?]  eta: ?  loss: 0.0105 (0.0105)  time: 1.7778  data: 1.6122  max mem: 16496
Test:  [    10/?]  eta: ?  loss: 0.0144 (0.0199)  time: 0.3221  data: 0.1558  max mem: 16496
Test:  [    20/?]  eta: ?  loss: 0.0138 (0.0186)  time: 0.1718  data: 0.0052  max mem: 16496
Test:  [    30/?]  eta: ?  loss: 0.0158 (0.0189)  time: 0.1672  data: 0.0003  max mem: 16496
Test:  [    40/?]  eta: ?  loss: 0.0168 (0.0192)  time: 0.1672  data: 0.0003  max mem: 16496
Test:  [    50/?]  eta: ?  loss: 0.0175 (0.0193)  time: 0.1673  data: 0.0003  max mem: 16496
Test:  [    60/?]  eta: ?  loss: 0.0175 (0.0184)  time: 0.1673  data: 0.0003  max mem: 16496
Test:  [    70/?]  eta: ?  loss: 0.0100 (0.0181)  time: 0.1672  data: 0.0004  max mem: 16496
Test:  [    80/?]  eta: ?  loss: 0.0170 (0.0186)  time: 0.1673  data: 0.0003  max mem: 16496
Test:  [    90/?]  eta: ?  loss: 0.0221 (0.0198)  time: 0.1672  data: 0.0003  max mem: 16496
Test:  [   100/?]  eta: ?  loss: 0.0248 (0.0208)  time: 0.1672  data: 0.0003  max mem: 16496
Test:  [   110/?]  eta: ?  loss: 0.0230 (0.0207)  time: 0.1673  data: 0.0003  max mem: 16496
Test:  [   120/?]  eta: ?  loss: 0.0157 (0.0212)  time: 0.1673  data: 0.0003  max mem: 16496
Test:  [   130/?]  eta: ?  loss: 0.0147 (0.0210)  time: 0.1672  data: 0.0003  max mem: 16496
Test:  [   140/?]  eta: ?  loss: 0.0147 (0.0214)  time: 0.1673  data: 0.0003  max mem: 16496
Test:  [   150/?]  eta: ?  loss: 0.0220 (0.0219)  time: 0.1673  data: 0.0003  max mem: 16496
Test:  [   160/?]  eta: ?  loss: 0.0243 (0.0219)  time: 0.1673  data: 0.0003  max mem: 16496
Test:  [   170/?]  eta: ?  loss: 0.0182 (0.0221)  time: 0.1674  data: 0.0003  max mem: 16496
Test:  [   180/?]  eta: ?  loss: 0.0205 (0.0224)  time: 0.1674  data: 0.0003  max mem: 16496
Test:  [   190/?]  eta: ?  loss: 0.0206 (0.0223)  time: 0.1673  data: 0.0003  max mem: 16496
Test:  [   200/?]  eta: ?  loss: 0.0200 (0.0225)  time: 0.1673  data: 0.0003  max mem: 16496
Test:  [   210/?]  eta: ?  loss: 0.0197 (0.0226)  time: 0.1673  data: 0.0003  max mem: 16496
Test:  [   220/?]  eta: ?  loss: 0.0176 (0.0228)  time: 0.1673  data: 0.0004  max mem: 16496
Test:  [   230/?]  eta: ?  loss: 0.0149 (0.0227)  time: 0.1674  data: 0.0004  max mem: 16496
Test:  [   240/?]  eta: ?  loss: 0.0144 (0.0225)  time: 0.1673  data: 0.0003  max mem: 16496
Test:  [   250/?]  eta: ?  loss: 0.0144 (0.0223)  time: 0.1673  data: 0.0003  max mem: 16496
Test:  [   260/?]  eta: ?  loss: 0.0151 (0.0222)  time: 0.1674  data: 0.0003  max mem: 16496
Test:  [   270/?]  eta: ?  loss: 0.0163 (0.0222)  time: 0.1673  data: 0.0003  max mem: 16496
Test:  [   280/?]  eta: ?  loss: 0.0156 (0.0228)  time: 0.1673  data: 0.0003  max mem: 16496
Test:  [   290/?]  eta: ?  loss: 0.0166 (0.0228)  time: 0.1673  data: 0.0003  max mem: 16496
Test:  [   300/?]  eta: ?  loss: 0.0221 (0.0231)  time: 0.1672  data: 0.0003  max mem: 16496
Test:  [   310/?]  eta: ?  loss: 0.0346 (0.0238)  time: 0.1334  data: 0.0003  max mem: 16496
Test: Total time: 0:00:53 (0.1702 s / it)
* loss 0.024
  → Epoch   8/50 | Train Loss: 0.0071 | Val Loss: 0.0243 | Train score (1/(1+norm_MAE)): 0.9451 | Val MAE (years): 1.9940 | LR: 0.000002
Best val MAE (years): 1.9149, test MAE at best val: 1.8538
  Test segment MAE: 1.9677 | participant median MAE: 1.7033 | participant mean MAE: 1.7078
Epoch: [8]  [     0/?]  eta: ?  lr: 0.000495  min_lr: 0.000002  loss: 0.0072 (0.0072)  class_acc: 0.9462 (0.9462)  loss_scale: 16777216.0000 (16777216.0000)  weight_decay: 0.0500 (0.0500)  grad_norm: 2.9316 (2.9316)  time: 7.7024  data: 7.2753  max mem: 16496
Epoch: [8]  [   500/?]  eta: ?  lr: 0.000495  min_lr: 0.000002  loss: 0.0069 (0.0066)  class_acc: 0.9462 (0.9476)  loss_scale: 16777216.0000 (16777216.0000)  weight_decay: 0.0500 (0.0500)  grad_norm: 1.9463 (1.8996)  time: 0.4236  data: 0.0002  max mem: 16496
Epoch: [8]  [  1000/?]  eta: ?  lr: 0.000495  min_lr: 0.000002  loss: 0.0069 (0.0065)  class_acc: 0.9477 (0.9479)  loss_scale: 33554432.0000 (23112668.1958)  weight_decay: 0.0500 (0.0500)  grad_norm: 2.0959 (1.8949)  time: 0.4271  data: 0.0002  max mem: 16496
Epoch: [8]  [  1500/?]  eta: ?  lr: 0.000495  min_lr: 0.000002  loss: 0.0055 (0.0065)  class_acc: 0.9508 (0.9482)  loss_scale: 33554432.0000 (26590937.2845)  weight_decay: 0.0500 (0.0500)  grad_norm: 1.4703 (1.8843)  time: 0.4277  data: 0.0002  max mem: 16496
Epoch: [8]  [  2000/?]  eta: ?  lr: 0.000495  min_lr: 0.000002  loss: 0.0056 (0.0064)  class_acc: 0.9509 (0.9487)  loss_scale: 33554432.0000 (28330940.9615)  weight_decay: 0.0500 (0.0500)  grad_norm: 1.5367 (1.8570)  time: 0.4275  data: 0.0002  max mem: 16496
Epoch: [8] Total time: 0:15:44 (0.4348 s / it)
Val:  [     0/?]  eta: ?  loss: 0.0347 (0.0347)  time: 1.9481  data: 1.7827  max mem: 16496
Val:  [    10/?]  eta: ?  loss: 0.0209 (0.0300)  time: 0.3289  data: 0.1623  max mem: 16496
Val:  [    20/?]  eta: ?  loss: 0.0158 (0.0242)  time: 0.1673  data: 0.0002  max mem: 16496
Val:  [    30/?]  eta: ?  loss: 0.0152 (0.0221)  time: 0.1675  data: 0.0003  max mem: 16496
Val:  [    40/?]  eta: ?  loss: 0.0186 (0.0223)  time: 0.1673  data: 0.0003  max mem: 16496
Val:  [    50/?]  eta: ?  loss: 0.0235 (0.0225)  time: 0.1672  data: 0.0003  max mem: 16496
Val:  [    60/?]  eta: ?  loss: 0.0215 (0.0262)  time: 0.1672  data: 0.0003  max mem: 16496
Val:  [    70/?]  eta: ?  loss: 0.0198 (0.0256)  time: 0.1672  data: 0.0003  max mem: 16496
Val:  [    80/?]  eta: ?  loss: 0.0186 (0.0257)  time: 0.1673  data: 0.0003  max mem: 16496
Val:  [    90/?]  eta: ?  loss: 0.0186 (0.0251)  time: 0.1674  data: 0.0003  max mem: 16496
Val:  [   100/?]  eta: ?  loss: 0.0200 (0.0249)  time: 0.1673  data: 0.0003  max mem: 16496
Val:  [   110/?]  eta: ?  loss: 0.0198 (0.0244)  time: 0.1673  data: 0.0003  max mem: 16496
Val:  [   120/?]  eta: ?  loss: 0.0189 (0.0248)  time: 0.1673  data: 0.0003  max mem: 16496
Val:  [   130/?]  eta: ?  loss: 0.0178 (0.0246)  time: 0.1675  data: 0.0003  max mem: 16496
Val:  [   140/?]  eta: ?  loss: 0.0167 (0.0245)  time: 0.1675  data: 0.0003  max mem: 16496
Val:  [   150/?]  eta: ?  loss: 0.0188 (0.0248)  time: 0.1673  data: 0.0003  max mem: 16496
Val:  [   160/?]  eta: ?  loss: 0.0186 (0.0249)  time: 0.1673  data: 0.0003  max mem: 16496
Val:  [   170/?]  eta: ?  loss: 0.0221 (0.0250)  time: 0.1674  data: 0.0003  max mem: 16496
Val:  [   180/?]  eta: ?  loss: 0.0200 (0.0248)  time: 0.1675  data: 0.0004  max mem: 16496
Val:  [   190/?]  eta: ?  loss: 0.0127 (0.0243)  time: 0.1674  data: 0.0003  max mem: 16496
Val:  [   200/?]  eta: ?  loss: 0.0136 (0.0243)  time: 0.1674  data: 0.0003  max mem: 16496
Val:  [   210/?]  eta: ?  loss: 0.0187 (0.0243)  time: 0.1674  data: 0.0003  max mem: 16496
Val:  [   220/?]  eta: ?  loss: 0.0174 (0.0240)  time: 0.1673  data: 0.0003  max mem: 16496
Val:  [   230/?]  eta: ?  loss: 0.0167 (0.0239)  time: 0.1673  data: 0.0003  max mem: 16496
Val:  [   240/?]  eta: ?  loss: 0.0160 (0.0239)  time: 0.1674  data: 0.0003  max mem: 16496
Val:  [   250/?]  eta: ?  loss: 0.0164 (0.0244)  time: 0.1675  data: 0.0003  max mem: 16496
Val:  [   260/?]  eta: ?  loss: 0.0169 (0.0244)  time: 0.1675  data: 0.0003  max mem: 16496
Val:  [   270/?]  eta: ?  loss: 0.0256 (0.0246)  time: 0.1674  data: 0.0003  max mem: 16496
Val:  [   280/?]  eta: ?  loss: 0.0246 (0.0246)  time: 0.1674  data: 0.0003  max mem: 16496
Val:  [   290/?]  eta: ?  loss: 0.0155 (0.0245)  time: 0.1674  data: 0.0003  max mem: 16496
Val:  [   300/?]  eta: ?  loss: 0.0155 (0.0244)  time: 0.1673  data: 0.0003  max mem: 16496
Val:  [   310/?]  eta: ?  loss: 0.0168 (0.0241)  time: 0.1659  data: 0.0004  max mem: 16496
Val: Total time: 0:00:53 (0.1730 s / it)
* loss 0.024
Test:  [     0/?]  eta: ?  loss: 0.0124 (0.0124)  time: 1.8553  data: 1.6899  max mem: 16496
Test:  [    10/?]  eta: ?  loss: 0.0167 (0.0201)  time: 0.3213  data: 0.1549  max mem: 16496
Test:  [    20/?]  eta: ?  loss: 0.0147 (0.0187)  time: 0.1675  data: 0.0008  max mem: 16496
Test:  [    30/?]  eta: ?  loss: 0.0151 (0.0194)  time: 0.1672  data: 0.0003  max mem: 16496
Test:  [    40/?]  eta: ?  loss: 0.0185 (0.0198)  time: 0.1671  data: 0.0003  max mem: 16496
Test:  [    50/?]  eta: ?  loss: 0.0174 (0.0196)  time: 0.1672  data: 0.0004  max mem: 16496
Test:  [    60/?]  eta: ?  loss: 0.0164 (0.0190)  time: 0.1673  data: 0.0004  max mem: 16496
Test:  [    70/?]  eta: ?  loss: 0.0153 (0.0187)  time: 0.1673  data: 0.0003  max mem: 16496
Test:  [    80/?]  eta: ?  loss: 0.0157 (0.0190)  time: 0.1673  data: 0.0003  max mem: 16496
Test:  [    90/?]  eta: ?  loss: 0.0236 (0.0198)  time: 0.1673  data: 0.0004  max mem: 16496
Test:  [   100/?]  eta: ?  loss: 0.0240 (0.0208)  time: 0.1673  data: 0.0004  max mem: 16496
Test:  [   110/?]  eta: ?  loss: 0.0236 (0.0207)  time: 0.1672  data: 0.0003  max mem: 16496
Test:  [   120/?]  eta: ?  loss: 0.0180 (0.0212)  time: 0.1672  data: 0.0003  max mem: 16496
Test:  [   130/?]  eta: ?  loss: 0.0168 (0.0209)  time: 0.1672  data: 0.0003  max mem: 16496
Test:  [   140/?]  eta: ?  loss: 0.0168 (0.0212)  time: 0.1673  data: 0.0003  max mem: 16496
Test:  [   150/?]  eta: ?  loss: 0.0182 (0.0216)  time: 0.1673  data: 0.0003  max mem: 16496
Test:  [   160/?]  eta: ?  loss: 0.0173 (0.0215)  time: 0.1672  data: 0.0003  max mem: 16496
Test:  [   170/?]  eta: ?  loss: 0.0170 (0.0219)  time: 0.1672  data: 0.0003  max mem: 16496
Test:  [   180/?]  eta: ?  loss: 0.0214 (0.0221)  time: 0.1672  data: 0.0003  max mem: 16496
Test:  [   190/?]  eta: ?  loss: 0.0215 (0.0220)  time: 0.1672  data: 0.0003  max mem: 16496
Test:  [   200/?]  eta: ?  loss: 0.0195 (0.0222)  time: 0.1672  data: 0.0003  max mem: 16496
Test:  [   210/?]  eta: ?  loss: 0.0195 (0.0223)  time: 0.1673  data: 0.0003  max mem: 16496
Test:  [   220/?]  eta: ?  loss: 0.0150 (0.0227)  time: 0.1673  data: 0.0003  max mem: 16496
Test:  [   230/?]  eta: ?  loss: 0.0170 (0.0227)  time: 0.1673  data: 0.0003  max mem: 16496
Test:  [   240/?]  eta: ?  loss: 0.0181 (0.0225)  time: 0.1672  data: 0.0003  max mem: 16496
Test:  [   250/?]  eta: ?  loss: 0.0152 (0.0224)  time: 0.1674  data: 0.0003  max mem: 16496
Test:  [   260/?]  eta: ?  loss: 0.0156 (0.0224)  time: 0.1673  data: 0.0004  max mem: 16496
Test:  [   270/?]  eta: ?  loss: 0.0160 (0.0223)  time: 0.1672  data: 0.0003  max mem: 16496
Test:  [   280/?]  eta: ?  loss: 0.0156 (0.0228)  time: 0.1673  data: 0.0003  max mem: 16496
Test:  [   290/?]  eta: ?  loss: 0.0184 (0.0229)  time: 0.1672  data: 0.0003  max mem: 16496
Test:  [   300/?]  eta: ?  loss: 0.0278 (0.0232)  time: 0.1672  data: 0.0003  max mem: 16496
Test:  [   310/?]  eta: ?  loss: 0.0325 (0.0239)  time: 0.1334  data: 0.0003  max mem: 16496
Test: Total time: 0:00:53 (0.1701 s / it)
* loss 0.024
  → Epoch   9/50 | Train Loss: 0.0064 | Val Loss: 0.0241 | Train score (1/(1+norm_MAE)): 0.9488 | Val MAE (years): 1.9815 | LR: 0.000002
Best val MAE (years): 1.9149, test MAE at best val: 1.8538
  Test segment MAE: 1.9679 | participant median MAE: 1.6777 | participant mean MAE: 1.7040
Epoch: [9]  [     0/?]  eta: ?  lr: 0.000491  min_lr: 0.000002  loss: 0.0065 (0.0065)  class_acc: 0.9499 (0.9499)  loss_scale: 33554432.0000 (33554432.0000)  weight_decay: 0.0500 (0.0500)  grad_norm: 1.3999 (1.3999)  time: 7.8273  data: 7.3967  max mem: 16496
Epoch: [9]  [   500/?]  eta: ?  lr: 0.000490  min_lr: 0.000002  loss: 0.0058 (0.0059)  class_acc: 0.9503 (0.9510)  loss_scale: 67108864.0000 (36903177.7086)  weight_decay: 0.0500 (0.0500)  grad_norm: 1.4360 (1.7426)  time: 0.4210  data: 0.0003  max mem: 16496
Epoch: [9]  [  1000/?]  eta: ?  lr: 0.000490  min_lr: 0.000002  loss: 0.0059 (0.0059)  class_acc: 0.9510 (0.9513)  loss_scale: 67108864.0000 (51990933.0989)  weight_decay: 0.0500 (0.0500)  grad_norm: 1.3872 (1.7346)  time: 0.4266  data: 0.0002  max mem: 16496
Epoch: [9]  [  1500/?]  eta: ?  lr: 0.000490  min_lr: 0.000002  loss: 0.0052 (0.0058)  class_acc: 0.9529 (0.9516)  loss_scale: 67108864.0000 (57026886.0973)  weight_decay: 0.0500 (0.0500)  grad_norm: 1.3884 (1.7494)  time: 0.4277  data: 0.0002  max mem: 16496
Epoch: [9]  [  2000/?]  eta: ?  lr: 0.000490  min_lr: 0.000002  loss: 0.0052 (0.0058)  class_acc: 0.9538 (0.9520)  loss_scale: 67108864.0000 (59546120.9555)  weight_decay: 0.0500 (0.0500)  grad_norm: 1.2989 (1.7208)  time: 0.4300  data: 0.0002  max mem: 16496
Epoch: [9] Total time: 0:15:50 (0.4375 s / it)
Val:  [     0/?]  eta: ?  loss: 0.0363 (0.0363)  time: 2.1427  data: 1.9770  max mem: 16496
Val:  [    10/?]  eta: ?  loss: 0.0218 (0.0297)  time: 0.3467  data: 0.1799  max mem: 16496
Val:  [    20/?]  eta: ?  loss: 0.0174 (0.0244)  time: 0.1672  data: 0.0002  max mem: 16496
Val:  [    30/?]  eta: ?  loss: 0.0136 (0.0227)  time: 0.1673  data: 0.0003  max mem: 16496
Val:  [    40/?]  eta: ?  loss: 0.0184 (0.0234)  time: 0.1674  data: 0.0003  max mem: 16496
Val:  [    50/?]  eta: ?  loss: 0.0269 (0.0238)  time: 0.1677  data: 0.0003  max mem: 16496
Val:  [    60/?]  eta: ?  loss: 0.0243 (0.0273)  time: 0.1677  data: 0.0003  max mem: 16496
Val:  [    70/?]  eta: ?  loss: 0.0187 (0.0269)  time: 0.1674  data: 0.0003  max mem: 16496
Val:  [    80/?]  eta: ?  loss: 0.0206 (0.0267)  time: 0.1674  data: 0.0003  max mem: 16496
Val:  [    90/?]  eta: ?  loss: 0.0206 (0.0261)  time: 0.1674  data: 0.0003  max mem: 16496
Val:  [   100/?]  eta: ?  loss: 0.0207 (0.0258)  time: 0.1676  data: 0.0003  max mem: 16496
Val:  [   110/?]  eta: ?  loss: 0.0207 (0.0255)  time: 0.1676  data: 0.0003  max mem: 16496
Val:  [   120/?]  eta: ?  loss: 0.0220 (0.0263)  time: 0.1675  data: 0.0003  max mem: 16496
Val:  [   130/?]  eta: ?  loss: 0.0229 (0.0263)  time: 0.1675  data: 0.0003  max mem: 16496
Val:  [   140/?]  eta: ?  loss: 0.0211 (0.0265)  time: 0.1674  data: 0.0003  max mem: 16496
Val:  [   150/?]  eta: ?  loss: 0.0232 (0.0268)  time: 0.1675  data: 0.0003  max mem: 16496
Val:  [   160/?]  eta: ?  loss: 0.0182 (0.0270)  time: 0.1675  data: 0.0003  max mem: 16496
Val:  [   170/?]  eta: ?  loss: 0.0205 (0.0268)  time: 0.1675  data: 0.0004  max mem: 16496
Val:  [   180/?]  eta: ?  loss: 0.0205 (0.0266)  time: 0.1676  data: 0.0004  max mem: 16496
Val:  [   190/?]  eta: ?  loss: 0.0126 (0.0262)  time: 0.1677  data: 0.0003  max mem: 16496
Val:  [   200/?]  eta: ?  loss: 0.0141 (0.0262)  time: 0.1676  data: 0.0003  max mem: 16496
Val:  [   210/?]  eta: ?  loss: 0.0202 (0.0262)  time: 0.1675  data: 0.0003  max mem: 16496
Val:  [   220/?]  eta: ?  loss: 0.0176 (0.0258)  time: 0.1675  data: 0.0003  max mem: 16496
Val:  [   230/?]  eta: ?  loss: 0.0176 (0.0258)  time: 0.1676  data: 0.0003  max mem: 16496
Val:  [   240/?]  eta: ?  loss: 0.0153 (0.0258)  time: 0.1675  data: 0.0004  max mem: 16496
Val:  [   250/?]  eta: ?  loss: 0.0171 (0.0263)  time: 0.1676  data: 0.0003  max mem: 16496
Val:  [   260/?]  eta: ?  loss: 0.0175 (0.0263)  time: 0.1676  data: 0.0003  max mem: 16496
Val:  [   270/?]  eta: ?  loss: 0.0295 (0.0265)  time: 0.1675  data: 0.0003  max mem: 16496
Val:  [   280/?]  eta: ?  loss: 0.0289 (0.0266)  time: 0.1676  data: 0.0003  max mem: 16496
Val:  [   290/?]  eta: ?  loss: 0.0187 (0.0265)  time: 0.1676  data: 0.0003  max mem: 16496
Val:  [   300/?]  eta: ?  loss: 0.0169 (0.0264)  time: 0.1675  data: 0.0003  max mem: 16496
Val:  [   310/?]  eta: ?  loss: 0.0187 (0.0261)  time: 0.1659  data: 0.0003  max mem: 16496
Val: Total time: 0:00:54 (0.1738 s / it)
* loss 0.026
Test:  [     0/?]  eta: ?  loss: 0.0172 (0.0172)  time: 1.9349  data: 1.7693  max mem: 16496
Test:  [    10/?]  eta: ?  loss: 0.0190 (0.0227)  time: 0.3279  data: 0.1611  max mem: 16496
Test:  [    20/?]  eta: ?  loss: 0.0167 (0.0208)  time: 0.1673  data: 0.0003  max mem: 16496
Test:  [    30/?]  eta: ?  loss: 0.0160 (0.0212)  time: 0.1675  data: 0.0003  max mem: 16496
Test:  [    40/?]  eta: ?  loss: 0.0196 (0.0216)  time: 0.1674  data: 0.0003  max mem: 16496
Test:  [    50/?]  eta: ?  loss: 0.0180 (0.0209)  time: 0.1674  data: 0.0003  max mem: 16496
Test:  [    60/?]  eta: ?  loss: 0.0159 (0.0197)  time: 0.1674  data: 0.0003  max mem: 16496
Test:  [    70/?]  eta: ?  loss: 0.0093 (0.0193)  time: 0.1674  data: 0.0003  max mem: 16496
Test:  [    80/?]  eta: ?  loss: 0.0170 (0.0191)  time: 0.1675  data: 0.0003  max mem: 16496
Test:  [    90/?]  eta: ?  loss: 0.0208 (0.0204)  time: 0.1675  data: 0.0003  max mem: 16496
Test:  [   100/?]  eta: ?  loss: 0.0250 (0.0214)  time: 0.1676  data: 0.0004  max mem: 16496
Test:  [   110/?]  eta: ?  loss: 0.0234 (0.0214)  time: 0.1676  data: 0.0003  max mem: 16496
Test:  [   120/?]  eta: ?  loss: 0.0157 (0.0219)  time: 0.1675  data: 0.0003  max mem: 16496
Test:  [   130/?]  eta: ?  loss: 0.0186 (0.0216)  time: 0.1674  data: 0.0003  max mem: 16496
Test:  [   140/?]  eta: ?  loss: 0.0186 (0.0221)  time: 0.1675  data: 0.0003  max mem: 16496
Test:  [   150/?]  eta: ?  loss: 0.0209 (0.0227)  time: 0.1676  data: 0.0004  max mem: 16496
Test:  [   160/?]  eta: ?  loss: 0.0230 (0.0227)  time: 0.1675  data: 0.0004  max mem: 16496
Test:  [   170/?]  eta: ?  loss: 0.0208 (0.0232)  time: 0.1675  data: 0.0003  max mem: 16496
Test:  [   180/?]  eta: ?  loss: 0.0212 (0.0235)  time: 0.1674  data: 0.0003  max mem: 16496
Test:  [   190/?]  eta: ?  loss: 0.0200 (0.0233)  time: 0.1675  data: 0.0003  max mem: 16496
Test:  [   200/?]  eta: ?  loss: 0.0178 (0.0232)  time: 0.1675  data: 0.0003  max mem: 16496
Test:  [   210/?]  eta: ?  loss: 0.0183 (0.0235)  time: 0.1675  data: 0.0003  max mem: 16496
Test:  [   220/?]  eta: ?  loss: 0.0171 (0.0238)  time: 0.1675  data: 0.0003  max mem: 16496
Test:  [   230/?]  eta: ?  loss: 0.0171 (0.0238)  time: 0.1675  data: 0.0003  max mem: 16496
Test:  [   240/?]  eta: ?  loss: 0.0174 (0.0234)  time: 0.1675  data: 0.0003  max mem: 16496
Test:  [   250/?]  eta: ?  loss: 0.0146 (0.0233)  time: 0.1674  data: 0.0003  max mem: 16496
Test:  [   260/?]  eta: ?  loss: 0.0165 (0.0232)  time: 0.1675  data: 0.0003  max mem: 16496
Test:  [   270/?]  eta: ?  loss: 0.0175 (0.0232)  time: 0.1675  data: 0.0004  max mem: 16496
Test:  [   280/?]  eta: ?  loss: 0.0171 (0.0238)  time: 0.1675  data: 0.0003  max mem: 16496
Test:  [   290/?]  eta: ?  loss: 0.0197 (0.0238)  time: 0.1674  data: 0.0003  max mem: 16496
Test:  [   300/?]  eta: ?  loss: 0.0298 (0.0242)  time: 0.1674  data: 0.0003  max mem: 16496
Test:  [   310/?]  eta: ?  loss: 0.0346 (0.0250)  time: 0.1336  data: 0.0003  max mem: 16496
Test: Total time: 0:00:53 (0.1706 s / it)
* loss 0.025

============================================================
Counting samples by task type...
============================================================

============================================================
Evaluating on active tasks (35,284 samples)...
============================================================
Active Test:  [     0/?]  eta: ?  loss: 0.0077 (0.0077)  time: 2.7002  data: 2.6806  max mem: 16496
Active Test:  [    10/?]  eta: ?  loss: 0.0276 (0.0754)  time: 0.2659  data: 0.2524  max mem: 16496
Active Test:  [    20/?]  eta: ?  loss: 0.0235 (0.0533)  time: 0.0220  data: 0.0092  max mem: 16496
Active Test:  [    30/?]  eta: ?  loss: 0.0262 (0.0516)  time: 0.0204  data: 0.0079  max mem: 16496
Active Test:  [    40/?]  eta: ?  loss: 0.0428 (0.0500)  time: 0.0202  data: 0.0079  max mem: 16496
Active Test:  [    50/?]  eta: ?  loss: 0.0271 (0.0455)  time: 0.0201  data: 0.0079  max mem: 16496
Active Test:  [    60/?]  eta: ?  loss: 0.0111 (0.0405)  time: 0.0194  data: 0.0073  max mem: 16496
Active Test:  [    70/?]  eta: ?  loss: 0.0114 (0.0367)  time: 0.0197  data: 0.0075  max mem: 16496
Active Test:  [    80/?]  eta: ?  loss: 0.0114 (0.0336)  time: 0.0192  data: 0.0070  max mem: 16496
Active Test:  [    90/?]  eta: ?  loss: 0.0133 (0.0315)  time: 0.0192  data: 0.0070  max mem: 16496
Active Test:  [   100/?]  eta: ?  loss: 0.0150 (0.0302)  time: 0.0194  data: 0.0072  max mem: 16496
Active Test:  [   110/?]  eta: ?  loss: 0.0152 (0.0290)  time: 0.0196  data: 0.0074  max mem: 16496
Active Test:  [   120/?]  eta: ?  loss: 0.0143 (0.0283)  time: 0.0197  data: 0.0077  max mem: 16496
Active Test:  [   130/?]  eta: ?  loss: 0.0134 (0.0281)  time: 0.0197  data: 0.0078  max mem: 16496
Active Test:  [   140/?]  eta: ?  loss: 0.0163 (0.0293)  time: 0.0192  data: 0.0073  max mem: 16496
Active Test:  [   150/?]  eta: ?  loss: 0.0212 (0.0298)  time: 0.0189  data: 0.0070  max mem: 16496
Active Test:  [   160/?]  eta: ?  loss: 0.0212 (0.0308)  time: 0.0183  data: 0.0065  max mem: 16496
Active Test:  [   170/?]  eta: ?  loss: 0.0191 (0.0306)  time: 0.0192  data: 0.0073  max mem: 16496
Active Test:  [   180/?]  eta: ?  loss: 0.0108 (0.0296)  time: 0.0195  data: 0.0076  max mem: 16496
Active Test:  [   190/?]  eta: ?  loss: 0.0142 (0.0291)  time: 0.0188  data: 0.0069  max mem: 16496
Active Test:  [   200/?]  eta: ?  loss: 0.0171 (0.0287)  time: 0.0186  data: 0.0067  max mem: 16496
Active Test:  [   210/?]  eta: ?  loss: 0.0146 (0.0283)  time: 0.0188  data: 0.0069  max mem: 16496
Active Test:  [   220/?]  eta: ?  loss: 0.0154 (0.0279)  time: 0.0196  data: 0.0077  max mem: 16496
Active Test:  [   230/?]  eta: ?  loss: 0.0178 (0.0276)  time: 0.0201  data: 0.0082  max mem: 16496
Active Test:  [   240/?]  eta: ?  loss: 0.0169 (0.0277)  time: 0.0201  data: 0.0081  max mem: 16496
Active Test:  [   250/?]  eta: ?  loss: 0.0204 (0.0277)  time: 0.0205  data: 0.0085  max mem: 16496
Active Test:  [   260/?]  eta: ?  loss: 0.0196 (0.0277)  time: 0.0200  data: 0.0079  max mem: 16496
Active Test:  [   270/?]  eta: ?  loss: 0.0216 (0.0277)  time: 0.0199  data: 0.0079  max mem: 16496
Active Test:  [   280/?]  eta: ?  loss: 0.0216 (0.0276)  time: 0.0202  data: 0.0081  max mem: 16496
Active Test:  [   290/?]  eta: ?  loss: 0.0126 (0.0272)  time: 0.0206  data: 0.0085  max mem: 16496
Active Test:  [   300/?]  eta: ?  loss: 0.0120 (0.0272)  time: 0.0208  data: 0.0084  max mem: 16496
Active Test:  [   310/?]  eta: ?  loss: 0.0212 (0.0272)  time: 0.0196  data: 0.0071  max mem: 16496
Active Test:  [   320/?]  eta: ?  loss: 0.0212 (0.0271)  time: 0.0194  data: 0.0072  max mem: 16496
Active Test:  [   330/?]  eta: ?  loss: 0.0191 (0.0269)  time: 0.0190  data: 0.0070  max mem: 16496
Active Test:  [   340/?]  eta: ?  loss: 0.0135 (0.0265)  time: 0.0187  data: 0.0067  max mem: 16496
Active Test:  [   350/?]  eta: ?  loss: 0.0135 (0.0266)  time: 0.0184  data: 0.0064  max mem: 16496
Active Test:  [   360/?]  eta: ?  loss: 0.0178 (0.0263)  time: 0.0189  data: 0.0068  max mem: 16496
Active Test:  [   370/?]  eta: ?  loss: 0.0164 (0.0260)  time: 0.0205  data: 0.0084  max mem: 16496
Active Test:  [   380/?]  eta: ?  loss: 0.0129 (0.0256)  time: 0.0201  data: 0.0080  max mem: 16496
Active Test:  [   390/?]  eta: ?  loss: 0.0117 (0.0254)  time: 0.0194  data: 0.0074  max mem: 16496
Active Test:  [   400/?]  eta: ?  loss: 0.0117 (0.0253)  time: 0.0192  data: 0.0072  max mem: 16496
Active Test:  [   410/?]  eta: ?  loss: 0.0128 (0.0251)  time: 0.0193  data: 0.0073  max mem: 16496
Active Test:  [   420/?]  eta: ?  loss: 0.0151 (0.0250)  time: 0.0190  data: 0.0070  max mem: 16496
Active Test:  [   430/?]  eta: ?  loss: 0.0146 (0.0248)  time: 0.0197  data: 0.0077  max mem: 16496
Active Test:  [   440/?]  eta: ?  loss: 0.0204 (0.0248)  time: 0.0208  data: 0.0086  max mem: 16496
Active Test:  [   450/?]  eta: ?  loss: 0.0219 (0.0248)  time: 0.0201  data: 0.0079  max mem: 16496
Active Test:  [   460/?]  eta: ?  loss: 0.0175 (0.0249)  time: 0.0226  data: 0.0100  max mem: 16496
Active Test:  [   470/?]  eta: ?  loss: 0.0098 (0.0263)  time: 0.0223  data: 0.0096  max mem: 16496
Active Test:  [   480/?]  eta: ?  loss: 0.0137 (0.0272)  time: 0.0198  data: 0.0074  max mem: 16496
Active Test:  [   490/?]  eta: ?  loss: 0.0119 (0.0269)  time: 0.0209  data: 0.0085  max mem: 16496
Active Test:  [   500/?]  eta: ?  loss: 0.0079 (0.0268)  time: 0.0208  data: 0.0085  max mem: 16496
Active Test:  [   510/?]  eta: ?  loss: 0.0096 (0.0266)  time: 0.0212  data: 0.0090  max mem: 16496
Active Test:  [   520/?]  eta: ?  loss: 0.0087 (0.0266)  time: 0.0219  data: 0.0096  max mem: 16496
Active Test:  [   530/?]  eta: ?  loss: 0.0120 (0.0264)  time: 0.0211  data: 0.0090  max mem: 16496
Active Test:  [   540/?]  eta: ?  loss: 0.0120 (0.0263)  time: 0.0216  data: 0.0096  max mem: 16496
Active Test: Total time: 0:00:13 (0.0253 s / it)
* loss 0.026

============================================================
Evaluating on passive tasks (204,188 samples)...
============================================================
Passive Test:  [     0/?]  eta: ?  loss: 0.0076 (0.0076)  time: 0.9261  data: 0.9081  max mem: 16496
Passive Test:  [    10/?]  eta: ?  loss: 0.0117 (0.0126)  time: 0.1075  data: 0.0945  max mem: 16496
Passive Test:  [    20/?]  eta: ?  loss: 0.0129 (0.0136)  time: 0.0226  data: 0.0103  max mem: 16496
Passive Test:  [    30/?]  eta: ?  loss: 0.0141 (0.0151)  time: 0.0204  data: 0.0082  max mem: 16496
Passive Test:  [    40/?]  eta: ?  loss: 0.0147 (0.0161)  time: 0.0190  data: 0.0069  max mem: 16496
Passive Test:  [    50/?]  eta: ?  loss: 0.0144 (0.0163)  time: 0.0184  data: 0.0063  max mem: 16496
Passive Test:  [    60/?]  eta: ?  loss: 0.0137 (0.0164)  time: 0.0177  data: 0.0057  max mem: 16496
Passive Test:  [    70/?]  eta: ?  loss: 0.0137 (0.0169)  time: 0.0171  data: 0.0050  max mem: 16496
Passive Test:  [    80/?]  eta: ?  loss: 0.0131 (0.0168)  time: 0.0177  data: 0.0056  max mem: 16496
Passive Test:  [    90/?]  eta: ?  loss: 0.0082 (0.0166)  time: 0.0176  data: 0.0056  max mem: 16496
Passive Test:  [   100/?]  eta: ?  loss: 0.0121 (0.0166)  time: 0.0178  data: 0.0059  max mem: 16496
Passive Test:  [   110/?]  eta: ?  loss: 0.0121 (0.0167)  time: 0.0179  data: 0.0060  max mem: 16496
Passive Test:  [   120/?]  eta: ?  loss: 0.0080 (0.0174)  time: 0.0181  data: 0.0063  max mem: 16496
Passive Test:  [   130/?]  eta: ?  loss: 0.0083 (0.0180)  time: 0.0177  data: 0.0058  max mem: 16496
Passive Test:  [   140/?]  eta: ?  loss: 0.0159 (0.0187)  time: 0.0180  data: 0.0060  max mem: 16496
Passive Test:  [   150/?]  eta: ?  loss: 0.0159 (0.0187)  time: 0.0181  data: 0.0061  max mem: 16496
Passive Test:  [   160/?]  eta: ?  loss: 0.0141 (0.0189)  time: 0.0186  data: 0.0066  max mem: 16496
Passive Test:  [   170/?]  eta: ?  loss: 0.0120 (0.0186)  time: 0.0184  data: 0.0064  max mem: 16496
Passive Test:  [   180/?]  eta: ?  loss: 0.0120 (0.0182)  time: 0.0186  data: 0.0067  max mem: 16496
Passive Test:  [   190/?]  eta: ?  loss: 0.0145 (0.0181)  time: 0.0183  data: 0.0063  max mem: 16496
Passive Test:  [   200/?]  eta: ?  loss: 0.0145 (0.0182)  time: 0.0179  data: 0.0060  max mem: 16496
Passive Test:  [   210/?]  eta: ?  loss: 0.0137 (0.0181)  time: 0.0183  data: 0.0064  max mem: 16496
Passive Test:  [   220/?]  eta: ?  loss: 0.0105 (0.0178)  time: 0.0179  data: 0.0059  max mem: 16496
Passive Test:  [   230/?]  eta: ?  loss: 0.0117 (0.0176)  time: 0.0177  data: 0.0058  max mem: 16496
Passive Test:  [   240/?]  eta: ?  loss: 0.0144 (0.0175)  time: 0.0180  data: 0.0060  max mem: 16496
Passive Test:  [   250/?]  eta: ?  loss: 0.0132 (0.0174)  time: 0.0176  data: 0.0057  max mem: 16496
Passive Test:  [   260/?]  eta: ?  loss: 0.0097 (0.0172)  time: 0.0181  data: 0.0062  max mem: 16496
Passive Test:  [   270/?]  eta: ?  loss: 0.0087 (0.0175)  time: 0.0185  data: 0.0066  max mem: 16496
Passive Test:  [   280/?]  eta: ?  loss: 0.0075 (0.0172)  time: 0.0188  data: 0.0068  max mem: 16496
Passive Test:  [   290/?]  eta: ?  loss: 0.0075 (0.0169)  time: 0.0180  data: 0.0061  max mem: 16496
Passive Test:  [   300/?]  eta: ?  loss: 0.0085 (0.0167)  time: 0.0181  data: 0.0061  max mem: 16496
Passive Test:  [   310/?]  eta: ?  loss: 0.0092 (0.0165)  time: 0.0187  data: 0.0066  max mem: 16496
Passive Test:  [   320/?]  eta: ?  loss: 0.0083 (0.0164)  time: 0.0171  data: 0.0050  max mem: 16496
Passive Test:  [   330/?]  eta: ?  loss: 0.0062 (0.0162)  time: 0.0167  data: 0.0047  max mem: 16496
Passive Test:  [   340/?]  eta: ?  loss: 0.0129 (0.0162)  time: 0.0173  data: 0.0054  max mem: 16496
Passive Test:  [   350/?]  eta: ?  loss: 0.0159 (0.0162)  time: 0.0179  data: 0.0060  max mem: 16496
Passive Test:  [   360/?]  eta: ?  loss: 0.0143 (0.0161)  time: 0.0179  data: 0.0059  max mem: 16496
Passive Test:  [   370/?]  eta: ?  loss: 0.0136 (0.0160)  time: 0.0185  data: 0.0065  max mem: 16496
Passive Test:  [   380/?]  eta: ?  loss: 0.0128 (0.0159)  time: 0.0177  data: 0.0059  max mem: 16496
Passive Test:  [   390/?]  eta: ?  loss: 0.0100 (0.0158)  time: 0.0180  data: 0.0061  max mem: 16496
Passive Test:  [   400/?]  eta: ?  loss: 0.0159 (0.0158)  time: 0.0181  data: 0.0062  max mem: 16496
Passive Test:  [   410/?]  eta: ?  loss: 0.0177 (0.0158)  time: 0.0178  data: 0.0059  max mem: 16496
Passive Test:  [   420/?]  eta: ?  loss: 0.0169 (0.0158)  time: 0.0178  data: 0.0059  max mem: 16496
Passive Test:  [   430/?]  eta: ?  loss: 0.0169 (0.0159)  time: 0.0176  data: 0.0057  max mem: 16496
Passive Test:  [   440/?]  eta: ?  loss: 0.0148 (0.0159)  time: 0.0182  data: 0.0064  max mem: 16496
Passive Test:  [   450/?]  eta: ?  loss: 0.0133 (0.0160)  time: 0.0177  data: 0.0058  max mem: 16496
Passive Test:  [   460/?]  eta: ?  loss: 0.0181 (0.0163)  time: 0.0174  data: 0.0054  max mem: 16496
Passive Test:  [   470/?]  eta: ?  loss: 0.0296 (0.0165)  time: 0.0173  data: 0.0053  max mem: 16496
Passive Test:  [   480/?]  eta: ?  loss: 0.0250 (0.0167)  time: 0.0177  data: 0.0057  max mem: 16496
Passive Test:  [   490/?]  eta: ?  loss: 0.0244 (0.0168)  time: 0.0176  data: 0.0056  max mem: 16496
Passive Test:  [   500/?]  eta: ?  loss: 0.0262 (0.0172)  time: 0.0170  data: 0.0051  max mem: 16496
Passive Test:  [   510/?]  eta: ?  loss: 0.0256 (0.0177)  time: 0.0174  data: 0.0054  max mem: 16496
Passive Test:  [   520/?]  eta: ?  loss: 0.0243 (0.0179)  time: 0.0175  data: 0.0055  max mem: 16496
Passive Test:  [   530/?]  eta: ?  loss: 0.0238 (0.0181)  time: 0.0180  data: 0.0061  max mem: 16496
Passive Test:  [   540/?]  eta: ?  loss: 0.0238 (0.0182)  time: 0.0178  data: 0.0058  max mem: 16496
Passive Test:  [   550/?]  eta: ?  loss: 0.0152 (0.0183)  time: 0.0179  data: 0.0061  max mem: 16496
Passive Test:  [   560/?]  eta: ?  loss: 0.0146 (0.0183)  time: 0.0177  data: 0.0058  max mem: 16496
Passive Test:  [   570/?]  eta: ?  loss: 0.0122 (0.0182)  time: 0.0177  data: 0.0059  max mem: 16496
Passive Test:  [   580/?]  eta: ?  loss: 0.0085 (0.0180)  time: 0.0181  data: 0.0062  max mem: 16496
Passive Test:  [   590/?]  eta: ?  loss: 0.0099 (0.0180)  time: 0.0183  data: 0.0065  max mem: 16496
Passive Test:  [   600/?]  eta: ?  loss: 0.0166 (0.0182)  time: 0.0182  data: 0.0064  max mem: 16496
Passive Test:  [   610/?]  eta: ?  loss: 0.0144 (0.0181)  time: 0.0185  data: 0.0066  max mem: 16496
Passive Test:  [   620/?]  eta: ?  loss: 0.0103 (0.0179)  time: 0.0186  data: 0.0067  max mem: 16496
Passive Test:  [   630/?]  eta: ?  loss: 0.0099 (0.0179)  time: 0.0187  data: 0.0068  max mem: 16496
Passive Test:  [   640/?]  eta: ?  loss: 0.0162 (0.0180)  time: 0.0187  data: 0.0068  max mem: 16496
Passive Test:  [   650/?]  eta: ?  loss: 0.0215 (0.0184)  time: 0.0185  data: 0.0066  max mem: 16496
Passive Test:  [   660/?]  eta: ?  loss: 0.0367 (0.0190)  time: 0.0180  data: 0.0060  max mem: 16496
Passive Test:  [   670/?]  eta: ?  loss: 0.0433 (0.0198)  time: 0.0181  data: 0.0062  max mem: 16496
Passive Test:  [   680/?]  eta: ?  loss: 0.0493 (0.0204)  time: 0.0182  data: 0.0063  max mem: 16496
Passive Test:  [   690/?]  eta: ?  loss: 0.0493 (0.0210)  time: 0.0175  data: 0.0056  max mem: 16496
Passive Test:  [   700/?]  eta: ?  loss: 0.0466 (0.0214)  time: 0.0176  data: 0.0057  max mem: 16496
Passive Test:  [   710/?]  eta: ?  loss: 0.0482 (0.0219)  time: 0.0182  data: 0.0063  max mem: 16496
Passive Test:  [   720/?]  eta: ?  loss: 0.0495 (0.0224)  time: 0.0183  data: 0.0064  max mem: 16496
Passive Test:  [   730/?]  eta: ?  loss: 0.0494 (0.0228)  time: 0.0181  data: 0.0062  max mem: 16496
Passive Test:  [   740/?]  eta: ?  loss: 0.0319 (0.0230)  time: 0.0179  data: 0.0061  max mem: 16496
Passive Test:  [   750/?]  eta: ?  loss: 0.0170 (0.0229)  time: 0.0182  data: 0.0063  max mem: 16496
Passive Test:  [   760/?]  eta: ?  loss: 0.0165 (0.0230)  time: 0.0183  data: 0.0065  max mem: 16496
Passive Test:  [   770/?]  eta: ?  loss: 0.0185 (0.0231)  time: 0.0181  data: 0.0062  max mem: 16496
Passive Test:  [   780/?]  eta: ?  loss: 0.0219 (0.0232)  time: 0.0178  data: 0.0060  max mem: 16496
Passive Test:  [   790/?]  eta: ?  loss: 0.0236 (0.0233)  time: 0.0172  data: 0.0054  max mem: 16496
Passive Test:  [   800/?]  eta: ?  loss: 0.0236 (0.0234)  time: 0.0181  data: 0.0062  max mem: 16496
Passive Test:  [   810/?]  eta: ?  loss: 0.0259 (0.0234)  time: 0.0179  data: 0.0060  max mem: 16496
Passive Test:  [   820/?]  eta: ?  loss: 0.0219 (0.0234)  time: 0.0186  data: 0.0066  max mem: 16496
Passive Test:  [   830/?]  eta: ?  loss: 0.0219 (0.0234)  time: 0.0183  data: 0.0063  max mem: 16496
Passive Test:  [   840/?]  eta: ?  loss: 0.0155 (0.0233)  time: 0.0181  data: 0.0063  max mem: 16496
Passive Test:  [   850/?]  eta: ?  loss: 0.0089 (0.0231)  time: 0.0180  data: 0.0062  max mem: 16496
Passive Test:  [   860/?]  eta: ?  loss: 0.0088 (0.0230)  time: 0.0178  data: 0.0060  max mem: 16496
Passive Test:  [   870/?]  eta: ?  loss: 0.0117 (0.0229)  time: 0.0180  data: 0.0062  max mem: 16496
Passive Test:  [   880/?]  eta: ?  loss: 0.0116 (0.0228)  time: 0.0186  data: 0.0066  max mem: 16496
Passive Test:  [   890/?]  eta: ?  loss: 0.0103 (0.0227)  time: 0.0189  data: 0.0070  max mem: 16496
Passive Test:  [   900/?]  eta: ?  loss: 0.0105 (0.0226)  time: 0.0189  data: 0.0070  max mem: 16496
Passive Test:  [   910/?]  eta: ?  loss: 0.0105 (0.0225)  time: 0.0186  data: 0.0067  max mem: 16496
Passive Test:  [   920/?]  eta: ?  loss: 0.0088 (0.0223)  time: 0.0187  data: 0.0067  max mem: 16496
Passive Test:  [   930/?]  eta: ?  loss: 0.0090 (0.0222)  time: 0.0184  data: 0.0065  max mem: 16496
Passive Test:  [   940/?]  eta: ?  loss: 0.0098 (0.0221)  time: 0.0181  data: 0.0063  max mem: 16496
Passive Test:  [   950/?]  eta: ?  loss: 0.0150 (0.0222)  time: 0.0181  data: 0.0062  max mem: 16496
Passive Test:  [   960/?]  eta: ?  loss: 0.0294 (0.0222)  time: 0.0180  data: 0.0061  max mem: 16496
Passive Test:  [   970/?]  eta: ?  loss: 0.0268 (0.0223)  time: 0.0182  data: 0.0063  max mem: 16496
Passive Test:  [   980/?]  eta: ?  loss: 0.0256 (0.0223)  time: 0.0178  data: 0.0059  max mem: 16496
Passive Test:  [   990/?]  eta: ?  loss: 0.0235 (0.0223)  time: 0.0177  data: 0.0059  max mem: 16496
Passive Test:  [  1000/?]  eta: ?  loss: 0.0240 (0.0224)  time: 0.0182  data: 0.0063  max mem: 16496
Passive Test:  [  1010/?]  eta: ?  loss: 0.0239 (0.0224)  time: 0.0181  data: 0.0062  max mem: 16496
Passive Test:  [  1020/?]  eta: ?  loss: 0.0205 (0.0224)  time: 0.0177  data: 0.0057  max mem: 16496
Passive Test:  [  1030/?]  eta: ?  loss: 0.0154 (0.0225)  time: 0.0175  data: 0.0056  max mem: 16496
Passive Test:  [  1040/?]  eta: ?  loss: 0.0154 (0.0225)  time: 0.0177  data: 0.0058  max mem: 16496
Passive Test:  [  1050/?]  eta: ?  loss: 0.0132 (0.0225)  time: 0.0178  data: 0.0059  max mem: 16496
Passive Test:  [  1060/?]  eta: ?  loss: 0.0135 (0.0225)  time: 0.0177  data: 0.0058  max mem: 16496
Passive Test:  [  1070/?]  eta: ?  loss: 0.0142 (0.0224)  time: 0.0175  data: 0.0057  max mem: 16496
Passive Test:  [  1080/?]  eta: ?  loss: 0.0132 (0.0224)  time: 0.0177  data: 0.0059  max mem: 16496
Passive Test:  [  1090/?]  eta: ?  loss: 0.0106 (0.0224)  time: 0.0182  data: 0.0064  max mem: 16496
Passive Test:  [  1100/?]  eta: ?  loss: 0.0073 (0.0226)  time: 0.0179  data: 0.0061  max mem: 16496
Passive Test:  [  1110/?]  eta: ?  loss: 0.0195 (0.0227)  time: 0.0178  data: 0.0059  max mem: 16496
Passive Test:  [  1120/?]  eta: ?  loss: 0.0430 (0.0230)  time: 0.0180  data: 0.0062  max mem: 16496
Passive Test:  [  1130/?]  eta: ?  loss: 0.0674 (0.0233)  time: 0.0176  data: 0.0057  max mem: 16496
Passive Test:  [  1140/?]  eta: ?  loss: 0.0647 (0.0236)  time: 0.0176  data: 0.0055  max mem: 16496
Passive Test:  [  1150/?]  eta: ?  loss: 0.0564 (0.0238)  time: 0.0181  data: 0.0059  max mem: 16496
Passive Test:  [  1160/?]  eta: ?  loss: 0.0186 (0.0241)  time: 0.0172  data: 0.0052  max mem: 16496
Passive Test:  [  1170/?]  eta: ?  loss: 0.0252 (0.0243)  time: 0.0167  data: 0.0047  max mem: 16496
Passive Test:  [  1180/?]  eta: ?  loss: 0.0252 (0.0244)  time: 0.0175  data: 0.0055  max mem: 16496
Passive Test:  [  1190/?]  eta: ?  loss: 0.0240 (0.0247)  time: 0.0180  data: 0.0060  max mem: 16496
Passive Test:  [  1200/?]  eta: ?  loss: 0.0240 (0.0249)  time: 0.0174  data: 0.0054  max mem: 16496
Passive Test:  [  1210/?]  eta: ?  loss: 0.0219 (0.0248)  time: 0.0177  data: 0.0057  max mem: 16496
Passive Test:  [  1220/?]  eta: ?  loss: 0.0149 (0.0247)  time: 0.0176  data: 0.0057  max mem: 16496
Passive Test:  [  1230/?]  eta: ?  loss: 0.0149 (0.0246)  time: 0.0178  data: 0.0058  max mem: 16496
Passive Test:  [  1240/?]  eta: ?  loss: 0.0154 (0.0246)  time: 0.0175  data: 0.0056  max mem: 16496
Passive Test:  [  1250/?]  eta: ?  loss: 0.0188 (0.0245)  time: 0.0176  data: 0.0057  max mem: 16496
Passive Test:  [  1260/?]  eta: ?  loss: 0.0193 (0.0245)  time: 0.0179  data: 0.0061  max mem: 16496
Passive Test:  [  1270/?]  eta: ?  loss: 0.0242 (0.0244)  time: 0.0177  data: 0.0058  max mem: 16496
Passive Test:  [  1280/?]  eta: ?  loss: 0.0188 (0.0244)  time: 0.0177  data: 0.0058  max mem: 16496
Passive Test:  [  1290/?]  eta: ?  loss: 0.0138 (0.0243)  time: 0.0181  data: 0.0062  max mem: 16496
Passive Test:  [  1300/?]  eta: ?  loss: 0.0124 (0.0242)  time: 0.0182  data: 0.0062  max mem: 16496
Passive Test:  [  1310/?]  eta: ?  loss: 0.0121 (0.0242)  time: 0.0182  data: 0.0063  max mem: 16496
Passive Test:  [  1320/?]  eta: ?  loss: 0.0161 (0.0242)  time: 0.0180  data: 0.0061  max mem: 16496
Passive Test:  [  1330/?]  eta: ?  loss: 0.0185 (0.0241)  time: 0.0181  data: 0.0061  max mem: 16496
Passive Test:  [  1340/?]  eta: ?  loss: 0.0185 (0.0241)  time: 0.0183  data: 0.0062  max mem: 16496
Passive Test:  [  1350/?]  eta: ?  loss: 0.0137 (0.0240)  time: 0.0183  data: 0.0062  max mem: 16496
Passive Test:  [  1360/?]  eta: ?  loss: 0.0151 (0.0239)  time: 0.0179  data: 0.0058  max mem: 16496
Passive Test:  [  1370/?]  eta: ?  loss: 0.0113 (0.0239)  time: 0.0182  data: 0.0062  max mem: 16496
Passive Test:  [  1380/?]  eta: ?  loss: 0.0113 (0.0238)  time: 0.0180  data: 0.0060  max mem: 16496
Passive Test:  [  1390/?]  eta: ?  loss: 0.0116 (0.0238)  time: 0.0176  data: 0.0056  max mem: 16496
Passive Test:  [  1400/?]  eta: ?  loss: 0.0124 (0.0237)  time: 0.0174  data: 0.0055  max mem: 16496
Passive Test:  [  1410/?]  eta: ?  loss: 0.0088 (0.0237)  time: 0.0177  data: 0.0057  max mem: 16496
Passive Test:  [  1420/?]  eta: ?  loss: 0.0100 (0.0236)  time: 0.0177  data: 0.0058  max mem: 16496
Passive Test:  [  1430/?]  eta: ?  loss: 0.0139 (0.0236)  time: 0.0181  data: 0.0062  max mem: 16496
Passive Test:  [  1440/?]  eta: ?  loss: 0.0130 (0.0235)  time: 0.0183  data: 0.0064  max mem: 16496
Passive Test:  [  1450/?]  eta: ?  loss: 0.0102 (0.0234)  time: 0.0176  data: 0.0057  max mem: 16496
Passive Test:  [  1460/?]  eta: ?  loss: 0.0104 (0.0233)  time: 0.0175  data: 0.0055  max mem: 16496
Passive Test:  [  1470/?]  eta: ?  loss: 0.0161 (0.0234)  time: 0.0179  data: 0.0059  max mem: 16496
Passive Test:  [  1480/?]  eta: ?  loss: 0.0237 (0.0234)  time: 0.0179  data: 0.0057  max mem: 16496
Passive Test:  [  1490/?]  eta: ?  loss: 0.0214 (0.0233)  time: 0.0179  data: 0.0059  max mem: 16496
Passive Test:  [  1500/?]  eta: ?  loss: 0.0119 (0.0233)  time: 0.0179  data: 0.0059  max mem: 16496
Passive Test:  [  1510/?]  eta: ?  loss: 0.0092 (0.0234)  time: 0.0178  data: 0.0057  max mem: 16496
Passive Test:  [  1520/?]  eta: ?  loss: 0.0118 (0.0234)  time: 0.0180  data: 0.0060  max mem: 16496
Passive Test:  [  1530/?]  eta: ?  loss: 0.0125 (0.0234)  time: 0.0184  data: 0.0064  max mem: 16496
Passive Test:  [  1540/?]  eta: ?  loss: 0.0125 (0.0234)  time: 0.0182  data: 0.0063  max mem: 16496
Passive Test:  [  1550/?]  eta: ?  loss: 0.0133 (0.0235)  time: 0.0180  data: 0.0060  max mem: 16496
Passive Test:  [  1560/?]  eta: ?  loss: 0.0116 (0.0236)  time: 0.0177  data: 0.0057  max mem: 16496
Passive Test:  [  1570/?]  eta: ?  loss: 0.0138 (0.0238)  time: 0.0178  data: 0.0059  max mem: 16496
Passive Test:  [  1580/?]  eta: ?  loss: 0.0165 (0.0239)  time: 0.0175  data: 0.0057  max mem: 16496
Passive Test:  [  1590/?]  eta: ?  loss: 0.0192 (0.0240)  time: 0.0177  data: 0.0058  max mem: 16496
Passive Test:  [  1600/?]  eta: ?  loss: 0.0187 (0.0239)  time: 0.0182  data: 0.0063  max mem: 16496
Passive Test:  [  1610/?]  eta: ?  loss: 0.0119 (0.0239)  time: 0.0177  data: 0.0059  max mem: 16496
Passive Test:  [  1620/?]  eta: ?  loss: 0.0087 (0.0238)  time: 0.0177  data: 0.0059  max mem: 16496
Passive Test:  [  1630/?]  eta: ?  loss: 0.0082 (0.0237)  time: 0.0175  data: 0.0056  max mem: 16496
Passive Test:  [  1640/?]  eta: ?  loss: 0.0128 (0.0237)  time: 0.0176  data: 0.0057  max mem: 16496
Passive Test:  [  1650/?]  eta: ?  loss: 0.0125 (0.0236)  time: 0.0174  data: 0.0054  max mem: 16496
Passive Test:  [  1660/?]  eta: ?  loss: 0.0124 (0.0236)  time: 0.0176  data: 0.0056  max mem: 16496
Passive Test:  [  1670/?]  eta: ?  loss: 0.0126 (0.0235)  time: 0.0180  data: 0.0060  max mem: 16496
Passive Test:  [  1680/?]  eta: ?  loss: 0.0130 (0.0235)  time: 0.0177  data: 0.0058  max mem: 16496
Passive Test:  [  1690/?]  eta: ?  loss: 0.0103 (0.0234)  time: 0.0179  data: 0.0061  max mem: 16496
Passive Test:  [  1700/?]  eta: ?  loss: 0.0103 (0.0234)  time: 0.0174  data: 0.0056  max mem: 16496
Passive Test:  [  1710/?]  eta: ?  loss: 0.0205 (0.0234)  time: 0.0170  data: 0.0052  max mem: 16496
Passive Test:  [  1720/?]  eta: ?  loss: 0.0205 (0.0233)  time: 0.0180  data: 0.0062  max mem: 16496
Passive Test:  [  1730/?]  eta: ?  loss: 0.0144 (0.0233)  time: 0.0177  data: 0.0058  max mem: 16496
Passive Test:  [  1740/?]  eta: ?  loss: 0.0168 (0.0233)  time: 0.0195  data: 0.0075  max mem: 16496
Passive Test:  [  1750/?]  eta: ?  loss: 0.0166 (0.0233)  time: 0.0197  data: 0.0077  max mem: 16496
Passive Test:  [  1760/?]  eta: ?  loss: 0.0132 (0.0232)  time: 0.0194  data: 0.0075  max mem: 16496
Passive Test:  [  1770/?]  eta: ?  loss: 0.0149 (0.0232)  time: 0.0193  data: 0.0073  max mem: 16496
Passive Test:  [  1780/?]  eta: ?  loss: 0.0166 (0.0234)  time: 0.0188  data: 0.0069  max mem: 16496
Passive Test:  [  1790/?]  eta: ?  loss: 0.0186 (0.0234)  time: 0.0186  data: 0.0066  max mem: 16496
Passive Test:  [  1800/?]  eta: ?  loss: 0.0177 (0.0236)  time: 0.0184  data: 0.0065  max mem: 16496
Passive Test:  [  1810/?]  eta: ?  loss: 0.0230 (0.0236)  time: 0.0178  data: 0.0059  max mem: 16496
Passive Test:  [  1820/?]  eta: ?  loss: 0.0251 (0.0238)  time: 0.0182  data: 0.0061  max mem: 16496
Passive Test:  [  1830/?]  eta: ?  loss: 0.0251 (0.0240)  time: 0.0186  data: 0.0066  max mem: 16496
Passive Test:  [  1840/?]  eta: ?  loss: 0.0197 (0.0240)  time: 0.0181  data: 0.0062  max mem: 16496
Passive Test:  [  1850/?]  eta: ?  loss: 0.0178 (0.0240)  time: 0.0183  data: 0.0063  max mem: 16496
Passive Test:  [  1860/?]  eta: ?  loss: 0.0161 (0.0240)  time: 0.0187  data: 0.0067  max mem: 16496
Passive Test:  [  1870/?]  eta: ?  loss: 0.0148 (0.0240)  time: 0.0187  data: 0.0067  max mem: 16496
Passive Test:  [  1880/?]  eta: ?  loss: 0.0149 (0.0240)  time: 0.0186  data: 0.0066  max mem: 16496
Passive Test:  [  1890/?]  eta: ?  loss: 0.0149 (0.0239)  time: 0.0186  data: 0.0067  max mem: 16496
Passive Test:  [  1900/?]  eta: ?  loss: 0.0167 (0.0239)  time: 0.0186  data: 0.0066  max mem: 16496
Passive Test:  [  1910/?]  eta: ?  loss: 0.0267 (0.0240)  time: 0.0182  data: 0.0062  max mem: 16496
Passive Test:  [  1920/?]  eta: ?  loss: 0.0099 (0.0240)  time: 0.0180  data: 0.0061  max mem: 16496
Passive Test:  [  1930/?]  eta: ?  loss: 0.0100 (0.0239)  time: 0.0186  data: 0.0067  max mem: 16496
Passive Test:  [  1940/?]  eta: ?  loss: 0.0124 (0.0239)  time: 0.0191  data: 0.0072  max mem: 16496
Passive Test:  [  1950/?]  eta: ?  loss: 0.0155 (0.0239)  time: 0.0188  data: 0.0070  max mem: 16496
Passive Test:  [  1960/?]  eta: ?  loss: 0.0131 (0.0239)  time: 0.0180  data: 0.0061  max mem: 16496
Passive Test:  [  1970/?]  eta: ?  loss: 0.0114 (0.0239)  time: 0.0179  data: 0.0060  max mem: 16496
Passive Test:  [  1980/?]  eta: ?  loss: 0.0083 (0.0239)  time: 0.0182  data: 0.0062  max mem: 16496
Passive Test:  [  1990/?]  eta: ?  loss: 0.0137 (0.0239)  time: 0.0183  data: 0.0063  max mem: 16496
Passive Test:  [  2000/?]  eta: ?  loss: 0.0156 (0.0239)  time: 0.0178  data: 0.0060  max mem: 16496
Passive Test:  [  2010/?]  eta: ?  loss: 0.0240 (0.0239)  time: 0.0181  data: 0.0062  max mem: 16496
Passive Test:  [  2020/?]  eta: ?  loss: 0.0241 (0.0239)  time: 0.0190  data: 0.0071  max mem: 16496
Passive Test:  [  2030/?]  eta: ?  loss: 0.0240 (0.0241)  time: 0.0187  data: 0.0067  max mem: 16496
Passive Test:  [  2040/?]  eta: ?  loss: 0.0185 (0.0241)  time: 0.0182  data: 0.0062  max mem: 16496
Passive Test:  [  2050/?]  eta: ?  loss: 0.0179 (0.0242)  time: 0.0187  data: 0.0067  max mem: 16496
Passive Test:  [  2060/?]  eta: ?  loss: 0.0158 (0.0242)  time: 0.0191  data: 0.0071  max mem: 16496
Passive Test:  [  2070/?]  eta: ?  loss: 0.0158 (0.0242)  time: 0.0186  data: 0.0067  max mem: 16496
Passive Test:  [  2080/?]  eta: ?  loss: 0.0176 (0.0242)  time: 0.0183  data: 0.0064  max mem: 16496
Passive Test:  [  2090/?]  eta: ?  loss: 0.0138 (0.0242)  time: 0.0183  data: 0.0064  max mem: 16496
Passive Test:  [  2100/?]  eta: ?  loss: 0.0182 (0.0243)  time: 0.0185  data: 0.0066  max mem: 16496
Passive Test:  [  2110/?]  eta: ?  loss: 0.0525 (0.0245)  time: 0.0192  data: 0.0072  max mem: 16496
Passive Test:  [  2120/?]  eta: ?  loss: 0.0628 (0.0247)  time: 0.0191  data: 0.0071  max mem: 16496
Passive Test:  [  2130/?]  eta: ?  loss: 0.0344 (0.0250)  time: 0.0182  data: 0.0063  max mem: 16496
Passive Test:  [  2140/?]  eta: ?  loss: 0.0156 (0.0251)  time: 0.0181  data: 0.0062  max mem: 16496
Passive Test:  [  2150/?]  eta: ?  loss: 0.0267 (0.0253)  time: 0.0183  data: 0.0063  max mem: 16496
Passive Test:  [  2160/?]  eta: ?  loss: 0.0498 (0.0254)  time: 0.0181  data: 0.0061  max mem: 16496
Passive Test:  [  2170/?]  eta: ?  loss: 0.0399 (0.0254)  time: 0.0185  data: 0.0065  max mem: 16496
Passive Test:  [  2180/?]  eta: ?  loss: 0.0264 (0.0254)  time: 0.0183  data: 0.0064  max mem: 16496
Passive Test:  [  2190/?]  eta: ?  loss: 0.0328 (0.0255)  time: 0.0177  data: 0.0058  max mem: 16496
Passive Test:  [  2200/?]  eta: ?  loss: 0.0278 (0.0256)  time: 0.0176  data: 0.0057  max mem: 16496
Passive Test:  [  2210/?]  eta: ?  loss: 0.0234 (0.0256)  time: 0.0180  data: 0.0061  max mem: 16496
Passive Test:  [  2220/?]  eta: ?  loss: 0.0203 (0.0256)  time: 0.0182  data: 0.0062  max mem: 16496
Passive Test:  [  2230/?]  eta: ?  loss: 0.0146 (0.0255)  time: 0.0183  data: 0.0063  max mem: 16496
Passive Test:  [  2240/?]  eta: ?  loss: 0.0130 (0.0255)  time: 0.0187  data: 0.0068  max mem: 16496
Passive Test:  [  2250/?]  eta: ?  loss: 0.0105 (0.0254)  time: 0.0181  data: 0.0062  max mem: 16496
Passive Test:  [  2260/?]  eta: ?  loss: 0.0160 (0.0254)  time: 0.0182  data: 0.0063  max mem: 16496
Passive Test:  [  2270/?]  eta: ?  loss: 0.0186 (0.0254)  time: 0.0187  data: 0.0067  max mem: 16496
Passive Test:  [  2280/?]  eta: ?  loss: 0.0232 (0.0255)  time: 0.0185  data: 0.0065  max mem: 16496
Passive Test:  [  2290/?]  eta: ?  loss: 0.0237 (0.0256)  time: 0.0184  data: 0.0065  max mem: 16496
Passive Test:  [  2300/?]  eta: ?  loss: 0.0219 (0.0256)  time: 0.0184  data: 0.0065  max mem: 16496
Passive Test:  [  2310/?]  eta: ?  loss: 0.0217 (0.0257)  time: 0.0183  data: 0.0065  max mem: 16496
Passive Test:  [  2320/?]  eta: ?  loss: 0.0155 (0.0257)  time: 0.0185  data: 0.0066  max mem: 16496
Passive Test:  [  2330/?]  eta: ?  loss: 0.0168 (0.0258)  time: 0.0192  data: 0.0073  max mem: 16496
Passive Test:  [  2340/?]  eta: ?  loss: 0.0129 (0.0257)  time: 0.0192  data: 0.0073  max mem: 16496
Passive Test:  [  2350/?]  eta: ?  loss: 0.0095 (0.0257)  time: 0.0188  data: 0.0069  max mem: 16496
Passive Test:  [  2360/?]  eta: ?  loss: 0.0105 (0.0257)  time: 0.0186  data: 0.0067  max mem: 16496
Passive Test:  [  2370/?]  eta: ?  loss: 0.0179 (0.0257)  time: 0.0184  data: 0.0064  max mem: 16496
Passive Test:  [  2380/?]  eta: ?  loss: 0.0127 (0.0256)  time: 0.0180  data: 0.0059  max mem: 16496
Passive Test:  [  2390/?]  eta: ?  loss: 0.0127 (0.0256)  time: 0.0181  data: 0.0062  max mem: 16496
Passive Test:  [  2400/?]  eta: ?  loss: 0.0113 (0.0256)  time: 0.0182  data: 0.0063  max mem: 16496
Passive Test:  [  2410/?]  eta: ?  loss: 0.0093 (0.0255)  time: 0.0180  data: 0.0061  max mem: 16496
Passive Test:  [  2420/?]  eta: ?  loss: 0.0318 (0.0256)  time: 0.0182  data: 0.0062  max mem: 16496
Passive Test:  [  2430/?]  eta: ?  loss: 0.0306 (0.0256)  time: 0.0186  data: 0.0067  max mem: 16496
Passive Test:  [  2440/?]  eta: ?  loss: 0.0306 (0.0256)  time: 0.0190  data: 0.0071  max mem: 16496
Passive Test:  [  2450/?]  eta: ?  loss: 0.0329 (0.0257)  time: 0.0186  data: 0.0066  max mem: 16496
Passive Test:  [  2460/?]  eta: ?  loss: 0.0291 (0.0258)  time: 0.0188  data: 0.0068  max mem: 16496
Passive Test:  [  2470/?]  eta: ?  loss: 0.0236 (0.0258)  time: 0.0186  data: 0.0066  max mem: 16496
Passive Test:  [  2480/?]  eta: ?  loss: 0.0248 (0.0259)  time: 0.0175  data: 0.0055  max mem: 16496
Passive Test:  [  2490/?]  eta: ?  loss: 0.0273 (0.0259)  time: 0.0178  data: 0.0058  max mem: 16496
Passive Test:  [  2500/?]  eta: ?  loss: 0.0186 (0.0259)  time: 0.0177  data: 0.0058  max mem: 16496
Passive Test:  [  2510/?]  eta: ?  loss: 0.0186 (0.0259)  time: 0.0179  data: 0.0060  max mem: 16496
Passive Test:  [  2520/?]  eta: ?  loss: 0.0200 (0.0259)  time: 0.0183  data: 0.0064  max mem: 16496
Passive Test:  [  2530/?]  eta: ?  loss: 0.0174 (0.0259)  time: 0.0178  data: 0.0058  max mem: 16496
Passive Test:  [  2540/?]  eta: ?  loss: 0.0171 (0.0259)  time: 0.0185  data: 0.0066  max mem: 16496
Passive Test:  [  2550/?]  eta: ?  loss: 0.0171 (0.0259)  time: 0.0187  data: 0.0066  max mem: 16496
Passive Test:  [  2560/?]  eta: ?  loss: 0.0151 (0.0259)  time: 0.0187  data: 0.0067  max mem: 16496
Passive Test:  [  2570/?]  eta: ?  loss: 0.0140 (0.0259)  time: 0.0189  data: 0.0069  max mem: 16496
Passive Test:  [  2580/?]  eta: ?  loss: 0.0140 (0.0259)  time: 0.0183  data: 0.0064  max mem: 16496
Passive Test:  [  2590/?]  eta: ?  loss: 0.0153 (0.0259)  time: 0.0186  data: 0.0067  max mem: 16496
Passive Test:  [  2600/?]  eta: ?  loss: 0.0153 (0.0259)  time: 0.0184  data: 0.0065  max mem: 16496
Passive Test:  [  2610/?]  eta: ?  loss: 0.0081 (0.0258)  time: 0.0179  data: 0.0059  max mem: 16496
Passive Test:  [  2620/?]  eta: ?  loss: 0.0101 (0.0258)  time: 0.0180  data: 0.0059  max mem: 16496
Passive Test:  [  2630/?]  eta: ?  loss: 0.0107 (0.0257)  time: 0.0182  data: 0.0061  max mem: 16496
Passive Test:  [  2640/?]  eta: ?  loss: 0.0101 (0.0257)  time: 0.0183  data: 0.0064  max mem: 16496
Passive Test:  [  2650/?]  eta: ?  loss: 0.0153 (0.0257)  time: 0.0186  data: 0.0067  max mem: 16496
Passive Test:  [  2660/?]  eta: ?  loss: 0.0117 (0.0257)  time: 0.0182  data: 0.0064  max mem: 16496
Passive Test:  [  2670/?]  eta: ?  loss: 0.0132 (0.0258)  time: 0.0183  data: 0.0063  max mem: 16496
Passive Test:  [  2680/?]  eta: ?  loss: 0.0200 (0.0259)  time: 0.0183  data: 0.0062  max mem: 16496
Passive Test:  [  2690/?]  eta: ?  loss: 0.0431 (0.0259)  time: 0.0181  data: 0.0061  max mem: 16496
Passive Test:  [  2700/?]  eta: ?  loss: 0.0550 (0.0261)  time: 0.0182  data: 0.0063  max mem: 16496
Passive Test:  [  2710/?]  eta: ?  loss: 0.0460 (0.0261)  time: 0.0183  data: 0.0064  max mem: 16496
Passive Test:  [  2720/?]  eta: ?  loss: 0.0290 (0.0262)  time: 0.0182  data: 0.0063  max mem: 16496
Passive Test:  [  2730/?]  eta: ?  loss: 0.0254 (0.0262)  time: 0.0182  data: 0.0063  max mem: 16496
Passive Test:  [  2740/?]  eta: ?  loss: 0.0178 (0.0262)  time: 0.0182  data: 0.0062  max mem: 16496
Passive Test:  [  2750/?]  eta: ?  loss: 0.0234 (0.0263)  time: 0.0179  data: 0.0060  max mem: 16496
Passive Test:  [  2760/?]  eta: ?  loss: 0.0277 (0.0263)  time: 0.0181  data: 0.0062  max mem: 16496
Passive Test:  [  2770/?]  eta: ?  loss: 0.0284 (0.0263)  time: 0.0180  data: 0.0062  max mem: 16496
Passive Test:  [  2780/?]  eta: ?  loss: 0.0148 (0.0263)  time: 0.0181  data: 0.0062  max mem: 16496
Passive Test:  [  2790/?]  eta: ?  loss: 0.0205 (0.0263)  time: 0.0180  data: 0.0061  max mem: 16496
Passive Test:  [  2800/?]  eta: ?  loss: 0.0292 (0.0263)  time: 0.0178  data: 0.0059  max mem: 16496
Passive Test:  [  2810/?]  eta: ?  loss: 0.0285 (0.0263)  time: 0.0185  data: 0.0066  max mem: 16496
Passive Test:  [  2820/?]  eta: ?  loss: 0.0189 (0.0264)  time: 0.0188  data: 0.0068  max mem: 16496
Passive Test:  [  2830/?]  eta: ?  loss: 0.0141 (0.0266)  time: 0.0183  data: 0.0063  max mem: 16496
Passive Test:  [  2840/?]  eta: ?  loss: 0.0141 (0.0266)  time: 0.0182  data: 0.0062  max mem: 16496
Passive Test:  [  2850/?]  eta: ?  loss: 0.0114 (0.0268)  time: 0.0183  data: 0.0063  max mem: 16496
Passive Test:  [  2860/?]  eta: ?  loss: 0.0106 (0.0269)  time: 0.0183  data: 0.0064  max mem: 16496
Passive Test:  [  2870/?]  eta: ?  loss: 0.0097 (0.0270)  time: 0.0182  data: 0.0062  max mem: 16496
Passive Test:  [  2880/?]  eta: ?  loss: 0.0094 (0.0270)  time: 0.0177  data: 0.0057  max mem: 16496
Passive Test:  [  2890/?]  eta: ?  loss: 0.0118 (0.0270)  time: 0.0174  data: 0.0054  max mem: 16496
Passive Test:  [  2900/?]  eta: ?  loss: 0.0135 (0.0269)  time: 0.0174  data: 0.0054  max mem: 16496
Passive Test:  [  2910/?]  eta: ?  loss: 0.0135 (0.0269)  time: 0.0178  data: 0.0058  max mem: 16496
Passive Test:  [  2920/?]  eta: ?  loss: 0.0131 (0.0269)  time: 0.0180  data: 0.0061  max mem: 16496
Passive Test:  [  2930/?]  eta: ?  loss: 0.0088 (0.0268)  time: 0.0182  data: 0.0063  max mem: 16496
Passive Test:  [  2940/?]  eta: ?  loss: 0.0094 (0.0268)  time: 0.0180  data: 0.0060  max mem: 16496
Passive Test:  [  2950/?]  eta: ?  loss: 0.0140 (0.0268)  time: 0.0180  data: 0.0060  max mem: 16496
Passive Test:  [  2960/?]  eta: ?  loss: 0.0155 (0.0268)  time: 0.0183  data: 0.0063  max mem: 16496
Passive Test:  [  2970/?]  eta: ?  loss: 0.0152 (0.0267)  time: 0.0179  data: 0.0059  max mem: 16496
Passive Test:  [  2980/?]  eta: ?  loss: 0.0154 (0.0267)  time: 0.0174  data: 0.0055  max mem: 16496
Passive Test:  [  2990/?]  eta: ?  loss: 0.0167 (0.0267)  time: 0.0178  data: 0.0059  max mem: 16496
Passive Test:  [  3000/?]  eta: ?  loss: 0.0121 (0.0267)  time: 0.0185  data: 0.0065  max mem: 16496
Passive Test:  [  3010/?]  eta: ?  loss: 0.0091 (0.0266)  time: 0.0180  data: 0.0060  max mem: 16496
Passive Test:  [  3020/?]  eta: ?  loss: 0.0091 (0.0266)  time: 0.0178  data: 0.0058  max mem: 16496
Passive Test:  [  3030/?]  eta: ?  loss: 0.0090 (0.0265)  time: 0.0181  data: 0.0062  max mem: 16496
Passive Test:  [  3040/?]  eta: ?  loss: 0.0103 (0.0264)  time: 0.0180  data: 0.0061  max mem: 16496
Passive Test:  [  3050/?]  eta: ?  loss: 0.0134 (0.0264)  time: 0.0180  data: 0.0061  max mem: 16496
Passive Test:  [  3060/?]  eta: ?  loss: 0.0141 (0.0264)  time: 0.0181  data: 0.0061  max mem: 16496
Passive Test:  [  3070/?]  eta: ?  loss: 0.0178 (0.0264)  time: 0.0182  data: 0.0062  max mem: 16496
Passive Test:  [  3080/?]  eta: ?  loss: 0.0181 (0.0263)  time: 0.0180  data: 0.0062  max mem: 16496
Passive Test:  [  3090/?]  eta: ?  loss: 0.0102 (0.0263)  time: 0.0177  data: 0.0058  max mem: 16496
Passive Test:  [  3100/?]  eta: ?  loss: 0.0116 (0.0263)  time: 0.0185  data: 0.0065  max mem: 16496
Passive Test:  [  3110/?]  eta: ?  loss: 0.0120 (0.0262)  time: 0.0194  data: 0.0075  max mem: 16496
Passive Test:  [  3120/?]  eta: ?  loss: 0.0141 (0.0262)  time: 0.0209  data: 0.0090  max mem: 16496
Passive Test:  [  3130/?]  eta: ?  loss: 0.0145 (0.0261)  time: 0.0210  data: 0.0091  max mem: 16496
Passive Test:  [  3140/?]  eta: ?  loss: 0.0147 (0.0261)  time: 0.0213  data: 0.0092  max mem: 16496
Passive Test:  [  3150/?]  eta: ?  loss: 0.0203 (0.0261)  time: 0.0218  data: 0.0092  max mem: 16496
Passive Test:  [  3160/?]  eta: ?  loss: 0.0269 (0.0261)  time: 0.0222  data: 0.0096  max mem: 16496
Passive Test:  [  3170/?]  eta: ?  loss: 0.0209 (0.0261)  time: 0.0216  data: 0.0093  max mem: 16496
Passive Test:  [  3180/?]  eta: ?  loss: 0.0130 (0.0261)  time: 0.0201  data: 0.0079  max mem: 16496
Passive Test: Total time: 0:00:59 (0.0186 s / it)
* loss 0.026
  ACTIVE Test MAE (years): 2.0250 (n=35,284)
  PASSIVE Test MAE (years): 2.0539 (n=204,188)
  → Epoch  10/50 | Train Loss: 0.0057 | Val Loss: 0.0261 | Train score (1/(1+norm_MAE)): 0.9521 | Val MAE (years): 2.0494 | LR: 0.000002
Best val MAE (years): 1.9149, test MAE at best val: 1.8538
  Test segment MAE: 2.0056 | participant median MAE: 1.7341 | participant mean MAE: 1.7360
Epoch: [10]  [     0/?]  eta: ?  lr: 0.000485  min_lr: 0.000002  loss: 0.0065 (0.0065)  class_acc: 0.9499 (0.9499)  loss_scale: 67108864.0000 (67108864.0000)  weight_decay: 0.0500 (0.0500)  grad_norm: 1.8406 (1.8406)  time: 5.6528  data: 5.2221  max mem: 16496
Epoch: [10]  [   500/?]  eta: ?  lr: 0.000485  min_lr: 0.000002  loss: 0.0051 (0.0053)  class_acc: 0.9550 (0.9541)  loss_scale: 134217728.0000 (96845725.8922)  weight_decay: 0.0500 (0.0500)  grad_norm: 1.6056 (1.6194)  time: 0.4221  data: 0.0002  max mem: 16496
Epoch: [10]  [  1000/?]  eta: ?  lr: 0.000485  min_lr: 0.000002  loss: 0.0051 (0.0053)  class_acc: 0.9543 (0.9542)  loss_scale: 134217728.0000 (115513059.6124)  weight_decay: 0.0500 (0.0500)  grad_norm: 1.3946 (1.6336)  time: 0.4273  data: 0.0002  max mem: 16496
Epoch: [10]  [  1500/?]  eta: ?  lr: 0.000485  min_lr: 0.000002  loss: 0.0047 (0.0053)  class_acc: 0.9563 (0.9544)  loss_scale: 134217728.0000 (121743795.2512)  weight_decay: 0.0500 (0.0500)  grad_norm: 1.1635 (1.6046)  time: 0.4310  data: 0.0002  max mem: 16496
Epoch: [10]  [  2000/?]  eta: ?  lr: 0.000485  min_lr: 0.000002  loss: 0.0047 (0.0052)  class_acc: 0.9559 (0.9547)  loss_scale: 134217728.0000 (124860719.9760)  weight_decay: 0.0500 (0.0500)  grad_norm: 1.3554 (1.6063)  time: 0.4286  data: 0.0002  max mem: 16496
Epoch: [10] Total time: 0:15:43 (0.4345 s / it)
Val:  [     0/?]  eta: ?  loss: 0.0364 (0.0364)  time: 2.1046  data: 1.9392  max mem: 16496
Val:  [    10/?]  eta: ?  loss: 0.0234 (0.0291)  time: 0.3433  data: 0.1765  max mem: 16496
Val:  [    20/?]  eta: ?  loss: 0.0173 (0.0234)  time: 0.1672  data: 0.0002  max mem: 16496
Val:  [    30/?]  eta: ?  loss: 0.0141 (0.0219)  time: 0.1672  data: 0.0002  max mem: 16496
Val:  [    40/?]  eta: ?  loss: 0.0221 (0.0229)  time: 0.1673  data: 0.0002  max mem: 16496
Val:  [    50/?]  eta: ?  loss: 0.0254 (0.0234)  time: 0.1674  data: 0.0002  max mem: 16496
Val:  [    60/?]  eta: ?  loss: 0.0217 (0.0278)  time: 0.1674  data: 0.0003  max mem: 16496
Val:  [    70/?]  eta: ?  loss: 0.0173 (0.0271)  time: 0.1673  data: 0.0003  max mem: 16496
Val:  [    80/?]  eta: ?  loss: 0.0211 (0.0270)  time: 0.1674  data: 0.0003  max mem: 16496
Val:  [    90/?]  eta: ?  loss: 0.0223 (0.0263)  time: 0.1674  data: 0.0003  max mem: 16496
Val:  [   100/?]  eta: ?  loss: 0.0200 (0.0261)  time: 0.1674  data: 0.0003  max mem: 16496
Val:  [   110/?]  eta: ?  loss: 0.0200 (0.0256)  time: 0.1674  data: 0.0003  max mem: 16496
Val:  [   120/?]  eta: ?  loss: 0.0200 (0.0261)  time: 0.1674  data: 0.0003  max mem: 16496
Val:  [   130/?]  eta: ?  loss: 0.0218 (0.0262)  time: 0.1675  data: 0.0003  max mem: 16496
Val:  [   140/?]  eta: ?  loss: 0.0215 (0.0261)  time: 0.1676  data: 0.0003  max mem: 16496
Val:  [   150/?]  eta: ?  loss: 0.0210 (0.0263)  time: 0.1675  data: 0.0003  max mem: 16496
Val:  [   160/?]  eta: ?  loss: 0.0150 (0.0263)  time: 0.1675  data: 0.0003  max mem: 16496
Val:  [   170/?]  eta: ?  loss: 0.0184 (0.0261)  time: 0.1675  data: 0.0003  max mem: 16496
Val:  [   180/?]  eta: ?  loss: 0.0178 (0.0259)  time: 0.1675  data: 0.0003  max mem: 16496
Val:  [   190/?]  eta: ?  loss: 0.0111 (0.0253)  time: 0.1674  data: 0.0003  max mem: 16496
Val:  [   200/?]  eta: ?  loss: 0.0125 (0.0253)  time: 0.1675  data: 0.0004  max mem: 16496
Val:  [   210/?]  eta: ?  loss: 0.0190 (0.0253)  time: 0.1675  data: 0.0004  max mem: 16496
Val:  [   220/?]  eta: ?  loss: 0.0175 (0.0250)  time: 0.1674  data: 0.0003  max mem: 16496
Val:  [   230/?]  eta: ?  loss: 0.0172 (0.0250)  time: 0.1674  data: 0.0003  max mem: 16496
Val:  [   240/?]  eta: ?  loss: 0.0142 (0.0250)  time: 0.1674  data: 0.0003  max mem: 16496
Val:  [   250/?]  eta: ?  loss: 0.0206 (0.0256)  time: 0.1675  data: 0.0003  max mem: 16496
Val:  [   260/?]  eta: ?  loss: 0.0206 (0.0257)  time: 0.1676  data: 0.0003  max mem: 16496
Val:  [   270/?]  eta: ?  loss: 0.0228 (0.0259)  time: 0.1676  data: 0.0003  max mem: 16496
Val:  [   280/?]  eta: ?  loss: 0.0257 (0.0259)  time: 0.1678  data: 0.0003  max mem: 16496
Val:  [   290/?]  eta: ?  loss: 0.0139 (0.0257)  time: 0.1677  data: 0.0004  max mem: 16496
Val:  [   300/?]  eta: ?  loss: 0.0147 (0.0255)  time: 0.1675  data: 0.0004  max mem: 16496
Val:  [   310/?]  eta: ?  loss: 0.0183 (0.0253)  time: 0.1658  data: 0.0003  max mem: 16496
Val: Total time: 0:00:54 (0.1736 s / it)
* loss 0.025
Test:  [     0/?]  eta: ?  loss: 0.0136 (0.0136)  time: 2.1143  data: 1.9488  max mem: 16496
Test:  [    10/?]  eta: ?  loss: 0.0190 (0.0216)  time: 0.3441  data: 0.1774  max mem: 16496
Test:  [    20/?]  eta: ?  loss: 0.0160 (0.0199)  time: 0.1672  data: 0.0003  max mem: 16496
Test:  [    30/?]  eta: ?  loss: 0.0161 (0.0203)  time: 0.1674  data: 0.0003  max mem: 16496
Test:  [    40/?]  eta: ?  loss: 0.0189 (0.0202)  time: 0.1673  data: 0.0003  max mem: 16496
Test:  [    50/?]  eta: ?  loss: 0.0167 (0.0198)  time: 0.1673  data: 0.0003  max mem: 16496
Test:  [    60/?]  eta: ?  loss: 0.0152 (0.0190)  time: 0.1674  data: 0.0003  max mem: 16496
Test:  [    70/?]  eta: ?  loss: 0.0125 (0.0187)  time: 0.1674  data: 0.0003  max mem: 16496
Test:  [    80/?]  eta: ?  loss: 0.0168 (0.0190)  time: 0.1674  data: 0.0003  max mem: 16496
Test:  [    90/?]  eta: ?  loss: 0.0227 (0.0199)  time: 0.1675  data: 0.0003  max mem: 16496
Test:  [   100/?]  eta: ?  loss: 0.0237 (0.0209)  time: 0.1677  data: 0.0003  max mem: 16496
Test:  [   110/?]  eta: ?  loss: 0.0210 (0.0211)  time: 0.1676  data: 0.0003  max mem: 16496
Test:  [   120/?]  eta: ?  loss: 0.0188 (0.0218)  time: 0.1674  data: 0.0003  max mem: 16496
Test:  [   130/?]  eta: ?  loss: 0.0168 (0.0215)  time: 0.1675  data: 0.0003  max mem: 16496
Test:  [   140/?]  eta: ?  loss: 0.0168 (0.0220)  time: 0.1674  data: 0.0003  max mem: 16496
Test:  [   150/?]  eta: ?  loss: 0.0263 (0.0226)  time: 0.1674  data: 0.0003  max mem: 16496
Test:  [   160/?]  eta: ?  loss: 0.0219 (0.0226)  time: 0.1674  data: 0.0003  max mem: 16496
Test:  [   170/?]  eta: ?  loss: 0.0171 (0.0231)  time: 0.1674  data: 0.0003  max mem: 16496
Test:  [   180/?]  eta: ?  loss: 0.0190 (0.0234)  time: 0.1673  data: 0.0003  max mem: 16496
Test:  [   190/?]  eta: ?  loss: 0.0212 (0.0232)  time: 0.1673  data: 0.0003  max mem: 16496
Test:  [   200/?]  eta: ?  loss: 0.0181 (0.0232)  time: 0.1673  data: 0.0003  max mem: 16496
Test:  [   210/?]  eta: ?  loss: 0.0170 (0.0233)  time: 0.1674  data: 0.0003  max mem: 16496
Test:  [   220/?]  eta: ?  loss: 0.0133 (0.0236)  time: 0.1674  data: 0.0003  max mem: 16496
Test:  [   230/?]  eta: ?  loss: 0.0168 (0.0235)  time: 0.1674  data: 0.0003  max mem: 16496
Test:  [   240/?]  eta: ?  loss: 0.0166 (0.0233)  time: 0.1674  data: 0.0003  max mem: 16496
Test:  [   250/?]  eta: ?  loss: 0.0148 (0.0232)  time: 0.1674  data: 0.0003  max mem: 16496
Test:  [   260/?]  eta: ?  loss: 0.0148 (0.0231)  time: 0.1674  data: 0.0003  max mem: 16496
Test:  [   270/?]  eta: ?  loss: 0.0170 (0.0230)  time: 0.1674  data: 0.0003  max mem: 16496
Test:  [   280/?]  eta: ?  loss: 0.0170 (0.0236)  time: 0.1676  data: 0.0003  max mem: 16496
Test:  [   290/?]  eta: ?  loss: 0.0184 (0.0236)  time: 0.1676  data: 0.0003  max mem: 16496
Test:  [   300/?]  eta: ?  loss: 0.0256 (0.0240)  time: 0.1673  data: 0.0003  max mem: 16496
Test:  [   310/?]  eta: ?  loss: 0.0362 (0.0247)  time: 0.1335  data: 0.0003  max mem: 16496
Test: Total time: 0:00:53 (0.1711 s / it)
* loss 0.025
  → Epoch  11/50 | Train Loss: 0.0052 | Val Loss: 0.0253 | Train score (1/(1+norm_MAE)): 0.9549 | Val MAE (years): 2.0230 | LR: 0.000002
Best val MAE (years): 1.9149, test MAE at best val: 1.8538
  Test segment MAE: 1.9950 | participant median MAE: 1.7134 | participant mean MAE: 1.7205
Epoch: [11]  [     0/?]  eta: ?  lr: 0.000479  min_lr: 0.000002  loss: 0.0056 (0.0056)  class_acc: 0.9549 (0.9549)  loss_scale: 134217728.0000 (134217728.0000)  weight_decay: 0.0500 (0.0500)  grad_norm: 2.0416 (2.0416)  time: 8.3378  data: 7.8991  max mem: 16496
Epoch: [11]  [   500/?]  eta: ?  lr: 0.000479  min_lr: 0.000002  loss: 0.0050 (0.0049)  class_acc: 0.9557 (0.9564)  loss_scale: 268435456.0000 (239770192.7345)  weight_decay: 0.0500 (0.0500)  grad_norm: 1.5032 (1.5221)  time: 0.4227  data: 0.0002  max mem: 16496
Epoch: [11]  [  1000/?]  eta: ?  lr: 0.000479  min_lr: 0.000002  loss: 0.0053 (0.0049)  class_acc: 0.9556 (0.9568)  loss_scale: 268435456.0000 (254088506.0539)  weight_decay: 0.0500 (0.0500)  grad_norm: 1.6140 (1.5366)  time: 0.4252  data: 0.0002  max mem: 16496
Epoch: [11]  [  1500/?]  eta: ?  lr: 0.000479  min_lr: 0.000002  loss: 0.0041 (0.0048)  class_acc: 0.9594 (0.9571)  loss_scale: 268435456.0000 (258867636.6156)  weight_decay: 0.0500 (0.0500)  grad_norm: 1.3317 (1.5310)  time: 0.4285  data: 0.0002  max mem: 16496
Epoch: [11]  [  2000/?]  eta: ?  lr: 0.000479  min_lr: 0.000002  loss: 0.0042 (0.0048)  class_acc: 0.9596 (0.9573)  loss_scale: 268435456.0000 (261258396.0820)  weight_decay: 0.0500 (0.0500)  grad_norm: 1.1411 (1.5109)  time: 0.4271  data: 0.0002  max mem: 16496
Epoch: [11] Total time: 0:15:47 (0.4363 s / it)
Val:  [     0/?]  eta: ?  loss: 0.0367 (0.0367)  time: 2.1365  data: 1.9711  max mem: 16496
Val:  [    10/?]  eta: ?  loss: 0.0218 (0.0291)  time: 0.3460  data: 0.1794  max mem: 16496
Val:  [    20/?]  eta: ?  loss: 0.0183 (0.0236)  time: 0.1670  data: 0.0002  max mem: 16496
Val:  [    30/?]  eta: ?  loss: 0.0136 (0.0223)  time: 0.1672  data: 0.0002  max mem: 16496
Val:  [    40/?]  eta: ?  loss: 0.0184 (0.0227)  time: 0.1671  data: 0.0003  max mem: 16496
Val:  [    50/?]  eta: ?  loss: 0.0218 (0.0231)  time: 0.1671  data: 0.0003  max mem: 16496
Val:  [    60/?]  eta: ?  loss: 0.0209 (0.0274)  time: 0.1672  data: 0.0003  max mem: 16496
Val:  [    70/?]  eta: ?  loss: 0.0176 (0.0266)  time: 0.1672  data: 0.0003  max mem: 16496
Val:  [    80/?]  eta: ?  loss: 0.0177 (0.0269)  time: 0.1672  data: 0.0003  max mem: 16496
Val:  [    90/?]  eta: ?  loss: 0.0228 (0.0265)  time: 0.1672  data: 0.0003  max mem: 16496
Val:  [   100/?]  eta: ?  loss: 0.0192 (0.0260)  time: 0.1673  data: 0.0003  max mem: 16496
Val:  [   110/?]  eta: ?  loss: 0.0155 (0.0254)  time: 0.1672  data: 0.0003  max mem: 16496
Val:  [   120/?]  eta: ?  loss: 0.0190 (0.0261)  time: 0.1672  data: 0.0003  max mem: 16496
Val:  [   130/?]  eta: ?  loss: 0.0215 (0.0260)  time: 0.1672  data: 0.0003  max mem: 16496
Val:  [   140/?]  eta: ?  loss: 0.0215 (0.0259)  time: 0.1673  data: 0.0003  max mem: 16496
Val:  [   150/?]  eta: ?  loss: 0.0209 (0.0262)  time: 0.1674  data: 0.0003  max mem: 16496
Val:  [   160/?]  eta: ?  loss: 0.0179 (0.0263)  time: 0.1674  data: 0.0003  max mem: 16496
Val:  [   170/?]  eta: ?  loss: 0.0202 (0.0263)  time: 0.1674  data: 0.0003  max mem: 16496
Val:  [   180/?]  eta: ?  loss: 0.0202 (0.0261)  time: 0.1673  data: 0.0003  max mem: 16496
Val:  [   190/?]  eta: ?  loss: 0.0137 (0.0256)  time: 0.1675  data: 0.0003  max mem: 16496
Val:  [   200/?]  eta: ?  loss: 0.0149 (0.0255)  time: 0.1675  data: 0.0003  max mem: 16496
Val:  [   210/?]  eta: ?  loss: 0.0191 (0.0255)  time: 0.1673  data: 0.0003  max mem: 16496
Val:  [   220/?]  eta: ?  loss: 0.0181 (0.0252)  time: 0.1674  data: 0.0003  max mem: 16496
Val:  [   230/?]  eta: ?  loss: 0.0171 (0.0251)  time: 0.1674  data: 0.0003  max mem: 16496
Val:  [   240/?]  eta: ?  loss: 0.0171 (0.0252)  time: 0.1673  data: 0.0003  max mem: 16496
Val:  [   250/?]  eta: ?  loss: 0.0177 (0.0256)  time: 0.1674  data: 0.0003  max mem: 16496
Val:  [   260/?]  eta: ?  loss: 0.0177 (0.0256)  time: 0.1676  data: 0.0004  max mem: 16496
Val:  [   270/?]  eta: ?  loss: 0.0220 (0.0258)  time: 0.1676  data: 0.0003  max mem: 16496
Val:  [   280/?]  eta: ?  loss: 0.0262 (0.0259)  time: 0.1675  data: 0.0003  max mem: 16496
Val:  [   290/?]  eta: ?  loss: 0.0162 (0.0258)  time: 0.1674  data: 0.0003  max mem: 16496
Val:  [   300/?]  eta: ?  loss: 0.0139 (0.0256)  time: 0.1674  data: 0.0003  max mem: 16496
Val:  [   310/?]  eta: ?  loss: 0.0187 (0.0254)  time: 0.1659  data: 0.0003  max mem: 16496
Val: Total time: 0:00:54 (0.1736 s / it)
* loss 0.025
Test:  [     0/?]  eta: ?  loss: 0.0125 (0.0125)  time: 1.8887  data: 1.7235  max mem: 16496
Test:  [    10/?]  eta: ?  loss: 0.0170 (0.0204)  time: 0.3234  data: 0.1569  max mem: 16496
Test:  [    20/?]  eta: ?  loss: 0.0145 (0.0187)  time: 0.1670  data: 0.0003  max mem: 16496
Test:  [    30/?]  eta: ?  loss: 0.0185 (0.0197)  time: 0.1672  data: 0.0003  max mem: 16496
Test:  [    40/?]  eta: ?  loss: 0.0196 (0.0202)  time: 0.1672  data: 0.0003  max mem: 16496
Test:  [    50/?]  eta: ?  loss: 0.0196 (0.0199)  time: 0.1672  data: 0.0003  max mem: 16496
Test:  [    60/?]  eta: ?  loss: 0.0144 (0.0189)  time: 0.1672  data: 0.0003  max mem: 16496
Test:  [    70/?]  eta: ?  loss: 0.0105 (0.0187)  time: 0.1672  data: 0.0003  max mem: 16496
Test:  [    80/?]  eta: ?  loss: 0.0167 (0.0190)  time: 0.1673  data: 0.0003  max mem: 16496
Test:  [    90/?]  eta: ?  loss: 0.0232 (0.0202)  time: 0.1673  data: 0.0003  max mem: 16496
Test:  [   100/?]  eta: ?  loss: 0.0232 (0.0209)  time: 0.1673  data: 0.0003  max mem: 16496
Test:  [   110/?]  eta: ?  loss: 0.0215 (0.0209)  time: 0.1672  data: 0.0003  max mem: 16496
Test:  [   120/?]  eta: ?  loss: 0.0197 (0.0214)  time: 0.1673  data: 0.0003  max mem: 16496
Test:  [   130/?]  eta: ?  loss: 0.0161 (0.0211)  time: 0.1673  data: 0.0003  max mem: 16496
Test:  [   140/?]  eta: ?  loss: 0.0161 (0.0215)  time: 0.1673  data: 0.0003  max mem: 16496
Test:  [   150/?]  eta: ?  loss: 0.0191 (0.0220)  time: 0.1673  data: 0.0003  max mem: 16496
Test:  [   160/?]  eta: ?  loss: 0.0191 (0.0220)  time: 0.1673  data: 0.0003  max mem: 16496
Test:  [   170/?]  eta: ?  loss: 0.0186 (0.0224)  time: 0.1673  data: 0.0003  max mem: 16496
Test:  [   180/?]  eta: ?  loss: 0.0223 (0.0227)  time: 0.1673  data: 0.0003  max mem: 16496
Test:  [   190/?]  eta: ?  loss: 0.0231 (0.0226)  time: 0.1673  data: 0.0003  max mem: 16496
Test:  [   200/?]  eta: ?  loss: 0.0188 (0.0227)  time: 0.1673  data: 0.0003  max mem: 16496
Test:  [   210/?]  eta: ?  loss: 0.0217 (0.0229)  time: 0.1673  data: 0.0003  max mem: 16496
Test:  [   220/?]  eta: ?  loss: 0.0161 (0.0231)  time: 0.1674  data: 0.0003  max mem: 16496
Test:  [   230/?]  eta: ?  loss: 0.0161 (0.0231)  time: 0.1674  data: 0.0003  max mem: 16496
Test:  [   240/?]  eta: ?  loss: 0.0179 (0.0229)  time: 0.1673  data: 0.0003  max mem: 16496
Test:  [   250/?]  eta: ?  loss: 0.0159 (0.0227)  time: 0.1673  data: 0.0003  max mem: 16496
Test:  [   260/?]  eta: ?  loss: 0.0162 (0.0227)  time: 0.1672  data: 0.0003  max mem: 16496
Test:  [   270/?]  eta: ?  loss: 0.0172 (0.0226)  time: 0.1673  data: 0.0003  max mem: 16496
Test:  [   280/?]  eta: ?  loss: 0.0187 (0.0234)  time: 0.1673  data: 0.0003  max mem: 16496
Test:  [   290/?]  eta: ?  loss: 0.0187 (0.0233)  time: 0.1673  data: 0.0003  max mem: 16496
Test:  [   300/?]  eta: ?  loss: 0.0271 (0.0238)  time: 0.1672  data: 0.0003  max mem: 16496
Test:  [   310/?]  eta: ?  loss: 0.0350 (0.0246)  time: 0.1334  data: 0.0003  max mem: 16496
Test: Total time: 0:00:53 (0.1702 s / it)
* loss 0.025
  → Epoch  12/50 | Train Loss: 0.0048 | Val Loss: 0.0253 | Train score (1/(1+norm_MAE)): 0.9575 | Val MAE (years): 2.0243 | LR: 0.000002
Best val MAE (years): 1.9149, test MAE at best val: 1.8538
  Test segment MAE: 1.9957 | participant median MAE: 1.6673 | participant mean MAE: 1.6782
Epoch: [12]  [     0/?]  eta: ?  lr: 0.000471  min_lr: 0.000002  loss: 0.0063 (0.0063)  class_acc: 0.9555 (0.9555)  loss_scale: 536870912.0000 (536870912.0000)  weight_decay: 0.0500 (0.0500)  grad_norm: 2.2146 (2.2146)  time: 7.6969  data: 7.2786  max mem: 16496
Epoch: [12]  [   500/?]  eta: ?  lr: 0.000471  min_lr: 0.000002  loss: 0.0048 (0.0045)  class_acc: 0.9575 (0.9589)  loss_scale: 536870912.0000 (536870912.0000)  weight_decay: 0.0500 (0.0500)  grad_norm: 1.3023 (1.4056)  time: 0.4238  data: 0.0002  max mem: 16496
Epoch: [12]  [  1000/?]  eta: ?  lr: 0.000471  min_lr: 0.000002  loss: 0.0044 (0.0045)  class_acc: 0.9593 (0.9591)  loss_scale: 536870912.0000 (536870912.0000)  weight_decay: 0.0500 (0.0500)  grad_norm: 1.2293 (1.4366)  time: 0.4278  data: 0.0002  max mem: 16496
Epoch: [12]  [  1500/?]  eta: ?  lr: 0.000471  min_lr: 0.000002  loss: 0.0038 (0.0044)  class_acc: 0.9605 (0.9593)  loss_scale: 536870912.0000 (536870912.0000)  weight_decay: 0.0500 (0.0500)  grad_norm: 1.2763 (1.4341)  time: 0.4412  data: 0.0002  max mem: 16496
Epoch: [12]  [  2000/?]  eta: ?  lr: 0.000471  min_lr: 0.000002  loss: 0.0040 (0.0044)  class_acc: 0.9601 (0.9596)  loss_scale: 1073741824.0000 (554578798.1529)  weight_decay: 0.0500 (0.0500)  grad_norm: 1.3432 (1.4193)  time: 0.4282  data: 0.0002  max mem: 16496
Epoch: [12] Total time: 0:15:49 (0.4371 s / it)
Val:  [     0/?]  eta: ?  loss: 0.0350 (0.0350)  time: 2.1209  data: 1.9554  max mem: 16496
Val:  [    10/?]  eta: ?  loss: 0.0233 (0.0293)  time: 0.3447  data: 0.1780  max mem: 16496
Val:  [    20/?]  eta: ?  loss: 0.0173 (0.0245)  time: 0.1671  data: 0.0003  max mem: 16496
Val:  [    30/?]  eta: ?  loss: 0.0166 (0.0232)  time: 0.1672  data: 0.0003  max mem: 16496
Val:  [    40/?]  eta: ?  loss: 0.0190 (0.0238)  time: 0.1674  data: 0.0005  max mem: 16496
Val:  [    50/?]  eta: ?  loss: 0.0236 (0.0246)  time: 0.1675  data: 0.0005  max mem: 16496
Val:  [    60/?]  eta: ?  loss: 0.0236 (0.0284)  time: 0.1674  data: 0.0004  max mem: 16496
Val:  [    70/?]  eta: ?  loss: 0.0189 (0.0276)  time: 0.1674  data: 0.0004  max mem: 16496
Val:  [    80/?]  eta: ?  loss: 0.0212 (0.0277)  time: 0.1673  data: 0.0003  max mem: 16496
Val:  [    90/?]  eta: ?  loss: 0.0216 (0.0270)  time: 0.1673  data: 0.0003  max mem: 16496
Val:  [   100/?]  eta: ?  loss: 0.0186 (0.0262)  time: 0.1674  data: 0.0003  max mem: 16496
Val:  [   110/?]  eta: ?  loss: 0.0186 (0.0257)  time: 0.1674  data: 0.0003  max mem: 16496
Val:  [   120/?]  eta: ?  loss: 0.0210 (0.0262)  time: 0.1674  data: 0.0003  max mem: 16496
Val:  [   130/?]  eta: ?  loss: 0.0210 (0.0260)  time: 0.1673  data: 0.0003  max mem: 16496
Val:  [   140/?]  eta: ?  loss: 0.0184 (0.0261)  time: 0.1673  data: 0.0003  max mem: 16496
Val:  [   150/?]  eta: ?  loss: 0.0184 (0.0263)  time: 0.1674  data: 0.0003  max mem: 16496
Val:  [   160/?]  eta: ?  loss: 0.0177 (0.0262)  time: 0.1675  data: 0.0003  max mem: 16496
Val:  [   170/?]  eta: ?  loss: 0.0196 (0.0261)  time: 0.1674  data: 0.0003  max mem: 16496
Val:  [   180/?]  eta: ?  loss: 0.0196 (0.0258)  time: 0.1674  data: 0.0003  max mem: 16496
Val:  [   190/?]  eta: ?  loss: 0.0129 (0.0253)  time: 0.1674  data: 0.0003  max mem: 16496
Val:  [   200/?]  eta: ?  loss: 0.0136 (0.0252)  time: 0.1674  data: 0.0003  max mem: 16496
Val:  [   210/?]  eta: ?  loss: 0.0173 (0.0252)  time: 0.1674  data: 0.0003  max mem: 16496
Val:  [   220/?]  eta: ?  loss: 0.0162 (0.0249)  time: 0.1675  data: 0.0003  max mem: 16496
Val:  [   230/?]  eta: ?  loss: 0.0152 (0.0249)  time: 0.1675  data: 0.0003  max mem: 16496
Val:  [   240/?]  eta: ?  loss: 0.0145 (0.0248)  time: 0.1674  data: 0.0003  max mem: 16496
Val:  [   250/?]  eta: ?  loss: 0.0172 (0.0251)  time: 0.1674  data: 0.0003  max mem: 16496
Val:  [   260/?]  eta: ?  loss: 0.0183 (0.0253)  time: 0.1675  data: 0.0003  max mem: 16496
Val:  [   270/?]  eta: ?  loss: 0.0263 (0.0255)  time: 0.1674  data: 0.0003  max mem: 16496
Val:  [   280/?]  eta: ?  loss: 0.0263 (0.0256)  time: 0.1675  data: 0.0003  max mem: 16496
Val:  [   290/?]  eta: ?  loss: 0.0125 (0.0255)  time: 0.1675  data: 0.0003  max mem: 16496
Val:  [   300/?]  eta: ?  loss: 0.0136 (0.0254)  time: 0.1675  data: 0.0003  max mem: 16496
Val:  [   310/?]  eta: ?  loss: 0.0174 (0.0252)  time: 0.1659  data: 0.0003  max mem: 16496
Val: Total time: 0:00:54 (0.1736 s / it)
* loss 0.025
Test:  [     0/?]  eta: ?  loss: 0.0129 (0.0129)  time: 2.1637  data: 1.9981  max mem: 16496
Test:  [    10/?]  eta: ?  loss: 0.0177 (0.0228)  time: 0.3488  data: 0.1819  max mem: 16496
Test:  [    20/?]  eta: ?  loss: 0.0164 (0.0210)  time: 0.1673  data: 0.0003  max mem: 16496
Test:  [    30/?]  eta: ?  loss: 0.0169 (0.0211)  time: 0.1673  data: 0.0003  max mem: 16496
Test:  [    40/?]  eta: ?  loss: 0.0200 (0.0212)  time: 0.1673  data: 0.0003  max mem: 16496
Test:  [    50/?]  eta: ?  loss: 0.0181 (0.0205)  time: 0.1673  data: 0.0003  max mem: 16496
Test:  [    60/?]  eta: ?  loss: 0.0151 (0.0196)  time: 0.1674  data: 0.0004  max mem: 16496
Test:  [    70/?]  eta: ?  loss: 0.0122 (0.0193)  time: 0.1674  data: 0.0003  max mem: 16496
Test:  [    80/?]  eta: ?  loss: 0.0159 (0.0194)  time: 0.1673  data: 0.0003  max mem: 16496
Test:  [    90/?]  eta: ?  loss: 0.0213 (0.0201)  time: 0.1674  data: 0.0003  max mem: 16496
Test:  [   100/?]  eta: ?  loss: 0.0243 (0.0210)  time: 0.1673  data: 0.0003  max mem: 16496
Test:  [   110/?]  eta: ?  loss: 0.0243 (0.0211)  time: 0.1674  data: 0.0003  max mem: 16496
Test:  [   120/?]  eta: ?  loss: 0.0180 (0.0215)  time: 0.1673  data: 0.0003  max mem: 16496
Test:  [   130/?]  eta: ?  loss: 0.0190 (0.0212)  time: 0.1673  data: 0.0003  max mem: 16496
Test:  [   140/?]  eta: ?  loss: 0.0190 (0.0216)  time: 0.1674  data: 0.0003  max mem: 16496
Test:  [   150/?]  eta: ?  loss: 0.0255 (0.0222)  time: 0.1674  data: 0.0003  max mem: 16496
Test:  [   160/?]  eta: ?  loss: 0.0235 (0.0222)  time: 0.1673  data: 0.0003  max mem: 16496
Test:  [   170/?]  eta: ?  loss: 0.0209 (0.0228)  time: 0.1674  data: 0.0003  max mem: 16496
Test:  [   180/?]  eta: ?  loss: 0.0212 (0.0230)  time: 0.1674  data: 0.0003  max mem: 16496
Test:  [   190/?]  eta: ?  loss: 0.0192 (0.0228)  time: 0.1673  data: 0.0003  max mem: 16496
Test:  [   200/?]  eta: ?  loss: 0.0159 (0.0229)  time: 0.1673  data: 0.0003  max mem: 16496
Test:  [   210/?]  eta: ?  loss: 0.0156 (0.0231)  time: 0.1673  data: 0.0003  max mem: 16496
Test:  [   220/?]  eta: ?  loss: 0.0147 (0.0234)  time: 0.1673  data: 0.0003  max mem: 16496
Test:  [   230/?]  eta: ?  loss: 0.0150 (0.0234)  time: 0.1673  data: 0.0003  max mem: 16496
Test:  [   240/?]  eta: ?  loss: 0.0152 (0.0231)  time: 0.1672  data: 0.0003  max mem: 16496
Test:  [   250/?]  eta: ?  loss: 0.0143 (0.0230)  time: 0.1674  data: 0.0003  max mem: 16496
Test:  [   260/?]  eta: ?  loss: 0.0165 (0.0229)  time: 0.1674  data: 0.0003  max mem: 16496
Test:  [   270/?]  eta: ?  loss: 0.0173 (0.0229)  time: 0.1673  data: 0.0003  max mem: 16496
Test:  [   280/?]  eta: ?  loss: 0.0187 (0.0235)  time: 0.1673  data: 0.0003  max mem: 16496
Test:  [   290/?]  eta: ?  loss: 0.0181 (0.0234)  time: 0.1672  data: 0.0003  max mem: 16496
Test:  [   300/?]  eta: ?  loss: 0.0246 (0.0239)  time: 0.1672  data: 0.0003  max mem: 16496
Test:  [   310/?]  eta: ?  loss: 0.0353 (0.0248)  time: 0.1334  data: 0.0003  max mem: 16496
Test: Total time: 0:00:53 (0.1712 s / it)
* loss 0.025
  → Epoch  13/50 | Train Loss: 0.0044 | Val Loss: 0.0251 | Train score (1/(1+norm_MAE)): 0.9597 | Val MAE (years): 2.0224 | LR: 0.000002
Best val MAE (years): 1.9149, test MAE at best val: 1.8538
  Test segment MAE: 2.0107 | participant median MAE: 1.7262 | participant mean MAE: 1.7385
Epoch: [13]  [     0/?]  eta: ?  lr: 0.000463  min_lr: 0.000002  loss: 0.0053 (0.0053)  class_acc: 0.9590 (0.9590)  loss_scale: 1073741824.0000 (1073741824.0000)  weight_decay: 0.0500 (0.0500)  grad_norm: 1.2695 (1.2695)  time: 7.9051  data: 7.4904  max mem: 16496
Epoch: [13]  [   500/?]  eta: ?  lr: 0.000463  min_lr: 0.000002  loss: 0.0042 (0.0041)  class_acc: 0.9599 (0.9609)  loss_scale: 1073741824.0000 (1073741824.0000)  weight_decay: 0.0500 (0.0500)  grad_norm: 1.2833 (1.3987)  time: 0.4276  data: 0.0003  max mem: 16496
Epoch: [13]  [  1000/?]  eta: ?  lr: 0.000463  min_lr: 0.000002  loss: 0.0039 (0.0041)  class_acc: 0.9617 (0.9611)  loss_scale: 1073741824.0000 (1073741824.0000)  weight_decay: 0.0500 (0.0500)  grad_norm: 1.1581 (1.3900)  time: 0.4395  data: 0.0002  max mem: 16496
Epoch: [13]  [  1500/?]  eta: ?  lr: 0.000463  min_lr: 0.000002  loss: 0.0035 (0.0041)  class_acc: 0.9626 (0.9613)  loss_scale: 1073741824.0000 (1073741824.0000)  weight_decay: 0.0500 (0.0500)  grad_norm: 0.9611 (1.3825)  time: 0.4304  data: 0.0002  max mem: 16496
Epoch: [13]  [  2000/?]  eta: ?  lr: 0.000463  min_lr: 0.000002  loss: 0.0038 (0.0040)  class_acc: 0.9621 (0.9615)  loss_scale: 2147483648.0000 (1201453245.3453)  weight_decay: 0.0500 (0.0500)  grad_norm: 1.1624 (1.3664)  time: 0.4318  data: 0.0004  max mem: 16496
Epoch: [13] Total time: 0:15:49 (0.4374 s / it)
Val:  [     0/?]  eta: ?  loss: 0.0414 (0.0414)  time: 2.1245  data: 1.9586  max mem: 16496
Val:  [    10/?]  eta: ?  loss: 0.0221 (0.0299)  time: 0.3450  data: 0.1784  max mem: 16496
Val:  [    20/?]  eta: ?  loss: 0.0161 (0.0243)  time: 0.1673  data: 0.0004  max mem: 16496
Val:  [    30/?]  eta: ?  loss: 0.0156 (0.0229)  time: 0.1674  data: 0.0003  max mem: 16496
Val:  [    40/?]  eta: ?  loss: 0.0180 (0.0235)  time: 0.1674  data: 0.0003  max mem: 16496
Val:  [    50/?]  eta: ?  loss: 0.0207 (0.0243)  time: 0.1675  data: 0.0003  max mem: 16496
Val:  [    60/?]  eta: ?  loss: 0.0207 (0.0292)  time: 0.1674  data: 0.0003  max mem: 16496
Val:  [    70/?]  eta: ?  loss: 0.0172 (0.0287)  time: 0.1676  data: 0.0003  max mem: 16496
Val:  [    80/?]  eta: ?  loss: 0.0237 (0.0288)  time: 0.1676  data: 0.0003  max mem: 16496
Val:  [    90/?]  eta: ?  loss: 0.0239 (0.0281)  time: 0.1675  data: 0.0003  max mem: 16496
Val:  [   100/?]  eta: ?  loss: 0.0230 (0.0277)  time: 0.1674  data: 0.0003  max mem: 16496
Val:  [   110/?]  eta: ?  loss: 0.0202 (0.0274)  time: 0.1674  data: 0.0003  max mem: 16496
Val:  [   120/?]  eta: ?  loss: 0.0211 (0.0281)  time: 0.1675  data: 0.0003  max mem: 16496
Val:  [   130/?]  eta: ?  loss: 0.0262 (0.0282)  time: 0.1674  data: 0.0003  max mem: 16496
Val:  [   140/?]  eta: ?  loss: 0.0246 (0.0282)  time: 0.1674  data: 0.0005  max mem: 16496
Val:  [   150/?]  eta: ?  loss: 0.0231 (0.0285)  time: 0.1674  data: 0.0005  max mem: 16496
Val:  [   160/?]  eta: ?  loss: 0.0188 (0.0286)  time: 0.1673  data: 0.0003  max mem: 16496
Val:  [   170/?]  eta: ?  loss: 0.0188 (0.0285)  time: 0.1672  data: 0.0003  max mem: 16496
Val:  [   180/?]  eta: ?  loss: 0.0180 (0.0281)  time: 0.1672  data: 0.0003  max mem: 16496
Val:  [   190/?]  eta: ?  loss: 0.0126 (0.0276)  time: 0.1672  data: 0.0003  max mem: 16496
Val:  [   200/?]  eta: ?  loss: 0.0145 (0.0276)  time: 0.1673  data: 0.0003  max mem: 16496
Val:  [   210/?]  eta: ?  loss: 0.0233 (0.0275)  time: 0.1672  data: 0.0003  max mem: 16496
Val:  [   220/?]  eta: ?  loss: 0.0188 (0.0271)  time: 0.1672  data: 0.0003  max mem: 16496
Val:  [   230/?]  eta: ?  loss: 0.0177 (0.0271)  time: 0.1672  data: 0.0003  max mem: 16496
Val:  [   240/?]  eta: ?  loss: 0.0177 (0.0270)  time: 0.1672  data: 0.0003  max mem: 16496
Val:  [   250/?]  eta: ?  loss: 0.0172 (0.0275)  time: 0.1672  data: 0.0003  max mem: 16496
Val:  [   260/?]  eta: ?  loss: 0.0200 (0.0275)  time: 0.1672  data: 0.0003  max mem: 16496
Val:  [   270/?]  eta: ?  loss: 0.0213 (0.0278)  time: 0.1674  data: 0.0003  max mem: 16496
Val:  [   280/?]  eta: ?  loss: 0.0249 (0.0278)  time: 0.1674  data: 0.0003  max mem: 16496
Val:  [   290/?]  eta: ?  loss: 0.0158 (0.0276)  time: 0.1674  data: 0.0004  max mem: 16496
Val:  [   300/?]  eta: ?  loss: 0.0164 (0.0276)  time: 0.1673  data: 0.0004  max mem: 16496
Val:  [   310/?]  eta: ?  loss: 0.0214 (0.0273)  time: 0.1658  data: 0.0004  max mem: 16496
Val: Total time: 0:00:54 (0.1736 s / it)
* loss 0.027
Test:  [     0/?]  eta: ?  loss: 0.0194 (0.0194)  time: 2.1158  data: 1.9502  max mem: 16496
Test:  [    10/?]  eta: ?  loss: 0.0194 (0.0235)  time: 0.3443  data: 0.1776  max mem: 16496
Test:  [    20/?]  eta: ?  loss: 0.0170 (0.0220)  time: 0.1672  data: 0.0003  max mem: 16496
Test:  [    30/?]  eta: ?  loss: 0.0165 (0.0210)  time: 0.1674  data: 0.0003  max mem: 16496
Test:  [    40/?]  eta: ?  loss: 0.0190 (0.0213)  time: 0.1674  data: 0.0003  max mem: 16496
Test:  [    50/?]  eta: ?  loss: 0.0189 (0.0206)  time: 0.1673  data: 0.0003  max mem: 16496
Test:  [    60/?]  eta: ?  loss: 0.0144 (0.0196)  time: 0.1674  data: 0.0003  max mem: 16496
Test:  [    70/?]  eta: ?  loss: 0.0101 (0.0192)  time: 0.1674  data: 0.0003  max mem: 16496
Test:  [    80/?]  eta: ?  loss: 0.0179 (0.0190)  time: 0.1674  data: 0.0003  max mem: 16496
Test:  [    90/?]  eta: ?  loss: 0.0200 (0.0200)  time: 0.1674  data: 0.0003  max mem: 16496
Test:  [   100/?]  eta: ?  loss: 0.0213 (0.0211)  time: 0.1672  data: 0.0003  max mem: 16496
Test:  [   110/?]  eta: ?  loss: 0.0225 (0.0215)  time: 0.1672  data: 0.0003  max mem: 16496
Test:  [   120/?]  eta: ?  loss: 0.0221 (0.0220)  time: 0.1672  data: 0.0003  max mem: 16496
Test:  [   130/?]  eta: ?  loss: 0.0185 (0.0219)  time: 0.1672  data: 0.0003  max mem: 16496
Test:  [   140/?]  eta: ?  loss: 0.0185 (0.0226)  time: 0.1671  data: 0.0003  max mem: 16496
Test:  [   150/?]  eta: ?  loss: 0.0273 (0.0233)  time: 0.1671  data: 0.0003  max mem: 16496
Test:  [   160/?]  eta: ?  loss: 0.0263 (0.0234)  time: 0.1671  data: 0.0003  max mem: 16496
Test:  [   170/?]  eta: ?  loss: 0.0211 (0.0241)  time: 0.1671  data: 0.0003  max mem: 16496
Test:  [   180/?]  eta: ?  loss: 0.0218 (0.0243)  time: 0.1672  data: 0.0003  max mem: 16496
Test:  [   190/?]  eta: ?  loss: 0.0181 (0.0241)  time: 0.1671  data: 0.0003  max mem: 16496
Test:  [   200/?]  eta: ?  loss: 0.0181 (0.0241)  time: 0.1671  data: 0.0003  max mem: 16496
Test:  [   210/?]  eta: ?  loss: 0.0153 (0.0242)  time: 0.1671  data: 0.0003  max mem: 16496
Test:  [   220/?]  eta: ?  loss: 0.0153 (0.0244)  time: 0.1671  data: 0.0003  max mem: 16496
Test:  [   230/?]  eta: ?  loss: 0.0172 (0.0243)  time: 0.1673  data: 0.0003  max mem: 16496
Test:  [   240/?]  eta: ?  loss: 0.0179 (0.0241)  time: 0.1672  data: 0.0003  max mem: 16496
Test:  [   250/?]  eta: ?  loss: 0.0169 (0.0240)  time: 0.1671  data: 0.0003  max mem: 16496
Test:  [   260/?]  eta: ?  loss: 0.0162 (0.0238)  time: 0.1672  data: 0.0003  max mem: 16496
Test:  [   270/?]  eta: ?  loss: 0.0190 (0.0237)  time: 0.1671  data: 0.0003  max mem: 16496
Test:  [   280/?]  eta: ?  loss: 0.0177 (0.0244)  time: 0.1672  data: 0.0003  max mem: 16496
Test:  [   290/?]  eta: ?  loss: 0.0167 (0.0245)  time: 0.1672  data: 0.0003  max mem: 16496
Test:  [   300/?]  eta: ?  loss: 0.0288 (0.0248)  time: 0.1670  data: 0.0003  max mem: 16496
Test:  [   310/?]  eta: ?  loss: 0.0373 (0.0257)  time: 0.1334  data: 0.0003  max mem: 16496
Test: Total time: 0:00:53 (0.1709 s / it)
* loss 0.026
  → Epoch  14/50 | Train Loss: 0.0040 | Val Loss: 0.0273 | Train score (1/(1+norm_MAE)): 0.9616 | Val MAE (years): 2.0846 | LR: 0.000002
Best val MAE (years): 1.9149, test MAE at best val: 1.8538
  Test segment MAE: 2.0169 | participant median MAE: 1.7668 | participant mean MAE: 1.7528
Epoch: [14]  [     0/?]  eta: ?  lr: 0.000453  min_lr: 0.000002  loss: 0.0053 (0.0053)  class_acc: 0.9568 (0.9568)  loss_scale: 2147483648.0000 (2147483648.0000)  weight_decay: 0.0500 (0.0500)  grad_norm: 3.6318 (3.6318)  time: 8.0646  data: 7.6398  max mem: 16496
Epoch: [14]  [   500/?]  eta: ?  lr: 0.000453  min_lr: 0.000002  loss: 0.0035 (0.0038)  class_acc: 0.9622 (0.9625)  loss_scale: 2147483648.0000 (2147483648.0000)  weight_decay: 0.0500 (0.0500)  grad_norm: 0.9886 (1.4693)  time: 0.4292  data: 0.0003  max mem: 16496
Epoch: [14]  [  1000/?]  eta: ?  lr: 0.000453  min_lr: 0.000002  loss: 0.0036 (0.0038)  class_acc: 0.9627 (0.9627)  loss_scale: 2147483648.0000 (2147483648.0000)  weight_decay: 0.0500 (0.0500)  grad_norm: 1.3952 (1.4194)  time: 0.4297  data: 0.0003  max mem: 16496
Epoch: [14]  [  1500/?]  eta: ?  lr: 0.000453  min_lr: 0.000002  loss: 0.0034 (0.0038)  class_acc: 0.9640 (0.9629)  loss_scale: 2147483648.0000 (2147483648.0000)  weight_decay: 0.0500 (0.0500)  grad_norm: 1.0359 (1.4112)  time: 0.4314  data: 0.0003  max mem: 16496
Epoch: [14]  [  2000/?]  eta: ?  lr: 0.000453  min_lr: 0.000002  loss: 0.0034 (0.0038)  class_acc: 0.9640 (0.9631)  loss_scale: 4294967296.0000 (2587497788.7696)  weight_decay: 0.0500 (0.0500)  grad_norm: 1.0408 (1.3863)  time: 0.4312  data: 0.0002  max mem: 16496
Epoch: [14] Total time: 0:15:51 (0.4380 s / it)
Val:  [     0/?]  eta: ?  loss: 0.0354 (0.0354)  time: 2.1373  data: 1.9718  max mem: 16496
Val:  [    10/?]  eta: ?  loss: 0.0244 (0.0292)  time: 0.3460  data: 0.1795  max mem: 16496
Val:  [    20/?]  eta: ?  loss: 0.0160 (0.0233)  time: 0.1670  data: 0.0003  max mem: 16496
Val:  [    30/?]  eta: ?  loss: 0.0141 (0.0221)  time: 0.1672  data: 0.0003  max mem: 16496
Val:  [    40/?]  eta: ?  loss: 0.0207 (0.0230)  time: 0.1672  data: 0.0003  max mem: 16496
Val:  [    50/?]  eta: ?  loss: 0.0255 (0.0236)  time: 0.1672  data: 0.0003  max mem: 16496
Val:  [    60/?]  eta: ?  loss: 0.0256 (0.0276)  time: 0.1675  data: 0.0003  max mem: 16496
Val:  [    70/?]  eta: ?  loss: 0.0200 (0.0269)  time: 0.1675  data: 0.0003  max mem: 16496
Val:  [    80/?]  eta: ?  loss: 0.0222 (0.0268)  time: 0.1671  data: 0.0003  max mem: 16496
Val:  [    90/?]  eta: ?  loss: 0.0217 (0.0263)  time: 0.1672  data: 0.0003  max mem: 16496
Val:  [   100/?]  eta: ?  loss: 0.0217 (0.0264)  time: 0.1672  data: 0.0004  max mem: 16496
Val:  [   110/?]  eta: ?  loss: 0.0189 (0.0261)  time: 0.1671  data: 0.0003  max mem: 16496
Val:  [   120/?]  eta: ?  loss: 0.0198 (0.0265)  time: 0.1672  data: 0.0003  max mem: 16496
Val:  [   130/?]  eta: ?  loss: 0.0204 (0.0262)  time: 0.1673  data: 0.0003  max mem: 16496
Val:  [   140/?]  eta: ?  loss: 0.0186 (0.0262)  time: 0.1674  data: 0.0004  max mem: 16496
Val:  [   150/?]  eta: ?  loss: 0.0189 (0.0266)  time: 0.1674  data: 0.0004  max mem: 16496
Val:  [   160/?]  eta: ?  loss: 0.0190 (0.0267)  time: 0.1673  data: 0.0003  max mem: 16496
Val:  [   170/?]  eta: ?  loss: 0.0209 (0.0265)  time: 0.1675  data: 0.0005  max mem: 16496
Val:  [   180/?]  eta: ?  loss: 0.0209 (0.0262)  time: 0.1677  data: 0.0006  max mem: 16496
Val:  [   190/?]  eta: ?  loss: 0.0136 (0.0256)  time: 0.1676  data: 0.0004  max mem: 16496
Val:  [   200/?]  eta: ?  loss: 0.0137 (0.0256)  time: 0.1674  data: 0.0003  max mem: 16496
Val:  [   210/?]  eta: ?  loss: 0.0204 (0.0256)  time: 0.1673  data: 0.0003  max mem: 16496
Val:  [   220/?]  eta: ?  loss: 0.0192 (0.0253)  time: 0.1673  data: 0.0003  max mem: 16496
Val:  [   230/?]  eta: ?  loss: 0.0191 (0.0254)  time: 0.1672  data: 0.0003  max mem: 16496
Val:  [   240/?]  eta: ?  loss: 0.0191 (0.0253)  time: 0.1672  data: 0.0003  max mem: 16496
Val:  [   250/?]  eta: ?  loss: 0.0164 (0.0258)  time: 0.1674  data: 0.0004  max mem: 16496
Val:  [   260/?]  eta: ?  loss: 0.0197 (0.0259)  time: 0.1677  data: 0.0004  max mem: 16496
Val:  [   270/?]  eta: ?  loss: 0.0215 (0.0260)  time: 0.1676  data: 0.0003  max mem: 16496
Val:  [   280/?]  eta: ?  loss: 0.0236 (0.0259)  time: 0.1673  data: 0.0003  max mem: 16496
Val:  [   290/?]  eta: ?  loss: 0.0127 (0.0257)  time: 0.1672  data: 0.0003  max mem: 16496
Val:  [   300/?]  eta: ?  loss: 0.0127 (0.0256)  time: 0.1674  data: 0.0004  max mem: 16496
Val:  [   310/?]  eta: ?  loss: 0.0163 (0.0254)  time: 0.1658  data: 0.0004  max mem: 16496
Val: Total time: 0:00:54 (0.1736 s / it)
* loss 0.025
Test:  [     0/?]  eta: ?  loss: 0.0181 (0.0181)  time: 2.1254  data: 1.9599  max mem: 16496
Test:  [    10/?]  eta: ?  loss: 0.0176 (0.0208)  time: 0.3450  data: 0.1784  max mem: 16496
Test:  [    20/?]  eta: ?  loss: 0.0150 (0.0194)  time: 0.1671  data: 0.0003  max mem: 16496
Test:  [    30/?]  eta: ?  loss: 0.0169 (0.0194)  time: 0.1673  data: 0.0003  max mem: 16496
Test:  [    40/?]  eta: ?  loss: 0.0172 (0.0194)  time: 0.1673  data: 0.0003  max mem: 16496
Test:  [    50/?]  eta: ?  loss: 0.0172 (0.0193)  time: 0.1672  data: 0.0003  max mem: 16496
Test:  [    60/?]  eta: ?  loss: 0.0145 (0.0180)  time: 0.1672  data: 0.0003  max mem: 16496
Test:  [    70/?]  eta: ?  loss: 0.0098 (0.0179)  time: 0.1673  data: 0.0004  max mem: 16496
Test:  [    80/?]  eta: ?  loss: 0.0171 (0.0181)  time: 0.1672  data: 0.0003  max mem: 16496
Test:  [    90/?]  eta: ?  loss: 0.0219 (0.0192)  time: 0.1671  data: 0.0003  max mem: 16496
Test:  [   100/?]  eta: ?  loss: 0.0227 (0.0203)  time: 0.1672  data: 0.0003  max mem: 16496
Test:  [   110/?]  eta: ?  loss: 0.0230 (0.0205)  time: 0.1672  data: 0.0003  max mem: 16496
Test:  [   120/?]  eta: ?  loss: 0.0207 (0.0211)  time: 0.1672  data: 0.0003  max mem: 16496
Test:  [   130/?]  eta: ?  loss: 0.0156 (0.0208)  time: 0.1672  data: 0.0003  max mem: 16496
Test:  [   140/?]  eta: ?  loss: 0.0150 (0.0213)  time: 0.1672  data: 0.0003  max mem: 16496
Test:  [   150/?]  eta: ?  loss: 0.0260 (0.0219)  time: 0.1672  data: 0.0003  max mem: 16496
Test:  [   160/?]  eta: ?  loss: 0.0256 (0.0220)  time: 0.1672  data: 0.0003  max mem: 16496
Test:  [   170/?]  eta: ?  loss: 0.0177 (0.0225)  time: 0.1672  data: 0.0003  max mem: 16496
Test:  [   180/?]  eta: ?  loss: 0.0177 (0.0227)  time: 0.1672  data: 0.0003  max mem: 16496
Test:  [   190/?]  eta: ?  loss: 0.0208 (0.0225)  time: 0.1672  data: 0.0003  max mem: 16496
Test:  [   200/?]  eta: ?  loss: 0.0199 (0.0226)  time: 0.1672  data: 0.0003  max mem: 16496
Test:  [   210/?]  eta: ?  loss: 0.0194 (0.0228)  time: 0.1673  data: 0.0003  max mem: 16496
Test:  [   220/?]  eta: ?  loss: 0.0188 (0.0231)  time: 0.1672  data: 0.0003  max mem: 16496
Test:  [   230/?]  eta: ?  loss: 0.0189 (0.0231)  time: 0.1671  data: 0.0003  max mem: 16496
Test:  [   240/?]  eta: ?  loss: 0.0189 (0.0230)  time: 0.1671  data: 0.0003  max mem: 16496
Test:  [   250/?]  eta: ?  loss: 0.0147 (0.0228)  time: 0.1672  data: 0.0003  max mem: 16496
Test:  [   260/?]  eta: ?  loss: 0.0167 (0.0227)  time: 0.1673  data: 0.0003  max mem: 16496
Test:  [   270/?]  eta: ?  loss: 0.0184 (0.0227)  time: 0.1672  data: 0.0003  max mem: 16496
Test:  [   280/?]  eta: ?  loss: 0.0184 (0.0234)  time: 0.1672  data: 0.0003  max mem: 16496
Test:  [   290/?]  eta: ?  loss: 0.0138 (0.0233)  time: 0.1672  data: 0.0003  max mem: 16496
Test:  [   300/?]  eta: ?  loss: 0.0278 (0.0238)  time: 0.1672  data: 0.0003  max mem: 16496
Test:  [   310/?]  eta: ?  loss: 0.0372 (0.0247)  time: 0.1334  data: 0.0003  max mem: 16496
Test: Total time: 0:00:53 (0.1709 s / it)
* loss 0.025

============================================================
Counting samples by task type...
============================================================

============================================================
Evaluating on active tasks (35,284 samples)...
============================================================
Active Test:  [     0/?]  eta: ?  loss: 0.0136 (0.0136)  time: 2.6263  data: 2.6014  max mem: 16496
Active Test:  [    10/?]  eta: ?  loss: 0.0222 (0.0751)  time: 0.2597  data: 0.2453  max mem: 16496
Active Test:  [    20/?]  eta: ?  loss: 0.0209 (0.0515)  time: 0.0226  data: 0.0094  max mem: 16496
Active Test:  [    30/?]  eta: ?  loss: 0.0209 (0.0468)  time: 0.0214  data: 0.0088  max mem: 16496
Active Test:  [    40/?]  eta: ?  loss: 0.0372 (0.0454)  time: 0.0223  data: 0.0099  max mem: 16496
Active Test:  [    50/?]  eta: ?  loss: 0.0253 (0.0404)  time: 0.0222  data: 0.0099  max mem: 16496
Active Test:  [    60/?]  eta: ?  loss: 0.0106 (0.0355)  time: 0.0214  data: 0.0094  max mem: 16496
Active Test:  [    70/?]  eta: ?  loss: 0.0095 (0.0319)  time: 0.0209  data: 0.0088  max mem: 16496
Active Test:  [    80/?]  eta: ?  loss: 0.0095 (0.0293)  time: 0.0207  data: 0.0085  max mem: 16496
Active Test:  [    90/?]  eta: ?  loss: 0.0120 (0.0278)  time: 0.0205  data: 0.0084  max mem: 16496
Active Test:  [   100/?]  eta: ?  loss: 0.0181 (0.0272)  time: 0.0211  data: 0.0089  max mem: 16496
Active Test:  [   110/?]  eta: ?  loss: 0.0183 (0.0261)  time: 0.0212  data: 0.0088  max mem: 16496
Active Test:  [   120/?]  eta: ?  loss: 0.0186 (0.0258)  time: 0.0203  data: 0.0079  max mem: 16496
Active Test:  [   130/?]  eta: ?  loss: 0.0173 (0.0253)  time: 0.0196  data: 0.0073  max mem: 16496
Active Test:  [   140/?]  eta: ?  loss: 0.0173 (0.0264)  time: 0.0208  data: 0.0086  max mem: 16496
Active Test:  [   150/?]  eta: ?  loss: 0.0219 (0.0270)  time: 0.0206  data: 0.0085  max mem: 16496
Active Test:  [   160/?]  eta: ?  loss: 0.0197 (0.0278)  time: 0.0206  data: 0.0086  max mem: 16496
Active Test:  [   170/?]  eta: ?  loss: 0.0185 (0.0277)  time: 0.0207  data: 0.0087  max mem: 16496
Active Test:  [   180/?]  eta: ?  loss: 0.0106 (0.0267)  time: 0.0197  data: 0.0075  max mem: 16496
Active Test:  [   190/?]  eta: ?  loss: 0.0115 (0.0264)  time: 0.0203  data: 0.0081  max mem: 16496
Active Test:  [   200/?]  eta: ?  loss: 0.0153 (0.0264)  time: 0.0200  data: 0.0079  max mem: 16496
Active Test:  [   210/?]  eta: ?  loss: 0.0164 (0.0265)  time: 0.0198  data: 0.0077  max mem: 16496
Active Test:  [   220/?]  eta: ?  loss: 0.0178 (0.0262)  time: 0.0199  data: 0.0079  max mem: 16496
Active Test:  [   230/?]  eta: ?  loss: 0.0175 (0.0260)  time: 0.0199  data: 0.0078  max mem: 16496
Active Test:  [   240/?]  eta: ?  loss: 0.0164 (0.0264)  time: 0.0210  data: 0.0088  max mem: 16496
Active Test:  [   250/?]  eta: ?  loss: 0.0211 (0.0264)  time: 0.0218  data: 0.0094  max mem: 16496
Active Test:  [   260/?]  eta: ?  loss: 0.0196 (0.0264)  time: 0.0211  data: 0.0087  max mem: 16496
Active Test:  [   270/?]  eta: ?  loss: 0.0177 (0.0263)  time: 0.0202  data: 0.0077  max mem: 16496
Active Test:  [   280/?]  eta: ?  loss: 0.0172 (0.0262)  time: 0.0204  data: 0.0081  max mem: 16496
Active Test:  [   290/?]  eta: ?  loss: 0.0147 (0.0260)  time: 0.0214  data: 0.0094  max mem: 16496
Active Test:  [   300/?]  eta: ?  loss: 0.0108 (0.0260)  time: 0.0200  data: 0.0080  max mem: 16496
Active Test:  [   310/?]  eta: ?  loss: 0.0165 (0.0257)  time: 0.0183  data: 0.0064  max mem: 16496
Active Test:  [   320/?]  eta: ?  loss: 0.0150 (0.0255)  time: 0.0185  data: 0.0066  max mem: 16496
Active Test:  [   330/?]  eta: ?  loss: 0.0186 (0.0254)  time: 0.0186  data: 0.0068  max mem: 16496
Active Test:  [   340/?]  eta: ?  loss: 0.0145 (0.0253)  time: 0.0187  data: 0.0069  max mem: 16496
Active Test:  [   350/?]  eta: ?  loss: 0.0169 (0.0254)  time: 0.0189  data: 0.0071  max mem: 16496
Active Test:  [   360/?]  eta: ?  loss: 0.0214 (0.0251)  time: 0.0189  data: 0.0070  max mem: 16496
Active Test:  [   370/?]  eta: ?  loss: 0.0102 (0.0247)  time: 0.0191  data: 0.0072  max mem: 16496
Active Test:  [   380/?]  eta: ?  loss: 0.0094 (0.0244)  time: 0.0194  data: 0.0075  max mem: 16496
Active Test:  [   390/?]  eta: ?  loss: 0.0095 (0.0241)  time: 0.0195  data: 0.0076  max mem: 16496
Active Test:  [   400/?]  eta: ?  loss: 0.0112 (0.0240)  time: 0.0199  data: 0.0078  max mem: 16496
Active Test:  [   410/?]  eta: ?  loss: 0.0120 (0.0239)  time: 0.0205  data: 0.0083  max mem: 16496
Active Test:  [   420/?]  eta: ?  loss: 0.0155 (0.0240)  time: 0.0209  data: 0.0088  max mem: 16496
Active Test:  [   430/?]  eta: ?  loss: 0.0171 (0.0239)  time: 0.0204  data: 0.0083  max mem: 16496
Active Test:  [   440/?]  eta: ?  loss: 0.0130 (0.0238)  time: 0.0198  data: 0.0078  max mem: 16496
Active Test:  [   450/?]  eta: ?  loss: 0.0128 (0.0236)  time: 0.0209  data: 0.0089  max mem: 16496
Active Test:  [   460/?]  eta: ?  loss: 0.0105 (0.0235)  time: 0.0239  data: 0.0109  max mem: 16496
Active Test:  [   470/?]  eta: ?  loss: 0.0109 (0.0247)  time: 0.0233  data: 0.0102  max mem: 16496
Active Test:  [   480/?]  eta: ?  loss: 0.0184 (0.0252)  time: 0.0210  data: 0.0088  max mem: 16496
Active Test:  [   490/?]  eta: ?  loss: 0.0141 (0.0250)  time: 0.0216  data: 0.0093  max mem: 16496
Active Test:  [   500/?]  eta: ?  loss: 0.0110 (0.0249)  time: 0.0220  data: 0.0095  max mem: 16496
Active Test:  [   510/?]  eta: ?  loss: 0.0195 (0.0247)  time: 0.0215  data: 0.0090  max mem: 16496
Active Test:  [   520/?]  eta: ?  loss: 0.0106 (0.0248)  time: 0.0221  data: 0.0095  max mem: 16496
Active Test:  [   530/?]  eta: ?  loss: 0.0122 (0.0246)  time: 0.0221  data: 0.0092  max mem: 16496
Active Test:  [   540/?]  eta: ?  loss: 0.0122 (0.0245)  time: 0.0215  data: 0.0087  max mem: 16496
Active Test: Total time: 0:00:14 (0.0258 s / it)
* loss 0.024

============================================================
Evaluating on passive tasks (204,188 samples)...
============================================================
Passive Test:  [     0/?]  eta: ?  loss: 0.0108 (0.0108)  time: 0.9663  data: 0.9504  max mem: 16496
Passive Test:  [    10/?]  eta: ?  loss: 0.0119 (0.0142)  time: 0.1076  data: 0.0940  max mem: 16496
Passive Test:  [    20/?]  eta: ?  loss: 0.0138 (0.0164)  time: 0.0207  data: 0.0073  max mem: 16496
Passive Test:  [    30/?]  eta: ?  loss: 0.0159 (0.0202)  time: 0.0192  data: 0.0063  max mem: 16496
Passive Test:  [    40/?]  eta: ?  loss: 0.0192 (0.0238)  time: 0.0185  data: 0.0062  max mem: 16496
Passive Test:  [    50/?]  eta: ?  loss: 0.0192 (0.0256)  time: 0.0197  data: 0.0074  max mem: 16496
Passive Test:  [    60/?]  eta: ?  loss: 0.0187 (0.0266)  time: 0.0195  data: 0.0073  max mem: 16496
Passive Test:  [    70/?]  eta: ?  loss: 0.0164 (0.0280)  time: 0.0194  data: 0.0074  max mem: 16496
Passive Test:  [    80/?]  eta: ?  loss: 0.0132 (0.0289)  time: 0.0192  data: 0.0071  max mem: 16496
Passive Test:  [    90/?]  eta: ?  loss: 0.0145 (0.0283)  time: 0.0189  data: 0.0069  max mem: 16496
Passive Test:  [   100/?]  eta: ?  loss: 0.0149 (0.0278)  time: 0.0189  data: 0.0069  max mem: 16496
Passive Test:  [   110/?]  eta: ?  loss: 0.0129 (0.0269)  time: 0.0186  data: 0.0065  max mem: 16496
Passive Test:  [   120/?]  eta: ?  loss: 0.0099 (0.0267)  time: 0.0191  data: 0.0070  max mem: 16496
Passive Test:  [   130/?]  eta: ?  loss: 0.0141 (0.0264)  time: 0.0188  data: 0.0066  max mem: 16496
Passive Test:  [   140/?]  eta: ?  loss: 0.0141 (0.0262)  time: 0.0182  data: 0.0060  max mem: 16496
Passive Test:  [   150/?]  eta: ?  loss: 0.0136 (0.0256)  time: 0.0186  data: 0.0066  max mem: 16496
Passive Test:  [   160/?]  eta: ?  loss: 0.0115 (0.0252)  time: 0.0187  data: 0.0067  max mem: 16496
Passive Test:  [   170/?]  eta: ?  loss: 0.0119 (0.0246)  time: 0.0189  data: 0.0069  max mem: 16496
Passive Test:  [   180/?]  eta: ?  loss: 0.0135 (0.0240)  time: 0.0188  data: 0.0069  max mem: 16496
Passive Test:  [   190/?]  eta: ?  loss: 0.0135 (0.0236)  time: 0.0184  data: 0.0065  max mem: 16496
Passive Test:  [   200/?]  eta: ?  loss: 0.0135 (0.0233)  time: 0.0185  data: 0.0066  max mem: 16496
Passive Test:  [   210/?]  eta: ?  loss: 0.0104 (0.0229)  time: 0.0183  data: 0.0064  max mem: 16496
Passive Test:  [   220/?]  eta: ?  loss: 0.0075 (0.0225)  time: 0.0182  data: 0.0064  max mem: 16496
Passive Test:  [   230/?]  eta: ?  loss: 0.0115 (0.0222)  time: 0.0184  data: 0.0065  max mem: 16496
Passive Test:  [   240/?]  eta: ?  loss: 0.0170 (0.0221)  time: 0.0185  data: 0.0067  max mem: 16496
Passive Test:  [   250/?]  eta: ?  loss: 0.0173 (0.0219)  time: 0.0187  data: 0.0069  max mem: 16496
Passive Test:  [   260/?]  eta: ?  loss: 0.0129 (0.0217)  time: 0.0185  data: 0.0065  max mem: 16496
Passive Test:  [   270/?]  eta: ?  loss: 0.0089 (0.0216)  time: 0.0185  data: 0.0064  max mem: 16496
Passive Test:  [   280/?]  eta: ?  loss: 0.0079 (0.0212)  time: 0.0193  data: 0.0072  max mem: 16496
Passive Test:  [   290/?]  eta: ?  loss: 0.0078 (0.0208)  time: 0.0197  data: 0.0077  max mem: 16496
Passive Test:  [   300/?]  eta: ?  loss: 0.0075 (0.0205)  time: 0.0190  data: 0.0070  max mem: 16496
Passive Test:  [   310/?]  eta: ?  loss: 0.0099 (0.0202)  time: 0.0191  data: 0.0072  max mem: 16496
Passive Test:  [   320/?]  eta: ?  loss: 0.0100 (0.0200)  time: 0.0191  data: 0.0072  max mem: 16496
Passive Test:  [   330/?]  eta: ?  loss: 0.0093 (0.0198)  time: 0.0184  data: 0.0064  max mem: 16496
Passive Test:  [   340/?]  eta: ?  loss: 0.0148 (0.0196)  time: 0.0186  data: 0.0066  max mem: 16496
Passive Test:  [   350/?]  eta: ?  loss: 0.0154 (0.0194)  time: 0.0187  data: 0.0067  max mem: 16496
Passive Test:  [   360/?]  eta: ?  loss: 0.0164 (0.0194)  time: 0.0189  data: 0.0069  max mem: 16496
Passive Test:  [   370/?]  eta: ?  loss: 0.0164 (0.0192)  time: 0.0192  data: 0.0072  max mem: 16496
Passive Test:  [   380/?]  eta: ?  loss: 0.0122 (0.0190)  time: 0.0189  data: 0.0069  max mem: 16496
Passive Test:  [   390/?]  eta: ?  loss: 0.0095 (0.0189)  time: 0.0185  data: 0.0064  max mem: 16496
Passive Test:  [   400/?]  eta: ?  loss: 0.0177 (0.0189)  time: 0.0182  data: 0.0062  max mem: 16496
Passive Test:  [   410/?]  eta: ?  loss: 0.0188 (0.0188)  time: 0.0181  data: 0.0061  max mem: 16496
Passive Test:  [   420/?]  eta: ?  loss: 0.0162 (0.0188)  time: 0.0186  data: 0.0066  max mem: 16496
Passive Test:  [   430/?]  eta: ?  loss: 0.0168 (0.0188)  time: 0.0185  data: 0.0064  max mem: 16496
Passive Test:  [   440/?]  eta: ?  loss: 0.0128 (0.0187)  time: 0.0184  data: 0.0063  max mem: 16496
Passive Test:  [   450/?]  eta: ?  loss: 0.0126 (0.0188)  time: 0.0186  data: 0.0065  max mem: 16496
Passive Test:  [   460/?]  eta: ?  loss: 0.0192 (0.0190)  time: 0.0183  data: 0.0061  max mem: 16496
Passive Test:  [   470/?]  eta: ?  loss: 0.0225 (0.0191)  time: 0.0185  data: 0.0064  max mem: 16496
Passive Test:  [   480/?]  eta: ?  loss: 0.0223 (0.0192)  time: 0.0190  data: 0.0070  max mem: 16496
Passive Test:  [   490/?]  eta: ?  loss: 0.0223 (0.0193)  time: 0.0189  data: 0.0069  max mem: 16496
Passive Test:  [   500/?]  eta: ?  loss: 0.0223 (0.0195)  time: 0.0189  data: 0.0068  max mem: 16496
Passive Test:  [   510/?]  eta: ?  loss: 0.0285 (0.0197)  time: 0.0185  data: 0.0064  max mem: 16496
Passive Test:  [   520/?]  eta: ?  loss: 0.0238 (0.0197)  time: 0.0182  data: 0.0062  max mem: 16496
Passive Test:  [   530/?]  eta: ?  loss: 0.0199 (0.0198)  time: 0.0179  data: 0.0059  max mem: 16496
Passive Test:  [   540/?]  eta: ?  loss: 0.0194 (0.0198)  time: 0.0183  data: 0.0064  max mem: 16496
Passive Test:  [   550/?]  eta: ?  loss: 0.0130 (0.0196)  time: 0.0195  data: 0.0074  max mem: 16496
Passive Test:  [   560/?]  eta: ?  loss: 0.0113 (0.0195)  time: 0.0195  data: 0.0073  max mem: 16496
Passive Test:  [   570/?]  eta: ?  loss: 0.0115 (0.0194)  time: 0.0193  data: 0.0072  max mem: 16496
Passive Test:  [   580/?]  eta: ?  loss: 0.0104 (0.0193)  time: 0.0193  data: 0.0074  max mem: 16496
Passive Test:  [   590/?]  eta: ?  loss: 0.0154 (0.0194)  time: 0.0188  data: 0.0069  max mem: 16496
Passive Test:  [   600/?]  eta: ?  loss: 0.0178 (0.0195)  time: 0.0187  data: 0.0067  max mem: 16496
Passive Test:  [   610/?]  eta: ?  loss: 0.0147 (0.0194)  time: 0.0185  data: 0.0065  max mem: 16496
Passive Test:  [   620/?]  eta: ?  loss: 0.0111 (0.0193)  time: 0.0178  data: 0.0059  max mem: 16496
Passive Test:  [   630/?]  eta: ?  loss: 0.0107 (0.0192)  time: 0.0176  data: 0.0058  max mem: 16496
Passive Test:  [   640/?]  eta: ?  loss: 0.0142 (0.0192)  time: 0.0182  data: 0.0063  max mem: 16496
Passive Test:  [   650/?]  eta: ?  loss: 0.0229 (0.0196)  time: 0.0186  data: 0.0067  max mem: 16496
Passive Test:  [   660/?]  eta: ?  loss: 0.0370 (0.0201)  time: 0.0183  data: 0.0063  max mem: 16496
Passive Test:  [   670/?]  eta: ?  loss: 0.0435 (0.0209)  time: 0.0182  data: 0.0062  max mem: 16496
Passive Test:  [   680/?]  eta: ?  loss: 0.0494 (0.0214)  time: 0.0183  data: 0.0063  max mem: 16496
Passive Test:  [   690/?]  eta: ?  loss: 0.0465 (0.0218)  time: 0.0180  data: 0.0061  max mem: 16496
Passive Test:  [   700/?]  eta: ?  loss: 0.0445 (0.0222)  time: 0.0178  data: 0.0058  max mem: 16496
Passive Test:  [   710/?]  eta: ?  loss: 0.0431 (0.0226)  time: 0.0179  data: 0.0059  max mem: 16496
Passive Test:  [   720/?]  eta: ?  loss: 0.0440 (0.0231)  time: 0.0182  data: 0.0063  max mem: 16496
Passive Test:  [   730/?]  eta: ?  loss: 0.0440 (0.0235)  time: 0.0183  data: 0.0064  max mem: 16496
Passive Test:  [   740/?]  eta: ?  loss: 0.0241 (0.0236)  time: 0.0183  data: 0.0063  max mem: 16496
Passive Test:  [   750/?]  eta: ?  loss: 0.0104 (0.0235)  time: 0.0183  data: 0.0063  max mem: 16496
Passive Test:  [   760/?]  eta: ?  loss: 0.0104 (0.0234)  time: 0.0192  data: 0.0073  max mem: 16496
Passive Test:  [   770/?]  eta: ?  loss: 0.0157 (0.0234)  time: 0.0198  data: 0.0079  max mem: 16496
Passive Test:  [   780/?]  eta: ?  loss: 0.0201 (0.0234)  time: 0.0188  data: 0.0069  max mem: 16496
Passive Test:  [   790/?]  eta: ?  loss: 0.0207 (0.0234)  time: 0.0181  data: 0.0063  max mem: 16496
Passive Test:  [   800/?]  eta: ?  loss: 0.0215 (0.0235)  time: 0.0179  data: 0.0060  max mem: 16496
Passive Test:  [   810/?]  eta: ?  loss: 0.0175 (0.0234)  time: 0.0178  data: 0.0059  max mem: 16496
Passive Test:  [   820/?]  eta: ?  loss: 0.0188 (0.0234)  time: 0.0181  data: 0.0062  max mem: 16496
Passive Test:  [   830/?]  eta: ?  loss: 0.0209 (0.0233)  time: 0.0181  data: 0.0062  max mem: 16496
Passive Test:  [   840/?]  eta: ?  loss: 0.0146 (0.0233)  time: 0.0179  data: 0.0059  max mem: 16496
Passive Test:  [   850/?]  eta: ?  loss: 0.0103 (0.0231)  time: 0.0186  data: 0.0066  max mem: 16496
Passive Test:  [   860/?]  eta: ?  loss: 0.0121 (0.0230)  time: 0.0185  data: 0.0064  max mem: 16496
Passive Test:  [   870/?]  eta: ?  loss: 0.0154 (0.0229)  time: 0.0181  data: 0.0060  max mem: 16496
Passive Test:  [   880/?]  eta: ?  loss: 0.0154 (0.0228)  time: 0.0185  data: 0.0065  max mem: 16496
Passive Test:  [   890/?]  eta: ?  loss: 0.0146 (0.0228)  time: 0.0187  data: 0.0067  max mem: 16496
Passive Test:  [   900/?]  eta: ?  loss: 0.0135 (0.0227)  time: 0.0188  data: 0.0068  max mem: 16496
Passive Test:  [   910/?]  eta: ?  loss: 0.0133 (0.0226)  time: 0.0190  data: 0.0069  max mem: 16496
Passive Test:  [   920/?]  eta: ?  loss: 0.0077 (0.0224)  time: 0.0185  data: 0.0064  max mem: 16496
Passive Test:  [   930/?]  eta: ?  loss: 0.0090 (0.0223)  time: 0.0181  data: 0.0061  max mem: 16496
Passive Test:  [   940/?]  eta: ?  loss: 0.0098 (0.0222)  time: 0.0186  data: 0.0066  max mem: 16496
Passive Test:  [   950/?]  eta: ?  loss: 0.0124 (0.0222)  time: 0.0184  data: 0.0064  max mem: 16496
Passive Test:  [   960/?]  eta: ?  loss: 0.0272 (0.0223)  time: 0.0182  data: 0.0061  max mem: 16496
Passive Test:  [   970/?]  eta: ?  loss: 0.0272 (0.0223)  time: 0.0184  data: 0.0063  max mem: 16496
Passive Test:  [   980/?]  eta: ?  loss: 0.0265 (0.0223)  time: 0.0182  data: 0.0063  max mem: 16496
Passive Test:  [   990/?]  eta: ?  loss: 0.0196 (0.0223)  time: 0.0181  data: 0.0062  max mem: 16496
Passive Test:  [  1000/?]  eta: ?  loss: 0.0268 (0.0224)  time: 0.0180  data: 0.0061  max mem: 16496
Passive Test:  [  1010/?]  eta: ?  loss: 0.0259 (0.0224)  time: 0.0182  data: 0.0063  max mem: 16496
Passive Test:  [  1020/?]  eta: ?  loss: 0.0252 (0.0225)  time: 0.0185  data: 0.0065  max mem: 16496
Passive Test:  [  1030/?]  eta: ?  loss: 0.0222 (0.0227)  time: 0.0188  data: 0.0067  max mem: 16496
Passive Test:  [  1040/?]  eta: ?  loss: 0.0214 (0.0227)  time: 0.0187  data: 0.0066  max mem: 16496
Passive Test:  [  1050/?]  eta: ?  loss: 0.0171 (0.0226)  time: 0.0184  data: 0.0065  max mem: 16496
Passive Test:  [  1060/?]  eta: ?  loss: 0.0185 (0.0226)  time: 0.0186  data: 0.0067  max mem: 16496
Passive Test:  [  1070/?]  eta: ?  loss: 0.0185 (0.0226)  time: 0.0183  data: 0.0063  max mem: 16496
Passive Test:  [  1080/?]  eta: ?  loss: 0.0161 (0.0226)  time: 0.0190  data: 0.0071  max mem: 16496
Passive Test:  [  1090/?]  eta: ?  loss: 0.0117 (0.0226)  time: 0.0181  data: 0.0062  max mem: 16496
Passive Test:  [  1100/?]  eta: ?  loss: 0.0112 (0.0227)  time: 0.0179  data: 0.0062  max mem: 16496
Passive Test:  [  1110/?]  eta: ?  loss: 0.0188 (0.0228)  time: 0.0176  data: 0.0058  max mem: 16496
Passive Test:  [  1120/?]  eta: ?  loss: 0.0532 (0.0231)  time: 0.0179  data: 0.0061  max mem: 16496
Passive Test:  [  1130/?]  eta: ?  loss: 0.0565 (0.0233)  time: 0.0179  data: 0.0060  max mem: 16496
Passive Test:  [  1140/?]  eta: ?  loss: 0.0517 (0.0235)  time: 0.0176  data: 0.0057  max mem: 16496
Passive Test:  [  1150/?]  eta: ?  loss: 0.0431 (0.0236)  time: 0.0181  data: 0.0062  max mem: 16496
Passive Test:  [  1160/?]  eta: ?  loss: 0.0176 (0.0239)  time: 0.0174  data: 0.0055  max mem: 16496
Passive Test:  [  1170/?]  eta: ?  loss: 0.0300 (0.0240)  time: 0.0188  data: 0.0068  max mem: 16496
Passive Test:  [  1180/?]  eta: ?  loss: 0.0298 (0.0241)  time: 0.0194  data: 0.0073  max mem: 16496
Passive Test:  [  1190/?]  eta: ?  loss: 0.0298 (0.0244)  time: 0.0193  data: 0.0072  max mem: 16496
Passive Test:  [  1200/?]  eta: ?  loss: 0.0242 (0.0246)  time: 0.0190  data: 0.0069  max mem: 16496
Passive Test:  [  1210/?]  eta: ?  loss: 0.0161 (0.0245)  time: 0.0188  data: 0.0069  max mem: 16496
Passive Test:  [  1220/?]  eta: ?  loss: 0.0073 (0.0244)  time: 0.0186  data: 0.0066  max mem: 16496
Passive Test:  [  1230/?]  eta: ?  loss: 0.0098 (0.0243)  time: 0.0185  data: 0.0064  max mem: 16496
Passive Test:  [  1240/?]  eta: ?  loss: 0.0193 (0.0243)  time: 0.0183  data: 0.0062  max mem: 16496
Passive Test:  [  1250/?]  eta: ?  loss: 0.0207 (0.0242)  time: 0.0183  data: 0.0063  max mem: 16496
Passive Test:  [  1260/?]  eta: ?  loss: 0.0194 (0.0242)  time: 0.0184  data: 0.0064  max mem: 16496
Passive Test:  [  1270/?]  eta: ?  loss: 0.0172 (0.0242)  time: 0.0182  data: 0.0061  max mem: 16496
Passive Test:  [  1280/?]  eta: ?  loss: 0.0157 (0.0241)  time: 0.0182  data: 0.0060  max mem: 16496
Passive Test:  [  1290/?]  eta: ?  loss: 0.0167 (0.0241)  time: 0.0183  data: 0.0061  max mem: 16496
Passive Test:  [  1300/?]  eta: ?  loss: 0.0163 (0.0240)  time: 0.0184  data: 0.0062  max mem: 16496
Passive Test:  [  1310/?]  eta: ?  loss: 0.0153 (0.0240)  time: 0.0183  data: 0.0062  max mem: 16496
Passive Test:  [  1320/?]  eta: ?  loss: 0.0170 (0.0239)  time: 0.0182  data: 0.0059  max mem: 16496
Passive Test:  [  1330/?]  eta: ?  loss: 0.0171 (0.0239)  time: 0.0181  data: 0.0057  max mem: 16496
Passive Test:  [  1340/?]  eta: ?  loss: 0.0164 (0.0239)  time: 0.0178  data: 0.0055  max mem: 16496
Passive Test:  [  1350/?]  eta: ?  loss: 0.0127 (0.0238)  time: 0.0175  data: 0.0051  max mem: 16496
Passive Test:  [  1360/?]  eta: ?  loss: 0.0122 (0.0237)  time: 0.0179  data: 0.0055  max mem: 16496
Passive Test:  [  1370/?]  eta: ?  loss: 0.0124 (0.0237)  time: 0.0183  data: 0.0060  max mem: 16496
Passive Test:  [  1380/?]  eta: ?  loss: 0.0163 (0.0236)  time: 0.0183  data: 0.0061  max mem: 16496
Passive Test:  [  1390/?]  eta: ?  loss: 0.0141 (0.0236)  time: 0.0179  data: 0.0057  max mem: 16496
Passive Test:  [  1400/?]  eta: ?  loss: 0.0131 (0.0235)  time: 0.0178  data: 0.0055  max mem: 16496
Passive Test:  [  1410/?]  eta: ?  loss: 0.0127 (0.0235)  time: 0.0179  data: 0.0055  max mem: 16496
Passive Test:  [  1420/?]  eta: ?  loss: 0.0137 (0.0235)  time: 0.0178  data: 0.0055  max mem: 16496
Passive Test:  [  1430/?]  eta: ?  loss: 0.0151 (0.0234)  time: 0.0183  data: 0.0060  max mem: 16496
Passive Test:  [  1440/?]  eta: ?  loss: 0.0125 (0.0233)  time: 0.0182  data: 0.0059  max mem: 16496
Passive Test:  [  1450/?]  eta: ?  loss: 0.0106 (0.0232)  time: 0.0183  data: 0.0060  max mem: 16496
Passive Test:  [  1460/?]  eta: ?  loss: 0.0089 (0.0232)  time: 0.0185  data: 0.0062  max mem: 16496
Passive Test:  [  1470/?]  eta: ?  loss: 0.0091 (0.0231)  time: 0.0184  data: 0.0063  max mem: 16496
Passive Test:  [  1480/?]  eta: ?  loss: 0.0225 (0.0231)  time: 0.0180  data: 0.0060  max mem: 16496
Passive Test:  [  1490/?]  eta: ?  loss: 0.0225 (0.0231)  time: 0.0175  data: 0.0055  max mem: 16496
Passive Test:  [  1500/?]  eta: ?  loss: 0.0108 (0.0231)  time: 0.0178  data: 0.0058  max mem: 16496
Passive Test:  [  1510/?]  eta: ?  loss: 0.0062 (0.0231)  time: 0.0179  data: 0.0058  max mem: 16496
Passive Test:  [  1520/?]  eta: ?  loss: 0.0101 (0.0231)  time: 0.0182  data: 0.0062  max mem: 16496
Passive Test:  [  1530/?]  eta: ?  loss: 0.0128 (0.0232)  time: 0.0179  data: 0.0059  max mem: 16496
Passive Test:  [  1540/?]  eta: ?  loss: 0.0173 (0.0232)  time: 0.0175  data: 0.0056  max mem: 16496
Passive Test:  [  1550/?]  eta: ?  loss: 0.0184 (0.0233)  time: 0.0178  data: 0.0059  max mem: 16496
Passive Test:  [  1560/?]  eta: ?  loss: 0.0168 (0.0233)  time: 0.0183  data: 0.0064  max mem: 16496
Passive Test:  [  1570/?]  eta: ?  loss: 0.0168 (0.0235)  time: 0.0178  data: 0.0059  max mem: 16496
Passive Test:  [  1580/?]  eta: ?  loss: 0.0170 (0.0236)  time: 0.0175  data: 0.0055  max mem: 16496
Passive Test:  [  1590/?]  eta: ?  loss: 0.0167 (0.0236)  time: 0.0179  data: 0.0058  max mem: 16496
Passive Test:  [  1600/?]  eta: ?  loss: 0.0153 (0.0236)  time: 0.0176  data: 0.0057  max mem: 16496
Passive Test:  [  1610/?]  eta: ?  loss: 0.0132 (0.0235)  time: 0.0179  data: 0.0058  max mem: 16496
Passive Test:  [  1620/?]  eta: ?  loss: 0.0083 (0.0234)  time: 0.0179  data: 0.0059  max mem: 16496
Passive Test:  [  1630/?]  eta: ?  loss: 0.0097 (0.0234)  time: 0.0177  data: 0.0057  max mem: 16496
Passive Test:  [  1640/?]  eta: ?  loss: 0.0134 (0.0233)  time: 0.0177  data: 0.0057  max mem: 16496
Passive Test:  [  1650/?]  eta: ?  loss: 0.0134 (0.0233)  time: 0.0177  data: 0.0056  max mem: 16496
Passive Test:  [  1660/?]  eta: ?  loss: 0.0119 (0.0232)  time: 0.0176  data: 0.0055  max mem: 16496
Passive Test:  [  1670/?]  eta: ?  loss: 0.0119 (0.0232)  time: 0.0177  data: 0.0056  max mem: 16496
Passive Test:  [  1680/?]  eta: ?  loss: 0.0141 (0.0231)  time: 0.0177  data: 0.0056  max mem: 16496
Passive Test:  [  1690/?]  eta: ?  loss: 0.0148 (0.0231)  time: 0.0177  data: 0.0056  max mem: 16496
Passive Test:  [  1700/?]  eta: ?  loss: 0.0113 (0.0230)  time: 0.0181  data: 0.0061  max mem: 16496
Passive Test:  [  1710/?]  eta: ?  loss: 0.0138 (0.0230)  time: 0.0178  data: 0.0057  max mem: 16496
Passive Test:  [  1720/?]  eta: ?  loss: 0.0172 (0.0230)  time: 0.0170  data: 0.0050  max mem: 16496
Passive Test:  [  1730/?]  eta: ?  loss: 0.0172 (0.0230)  time: 0.0172  data: 0.0052  max mem: 16496
Passive Test:  [  1740/?]  eta: ?  loss: 0.0161 (0.0230)  time: 0.0177  data: 0.0056  max mem: 16496
Passive Test:  [  1750/?]  eta: ?  loss: 0.0136 (0.0229)  time: 0.0177  data: 0.0056  max mem: 16496
Passive Test:  [  1760/?]  eta: ?  loss: 0.0131 (0.0229)  time: 0.0178  data: 0.0058  max mem: 16496
Passive Test:  [  1770/?]  eta: ?  loss: 0.0150 (0.0229)  time: 0.0177  data: 0.0058  max mem: 16496
Passive Test:  [  1780/?]  eta: ?  loss: 0.0206 (0.0230)  time: 0.0184  data: 0.0065  max mem: 16496
Passive Test:  [  1790/?]  eta: ?  loss: 0.0218 (0.0231)  time: 0.0178  data: 0.0059  max mem: 16496
Passive Test:  [  1800/?]  eta: ?  loss: 0.0205 (0.0233)  time: 0.0178  data: 0.0059  max mem: 16496
Passive Test:  [  1810/?]  eta: ?  loss: 0.0253 (0.0234)  time: 0.0174  data: 0.0055  max mem: 16496
Passive Test:  [  1820/?]  eta: ?  loss: 0.0294 (0.0237)  time: 0.0178  data: 0.0060  max mem: 16496
Passive Test:  [  1830/?]  eta: ?  loss: 0.0268 (0.0238)  time: 0.0178  data: 0.0060  max mem: 16496
Passive Test:  [  1840/?]  eta: ?  loss: 0.0189 (0.0239)  time: 0.0180  data: 0.0062  max mem: 16496
Passive Test:  [  1850/?]  eta: ?  loss: 0.0181 (0.0238)  time: 0.0183  data: 0.0064  max mem: 16496
Passive Test:  [  1860/?]  eta: ?  loss: 0.0176 (0.0238)  time: 0.0186  data: 0.0067  max mem: 16496
Passive Test:  [  1870/?]  eta: ?  loss: 0.0195 (0.0238)  time: 0.0186  data: 0.0066  max mem: 16496
Passive Test:  [  1880/?]  eta: ?  loss: 0.0217 (0.0238)  time: 0.0180  data: 0.0061  max mem: 16496
Passive Test:  [  1890/?]  eta: ?  loss: 0.0141 (0.0238)  time: 0.0181  data: 0.0062  max mem: 16496
Passive Test:  [  1900/?]  eta: ?  loss: 0.0231 (0.0238)  time: 0.0185  data: 0.0067  max mem: 16496
Passive Test:  [  1910/?]  eta: ?  loss: 0.0240 (0.0239)  time: 0.0184  data: 0.0065  max mem: 16496
Passive Test:  [  1920/?]  eta: ?  loss: 0.0126 (0.0238)  time: 0.0181  data: 0.0060  max mem: 16496
Passive Test:  [  1930/?]  eta: ?  loss: 0.0115 (0.0238)  time: 0.0186  data: 0.0065  max mem: 16496
Passive Test:  [  1940/?]  eta: ?  loss: 0.0116 (0.0238)  time: 0.0188  data: 0.0067  max mem: 16496
Passive Test:  [  1950/?]  eta: ?  loss: 0.0124 (0.0237)  time: 0.0185  data: 0.0064  max mem: 16496
Passive Test:  [  1960/?]  eta: ?  loss: 0.0124 (0.0237)  time: 0.0183  data: 0.0061  max mem: 16496
Passive Test:  [  1970/?]  eta: ?  loss: 0.0103 (0.0236)  time: 0.0184  data: 0.0062  max mem: 16496
Passive Test:  [  1980/?]  eta: ?  loss: 0.0090 (0.0236)  time: 0.0184  data: 0.0063  max mem: 16496
Passive Test:  [  1990/?]  eta: ?  loss: 0.0172 (0.0236)  time: 0.0180  data: 0.0059  max mem: 16496
Passive Test:  [  2000/?]  eta: ?  loss: 0.0269 (0.0237)  time: 0.0176  data: 0.0055  max mem: 16496
Passive Test:  [  2010/?]  eta: ?  loss: 0.0344 (0.0237)  time: 0.0179  data: 0.0057  max mem: 16496
Passive Test:  [  2020/?]  eta: ?  loss: 0.0282 (0.0237)  time: 0.0182  data: 0.0061  max mem: 16496
Passive Test:  [  2030/?]  eta: ?  loss: 0.0219 (0.0238)  time: 0.0182  data: 0.0061  max mem: 16496
Passive Test:  [  2040/?]  eta: ?  loss: 0.0179 (0.0238)  time: 0.0180  data: 0.0059  max mem: 16496
Passive Test:  [  2050/?]  eta: ?  loss: 0.0157 (0.0238)  time: 0.0182  data: 0.0060  max mem: 16496
Passive Test:  [  2060/?]  eta: ?  loss: 0.0176 (0.0239)  time: 0.0184  data: 0.0062  max mem: 16496
Passive Test:  [  2070/?]  eta: ?  loss: 0.0168 (0.0239)  time: 0.0182  data: 0.0060  max mem: 16496
Passive Test:  [  2080/?]  eta: ?  loss: 0.0168 (0.0238)  time: 0.0181  data: 0.0059  max mem: 16496
Passive Test:  [  2090/?]  eta: ?  loss: 0.0177 (0.0238)  time: 0.0182  data: 0.0061  max mem: 16496
Passive Test:  [  2100/?]  eta: ?  loss: 0.0153 (0.0239)  time: 0.0183  data: 0.0062  max mem: 16496
Passive Test:  [  2110/?]  eta: ?  loss: 0.0376 (0.0241)  time: 0.0188  data: 0.0066  max mem: 16496
Passive Test:  [  2120/?]  eta: ?  loss: 0.0567 (0.0243)  time: 0.0187  data: 0.0064  max mem: 16496
Passive Test:  [  2130/?]  eta: ?  loss: 0.0283 (0.0245)  time: 0.0182  data: 0.0060  max mem: 16496
Passive Test:  [  2140/?]  eta: ?  loss: 0.0169 (0.0246)  time: 0.0181  data: 0.0059  max mem: 16496
Passive Test:  [  2150/?]  eta: ?  loss: 0.0315 (0.0248)  time: 0.0177  data: 0.0054  max mem: 16496
Passive Test:  [  2160/?]  eta: ?  loss: 0.0333 (0.0249)  time: 0.0178  data: 0.0057  max mem: 16496
Passive Test:  [  2170/?]  eta: ?  loss: 0.0285 (0.0249)  time: 0.0182  data: 0.0060  max mem: 16496
Passive Test:  [  2180/?]  eta: ?  loss: 0.0245 (0.0249)  time: 0.0182  data: 0.0060  max mem: 16496
Passive Test:  [  2190/?]  eta: ?  loss: 0.0280 (0.0250)  time: 0.0180  data: 0.0058  max mem: 16496
Passive Test:  [  2200/?]  eta: ?  loss: 0.0310 (0.0250)  time: 0.0180  data: 0.0058  max mem: 16496
Passive Test:  [  2210/?]  eta: ?  loss: 0.0268 (0.0251)  time: 0.0178  data: 0.0057  max mem: 16496
Passive Test:  [  2220/?]  eta: ?  loss: 0.0195 (0.0250)  time: 0.0175  data: 0.0053  max mem: 16496
Passive Test:  [  2230/?]  eta: ?  loss: 0.0120 (0.0250)  time: 0.0181  data: 0.0060  max mem: 16496
Passive Test:  [  2240/?]  eta: ?  loss: 0.0096 (0.0250)  time: 0.0186  data: 0.0065  max mem: 16496
Passive Test:  [  2250/?]  eta: ?  loss: 0.0134 (0.0249)  time: 0.0180  data: 0.0058  max mem: 16496
Passive Test:  [  2260/?]  eta: ?  loss: 0.0158 (0.0249)  time: 0.0184  data: 0.0063  max mem: 16496
Passive Test:  [  2270/?]  eta: ?  loss: 0.0181 (0.0249)  time: 0.0184  data: 0.0063  max mem: 16496
Passive Test:  [  2280/?]  eta: ?  loss: 0.0223 (0.0249)  time: 0.0178  data: 0.0059  max mem: 16496
Passive Test:  [  2290/?]  eta: ?  loss: 0.0245 (0.0249)  time: 0.0180  data: 0.0061  max mem: 16496
Passive Test:  [  2300/?]  eta: ?  loss: 0.0245 (0.0250)  time: 0.0177  data: 0.0058  max mem: 16496
Passive Test:  [  2310/?]  eta: ?  loss: 0.0302 (0.0251)  time: 0.0179  data: 0.0060  max mem: 16496
Passive Test:  [  2320/?]  eta: ?  loss: 0.0211 (0.0251)  time: 0.0178  data: 0.0059  max mem: 16496
Passive Test:  [  2330/?]  eta: ?  loss: 0.0174 (0.0251)  time: 0.0175  data: 0.0056  max mem: 16496
Passive Test:  [  2340/?]  eta: ?  loss: 0.0139 (0.0251)  time: 0.0177  data: 0.0057  max mem: 16496
Passive Test:  [  2350/?]  eta: ?  loss: 0.0127 (0.0250)  time: 0.0180  data: 0.0061  max mem: 16496
Passive Test:  [  2360/?]  eta: ?  loss: 0.0127 (0.0250)  time: 0.0179  data: 0.0059  max mem: 16496
Passive Test:  [  2370/?]  eta: ?  loss: 0.0128 (0.0250)  time: 0.0177  data: 0.0057  max mem: 16496
Passive Test:  [  2380/?]  eta: ?  loss: 0.0126 (0.0250)  time: 0.0178  data: 0.0058  max mem: 16496
Passive Test:  [  2390/?]  eta: ?  loss: 0.0126 (0.0249)  time: 0.0178  data: 0.0059  max mem: 16496
Passive Test:  [  2400/?]  eta: ?  loss: 0.0133 (0.0249)  time: 0.0179  data: 0.0061  max mem: 16496
Passive Test:  [  2410/?]  eta: ?  loss: 0.0137 (0.0249)  time: 0.0183  data: 0.0064  max mem: 16496
Passive Test:  [  2420/?]  eta: ?  loss: 0.0239 (0.0249)  time: 0.0190  data: 0.0070  max mem: 16496
Passive Test:  [  2430/?]  eta: ?  loss: 0.0318 (0.0249)  time: 0.0188  data: 0.0066  max mem: 16496
Passive Test:  [  2440/?]  eta: ?  loss: 0.0318 (0.0250)  time: 0.0179  data: 0.0057  max mem: 16496
Passive Test:  [  2450/?]  eta: ?  loss: 0.0384 (0.0251)  time: 0.0178  data: 0.0057  max mem: 16496
Passive Test:  [  2460/?]  eta: ?  loss: 0.0327 (0.0251)  time: 0.0184  data: 0.0063  max mem: 16496
Passive Test:  [  2470/?]  eta: ?  loss: 0.0268 (0.0252)  time: 0.0185  data: 0.0064  max mem: 16496
Passive Test:  [  2480/?]  eta: ?  loss: 0.0289 (0.0252)  time: 0.0178  data: 0.0057  max mem: 16496
Passive Test:  [  2490/?]  eta: ?  loss: 0.0345 (0.0253)  time: 0.0178  data: 0.0058  max mem: 16496
Passive Test:  [  2500/?]  eta: ?  loss: 0.0223 (0.0252)  time: 0.0179  data: 0.0059  max mem: 16496
Passive Test:  [  2510/?]  eta: ?  loss: 0.0135 (0.0252)  time: 0.0177  data: 0.0058  max mem: 16496
Passive Test:  [  2520/?]  eta: ?  loss: 0.0135 (0.0253)  time: 0.0176  data: 0.0056  max mem: 16496
Passive Test:  [  2530/?]  eta: ?  loss: 0.0131 (0.0253)  time: 0.0172  data: 0.0050  max mem: 16496
Passive Test:  [  2540/?]  eta: ?  loss: 0.0127 (0.0253)  time: 0.0176  data: 0.0056  max mem: 16496
Passive Test:  [  2550/?]  eta: ?  loss: 0.0174 (0.0254)  time: 0.0178  data: 0.0057  max mem: 16496
Passive Test:  [  2560/?]  eta: ?  loss: 0.0174 (0.0254)  time: 0.0175  data: 0.0054  max mem: 16496
Passive Test:  [  2570/?]  eta: ?  loss: 0.0124 (0.0255)  time: 0.0176  data: 0.0055  max mem: 16496
Passive Test:  [  2580/?]  eta: ?  loss: 0.0172 (0.0255)  time: 0.0179  data: 0.0059  max mem: 16496
Passive Test:  [  2590/?]  eta: ?  loss: 0.0230 (0.0255)  time: 0.0182  data: 0.0062  max mem: 16496
Passive Test:  [  2600/?]  eta: ?  loss: 0.0230 (0.0255)  time: 0.0178  data: 0.0058  max mem: 16496
Passive Test:  [  2610/?]  eta: ?  loss: 0.0061 (0.0254)  time: 0.0177  data: 0.0058  max mem: 16496
Passive Test:  [  2620/?]  eta: ?  loss: 0.0071 (0.0254)  time: 0.0177  data: 0.0058  max mem: 16496
Passive Test:  [  2630/?]  eta: ?  loss: 0.0071 (0.0253)  time: 0.0176  data: 0.0056  max mem: 16496
Passive Test:  [  2640/?]  eta: ?  loss: 0.0063 (0.0253)  time: 0.0180  data: 0.0059  max mem: 16496
Passive Test:  [  2650/?]  eta: ?  loss: 0.0127 (0.0253)  time: 0.0183  data: 0.0062  max mem: 16496
Passive Test:  [  2660/?]  eta: ?  loss: 0.0161 (0.0253)  time: 0.0173  data: 0.0054  max mem: 16496
Passive Test:  [  2670/?]  eta: ?  loss: 0.0182 (0.0254)  time: 0.0174  data: 0.0054  max mem: 16496
Passive Test:  [  2680/?]  eta: ?  loss: 0.0194 (0.0254)  time: 0.0183  data: 0.0063  max mem: 16496
Passive Test:  [  2690/?]  eta: ?  loss: 0.0372 (0.0254)  time: 0.0180  data: 0.0061  max mem: 16496
Passive Test:  [  2700/?]  eta: ?  loss: 0.0529 (0.0256)  time: 0.0179  data: 0.0059  max mem: 16496
Passive Test:  [  2710/?]  eta: ?  loss: 0.0493 (0.0256)  time: 0.0183  data: 0.0062  max mem: 16496
Passive Test:  [  2720/?]  eta: ?  loss: 0.0322 (0.0257)  time: 0.0188  data: 0.0066  max mem: 16496
Passive Test:  [  2730/?]  eta: ?  loss: 0.0321 (0.0257)  time: 0.0185  data: 0.0063  max mem: 16496
Passive Test:  [  2740/?]  eta: ?  loss: 0.0189 (0.0257)  time: 0.0175  data: 0.0055  max mem: 16496
Passive Test:  [  2750/?]  eta: ?  loss: 0.0208 (0.0257)  time: 0.0178  data: 0.0057  max mem: 16496
Passive Test:  [  2760/?]  eta: ?  loss: 0.0176 (0.0257)  time: 0.0180  data: 0.0059  max mem: 16496
Passive Test:  [  2770/?]  eta: ?  loss: 0.0167 (0.0257)  time: 0.0175  data: 0.0055  max mem: 16496
Passive Test:  [  2780/?]  eta: ?  loss: 0.0144 (0.0257)  time: 0.0179  data: 0.0058  max mem: 16496
Passive Test:  [  2790/?]  eta: ?  loss: 0.0165 (0.0257)  time: 0.0180  data: 0.0060  max mem: 16496
Passive Test:  [  2800/?]  eta: ?  loss: 0.0240 (0.0257)  time: 0.0176  data: 0.0056  max mem: 16496
Passive Test:  [  2810/?]  eta: ?  loss: 0.0240 (0.0257)  time: 0.0180  data: 0.0059  max mem: 16496
Passive Test:  [  2820/?]  eta: ?  loss: 0.0219 (0.0258)  time: 0.0184  data: 0.0062  max mem: 16496
Passive Test:  [  2830/?]  eta: ?  loss: 0.0228 (0.0259)  time: 0.0184  data: 0.0063  max mem: 16496
Passive Test:  [  2840/?]  eta: ?  loss: 0.0098 (0.0259)  time: 0.0183  data: 0.0062  max mem: 16496
Passive Test:  [  2850/?]  eta: ?  loss: 0.0119 (0.0261)  time: 0.0184  data: 0.0063  max mem: 16496
Passive Test:  [  2860/?]  eta: ?  loss: 0.0122 (0.0262)  time: 0.0185  data: 0.0065  max mem: 16496
Passive Test:  [  2870/?]  eta: ?  loss: 0.0138 (0.0264)  time: 0.0186  data: 0.0066  max mem: 16496
Passive Test:  [  2880/?]  eta: ?  loss: 0.0109 (0.0263)  time: 0.0174  data: 0.0052  max mem: 16496
Passive Test:  [  2890/?]  eta: ?  loss: 0.0109 (0.0263)  time: 0.0166  data: 0.0043  max mem: 16496
Passive Test:  [  2900/?]  eta: ?  loss: 0.0126 (0.0263)  time: 0.0173  data: 0.0051  max mem: 16496
Passive Test:  [  2910/?]  eta: ?  loss: 0.0127 (0.0263)  time: 0.0183  data: 0.0061  max mem: 16496
Passive Test:  [  2920/?]  eta: ?  loss: 0.0109 (0.0262)  time: 0.0179  data: 0.0057  max mem: 16496
Passive Test:  [  2930/?]  eta: ?  loss: 0.0111 (0.0262)  time: 0.0183  data: 0.0062  max mem: 16496
Passive Test:  [  2940/?]  eta: ?  loss: 0.0126 (0.0261)  time: 0.0180  data: 0.0059  max mem: 16496
Passive Test:  [  2950/?]  eta: ?  loss: 0.0122 (0.0261)  time: 0.0179  data: 0.0058  max mem: 16496
Passive Test:  [  2960/?]  eta: ?  loss: 0.0155 (0.0261)  time: 0.0189  data: 0.0068  max mem: 16496
Passive Test:  [  2970/?]  eta: ?  loss: 0.0155 (0.0261)  time: 0.0184  data: 0.0064  max mem: 16496
Passive Test:  [  2980/?]  eta: ?  loss: 0.0206 (0.0261)  time: 0.0174  data: 0.0054  max mem: 16496
Passive Test:  [  2990/?]  eta: ?  loss: 0.0219 (0.0261)  time: 0.0184  data: 0.0063  max mem: 16496
Passive Test:  [  3000/?]  eta: ?  loss: 0.0124 (0.0260)  time: 0.0185  data: 0.0062  max mem: 16496
Passive Test:  [  3010/?]  eta: ?  loss: 0.0095 (0.0260)  time: 0.0183  data: 0.0061  max mem: 16496
Passive Test:  [  3020/?]  eta: ?  loss: 0.0103 (0.0259)  time: 0.0182  data: 0.0061  max mem: 16496
Passive Test:  [  3030/?]  eta: ?  loss: 0.0088 (0.0259)  time: 0.0188  data: 0.0068  max mem: 16496
Passive Test:  [  3040/?]  eta: ?  loss: 0.0092 (0.0258)  time: 0.0189  data: 0.0069  max mem: 16496
Passive Test:  [  3050/?]  eta: ?  loss: 0.0112 (0.0258)  time: 0.0177  data: 0.0058  max mem: 16496
Passive Test:  [  3060/?]  eta: ?  loss: 0.0141 (0.0258)  time: 0.0175  data: 0.0056  max mem: 16496
Passive Test:  [  3070/?]  eta: ?  loss: 0.0141 (0.0258)  time: 0.0177  data: 0.0058  max mem: 16496
Passive Test:  [  3080/?]  eta: ?  loss: 0.0133 (0.0257)  time: 0.0176  data: 0.0057  max mem: 16496
Passive Test:  [  3090/?]  eta: ?  loss: 0.0128 (0.0257)  time: 0.0175  data: 0.0056  max mem: 16496
Passive Test:  [  3100/?]  eta: ?  loss: 0.0110 (0.0256)  time: 0.0184  data: 0.0065  max mem: 16496
Passive Test:  [  3110/?]  eta: ?  loss: 0.0106 (0.0256)  time: 0.0201  data: 0.0082  max mem: 16496
Passive Test:  [  3120/?]  eta: ?  loss: 0.0093 (0.0256)  time: 0.0204  data: 0.0084  max mem: 16496
Passive Test:  [  3130/?]  eta: ?  loss: 0.0164 (0.0255)  time: 0.0208  data: 0.0089  max mem: 16496
Passive Test:  [  3140/?]  eta: ?  loss: 0.0164 (0.0255)  time: 0.0209  data: 0.0088  max mem: 16496
Passive Test:  [  3150/?]  eta: ?  loss: 0.0233 (0.0255)  time: 0.0200  data: 0.0080  max mem: 16496
Passive Test:  [  3160/?]  eta: ?  loss: 0.0273 (0.0256)  time: 0.0205  data: 0.0086  max mem: 16496
Passive Test:  [  3170/?]  eta: ?  loss: 0.0192 (0.0255)  time: 0.0200  data: 0.0081  max mem: 16496
Passive Test:  [  3180/?]  eta: ?  loss: 0.0103 (0.0255)  time: 0.0203  data: 0.0083  max mem: 16496
Passive Test: Total time: 0:00:59 (0.0187 s / it)
* loss 0.025
  ACTIVE Test MAE (years): 1.9434 (n=35,284)
  PASSIVE Test MAE (years): 2.0300 (n=204,188)
  → Epoch  15/50 | Train Loss: 0.0038 | Val Loss: 0.0253 | Train score (1/(1+norm_MAE)): 0.9632 | Val MAE (years): 2.0169 | LR: 0.000002
Best val MAE (years): 1.9149, test MAE at best val: 1.8538
  Test segment MAE: 2.0018 | participant median MAE: 1.7168 | participant mean MAE: 1.7077
Epoch: [15]  [     0/?]  eta: ?  lr: 0.000443  min_lr: 0.000002  loss: 0.0044 (0.0044)  class_acc: 0.9612 (0.9612)  loss_scale: 4294967296.0000 (4294967296.0000)  weight_decay: 0.0500 (0.0500)  grad_norm: 2.5198 (2.5198)  time: 5.7864  data: 5.3639  max mem: 16496
Epoch: [15]  [   500/?]  eta: ?  lr: 0.000443  min_lr: 0.000002  loss: 0.0034 (0.0036)  class_acc: 0.9652 (0.9643)  loss_scale: 4294967296.0000 (4294967296.0000)  weight_decay: 0.0500 (0.0500)  grad_norm: 1.2034 (1.2884)  time: 0.4278  data: 0.0002  max mem: 16496
Epoch: [15]  [  1000/?]  eta: ?  lr: 0.000443  min_lr: 0.000002  loss: 0.0034 (0.0035)  class_acc: 0.9648 (0.9645)  loss_scale: 4294967296.0000 (4294967296.0000)  weight_decay: 0.0500 (0.0500)  grad_norm: 1.1991 (1.2830)  time: 0.4223  data: 0.0002  max mem: 16496
Epoch: [15]  [  1500/?]  eta: ?  lr: 0.000443  min_lr: 0.000002  loss: 0.0031 (0.0035)  class_acc: 0.9656 (0.9647)  loss_scale: 8589934592.0000 (4529602418.0999)  weight_decay: 0.0500 (0.0500)  grad_norm: 0.9769 (1.3126)  time: 0.4280  data: 0.0002  max mem: 16496
Epoch: [15]  [  2000/?]  eta: ?  lr: 0.000442  min_lr: 0.000002  loss: 0.0029 (0.0035)  class_acc: 0.9662 (0.9649)  loss_scale: 8589934592.0000 (5544178173.6972)  weight_decay: 0.0500 (0.0500)  grad_norm: 1.0328 (1.2975)  time: 0.4311  data: 0.0002  max mem: 16496
Epoch: [15] Total time: 0:15:45 (0.4355 s / it)
Val:  [     0/?]  eta: ?  loss: 0.0403 (0.0403)  time: 2.2925  data: 2.1266  max mem: 16496
Val:  [    10/?]  eta: ?  loss: 0.0200 (0.0291)  time: 0.3603  data: 0.1936  max mem: 16496
Val:  [    20/?]  eta: ?  loss: 0.0188 (0.0237)  time: 0.1671  data: 0.0004  max mem: 16496
Val:  [    30/?]  eta: ?  loss: 0.0137 (0.0223)  time: 0.1672  data: 0.0004  max mem: 16496
Val:  [    40/?]  eta: ?  loss: 0.0185 (0.0232)  time: 0.1673  data: 0.0003  max mem: 16496
Val:  [    50/?]  eta: ?  loss: 0.0255 (0.0237)  time: 0.1673  data: 0.0003  max mem: 16496
Val:  [    60/?]  eta: ?  loss: 0.0255 (0.0277)  time: 0.1673  data: 0.0003  max mem: 16496
Val:  [    70/?]  eta: ?  loss: 0.0232 (0.0275)  time: 0.1673  data: 0.0003  max mem: 16496
Val:  [    80/?]  eta: ?  loss: 0.0252 (0.0278)  time: 0.1673  data: 0.0003  max mem: 16496
Val:  [    90/?]  eta: ?  loss: 0.0254 (0.0271)  time: 0.1673  data: 0.0003  max mem: 16496
Val:  [   100/?]  eta: ?  loss: 0.0212 (0.0265)  time: 0.1673  data: 0.0003  max mem: 16496
Val:  [   110/?]  eta: ?  loss: 0.0212 (0.0261)  time: 0.1673  data: 0.0003  max mem: 16496
Val:  [   120/?]  eta: ?  loss: 0.0212 (0.0268)  time: 0.1674  data: 0.0003  max mem: 16496
Val:  [   130/?]  eta: ?  loss: 0.0236 (0.0267)  time: 0.1674  data: 0.0004  max mem: 16496
Val:  [   140/?]  eta: ?  loss: 0.0236 (0.0268)  time: 0.1674  data: 0.0004  max mem: 16496
Val:  [   150/?]  eta: ?  loss: 0.0202 (0.0270)  time: 0.1674  data: 0.0003  max mem: 16496
Val:  [   160/?]  eta: ?  loss: 0.0184 (0.0270)  time: 0.1674  data: 0.0003  max mem: 16496
Val:  [   170/?]  eta: ?  loss: 0.0225 (0.0269)  time: 0.1675  data: 0.0004  max mem: 16496
Val:  [   180/?]  eta: ?  loss: 0.0225 (0.0267)  time: 0.1675  data: 0.0004  max mem: 16496
Val:  [   190/?]  eta: ?  loss: 0.0147 (0.0262)  time: 0.1674  data: 0.0003  max mem: 16496
Val:  [   200/?]  eta: ?  loss: 0.0140 (0.0262)  time: 0.1675  data: 0.0003  max mem: 16496
Val:  [   210/?]  eta: ?  loss: 0.0219 (0.0263)  time: 0.1675  data: 0.0004  max mem: 16496
Val:  [   220/?]  eta: ?  loss: 0.0190 (0.0260)  time: 0.1675  data: 0.0004  max mem: 16496
Val:  [   230/?]  eta: ?  loss: 0.0182 (0.0260)  time: 0.1675  data: 0.0003  max mem: 16496
Val:  [   240/?]  eta: ?  loss: 0.0176 (0.0260)  time: 0.1675  data: 0.0003  max mem: 16496
Val:  [   250/?]  eta: ?  loss: 0.0178 (0.0264)  time: 0.1675  data: 0.0003  max mem: 16496
Val:  [   260/?]  eta: ?  loss: 0.0180 (0.0265)  time: 0.1675  data: 0.0003  max mem: 16496
Val:  [   270/?]  eta: ?  loss: 0.0237 (0.0266)  time: 0.1675  data: 0.0003  max mem: 16496
Val:  [   280/?]  eta: ?  loss: 0.0234 (0.0266)  time: 0.1676  data: 0.0003  max mem: 16496
Val:  [   290/?]  eta: ?  loss: 0.0162 (0.0263)  time: 0.1675  data: 0.0003  max mem: 16496
Val:  [   300/?]  eta: ?  loss: 0.0166 (0.0261)  time: 0.1674  data: 0.0003  max mem: 16496
Val:  [   310/?]  eta: ?  loss: 0.0174 (0.0259)  time: 0.1660  data: 0.0003  max mem: 16496
Val: Total time: 0:00:54 (0.1742 s / it)
* loss 0.026
Test:  [     0/?]  eta: ?  loss: 0.0146 (0.0146)  time: 2.9195  data: 2.7538  max mem: 16496
Test:  [    10/?]  eta: ?  loss: 0.0213 (0.0223)  time: 0.4174  data: 0.2507  max mem: 16496
Test:  [    20/?]  eta: ?  loss: 0.0161 (0.0197)  time: 0.1673  data: 0.0004  max mem: 16496
Test:  [    30/?]  eta: ?  loss: 0.0145 (0.0194)  time: 0.1675  data: 0.0003  max mem: 16496
Test:  [    40/?]  eta: ?  loss: 0.0183 (0.0199)  time: 0.1675  data: 0.0003  max mem: 16496
Test:  [    50/?]  eta: ?  loss: 0.0183 (0.0197)  time: 0.1674  data: 0.0004  max mem: 16496
Test:  [    60/?]  eta: ?  loss: 0.0155 (0.0190)  time: 0.1674  data: 0.0004  max mem: 16496
Test:  [    70/?]  eta: ?  loss: 0.0149 (0.0187)  time: 0.1674  data: 0.0003  max mem: 16496
Test:  [    80/?]  eta: ?  loss: 0.0157 (0.0188)  time: 0.1674  data: 0.0004  max mem: 16496
Test:  [    90/?]  eta: ?  loss: 0.0230 (0.0199)  time: 0.1674  data: 0.0003  max mem: 16496
Test:  [   100/?]  eta: ?  loss: 0.0233 (0.0209)  time: 0.1673  data: 0.0003  max mem: 16496
Test:  [   110/?]  eta: ?  loss: 0.0212 (0.0212)  time: 0.1674  data: 0.0003  max mem: 16496
Test:  [   120/?]  eta: ?  loss: 0.0201 (0.0220)  time: 0.1673  data: 0.0003  max mem: 16496
Test:  [   130/?]  eta: ?  loss: 0.0201 (0.0219)  time: 0.1673  data: 0.0003  max mem: 16496
Test:  [   140/?]  eta: ?  loss: 0.0193 (0.0225)  time: 0.1674  data: 0.0003  max mem: 16496
Test:  [   150/?]  eta: ?  loss: 0.0231 (0.0229)  time: 0.1674  data: 0.0003  max mem: 16496
Test:  [   160/?]  eta: ?  loss: 0.0231 (0.0229)  time: 0.1674  data: 0.0003  max mem: 16496
Test:  [   170/?]  eta: ?  loss: 0.0196 (0.0235)  time: 0.1674  data: 0.0003  max mem: 16496
Test:  [   180/?]  eta: ?  loss: 0.0202 (0.0236)  time: 0.1674  data: 0.0003  max mem: 16496
Test:  [   190/?]  eta: ?  loss: 0.0202 (0.0234)  time: 0.1673  data: 0.0003  max mem: 16496
Test:  [   200/?]  eta: ?  loss: 0.0182 (0.0236)  time: 0.1673  data: 0.0003  max mem: 16496
Test:  [   210/?]  eta: ?  loss: 0.0181 (0.0236)  time: 0.1673  data: 0.0003  max mem: 16496
Test:  [   220/?]  eta: ?  loss: 0.0167 (0.0239)  time: 0.1674  data: 0.0003  max mem: 16496
Test:  [   230/?]  eta: ?  loss: 0.0215 (0.0239)  time: 0.1674  data: 0.0003  max mem: 16496
Test:  [   240/?]  eta: ?  loss: 0.0215 (0.0237)  time: 0.1674  data: 0.0003  max mem: 16496
Test:  [   250/?]  eta: ?  loss: 0.0135 (0.0235)  time: 0.1674  data: 0.0003  max mem: 16496
Test:  [   260/?]  eta: ?  loss: 0.0154 (0.0234)  time: 0.1673  data: 0.0003  max mem: 16496
Test:  [   270/?]  eta: ?  loss: 0.0182 (0.0234)  time: 0.1673  data: 0.0003  max mem: 16496
Test:  [   280/?]  eta: ?  loss: 0.0193 (0.0239)  time: 0.1673  data: 0.0003  max mem: 16496
Test:  [   290/?]  eta: ?  loss: 0.0192 (0.0239)  time: 0.1674  data: 0.0003  max mem: 16496
Test:  [   300/?]  eta: ?  loss: 0.0293 (0.0243)  time: 0.1674  data: 0.0003  max mem: 16496
Test:  [   310/?]  eta: ?  loss: 0.0367 (0.0251)  time: 0.1336  data: 0.0003  max mem: 16496
Test: Total time: 0:00:54 (0.1736 s / it)
* loss 0.025
  → Epoch  16/50 | Train Loss: 0.0035 | Val Loss: 0.0259 | Train score (1/(1+norm_MAE)): 0.9649 | Val MAE (years): 2.0506 | LR: 0.000002
Best val MAE (years): 1.9149, test MAE at best val: 1.8538
  Test segment MAE: 2.0233 | participant median MAE: 1.7340 | participant mean MAE: 1.7325
Epoch: [16]  [     0/?]  eta: ?  lr: 0.000431  min_lr: 0.000002  loss: 0.0042 (0.0042)  class_acc: 0.9621 (0.9621)  loss_scale: 8589934592.0000 (8589934592.0000)  weight_decay: 0.0500 (0.0500)  grad_norm: 1.4407 (1.4407)  time: 8.2010  data: 7.7661  max mem: 16496
Epoch: [16]  [   500/?]  eta: ?  lr: 0.000431  min_lr: 0.000002  loss: 0.0034 (0.0034)  class_acc: 0.9656 (0.9656)  loss_scale: 8589934592.0000 (8589934592.0000)  weight_decay: 0.0500 (0.0500)  grad_norm: 1.1646 (1.2557)  time: 0.4257  data: 0.0004  max mem: 16496
Epoch: [16]  [  1000/?]  eta: ?  lr: 0.000431  min_lr: 0.000002  loss: 0.0035 (0.0034)  class_acc: 0.9659 (0.9658)  loss_scale: 8589934592.0000 (8589934592.0000)  weight_decay: 0.0500 (0.0500)  grad_norm: 1.2218 (1.2608)  time: 0.4299  data: 0.0004  max mem: 16496
Epoch: [16]  [  1500/?]  eta: ?  lr: 0.000431  min_lr: 0.000002  loss: 0.0029 (0.0033)  class_acc: 0.9671 (0.9659)  loss_scale: 17179869184.0000 (10043527787.4484)  weight_decay: 0.0500 (0.0500)  grad_norm: 1.1005 (1.2469)  time: 0.4278  data: 0.0002  max mem: 16496
Epoch: [16]  [  2000/?]  eta: ?  lr: 0.000431  min_lr: 0.000002  loss: 0.0030 (0.0033)  class_acc: 0.9669 (0.9662)  loss_scale: 17179869184.0000 (11826721539.7101)  weight_decay: 0.0500 (0.0500)  grad_norm: 1.1470 (1.2373)  time: 0.4270  data: 0.0002  max mem: 16496
Epoch: [16] Total time: 0:15:48 (0.4366 s / it)
Val:  [     0/?]  eta: ?  loss: 0.0403 (0.0403)  time: 2.9255  data: 2.7593  max mem: 16496
Val:  [    10/?]  eta: ?  loss: 0.0222 (0.0286)  time: 0.4179  data: 0.2512  max mem: 16496
Val:  [    20/?]  eta: ?  loss: 0.0162 (0.0236)  time: 0.1673  data: 0.0004  max mem: 16496
Val:  [    30/?]  eta: ?  loss: 0.0136 (0.0217)  time: 0.1675  data: 0.0004  max mem: 16496
Val:  [    40/?]  eta: ?  loss: 0.0194 (0.0231)  time: 0.1674  data: 0.0004  max mem: 16496
Val:  [    50/?]  eta: ?  loss: 0.0256 (0.0241)  time: 0.1674  data: 0.0003  max mem: 16496
Val:  [    60/?]  eta: ?  loss: 0.0247 (0.0282)  time: 0.1674  data: 0.0003  max mem: 16496
Val:  [    70/?]  eta: ?  loss: 0.0154 (0.0275)  time: 0.1675  data: 0.0003  max mem: 16496
Val:  [    80/?]  eta: ?  loss: 0.0220 (0.0277)  time: 0.1675  data: 0.0003  max mem: 16496
Val:  [    90/?]  eta: ?  loss: 0.0226 (0.0272)  time: 0.1674  data: 0.0003  max mem: 16496
Val:  [   100/?]  eta: ?  loss: 0.0206 (0.0270)  time: 0.1674  data: 0.0003  max mem: 16496
Val:  [   110/?]  eta: ?  loss: 0.0204 (0.0267)  time: 0.1675  data: 0.0003  max mem: 16496
Val:  [   120/?]  eta: ?  loss: 0.0204 (0.0272)  time: 0.1676  data: 0.0003  max mem: 16496
Val:  [   130/?]  eta: ?  loss: 0.0220 (0.0270)  time: 0.1675  data: 0.0003  max mem: 16496
Val:  [   140/?]  eta: ?  loss: 0.0220 (0.0271)  time: 0.1675  data: 0.0003  max mem: 16496
Val:  [   150/?]  eta: ?  loss: 0.0205 (0.0273)  time: 0.1675  data: 0.0003  max mem: 16496
Val:  [   160/?]  eta: ?  loss: 0.0192 (0.0273)  time: 0.1675  data: 0.0003  max mem: 16496
Val:  [   170/?]  eta: ?  loss: 0.0204 (0.0272)  time: 0.1675  data: 0.0003  max mem: 16496
Val:  [   180/?]  eta: ?  loss: 0.0226 (0.0269)  time: 0.1677  data: 0.0004  max mem: 16496
Val:  [   190/?]  eta: ?  loss: 0.0127 (0.0264)  time: 0.1677  data: 0.0004  max mem: 16496
Val:  [   200/?]  eta: ?  loss: 0.0128 (0.0264)  time: 0.1676  data: 0.0003  max mem: 16496
Val:  [   210/?]  eta: ?  loss: 0.0260 (0.0265)  time: 0.1676  data: 0.0003  max mem: 16496
Val:  [   220/?]  eta: ?  loss: 0.0192 (0.0262)  time: 0.1676  data: 0.0003  max mem: 16496
Val:  [   230/?]  eta: ?  loss: 0.0175 (0.0262)  time: 0.1676  data: 0.0003  max mem: 16496
Val:  [   240/?]  eta: ?  loss: 0.0156 (0.0261)  time: 0.1676  data: 0.0003  max mem: 16496
Val:  [   250/?]  eta: ?  loss: 0.0182 (0.0264)  time: 0.1675  data: 0.0003  max mem: 16496
Val:  [   260/?]  eta: ?  loss: 0.0186 (0.0266)  time: 0.1676  data: 0.0003  max mem: 16496
Val:  [   270/?]  eta: ?  loss: 0.0295 (0.0270)  time: 0.1676  data: 0.0003  max mem: 16496
Val:  [   280/?]  eta: ?  loss: 0.0289 (0.0271)  time: 0.1676  data: 0.0003  max mem: 16496
Val:  [   290/?]  eta: ?  loss: 0.0214 (0.0269)  time: 0.1676  data: 0.0003  max mem: 16496
Val:  [   300/?]  eta: ?  loss: 0.0164 (0.0267)  time: 0.1676  data: 0.0003  max mem: 16496
Val:  [   310/?]  eta: ?  loss: 0.0194 (0.0265)  time: 0.1660  data: 0.0003  max mem: 16496
Val: Total time: 0:00:55 (0.1763 s / it)
* loss 0.026
Test:  [     0/?]  eta: ?  loss: 0.0143 (0.0143)  time: 2.2061  data: 2.0402  max mem: 16496
Test:  [    10/?]  eta: ?  loss: 0.0182 (0.0218)  time: 0.3527  data: 0.1858  max mem: 16496
Test:  [    20/?]  eta: ?  loss: 0.0161 (0.0198)  time: 0.1674  data: 0.0003  max mem: 16496
Test:  [    30/?]  eta: ?  loss: 0.0167 (0.0196)  time: 0.1676  data: 0.0003  max mem: 16496
Test:  [    40/?]  eta: ?  loss: 0.0178 (0.0199)  time: 0.1676  data: 0.0003  max mem: 16496
Test:  [    50/?]  eta: ?  loss: 0.0184 (0.0198)  time: 0.1676  data: 0.0003  max mem: 16496
Test:  [    60/?]  eta: ?  loss: 0.0154 (0.0188)  time: 0.1675  data: 0.0003  max mem: 16496
Test:  [    70/?]  eta: ?  loss: 0.0130 (0.0189)  time: 0.1675  data: 0.0003  max mem: 16496
Test:  [    80/?]  eta: ?  loss: 0.0161 (0.0191)  time: 0.1675  data: 0.0003  max mem: 16496
Test:  [    90/?]  eta: ?  loss: 0.0220 (0.0202)  time: 0.1678  data: 0.0003  max mem: 16496
Test:  [   100/?]  eta: ?  loss: 0.0232 (0.0211)  time: 0.1678  data: 0.0003  max mem: 16496
Test:  [   110/?]  eta: ?  loss: 0.0232 (0.0214)  time: 0.1676  data: 0.0003  max mem: 16496
Test:  [   120/?]  eta: ?  loss: 0.0191 (0.0219)  time: 0.1675  data: 0.0003  max mem: 16496
Test:  [   130/?]  eta: ?  loss: 0.0191 (0.0217)  time: 0.1675  data: 0.0003  max mem: 16496
Test:  [   140/?]  eta: ?  loss: 0.0191 (0.0223)  time: 0.1676  data: 0.0003  max mem: 16496
Test:  [   150/?]  eta: ?  loss: 0.0285 (0.0229)  time: 0.1676  data: 0.0003  max mem: 16496
Test:  [   160/?]  eta: ?  loss: 0.0241 (0.0228)  time: 0.1676  data: 0.0003  max mem: 16496
Test:  [   170/?]  eta: ?  loss: 0.0214 (0.0234)  time: 0.1676  data: 0.0003  max mem: 16496
Test:  [   180/?]  eta: ?  loss: 0.0220 (0.0236)  time: 0.1676  data: 0.0003  max mem: 16496
Test:  [   190/?]  eta: ?  loss: 0.0226 (0.0233)  time: 0.1675  data: 0.0003  max mem: 16496
Test:  [   200/?]  eta: ?  loss: 0.0209 (0.0236)  time: 0.1675  data: 0.0003  max mem: 16496
Test:  [   210/?]  eta: ?  loss: 0.0209 (0.0237)  time: 0.1676  data: 0.0003  max mem: 16496
Test:  [   220/?]  eta: ?  loss: 0.0149 (0.0239)  time: 0.1676  data: 0.0003  max mem: 16496
Test:  [   230/?]  eta: ?  loss: 0.0189 (0.0239)  time: 0.1676  data: 0.0003  max mem: 16496
Test:  [   240/?]  eta: ?  loss: 0.0203 (0.0238)  time: 0.1676  data: 0.0003  max mem: 16496
Test:  [   250/?]  eta: ?  loss: 0.0175 (0.0236)  time: 0.1676  data: 0.0003  max mem: 16496
Test:  [   260/?]  eta: ?  loss: 0.0175 (0.0238)  time: 0.1676  data: 0.0003  max mem: 16496
Test:  [   270/?]  eta: ?  loss: 0.0226 (0.0238)  time: 0.1675  data: 0.0003  max mem: 16496
Test:  [   280/?]  eta: ?  loss: 0.0205 (0.0245)  time: 0.1677  data: 0.0003  max mem: 16496
Test:  [   290/?]  eta: ?  loss: 0.0189 (0.0245)  time: 0.1677  data: 0.0003  max mem: 16496
Test:  [   300/?]  eta: ?  loss: 0.0268 (0.0248)  time: 0.1676  data: 0.0003  max mem: 16496
Test:  [   310/?]  eta: ?  loss: 0.0339 (0.0258)  time: 0.1337  data: 0.0003  max mem: 16496
Test: Total time: 0:00:53 (0.1716 s / it)
* loss 0.026
  → Epoch  17/50 | Train Loss: 0.0033 | Val Loss: 0.0264 | Train score (1/(1+norm_MAE)): 0.9662 | Val MAE (years): 2.0647 | LR: 0.000002
Best val MAE (years): 1.9149, test MAE at best val: 1.8538
  Test segment MAE: 2.0311 | participant median MAE: 1.7344 | participant mean MAE: 1.7271
Epoch: [17]  [     0/?]  eta: ?  lr: 0.000419  min_lr: 0.000002  loss: 0.0041 (0.0041)  class_acc: 0.9641 (0.9641)  loss_scale: 17179869184.0000 (17179869184.0000)  weight_decay: 0.0500 (0.0500)  grad_norm: 2.9971 (2.9971)  time: 8.2841  data: 7.8441  max mem: 16496
Epoch: [17]  [   500/?]  eta: ?  lr: 0.000419  min_lr: 0.000002  loss: 0.0030 (0.0031)  class_acc: 0.9679 (0.9672)  loss_scale: 17179869184.0000 (17179869184.0000)  weight_decay: 0.0500 (0.0500)  grad_norm: 1.1831 (1.2117)  time: 0.4278  data: 0.0003  max mem: 16496
Epoch: [17]  [  1000/?]  eta: ?  lr: 0.000419  min_lr: 0.000002  loss: 0.0029 (0.0031)  class_acc: 0.9676 (0.9673)  loss_scale: 17179869184.0000 (17179869184.0000)  weight_decay: 0.0500 (0.0500)  grad_norm: 0.9892 (1.2346)  time: 0.4296  data: 0.0002  max mem: 16496
Epoch: [17]  [  1500/?]  eta: ?  lr: 0.000419  min_lr: 0.000002  loss: 0.0026 (0.0031)  class_acc: 0.9684 (0.9674)  loss_scale: 34359738368.0000 (22055701477.3937)  weight_decay: 0.0500 (0.0500)  grad_norm: 0.9392 (1.2475)  time: 0.4279  data: 0.0002  max mem: 16496
Epoch: [17]  [  2000/?]  eta: ?  lr: 0.000419  min_lr: 0.000002  loss: 0.0030 (0.0031)  class_acc: 0.9673 (0.9676)  loss_scale: 34359738368.0000 (25130173464.0520)  weight_decay: 0.0500 (0.0500)  grad_norm: 0.9939 (1.2480)  time: 0.4325  data: 0.0002  max mem: 16496
Epoch: [17] Total time: 0:15:49 (0.4370 s / it)
Val:  [     0/?]  eta: ?  loss: 0.0355 (0.0355)  time: 2.3070  data: 2.1418  max mem: 16496
Val:  [    10/?]  eta: ?  loss: 0.0205 (0.0289)  time: 0.3616  data: 0.1949  max mem: 16496
Val:  [    20/?]  eta: ?  loss: 0.0163 (0.0233)  time: 0.1671  data: 0.0002  max mem: 16496
Val:  [    30/?]  eta: ?  loss: 0.0145 (0.0224)  time: 0.1672  data: 0.0002  max mem: 16496
Val:  [    40/?]  eta: ?  loss: 0.0203 (0.0233)  time: 0.1672  data: 0.0002  max mem: 16496
Val:  [    50/?]  eta: ?  loss: 0.0239 (0.0244)  time: 0.1672  data: 0.0002  max mem: 16496
Val:  [    60/?]  eta: ?  loss: 0.0239 (0.0280)  time: 0.1672  data: 0.0002  max mem: 16496
Val:  [    70/?]  eta: ?  loss: 0.0181 (0.0274)  time: 0.1671  data: 0.0002  max mem: 16496
Val:  [    80/?]  eta: ?  loss: 0.0217 (0.0277)  time: 0.1672  data: 0.0002  max mem: 16496
Val:  [    90/?]  eta: ?  loss: 0.0230 (0.0270)  time: 0.1672  data: 0.0003  max mem: 16496
Val:  [   100/?]  eta: ?  loss: 0.0230 (0.0266)  time: 0.1672  data: 0.0003  max mem: 16496
Val:  [   110/?]  eta: ?  loss: 0.0210 (0.0263)  time: 0.1673  data: 0.0003  max mem: 16496
Val:  [   120/?]  eta: ?  loss: 0.0206 (0.0270)  time: 0.1673  data: 0.0003  max mem: 16496
Val:  [   130/?]  eta: ?  loss: 0.0237 (0.0268)  time: 0.1674  data: 0.0003  max mem: 16496
Val:  [   140/?]  eta: ?  loss: 0.0211 (0.0270)  time: 0.1674  data: 0.0003  max mem: 16496
Val:  [   150/?]  eta: ?  loss: 0.0201 (0.0272)  time: 0.1674  data: 0.0003  max mem: 16496
Val:  [   160/?]  eta: ?  loss: 0.0194 (0.0274)  time: 0.1675  data: 0.0004  max mem: 16496
Val:  [   170/?]  eta: ?  loss: 0.0199 (0.0272)  time: 0.1675  data: 0.0004  max mem: 16496
Val:  [   180/?]  eta: ?  loss: 0.0199 (0.0270)  time: 0.1674  data: 0.0004  max mem: 16496
Val:  [   190/?]  eta: ?  loss: 0.0139 (0.0265)  time: 0.1674  data: 0.0003  max mem: 16496
Val:  [   200/?]  eta: ?  loss: 0.0158 (0.0265)  time: 0.1674  data: 0.0003  max mem: 16496
Val:  [   210/?]  eta: ?  loss: 0.0238 (0.0265)  time: 0.1673  data: 0.0003  max mem: 16496
Val:  [   220/?]  eta: ?  loss: 0.0179 (0.0262)  time: 0.1674  data: 0.0003  max mem: 16496
Val:  [   230/?]  eta: ?  loss: 0.0164 (0.0262)  time: 0.1676  data: 0.0004  max mem: 16496
Val:  [   240/?]  eta: ?  loss: 0.0164 (0.0261)  time: 0.1676  data: 0.0004  max mem: 16496
Val:  [   250/?]  eta: ?  loss: 0.0146 (0.0264)  time: 0.1674  data: 0.0003  max mem: 16496
Val:  [   260/?]  eta: ?  loss: 0.0180 (0.0265)  time: 0.1674  data: 0.0003  max mem: 16496
Val:  [   270/?]  eta: ?  loss: 0.0250 (0.0267)  time: 0.1674  data: 0.0003  max mem: 16496
Val:  [   280/?]  eta: ?  loss: 0.0251 (0.0268)  time: 0.1675  data: 0.0003  max mem: 16496
Val:  [   290/?]  eta: ?  loss: 0.0167 (0.0265)  time: 0.1675  data: 0.0003  max mem: 16496
Val:  [   300/?]  eta: ?  loss: 0.0146 (0.0263)  time: 0.1674  data: 0.0003  max mem: 16496
Val:  [   310/?]  eta: ?  loss: 0.0169 (0.0261)  time: 0.1659  data: 0.0003  max mem: 16496
Val: Total time: 0:00:54 (0.1741 s / it)
* loss 0.026
Test:  [     0/?]  eta: ?  loss: 0.0120 (0.0120)  time: 2.0565  data: 1.8909  max mem: 16496
Test:  [    10/?]  eta: ?  loss: 0.0196 (0.0220)  time: 0.3390  data: 0.1722  max mem: 16496
Test:  [    20/?]  eta: ?  loss: 0.0134 (0.0196)  time: 0.1673  data: 0.0003  max mem: 16496
Test:  [    30/?]  eta: ?  loss: 0.0141 (0.0196)  time: 0.1674  data: 0.0003  max mem: 16496
Test:  [    40/?]  eta: ?  loss: 0.0196 (0.0200)  time: 0.1674  data: 0.0003  max mem: 16496
Test:  [    50/?]  eta: ?  loss: 0.0179 (0.0197)  time: 0.1674  data: 0.0003  max mem: 16496
Test:  [    60/?]  eta: ?  loss: 0.0152 (0.0186)  time: 0.1674  data: 0.0003  max mem: 16496
Test:  [    70/?]  eta: ?  loss: 0.0132 (0.0186)  time: 0.1674  data: 0.0003  max mem: 16496
Test:  [    80/?]  eta: ?  loss: 0.0166 (0.0186)  time: 0.1674  data: 0.0003  max mem: 16496
Test:  [    90/?]  eta: ?  loss: 0.0221 (0.0198)  time: 0.1788  data: 0.0118  max mem: 16496
Test:  [   100/?]  eta: ?  loss: 0.0253 (0.0210)  time: 0.1808  data: 0.0140  max mem: 16496
Test:  [   110/?]  eta: ?  loss: 0.0245 (0.0213)  time: 0.1693  data: 0.0025  max mem: 16496
Test:  [   120/?]  eta: ?  loss: 0.0216 (0.0219)  time: 0.1673  data: 0.0003  max mem: 16496
Test:  [   130/?]  eta: ?  loss: 0.0187 (0.0219)  time: 0.1672  data: 0.0003  max mem: 16496
Test:  [   140/?]  eta: ?  loss: 0.0187 (0.0224)  time: 0.1672  data: 0.0003  max mem: 16496
Test:  [   150/?]  eta: ?  loss: 0.0259 (0.0232)  time: 0.1674  data: 0.0003  max mem: 16496
Test:  [   160/?]  eta: ?  loss: 0.0259 (0.0231)  time: 0.1675  data: 0.0004  max mem: 16496
Test:  [   170/?]  eta: ?  loss: 0.0200 (0.0235)  time: 0.1674  data: 0.0004  max mem: 16496
Test:  [   180/?]  eta: ?  loss: 0.0203 (0.0238)  time: 0.1673  data: 0.0003  max mem: 16496
Test:  [   190/?]  eta: ?  loss: 0.0220 (0.0235)  time: 0.1673  data: 0.0003  max mem: 16496
Test:  [   200/?]  eta: ?  loss: 0.0191 (0.0238)  time: 0.1674  data: 0.0003  max mem: 16496
Test:  [   210/?]  eta: ?  loss: 0.0190 (0.0238)  time: 0.1674  data: 0.0003  max mem: 16496
Test:  [   220/?]  eta: ?  loss: 0.0156 (0.0240)  time: 0.1673  data: 0.0003  max mem: 16496
Test:  [   230/?]  eta: ?  loss: 0.0191 (0.0240)  time: 0.1673  data: 0.0003  max mem: 16496
Test:  [   240/?]  eta: ?  loss: 0.0191 (0.0238)  time: 0.1673  data: 0.0003  max mem: 16496
Test:  [   250/?]  eta: ?  loss: 0.0159 (0.0236)  time: 0.1674  data: 0.0003  max mem: 16496
Test:  [   260/?]  eta: ?  loss: 0.0159 (0.0235)  time: 0.1674  data: 0.0003  max mem: 16496
Test:  [   270/?]  eta: ?  loss: 0.0197 (0.0235)  time: 0.1673  data: 0.0003  max mem: 16496
Test:  [   280/?]  eta: ?  loss: 0.0197 (0.0241)  time: 0.1674  data: 0.0003  max mem: 16496
Test:  [   290/?]  eta: ?  loss: 0.0176 (0.0240)  time: 0.1673  data: 0.0003  max mem: 16496
Test:  [   300/?]  eta: ?  loss: 0.0301 (0.0245)  time: 0.1672  data: 0.0003  max mem: 16496
Test:  [   310/?]  eta: ?  loss: 0.0354 (0.0253)  time: 0.1334  data: 0.0003  max mem: 16496
Test: Total time: 0:00:53 (0.1717 s / it)
* loss 0.025
  → Epoch  18/50 | Train Loss: 0.0030 | Val Loss: 0.0260 | Train score (1/(1+norm_MAE)): 0.9676 | Val MAE (years): 2.0625 | LR: 0.000002
Best val MAE (years): 1.9149, test MAE at best val: 1.8538
  Test segment MAE: 2.0344 | participant median MAE: 1.7678 | participant mean MAE: 1.7512
Epoch: [18]  [     0/?]  eta: ?  lr: 0.000406  min_lr: 0.000002  loss: 0.0034 (0.0034)  class_acc: 0.9689 (0.9689)  loss_scale: 34359738368.0000 (34359738368.0000)  weight_decay: 0.0500 (0.0500)  grad_norm: 0.8685 (0.8685)  time: 7.5855  data: 7.1453  max mem: 16496
Epoch: [18]  [   500/?]  eta: ?  lr: 0.000406  min_lr: 0.000002  loss: 0.0029 (0.0029)  class_acc: 0.9679 (0.9683)  loss_scale: 34359738368.0000 (34359738368.0000)  weight_decay: 0.0500 (0.0500)  grad_norm: 1.1072 (1.1819)  time: 0.4307  data: 0.0002  max mem: 16496
Epoch: [18]  [  1000/?]  eta: ?  lr: 0.000406  min_lr: 0.000001  loss: 0.0028 (0.0029)  class_acc: 0.9679 (0.9685)  loss_scale: 68719476736.0000 (37723628837.5944)  weight_decay: 0.0500 (0.0500)  grad_norm: 1.0491 (1.2100)  time: 0.4311  data: 0.0002  max mem: 16496
Epoch: [18]  [  1500/?]  eta: ?  lr: 0.000406  min_lr: 0.000001  loss: 0.0025 (0.0029)  class_acc: 0.9690 (0.9686)  loss_scale: 68719476736.0000 (48048694759.7815)  weight_decay: 0.0500 (0.0500)  grad_norm: 0.8115 (1.2013)  time: 0.4278  data: 0.0002  max mem: 16496
Epoch: [18]  [  2000/?]  eta: ?  lr: 0.000406  min_lr: 0.000001  loss: 0.0027 (0.0029)  class_acc: 0.9689 (0.9688)  loss_scale: 68719476736.0000 (53213807697.3673)  weight_decay: 0.0500 (0.0500)  grad_norm: 0.8561 (1.1896)  time: 0.4294  data: 0.0002  max mem: 16496
Epoch: [18] Total time: 0:15:50 (0.4375 s / it)
Val:  [     0/?]  eta: ?  loss: 0.0351 (0.0351)  time: 2.1013  data: 1.9354  max mem: 16496
Val:  [    10/?]  eta: ?  loss: 0.0222 (0.0296)  time: 0.3430  data: 0.1762  max mem: 16496
Val:  [    20/?]  eta: ?  loss: 0.0167 (0.0236)  time: 0.1674  data: 0.0003  max mem: 16496
Val:  [    30/?]  eta: ?  loss: 0.0136 (0.0218)  time: 0.1675  data: 0.0003  max mem: 16496
Val:  [    40/?]  eta: ?  loss: 0.0204 (0.0230)  time: 0.1674  data: 0.0003  max mem: 16496
Val:  [    50/?]  eta: ?  loss: 0.0271 (0.0235)  time: 0.1674  data: 0.0003  max mem: 16496
Val:  [    60/?]  eta: ?  loss: 0.0208 (0.0276)  time: 0.1675  data: 0.0003  max mem: 16496
Val:  [    70/?]  eta: ?  loss: 0.0177 (0.0270)  time: 0.1675  data: 0.0003  max mem: 16496
Val:  [    80/?]  eta: ?  loss: 0.0230 (0.0272)  time: 0.1675  data: 0.0003  max mem: 16496
Val:  [    90/?]  eta: ?  loss: 0.0230 (0.0268)  time: 0.1675  data: 0.0003  max mem: 16496
Val:  [   100/?]  eta: ?  loss: 0.0201 (0.0266)  time: 0.1677  data: 0.0003  max mem: 16496
Val:  [   110/?]  eta: ?  loss: 0.0201 (0.0263)  time: 0.1678  data: 0.0004  max mem: 16496
Val:  [   120/?]  eta: ?  loss: 0.0220 (0.0269)  time: 0.1678  data: 0.0004  max mem: 16496
Val:  [   130/?]  eta: ?  loss: 0.0233 (0.0269)  time: 0.1676  data: 0.0003  max mem: 16496
Val:  [   140/?]  eta: ?  loss: 0.0233 (0.0268)  time: 0.1675  data: 0.0003  max mem: 16496
Val:  [   150/?]  eta: ?  loss: 0.0200 (0.0269)  time: 0.1675  data: 0.0003  max mem: 16496
Val:  [   160/?]  eta: ?  loss: 0.0185 (0.0270)  time: 0.1675  data: 0.0003  max mem: 16496
Val:  [   170/?]  eta: ?  loss: 0.0226 (0.0269)  time: 0.1675  data: 0.0003  max mem: 16496
Val:  [   180/?]  eta: ?  loss: 0.0226 (0.0266)  time: 0.1676  data: 0.0003  max mem: 16496
Val:  [   190/?]  eta: ?  loss: 0.0148 (0.0261)  time: 0.1676  data: 0.0003  max mem: 16496
Val:  [   200/?]  eta: ?  loss: 0.0133 (0.0261)  time: 0.1675  data: 0.0003  max mem: 16496
Val:  [   210/?]  eta: ?  loss: 0.0221 (0.0261)  time: 0.1676  data: 0.0003  max mem: 16496
Val:  [   220/?]  eta: ?  loss: 0.0176 (0.0257)  time: 0.1677  data: 0.0003  max mem: 16496
Val:  [   230/?]  eta: ?  loss: 0.0158 (0.0256)  time: 0.1677  data: 0.0003  max mem: 16496
Val:  [   240/?]  eta: ?  loss: 0.0138 (0.0256)  time: 0.1676  data: 0.0003  max mem: 16496
Val:  [   250/?]  eta: ?  loss: 0.0168 (0.0262)  time: 0.1676  data: 0.0003  max mem: 16496
Val:  [   260/?]  eta: ?  loss: 0.0177 (0.0261)  time: 0.1676  data: 0.0004  max mem: 16496
Val:  [   270/?]  eta: ?  loss: 0.0237 (0.0264)  time: 0.1676  data: 0.0003  max mem: 16496
Val:  [   280/?]  eta: ?  loss: 0.0241 (0.0265)  time: 0.1676  data: 0.0003  max mem: 16496
Val:  [   290/?]  eta: ?  loss: 0.0182 (0.0263)  time: 0.1676  data: 0.0003  max mem: 16496
Val:  [   300/?]  eta: ?  loss: 0.0162 (0.0261)  time: 0.1675  data: 0.0003  max mem: 16496
Val:  [   310/?]  eta: ?  loss: 0.0162 (0.0258)  time: 0.1660  data: 0.0003  max mem: 16496
Val: Total time: 0:00:54 (0.1737 s / it)
* loss 0.026
Test:  [     0/?]  eta: ?  loss: 0.0163 (0.0163)  time: 1.8835  data: 1.7180  max mem: 16496
Test:  [    10/?]  eta: ?  loss: 0.0163 (0.0204)  time: 0.3235  data: 0.1567  max mem: 16496
Test:  [    20/?]  eta: ?  loss: 0.0155 (0.0184)  time: 0.1675  data: 0.0004  max mem: 16496
Test:  [    30/?]  eta: ?  loss: 0.0155 (0.0188)  time: 0.1676  data: 0.0003  max mem: 16496
Test:  [    40/?]  eta: ?  loss: 0.0188 (0.0197)  time: 0.1676  data: 0.0003  max mem: 16496
Test:  [    50/?]  eta: ?  loss: 0.0161 (0.0192)  time: 0.1675  data: 0.0003  max mem: 16496
Test:  [    60/?]  eta: ?  loss: 0.0132 (0.0180)  time: 0.1675  data: 0.0003  max mem: 16496
Test:  [    70/?]  eta: ?  loss: 0.0093 (0.0179)  time: 0.1674  data: 0.0003  max mem: 16496
Test:  [    80/?]  eta: ?  loss: 0.0155 (0.0179)  time: 0.1675  data: 0.0004  max mem: 16496
Test:  [    90/?]  eta: ?  loss: 0.0224 (0.0190)  time: 0.1676  data: 0.0004  max mem: 16496
Test:  [   100/?]  eta: ?  loss: 0.0253 (0.0200)  time: 0.1674  data: 0.0003  max mem: 16496
Test:  [   110/?]  eta: ?  loss: 0.0253 (0.0202)  time: 0.1676  data: 0.0003  max mem: 16496
Test:  [   120/?]  eta: ?  loss: 0.0262 (0.0207)  time: 0.1676  data: 0.0003  max mem: 16496
Test:  [   130/?]  eta: ?  loss: 0.0199 (0.0208)  time: 0.1677  data: 0.0003  max mem: 16496
Test:  [   140/?]  eta: ?  loss: 0.0181 (0.0212)  time: 0.1677  data: 0.0003  max mem: 16496
Test:  [   150/?]  eta: ?  loss: 0.0265 (0.0219)  time: 0.1675  data: 0.0003  max mem: 16496
Test:  [   160/?]  eta: ?  loss: 0.0255 (0.0220)  time: 0.1675  data: 0.0003  max mem: 16496
Test:  [   170/?]  eta: ?  loss: 0.0190 (0.0225)  time: 0.1675  data: 0.0003  max mem: 16496
Test:  [   180/?]  eta: ?  loss: 0.0194 (0.0227)  time: 0.1675  data: 0.0003  max mem: 16496
Test:  [   190/?]  eta: ?  loss: 0.0213 (0.0225)  time: 0.1675  data: 0.0003  max mem: 16496
Test:  [   200/?]  eta: ?  loss: 0.0203 (0.0227)  time: 0.1675  data: 0.0003  max mem: 16496
Test:  [   210/?]  eta: ?  loss: 0.0179 (0.0228)  time: 0.1675  data: 0.0003  max mem: 16496
Test:  [   220/?]  eta: ?  loss: 0.0179 (0.0231)  time: 0.1676  data: 0.0003  max mem: 16496
Test:  [   230/?]  eta: ?  loss: 0.0193 (0.0231)  time: 0.1676  data: 0.0004  max mem: 16496
Test:  [   240/?]  eta: ?  loss: 0.0196 (0.0230)  time: 0.1675  data: 0.0003  max mem: 16496
Test:  [   250/?]  eta: ?  loss: 0.0181 (0.0228)  time: 0.1675  data: 0.0003  max mem: 16496
Test:  [   260/?]  eta: ?  loss: 0.0162 (0.0227)  time: 0.1675  data: 0.0003  max mem: 16496
Test:  [   270/?]  eta: ?  loss: 0.0173 (0.0227)  time: 0.1675  data: 0.0003  max mem: 16496
Test:  [   280/?]  eta: ?  loss: 0.0173 (0.0234)  time: 0.1676  data: 0.0003  max mem: 16496
Test:  [   290/?]  eta: ?  loss: 0.0157 (0.0234)  time: 0.1676  data: 0.0003  max mem: 16496
Test:  [   300/?]  eta: ?  loss: 0.0304 (0.0238)  time: 0.1674  data: 0.0003  max mem: 16496
Test:  [   310/?]  eta: ?  loss: 0.0372 (0.0246)  time: 0.1336  data: 0.0003  max mem: 16496
Test: Total time: 0:00:53 (0.1705 s / it)
* loss 0.025
  → Epoch  19/50 | Train Loss: 0.0028 | Val Loss: 0.0258 | Train score (1/(1+norm_MAE)): 0.9688 | Val MAE (years): 2.0381 | LR: 0.000001
Best val MAE (years): 1.9149, test MAE at best val: 1.8538
  Test segment MAE: 2.0021 | participant median MAE: 1.7311 | participant mean MAE: 1.7162
Epoch: [19]  [     0/?]  eta: ?  lr: 0.000392  min_lr: 0.000001  loss: 0.0035 (0.0035)  class_acc: 0.9680 (0.9680)  loss_scale: 68719476736.0000 (68719476736.0000)  weight_decay: 0.0500 (0.0500)  grad_norm: 3.4119 (3.4119)  time: 7.7355  data: 7.2929  max mem: 16496
Epoch: [19]  [   500/?]  eta: ?  lr: 0.000392  min_lr: 0.000001  loss: 0.0026 (0.0027)  class_acc: 0.9695 (0.9699)  loss_scale: 68719476736.0000 (68719476736.0000)  weight_decay: 0.0500 (0.0500)  grad_norm: 1.0380 (1.1359)  time: 0.4269  data: 0.0002  max mem: 16496
Epoch: [19]  [  1000/?]  eta: ?  lr: 0.000392  min_lr: 0.000001  loss: 0.0025 (0.0027)  class_acc: 0.9702 (0.9699)  loss_scale: 137438953472.0000 (87255199731.7243)  weight_decay: 0.0500 (0.0500)  grad_norm: 1.0361 (1.1497)  time: 0.4307  data: 0.0002  max mem: 16496
Epoch: [19]  [  1500/?]  eta: ?  lr: 0.000392  min_lr: 0.000001  loss: 0.0023 (0.0027)  class_acc: 0.9711 (0.9699)  loss_scale: 137438953472.0000 (103971973129.5510)  weight_decay: 0.0500 (0.0500)  grad_norm: 0.8458 (1.1657)  time: 0.4300  data: 0.0002  max mem: 16496
Epoch: [19]  [  2000/?]  eta: ?  lr: 0.000392  min_lr: 0.000001  loss: 0.0026 (0.0027)  class_acc: 0.9708 (0.9700)  loss_scale: 137438953472.0000 (112334536933.2614)  weight_decay: 0.0500 (0.0500)  grad_norm: 1.0095 (1.1670)  time: 0.4295  data: 0.0002  max mem: 16496
Epoch: [19] Total time: 0:15:50 (0.4376 s / it)
Val:  [     0/?]  eta: ?  loss: 0.0355 (0.0355)  time: 2.0940  data: 1.9285  max mem: 16496
Val:  [    10/?]  eta: ?  loss: 0.0250 (0.0293)  time: 0.3423  data: 0.1756  max mem: 16496
Val:  [    20/?]  eta: ?  loss: 0.0164 (0.0236)  time: 0.1672  data: 0.0003  max mem: 16496
Val:  [    30/?]  eta: ?  loss: 0.0153 (0.0224)  time: 0.1674  data: 0.0003  max mem: 16496
Val:  [    40/?]  eta: ?  loss: 0.0204 (0.0233)  time: 0.1674  data: 0.0003  max mem: 16496
Val:  [    50/?]  eta: ?  loss: 0.0253 (0.0244)  time: 0.1674  data: 0.0003  max mem: 16496
Val:  [    60/?]  eta: ?  loss: 0.0278 (0.0287)  time: 0.1674  data: 0.0003  max mem: 16496
Val:  [    70/?]  eta: ?  loss: 0.0170 (0.0278)  time: 0.1674  data: 0.0003  max mem: 16496
Val:  [    80/?]  eta: ?  loss: 0.0179 (0.0278)  time: 0.1676  data: 0.0004  max mem: 16496
Val:  [    90/?]  eta: ?  loss: 0.0212 (0.0271)  time: 0.1676  data: 0.0004  max mem: 16496
Val:  [   100/?]  eta: ?  loss: 0.0212 (0.0266)  time: 0.1676  data: 0.0004  max mem: 16496
Val:  [   110/?]  eta: ?  loss: 0.0197 (0.0262)  time: 0.1675  data: 0.0003  max mem: 16496
Val:  [   120/?]  eta: ?  loss: 0.0212 (0.0270)  time: 0.1674  data: 0.0003  max mem: 16496
Val:  [   130/?]  eta: ?  loss: 0.0223 (0.0268)  time: 0.1674  data: 0.0003  max mem: 16496
Val:  [   140/?]  eta: ?  loss: 0.0268 (0.0270)  time: 0.1674  data: 0.0003  max mem: 16496
Val:  [   150/?]  eta: ?  loss: 0.0239 (0.0271)  time: 0.1674  data: 0.0003  max mem: 16496
Val:  [   160/?]  eta: ?  loss: 0.0185 (0.0271)  time: 0.1675  data: 0.0003  max mem: 16496
Val:  [   170/?]  eta: ?  loss: 0.0249 (0.0271)  time: 0.1674  data: 0.0003  max mem: 16496
Val:  [   180/?]  eta: ?  loss: 0.0249 (0.0271)  time: 0.1674  data: 0.0003  max mem: 16496
Val:  [   190/?]  eta: ?  loss: 0.0174 (0.0266)  time: 0.1743  data: 0.0072  max mem: 16496
Val:  [   200/?]  eta: ?  loss: 0.0152 (0.0265)  time: 0.1909  data: 0.0239  max mem: 16496
Val:  [   210/?]  eta: ?  loss: 0.0225 (0.0266)  time: 0.2032  data: 0.0364  max mem: 16496
Val:  [   220/?]  eta: ?  loss: 0.0172 (0.0263)  time: 0.1992  data: 0.0324  max mem: 16496
Val:  [   230/?]  eta: ?  loss: 0.0172 (0.0263)  time: 0.1927  data: 0.0258  max mem: 16496
Val:  [   240/?]  eta: ?  loss: 0.0167 (0.0262)  time: 0.1875  data: 0.0207  max mem: 16496
Val:  [   250/?]  eta: ?  loss: 0.0166 (0.0266)  time: 0.1767  data: 0.0098  max mem: 16496
Val:  [   260/?]  eta: ?  loss: 0.0205 (0.0268)  time: 0.1755  data: 0.0085  max mem: 16496
Val:  [   270/?]  eta: ?  loss: 0.0210 (0.0271)  time: 0.1737  data: 0.0067  max mem: 16496
Val:  [   280/?]  eta: ?  loss: 0.0253 (0.0270)  time: 0.1675  data: 0.0003  max mem: 16496
Val:  [   290/?]  eta: ?  loss: 0.0165 (0.0268)  time: 0.1685  data: 0.0013  max mem: 16496
Val:  [   300/?]  eta: ?  loss: 0.0165 (0.0266)  time: 0.1709  data: 0.0039  max mem: 16496
Val:  [   310/?]  eta: ?  loss: 0.0195 (0.0263)  time: 0.1886  data: 0.0232  max mem: 16496
Val: Total time: 0:00:56 (0.1804 s / it)
* loss 0.026
Test:  [     0/?]  eta: ?  loss: 0.0189 (0.0189)  time: 2.3140  data: 2.1482  max mem: 16496
Test:  [    10/?]  eta: ?  loss: 0.0189 (0.0220)  time: 0.3677  data: 0.2011  max mem: 16496
Test:  [    20/?]  eta: ?  loss: 0.0160 (0.0206)  time: 0.1782  data: 0.0115  max mem: 16496
Test:  [    30/?]  eta: ?  loss: 0.0178 (0.0204)  time: 0.1982  data: 0.0315  max mem: 16496
Test:  [    40/?]  eta: ?  loss: 0.0208 (0.0210)  time: 0.2053  data: 0.0385  max mem: 16496
Test:  [    50/?]  eta: ?  loss: 0.0172 (0.0202)  time: 0.1939  data: 0.0272  max mem: 16496
Test:  [    60/?]  eta: ?  loss: 0.0172 (0.0195)  time: 0.1834  data: 0.0167  max mem: 16496
Test:  [    70/?]  eta: ?  loss: 0.0172 (0.0194)  time: 0.1728  data: 0.0059  max mem: 16496
Test:  [    80/?]  eta: ?  loss: 0.0172 (0.0194)  time: 0.1698  data: 0.0029  max mem: 16496
Test:  [    90/?]  eta: ?  loss: 0.0227 (0.0206)  time: 0.1774  data: 0.0106  max mem: 16496
Test:  [   100/?]  eta: ?  loss: 0.0248 (0.0216)  time: 0.1837  data: 0.0170  max mem: 16496
Test:  [   110/?]  eta: ?  loss: 0.0231 (0.0219)  time: 0.1821  data: 0.0154  max mem: 16496
Test:  [   120/?]  eta: ?  loss: 0.0231 (0.0224)  time: 0.1741  data: 0.0073  max mem: 16496
Test:  [   130/?]  eta: ?  loss: 0.0178 (0.0222)  time: 0.1672  data: 0.0003  max mem: 16496
Test:  [   140/?]  eta: ?  loss: 0.0171 (0.0226)  time: 0.1672  data: 0.0003  max mem: 16496
Test:  [   150/?]  eta: ?  loss: 0.0306 (0.0233)  time: 0.1672  data: 0.0003  max mem: 16496
Test:  [   160/?]  eta: ?  loss: 0.0229 (0.0232)  time: 0.1690  data: 0.0021  max mem: 16496
Test:  [   170/?]  eta: ?  loss: 0.0184 (0.0236)  time: 0.1919  data: 0.0251  max mem: 16496
Test:  [   180/?]  eta: ?  loss: 0.0205 (0.0237)  time: 0.2011  data: 0.0343  max mem: 16496
Test:  [   190/?]  eta: ?  loss: 0.0214 (0.0235)  time: 0.1889  data: 0.0223  max mem: 16496
Test:  [   200/?]  eta: ?  loss: 0.0171 (0.0237)  time: 0.1924  data: 0.0258  max mem: 16496
Test:  [   210/?]  eta: ?  loss: 0.0177 (0.0238)  time: 0.1954  data: 0.0287  max mem: 16496
Test:  [   220/?]  eta: ?  loss: 0.0174 (0.0242)  time: 0.2108  data: 0.0440  max mem: 16496
Test:  [   230/?]  eta: ?  loss: 0.0192 (0.0242)  time: 0.2205  data: 0.0539  max mem: 16496
Test:  [   240/?]  eta: ?  loss: 0.0192 (0.0240)  time: 0.2103  data: 0.0438  max mem: 16496
Test:  [   250/?]  eta: ?  loss: 0.0142 (0.0238)  time: 0.2017  data: 0.0350  max mem: 16496
Test:  [   260/?]  eta: ?  loss: 0.0152 (0.0238)  time: 0.1996  data: 0.0329  max mem: 16496
Test:  [   270/?]  eta: ?  loss: 0.0170 (0.0238)  time: 0.2016  data: 0.0351  max mem: 16496
Test:  [   280/?]  eta: ?  loss: 0.0170 (0.0243)  time: 0.1894  data: 0.0230  max mem: 16496
Test:  [   290/?]  eta: ?  loss: 0.0202 (0.0243)  time: 0.1758  data: 0.0092  max mem: 16496
Test:  [   300/?]  eta: ?  loss: 0.0309 (0.0248)  time: 0.1932  data: 0.0266  max mem: 16496
Test:  [   310/?]  eta: ?  loss: 0.0327 (0.0257)  time: 0.1561  data: 0.0233  max mem: 16496
Test: Total time: 0:00:59 (0.1920 s / it)
* loss 0.026

============================================================
Counting samples by task type...
============================================================

============================================================
Evaluating on active tasks (35,284 samples)...
============================================================
Active Test:  [     0/?]  eta: ?  loss: 0.0155 (0.0155)  time: 2.7650  data: 2.7205  max mem: 16496
Active Test:  [    10/?]  eta: ?  loss: 0.0275 (0.0726)  time: 0.2709  data: 0.2553  max mem: 16496
Active Test:  [    20/?]  eta: ?  loss: 0.0236 (0.0513)  time: 0.0221  data: 0.0096  max mem: 16496
Active Test:  [    30/?]  eta: ?  loss: 0.0229 (0.0480)  time: 0.0213  data: 0.0088  max mem: 16496
Active Test:  [    40/?]  eta: ?  loss: 0.0288 (0.0462)  time: 0.0214  data: 0.0084  max mem: 16496
Active Test:  [    50/?]  eta: ?  loss: 0.0222 (0.0414)  time: 0.0223  data: 0.0088  max mem: 16496
Active Test:  [    60/?]  eta: ?  loss: 0.0123 (0.0364)  time: 0.0223  data: 0.0088  max mem: 16496
Active Test:  [    70/?]  eta: ?  loss: 0.0094 (0.0329)  time: 0.0208  data: 0.0073  max mem: 16496
Active Test:  [    80/?]  eta: ?  loss: 0.0094 (0.0305)  time: 0.0197  data: 0.0068  max mem: 16496
Active Test:  [    90/?]  eta: ?  loss: 0.0132 (0.0289)  time: 0.0208  data: 0.0086  max mem: 16496
Active Test:  [   100/?]  eta: ?  loss: 0.0211 (0.0292)  time: 0.0211  data: 0.0086  max mem: 16496
Active Test:  [   110/?]  eta: ?  loss: 0.0271 (0.0283)  time: 0.0214  data: 0.0086  max mem: 16496
Active Test:  [   120/?]  eta: ?  loss: 0.0199 (0.0281)  time: 0.0209  data: 0.0081  max mem: 16496
Active Test:  [   130/?]  eta: ?  loss: 0.0164 (0.0278)  time: 0.0202  data: 0.0077  max mem: 16496
Active Test:  [   140/?]  eta: ?  loss: 0.0174 (0.0286)  time: 0.0199  data: 0.0076  max mem: 16496
Active Test:  [   150/?]  eta: ?  loss: 0.0391 (0.0298)  time: 0.0203  data: 0.0080  max mem: 16496
Active Test:  [   160/?]  eta: ?  loss: 0.0375 (0.0303)  time: 0.0201  data: 0.0078  max mem: 16496
Active Test:  [   170/?]  eta: ?  loss: 0.0197 (0.0301)  time: 0.0206  data: 0.0079  max mem: 16496
Active Test:  [   180/?]  eta: ?  loss: 0.0094 (0.0289)  time: 0.0218  data: 0.0086  max mem: 16496
Active Test:  [   190/?]  eta: ?  loss: 0.0112 (0.0285)  time: 0.0221  data: 0.0090  max mem: 16496
Active Test:  [   200/?]  eta: ?  loss: 0.0155 (0.0280)  time: 0.0210  data: 0.0077  max mem: 16496
Active Test:  [   210/?]  eta: ?  loss: 0.0154 (0.0277)  time: 0.0205  data: 0.0074  max mem: 16496
Active Test:  [   220/?]  eta: ?  loss: 0.0192 (0.0274)  time: 0.0210  data: 0.0085  max mem: 16496
Active Test:  [   230/?]  eta: ?  loss: 0.0178 (0.0270)  time: 0.0220  data: 0.0092  max mem: 16496
Active Test:  [   240/?]  eta: ?  loss: 0.0178 (0.0272)  time: 0.0226  data: 0.0101  max mem: 16496
Active Test:  [   250/?]  eta: ?  loss: 0.0306 (0.0274)  time: 0.0229  data: 0.0103  max mem: 16496
Active Test:  [   260/?]  eta: ?  loss: 0.0306 (0.0275)  time: 0.0218  data: 0.0088  max mem: 16496
Active Test:  [   270/?]  eta: ?  loss: 0.0221 (0.0276)  time: 0.0210  data: 0.0077  max mem: 16496
Active Test:  [   280/?]  eta: ?  loss: 0.0181 (0.0273)  time: 0.0217  data: 0.0084  max mem: 16496
Active Test:  [   290/?]  eta: ?  loss: 0.0137 (0.0270)  time: 0.0224  data: 0.0094  max mem: 16496
Active Test:  [   300/?]  eta: ?  loss: 0.0137 (0.0268)  time: 0.0214  data: 0.0089  max mem: 16496
Active Test:  [   310/?]  eta: ?  loss: 0.0147 (0.0265)  time: 0.0218  data: 0.0093  max mem: 16496
Active Test:  [   320/?]  eta: ?  loss: 0.0158 (0.0264)  time: 0.0220  data: 0.0094  max mem: 16496
Active Test:  [   330/?]  eta: ?  loss: 0.0211 (0.0264)  time: 0.0207  data: 0.0082  max mem: 16496
Active Test:  [   340/?]  eta: ?  loss: 0.0222 (0.0265)  time: 0.0201  data: 0.0080  max mem: 16496
Active Test:  [   350/?]  eta: ?  loss: 0.0221 (0.0268)  time: 0.0196  data: 0.0076  max mem: 16496
Active Test:  [   360/?]  eta: ?  loss: 0.0221 (0.0266)  time: 0.0205  data: 0.0083  max mem: 16496
Active Test:  [   370/?]  eta: ?  loss: 0.0173 (0.0264)  time: 0.0220  data: 0.0095  max mem: 16496
Active Test:  [   380/?]  eta: ?  loss: 0.0109 (0.0261)  time: 0.0217  data: 0.0091  max mem: 16496
Active Test:  [   390/?]  eta: ?  loss: 0.0087 (0.0258)  time: 0.0228  data: 0.0103  max mem: 16496
Active Test:  [   400/?]  eta: ?  loss: 0.0097 (0.0257)  time: 0.0220  data: 0.0095  max mem: 16496
Active Test:  [   410/?]  eta: ?  loss: 0.0102 (0.0255)  time: 0.0196  data: 0.0073  max mem: 16496
Active Test:  [   420/?]  eta: ?  loss: 0.0143 (0.0255)  time: 0.0200  data: 0.0077  max mem: 16496
Active Test:  [   430/?]  eta: ?  loss: 0.0167 (0.0255)  time: 0.0228  data: 0.0105  max mem: 16496
Active Test:  [   440/?]  eta: ?  loss: 0.0180 (0.0254)  time: 0.0240  data: 0.0110  max mem: 16496
Active Test:  [   450/?]  eta: ?  loss: 0.0159 (0.0252)  time: 0.0217  data: 0.0085  max mem: 16496
Active Test:  [   460/?]  eta: ?  loss: 0.0134 (0.0252)  time: 0.0228  data: 0.0100  max mem: 16496
Active Test:  [   470/?]  eta: ?  loss: 0.0086 (0.0263)  time: 0.0273  data: 0.0122  max mem: 16496
Active Test:  [   480/?]  eta: ?  loss: 0.0176 (0.0268)  time: 0.0286  data: 0.0127  max mem: 16496
Active Test:  [   490/?]  eta: ?  loss: 0.0128 (0.0266)  time: 0.0233  data: 0.0099  max mem: 16496
Active Test:  [   500/?]  eta: ?  loss: 0.0167 (0.0265)  time: 0.0245  data: 0.0107  max mem: 16496
Active Test:  [   510/?]  eta: ?  loss: 0.0199 (0.0265)  time: 0.0255  data: 0.0112  max mem: 16496
Active Test:  [   520/?]  eta: ?  loss: 0.0161 (0.0264)  time: 0.0240  data: 0.0104  max mem: 16496
Active Test:  [   530/?]  eta: ?  loss: 0.0123 (0.0262)  time: 0.0251  data: 0.0112  max mem: 16496
Active Test:  [   540/?]  eta: ?  loss: 0.0138 (0.0261)  time: 0.0259  data: 0.0110  max mem: 16496
Active Test: Total time: 0:00:15 (0.0275 s / it)
* loss 0.026

============================================================
Evaluating on passive tasks (204,188 samples)...
============================================================
Passive Test:  [     0/?]  eta: ?  loss: 0.0090 (0.0090)  time: 1.0634  data: 1.0422  max mem: 16496
Passive Test:  [    10/?]  eta: ?  loss: 0.0102 (0.0152)  time: 0.1147  data: 0.1016  max mem: 16496
Passive Test:  [    20/?]  eta: ?  loss: 0.0123 (0.0168)  time: 0.0206  data: 0.0082  max mem: 16496
Passive Test:  [    30/?]  eta: ?  loss: 0.0170 (0.0202)  time: 0.0197  data: 0.0073  max mem: 16496
Passive Test:  [    40/?]  eta: ?  loss: 0.0192 (0.0239)  time: 0.0189  data: 0.0067  max mem: 16496
Passive Test:  [    50/?]  eta: ?  loss: 0.0192 (0.0272)  time: 0.0190  data: 0.0069  max mem: 16496
Passive Test:  [    60/?]  eta: ?  loss: 0.0158 (0.0291)  time: 0.0198  data: 0.0076  max mem: 16496
Passive Test:  [    70/?]  eta: ?  loss: 0.0158 (0.0307)  time: 0.0193  data: 0.0071  max mem: 16496
Passive Test:  [    80/?]  eta: ?  loss: 0.0181 (0.0315)  time: 0.0189  data: 0.0069  max mem: 16496
Passive Test:  [    90/?]  eta: ?  loss: 0.0193 (0.0311)  time: 0.0194  data: 0.0074  max mem: 16496
Passive Test:  [   100/?]  eta: ?  loss: 0.0199 (0.0303)  time: 0.0186  data: 0.0066  max mem: 16496
Passive Test:  [   110/?]  eta: ?  loss: 0.0164 (0.0291)  time: 0.0182  data: 0.0063  max mem: 16496
Passive Test:  [   120/?]  eta: ?  loss: 0.0101 (0.0288)  time: 0.0185  data: 0.0065  max mem: 16496
Passive Test:  [   130/?]  eta: ?  loss: 0.0115 (0.0285)  time: 0.0183  data: 0.0062  max mem: 16496
Passive Test:  [   140/?]  eta: ?  loss: 0.0192 (0.0287)  time: 0.0186  data: 0.0063  max mem: 16496
Passive Test:  [   150/?]  eta: ?  loss: 0.0181 (0.0285)  time: 0.0186  data: 0.0063  max mem: 16496
Passive Test:  [   160/?]  eta: ?  loss: 0.0157 (0.0284)  time: 0.0178  data: 0.0057  max mem: 16496
Passive Test:  [   170/?]  eta: ?  loss: 0.0134 (0.0278)  time: 0.0176  data: 0.0055  max mem: 16496
Passive Test:  [   180/?]  eta: ?  loss: 0.0126 (0.0270)  time: 0.0178  data: 0.0057  max mem: 16496
Passive Test:  [   190/?]  eta: ?  loss: 0.0174 (0.0266)  time: 0.0180  data: 0.0059  max mem: 16496
Passive Test:  [   200/?]  eta: ?  loss: 0.0159 (0.0262)  time: 0.0190  data: 0.0069  max mem: 16496
Passive Test:  [   210/?]  eta: ?  loss: 0.0116 (0.0257)  time: 0.0197  data: 0.0076  max mem: 16496
Passive Test:  [   220/?]  eta: ?  loss: 0.0108 (0.0251)  time: 0.0188  data: 0.0067  max mem: 16496
Passive Test:  [   230/?]  eta: ?  loss: 0.0118 (0.0248)  time: 0.0181  data: 0.0059  max mem: 16496
Passive Test:  [   240/?]  eta: ?  loss: 0.0232 (0.0247)  time: 0.0187  data: 0.0066  max mem: 16496
Passive Test:  [   250/?]  eta: ?  loss: 0.0217 (0.0245)  time: 0.0185  data: 0.0064  max mem: 16496
Passive Test:  [   260/?]  eta: ?  loss: 0.0157 (0.0242)  time: 0.0195  data: 0.0073  max mem: 16496
Passive Test:  [   270/?]  eta: ?  loss: 0.0094 (0.0241)  time: 0.0198  data: 0.0077  max mem: 16496
Passive Test:  [   280/?]  eta: ?  loss: 0.0079 (0.0236)  time: 0.0188  data: 0.0067  max mem: 16496
Passive Test:  [   290/?]  eta: ?  loss: 0.0085 (0.0232)  time: 0.0187  data: 0.0065  max mem: 16496
Passive Test:  [   300/?]  eta: ?  loss: 0.0085 (0.0229)  time: 0.0197  data: 0.0075  max mem: 16496
Passive Test:  [   310/?]  eta: ?  loss: 0.0131 (0.0226)  time: 0.0192  data: 0.0073  max mem: 16496
Passive Test:  [   320/?]  eta: ?  loss: 0.0138 (0.0223)  time: 0.0184  data: 0.0065  max mem: 16496
Passive Test:  [   330/?]  eta: ?  loss: 0.0131 (0.0221)  time: 0.0181  data: 0.0062  max mem: 16496
Passive Test:  [   340/?]  eta: ?  loss: 0.0131 (0.0218)  time: 0.0186  data: 0.0065  max mem: 16496
Passive Test:  [   350/?]  eta: ?  loss: 0.0130 (0.0216)  time: 0.0190  data: 0.0069  max mem: 16496
Passive Test:  [   360/?]  eta: ?  loss: 0.0130 (0.0214)  time: 0.0180  data: 0.0059  max mem: 16496
Passive Test:  [   370/?]  eta: ?  loss: 0.0144 (0.0212)  time: 0.0184  data: 0.0064  max mem: 16496
Passive Test:  [   380/?]  eta: ?  loss: 0.0141 (0.0210)  time: 0.0190  data: 0.0068  max mem: 16496
Passive Test:  [   390/?]  eta: ?  loss: 0.0138 (0.0208)  time: 0.0191  data: 0.0069  max mem: 16496
Passive Test:  [   400/?]  eta: ?  loss: 0.0165 (0.0207)  time: 0.0181  data: 0.0060  max mem: 16496
Passive Test:  [   410/?]  eta: ?  loss: 0.0186 (0.0205)  time: 0.0182  data: 0.0062  max mem: 16496
Passive Test:  [   420/?]  eta: ?  loss: 0.0149 (0.0204)  time: 0.0184  data: 0.0065  max mem: 16496
Passive Test:  [   430/?]  eta: ?  loss: 0.0140 (0.0204)  time: 0.0188  data: 0.0069  max mem: 16496
Passive Test:  [   440/?]  eta: ?  loss: 0.0117 (0.0203)  time: 0.0193  data: 0.0073  max mem: 16496
Passive Test:  [   450/?]  eta: ?  loss: 0.0127 (0.0203)  time: 0.0204  data: 0.0083  max mem: 16496
Passive Test:  [   460/?]  eta: ?  loss: 0.0182 (0.0204)  time: 0.0192  data: 0.0071  max mem: 16496
Passive Test:  [   470/?]  eta: ?  loss: 0.0279 (0.0206)  time: 0.0176  data: 0.0056  max mem: 16496
Passive Test:  [   480/?]  eta: ?  loss: 0.0288 (0.0208)  time: 0.0172  data: 0.0052  max mem: 16496
Passive Test:  [   490/?]  eta: ?  loss: 0.0288 (0.0210)  time: 0.0177  data: 0.0057  max mem: 16496
Passive Test:  [   500/?]  eta: ?  loss: 0.0318 (0.0213)  time: 0.0186  data: 0.0066  max mem: 16496
Passive Test:  [   510/?]  eta: ?  loss: 0.0353 (0.0217)  time: 0.0181  data: 0.0061  max mem: 16496
Passive Test:  [   520/?]  eta: ?  loss: 0.0255 (0.0216)  time: 0.0179  data: 0.0059  max mem: 16496
Passive Test:  [   530/?]  eta: ?  loss: 0.0222 (0.0216)  time: 0.0189  data: 0.0069  max mem: 16496
Passive Test:  [   540/?]  eta: ?  loss: 0.0222 (0.0217)  time: 0.0188  data: 0.0067  max mem: 16496
Passive Test:  [   550/?]  eta: ?  loss: 0.0139 (0.0216)  time: 0.0189  data: 0.0069  max mem: 16496
Passive Test:  [   560/?]  eta: ?  loss: 0.0126 (0.0215)  time: 0.0184  data: 0.0064  max mem: 16496
Passive Test:  [   570/?]  eta: ?  loss: 0.0099 (0.0213)  time: 0.0176  data: 0.0055  max mem: 16496
Passive Test:  [   580/?]  eta: ?  loss: 0.0105 (0.0212)  time: 0.0182  data: 0.0060  max mem: 16496
Passive Test:  [   590/?]  eta: ?  loss: 0.0162 (0.0212)  time: 0.0185  data: 0.0065  max mem: 16496
Passive Test:  [   600/?]  eta: ?  loss: 0.0218 (0.0213)  time: 0.0192  data: 0.0072  max mem: 16496
Passive Test:  [   610/?]  eta: ?  loss: 0.0173 (0.0212)  time: 0.0182  data: 0.0062  max mem: 16496
Passive Test:  [   620/?]  eta: ?  loss: 0.0126 (0.0210)  time: 0.0183  data: 0.0061  max mem: 16496
Passive Test:  [   630/?]  eta: ?  loss: 0.0107 (0.0209)  time: 0.0183  data: 0.0061  max mem: 16496
Passive Test:  [   640/?]  eta: ?  loss: 0.0158 (0.0209)  time: 0.0192  data: 0.0071  max mem: 16496
Passive Test:  [   650/?]  eta: ?  loss: 0.0223 (0.0212)  time: 0.0195  data: 0.0073  max mem: 16496
Passive Test:  [   660/?]  eta: ?  loss: 0.0442 (0.0217)  time: 0.0184  data: 0.0062  max mem: 16496
Passive Test:  [   670/?]  eta: ?  loss: 0.0498 (0.0223)  time: 0.0189  data: 0.0068  max mem: 16496
Passive Test:  [   680/?]  eta: ?  loss: 0.0491 (0.0228)  time: 0.0195  data: 0.0074  max mem: 16496
Passive Test:  [   690/?]  eta: ?  loss: 0.0449 (0.0231)  time: 0.0185  data: 0.0065  max mem: 16496
Passive Test:  [   700/?]  eta: ?  loss: 0.0454 (0.0235)  time: 0.0189  data: 0.0069  max mem: 16496
Passive Test:  [   710/?]  eta: ?  loss: 0.0502 (0.0240)  time: 0.0192  data: 0.0072  max mem: 16496
Passive Test:  [   720/?]  eta: ?  loss: 0.0512 (0.0244)  time: 0.0183  data: 0.0063  max mem: 16496
Passive Test:  [   730/?]  eta: ?  loss: 0.0505 (0.0248)  time: 0.0178  data: 0.0057  max mem: 16496
Passive Test:  [   740/?]  eta: ?  loss: 0.0300 (0.0248)  time: 0.0184  data: 0.0063  max mem: 16496
Passive Test:  [   750/?]  eta: ?  loss: 0.0085 (0.0246)  time: 0.0188  data: 0.0067  max mem: 16496
Passive Test:  [   760/?]  eta: ?  loss: 0.0089 (0.0245)  time: 0.0185  data: 0.0064  max mem: 16496
Passive Test:  [   770/?]  eta: ?  loss: 0.0157 (0.0245)  time: 0.0189  data: 0.0068  max mem: 16496
Passive Test:  [   780/?]  eta: ?  loss: 0.0182 (0.0245)  time: 0.0190  data: 0.0067  max mem: 16496
Passive Test:  [   790/?]  eta: ?  loss: 0.0220 (0.0245)  time: 0.0188  data: 0.0067  max mem: 16496
Passive Test:  [   800/?]  eta: ?  loss: 0.0201 (0.0246)  time: 0.0183  data: 0.0063  max mem: 16496
Passive Test:  [   810/?]  eta: ?  loss: 0.0202 (0.0245)  time: 0.0186  data: 0.0065  max mem: 16496
Passive Test:  [   820/?]  eta: ?  loss: 0.0204 (0.0244)  time: 0.0194  data: 0.0072  max mem: 16496
Passive Test:  [   830/?]  eta: ?  loss: 0.0204 (0.0244)  time: 0.0191  data: 0.0069  max mem: 16496
Passive Test:  [   840/?]  eta: ?  loss: 0.0204 (0.0244)  time: 0.0193  data: 0.0071  max mem: 16496
Passive Test:  [   850/?]  eta: ?  loss: 0.0115 (0.0242)  time: 0.0190  data: 0.0068  max mem: 16496
Passive Test:  [   860/?]  eta: ?  loss: 0.0115 (0.0241)  time: 0.0187  data: 0.0064  max mem: 16496
Passive Test:  [   870/?]  eta: ?  loss: 0.0161 (0.0240)  time: 0.0193  data: 0.0069  max mem: 16496
Passive Test:  [   880/?]  eta: ?  loss: 0.0161 (0.0239)  time: 0.0196  data: 0.0074  max mem: 16496
Passive Test:  [   890/?]  eta: ?  loss: 0.0139 (0.0238)  time: 0.0191  data: 0.0070  max mem: 16496
Passive Test:  [   900/?]  eta: ?  loss: 0.0139 (0.0237)  time: 0.0189  data: 0.0069  max mem: 16496
Passive Test:  [   910/?]  eta: ?  loss: 0.0131 (0.0236)  time: 0.0191  data: 0.0070  max mem: 16496
Passive Test:  [   920/?]  eta: ?  loss: 0.0112 (0.0234)  time: 0.0191  data: 0.0070  max mem: 16496
Passive Test:  [   930/?]  eta: ?  loss: 0.0093 (0.0233)  time: 0.0190  data: 0.0069  max mem: 16496
Passive Test:  [   940/?]  eta: ?  loss: 0.0096 (0.0232)  time: 0.0200  data: 0.0079  max mem: 16496
Passive Test:  [   950/?]  eta: ?  loss: 0.0122 (0.0232)  time: 0.0200  data: 0.0079  max mem: 16496
Passive Test:  [   960/?]  eta: ?  loss: 0.0288 (0.0233)  time: 0.0186  data: 0.0065  max mem: 16496
Passive Test:  [   970/?]  eta: ?  loss: 0.0284 (0.0233)  time: 0.0191  data: 0.0069  max mem: 16496
Passive Test:  [   980/?]  eta: ?  loss: 0.0173 (0.0233)  time: 0.0194  data: 0.0073  max mem: 16496
Passive Test:  [   990/?]  eta: ?  loss: 0.0170 (0.0232)  time: 0.0186  data: 0.0066  max mem: 16496
Passive Test:  [  1000/?]  eta: ?  loss: 0.0219 (0.0234)  time: 0.0184  data: 0.0064  max mem: 16496
Passive Test:  [  1010/?]  eta: ?  loss: 0.0248 (0.0234)  time: 0.0192  data: 0.0072  max mem: 16496
Passive Test:  [  1020/?]  eta: ?  loss: 0.0265 (0.0235)  time: 0.0193  data: 0.0072  max mem: 16496
Passive Test:  [  1030/?]  eta: ?  loss: 0.0252 (0.0236)  time: 0.0193  data: 0.0072  max mem: 16496
Passive Test:  [  1040/?]  eta: ?  loss: 0.0205 (0.0236)  time: 0.0194  data: 0.0072  max mem: 16496
Passive Test:  [  1050/?]  eta: ?  loss: 0.0158 (0.0235)  time: 0.0200  data: 0.0077  max mem: 16496
Passive Test:  [  1060/?]  eta: ?  loss: 0.0107 (0.0235)  time: 0.0203  data: 0.0081  max mem: 16496
Passive Test:  [  1070/?]  eta: ?  loss: 0.0147 (0.0235)  time: 0.0199  data: 0.0075  max mem: 16496
Passive Test:  [  1080/?]  eta: ?  loss: 0.0147 (0.0235)  time: 0.0200  data: 0.0077  max mem: 16496
Passive Test:  [  1090/?]  eta: ?  loss: 0.0122 (0.0235)  time: 0.0200  data: 0.0079  max mem: 16496
Passive Test:  [  1100/?]  eta: ?  loss: 0.0081 (0.0237)  time: 0.0198  data: 0.0077  max mem: 16496
Passive Test:  [  1110/?]  eta: ?  loss: 0.0156 (0.0237)  time: 0.0199  data: 0.0077  max mem: 16496
Passive Test:  [  1120/?]  eta: ?  loss: 0.0496 (0.0240)  time: 0.0191  data: 0.0069  max mem: 16496
Passive Test:  [  1130/?]  eta: ?  loss: 0.0652 (0.0242)  time: 0.0183  data: 0.0061  max mem: 16496
Passive Test:  [  1140/?]  eta: ?  loss: 0.0643 (0.0245)  time: 0.0193  data: 0.0071  max mem: 16496
Passive Test:  [  1150/?]  eta: ?  loss: 0.0522 (0.0245)  time: 0.0191  data: 0.0070  max mem: 16496
Passive Test:  [  1160/?]  eta: ?  loss: 0.0139 (0.0248)  time: 0.0188  data: 0.0068  max mem: 16496
Passive Test:  [  1170/?]  eta: ?  loss: 0.0253 (0.0249)  time: 0.0192  data: 0.0072  max mem: 16496
Passive Test:  [  1180/?]  eta: ?  loss: 0.0253 (0.0251)  time: 0.0183  data: 0.0061  max mem: 16496
Passive Test:  [  1190/?]  eta: ?  loss: 0.0304 (0.0254)  time: 0.0183  data: 0.0061  max mem: 16496
Passive Test:  [  1200/?]  eta: ?  loss: 0.0249 (0.0256)  time: 0.0188  data: 0.0065  max mem: 16496
Passive Test:  [  1210/?]  eta: ?  loss: 0.0209 (0.0255)  time: 0.0189  data: 0.0065  max mem: 16496
Passive Test:  [  1220/?]  eta: ?  loss: 0.0155 (0.0254)  time: 0.0192  data: 0.0069  max mem: 16496
Passive Test:  [  1230/?]  eta: ?  loss: 0.0089 (0.0253)  time: 0.0200  data: 0.0078  max mem: 16496
Passive Test:  [  1240/?]  eta: ?  loss: 0.0188 (0.0252)  time: 0.0197  data: 0.0075  max mem: 16496
Passive Test:  [  1250/?]  eta: ?  loss: 0.0203 (0.0252)  time: 0.0184  data: 0.0063  max mem: 16496
Passive Test:  [  1260/?]  eta: ?  loss: 0.0173 (0.0252)  time: 0.0187  data: 0.0065  max mem: 16496
Passive Test:  [  1270/?]  eta: ?  loss: 0.0173 (0.0251)  time: 0.0184  data: 0.0063  max mem: 16496
Passive Test:  [  1280/?]  eta: ?  loss: 0.0177 (0.0251)  time: 0.0188  data: 0.0068  max mem: 16496
Passive Test:  [  1290/?]  eta: ?  loss: 0.0186 (0.0251)  time: 0.0197  data: 0.0076  max mem: 16496
Passive Test:  [  1300/?]  eta: ?  loss: 0.0184 (0.0250)  time: 0.0194  data: 0.0073  max mem: 16496
Passive Test:  [  1310/?]  eta: ?  loss: 0.0173 (0.0250)  time: 0.0191  data: 0.0070  max mem: 16496
Passive Test:  [  1320/?]  eta: ?  loss: 0.0223 (0.0250)  time: 0.0184  data: 0.0063  max mem: 16496
Passive Test:  [  1330/?]  eta: ?  loss: 0.0223 (0.0250)  time: 0.0181  data: 0.0059  max mem: 16496
Passive Test:  [  1340/?]  eta: ?  loss: 0.0206 (0.0250)  time: 0.0195  data: 0.0073  max mem: 16496
Passive Test:  [  1350/?]  eta: ?  loss: 0.0178 (0.0249)  time: 0.0199  data: 0.0079  max mem: 16496
Passive Test:  [  1360/?]  eta: ?  loss: 0.0161 (0.0249)  time: 0.0192  data: 0.0072  max mem: 16496
Passive Test:  [  1370/?]  eta: ?  loss: 0.0124 (0.0248)  time: 0.0188  data: 0.0069  max mem: 16496
Passive Test:  [  1380/?]  eta: ?  loss: 0.0130 (0.0248)  time: 0.0184  data: 0.0064  max mem: 16496
Passive Test:  [  1390/?]  eta: ?  loss: 0.0130 (0.0247)  time: 0.0188  data: 0.0068  max mem: 16496
Passive Test:  [  1400/?]  eta: ?  loss: 0.0101 (0.0246)  time: 0.0189  data: 0.0068  max mem: 16496
Passive Test:  [  1410/?]  eta: ?  loss: 0.0112 (0.0246)  time: 0.0186  data: 0.0066  max mem: 16496
Passive Test:  [  1420/?]  eta: ?  loss: 0.0158 (0.0245)  time: 0.0191  data: 0.0070  max mem: 16496
Passive Test:  [  1430/?]  eta: ?  loss: 0.0181 (0.0245)  time: 0.0191  data: 0.0070  max mem: 16496
Passive Test:  [  1440/?]  eta: ?  loss: 0.0156 (0.0244)  time: 0.0197  data: 0.0076  max mem: 16496
Passive Test:  [  1450/?]  eta: ?  loss: 0.0097 (0.0243)  time: 0.0212  data: 0.0090  max mem: 16496
Passive Test:  [  1460/?]  eta: ?  loss: 0.0077 (0.0242)  time: 0.0206  data: 0.0084  max mem: 16496
Passive Test:  [  1470/?]  eta: ?  loss: 0.0076 (0.0242)  time: 0.0189  data: 0.0067  max mem: 16496
Passive Test:  [  1480/?]  eta: ?  loss: 0.0175 (0.0242)  time: 0.0189  data: 0.0066  max mem: 16496
Passive Test:  [  1490/?]  eta: ?  loss: 0.0203 (0.0242)  time: 0.0188  data: 0.0066  max mem: 16496
Passive Test:  [  1500/?]  eta: ?  loss: 0.0100 (0.0241)  time: 0.0184  data: 0.0063  max mem: 16496
Passive Test:  [  1510/?]  eta: ?  loss: 0.0071 (0.0242)  time: 0.0181  data: 0.0061  max mem: 16496
Passive Test:  [  1520/?]  eta: ?  loss: 0.0120 (0.0242)  time: 0.0180  data: 0.0060  max mem: 16496
Passive Test:  [  1530/?]  eta: ?  loss: 0.0120 (0.0242)  time: 0.0189  data: 0.0068  max mem: 16496
Passive Test:  [  1540/?]  eta: ?  loss: 0.0134 (0.0243)  time: 0.0182  data: 0.0061  max mem: 16496
Passive Test:  [  1550/?]  eta: ?  loss: 0.0136 (0.0243)  time: 0.0185  data: 0.0064  max mem: 16496
Passive Test:  [  1560/?]  eta: ?  loss: 0.0202 (0.0243)  time: 0.0192  data: 0.0071  max mem: 16496
Passive Test:  [  1570/?]  eta: ?  loss: 0.0202 (0.0244)  time: 0.0191  data: 0.0070  max mem: 16496
Passive Test:  [  1580/?]  eta: ?  loss: 0.0149 (0.0245)  time: 0.0184  data: 0.0063  max mem: 16496
Passive Test:  [  1590/?]  eta: ?  loss: 0.0154 (0.0245)  time: 0.0189  data: 0.0068  max mem: 16496
Passive Test:  [  1600/?]  eta: ?  loss: 0.0148 (0.0245)  time: 0.0199  data: 0.0077  max mem: 16496
Passive Test:  [  1610/?]  eta: ?  loss: 0.0106 (0.0245)  time: 0.0184  data: 0.0062  max mem: 16496
Passive Test:  [  1620/?]  eta: ?  loss: 0.0095 (0.0244)  time: 0.0177  data: 0.0055  max mem: 16496
Passive Test:  [  1630/?]  eta: ?  loss: 0.0067 (0.0243)  time: 0.0192  data: 0.0071  max mem: 16496
Passive Test:  [  1640/?]  eta: ?  loss: 0.0129 (0.0243)  time: 0.0205  data: 0.0084  max mem: 16496
Passive Test:  [  1650/?]  eta: ?  loss: 0.0135 (0.0242)  time: 0.0193  data: 0.0072  max mem: 16496
Passive Test:  [  1660/?]  eta: ?  loss: 0.0119 (0.0242)  time: 0.0193  data: 0.0072  max mem: 16496
Passive Test:  [  1670/?]  eta: ?  loss: 0.0119 (0.0241)  time: 0.0202  data: 0.0080  max mem: 16496
Passive Test:  [  1680/?]  eta: ?  loss: 0.0113 (0.0240)  time: 0.0213  data: 0.0090  max mem: 16496
Passive Test:  [  1690/?]  eta: ?  loss: 0.0088 (0.0240)  time: 0.0209  data: 0.0087  max mem: 16496
Passive Test:  [  1700/?]  eta: ?  loss: 0.0095 (0.0239)  time: 0.0201  data: 0.0080  max mem: 16496
Passive Test:  [  1710/?]  eta: ?  loss: 0.0155 (0.0239)  time: 0.0204  data: 0.0082  max mem: 16496
Passive Test:  [  1720/?]  eta: ?  loss: 0.0164 (0.0239)  time: 0.0216  data: 0.0092  max mem: 16496
Passive Test:  [  1730/?]  eta: ?  loss: 0.0164 (0.0239)  time: 0.0320  data: 0.0176  max mem: 16496
Passive Test:  [  1740/?]  eta: ?  loss: 0.0151 (0.0238)  time: 0.0311  data: 0.0156  max mem: 16496
Passive Test:  [  1750/?]  eta: ?  loss: 0.0147 (0.0238)  time: 0.0220  data: 0.0084  max mem: 16496
Passive Test:  [  1760/?]  eta: ?  loss: 0.0130 (0.0238)  time: 0.0226  data: 0.0099  max mem: 16496
Passive Test:  [  1770/?]  eta: ?  loss: 0.0117 (0.0237)  time: 0.0231  data: 0.0104  max mem: 16496
Passive Test:  [  1780/?]  eta: ?  loss: 0.0221 (0.0239)  time: 0.0248  data: 0.0122  max mem: 16496
Passive Test:  [  1790/?]  eta: ?  loss: 0.0263 (0.0239)  time: 0.0235  data: 0.0109  max mem: 16496
Passive Test:  [  1800/?]  eta: ?  loss: 0.0148 (0.0241)  time: 0.0214  data: 0.0090  max mem: 16496
Passive Test:  [  1810/?]  eta: ?  loss: 0.0250 (0.0241)  time: 0.0196  data: 0.0075  max mem: 16496
Passive Test:  [  1820/?]  eta: ?  loss: 0.0250 (0.0243)  time: 0.0192  data: 0.0071  max mem: 16496
Passive Test:  [  1830/?]  eta: ?  loss: 0.0281 (0.0244)  time: 0.0194  data: 0.0073  max mem: 16496
Passive Test:  [  1840/?]  eta: ?  loss: 0.0238 (0.0245)  time: 0.0185  data: 0.0063  max mem: 16496
Passive Test:  [  1850/?]  eta: ?  loss: 0.0189 (0.0245)  time: 0.0187  data: 0.0065  max mem: 16496
Passive Test:  [  1860/?]  eta: ?  loss: 0.0238 (0.0246)  time: 0.0202  data: 0.0081  max mem: 16496
Passive Test:  [  1870/?]  eta: ?  loss: 0.0274 (0.0246)  time: 0.0209  data: 0.0088  max mem: 16496
Passive Test:  [  1880/?]  eta: ?  loss: 0.0217 (0.0246)  time: 0.0213  data: 0.0092  max mem: 16496
Passive Test:  [  1890/?]  eta: ?  loss: 0.0156 (0.0245)  time: 0.0208  data: 0.0087  max mem: 16496
Passive Test:  [  1900/?]  eta: ?  loss: 0.0194 (0.0245)  time: 0.0192  data: 0.0071  max mem: 16496
Passive Test:  [  1910/?]  eta: ?  loss: 0.0276 (0.0246)  time: 0.0189  data: 0.0068  max mem: 16496
Passive Test:  [  1920/?]  eta: ?  loss: 0.0153 (0.0245)  time: 0.0196  data: 0.0074  max mem: 16496
Passive Test:  [  1930/?]  eta: ?  loss: 0.0122 (0.0245)  time: 0.0202  data: 0.0080  max mem: 16496
Passive Test:  [  1940/?]  eta: ?  loss: 0.0149 (0.0244)  time: 0.0202  data: 0.0081  max mem: 16496
Passive Test:  [  1950/?]  eta: ?  loss: 0.0143 (0.0244)  time: 0.0201  data: 0.0081  max mem: 16496
Passive Test:  [  1960/?]  eta: ?  loss: 0.0127 (0.0243)  time: 0.0210  data: 0.0088  max mem: 16496
Passive Test:  [  1970/?]  eta: ?  loss: 0.0121 (0.0243)  time: 0.0209  data: 0.0087  max mem: 16496
Passive Test:  [  1980/?]  eta: ?  loss: 0.0158 (0.0243)  time: 0.0196  data: 0.0075  max mem: 16496
Passive Test:  [  1990/?]  eta: ?  loss: 0.0176 (0.0243)  time: 0.0196  data: 0.0075  max mem: 16496
Passive Test:  [  2000/?]  eta: ?  loss: 0.0211 (0.0244)  time: 0.0207  data: 0.0084  max mem: 16496
Passive Test:  [  2010/?]  eta: ?  loss: 0.0265 (0.0244)  time: 0.0209  data: 0.0085  max mem: 16496
Passive Test:  [  2020/?]  eta: ?  loss: 0.0297 (0.0244)  time: 0.0207  data: 0.0084  max mem: 16496
Passive Test:  [  2030/?]  eta: ?  loss: 0.0283 (0.0246)  time: 0.0210  data: 0.0088  max mem: 16496
Passive Test:  [  2040/?]  eta: ?  loss: 0.0244 (0.0246)  time: 0.0204  data: 0.0082  max mem: 16496
Passive Test:  [  2050/?]  eta: ?  loss: 0.0185 (0.0246)  time: 0.0201  data: 0.0080  max mem: 16496
Passive Test:  [  2060/?]  eta: ?  loss: 0.0219 (0.0247)  time: 0.0199  data: 0.0079  max mem: 16496
Passive Test:  [  2070/?]  eta: ?  loss: 0.0219 (0.0247)  time: 0.0195  data: 0.0075  max mem: 16496
Passive Test:  [  2080/?]  eta: ?  loss: 0.0202 (0.0246)  time: 0.0196  data: 0.0076  max mem: 16496
Passive Test:  [  2090/?]  eta: ?  loss: 0.0202 (0.0246)  time: 0.0201  data: 0.0080  max mem: 16496
Passive Test:  [  2100/?]  eta: ?  loss: 0.0231 (0.0247)  time: 0.0203  data: 0.0083  max mem: 16496
Passive Test:  [  2110/?]  eta: ?  loss: 0.0417 (0.0249)  time: 0.0214  data: 0.0093  max mem: 16496
Passive Test:  [  2120/?]  eta: ?  loss: 0.0446 (0.0252)  time: 0.0235  data: 0.0113  max mem: 16496
Passive Test:  [  2130/?]  eta: ?  loss: 0.0446 (0.0254)  time: 0.0221  data: 0.0100  max mem: 16496
Passive Test:  [  2140/?]  eta: ?  loss: 0.0232 (0.0255)  time: 0.0219  data: 0.0098  max mem: 16496
Passive Test:  [  2150/?]  eta: ?  loss: 0.0425 (0.0257)  time: 0.0220  data: 0.0099  max mem: 16496
Passive Test:  [  2160/?]  eta: ?  loss: 0.0425 (0.0258)  time: 0.0193  data: 0.0072  max mem: 16496
Passive Test:  [  2170/?]  eta: ?  loss: 0.0305 (0.0259)  time: 0.0201  data: 0.0078  max mem: 16496
Passive Test:  [  2180/?]  eta: ?  loss: 0.0273 (0.0259)  time: 0.0211  data: 0.0088  max mem: 16496
Passive Test:  [  2190/?]  eta: ?  loss: 0.0273 (0.0259)  time: 0.0193  data: 0.0071  max mem: 16496
Passive Test:  [  2200/?]  eta: ?  loss: 0.0244 (0.0260)  time: 0.0187  data: 0.0066  max mem: 16496
Passive Test:  [  2210/?]  eta: ?  loss: 0.0217 (0.0260)  time: 0.0201  data: 0.0080  max mem: 16496
Passive Test:  [  2220/?]  eta: ?  loss: 0.0147 (0.0260)  time: 0.0206  data: 0.0085  max mem: 16496
Passive Test:  [  2230/?]  eta: ?  loss: 0.0106 (0.0260)  time: 0.0203  data: 0.0081  max mem: 16496
Passive Test:  [  2240/?]  eta: ?  loss: 0.0103 (0.0259)  time: 0.0193  data: 0.0072  max mem: 16496
Passive Test:  [  2250/?]  eta: ?  loss: 0.0103 (0.0258)  time: 0.0189  data: 0.0068  max mem: 16496
Passive Test:  [  2260/?]  eta: ?  loss: 0.0098 (0.0258)  time: 0.0206  data: 0.0086  max mem: 16496
Passive Test:  [  2270/?]  eta: ?  loss: 0.0186 (0.0258)  time: 0.0211  data: 0.0091  max mem: 16496
Passive Test:  [  2280/?]  eta: ?  loss: 0.0211 (0.0258)  time: 0.0202  data: 0.0081  max mem: 16496
Passive Test:  [  2290/?]  eta: ?  loss: 0.0212 (0.0259)  time: 0.0196  data: 0.0075  max mem: 16496
Passive Test:  [  2300/?]  eta: ?  loss: 0.0305 (0.0260)  time: 0.0206  data: 0.0084  max mem: 16496
Passive Test:  [  2310/?]  eta: ?  loss: 0.0324 (0.0260)  time: 0.0212  data: 0.0090  max mem: 16496
Passive Test:  [  2320/?]  eta: ?  loss: 0.0184 (0.0260)  time: 0.0199  data: 0.0077  max mem: 16496
Passive Test:  [  2330/?]  eta: ?  loss: 0.0156 (0.0260)  time: 0.0202  data: 0.0081  max mem: 16496
Passive Test:  [  2340/?]  eta: ?  loss: 0.0096 (0.0260)  time: 0.0207  data: 0.0087  max mem: 16496
Passive Test:  [  2350/?]  eta: ?  loss: 0.0065 (0.0259)  time: 0.0201  data: 0.0081  max mem: 16496
Passive Test:  [  2360/?]  eta: ?  loss: 0.0090 (0.0259)  time: 0.0195  data: 0.0075  max mem: 16496
Passive Test:  [  2370/?]  eta: ?  loss: 0.0140 (0.0259)  time: 0.0191  data: 0.0069  max mem: 16496
Passive Test:  [  2380/?]  eta: ?  loss: 0.0139 (0.0258)  time: 0.0190  data: 0.0068  max mem: 16496
Passive Test:  [  2390/?]  eta: ?  loss: 0.0137 (0.0258)  time: 0.0192  data: 0.0071  max mem: 16496
Passive Test:  [  2400/?]  eta: ?  loss: 0.0137 (0.0258)  time: 0.0192  data: 0.0070  max mem: 16496
Passive Test:  [  2410/?]  eta: ?  loss: 0.0119 (0.0257)  time: 0.0190  data: 0.0070  max mem: 16496
Passive Test:  [  2420/?]  eta: ?  loss: 0.0256 (0.0258)  time: 0.0200  data: 0.0080  max mem: 16496
Passive Test:  [  2430/?]  eta: ?  loss: 0.0329 (0.0258)  time: 0.0209  data: 0.0088  max mem: 16496
Passive Test:  [  2440/?]  eta: ?  loss: 0.0384 (0.0259)  time: 0.0204  data: 0.0081  max mem: 16496
Passive Test:  [  2450/?]  eta: ?  loss: 0.0384 (0.0260)  time: 0.0222  data: 0.0093  max mem: 16496
Passive Test:  [  2460/?]  eta: ?  loss: 0.0298 (0.0260)  time: 0.0249  data: 0.0120  max mem: 16496
Passive Test:  [  2470/?]  eta: ?  loss: 0.0226 (0.0260)  time: 0.0227  data: 0.0103  max mem: 16496
Passive Test:  [  2480/?]  eta: ?  loss: 0.0241 (0.0260)  time: 0.0204  data: 0.0082  max mem: 16496
Passive Test:  [  2490/?]  eta: ?  loss: 0.0246 (0.0260)  time: 0.0195  data: 0.0075  max mem: 16496
Passive Test:  [  2500/?]  eta: ?  loss: 0.0179 (0.0260)  time: 0.0191  data: 0.0070  max mem: 16496
Passive Test:  [  2510/?]  eta: ?  loss: 0.0144 (0.0260)  time: 0.0190  data: 0.0070  max mem: 16496
Passive Test:  [  2520/?]  eta: ?  loss: 0.0144 (0.0260)  time: 0.0198  data: 0.0077  max mem: 16496
Passive Test:  [  2530/?]  eta: ?  loss: 0.0171 (0.0260)  time: 0.0208  data: 0.0087  max mem: 16496
Passive Test:  [  2540/?]  eta: ?  loss: 0.0148 (0.0260)  time: 0.0209  data: 0.0087  max mem: 16496
Passive Test:  [  2550/?]  eta: ?  loss: 0.0148 (0.0260)  time: 0.0204  data: 0.0078  max mem: 16496
Passive Test:  [  2560/?]  eta: ?  loss: 0.0177 (0.0260)  time: 0.0205  data: 0.0078  max mem: 16496
Passive Test:  [  2570/?]  eta: ?  loss: 0.0177 (0.0260)  time: 0.0207  data: 0.0080  max mem: 16496
Passive Test:  [  2580/?]  eta: ?  loss: 0.0158 (0.0260)  time: 0.0192  data: 0.0068  max mem: 16496
Passive Test:  [  2590/?]  eta: ?  loss: 0.0158 (0.0260)  time: 0.0191  data: 0.0069  max mem: 16496
Passive Test:  [  2600/?]  eta: ?  loss: 0.0161 (0.0260)  time: 0.0190  data: 0.0069  max mem: 16496
Passive Test:  [  2610/?]  eta: ?  loss: 0.0066 (0.0260)  time: 0.0192  data: 0.0071  max mem: 16496
Passive Test:  [  2620/?]  eta: ?  loss: 0.0078 (0.0259)  time: 0.0200  data: 0.0078  max mem: 16496
Passive Test:  [  2630/?]  eta: ?  loss: 0.0086 (0.0258)  time: 0.0209  data: 0.0087  max mem: 16496
Passive Test:  [  2640/?]  eta: ?  loss: 0.0079 (0.0258)  time: 0.0198  data: 0.0076  max mem: 16496
Passive Test:  [  2650/?]  eta: ?  loss: 0.0123 (0.0258)  time: 0.0183  data: 0.0062  max mem: 16496
Passive Test:  [  2660/?]  eta: ?  loss: 0.0146 (0.0258)  time: 0.0189  data: 0.0069  max mem: 16496
Passive Test:  [  2670/?]  eta: ?  loss: 0.0181 (0.0259)  time: 0.0192  data: 0.0071  max mem: 16496
Passive Test:  [  2680/?]  eta: ?  loss: 0.0270 (0.0259)  time: 0.0200  data: 0.0077  max mem: 16496
Passive Test:  [  2690/?]  eta: ?  loss: 0.0459 (0.0260)  time: 0.0202  data: 0.0078  max mem: 16496
Passive Test:  [  2700/?]  eta: ?  loss: 0.0543 (0.0261)  time: 0.0187  data: 0.0064  max mem: 16496
Passive Test:  [  2710/?]  eta: ?  loss: 0.0422 (0.0262)  time: 0.0198  data: 0.0075  max mem: 16496
Passive Test:  [  2720/?]  eta: ?  loss: 0.0318 (0.0262)  time: 0.0201  data: 0.0078  max mem: 16496
Passive Test:  [  2730/?]  eta: ?  loss: 0.0217 (0.0263)  time: 0.0190  data: 0.0068  max mem: 16496
Passive Test:  [  2740/?]  eta: ?  loss: 0.0133 (0.0263)  time: 0.0196  data: 0.0074  max mem: 16496
Passive Test:  [  2750/?]  eta: ?  loss: 0.0211 (0.0263)  time: 0.0192  data: 0.0071  max mem: 16496
Passive Test:  [  2760/?]  eta: ?  loss: 0.0205 (0.0263)  time: 0.0186  data: 0.0065  max mem: 16496
Passive Test:  [  2770/?]  eta: ?  loss: 0.0181 (0.0263)  time: 0.0186  data: 0.0065  max mem: 16496
Passive Test:  [  2780/?]  eta: ?  loss: 0.0177 (0.0263)  time: 0.0200  data: 0.0079  max mem: 16496
Passive Test:  [  2790/?]  eta: ?  loss: 0.0178 (0.0263)  time: 0.0209  data: 0.0088  max mem: 16496
Passive Test:  [  2800/?]  eta: ?  loss: 0.0234 (0.0263)  time: 0.0201  data: 0.0081  max mem: 16496
Passive Test:  [  2810/?]  eta: ?  loss: 0.0219 (0.0263)  time: 0.0189  data: 0.0069  max mem: 16496
Passive Test:  [  2820/?]  eta: ?  loss: 0.0201 (0.0265)  time: 0.0188  data: 0.0068  max mem: 16496
Passive Test:  [  2830/?]  eta: ?  loss: 0.0246 (0.0267)  time: 0.0190  data: 0.0070  max mem: 16496
Passive Test:  [  2840/?]  eta: ?  loss: 0.0130 (0.0268)  time: 0.0188  data: 0.0067  max mem: 16496
Passive Test:  [  2850/?]  eta: ?  loss: 0.0098 (0.0270)  time: 0.0198  data: 0.0078  max mem: 16496
Passive Test:  [  2860/?]  eta: ?  loss: 0.0098 (0.0271)  time: 0.0196  data: 0.0074  max mem: 16496
Passive Test:  [  2870/?]  eta: ?  loss: 0.0117 (0.0272)  time: 0.0183  data: 0.0062  max mem: 16496
Passive Test:  [  2880/?]  eta: ?  loss: 0.0113 (0.0272)  time: 0.0180  data: 0.0059  max mem: 16496
Passive Test:  [  2890/?]  eta: ?  loss: 0.0072 (0.0271)  time: 0.0191  data: 0.0069  max mem: 16496
Passive Test:  [  2900/?]  eta: ?  loss: 0.0102 (0.0271)  time: 0.0189  data: 0.0067  max mem: 16496
Passive Test:  [  2910/?]  eta: ?  loss: 0.0120 (0.0271)  time: 0.0196  data: 0.0074  max mem: 16496
Passive Test:  [  2920/?]  eta: ?  loss: 0.0170 (0.0270)  time: 0.0186  data: 0.0064  max mem: 16496
Passive Test:  [  2930/?]  eta: ?  loss: 0.0170 (0.0270)  time: 0.0183  data: 0.0062  max mem: 16496
Passive Test:  [  2940/?]  eta: ?  loss: 0.0216 (0.0270)  time: 0.0196  data: 0.0074  max mem: 16496
Passive Test:  [  2950/?]  eta: ?  loss: 0.0173 (0.0270)  time: 0.0187  data: 0.0064  max mem: 16496
Passive Test:  [  2960/?]  eta: ?  loss: 0.0173 (0.0270)  time: 0.0195  data: 0.0073  max mem: 16496
Passive Test:  [  2970/?]  eta: ?  loss: 0.0162 (0.0269)  time: 0.0198  data: 0.0076  max mem: 16496
Passive Test:  [  2980/?]  eta: ?  loss: 0.0166 (0.0270)  time: 0.0182  data: 0.0060  max mem: 16496
Passive Test:  [  2990/?]  eta: ?  loss: 0.0227 (0.0270)  time: 0.0191  data: 0.0071  max mem: 16496
Passive Test:  [  3000/?]  eta: ?  loss: 0.0183 (0.0269)  time: 0.0192  data: 0.0069  max mem: 16496
Passive Test:  [  3010/?]  eta: ?  loss: 0.0101 (0.0269)  time: 0.0176  data: 0.0053  max mem: 16496
Passive Test:  [  3020/?]  eta: ?  loss: 0.0116 (0.0269)  time: 0.0185  data: 0.0064  max mem: 16496
Passive Test:  [  3030/?]  eta: ?  loss: 0.0094 (0.0268)  time: 0.0187  data: 0.0066  max mem: 16496
Passive Test:  [  3040/?]  eta: ?  loss: 0.0094 (0.0268)  time: 0.0191  data: 0.0070  max mem: 16496
Passive Test:  [  3050/?]  eta: ?  loss: 0.0146 (0.0267)  time: 0.0200  data: 0.0078  max mem: 16496
Passive Test:  [  3060/?]  eta: ?  loss: 0.0168 (0.0267)  time: 0.0210  data: 0.0087  max mem: 16496
Passive Test:  [  3070/?]  eta: ?  loss: 0.0168 (0.0267)  time: 0.0195  data: 0.0073  max mem: 16496
Passive Test:  [  3080/?]  eta: ?  loss: 0.0158 (0.0267)  time: 0.0186  data: 0.0066  max mem: 16496
Passive Test:  [  3090/?]  eta: ?  loss: 0.0148 (0.0266)  time: 0.0194  data: 0.0074  max mem: 16496
Passive Test:  [  3100/?]  eta: ?  loss: 0.0089 (0.0266)  time: 0.0195  data: 0.0074  max mem: 16496
Passive Test:  [  3110/?]  eta: ?  loss: 0.0089 (0.0265)  time: 0.0202  data: 0.0081  max mem: 16496
Passive Test:  [  3120/?]  eta: ?  loss: 0.0112 (0.0265)  time: 0.0227  data: 0.0099  max mem: 16496
Passive Test:  [  3130/?]  eta: ?  loss: 0.0134 (0.0264)  time: 0.0238  data: 0.0107  max mem: 16496
Passive Test:  [  3140/?]  eta: ?  loss: 0.0171 (0.0264)  time: 0.0233  data: 0.0100  max mem: 16496
Passive Test:  [  3150/?]  eta: ?  loss: 0.0225 (0.0264)  time: 0.0251  data: 0.0106  max mem: 16496
Passive Test:  [  3160/?]  eta: ?  loss: 0.0309 (0.0264)  time: 0.0253  data: 0.0110  max mem: 16496
Passive Test:  [  3170/?]  eta: ?  loss: 0.0205 (0.0264)  time: 0.0230  data: 0.0094  max mem: 16496
Passive Test:  [  3180/?]  eta: ?  loss: 0.0106 (0.0264)  time: 0.0235  data: 0.0100  max mem: 16496
Passive Test: Total time: 0:01:03 (0.0200 s / it)
* loss 0.026
  ACTIVE Test MAE (years): 2.0316 (n=35,284)
  PASSIVE Test MAE (years): 2.0688 (n=204,188)
  → Epoch  20/50 | Train Loss: 0.0027 | Val Loss: 0.0263 | Train score (1/(1+norm_MAE)): 0.9700 | Val MAE (years): 2.0629 | LR: 0.000001
Best val MAE (years): 1.9149, test MAE at best val: 1.8538
  Test segment MAE: 2.0429 | participant median MAE: 1.7706 | participant mean MAE: 1.7582
Epoch: [20]  [     0/?]  eta: ?  lr: 0.000378  min_lr: 0.000001  loss: 0.0022 (0.0022)  class_acc: 0.9700 (0.9700)  loss_scale: 137438953472.0000 (137438953472.0000)  weight_decay: 0.0500 (0.0500)  grad_norm: 1.2404 (1.2404)  time: 5.7198  data: 5.2699  max mem: 16496
Epoch: [20]  [   500/?]  eta: ?  lr: 0.000377  min_lr: 0.000001  loss: 0.0024 (0.0025)  class_acc: 0.9717 (0.9707)  loss_scale: 137438953472.0000 (137438953472.0000)  weight_decay: 0.0500 (0.0500)  grad_norm: 0.8481 (1.0907)  time: 0.4291  data: 0.0002  max mem: 16496
Epoch: [20]  [  1000/?]  eta: ?  lr: 0.000377  min_lr: 0.000001  loss: 0.0025 (0.0025)  class_acc: 0.9712 (0.9709)  loss_scale: 274877906944.0000 (198126283576.5195)  weight_decay: 0.0500 (0.0500)  grad_norm: 0.9030 (1.1024)  time: 0.4312  data: 0.0002  max mem: 16496
Epoch: [20]  [  1500/?]  eta: ?  lr: 0.000377  min_lr: 0.000001  loss: 0.0022 (0.0025)  class_acc: 0.9718 (0.9709)  loss_scale: 274877906944.0000 (223693113479.0779)  weight_decay: 0.0500 (0.0500)  grad_norm: 0.7580 (1.1086)  time: 0.4315  data: 0.0003  max mem: 16496
Epoch: [20]  [  2000/?]  eta: ?  lr: 0.000377  min_lr: 0.000001  loss: 0.0020 (0.0025)  class_acc: 0.9729 (0.9710)  loss_scale: 274877906944.0000 (236482916943.5762)  weight_decay: 0.0500 (0.0500)  grad_norm: 0.7303 (1.1188)  time: 0.4308  data: 0.0002  max mem: 16496
Epoch: [20] Total time: 0:15:51 (0.4381 s / it)
Val:  [     0/?]  eta: ?  loss: 0.0347 (0.0347)  time: 2.3060  data: 2.1404  max mem: 16496
Val:  [    10/?]  eta: ?  loss: 0.0225 (0.0294)  time: 0.3616  data: 0.1948  max mem: 16496
Val:  [    20/?]  eta: ?  loss: 0.0192 (0.0240)  time: 0.1672  data: 0.0003  max mem: 16496
Val:  [    30/?]  eta: ?  loss: 0.0139 (0.0226)  time: 0.1673  data: 0.0002  max mem: 16496
Val:  [    40/?]  eta: ?  loss: 0.0170 (0.0236)  time: 0.1673  data: 0.0002  max mem: 16496
Val:  [    50/?]  eta: ?  loss: 0.0286 (0.0245)  time: 0.1674  data: 0.0002  max mem: 16496
Val:  [    60/?]  eta: ?  loss: 0.0312 (0.0284)  time: 0.1674  data: 0.0002  max mem: 16496
Val:  [    70/?]  eta: ?  loss: 0.0157 (0.0275)  time: 0.1674  data: 0.0003  max mem: 16496
Val:  [    80/?]  eta: ?  loss: 0.0197 (0.0275)  time: 0.1674  data: 0.0003  max mem: 16496
Val:  [    90/?]  eta: ?  loss: 0.0214 (0.0269)  time: 0.1675  data: 0.0004  max mem: 16496
Val:  [   100/?]  eta: ?  loss: 0.0248 (0.0268)  time: 0.1675  data: 0.0004  max mem: 16496
Val:  [   110/?]  eta: ?  loss: 0.0242 (0.0266)  time: 0.1674  data: 0.0003  max mem: 16496
Val:  [   120/?]  eta: ?  loss: 0.0199 (0.0273)  time: 0.1675  data: 0.0003  max mem: 16496
Val:  [   130/?]  eta: ?  loss: 0.0227 (0.0272)  time: 0.1675  data: 0.0003  max mem: 16496
Val:  [   140/?]  eta: ?  loss: 0.0209 (0.0272)  time: 0.1675  data: 0.0003  max mem: 16496
Val:  [   150/?]  eta: ?  loss: 0.0183 (0.0274)  time: 0.1676  data: 0.0003  max mem: 16496
Val:  [   160/?]  eta: ?  loss: 0.0169 (0.0274)  time: 0.1676  data: 0.0004  max mem: 16496
Val:  [   170/?]  eta: ?  loss: 0.0227 (0.0275)  time: 0.1676  data: 0.0004  max mem: 16496
Val:  [   180/?]  eta: ?  loss: 0.0227 (0.0272)  time: 0.1677  data: 0.0003  max mem: 16496
Val:  [   190/?]  eta: ?  loss: 0.0145 (0.0266)  time: 0.1676  data: 0.0003  max mem: 16496
Val:  [   200/?]  eta: ?  loss: 0.0150 (0.0266)  time: 0.1676  data: 0.0003  max mem: 16496
Val:  [   210/?]  eta: ?  loss: 0.0208 (0.0268)  time: 0.1676  data: 0.0003  max mem: 16496
Val:  [   220/?]  eta: ?  loss: 0.0185 (0.0264)  time: 0.1676  data: 0.0003  max mem: 16496
Val:  [   230/?]  eta: ?  loss: 0.0170 (0.0264)  time: 0.1677  data: 0.0003  max mem: 16496
Val:  [   240/?]  eta: ?  loss: 0.0171 (0.0264)  time: 0.1676  data: 0.0003  max mem: 16496
Val:  [   250/?]  eta: ?  loss: 0.0172 (0.0268)  time: 0.1677  data: 0.0003  max mem: 16496
Val:  [   260/?]  eta: ?  loss: 0.0191 (0.0269)  time: 0.1677  data: 0.0003  max mem: 16496
Val:  [   270/?]  eta: ?  loss: 0.0238 (0.0272)  time: 0.1676  data: 0.0003  max mem: 16496
Val:  [   280/?]  eta: ?  loss: 0.0238 (0.0271)  time: 0.1677  data: 0.0003  max mem: 16496
Val:  [   290/?]  eta: ?  loss: 0.0138 (0.0269)  time: 0.1676  data: 0.0003  max mem: 16496
Val:  [   300/?]  eta: ?  loss: 0.0166 (0.0267)  time: 0.1676  data: 0.0003  max mem: 16496
Val:  [   310/?]  eta: ?  loss: 0.0205 (0.0265)  time: 0.1661  data: 0.0003  max mem: 16496
Val: Total time: 0:00:54 (0.1743 s / it)
* loss 0.026
Test:  [     0/?]  eta: ?  loss: 0.0152 (0.0152)  time: 1.9125  data: 1.7470  max mem: 16496
Test:  [    10/?]  eta: ?  loss: 0.0170 (0.0221)  time: 0.3270  data: 0.1603  max mem: 16496
Test:  [    20/?]  eta: ?  loss: 0.0175 (0.0208)  time: 0.1679  data: 0.0010  max mem: 16496
Test:  [    30/?]  eta: ?  loss: 0.0177 (0.0204)  time: 0.1674  data: 0.0004  max mem: 16496
Test:  [    40/?]  eta: ?  loss: 0.0186 (0.0208)  time: 0.1674  data: 0.0003  max mem: 16496
Test:  [    50/?]  eta: ?  loss: 0.0175 (0.0204)  time: 0.1674  data: 0.0003  max mem: 16496
Test:  [    60/?]  eta: ?  loss: 0.0175 (0.0197)  time: 0.1674  data: 0.0003  max mem: 16496
Test:  [    70/?]  eta: ?  loss: 0.0146 (0.0195)  time: 0.1674  data: 0.0003  max mem: 16496
Test:  [    80/?]  eta: ?  loss: 0.0182 (0.0196)  time: 0.1675  data: 0.0004  max mem: 16496
Test:  [    90/?]  eta: ?  loss: 0.0234 (0.0209)  time: 0.1674  data: 0.0004  max mem: 16496
Test:  [   100/?]  eta: ?  loss: 0.0254 (0.0219)  time: 0.1674  data: 0.0003  max mem: 16496
Test:  [   110/?]  eta: ?  loss: 0.0254 (0.0222)  time: 0.1674  data: 0.0003  max mem: 16496
Test:  [   120/?]  eta: ?  loss: 0.0187 (0.0228)  time: 0.1674  data: 0.0003  max mem: 16496
Test:  [   130/?]  eta: ?  loss: 0.0160 (0.0225)  time: 0.1674  data: 0.0003  max mem: 16496
Test:  [   140/?]  eta: ?  loss: 0.0160 (0.0229)  time: 0.1674  data: 0.0003  max mem: 16496
Test:  [   150/?]  eta: ?  loss: 0.0246 (0.0235)  time: 0.1674  data: 0.0003  max mem: 16496
Test:  [   160/?]  eta: ?  loss: 0.0246 (0.0236)  time: 0.1674  data: 0.0003  max mem: 16496
Test:  [   170/?]  eta: ?  loss: 0.0238 (0.0240)  time: 0.1674  data: 0.0003  max mem: 16496
Test:  [   180/?]  eta: ?  loss: 0.0210 (0.0241)  time: 0.1675  data: 0.0003  max mem: 16496
Test:  [   190/?]  eta: ?  loss: 0.0192 (0.0238)  time: 0.1675  data: 0.0004  max mem: 16496
Test:  [   200/?]  eta: ?  loss: 0.0170 (0.0239)  time: 0.1674  data: 0.0004  max mem: 16496
Test:  [   210/?]  eta: ?  loss: 0.0171 (0.0240)  time: 0.1674  data: 0.0003  max mem: 16496
Test:  [   220/?]  eta: ?  loss: 0.0168 (0.0243)  time: 0.1674  data: 0.0003  max mem: 16496
Test:  [   230/?]  eta: ?  loss: 0.0190 (0.0242)  time: 0.1674  data: 0.0003  max mem: 16496
Test:  [   240/?]  eta: ?  loss: 0.0190 (0.0240)  time: 0.1674  data: 0.0003  max mem: 16496
Test:  [   250/?]  eta: ?  loss: 0.0157 (0.0238)  time: 0.1675  data: 0.0003  max mem: 16496
Test:  [   260/?]  eta: ?  loss: 0.0165 (0.0237)  time: 0.1675  data: 0.0003  max mem: 16496
Test:  [   270/?]  eta: ?  loss: 0.0184 (0.0236)  time: 0.1674  data: 0.0003  max mem: 16496
Test:  [   280/?]  eta: ?  loss: 0.0179 (0.0243)  time: 0.1674  data: 0.0003  max mem: 16496
Test:  [   290/?]  eta: ?  loss: 0.0164 (0.0242)  time: 0.1675  data: 0.0003  max mem: 16496
Test:  [   300/?]  eta: ?  loss: 0.0298 (0.0247)  time: 0.1674  data: 0.0003  max mem: 16496
Test:  [   310/?]  eta: ?  loss: 0.0319 (0.0255)  time: 0.1336  data: 0.0003  max mem: 16496
Test: Total time: 0:00:53 (0.1705 s / it)
* loss 0.025
  → Epoch  21/50 | Train Loss: 0.0025 | Val Loss: 0.0264 | Train score (1/(1+norm_MAE)): 0.9711 | Val MAE (years): 2.0656 | LR: 0.000001
Best val MAE (years): 1.9149, test MAE at best val: 1.8538
  Test segment MAE: 2.0437 | participant median MAE: 1.7949 | participant mean MAE: 1.7785
Epoch: [21]  [     0/?]  eta: ?  lr: 0.000362  min_lr: 0.000001  loss: 0.0026 (0.0026)  class_acc: 0.9703 (0.9703)  loss_scale: 274877906944.0000 (274877906944.0000)  weight_decay: 0.0500 (0.0500)  grad_norm: 1.7998 (1.7998)  time: 7.6424  data: 7.2047  max mem: 16496
Epoch: [21]  [   500/?]  eta: ?  lr: 0.000362  min_lr: 0.000001  loss: 0.0022 (0.0023)  class_acc: 0.9721 (0.9720)  loss_scale: 549755813888.0000 (337424975589.9401)  weight_decay: 0.0500 (0.0500)  grad_norm: 1.0368 (1.0950)  time: 0.4297  data: 0.0002  max mem: 16496
Epoch: [21]  [  1000/?]  eta: ?  lr: 0.000362  min_lr: 0.000001  loss: 0.0020 (0.0024)  class_acc: 0.9723 (0.9720)  loss_scale: 549755813888.0000 (443484335379.1808)  weight_decay: 0.0500 (0.0500)  grad_norm: 1.0163 (1.0771)  time: 0.4287  data: 0.0003  max mem: 16496
Epoch: [21]  [  1500/?]  eta: ?  lr: 0.000362  min_lr: 0.000001  loss: 0.0022 (0.0024)  class_acc: 0.9722 (0.9720)  loss_scale: 549755813888.0000 (478884561398.1079)  weight_decay: 0.0500 (0.0500)  grad_norm: 0.9390 (1.0990)  time: 0.4317  data: 0.0002  max mem: 16496
Epoch: [21]  [  2000/?]  eta: ?  lr: 0.000362  min_lr: 0.000001  loss: 0.0021 (0.0023)  class_acc: 0.9727 (0.9721)  loss_scale: 549755813888.0000 (496593520041.2594)  weight_decay: 0.0500 (0.0500)  grad_norm: 0.8255 (1.1033)  time: 0.4315  data: 0.0004  max mem: 16496
Epoch: [21] Total time: 0:15:51 (0.4379 s / it)
Val:  [     0/?]  eta: ?  loss: 0.0370 (0.0370)  time: 2.1589  data: 1.9933  max mem: 16496
Val:  [    10/?]  eta: ?  loss: 0.0236 (0.0313)  time: 0.3482  data: 0.1814  max mem: 16496
Val:  [    20/?]  eta: ?  loss: 0.0173 (0.0252)  time: 0.1673  data: 0.0002  max mem: 16496
Val:  [    30/?]  eta: ?  loss: 0.0155 (0.0233)  time: 0.1674  data: 0.0003  max mem: 16496
Val:  [    40/?]  eta: ?  loss: 0.0214 (0.0244)  time: 0.1674  data: 0.0003  max mem: 16496
Val:  [    50/?]  eta: ?  loss: 0.0247 (0.0251)  time: 0.1674  data: 0.0002  max mem: 16496
Val:  [    60/?]  eta: ?  loss: 0.0247 (0.0290)  time: 0.1675  data: 0.0002  max mem: 16496
Val:  [    70/?]  eta: ?  loss: 0.0155 (0.0280)  time: 0.1674  data: 0.0002  max mem: 16496
Val:  [    80/?]  eta: ?  loss: 0.0196 (0.0282)  time: 0.1675  data: 0.0003  max mem: 16496
Val:  [    90/?]  eta: ?  loss: 0.0209 (0.0275)  time: 0.1675  data: 0.0003  max mem: 16496
Val:  [   100/?]  eta: ?  loss: 0.0194 (0.0270)  time: 0.1675  data: 0.0003  max mem: 16496
Val:  [   110/?]  eta: ?  loss: 0.0194 (0.0265)  time: 0.1675  data: 0.0003  max mem: 16496
Val:  [   120/?]  eta: ?  loss: 0.0204 (0.0271)  time: 0.1675  data: 0.0003  max mem: 16496
Val:  [   130/?]  eta: ?  loss: 0.0221 (0.0272)  time: 0.1675  data: 0.0003  max mem: 16496
Val:  [   140/?]  eta: ?  loss: 0.0233 (0.0274)  time: 0.1675  data: 0.0003  max mem: 16496
Val:  [   150/?]  eta: ?  loss: 0.0216 (0.0276)  time: 0.1676  data: 0.0003  max mem: 16496
Val:  [   160/?]  eta: ?  loss: 0.0197 (0.0275)  time: 0.1676  data: 0.0004  max mem: 16496
Val:  [   170/?]  eta: ?  loss: 0.0257 (0.0278)  time: 0.1677  data: 0.0004  max mem: 16496
Val:  [   180/?]  eta: ?  loss: 0.0247 (0.0276)  time: 0.1677  data: 0.0004  max mem: 16496
Val:  [   190/?]  eta: ?  loss: 0.0168 (0.0272)  time: 0.1677  data: 0.0004  max mem: 16496
Val:  [   200/?]  eta: ?  loss: 0.0170 (0.0270)  time: 0.1677  data: 0.0003  max mem: 16496
Val:  [   210/?]  eta: ?  loss: 0.0237 (0.0271)  time: 0.1676  data: 0.0003  max mem: 16496
Val:  [   220/?]  eta: ?  loss: 0.0176 (0.0267)  time: 0.1676  data: 0.0003  max mem: 16496
Val:  [   230/?]  eta: ?  loss: 0.0174 (0.0267)  time: 0.1677  data: 0.0003  max mem: 16496
Val:  [   240/?]  eta: ?  loss: 0.0180 (0.0267)  time: 0.1676  data: 0.0003  max mem: 16496
Val:  [   250/?]  eta: ?  loss: 0.0169 (0.0271)  time: 0.1677  data: 0.0003  max mem: 16496
Val:  [   260/?]  eta: ?  loss: 0.0235 (0.0272)  time: 0.1677  data: 0.0003  max mem: 16496
Val:  [   270/?]  eta: ?  loss: 0.0248 (0.0274)  time: 0.1676  data: 0.0003  max mem: 16496
Val:  [   280/?]  eta: ?  loss: 0.0225 (0.0272)  time: 0.1677  data: 0.0004  max mem: 16496
Val:  [   290/?]  eta: ?  loss: 0.0122 (0.0270)  time: 0.1677  data: 0.0003  max mem: 16496
Val:  [   300/?]  eta: ?  loss: 0.0150 (0.0268)  time: 0.1676  data: 0.0003  max mem: 16496
Val:  [   310/?]  eta: ?  loss: 0.0154 (0.0266)  time: 0.1661  data: 0.0004  max mem: 16496
Val: Total time: 0:00:54 (0.1739 s / it)
* loss 0.027
Test:  [     0/?]  eta: ?  loss: 0.0122 (0.0122)  time: 2.0966  data: 1.9309  max mem: 16496
Test:  [    10/?]  eta: ?  loss: 0.0177 (0.0233)  time: 0.3428  data: 0.1758  max mem: 16496
Test:  [    20/?]  eta: ?  loss: 0.0177 (0.0211)  time: 0.1675  data: 0.0003  max mem: 16496
Test:  [    30/?]  eta: ?  loss: 0.0179 (0.0208)  time: 0.1676  data: 0.0003  max mem: 16496
Test:  [    40/?]  eta: ?  loss: 0.0184 (0.0207)  time: 0.1675  data: 0.0003  max mem: 16496
Test:  [    50/?]  eta: ?  loss: 0.0197 (0.0206)  time: 0.1675  data: 0.0003  max mem: 16496
Test:  [    60/?]  eta: ?  loss: 0.0201 (0.0202)  time: 0.1675  data: 0.0003  max mem: 16496
Test:  [    70/?]  eta: ?  loss: 0.0169 (0.0204)  time: 0.1675  data: 0.0003  max mem: 16496
Test:  [    80/?]  eta: ?  loss: 0.0208 (0.0206)  time: 0.1676  data: 0.0003  max mem: 16496
Test:  [    90/?]  eta: ?  loss: 0.0224 (0.0214)  time: 0.1676  data: 0.0003  max mem: 16496
Test:  [   100/?]  eta: ?  loss: 0.0231 (0.0225)  time: 0.1675  data: 0.0003  max mem: 16496
Test:  [   110/?]  eta: ?  loss: 0.0231 (0.0229)  time: 0.1675  data: 0.0003  max mem: 16496
Test:  [   120/?]  eta: ?  loss: 0.0223 (0.0236)  time: 0.1676  data: 0.0003  max mem: 16496
Test:  [   130/?]  eta: ?  loss: 0.0196 (0.0233)  time: 0.1676  data: 0.0003  max mem: 16496
Test:  [   140/?]  eta: ?  loss: 0.0181 (0.0235)  time: 0.1676  data: 0.0003  max mem: 16496
Test:  [   150/?]  eta: ?  loss: 0.0259 (0.0240)  time: 0.1676  data: 0.0003  max mem: 16496
Test:  [   160/?]  eta: ?  loss: 0.0262 (0.0241)  time: 0.1676  data: 0.0003  max mem: 16496
Test:  [   170/?]  eta: ?  loss: 0.0203 (0.0245)  time: 0.1675  data: 0.0003  max mem: 16496
Test:  [   180/?]  eta: ?  loss: 0.0204 (0.0246)  time: 0.1675  data: 0.0003  max mem: 16496
Test:  [   190/?]  eta: ?  loss: 0.0194 (0.0244)  time: 0.1676  data: 0.0003  max mem: 16496
Test:  [   200/?]  eta: ?  loss: 0.0187 (0.0245)  time: 0.1676  data: 0.0003  max mem: 16496
Test:  [   210/?]  eta: ?  loss: 0.0203 (0.0245)  time: 0.1676  data: 0.0003  max mem: 16496
Test:  [   220/?]  eta: ?  loss: 0.0187 (0.0247)  time: 0.1676  data: 0.0003  max mem: 16496
Test:  [   230/?]  eta: ?  loss: 0.0216 (0.0248)  time: 0.1676  data: 0.0003  max mem: 16496
Test:  [   240/?]  eta: ?  loss: 0.0208 (0.0246)  time: 0.1676  data: 0.0003  max mem: 16496
Test:  [   250/?]  eta: ?  loss: 0.0174 (0.0244)  time: 0.1676  data: 0.0003  max mem: 16496
Test:  [   260/?]  eta: ?  loss: 0.0169 (0.0243)  time: 0.1675  data: 0.0003  max mem: 16496
Test:  [   270/?]  eta: ?  loss: 0.0170 (0.0241)  time: 0.1675  data: 0.0003  max mem: 16496
Test:  [   280/?]  eta: ?  loss: 0.0175 (0.0248)  time: 0.1675  data: 0.0003  max mem: 16496
Test:  [   290/?]  eta: ?  loss: 0.0168 (0.0246)  time: 0.1675  data: 0.0003  max mem: 16496
Test:  [   300/?]  eta: ?  loss: 0.0245 (0.0251)  time: 0.1675  data: 0.0003  max mem: 16496
Test:  [   310/?]  eta: ?  loss: 0.0354 (0.0259)  time: 0.1337  data: 0.0003  max mem: 16496
Test: Total time: 0:00:53 (0.1712 s / it)
* loss 0.026
  → Epoch  22/50 | Train Loss: 0.0023 | Val Loss: 0.0265 | Train score (1/(1+norm_MAE)): 0.9721 | Val MAE (years): 2.0837 | LR: 0.000001
Best val MAE (years): 1.9149, test MAE at best val: 1.8538
  Test segment MAE: 2.0668 | participant median MAE: 1.7907 | participant mean MAE: 1.7986
Epoch: [22]  [     0/?]  eta: ?  lr: 0.000347  min_lr: 0.000001  loss: 0.0025 (0.0025)  class_acc: 0.9701 (0.9701)  loss_scale: 549755813888.0000 (549755813888.0000)  weight_decay: 0.0500 (0.0500)  grad_norm: 1.2334 (1.2334)  time: 7.5666  data: 7.1357  max mem: 16496
Epoch: [22]  [   500/?]  eta: ?  lr: 0.000347  min_lr: 0.000001  loss: 0.0022 (0.0022)  class_acc: 0.9728 (0.9728)  loss_scale: 1099511627776.0000 (863588474111.4890)  weight_decay: 0.0500 (0.0500)  grad_norm: 0.8044 (1.0996)  time: 0.4301  data: 0.0004  max mem: 16496
Epoch: [22]  [  1000/?]  eta: ?  lr: 0.000347  min_lr: 0.000001  loss: 0.0022 (0.0022)  class_acc: 0.9730 (0.9729)  loss_scale: 1099511627776.0000 (981432207210.6454)  weight_decay: 0.0500 (0.0500)  grad_norm: 1.0492 (1.1100)  time: 0.4299  data: 0.0002  max mem: 16496
Epoch: [22]  [  1500/?]  eta: ?  lr: 0.000347  min_lr: 0.000001  loss: 0.0021 (0.0022)  class_acc: 0.9737 (0.9729)  loss_scale: 1099511627776.0000 (1020765791676.1199)  weight_decay: 0.0500 (0.0500)  grad_norm: 0.9475 (1.1134)  time: 0.4304  data: 0.0002  max mem: 16496
Epoch: [22]  [  2000/?]  eta: ?  lr: 0.000346  min_lr: 0.000001  loss: 0.0019 (0.0022)  class_acc: 0.9739 (0.9730)  loss_scale: 1099511627776.0000 (1040442412390.7327)  weight_decay: 0.0500 (0.0500)  grad_norm: 0.7644 (1.1080)  time: 0.4324  data: 0.0002  max mem: 16496
Epoch: [22] Total time: 0:15:51 (0.4379 s / it)
Val:  [     0/?]  eta: ?  loss: 0.0343 (0.0343)  time: 2.0071  data: 1.8417  max mem: 16496
Val:  [    10/?]  eta: ?  loss: 0.0262 (0.0283)  time: 0.3343  data: 0.1677  max mem: 16496
Val:  [    20/?]  eta: ?  loss: 0.0164 (0.0229)  time: 0.1672  data: 0.0003  max mem: 16496
Val:  [    30/?]  eta: ?  loss: 0.0143 (0.0218)  time: 0.1674  data: 0.0003  max mem: 16496
Val:  [    40/?]  eta: ?  loss: 0.0187 (0.0228)  time: 0.1673  data: 0.0002  max mem: 16496
Val:  [    50/?]  eta: ?  loss: 0.0230 (0.0235)  time: 0.1673  data: 0.0002  max mem: 16496
Val:  [    60/?]  eta: ?  loss: 0.0230 (0.0271)  time: 0.1673  data: 0.0002  max mem: 16496
Val:  [    70/?]  eta: ?  loss: 0.0198 (0.0264)  time: 0.1673  data: 0.0003  max mem: 16496
Val:  [    80/?]  eta: ?  loss: 0.0198 (0.0265)  time: 0.1673  data: 0.0003  max mem: 16496
Val:  [    90/?]  eta: ?  loss: 0.0216 (0.0261)  time: 0.1674  data: 0.0003  max mem: 16496
Val:  [   100/?]  eta: ?  loss: 0.0238 (0.0260)  time: 0.1674  data: 0.0003  max mem: 16496
Val:  [   110/?]  eta: ?  loss: 0.0195 (0.0256)  time: 0.1674  data: 0.0003  max mem: 16496
Val:  [   120/?]  eta: ?  loss: 0.0195 (0.0263)  time: 0.1675  data: 0.0003  max mem: 16496
Val:  [   130/?]  eta: ?  loss: 0.0226 (0.0261)  time: 0.1675  data: 0.0003  max mem: 16496
Val:  [   140/?]  eta: ?  loss: 0.0199 (0.0262)  time: 0.1675  data: 0.0003  max mem: 16496
Val:  [   150/?]  eta: ?  loss: 0.0199 (0.0265)  time: 0.1676  data: 0.0004  max mem: 16496
Val:  [   160/?]  eta: ?  loss: 0.0185 (0.0266)  time: 0.1677  data: 0.0004  max mem: 16496
Val:  [   170/?]  eta: ?  loss: 0.0236 (0.0266)  time: 0.1676  data: 0.0003  max mem: 16496
Val:  [   180/?]  eta: ?  loss: 0.0236 (0.0264)  time: 0.1676  data: 0.0003  max mem: 16496
Val:  [   190/?]  eta: ?  loss: 0.0157 (0.0259)  time: 0.1676  data: 0.0003  max mem: 16496
Val:  [   200/?]  eta: ?  loss: 0.0144 (0.0259)  time: 0.1676  data: 0.0003  max mem: 16496
Val:  [   210/?]  eta: ?  loss: 0.0194 (0.0259)  time: 0.1677  data: 0.0003  max mem: 16496
Val:  [   220/?]  eta: ?  loss: 0.0193 (0.0256)  time: 0.1677  data: 0.0003  max mem: 16496
Val:  [   230/?]  eta: ?  loss: 0.0181 (0.0256)  time: 0.1677  data: 0.0003  max mem: 16496
Val:  [   240/?]  eta: ?  loss: 0.0162 (0.0256)  time: 0.1677  data: 0.0003  max mem: 16496
Val:  [   250/?]  eta: ?  loss: 0.0162 (0.0260)  time: 0.1677  data: 0.0003  max mem: 16496
Val:  [   260/?]  eta: ?  loss: 0.0205 (0.0262)  time: 0.1677  data: 0.0003  max mem: 16496
Val:  [   270/?]  eta: ?  loss: 0.0230 (0.0265)  time: 0.1677  data: 0.0003  max mem: 16496
Val:  [   280/?]  eta: ?  loss: 0.0221 (0.0264)  time: 0.1677  data: 0.0003  max mem: 16496
Val:  [   290/?]  eta: ?  loss: 0.0145 (0.0263)  time: 0.1677  data: 0.0003  max mem: 16496
Val:  [   300/?]  eta: ?  loss: 0.0170 (0.0261)  time: 0.1677  data: 0.0003  max mem: 16496
Val:  [   310/?]  eta: ?  loss: 0.0203 (0.0259)  time: 0.1662  data: 0.0003  max mem: 16496
Val: Total time: 0:00:54 (0.1734 s / it)
* loss 0.026
Test:  [     0/?]  eta: ?  loss: 0.0172 (0.0172)  time: 2.0853  data: 1.9195  max mem: 16496
Test:  [    10/?]  eta: ?  loss: 0.0180 (0.0221)  time: 0.3416  data: 0.1747  max mem: 16496
Test:  [    20/?]  eta: ?  loss: 0.0180 (0.0206)  time: 0.1673  data: 0.0003  max mem: 16496
Test:  [    30/?]  eta: ?  loss: 0.0187 (0.0204)  time: 0.1675  data: 0.0003  max mem: 16496
Test:  [    40/?]  eta: ?  loss: 0.0195 (0.0210)  time: 0.1675  data: 0.0003  max mem: 16496
Test:  [    50/?]  eta: ?  loss: 0.0192 (0.0204)  time: 0.1676  data: 0.0003  max mem: 16496
Test:  [    60/?]  eta: ?  loss: 0.0150 (0.0199)  time: 0.1676  data: 0.0003  max mem: 16496
Test:  [    70/?]  eta: ?  loss: 0.0137 (0.0199)  time: 0.1676  data: 0.0004  max mem: 16496
Test:  [    80/?]  eta: ?  loss: 0.0173 (0.0197)  time: 0.1676  data: 0.0003  max mem: 16496
Test:  [    90/?]  eta: ?  loss: 0.0206 (0.0207)  time: 0.1676  data: 0.0003  max mem: 16496
Test:  [   100/?]  eta: ?  loss: 0.0233 (0.0217)  time: 0.1676  data: 0.0003  max mem: 16496
Test:  [   110/?]  eta: ?  loss: 0.0248 (0.0219)  time: 0.1676  data: 0.0003  max mem: 16496
Test:  [   120/?]  eta: ?  loss: 0.0237 (0.0222)  time: 0.1676  data: 0.0003  max mem: 16496
Test:  [   130/?]  eta: ?  loss: 0.0160 (0.0220)  time: 0.1676  data: 0.0003  max mem: 16496
Test:  [   140/?]  eta: ?  loss: 0.0160 (0.0225)  time: 0.1676  data: 0.0003  max mem: 16496
Test:  [   150/?]  eta: ?  loss: 0.0277 (0.0231)  time: 0.1676  data: 0.0003  max mem: 16496
Test:  [   160/?]  eta: ?  loss: 0.0253 (0.0233)  time: 0.1676  data: 0.0003  max mem: 16496
Test:  [   170/?]  eta: ?  loss: 0.0230 (0.0239)  time: 0.1676  data: 0.0003  max mem: 16496
Test:  [   180/?]  eta: ?  loss: 0.0201 (0.0241)  time: 0.1676  data: 0.0003  max mem: 16496
Test:  [   190/?]  eta: ?  loss: 0.0221 (0.0239)  time: 0.1676  data: 0.0003  max mem: 16496
Test:  [   200/?]  eta: ?  loss: 0.0209 (0.0241)  time: 0.1676  data: 0.0003  max mem: 16496
Test:  [   210/?]  eta: ?  loss: 0.0189 (0.0241)  time: 0.1676  data: 0.0003  max mem: 16496
Test:  [   220/?]  eta: ?  loss: 0.0166 (0.0243)  time: 0.1677  data: 0.0003  max mem: 16496
Test:  [   230/?]  eta: ?  loss: 0.0169 (0.0243)  time: 0.1676  data: 0.0003  max mem: 16496
Test:  [   240/?]  eta: ?  loss: 0.0166 (0.0242)  time: 0.1676  data: 0.0003  max mem: 16496
Test:  [   250/?]  eta: ?  loss: 0.0157 (0.0240)  time: 0.1676  data: 0.0003  max mem: 16496
Test:  [   260/?]  eta: ?  loss: 0.0185 (0.0240)  time: 0.1676  data: 0.0003  max mem: 16496
Test:  [   270/?]  eta: ?  loss: 0.0195 (0.0239)  time: 0.1675  data: 0.0003  max mem: 16496
Test:  [   280/?]  eta: ?  loss: 0.0180 (0.0245)  time: 0.1675  data: 0.0003  max mem: 16496
Test:  [   290/?]  eta: ?  loss: 0.0173 (0.0245)  time: 0.1675  data: 0.0003  max mem: 16496
Test:  [   300/?]  eta: ?  loss: 0.0275 (0.0250)  time: 0.1675  data: 0.0003  max mem: 16496
Test:  [   310/?]  eta: ?  loss: 0.0325 (0.0257)  time: 0.1338  data: 0.0003  max mem: 16496
Test: Total time: 0:00:53 (0.1712 s / it)
* loss 0.026
  → Epoch  23/50 | Train Loss: 0.0022 | Val Loss: 0.0259 | Train score (1/(1+norm_MAE)): 0.9731 | Val MAE (years): 2.0421 | LR: 0.000001
Best val MAE (years): 1.9149, test MAE at best val: 1.8538
  Test segment MAE: 2.0461 | participant median MAE: 1.7446 | participant mean MAE: 1.7473
Epoch: [23]  [     0/?]  eta: ?  lr: 0.000331  min_lr: 0.000001  loss: 0.0019 (0.0019)  class_acc: 0.9735 (0.9735)  loss_scale: 1099511627776.0000 (1099511627776.0000)  weight_decay: 0.0500 (0.0500)  grad_norm: 0.6928 (0.6928)  time: 9.0937  data: 8.6794  max mem: 16496
Epoch: [23]  [   500/?]  eta: ?  lr: 0.000331  min_lr: 0.000001  loss: 0.0019 (0.0021)  class_acc: 0.9741 (0.9738)  loss_scale: 2199023255552.0000 (2104653994086.1956)  weight_decay: 0.0500 (0.0500)  grad_norm: 0.7696 (1.0437)  time: 0.4291  data: 0.0004  max mem: 16496
Epoch: [23]  [  1000/?]  eta: ?  lr: 0.000331  min_lr: 0.000001  loss: 0.0021 (0.0021)  class_acc: 0.9738 (0.9738)  loss_scale: 2199023255552.0000 (2151791487325.8582)  weight_decay: 0.0500 (0.0500)  grad_norm: 0.9277 (1.0451)  time: 0.4271  data: 0.0003  max mem: 16496
Epoch: [23]  [  1500/?]  eta: ?  lr: 0.000330  min_lr: 0.000001  loss: 0.0020 (0.0021)  class_acc: 0.9743 (0.9739)  loss_scale: 2199023255552.0000 (2167524921112.0479)  weight_decay: 0.0500 (0.0500)  grad_norm: 0.8329 (1.0575)  time: 0.4314  data: 0.0002  max mem: 16496
Epoch: [23]  [  2000/?]  eta: ?  lr: 0.000330  min_lr: 0.000001  loss: 0.0019 (0.0021)  class_acc: 0.9747 (0.9740)  loss_scale: 2199023255552.0000 (2175395569397.8931)  weight_decay: 0.0500 (0.0500)  grad_norm: 0.7730 (1.0626)  time: 0.4315  data: 0.0002  max mem: 16496
Epoch: [23] Total time: 0:15:52 (0.4387 s / it)
Val:  [     0/?]  eta: ?  loss: 0.0388 (0.0388)  time: 2.3111  data: 2.1457  max mem: 16496
Val:  [    10/?]  eta: ?  loss: 0.0228 (0.0303)  time: 0.3621  data: 0.1954  max mem: 16496
Val:  [    20/?]  eta: ?  loss: 0.0174 (0.0246)  time: 0.1672  data: 0.0003  max mem: 16496
Val:  [    30/?]  eta: ?  loss: 0.0141 (0.0227)  time: 0.1672  data: 0.0003  max mem: 16496
Val:  [    40/?]  eta: ?  loss: 0.0194 (0.0240)  time: 0.1673  data: 0.0003  max mem: 16496
Val:  [    50/?]  eta: ?  loss: 0.0289 (0.0247)  time: 0.1673  data: 0.0003  max mem: 16496
Val:  [    60/?]  eta: ?  loss: 0.0244 (0.0286)  time: 0.1673  data: 0.0003  max mem: 16496
Val:  [    70/?]  eta: ?  loss: 0.0170 (0.0280)  time: 0.1673  data: 0.0003  max mem: 16496
Val:  [    80/?]  eta: ?  loss: 0.0208 (0.0279)  time: 0.1673  data: 0.0003  max mem: 16496
Val:  [    90/?]  eta: ?  loss: 0.0241 (0.0272)  time: 0.1673  data: 0.0003  max mem: 16496
Val:  [   100/?]  eta: ?  loss: 0.0213 (0.0270)  time: 0.1673  data: 0.0003  max mem: 16496
Val:  [   110/?]  eta: ?  loss: 0.0211 (0.0266)  time: 0.1674  data: 0.0003  max mem: 16496
Val:  [   120/?]  eta: ?  loss: 0.0211 (0.0276)  time: 0.1676  data: 0.0004  max mem: 16496
Val:  [   130/?]  eta: ?  loss: 0.0241 (0.0274)  time: 0.1675  data: 0.0004  max mem: 16496
Val:  [   140/?]  eta: ?  loss: 0.0260 (0.0275)  time: 0.1674  data: 0.0003  max mem: 16496
Val:  [   150/?]  eta: ?  loss: 0.0187 (0.0276)  time: 0.1674  data: 0.0003  max mem: 16496
Val:  [   160/?]  eta: ?  loss: 0.0165 (0.0276)  time: 0.1674  data: 0.0003  max mem: 16496
Val:  [   170/?]  eta: ?  loss: 0.0222 (0.0276)  time: 0.1675  data: 0.0003  max mem: 16496
Val:  [   180/?]  eta: ?  loss: 0.0222 (0.0273)  time: 0.1675  data: 0.0003  max mem: 16496
Val:  [   190/?]  eta: ?  loss: 0.0148 (0.0267)  time: 0.1675  data: 0.0003  max mem: 16496
Val:  [   200/?]  eta: ?  loss: 0.0137 (0.0266)  time: 0.1675  data: 0.0003  max mem: 16496
Val:  [   210/?]  eta: ?  loss: 0.0188 (0.0267)  time: 0.1673  data: 0.0003  max mem: 16496
Val:  [   220/?]  eta: ?  loss: 0.0187 (0.0264)  time: 0.1672  data: 0.0003  max mem: 16496
Val:  [   230/?]  eta: ?  loss: 0.0187 (0.0264)  time: 0.1672  data: 0.0003  max mem: 16496
Val:  [   240/?]  eta: ?  loss: 0.0149 (0.0264)  time: 0.1671  data: 0.0003  max mem: 16496
Val:  [   250/?]  eta: ?  loss: 0.0170 (0.0266)  time: 0.1672  data: 0.0003  max mem: 16496
Val:  [   260/?]  eta: ?  loss: 0.0191 (0.0267)  time: 0.1672  data: 0.0003  max mem: 16496
Val:  [   270/?]  eta: ?  loss: 0.0210 (0.0270)  time: 0.1672  data: 0.0003  max mem: 16496
Val:  [   280/?]  eta: ?  loss: 0.0229 (0.0268)  time: 0.1673  data: 0.0004  max mem: 16496
Val:  [   290/?]  eta: ?  loss: 0.0147 (0.0266)  time: 0.1672  data: 0.0004  max mem: 16496
Val:  [   300/?]  eta: ?  loss: 0.0165 (0.0265)  time: 0.1672  data: 0.0003  max mem: 16496
Val:  [   310/?]  eta: ?  loss: 0.0199 (0.0263)  time: 0.1658  data: 0.0004  max mem: 16496
Val: Total time: 0:00:54 (0.1741 s / it)
* loss 0.026
Test:  [     0/?]  eta: ?  loss: 0.0176 (0.0176)  time: 1.9365  data: 1.7707  max mem: 16496
Test:  [    10/?]  eta: ?  loss: 0.0221 (0.0232)  time: 0.3281  data: 0.1612  max mem: 16496
Test:  [    20/?]  eta: ?  loss: 0.0169 (0.0214)  time: 0.1674  data: 0.0003  max mem: 16496
Test:  [    30/?]  eta: ?  loss: 0.0179 (0.0209)  time: 0.1674  data: 0.0003  max mem: 16496
Test:  [    40/?]  eta: ?  loss: 0.0185 (0.0210)  time: 0.1674  data: 0.0003  max mem: 16496
Test:  [    50/?]  eta: ?  loss: 0.0185 (0.0206)  time: 0.1674  data: 0.0004  max mem: 16496
Test:  [    60/?]  eta: ?  loss: 0.0184 (0.0199)  time: 0.1674  data: 0.0004  max mem: 16496
Test:  [    70/?]  eta: ?  loss: 0.0145 (0.0199)  time: 0.1674  data: 0.0003  max mem: 16496
Test:  [    80/?]  eta: ?  loss: 0.0168 (0.0197)  time: 0.1673  data: 0.0003  max mem: 16496
Test:  [    90/?]  eta: ?  loss: 0.0218 (0.0211)  time: 0.1671  data: 0.0003  max mem: 16496
Test:  [   100/?]  eta: ?  loss: 0.0245 (0.0220)  time: 0.1671  data: 0.0003  max mem: 16496
Test:  [   110/?]  eta: ?  loss: 0.0231 (0.0221)  time: 0.1672  data: 0.0003  max mem: 16496
Test:  [   120/?]  eta: ?  loss: 0.0189 (0.0226)  time: 0.1672  data: 0.0003  max mem: 16496
Test:  [   130/?]  eta: ?  loss: 0.0173 (0.0223)  time: 0.1672  data: 0.0003  max mem: 16496
Test:  [   140/?]  eta: ?  loss: 0.0173 (0.0227)  time: 0.1672  data: 0.0003  max mem: 16496
Test:  [   150/?]  eta: ?  loss: 0.0259 (0.0232)  time: 0.1672  data: 0.0003  max mem: 16496
Test:  [   160/?]  eta: ?  loss: 0.0281 (0.0234)  time: 0.1672  data: 0.0003  max mem: 16496
Test:  [   170/?]  eta: ?  loss: 0.0242 (0.0238)  time: 0.1671  data: 0.0003  max mem: 16496
Test:  [   180/?]  eta: ?  loss: 0.0212 (0.0240)  time: 0.1671  data: 0.0003  max mem: 16496
Test:  [   190/?]  eta: ?  loss: 0.0210 (0.0237)  time: 0.1671  data: 0.0003  max mem: 16496
Test:  [   200/?]  eta: ?  loss: 0.0170 (0.0239)  time: 0.1672  data: 0.0003  max mem: 16496
Test:  [   210/?]  eta: ?  loss: 0.0219 (0.0240)  time: 0.1672  data: 0.0003  max mem: 16496
Test:  [   220/?]  eta: ?  loss: 0.0185 (0.0243)  time: 0.1673  data: 0.0004  max mem: 16496
Test:  [   230/?]  eta: ?  loss: 0.0185 (0.0244)  time: 0.1672  data: 0.0003  max mem: 16496
Test:  [   240/?]  eta: ?  loss: 0.0178 (0.0242)  time: 0.1671  data: 0.0003  max mem: 16496
Test:  [   250/?]  eta: ?  loss: 0.0151 (0.0240)  time: 0.1672  data: 0.0004  max mem: 16496
Test:  [   260/?]  eta: ?  loss: 0.0156 (0.0239)  time: 0.1672  data: 0.0003  max mem: 16496
Test:  [   270/?]  eta: ?  loss: 0.0166 (0.0237)  time: 0.1671  data: 0.0003  max mem: 16496
Test:  [   280/?]  eta: ?  loss: 0.0158 (0.0243)  time: 0.1672  data: 0.0003  max mem: 16496
Test:  [   290/?]  eta: ?  loss: 0.0204 (0.0244)  time: 0.1672  data: 0.0003  max mem: 16496
Test:  [   300/?]  eta: ?  loss: 0.0274 (0.0248)  time: 0.1671  data: 0.0003  max mem: 16496
Test:  [   310/?]  eta: ?  loss: 0.0343 (0.0256)  time: 0.1334  data: 0.0003  max mem: 16496
Test: Total time: 0:00:53 (0.1704 s / it)
* loss 0.026
  → Epoch  24/50 | Train Loss: 0.0021 | Val Loss: 0.0262 | Train score (1/(1+norm_MAE)): 0.9740 | Val MAE (years): 2.0635 | LR: 0.000001
Best val MAE (years): 1.9149, test MAE at best val: 1.8538
  Test segment MAE: 2.0473 | participant median MAE: 1.7799 | participant mean MAE: 1.7866
Epoch: [24]  [     0/?]  eta: ?  lr: 0.000314  min_lr: 0.000001  loss: 0.0019 (0.0019)  class_acc: 0.9753 (0.9753)  loss_scale: 4398046511104.0000 (4398046511104.0000)  weight_decay: 0.0500 (0.0500)  grad_norm: 0.5046 (0.5046)  time: 7.5520  data: 7.1193  max mem: 16496
Epoch: [24]  [   500/?]  eta: ?  lr: 0.000314  min_lr: 0.000001  loss: 0.0020 (0.0019)  class_acc: 0.9745 (0.9748)  loss_scale: 4398046511104.0000 (4398046511104.0000)  weight_decay: 0.0500 (0.0500)  grad_norm: 0.7191 (1.0220)  time: 0.4306  data: 0.0002  max mem: 16496
Epoch: [24]  [  1000/?]  eta: ?  lr: 0.000314  min_lr: 0.000001  loss: 0.0018 (0.0020)  class_acc: 0.9744 (0.9748)  loss_scale: 4398046511104.0000 (4398046511104.0000)  weight_decay: 0.0500 (0.0500)  grad_norm: 1.0256 (1.0207)  time: 0.4291  data: 0.0003  max mem: 16496
Epoch: [24]  [  1500/?]  eta: ?  lr: 0.000314  min_lr: 0.000001  loss: 0.0017 (0.0020)  class_acc: 0.9758 (0.9748)  loss_scale: 4398046511104.0000 (4398046511104.0000)  weight_decay: 0.0500 (0.0500)  grad_norm: 0.6370 (1.0508)  time: 0.4314  data: 0.0003  max mem: 16496
Epoch: [24]  [  2000/?]  eta: ?  lr: 0.000314  min_lr: 0.000001  loss: 0.0018 (0.0020)  class_acc: 0.9757 (0.9749)  loss_scale: 8796093022208.0000 (4683776669246.6885)  weight_decay: 0.0500 (0.0500)  grad_norm: 0.8367 (1.0516)  time: 0.4323  data: 0.0003  max mem: 16496
Epoch: [24] Total time: 0:15:51 (0.4379 s / it)
Val:  [     0/?]  eta: ?  loss: 0.0406 (0.0406)  time: 2.1386  data: 1.9721  max mem: 16496
Val:  [    10/?]  eta: ?  loss: 0.0244 (0.0316)  time: 0.3465  data: 0.1797  max mem: 16496
Val:  [    20/?]  eta: ?  loss: 0.0180 (0.0254)  time: 0.1673  data: 0.0004  max mem: 16496
Val:  [    30/?]  eta: ?  loss: 0.0156 (0.0234)  time: 0.1672  data: 0.0004  max mem: 16496
Val:  [    40/?]  eta: ?  loss: 0.0210 (0.0245)  time: 0.1672  data: 0.0003  max mem: 16496
Val:  [    50/?]  eta: ?  loss: 0.0305 (0.0253)  time: 0.1673  data: 0.0003  max mem: 16496
Val:  [    60/?]  eta: ?  loss: 0.0258 (0.0289)  time: 0.1673  data: 0.0003  max mem: 16496
Val:  [    70/?]  eta: ?  loss: 0.0179 (0.0282)  time: 0.1674  data: 0.0003  max mem: 16496
Val:  [    80/?]  eta: ?  loss: 0.0218 (0.0282)  time: 0.1674  data: 0.0003  max mem: 16496
Val:  [    90/?]  eta: ?  loss: 0.0241 (0.0277)  time: 0.1673  data: 0.0003  max mem: 16496
Val:  [   100/?]  eta: ?  loss: 0.0216 (0.0274)  time: 0.1673  data: 0.0003  max mem: 16496
Val:  [   110/?]  eta: ?  loss: 0.0209 (0.0271)  time: 0.1674  data: 0.0003  max mem: 16496
Val:  [   120/?]  eta: ?  loss: 0.0191 (0.0278)  time: 0.1674  data: 0.0003  max mem: 16496
Val:  [   130/?]  eta: ?  loss: 0.0220 (0.0278)  time: 0.1674  data: 0.0003  max mem: 16496
Val:  [   140/?]  eta: ?  loss: 0.0246 (0.0278)  time: 0.1674  data: 0.0003  max mem: 16496
Val:  [   150/?]  eta: ?  loss: 0.0218 (0.0279)  time: 0.1674  data: 0.0003  max mem: 16496
Val:  [   160/?]  eta: ?  loss: 0.0183 (0.0279)  time: 0.1674  data: 0.0003  max mem: 16496
Val:  [   170/?]  eta: ?  loss: 0.0218 (0.0280)  time: 0.1672  data: 0.0003  max mem: 16496
Val:  [   180/?]  eta: ?  loss: 0.0218 (0.0278)  time: 0.1671  data: 0.0003  max mem: 16496
Val:  [   190/?]  eta: ?  loss: 0.0147 (0.0273)  time: 0.1672  data: 0.0004  max mem: 16496
Val:  [   200/?]  eta: ?  loss: 0.0154 (0.0272)  time: 0.1672  data: 0.0003  max mem: 16496
Val:  [   210/?]  eta: ?  loss: 0.0207 (0.0272)  time: 0.1671  data: 0.0003  max mem: 16496
Val:  [   220/?]  eta: ?  loss: 0.0194 (0.0268)  time: 0.1671  data: 0.0003  max mem: 16496
Val:  [   230/?]  eta: ?  loss: 0.0186 (0.0267)  time: 0.1672  data: 0.0003  max mem: 16496
Val:  [   240/?]  eta: ?  loss: 0.0151 (0.0266)  time: 0.1671  data: 0.0003  max mem: 16496
Val:  [   250/?]  eta: ?  loss: 0.0164 (0.0268)  time: 0.1671  data: 0.0003  max mem: 16496
Val:  [   260/?]  eta: ?  loss: 0.0177 (0.0268)  time: 0.1671  data: 0.0003  max mem: 16496
Val:  [   270/?]  eta: ?  loss: 0.0207 (0.0271)  time: 0.1671  data: 0.0003  max mem: 16496
Val:  [   280/?]  eta: ?  loss: 0.0205 (0.0269)  time: 0.1672  data: 0.0003  max mem: 16496
Val:  [   290/?]  eta: ?  loss: 0.0153 (0.0267)  time: 0.1672  data: 0.0003  max mem: 16496
Val:  [   300/?]  eta: ?  loss: 0.0194 (0.0266)  time: 0.1671  data: 0.0003  max mem: 16496
Val:  [   310/?]  eta: ?  loss: 0.0194 (0.0264)  time: 0.1657  data: 0.0004  max mem: 16496
Val: Total time: 0:00:54 (0.1735 s / it)
* loss 0.026
Test:  [     0/?]  eta: ?  loss: 0.0206 (0.0206)  time: 1.9515  data: 1.7857  max mem: 16496
Test:  [    10/?]  eta: ?  loss: 0.0206 (0.0221)  time: 0.3295  data: 0.1626  max mem: 16496
Test:  [    20/?]  eta: ?  loss: 0.0165 (0.0205)  time: 0.1674  data: 0.0003  max mem: 16496
Test:  [    30/?]  eta: ?  loss: 0.0184 (0.0206)  time: 0.1675  data: 0.0003  max mem: 16496
Test:  [    40/?]  eta: ?  loss: 0.0201 (0.0211)  time: 0.1675  data: 0.0003  max mem: 16496
Test:  [    50/?]  eta: ?  loss: 0.0184 (0.0206)  time: 0.1675  data: 0.0003  max mem: 16496
Test:  [    60/?]  eta: ?  loss: 0.0156 (0.0195)  time: 0.1675  data: 0.0003  max mem: 16496
Test:  [    70/?]  eta: ?  loss: 0.0124 (0.0195)  time: 0.1675  data: 0.0004  max mem: 16496
Test:  [    80/?]  eta: ?  loss: 0.0171 (0.0195)  time: 0.1676  data: 0.0004  max mem: 16496
Test:  [    90/?]  eta: ?  loss: 0.0233 (0.0207)  time: 0.1675  data: 0.0003  max mem: 16496
Test:  [   100/?]  eta: ?  loss: 0.0235 (0.0213)  time: 0.1675  data: 0.0004  max mem: 16496
Test:  [   110/?]  eta: ?  loss: 0.0221 (0.0216)  time: 0.1675  data: 0.0003  max mem: 16496
Test:  [   120/?]  eta: ?  loss: 0.0204 (0.0222)  time: 0.1675  data: 0.0003  max mem: 16496
Test:  [   130/?]  eta: ?  loss: 0.0172 (0.0220)  time: 0.1674  data: 0.0003  max mem: 16496
Test:  [   140/?]  eta: ?  loss: 0.0172 (0.0225)  time: 0.1675  data: 0.0003  max mem: 16496
Test:  [   150/?]  eta: ?  loss: 0.0294 (0.0230)  time: 0.1674  data: 0.0003  max mem: 16496
Test:  [   160/?]  eta: ?  loss: 0.0281 (0.0232)  time: 0.1674  data: 0.0003  max mem: 16496
Test:  [   170/?]  eta: ?  loss: 0.0215 (0.0238)  time: 0.1675  data: 0.0003  max mem: 16496
Test:  [   180/?]  eta: ?  loss: 0.0189 (0.0239)  time: 0.1675  data: 0.0003  max mem: 16496
Test:  [   190/?]  eta: ?  loss: 0.0204 (0.0237)  time: 0.1675  data: 0.0003  max mem: 16496
Test:  [   200/?]  eta: ?  loss: 0.0174 (0.0240)  time: 0.1675  data: 0.0003  max mem: 16496
Test:  [   210/?]  eta: ?  loss: 0.0218 (0.0241)  time: 0.1675  data: 0.0003  max mem: 16496
Test:  [   220/?]  eta: ?  loss: 0.0192 (0.0243)  time: 0.1676  data: 0.0003  max mem: 16496
Test:  [   230/?]  eta: ?  loss: 0.0192 (0.0243)  time: 0.1675  data: 0.0003  max mem: 16496
Test:  [   240/?]  eta: ?  loss: 0.0199 (0.0241)  time: 0.1675  data: 0.0003  max mem: 16496
Test:  [   250/?]  eta: ?  loss: 0.0171 (0.0240)  time: 0.1675  data: 0.0003  max mem: 16496
Test:  [   260/?]  eta: ?  loss: 0.0171 (0.0239)  time: 0.1675  data: 0.0003  max mem: 16496
Test:  [   270/?]  eta: ?  loss: 0.0174 (0.0237)  time: 0.1674  data: 0.0003  max mem: 16496
Test:  [   280/?]  eta: ?  loss: 0.0171 (0.0243)  time: 0.1675  data: 0.0003  max mem: 16496
Test:  [   290/?]  eta: ?  loss: 0.0204 (0.0244)  time: 0.1675  data: 0.0003  max mem: 16496
Test:  [   300/?]  eta: ?  loss: 0.0271 (0.0248)  time: 0.1675  data: 0.0003  max mem: 16496
Test:  [   310/?]  eta: ?  loss: 0.0335 (0.0256)  time: 0.1337  data: 0.0003  max mem: 16496
Test: Total time: 0:00:53 (0.1707 s / it)
* loss 0.026

============================================================
Counting samples by task type...
============================================================

============================================================
Evaluating on active tasks (35,284 samples)...
============================================================
Active Test:  [     0/?]  eta: ?  loss: 0.0101 (0.0101)  time: 2.7104  data: 2.6699  max mem: 16496
Active Test:  [    10/?]  eta: ?  loss: 0.0295 (0.0824)  time: 0.2643  data: 0.2491  max mem: 16496
Active Test:  [    20/?]  eta: ?  loss: 0.0299 (0.0585)  time: 0.0202  data: 0.0072  max mem: 16496
Active Test:  [    30/?]  eta: ?  loss: 0.0299 (0.0520)  time: 0.0204  data: 0.0074  max mem: 16496
Active Test:  [    40/?]  eta: ?  loss: 0.0334 (0.0500)  time: 0.0205  data: 0.0082  max mem: 16496
Active Test:  [    50/?]  eta: ?  loss: 0.0192 (0.0449)  time: 0.0199  data: 0.0076  max mem: 16496
Active Test:  [    60/?]  eta: ?  loss: 0.0100 (0.0391)  time: 0.0199  data: 0.0077  max mem: 16496
Active Test:  [    70/?]  eta: ?  loss: 0.0089 (0.0354)  time: 0.0197  data: 0.0075  max mem: 16496
Active Test:  [    80/?]  eta: ?  loss: 0.0096 (0.0329)  time: 0.0201  data: 0.0077  max mem: 16496
Active Test:  [    90/?]  eta: ?  loss: 0.0173 (0.0313)  time: 0.0199  data: 0.0073  max mem: 16496
Active Test:  [   100/?]  eta: ?  loss: 0.0205 (0.0306)  time: 0.0197  data: 0.0072  max mem: 16496
Active Test:  [   110/?]  eta: ?  loss: 0.0237 (0.0296)  time: 0.0201  data: 0.0078  max mem: 16496
Active Test:  [   120/?]  eta: ?  loss: 0.0197 (0.0289)  time: 0.0201  data: 0.0080  max mem: 16496
Active Test:  [   130/?]  eta: ?  loss: 0.0179 (0.0284)  time: 0.0199  data: 0.0077  max mem: 16496
Active Test:  [   140/?]  eta: ?  loss: 0.0213 (0.0290)  time: 0.0192  data: 0.0071  max mem: 16496
Active Test:  [   150/?]  eta: ?  loss: 0.0336 (0.0301)  time: 0.0192  data: 0.0072  max mem: 16496
Active Test:  [   160/?]  eta: ?  loss: 0.0336 (0.0307)  time: 0.0193  data: 0.0073  max mem: 16496
Active Test:  [   170/?]  eta: ?  loss: 0.0202 (0.0307)  time: 0.0195  data: 0.0076  max mem: 16496
Active Test:  [   180/?]  eta: ?  loss: 0.0098 (0.0295)  time: 0.0191  data: 0.0071  max mem: 16496
Active Test:  [   190/?]  eta: ?  loss: 0.0121 (0.0291)  time: 0.0188  data: 0.0068  max mem: 16496
Active Test:  [   200/?]  eta: ?  loss: 0.0157 (0.0289)  time: 0.0200  data: 0.0080  max mem: 16496
Active Test:  [   210/?]  eta: ?  loss: 0.0147 (0.0288)  time: 0.0197  data: 0.0077  max mem: 16496
Active Test:  [   220/?]  eta: ?  loss: 0.0167 (0.0286)  time: 0.0191  data: 0.0071  max mem: 16496
Active Test:  [   230/?]  eta: ?  loss: 0.0194 (0.0282)  time: 0.0193  data: 0.0074  max mem: 16496
Active Test:  [   240/?]  eta: ?  loss: 0.0128 (0.0286)  time: 0.0199  data: 0.0079  max mem: 16496
Active Test:  [   250/?]  eta: ?  loss: 0.0207 (0.0287)  time: 0.0200  data: 0.0080  max mem: 16496
Active Test:  [   260/?]  eta: ?  loss: 0.0208 (0.0287)  time: 0.0188  data: 0.0067  max mem: 16496
Active Test:  [   270/?]  eta: ?  loss: 0.0236 (0.0287)  time: 0.0186  data: 0.0066  max mem: 16496
Active Test:  [   280/?]  eta: ?  loss: 0.0250 (0.0285)  time: 0.0196  data: 0.0076  max mem: 16496
Active Test:  [   290/?]  eta: ?  loss: 0.0149 (0.0282)  time: 0.0201  data: 0.0081  max mem: 16496
Active Test:  [   300/?]  eta: ?  loss: 0.0149 (0.0282)  time: 0.0202  data: 0.0082  max mem: 16496
Active Test:  [   310/?]  eta: ?  loss: 0.0152 (0.0279)  time: 0.0195  data: 0.0076  max mem: 16496
Active Test:  [   320/?]  eta: ?  loss: 0.0156 (0.0277)  time: 0.0190  data: 0.0070  max mem: 16496
Active Test:  [   330/?]  eta: ?  loss: 0.0213 (0.0277)  time: 0.0191  data: 0.0071  max mem: 16496
Active Test:  [   340/?]  eta: ?  loss: 0.0217 (0.0275)  time: 0.0193  data: 0.0073  max mem: 16496
Active Test:  [   350/?]  eta: ?  loss: 0.0170 (0.0275)  time: 0.0191  data: 0.0071  max mem: 16496
Active Test:  [   360/?]  eta: ?  loss: 0.0195 (0.0274)  time: 0.0191  data: 0.0071  max mem: 16496
Active Test:  [   370/?]  eta: ?  loss: 0.0192 (0.0273)  time: 0.0190  data: 0.0070  max mem: 16496
Active Test:  [   380/?]  eta: ?  loss: 0.0092 (0.0269)  time: 0.0190  data: 0.0070  max mem: 16496
Active Test:  [   390/?]  eta: ?  loss: 0.0111 (0.0267)  time: 0.0202  data: 0.0081  max mem: 16496
Active Test:  [   400/?]  eta: ?  loss: 0.0119 (0.0266)  time: 0.0192  data: 0.0071  max mem: 16496
Active Test:  [   410/?]  eta: ?  loss: 0.0115 (0.0264)  time: 0.0191  data: 0.0070  max mem: 16496
Active Test:  [   420/?]  eta: ?  loss: 0.0163 (0.0263)  time: 0.0200  data: 0.0079  max mem: 16496
Active Test:  [   430/?]  eta: ?  loss: 0.0175 (0.0262)  time: 0.0195  data: 0.0075  max mem: 16496
Active Test:  [   440/?]  eta: ?  loss: 0.0138 (0.0260)  time: 0.0188  data: 0.0068  max mem: 16496
Active Test:  [   450/?]  eta: ?  loss: 0.0138 (0.0257)  time: 0.0201  data: 0.0080  max mem: 16496
Active Test:  [   460/?]  eta: ?  loss: 0.0113 (0.0256)  time: 0.0217  data: 0.0096  max mem: 16496
Active Test:  [   470/?]  eta: ?  loss: 0.0091 (0.0266)  time: 0.0219  data: 0.0095  max mem: 16496
Active Test:  [   480/?]  eta: ?  loss: 0.0225 (0.0271)  time: 0.0211  data: 0.0086  max mem: 16496
Active Test:  [   490/?]  eta: ?  loss: 0.0138 (0.0269)  time: 0.0204  data: 0.0081  max mem: 16496
Active Test:  [   500/?]  eta: ?  loss: 0.0117 (0.0268)  time: 0.0208  data: 0.0086  max mem: 16496
Active Test:  [   510/?]  eta: ?  loss: 0.0208 (0.0267)  time: 0.0216  data: 0.0093  max mem: 16496
Active Test:  [   520/?]  eta: ?  loss: 0.0192 (0.0267)  time: 0.0214  data: 0.0089  max mem: 16496
Active Test:  [   530/?]  eta: ?  loss: 0.0125 (0.0265)  time: 0.0221  data: 0.0094  max mem: 16496
Active Test:  [   540/?]  eta: ?  loss: 0.0164 (0.0263)  time: 0.0212  data: 0.0085  max mem: 16496
Active Test: Total time: 0:00:13 (0.0253 s / it)
* loss 0.026

============================================================
Evaluating on passive tasks (204,188 samples)...
============================================================
Passive Test:  [     0/?]  eta: ?  loss: 0.0097 (0.0097)  time: 0.9632  data: 0.9483  max mem: 16496
Passive Test:  [    10/?]  eta: ?  loss: 0.0130 (0.0181)  time: 0.1137  data: 0.1008  max mem: 16496
Passive Test:  [    20/?]  eta: ?  loss: 0.0141 (0.0192)  time: 0.0233  data: 0.0107  max mem: 16496
Passive Test:  [    30/?]  eta: ?  loss: 0.0165 (0.0203)  time: 0.0187  data: 0.0062  max mem: 16496
Passive Test:  [    40/?]  eta: ?  loss: 0.0182 (0.0223)  time: 0.0180  data: 0.0056  max mem: 16496
Passive Test:  [    50/?]  eta: ?  loss: 0.0182 (0.0237)  time: 0.0180  data: 0.0058  max mem: 16496
Passive Test:  [    60/?]  eta: ?  loss: 0.0131 (0.0240)  time: 0.0180  data: 0.0059  max mem: 16496
Passive Test:  [    70/?]  eta: ?  loss: 0.0135 (0.0242)  time: 0.0180  data: 0.0059  max mem: 16496
Passive Test:  [    80/?]  eta: ?  loss: 0.0203 (0.0247)  time: 0.0181  data: 0.0060  max mem: 16496
Passive Test:  [    90/?]  eta: ?  loss: 0.0208 (0.0250)  time: 0.0183  data: 0.0061  max mem: 16496
Passive Test:  [   100/?]  eta: ?  loss: 0.0208 (0.0251)  time: 0.0187  data: 0.0065  max mem: 16496
Passive Test:  [   110/?]  eta: ?  loss: 0.0136 (0.0244)  time: 0.0186  data: 0.0062  max mem: 16496
Passive Test:  [   120/?]  eta: ?  loss: 0.0085 (0.0247)  time: 0.0182  data: 0.0059  max mem: 16496
Passive Test:  [   130/?]  eta: ?  loss: 0.0088 (0.0249)  time: 0.0184  data: 0.0063  max mem: 16496
Passive Test:  [   140/?]  eta: ?  loss: 0.0199 (0.0256)  time: 0.0186  data: 0.0065  max mem: 16496
Passive Test:  [   150/?]  eta: ?  loss: 0.0205 (0.0258)  time: 0.0184  data: 0.0063  max mem: 16496
Passive Test:  [   160/?]  eta: ?  loss: 0.0172 (0.0258)  time: 0.0183  data: 0.0062  max mem: 16496
Passive Test:  [   170/?]  eta: ?  loss: 0.0139 (0.0254)  time: 0.0179  data: 0.0059  max mem: 16496
Passive Test:  [   180/?]  eta: ?  loss: 0.0139 (0.0250)  time: 0.0180  data: 0.0060  max mem: 16496
Passive Test:  [   190/?]  eta: ?  loss: 0.0190 (0.0247)  time: 0.0176  data: 0.0056  max mem: 16496
Passive Test:  [   200/?]  eta: ?  loss: 0.0157 (0.0244)  time: 0.0182  data: 0.0062  max mem: 16496
Passive Test:  [   210/?]  eta: ?  loss: 0.0132 (0.0242)  time: 0.0184  data: 0.0064  max mem: 16496
Passive Test:  [   220/?]  eta: ?  loss: 0.0141 (0.0237)  time: 0.0179  data: 0.0059  max mem: 16496
Passive Test:  [   230/?]  eta: ?  loss: 0.0120 (0.0234)  time: 0.0181  data: 0.0061  max mem: 16496
Passive Test:  [   240/?]  eta: ?  loss: 0.0195 (0.0233)  time: 0.0178  data: 0.0058  max mem: 16496
Passive Test:  [   250/?]  eta: ?  loss: 0.0195 (0.0230)  time: 0.0180  data: 0.0060  max mem: 16496
Passive Test:  [   260/?]  eta: ?  loss: 0.0111 (0.0227)  time: 0.0175  data: 0.0055  max mem: 16496
Passive Test:  [   270/?]  eta: ?  loss: 0.0089 (0.0227)  time: 0.0172  data: 0.0051  max mem: 16496
Passive Test:  [   280/?]  eta: ?  loss: 0.0077 (0.0222)  time: 0.0183  data: 0.0063  max mem: 16496
Passive Test:  [   290/?]  eta: ?  loss: 0.0084 (0.0218)  time: 0.0182  data: 0.0062  max mem: 16496
Passive Test:  [   300/?]  eta: ?  loss: 0.0096 (0.0215)  time: 0.0177  data: 0.0057  max mem: 16496
Passive Test:  [   310/?]  eta: ?  loss: 0.0116 (0.0213)  time: 0.0183  data: 0.0063  max mem: 16496
Passive Test:  [   320/?]  eta: ?  loss: 0.0136 (0.0211)  time: 0.0179  data: 0.0059  max mem: 16496
Passive Test:  [   330/?]  eta: ?  loss: 0.0132 (0.0209)  time: 0.0178  data: 0.0058  max mem: 16496
Passive Test:  [   340/?]  eta: ?  loss: 0.0129 (0.0207)  time: 0.0178  data: 0.0058  max mem: 16496
Passive Test:  [   350/?]  eta: ?  loss: 0.0094 (0.0204)  time: 0.0184  data: 0.0065  max mem: 16496
Passive Test:  [   360/?]  eta: ?  loss: 0.0127 (0.0202)  time: 0.0183  data: 0.0063  max mem: 16496
Passive Test:  [   370/?]  eta: ?  loss: 0.0134 (0.0200)  time: 0.0178  data: 0.0058  max mem: 16496
Passive Test:  [   380/?]  eta: ?  loss: 0.0111 (0.0198)  time: 0.0181  data: 0.0061  max mem: 16496
Passive Test:  [   390/?]  eta: ?  loss: 0.0106 (0.0196)  time: 0.0181  data: 0.0061  max mem: 16496
Passive Test:  [   400/?]  eta: ?  loss: 0.0199 (0.0196)  time: 0.0177  data: 0.0058  max mem: 16496
Passive Test:  [   410/?]  eta: ?  loss: 0.0198 (0.0195)  time: 0.0179  data: 0.0059  max mem: 16496
Passive Test:  [   420/?]  eta: ?  loss: 0.0181 (0.0195)  time: 0.0184  data: 0.0064  max mem: 16496
Passive Test:  [   430/?]  eta: ?  loss: 0.0184 (0.0196)  time: 0.0183  data: 0.0063  max mem: 16496
Passive Test:  [   440/?]  eta: ?  loss: 0.0160 (0.0195)  time: 0.0180  data: 0.0060  max mem: 16496
Passive Test:  [   450/?]  eta: ?  loss: 0.0094 (0.0196)  time: 0.0178  data: 0.0059  max mem: 16496
Passive Test:  [   460/?]  eta: ?  loss: 0.0188 (0.0197)  time: 0.0180  data: 0.0061  max mem: 16496
Passive Test:  [   470/?]  eta: ?  loss: 0.0246 (0.0199)  time: 0.0180  data: 0.0060  max mem: 16496
Passive Test:  [   480/?]  eta: ?  loss: 0.0292 (0.0202)  time: 0.0177  data: 0.0058  max mem: 16496
Passive Test:  [   490/?]  eta: ?  loss: 0.0289 (0.0203)  time: 0.0178  data: 0.0059  max mem: 16496
Passive Test:  [   500/?]  eta: ?  loss: 0.0260 (0.0205)  time: 0.0179  data: 0.0059  max mem: 16496
Passive Test:  [   510/?]  eta: ?  loss: 0.0232 (0.0209)  time: 0.0181  data: 0.0062  max mem: 16496
Passive Test:  [   520/?]  eta: ?  loss: 0.0286 (0.0209)  time: 0.0184  data: 0.0064  max mem: 16496
Passive Test:  [   530/?]  eta: ?  loss: 0.0205 (0.0210)  time: 0.0177  data: 0.0057  max mem: 16496
Passive Test:  [   540/?]  eta: ?  loss: 0.0205 (0.0211)  time: 0.0173  data: 0.0053  max mem: 16496
Passive Test:  [   550/?]  eta: ?  loss: 0.0153 (0.0210)  time: 0.0176  data: 0.0056  max mem: 16496
Passive Test:  [   560/?]  eta: ?  loss: 0.0119 (0.0208)  time: 0.0174  data: 0.0054  max mem: 16496
Passive Test:  [   570/?]  eta: ?  loss: 0.0105 (0.0207)  time: 0.0176  data: 0.0056  max mem: 16496
Passive Test:  [   580/?]  eta: ?  loss: 0.0098 (0.0205)  time: 0.0180  data: 0.0060  max mem: 16496
Passive Test:  [   590/?]  eta: ?  loss: 0.0133 (0.0205)  time: 0.0178  data: 0.0058  max mem: 16496
Passive Test:  [   600/?]  eta: ?  loss: 0.0205 (0.0206)  time: 0.0177  data: 0.0057  max mem: 16496
Passive Test:  [   610/?]  eta: ?  loss: 0.0162 (0.0204)  time: 0.0181  data: 0.0061  max mem: 16496
Passive Test:  [   620/?]  eta: ?  loss: 0.0123 (0.0203)  time: 0.0180  data: 0.0061  max mem: 16496
Passive Test:  [   630/?]  eta: ?  loss: 0.0109 (0.0202)  time: 0.0182  data: 0.0062  max mem: 16496
Passive Test:  [   640/?]  eta: ?  loss: 0.0163 (0.0202)  time: 0.0184  data: 0.0063  max mem: 16496
Passive Test:  [   650/?]  eta: ?  loss: 0.0215 (0.0205)  time: 0.0180  data: 0.0059  max mem: 16496
Passive Test:  [   660/?]  eta: ?  loss: 0.0423 (0.0209)  time: 0.0178  data: 0.0056  max mem: 16496
Passive Test:  [   670/?]  eta: ?  loss: 0.0511 (0.0214)  time: 0.0177  data: 0.0055  max mem: 16496
Passive Test:  [   680/?]  eta: ?  loss: 0.0559 (0.0218)  time: 0.0177  data: 0.0056  max mem: 16496
Passive Test:  [   690/?]  eta: ?  loss: 0.0495 (0.0223)  time: 0.0180  data: 0.0059  max mem: 16496
Passive Test:  [   700/?]  eta: ?  loss: 0.0465 (0.0227)  time: 0.0178  data: 0.0056  max mem: 16496
Passive Test:  [   710/?]  eta: ?  loss: 0.0574 (0.0232)  time: 0.0181  data: 0.0061  max mem: 16496
Passive Test:  [   720/?]  eta: ?  loss: 0.0588 (0.0237)  time: 0.0187  data: 0.0067  max mem: 16496
Passive Test:  [   730/?]  eta: ?  loss: 0.0555 (0.0240)  time: 0.0177  data: 0.0057  max mem: 16496
Passive Test:  [   740/?]  eta: ?  loss: 0.0362 (0.0241)  time: 0.0173  data: 0.0052  max mem: 16496
Passive Test:  [   750/?]  eta: ?  loss: 0.0141 (0.0240)  time: 0.0176  data: 0.0055  max mem: 16496
Passive Test:  [   760/?]  eta: ?  loss: 0.0129 (0.0240)  time: 0.0175  data: 0.0054  max mem: 16496
Passive Test:  [   770/?]  eta: ?  loss: 0.0130 (0.0239)  time: 0.0181  data: 0.0059  max mem: 16496
Passive Test:  [   780/?]  eta: ?  loss: 0.0194 (0.0240)  time: 0.0180  data: 0.0058  max mem: 16496
Passive Test:  [   790/?]  eta: ?  loss: 0.0194 (0.0240)  time: 0.0177  data: 0.0056  max mem: 16496
Passive Test:  [   800/?]  eta: ?  loss: 0.0178 (0.0241)  time: 0.0174  data: 0.0052  max mem: 16496
Passive Test:  [   810/?]  eta: ?  loss: 0.0148 (0.0240)  time: 0.0173  data: 0.0051  max mem: 16496
Passive Test:  [   820/?]  eta: ?  loss: 0.0175 (0.0240)  time: 0.0181  data: 0.0058  max mem: 16496
Passive Test:  [   830/?]  eta: ?  loss: 0.0192 (0.0239)  time: 0.0180  data: 0.0057  max mem: 16496
Passive Test:  [   840/?]  eta: ?  loss: 0.0192 (0.0239)  time: 0.0176  data: 0.0054  max mem: 16496
Passive Test:  [   850/?]  eta: ?  loss: 0.0120 (0.0237)  time: 0.0179  data: 0.0057  max mem: 16496
Passive Test:  [   860/?]  eta: ?  loss: 0.0108 (0.0236)  time: 0.0184  data: 0.0062  max mem: 16496
Passive Test:  [   870/?]  eta: ?  loss: 0.0138 (0.0235)  time: 0.0181  data: 0.0061  max mem: 16496
Passive Test:  [   880/?]  eta: ?  loss: 0.0138 (0.0234)  time: 0.0183  data: 0.0063  max mem: 16496
Passive Test:  [   890/?]  eta: ?  loss: 0.0129 (0.0233)  time: 0.0181  data: 0.0060  max mem: 16496
Passive Test:  [   900/?]  eta: ?  loss: 0.0136 (0.0232)  time: 0.0195  data: 0.0074  max mem: 16496
Passive Test:  [   910/?]  eta: ?  loss: 0.0136 (0.0231)  time: 0.0186  data: 0.0065  max mem: 16496
Passive Test:  [   920/?]  eta: ?  loss: 0.0112 (0.0229)  time: 0.0179  data: 0.0057  max mem: 16496
Passive Test:  [   930/?]  eta: ?  loss: 0.0101 (0.0228)  time: 0.0182  data: 0.0061  max mem: 16496
Passive Test:  [   940/?]  eta: ?  loss: 0.0112 (0.0227)  time: 0.0184  data: 0.0064  max mem: 16496
Passive Test:  [   950/?]  eta: ?  loss: 0.0125 (0.0227)  time: 0.0184  data: 0.0063  max mem: 16496
Passive Test:  [   960/?]  eta: ?  loss: 0.0241 (0.0228)  time: 0.0176  data: 0.0055  max mem: 16496
Passive Test:  [   970/?]  eta: ?  loss: 0.0222 (0.0228)  time: 0.0180  data: 0.0059  max mem: 16496
Passive Test:  [   980/?]  eta: ?  loss: 0.0192 (0.0227)  time: 0.0182  data: 0.0061  max mem: 16496
Passive Test:  [   990/?]  eta: ?  loss: 0.0186 (0.0227)  time: 0.0179  data: 0.0058  max mem: 16496
Passive Test:  [  1000/?]  eta: ?  loss: 0.0220 (0.0228)  time: 0.0187  data: 0.0067  max mem: 16496
Passive Test:  [  1010/?]  eta: ?  loss: 0.0230 (0.0229)  time: 0.0189  data: 0.0068  max mem: 16496
Passive Test:  [  1020/?]  eta: ?  loss: 0.0248 (0.0230)  time: 0.0185  data: 0.0063  max mem: 16496
Passive Test:  [  1030/?]  eta: ?  loss: 0.0242 (0.0231)  time: 0.0180  data: 0.0059  max mem: 16496
Passive Test:  [  1040/?]  eta: ?  loss: 0.0187 (0.0231)  time: 0.0182  data: 0.0061  max mem: 16496
Passive Test:  [  1050/?]  eta: ?  loss: 0.0130 (0.0231)  time: 0.0181  data: 0.0061  max mem: 16496
Passive Test:  [  1060/?]  eta: ?  loss: 0.0103 (0.0231)  time: 0.0180  data: 0.0059  max mem: 16496
Passive Test:  [  1070/?]  eta: ?  loss: 0.0136 (0.0231)  time: 0.0178  data: 0.0057  max mem: 16496
Passive Test:  [  1080/?]  eta: ?  loss: 0.0152 (0.0231)  time: 0.0175  data: 0.0055  max mem: 16496
Passive Test:  [  1090/?]  eta: ?  loss: 0.0152 (0.0231)  time: 0.0175  data: 0.0055  max mem: 16496
Passive Test:  [  1100/?]  eta: ?  loss: 0.0105 (0.0233)  time: 0.0179  data: 0.0059  max mem: 16496
Passive Test:  [  1110/?]  eta: ?  loss: 0.0153 (0.0234)  time: 0.0185  data: 0.0064  max mem: 16496
Passive Test:  [  1120/?]  eta: ?  loss: 0.0418 (0.0236)  time: 0.0184  data: 0.0064  max mem: 16496
Passive Test:  [  1130/?]  eta: ?  loss: 0.0524 (0.0238)  time: 0.0180  data: 0.0060  max mem: 16496
Passive Test:  [  1140/?]  eta: ?  loss: 0.0506 (0.0240)  time: 0.0175  data: 0.0055  max mem: 16496
Passive Test:  [  1150/?]  eta: ?  loss: 0.0433 (0.0240)  time: 0.0177  data: 0.0057  max mem: 16496
Passive Test:  [  1160/?]  eta: ?  loss: 0.0187 (0.0243)  time: 0.0178  data: 0.0058  max mem: 16496
Passive Test:  [  1170/?]  eta: ?  loss: 0.0280 (0.0244)  time: 0.0175  data: 0.0054  max mem: 16496
Passive Test:  [  1180/?]  eta: ?  loss: 0.0280 (0.0245)  time: 0.0182  data: 0.0060  max mem: 16496
Passive Test:  [  1190/?]  eta: ?  loss: 0.0305 (0.0248)  time: 0.0183  data: 0.0061  max mem: 16496
Passive Test:  [  1200/?]  eta: ?  loss: 0.0269 (0.0249)  time: 0.0172  data: 0.0050  max mem: 16496
Passive Test:  [  1210/?]  eta: ?  loss: 0.0266 (0.0249)  time: 0.0178  data: 0.0057  max mem: 16496
Passive Test:  [  1220/?]  eta: ?  loss: 0.0191 (0.0248)  time: 0.0186  data: 0.0065  max mem: 16496
Passive Test:  [  1230/?]  eta: ?  loss: 0.0180 (0.0248)  time: 0.0184  data: 0.0062  max mem: 16496
Passive Test:  [  1240/?]  eta: ?  loss: 0.0208 (0.0248)  time: 0.0175  data: 0.0053  max mem: 16496
Passive Test:  [  1250/?]  eta: ?  loss: 0.0208 (0.0248)  time: 0.0182  data: 0.0062  max mem: 16496
Passive Test:  [  1260/?]  eta: ?  loss: 0.0229 (0.0248)  time: 0.0181  data: 0.0060  max mem: 16496
Passive Test:  [  1270/?]  eta: ?  loss: 0.0229 (0.0247)  time: 0.0180  data: 0.0060  max mem: 16496
Passive Test:  [  1280/?]  eta: ?  loss: 0.0234 (0.0247)  time: 0.0178  data: 0.0057  max mem: 16496
Passive Test:  [  1290/?]  eta: ?  loss: 0.0227 (0.0247)  time: 0.0177  data: 0.0055  max mem: 16496
Passive Test:  [  1300/?]  eta: ?  loss: 0.0190 (0.0246)  time: 0.0177  data: 0.0055  max mem: 16496
Passive Test:  [  1310/?]  eta: ?  loss: 0.0180 (0.0246)  time: 0.0181  data: 0.0059  max mem: 16496
Passive Test:  [  1320/?]  eta: ?  loss: 0.0193 (0.0247)  time: 0.0180  data: 0.0058  max mem: 16496
Passive Test:  [  1330/?]  eta: ?  loss: 0.0196 (0.0247)  time: 0.0177  data: 0.0055  max mem: 16496
Passive Test:  [  1340/?]  eta: ?  loss: 0.0199 (0.0247)  time: 0.0178  data: 0.0057  max mem: 16496
Passive Test:  [  1350/?]  eta: ?  loss: 0.0160 (0.0246)  time: 0.0177  data: 0.0056  max mem: 16496
Passive Test:  [  1360/?]  eta: ?  loss: 0.0128 (0.0246)  time: 0.0181  data: 0.0060  max mem: 16496
Passive Test:  [  1370/?]  eta: ?  loss: 0.0105 (0.0245)  time: 0.0174  data: 0.0052  max mem: 16496
Passive Test:  [  1380/?]  eta: ?  loss: 0.0110 (0.0244)  time: 0.0179  data: 0.0057  max mem: 16496
Passive Test:  [  1390/?]  eta: ?  loss: 0.0110 (0.0243)  time: 0.0177  data: 0.0055  max mem: 16496
Passive Test:  [  1400/?]  eta: ?  loss: 0.0111 (0.0243)  time: 0.0184  data: 0.0062  max mem: 16496
Passive Test:  [  1410/?]  eta: ?  loss: 0.0118 (0.0242)  time: 0.0178  data: 0.0057  max mem: 16496
Passive Test:  [  1420/?]  eta: ?  loss: 0.0159 (0.0242)  time: 0.0170  data: 0.0049  max mem: 16496
Passive Test:  [  1430/?]  eta: ?  loss: 0.0162 (0.0242)  time: 0.0177  data: 0.0054  max mem: 16496
Passive Test:  [  1440/?]  eta: ?  loss: 0.0144 (0.0241)  time: 0.0180  data: 0.0058  max mem: 16496
Passive Test:  [  1450/?]  eta: ?  loss: 0.0118 (0.0240)  time: 0.0180  data: 0.0057  max mem: 16496
Passive Test:  [  1460/?]  eta: ?  loss: 0.0067 (0.0239)  time: 0.0178  data: 0.0055  max mem: 16496
Passive Test:  [  1470/?]  eta: ?  loss: 0.0064 (0.0239)  time: 0.0181  data: 0.0059  max mem: 16496
Passive Test:  [  1480/?]  eta: ?  loss: 0.0184 (0.0239)  time: 0.0188  data: 0.0066  max mem: 16496
Passive Test:  [  1490/?]  eta: ?  loss: 0.0184 (0.0239)  time: 0.0183  data: 0.0063  max mem: 16496
Passive Test:  [  1500/?]  eta: ?  loss: 0.0108 (0.0239)  time: 0.0175  data: 0.0055  max mem: 16496
Passive Test:  [  1510/?]  eta: ?  loss: 0.0108 (0.0240)  time: 0.0176  data: 0.0055  max mem: 16496
Passive Test:  [  1520/?]  eta: ?  loss: 0.0101 (0.0240)  time: 0.0175  data: 0.0054  max mem: 16496
Passive Test:  [  1530/?]  eta: ?  loss: 0.0094 (0.0240)  time: 0.0171  data: 0.0050  max mem: 16496
Passive Test:  [  1540/?]  eta: ?  loss: 0.0109 (0.0241)  time: 0.0175  data: 0.0054  max mem: 16496
Passive Test:  [  1550/?]  eta: ?  loss: 0.0133 (0.0241)  time: 0.0177  data: 0.0056  max mem: 16496
Passive Test:  [  1560/?]  eta: ?  loss: 0.0186 (0.0241)  time: 0.0177  data: 0.0054  max mem: 16496
Passive Test:  [  1570/?]  eta: ?  loss: 0.0186 (0.0243)  time: 0.0178  data: 0.0054  max mem: 16496
Passive Test:  [  1580/?]  eta: ?  loss: 0.0129 (0.0243)  time: 0.0172  data: 0.0050  max mem: 16496
Passive Test:  [  1590/?]  eta: ?  loss: 0.0141 (0.0244)  time: 0.0173  data: 0.0052  max mem: 16496
Passive Test:  [  1600/?]  eta: ?  loss: 0.0120 (0.0243)  time: 0.0174  data: 0.0052  max mem: 16496
Passive Test:  [  1610/?]  eta: ?  loss: 0.0100 (0.0243)  time: 0.0177  data: 0.0055  max mem: 16496
Passive Test:  [  1620/?]  eta: ?  loss: 0.0095 (0.0242)  time: 0.0171  data: 0.0049  max mem: 16496
Passive Test:  [  1630/?]  eta: ?  loss: 0.0101 (0.0241)  time: 0.0172  data: 0.0051  max mem: 16496
Passive Test:  [  1640/?]  eta: ?  loss: 0.0136 (0.0240)  time: 0.0178  data: 0.0056  max mem: 16496
Passive Test:  [  1650/?]  eta: ?  loss: 0.0158 (0.0240)  time: 0.0179  data: 0.0058  max mem: 16496
Passive Test:  [  1660/?]  eta: ?  loss: 0.0148 (0.0240)  time: 0.0181  data: 0.0060  max mem: 16496
Passive Test:  [  1670/?]  eta: ?  loss: 0.0124 (0.0239)  time: 0.0172  data: 0.0051  max mem: 16496
Passive Test:  [  1680/?]  eta: ?  loss: 0.0158 (0.0239)  time: 0.0180  data: 0.0059  max mem: 16496
Passive Test:  [  1690/?]  eta: ?  loss: 0.0154 (0.0239)  time: 0.0186  data: 0.0065  max mem: 16496
Passive Test:  [  1700/?]  eta: ?  loss: 0.0119 (0.0238)  time: 0.0193  data: 0.0072  max mem: 16496
Passive Test:  [  1710/?]  eta: ?  loss: 0.0180 (0.0238)  time: 0.0206  data: 0.0083  max mem: 16496
Passive Test:  [  1720/?]  eta: ?  loss: 0.0193 (0.0238)  time: 0.0201  data: 0.0077  max mem: 16496
Passive Test:  [  1730/?]  eta: ?  loss: 0.0228 (0.0238)  time: 0.0192  data: 0.0069  max mem: 16496
Passive Test:  [  1740/?]  eta: ?  loss: 0.0200 (0.0238)  time: 0.0193  data: 0.0070  max mem: 16496
Passive Test:  [  1750/?]  eta: ?  loss: 0.0163 (0.0238)  time: 0.0191  data: 0.0069  max mem: 16496
Passive Test:  [  1760/?]  eta: ?  loss: 0.0124 (0.0238)  time: 0.0188  data: 0.0068  max mem: 16496
Passive Test:  [  1770/?]  eta: ?  loss: 0.0124 (0.0237)  time: 0.0190  data: 0.0069  max mem: 16496
Passive Test:  [  1780/?]  eta: ?  loss: 0.0245 (0.0239)  time: 0.0193  data: 0.0073  max mem: 16496
Passive Test:  [  1790/?]  eta: ?  loss: 0.0281 (0.0239)  time: 0.0193  data: 0.0072  max mem: 16496
Passive Test:  [  1800/?]  eta: ?  loss: 0.0207 (0.0241)  time: 0.0188  data: 0.0068  max mem: 16496
Passive Test:  [  1810/?]  eta: ?  loss: 0.0225 (0.0242)  time: 0.0184  data: 0.0064  max mem: 16496
Passive Test:  [  1820/?]  eta: ?  loss: 0.0247 (0.0244)  time: 0.0183  data: 0.0063  max mem: 16496
Passive Test:  [  1830/?]  eta: ?  loss: 0.0413 (0.0245)  time: 0.0182  data: 0.0062  max mem: 16496
Passive Test:  [  1840/?]  eta: ?  loss: 0.0284 (0.0246)  time: 0.0181  data: 0.0061  max mem: 16496
Passive Test:  [  1850/?]  eta: ?  loss: 0.0230 (0.0246)  time: 0.0186  data: 0.0065  max mem: 16496
Passive Test:  [  1860/?]  eta: ?  loss: 0.0244 (0.0246)  time: 0.0189  data: 0.0069  max mem: 16496
Passive Test:  [  1870/?]  eta: ?  loss: 0.0253 (0.0246)  time: 0.0189  data: 0.0068  max mem: 16496
Passive Test:  [  1880/?]  eta: ?  loss: 0.0197 (0.0247)  time: 0.0189  data: 0.0068  max mem: 16496
Passive Test:  [  1890/?]  eta: ?  loss: 0.0130 (0.0246)  time: 0.0189  data: 0.0069  max mem: 16496
Passive Test:  [  1900/?]  eta: ?  loss: 0.0151 (0.0246)  time: 0.0189  data: 0.0069  max mem: 16496
Passive Test:  [  1910/?]  eta: ?  loss: 0.0224 (0.0247)  time: 0.0188  data: 0.0067  max mem: 16496
Passive Test:  [  1920/?]  eta: ?  loss: 0.0118 (0.0246)  time: 0.0184  data: 0.0063  max mem: 16496
Passive Test:  [  1930/?]  eta: ?  loss: 0.0107 (0.0246)  time: 0.0188  data: 0.0068  max mem: 16496
Passive Test:  [  1940/?]  eta: ?  loss: 0.0131 (0.0245)  time: 0.0195  data: 0.0074  max mem: 16496
Passive Test:  [  1950/?]  eta: ?  loss: 0.0133 (0.0245)  time: 0.0192  data: 0.0071  max mem: 16496
Passive Test:  [  1960/?]  eta: ?  loss: 0.0131 (0.0244)  time: 0.0185  data: 0.0065  max mem: 16496
Passive Test:  [  1970/?]  eta: ?  loss: 0.0130 (0.0244)  time: 0.0185  data: 0.0065  max mem: 16496
Passive Test:  [  1980/?]  eta: ?  loss: 0.0143 (0.0243)  time: 0.0183  data: 0.0063  max mem: 16496
Passive Test:  [  1990/?]  eta: ?  loss: 0.0156 (0.0243)  time: 0.0181  data: 0.0060  max mem: 16496
Passive Test:  [  2000/?]  eta: ?  loss: 0.0217 (0.0244)  time: 0.0182  data: 0.0062  max mem: 16496
Passive Test:  [  2010/?]  eta: ?  loss: 0.0311 (0.0244)  time: 0.0184  data: 0.0063  max mem: 16496
Passive Test:  [  2020/?]  eta: ?  loss: 0.0323 (0.0245)  time: 0.0188  data: 0.0067  max mem: 16496
Passive Test:  [  2030/?]  eta: ?  loss: 0.0353 (0.0246)  time: 0.0187  data: 0.0067  max mem: 16496
Passive Test:  [  2040/?]  eta: ?  loss: 0.0303 (0.0246)  time: 0.0181  data: 0.0061  max mem: 16496
Passive Test:  [  2050/?]  eta: ?  loss: 0.0229 (0.0247)  time: 0.0183  data: 0.0063  max mem: 16496
Passive Test:  [  2060/?]  eta: ?  loss: 0.0197 (0.0247)  time: 0.0189  data: 0.0068  max mem: 16496
Passive Test:  [  2070/?]  eta: ?  loss: 0.0182 (0.0247)  time: 0.0189  data: 0.0068  max mem: 16496
Passive Test:  [  2080/?]  eta: ?  loss: 0.0179 (0.0247)  time: 0.0186  data: 0.0065  max mem: 16496
Passive Test:  [  2090/?]  eta: ?  loss: 0.0185 (0.0246)  time: 0.0187  data: 0.0066  max mem: 16496
Passive Test:  [  2100/?]  eta: ?  loss: 0.0265 (0.0247)  time: 0.0190  data: 0.0070  max mem: 16496
Passive Test:  [  2110/?]  eta: ?  loss: 0.0421 (0.0250)  time: 0.0190  data: 0.0070  max mem: 16496
Passive Test:  [  2120/?]  eta: ?  loss: 0.0541 (0.0252)  time: 0.0190  data: 0.0069  max mem: 16496
Passive Test:  [  2130/?]  eta: ?  loss: 0.0453 (0.0254)  time: 0.0187  data: 0.0066  max mem: 16496
Passive Test:  [  2140/?]  eta: ?  loss: 0.0196 (0.0256)  time: 0.0187  data: 0.0066  max mem: 16496
Passive Test:  [  2150/?]  eta: ?  loss: 0.0373 (0.0257)  time: 0.0188  data: 0.0067  max mem: 16496
Passive Test:  [  2160/?]  eta: ?  loss: 0.0373 (0.0258)  time: 0.0186  data: 0.0064  max mem: 16496
Passive Test:  [  2170/?]  eta: ?  loss: 0.0258 (0.0258)  time: 0.0183  data: 0.0061  max mem: 16496
Passive Test:  [  2180/?]  eta: ?  loss: 0.0257 (0.0258)  time: 0.0182  data: 0.0060  max mem: 16496
Passive Test:  [  2190/?]  eta: ?  loss: 0.0236 (0.0258)  time: 0.0182  data: 0.0061  max mem: 16496
Passive Test:  [  2200/?]  eta: ?  loss: 0.0246 (0.0259)  time: 0.0179  data: 0.0057  max mem: 16496
Passive Test:  [  2210/?]  eta: ?  loss: 0.0246 (0.0259)  time: 0.0181  data: 0.0060  max mem: 16496
Passive Test:  [  2220/?]  eta: ?  loss: 0.0171 (0.0259)  time: 0.0187  data: 0.0067  max mem: 16496
Passive Test:  [  2230/?]  eta: ?  loss: 0.0125 (0.0259)  time: 0.0189  data: 0.0068  max mem: 16496
Passive Test:  [  2240/?]  eta: ?  loss: 0.0115 (0.0258)  time: 0.0190  data: 0.0068  max mem: 16496
Passive Test:  [  2250/?]  eta: ?  loss: 0.0095 (0.0258)  time: 0.0186  data: 0.0064  max mem: 16496
Passive Test:  [  2260/?]  eta: ?  loss: 0.0118 (0.0257)  time: 0.0180  data: 0.0058  max mem: 16496
Passive Test:  [  2270/?]  eta: ?  loss: 0.0204 (0.0258)  time: 0.0180  data: 0.0059  max mem: 16496
Passive Test:  [  2280/?]  eta: ?  loss: 0.0236 (0.0258)  time: 0.0185  data: 0.0064  max mem: 16496
Passive Test:  [  2290/?]  eta: ?  loss: 0.0259 (0.0259)  time: 0.0183  data: 0.0061  max mem: 16496
Passive Test:  [  2300/?]  eta: ?  loss: 0.0282 (0.0259)  time: 0.0187  data: 0.0066  max mem: 16496
Passive Test:  [  2310/?]  eta: ?  loss: 0.0321 (0.0260)  time: 0.0190  data: 0.0069  max mem: 16496
Passive Test:  [  2320/?]  eta: ?  loss: 0.0153 (0.0260)  time: 0.0183  data: 0.0061  max mem: 16496
Passive Test:  [  2330/?]  eta: ?  loss: 0.0118 (0.0260)  time: 0.0186  data: 0.0063  max mem: 16496
Passive Test:  [  2340/?]  eta: ?  loss: 0.0069 (0.0259)  time: 0.0186  data: 0.0066  max mem: 16496
Passive Test:  [  2350/?]  eta: ?  loss: 0.0069 (0.0259)  time: 0.0186  data: 0.0066  max mem: 16496
Passive Test:  [  2360/?]  eta: ?  loss: 0.0120 (0.0259)  time: 0.0190  data: 0.0068  max mem: 16496
Passive Test:  [  2370/?]  eta: ?  loss: 0.0189 (0.0259)  time: 0.0185  data: 0.0063  max mem: 16496
Passive Test:  [  2380/?]  eta: ?  loss: 0.0157 (0.0259)  time: 0.0180  data: 0.0058  max mem: 16496
Passive Test:  [  2390/?]  eta: ?  loss: 0.0143 (0.0258)  time: 0.0178  data: 0.0057  max mem: 16496
Passive Test:  [  2400/?]  eta: ?  loss: 0.0118 (0.0258)  time: 0.0181  data: 0.0060  max mem: 16496
Passive Test:  [  2410/?]  eta: ?  loss: 0.0116 (0.0258)  time: 0.0184  data: 0.0062  max mem: 16496
Passive Test:  [  2420/?]  eta: ?  loss: 0.0301 (0.0258)  time: 0.0188  data: 0.0067  max mem: 16496
Passive Test:  [  2430/?]  eta: ?  loss: 0.0305 (0.0259)  time: 0.0191  data: 0.0069  max mem: 16496
Passive Test:  [  2440/?]  eta: ?  loss: 0.0349 (0.0259)  time: 0.0181  data: 0.0060  max mem: 16496
Passive Test:  [  2450/?]  eta: ?  loss: 0.0374 (0.0260)  time: 0.0183  data: 0.0062  max mem: 16496
Passive Test:  [  2460/?]  eta: ?  loss: 0.0374 (0.0260)  time: 0.0193  data: 0.0071  max mem: 16496
Passive Test:  [  2470/?]  eta: ?  loss: 0.0250 (0.0261)  time: 0.0188  data: 0.0066  max mem: 16496
Passive Test:  [  2480/?]  eta: ?  loss: 0.0306 (0.0261)  time: 0.0180  data: 0.0058  max mem: 16496
Passive Test:  [  2490/?]  eta: ?  loss: 0.0288 (0.0261)  time: 0.0183  data: 0.0062  max mem: 16496
Passive Test:  [  2500/?]  eta: ?  loss: 0.0162 (0.0261)  time: 0.0179  data: 0.0058  max mem: 16496
Passive Test:  [  2510/?]  eta: ?  loss: 0.0143 (0.0261)  time: 0.0177  data: 0.0056  max mem: 16496
Passive Test:  [  2520/?]  eta: ?  loss: 0.0160 (0.0261)  time: 0.0183  data: 0.0062  max mem: 16496
Passive Test:  [  2530/?]  eta: ?  loss: 0.0157 (0.0262)  time: 0.0182  data: 0.0060  max mem: 16496
Passive Test:  [  2540/?]  eta: ?  loss: 0.0133 (0.0261)  time: 0.0184  data: 0.0064  max mem: 16496
Passive Test:  [  2550/?]  eta: ?  loss: 0.0142 (0.0262)  time: 0.0185  data: 0.0064  max mem: 16496
Passive Test:  [  2560/?]  eta: ?  loss: 0.0162 (0.0262)  time: 0.0184  data: 0.0062  max mem: 16496
Passive Test:  [  2570/?]  eta: ?  loss: 0.0165 (0.0262)  time: 0.0185  data: 0.0063  max mem: 16496
Passive Test:  [  2580/?]  eta: ?  loss: 0.0165 (0.0262)  time: 0.0183  data: 0.0061  max mem: 16496
Passive Test:  [  2590/?]  eta: ?  loss: 0.0193 (0.0262)  time: 0.0184  data: 0.0062  max mem: 16496
Passive Test:  [  2600/?]  eta: ?  loss: 0.0198 (0.0262)  time: 0.0180  data: 0.0059  max mem: 16496
Passive Test:  [  2610/?]  eta: ?  loss: 0.0090 (0.0262)  time: 0.0177  data: 0.0057  max mem: 16496
Passive Test:  [  2620/?]  eta: ?  loss: 0.0118 (0.0261)  time: 0.0181  data: 0.0060  max mem: 16496
Passive Test:  [  2630/?]  eta: ?  loss: 0.0117 (0.0261)  time: 0.0183  data: 0.0062  max mem: 16496
Passive Test:  [  2640/?]  eta: ?  loss: 0.0082 (0.0261)  time: 0.0182  data: 0.0061  max mem: 16496
Passive Test:  [  2650/?]  eta: ?  loss: 0.0167 (0.0261)  time: 0.0181  data: 0.0061  max mem: 16496
Passive Test:  [  2660/?]  eta: ?  loss: 0.0193 (0.0261)  time: 0.0181  data: 0.0061  max mem: 16496
Passive Test:  [  2670/?]  eta: ?  loss: 0.0188 (0.0261)  time: 0.0183  data: 0.0061  max mem: 16496
Passive Test:  [  2680/?]  eta: ?  loss: 0.0354 (0.0261)  time: 0.0185  data: 0.0063  max mem: 16496
Passive Test:  [  2690/?]  eta: ?  loss: 0.0476 (0.0262)  time: 0.0183  data: 0.0061  max mem: 16496
Passive Test:  [  2700/?]  eta: ?  loss: 0.0541 (0.0264)  time: 0.0181  data: 0.0059  max mem: 16496
Passive Test:  [  2710/?]  eta: ?  loss: 0.0508 (0.0264)  time: 0.0181  data: 0.0060  max mem: 16496
Passive Test:  [  2720/?]  eta: ?  loss: 0.0326 (0.0265)  time: 0.0183  data: 0.0060  max mem: 16496
Passive Test:  [  2730/?]  eta: ?  loss: 0.0301 (0.0265)  time: 0.0182  data: 0.0059  max mem: 16496
Passive Test:  [  2740/?]  eta: ?  loss: 0.0155 (0.0265)  time: 0.0177  data: 0.0055  max mem: 16496
Passive Test:  [  2750/?]  eta: ?  loss: 0.0197 (0.0265)  time: 0.0177  data: 0.0055  max mem: 16496
Passive Test:  [  2760/?]  eta: ?  loss: 0.0186 (0.0265)  time: 0.0179  data: 0.0057  max mem: 16496
Passive Test:  [  2770/?]  eta: ?  loss: 0.0185 (0.0265)  time: 0.0178  data: 0.0056  max mem: 16496
Passive Test:  [  2780/?]  eta: ?  loss: 0.0173 (0.0265)  time: 0.0180  data: 0.0059  max mem: 16496
Passive Test:  [  2790/?]  eta: ?  loss: 0.0185 (0.0265)  time: 0.0181  data: 0.0060  max mem: 16496
Passive Test:  [  2800/?]  eta: ?  loss: 0.0287 (0.0265)  time: 0.0184  data: 0.0062  max mem: 16496
Passive Test:  [  2810/?]  eta: ?  loss: 0.0274 (0.0265)  time: 0.0187  data: 0.0066  max mem: 16496
Passive Test:  [  2820/?]  eta: ?  loss: 0.0274 (0.0267)  time: 0.0184  data: 0.0063  max mem: 16496
Passive Test:  [  2830/?]  eta: ?  loss: 0.0346 (0.0269)  time: 0.0183  data: 0.0062  max mem: 16496
Passive Test:  [  2840/?]  eta: ?  loss: 0.0148 (0.0270)  time: 0.0183  data: 0.0063  max mem: 16496
Passive Test:  [  2850/?]  eta: ?  loss: 0.0122 (0.0272)  time: 0.0183  data: 0.0063  max mem: 16496
Passive Test:  [  2860/?]  eta: ?  loss: 0.0104 (0.0272)  time: 0.0181  data: 0.0061  max mem: 16496
Passive Test:  [  2870/?]  eta: ?  loss: 0.0104 (0.0273)  time: 0.0181  data: 0.0060  max mem: 16496
Passive Test:  [  2880/?]  eta: ?  loss: 0.0105 (0.0273)  time: 0.0178  data: 0.0056  max mem: 16496
Passive Test:  [  2890/?]  eta: ?  loss: 0.0101 (0.0273)  time: 0.0171  data: 0.0050  max mem: 16496
Passive Test:  [  2900/?]  eta: ?  loss: 0.0128 (0.0272)  time: 0.0176  data: 0.0055  max mem: 16496
Passive Test:  [  2910/?]  eta: ?  loss: 0.0182 (0.0272)  time: 0.0179  data: 0.0058  max mem: 16496
Passive Test:  [  2920/?]  eta: ?  loss: 0.0158 (0.0272)  time: 0.0174  data: 0.0053  max mem: 16496
Passive Test:  [  2930/?]  eta: ?  loss: 0.0158 (0.0271)  time: 0.0180  data: 0.0059  max mem: 16496
Passive Test:  [  2940/?]  eta: ?  loss: 0.0222 (0.0271)  time: 0.0185  data: 0.0064  max mem: 16496
Passive Test:  [  2950/?]  eta: ?  loss: 0.0160 (0.0271)  time: 0.0187  data: 0.0066  max mem: 16496
Passive Test:  [  2960/?]  eta: ?  loss: 0.0160 (0.0271)  time: 0.0189  data: 0.0069  max mem: 16496
Passive Test:  [  2970/?]  eta: ?  loss: 0.0182 (0.0271)  time: 0.0182  data: 0.0061  max mem: 16496
Passive Test:  [  2980/?]  eta: ?  loss: 0.0201 (0.0271)  time: 0.0176  data: 0.0055  max mem: 16496
Passive Test:  [  2990/?]  eta: ?  loss: 0.0171 (0.0270)  time: 0.0181  data: 0.0060  max mem: 16496
Passive Test:  [  3000/?]  eta: ?  loss: 0.0101 (0.0270)  time: 0.0185  data: 0.0064  max mem: 16496
Passive Test:  [  3010/?]  eta: ?  loss: 0.0074 (0.0269)  time: 0.0183  data: 0.0061  max mem: 16496
Passive Test:  [  3020/?]  eta: ?  loss: 0.0096 (0.0269)  time: 0.0180  data: 0.0059  max mem: 16496
Passive Test:  [  3030/?]  eta: ?  loss: 0.0098 (0.0268)  time: 0.0180  data: 0.0059  max mem: 16496
Passive Test:  [  3040/?]  eta: ?  loss: 0.0098 (0.0268)  time: 0.0179  data: 0.0057  max mem: 16496
Passive Test:  [  3050/?]  eta: ?  loss: 0.0176 (0.0268)  time: 0.0178  data: 0.0057  max mem: 16496
Passive Test:  [  3060/?]  eta: ?  loss: 0.0185 (0.0267)  time: 0.0192  data: 0.0072  max mem: 16496
Passive Test:  [  3070/?]  eta: ?  loss: 0.0146 (0.0267)  time: 0.0200  data: 0.0078  max mem: 16496
Passive Test:  [  3080/?]  eta: ?  loss: 0.0128 (0.0266)  time: 0.0196  data: 0.0074  max mem: 16496
Passive Test:  [  3090/?]  eta: ?  loss: 0.0106 (0.0266)  time: 0.0193  data: 0.0072  max mem: 16496
Passive Test:  [  3100/?]  eta: ?  loss: 0.0088 (0.0265)  time: 0.0195  data: 0.0074  max mem: 16496
Passive Test:  [  3110/?]  eta: ?  loss: 0.0088 (0.0265)  time: 0.0202  data: 0.0082  max mem: 16496
Passive Test:  [  3120/?]  eta: ?  loss: 0.0127 (0.0265)  time: 0.0219  data: 0.0098  max mem: 16496
Passive Test:  [  3130/?]  eta: ?  loss: 0.0117 (0.0264)  time: 0.0218  data: 0.0097  max mem: 16496
Passive Test:  [  3140/?]  eta: ?  loss: 0.0119 (0.0264)  time: 0.0213  data: 0.0092  max mem: 16496
Passive Test:  [  3150/?]  eta: ?  loss: 0.0214 (0.0264)  time: 0.0213  data: 0.0092  max mem: 16496
Passive Test:  [  3160/?]  eta: ?  loss: 0.0253 (0.0264)  time: 0.0219  data: 0.0098  max mem: 16496
Passive Test:  [  3170/?]  eta: ?  loss: 0.0151 (0.0264)  time: 0.0216  data: 0.0095  max mem: 16496
Passive Test:  [  3180/?]  eta: ?  loss: 0.0124 (0.0264)  time: 0.0201  data: 0.0078  max mem: 16496
Passive Test: Total time: 0:00:59 (0.0187 s / it)
* loss 0.026
  ACTIVE Test MAE (years): 2.0376 (n=35,284)
  PASSIVE Test MAE (years): 2.0732 (n=204,188)
  → Epoch  25/50 | Train Loss: 0.0020 | Val Loss: 0.0263 | Train score (1/(1+norm_MAE)): 0.9749 | Val MAE (years): 2.0675 | LR: 0.000001
Best val MAE (years): 1.9149, test MAE at best val: 1.8538
  Test segment MAE: 2.0456 | participant median MAE: 1.7961 | participant mean MAE: 1.7909
Epoch: [25]  [     0/?]  eta: ?  lr: 0.000298  min_lr: 0.000001  loss: 0.0018 (0.0018)  class_acc: 0.9748 (0.9748)  loss_scale: 8796093022208.0000 (8796093022208.0000)  weight_decay: 0.0500 (0.0500)  grad_norm: 0.8638 (0.8638)  time: 5.5448  data: 5.1147  max mem: 16496
Epoch: [25]  [   500/?]  eta: ?  lr: 0.000297  min_lr: 0.000001  loss: 0.0018 (0.0019)  class_acc: 0.9755 (0.9754)  loss_scale: 8796093022208.0000 (8796093022208.0000)  weight_decay: 0.0500 (0.0500)  grad_norm: 0.9044 (1.0556)  time: 0.4286  data: 0.0003  max mem: 16496
Epoch: [25]  [  1000/?]  eta: ?  lr: 0.000297  min_lr: 0.000001  loss: 0.0017 (0.0019)  class_acc: 0.9762 (0.9756)  loss_scale: 8796093022208.0000 (8796093022208.0000)  weight_decay: 0.0500 (0.0500)  grad_norm: 0.9301 (1.0323)  time: 0.4329  data: 0.0002  max mem: 16496
Epoch: [25]  [  1500/?]  eta: ?  lr: 0.000297  min_lr: 0.000001  loss: 0.0016 (0.0019)  class_acc: 0.9760 (0.9756)  loss_scale: 8796093022208.0000 (8796093022208.0000)  weight_decay: 0.0500 (0.0500)  grad_norm: 0.7809 (1.0398)  time: 0.4323  data: 0.0003  max mem: 16496
Epoch: [25]  [  2000/?]  eta: ?  lr: 0.000297  min_lr: 0.000001  loss: 0.0016 (0.0019)  class_acc: 0.9762 (0.9756)  loss_scale: 17592186044416.0000 (10123639295424.7988)  weight_decay: 0.0500 (0.0500)  grad_norm: 0.7480 (1.0256)  time: 0.4303  data: 0.0003  max mem: 16496
Epoch: [25] Total time: 0:15:50 (0.4377 s / it)
Val:  [     0/?]  eta: ?  loss: 0.0378 (0.0378)  time: 2.4918  data: 2.3263  max mem: 16496
Val:  [    10/?]  eta: ?  loss: 0.0250 (0.0296)  time: 0.3782  data: 0.2117  max mem: 16496
Val:  [    20/?]  eta: ?  loss: 0.0192 (0.0245)  time: 0.1670  data: 0.0002  max mem: 16496
Val:  [    30/?]  eta: ?  loss: 0.0156 (0.0228)  time: 0.1672  data: 0.0002  max mem: 16496
Val:  [    40/?]  eta: ?  loss: 0.0214 (0.0240)  time: 0.1672  data: 0.0002  max mem: 16496
Val:  [    50/?]  eta: ?  loss: 0.0290 (0.0247)  time: 0.1672  data: 0.0002  max mem: 16496
Val:  [    60/?]  eta: ?  loss: 0.0269 (0.0283)  time: 0.1672  data: 0.0002  max mem: 16496
Val:  [    70/?]  eta: ?  loss: 0.0158 (0.0275)  time: 0.1673  data: 0.0002  max mem: 16496
Val:  [    80/?]  eta: ?  loss: 0.0208 (0.0275)  time: 0.1673  data: 0.0002  max mem: 16496
Val:  [    90/?]  eta: ?  loss: 0.0219 (0.0269)  time: 0.1673  data: 0.0003  max mem: 16496
Val:  [   100/?]  eta: ?  loss: 0.0219 (0.0266)  time: 0.1673  data: 0.0003  max mem: 16496
Val:  [   110/?]  eta: ?  loss: 0.0218 (0.0264)  time: 0.1673  data: 0.0003  max mem: 16496
Val:  [   120/?]  eta: ?  loss: 0.0202 (0.0273)  time: 0.1673  data: 0.0003  max mem: 16496
Val:  [   130/?]  eta: ?  loss: 0.0206 (0.0270)  time: 0.1673  data: 0.0003  max mem: 16496
Val:  [   140/?]  eta: ?  loss: 0.0206 (0.0273)  time: 0.1674  data: 0.0003  max mem: 16496
Val:  [   150/?]  eta: ?  loss: 0.0209 (0.0273)  time: 0.1674  data: 0.0003  max mem: 16496
Val:  [   160/?]  eta: ?  loss: 0.0184 (0.0272)  time: 0.1674  data: 0.0003  max mem: 16496
Val:  [   170/?]  eta: ?  loss: 0.0225 (0.0273)  time: 0.1674  data: 0.0003  max mem: 16496
Val:  [   180/?]  eta: ?  loss: 0.0225 (0.0272)  time: 0.1674  data: 0.0003  max mem: 16496
Val:  [   190/?]  eta: ?  loss: 0.0139 (0.0267)  time: 0.1674  data: 0.0003  max mem: 16496
Val:  [   200/?]  eta: ?  loss: 0.0133 (0.0266)  time: 0.1674  data: 0.0003  max mem: 16496
Val:  [   210/?]  eta: ?  loss: 0.0206 (0.0266)  time: 0.1675  data: 0.0004  max mem: 16496
Val:  [   220/?]  eta: ?  loss: 0.0188 (0.0262)  time: 0.1675  data: 0.0004  max mem: 16496
Val:  [   230/?]  eta: ?  loss: 0.0152 (0.0261)  time: 0.1675  data: 0.0003  max mem: 16496
Val:  [   240/?]  eta: ?  loss: 0.0152 (0.0260)  time: 0.1674  data: 0.0003  max mem: 16496
Val:  [   250/?]  eta: ?  loss: 0.0170 (0.0263)  time: 0.1674  data: 0.0003  max mem: 16496
Val:  [   260/?]  eta: ?  loss: 0.0171 (0.0265)  time: 0.1674  data: 0.0003  max mem: 16496
Val:  [   270/?]  eta: ?  loss: 0.0253 (0.0268)  time: 0.1674  data: 0.0003  max mem: 16496
Val:  [   280/?]  eta: ?  loss: 0.0253 (0.0268)  time: 0.1674  data: 0.0003  max mem: 16496
Val:  [   290/?]  eta: ?  loss: 0.0157 (0.0265)  time: 0.1674  data: 0.0003  max mem: 16496
Val:  [   300/?]  eta: ?  loss: 0.0181 (0.0264)  time: 0.1674  data: 0.0003  max mem: 16496
Val:  [   310/?]  eta: ?  loss: 0.0198 (0.0262)  time: 0.1659  data: 0.0003  max mem: 16496
Val: Total time: 0:00:54 (0.1747 s / it)
* loss 0.026
Test:  [     0/?]  eta: ?  loss: 0.0190 (0.0190)  time: 1.9436  data: 1.7781  max mem: 16496
Test:  [    10/?]  eta: ?  loss: 0.0189 (0.0219)  time: 0.3287  data: 0.1619  max mem: 16496
Test:  [    20/?]  eta: ?  loss: 0.0176 (0.0206)  time: 0.1672  data: 0.0003  max mem: 16496
Test:  [    30/?]  eta: ?  loss: 0.0176 (0.0202)  time: 0.1674  data: 0.0003  max mem: 16496
Test:  [    40/?]  eta: ?  loss: 0.0202 (0.0205)  time: 0.1674  data: 0.0003  max mem: 16496
Test:  [    50/?]  eta: ?  loss: 0.0167 (0.0200)  time: 0.1674  data: 0.0004  max mem: 16496
Test:  [    60/?]  eta: ?  loss: 0.0149 (0.0191)  time: 0.1675  data: 0.0004  max mem: 16496
Test:  [    70/?]  eta: ?  loss: 0.0137 (0.0192)  time: 0.1675  data: 0.0003  max mem: 16496
Test:  [    80/?]  eta: ?  loss: 0.0162 (0.0193)  time: 0.1674  data: 0.0003  max mem: 16496
Test:  [    90/?]  eta: ?  loss: 0.0239 (0.0205)  time: 0.1674  data: 0.0003  max mem: 16496
Test:  [   100/?]  eta: ?  loss: 0.0267 (0.0216)  time: 0.1674  data: 0.0003  max mem: 16496
Test:  [   110/?]  eta: ?  loss: 0.0261 (0.0220)  time: 0.1674  data: 0.0003  max mem: 16496
Test:  [   120/?]  eta: ?  loss: 0.0224 (0.0224)  time: 0.1674  data: 0.0003  max mem: 16496
Test:  [   130/?]  eta: ?  loss: 0.0178 (0.0221)  time: 0.1674  data: 0.0003  max mem: 16496
Test:  [   140/?]  eta: ?  loss: 0.0169 (0.0226)  time: 0.1674  data: 0.0003  max mem: 16496
Test:  [   150/?]  eta: ?  loss: 0.0297 (0.0232)  time: 0.1674  data: 0.0003  max mem: 16496
Test:  [   160/?]  eta: ?  loss: 0.0278 (0.0234)  time: 0.1674  data: 0.0003  max mem: 16496
Test:  [   170/?]  eta: ?  loss: 0.0242 (0.0237)  time: 0.1675  data: 0.0003  max mem: 16496
Test:  [   180/?]  eta: ?  loss: 0.0185 (0.0238)  time: 0.1675  data: 0.0003  max mem: 16496
Test:  [   190/?]  eta: ?  loss: 0.0196 (0.0237)  time: 0.1675  data: 0.0003  max mem: 16496
Test:  [   200/?]  eta: ?  loss: 0.0196 (0.0239)  time: 0.1675  data: 0.0003  max mem: 16496
Test:  [   210/?]  eta: ?  loss: 0.0201 (0.0240)  time: 0.1675  data: 0.0003  max mem: 16496
Test:  [   220/?]  eta: ?  loss: 0.0159 (0.0242)  time: 0.1675  data: 0.0003  max mem: 16496
Test:  [   230/?]  eta: ?  loss: 0.0169 (0.0243)  time: 0.1675  data: 0.0003  max mem: 16496
Test:  [   240/?]  eta: ?  loss: 0.0182 (0.0241)  time: 0.1674  data: 0.0003  max mem: 16496
Test:  [   250/?]  eta: ?  loss: 0.0172 (0.0240)  time: 0.1675  data: 0.0003  max mem: 16496
Test:  [   260/?]  eta: ?  loss: 0.0174 (0.0240)  time: 0.1675  data: 0.0003  max mem: 16496
Test:  [   270/?]  eta: ?  loss: 0.0172 (0.0238)  time: 0.1675  data: 0.0003  max mem: 16496
Test:  [   280/?]  eta: ?  loss: 0.0170 (0.0245)  time: 0.1676  data: 0.0003  max mem: 16496
Test:  [   290/?]  eta: ?  loss: 0.0224 (0.0246)  time: 0.1675  data: 0.0003  max mem: 16496
Test:  [   300/?]  eta: ?  loss: 0.0281 (0.0250)  time: 0.1675  data: 0.0003  max mem: 16496
Test:  [   310/?]  eta: ?  loss: 0.0357 (0.0258)  time: 0.1337  data: 0.0003  max mem: 16496
Test: Total time: 0:00:53 (0.1706 s / it)
* loss 0.026
  → Epoch  26/50 | Train Loss: 0.0019 | Val Loss: 0.0261 | Train score (1/(1+norm_MAE)): 0.9757 | Val MAE (years): 2.0577 | LR: 0.000001
Best val MAE (years): 1.9149, test MAE at best val: 1.8538
  Test segment MAE: 2.0593 | participant median MAE: 1.7967 | participant mean MAE: 1.7889
Epoch: [26]  [     0/?]  eta: ?  lr: 0.000281  min_lr: 0.000001  loss: 0.0016 (0.0016)  class_acc: 0.9761 (0.9761)  loss_scale: 17592186044416.0000 (17592186044416.0000)  weight_decay: 0.0500 (0.0500)  grad_norm: 2.0932 (2.0932)  time: 8.4995  data: 8.0592  max mem: 16496
Epoch: [26]  [   500/?]  eta: ?  lr: 0.000281  min_lr: 0.000001  loss: 0.0015 (0.0017)  class_acc: 0.9766 (0.9764)  loss_scale: 17592186044416.0000 (17592186044416.0000)  weight_decay: 0.0500 (0.0500)  grad_norm: 0.7793 (1.0103)  time: 0.4330  data: 0.0002  max mem: 16496
Epoch: [26]  [  1000/?]  eta: ?  lr: 0.000280  min_lr: 0.000001  loss: 0.0017 (0.0017)  class_acc: 0.9766 (0.9764)  loss_scale: 17592186044416.0000 (17592186044416.0000)  weight_decay: 0.0500 (0.0500)  grad_norm: 0.8637 (1.0286)  time: 0.4309  data: 0.0003  max mem: 16496
Epoch: [26]  [  1500/?]  eta: ?  lr: 0.000280  min_lr: 0.000001  loss: 0.0017 (0.0018)  class_acc: 0.9765 (0.9764)  loss_scale: 17592186044416.0000 (17592186044416.0000)  weight_decay: 0.0500 (0.0500)  grad_norm: 0.8817 (1.0403)  time: 0.4317  data: 0.0002  max mem: 16496
Epoch: [26]  [  2000/?]  eta: ?  lr: 0.000280  min_lr: 0.000001  loss: 0.0015 (0.0018)  class_acc: 0.9772 (0.9765)  loss_scale: 35184372088832.0000 (21759450504712.4453)  weight_decay: 0.0500 (0.0500)  grad_norm: 0.7079 (1.0395)  time: 0.4330  data: 0.0003  max mem: 16496
Epoch: [26] Total time: 0:15:56 (0.4402 s / it)
Val:  [     0/?]  eta: ?  loss: 0.0361 (0.0361)  time: 2.0663  data: 1.9006  max mem: 16496
Val:  [    10/?]  eta: ?  loss: 0.0257 (0.0292)  time: 0.3397  data: 0.1730  max mem: 16496
Val:  [    20/?]  eta: ?  loss: 0.0195 (0.0238)  time: 0.1672  data: 0.0002  max mem: 16496
Val:  [    30/?]  eta: ?  loss: 0.0141 (0.0226)  time: 0.1673  data: 0.0002  max mem: 16496
Val:  [    40/?]  eta: ?  loss: 0.0187 (0.0235)  time: 0.1673  data: 0.0002  max mem: 16496
Val:  [    50/?]  eta: ?  loss: 0.0246 (0.0241)  time: 0.1673  data: 0.0002  max mem: 16496
Val:  [    60/?]  eta: ?  loss: 0.0210 (0.0284)  time: 0.1673  data: 0.0002  max mem: 16496
Val:  [    70/?]  eta: ?  loss: 0.0165 (0.0275)  time: 0.1673  data: 0.0002  max mem: 16496
Val:  [    80/?]  eta: ?  loss: 0.0218 (0.0277)  time: 0.1673  data: 0.0002  max mem: 16496
Val:  [    90/?]  eta: ?  loss: 0.0235 (0.0271)  time: 0.1674  data: 0.0003  max mem: 16496
Val:  [   100/?]  eta: ?  loss: 0.0209 (0.0269)  time: 0.1674  data: 0.0003  max mem: 16496
Val:  [   110/?]  eta: ?  loss: 0.0214 (0.0267)  time: 0.1675  data: 0.0003  max mem: 16496
Val:  [   120/?]  eta: ?  loss: 0.0214 (0.0275)  time: 0.1674  data: 0.0003  max mem: 16496
Val:  [   130/?]  eta: ?  loss: 0.0227 (0.0273)  time: 0.1674  data: 0.0003  max mem: 16496
Val:  [   140/?]  eta: ?  loss: 0.0227 (0.0273)  time: 0.1674  data: 0.0003  max mem: 16496
Val:  [   150/?]  eta: ?  loss: 0.0198 (0.0274)  time: 0.1675  data: 0.0003  max mem: 16496
Val:  [   160/?]  eta: ?  loss: 0.0191 (0.0275)  time: 0.1674  data: 0.0003  max mem: 16496
Val:  [   170/?]  eta: ?  loss: 0.0266 (0.0276)  time: 0.1674  data: 0.0003  max mem: 16496
Val:  [   180/?]  eta: ?  loss: 0.0266 (0.0275)  time: 0.1675  data: 0.0003  max mem: 16496
Val:  [   190/?]  eta: ?  loss: 0.0155 (0.0270)  time: 0.1676  data: 0.0004  max mem: 16496
Val:  [   200/?]  eta: ?  loss: 0.0167 (0.0269)  time: 0.1677  data: 0.0004  max mem: 16496
Val:  [   210/?]  eta: ?  loss: 0.0207 (0.0269)  time: 0.1676  data: 0.0004  max mem: 16496
Val:  [   220/?]  eta: ?  loss: 0.0185 (0.0266)  time: 0.1676  data: 0.0004  max mem: 16496
Val:  [   230/?]  eta: ?  loss: 0.0164 (0.0265)  time: 0.1676  data: 0.0003  max mem: 16496
Val:  [   240/?]  eta: ?  loss: 0.0164 (0.0265)  time: 0.1676  data: 0.0003  max mem: 16496
Val:  [   250/?]  eta: ?  loss: 0.0163 (0.0271)  time: 0.1676  data: 0.0003  max mem: 16496
Val:  [   260/?]  eta: ?  loss: 0.0209 (0.0273)  time: 0.1676  data: 0.0003  max mem: 16496
Val:  [   270/?]  eta: ?  loss: 0.0240 (0.0275)  time: 0.1676  data: 0.0003  max mem: 16496
Val:  [   280/?]  eta: ?  loss: 0.0240 (0.0274)  time: 0.1676  data: 0.0003  max mem: 16496
Val:  [   290/?]  eta: ?  loss: 0.0150 (0.0271)  time: 0.1676  data: 0.0003  max mem: 16496
Val:  [   300/?]  eta: ?  loss: 0.0196 (0.0270)  time: 0.1675  data: 0.0003  max mem: 16496
Val:  [   310/?]  eta: ?  loss: 0.0205 (0.0267)  time: 0.1660  data: 0.0003  max mem: 16496
Val: Total time: 0:00:54 (0.1735 s / it)
* loss 0.027
Test:  [     0/?]  eta: ?  loss: 0.0197 (0.0197)  time: 1.9007  data: 1.7352  max mem: 16496
Test:  [    10/?]  eta: ?  loss: 0.0197 (0.0235)  time: 0.3249  data: 0.1581  max mem: 16496
Test:  [    20/?]  eta: ?  loss: 0.0168 (0.0214)  time: 0.1675  data: 0.0003  max mem: 16496
Test:  [    30/?]  eta: ?  loss: 0.0177 (0.0208)  time: 0.1675  data: 0.0003  max mem: 16496
Test:  [    40/?]  eta: ?  loss: 0.0188 (0.0210)  time: 0.1675  data: 0.0003  max mem: 16496
Test:  [    50/?]  eta: ?  loss: 0.0169 (0.0208)  time: 0.1675  data: 0.0003  max mem: 16496
Test:  [    60/?]  eta: ?  loss: 0.0165 (0.0199)  time: 0.1676  data: 0.0004  max mem: 16496
Test:  [    70/?]  eta: ?  loss: 0.0137 (0.0201)  time: 0.1676  data: 0.0004  max mem: 16496
Test:  [    80/?]  eta: ?  loss: 0.0171 (0.0201)  time: 0.1675  data: 0.0003  max mem: 16496
Test:  [    90/?]  eta: ?  loss: 0.0239 (0.0212)  time: 0.1675  data: 0.0003  max mem: 16496
Test:  [   100/?]  eta: ?  loss: 0.0272 (0.0222)  time: 0.1675  data: 0.0003  max mem: 16496
Test:  [   110/?]  eta: ?  loss: 0.0245 (0.0225)  time: 0.1676  data: 0.0003  max mem: 16496
Test:  [   120/?]  eta: ?  loss: 0.0204 (0.0231)  time: 0.1675  data: 0.0003  max mem: 16496
Test:  [   130/?]  eta: ?  loss: 0.0165 (0.0228)  time: 0.1674  data: 0.0003  max mem: 16496
Test:  [   140/?]  eta: ?  loss: 0.0165 (0.0232)  time: 0.1675  data: 0.0003  max mem: 16496
Test:  [   150/?]  eta: ?  loss: 0.0310 (0.0238)  time: 0.1674  data: 0.0003  max mem: 16496
Test:  [   160/?]  eta: ?  loss: 0.0280 (0.0239)  time: 0.1674  data: 0.0003  max mem: 16496
Test:  [   170/?]  eta: ?  loss: 0.0216 (0.0244)  time: 0.1675  data: 0.0003  max mem: 16496
Test:  [   180/?]  eta: ?  loss: 0.0211 (0.0246)  time: 0.1675  data: 0.0003  max mem: 16496
Test:  [   190/?]  eta: ?  loss: 0.0211 (0.0243)  time: 0.1675  data: 0.0003  max mem: 16496
Test:  [   200/?]  eta: ?  loss: 0.0178 (0.0245)  time: 0.1676  data: 0.0004  max mem: 16496
Test:  [   210/?]  eta: ?  loss: 0.0215 (0.0246)  time: 0.1675  data: 0.0004  max mem: 16496
Test:  [   220/?]  eta: ?  loss: 0.0185 (0.0249)  time: 0.1675  data: 0.0004  max mem: 16496
Test:  [   230/?]  eta: ?  loss: 0.0185 (0.0248)  time: 0.1676  data: 0.0004  max mem: 16496
Test:  [   240/?]  eta: ?  loss: 0.0177 (0.0246)  time: 0.1675  data: 0.0004  max mem: 16496
Test:  [   250/?]  eta: ?  loss: 0.0169 (0.0245)  time: 0.1676  data: 0.0004  max mem: 16496
Test:  [   260/?]  eta: ?  loss: 0.0184 (0.0244)  time: 0.1676  data: 0.0003  max mem: 16496
Test:  [   270/?]  eta: ?  loss: 0.0184 (0.0243)  time: 0.1675  data: 0.0003  max mem: 16496
Test:  [   280/?]  eta: ?  loss: 0.0170 (0.0250)  time: 0.1676  data: 0.0004  max mem: 16496
Test:  [   290/?]  eta: ?  loss: 0.0218 (0.0250)  time: 0.1676  data: 0.0004  max mem: 16496
Test:  [   300/?]  eta: ?  loss: 0.0318 (0.0255)  time: 0.1675  data: 0.0003  max mem: 16496
Test:  [   310/?]  eta: ?  loss: 0.0366 (0.0264)  time: 0.1336  data: 0.0003  max mem: 16496
Test: Total time: 0:00:53 (0.1705 s / it)
* loss 0.026
  → Epoch  27/50 | Train Loss: 0.0018 | Val Loss: 0.0267 | Train score (1/(1+norm_MAE)): 0.9765 | Val MAE (years): 2.0673 | LR: 0.000001
Best val MAE (years): 1.9149, test MAE at best val: 1.8538
  Test segment MAE: 2.0687 | participant median MAE: 1.7967 | participant mean MAE: 1.7841
Epoch: [27]  [     0/?]  eta: ?  lr: 0.000264  min_lr: 0.000001  loss: 0.0017 (0.0017)  class_acc: 0.9770 (0.9770)  loss_scale: 35184372088832.0000 (35184372088832.0000)  weight_decay: 0.0500 (0.0500)  grad_norm: 1.4016 (1.4016)  time: 8.2621  data: 7.8366  max mem: 16496
Epoch: [27]  [   500/?]  eta: ?  lr: 0.000263  min_lr: 0.000001  loss: 0.0015 (0.0017)  class_acc: 0.9777 (0.9770)  loss_scale: 35184372088832.0000 (35184372088832.0000)  weight_decay: 0.0500 (0.0500)  grad_norm: 1.0501 (1.0111)  time: 0.4333  data: 0.0003  max mem: 16496
Epoch: [27]  [  1000/?]  eta: ?  lr: 0.000263  min_lr: 0.000001  loss: 0.0014 (0.0017)  class_acc: 0.9775 (0.9771)  loss_scale: 35184372088832.0000 (35184372088832.0000)  weight_decay: 0.0500 (0.0500)  grad_norm: 0.6886 (1.0273)  time: 0.4419  data: 0.0002  max mem: 16496
Epoch: [27]  [  1500/?]  eta: ?  lr: 0.000263  min_lr: 0.000001  loss: 0.0016 (0.0017)  class_acc: 0.9767 (0.9771)  loss_scale: 70368744177664.0000 (38606702751703.0703)  weight_decay: 0.0500 (0.0500)  grad_norm: 0.8246 (1.0489)  time: 0.4328  data: 0.0002  max mem: 16496
Epoch: [27]  [  2000/?]  eta: ?  lr: 0.000263  min_lr: 0.000001  loss: 0.0015 (0.0017)  class_acc: 0.9772 (0.9771)  loss_scale: 70368744177664.0000 (46543244837150.5781)  weight_decay: 0.0500 (0.0500)  grad_norm: 0.8155 (1.0453)  time: 0.4310  data: 0.0002  max mem: 16496
Epoch: [27] Total time: 0:15:55 (0.4400 s / it)
Val:  [     0/?]  eta: ?  loss: 0.0355 (0.0355)  time: 1.9573  data: 1.7922  max mem: 16496
Val:  [    10/?]  eta: ?  loss: 0.0240 (0.0302)  time: 0.3298  data: 0.1632  max mem: 16496
Val:  [    20/?]  eta: ?  loss: 0.0195 (0.0244)  time: 0.1672  data: 0.0002  max mem: 16496
Val:  [    30/?]  eta: ?  loss: 0.0152 (0.0230)  time: 0.1673  data: 0.0002  max mem: 16496
Val:  [    40/?]  eta: ?  loss: 0.0196 (0.0237)  time: 0.1673  data: 0.0002  max mem: 16496
Val:  [    50/?]  eta: ?  loss: 0.0245 (0.0245)  time: 0.1673  data: 0.0003  max mem: 16496
Val:  [    60/?]  eta: ?  loss: 0.0245 (0.0287)  time: 0.1673  data: 0.0003  max mem: 16496
Val:  [    70/?]  eta: ?  loss: 0.0142 (0.0279)  time: 0.1673  data: 0.0003  max mem: 16496
Val:  [    80/?]  eta: ?  loss: 0.0202 (0.0278)  time: 0.1673  data: 0.0002  max mem: 16496
Val:  [    90/?]  eta: ?  loss: 0.0233 (0.0272)  time: 0.1673  data: 0.0002  max mem: 16496
Val:  [   100/?]  eta: ?  loss: 0.0216 (0.0271)  time: 0.1674  data: 0.0002  max mem: 16496
Val:  [   110/?]  eta: ?  loss: 0.0216 (0.0269)  time: 0.1674  data: 0.0003  max mem: 16496
Val:  [   120/?]  eta: ?  loss: 0.0200 (0.0276)  time: 0.1674  data: 0.0003  max mem: 16496
Val:  [   130/?]  eta: ?  loss: 0.0242 (0.0274)  time: 0.1674  data: 0.0003  max mem: 16496
Val:  [   140/?]  eta: ?  loss: 0.0242 (0.0276)  time: 0.1674  data: 0.0003  max mem: 16496
Val:  [   150/?]  eta: ?  loss: 0.0220 (0.0279)  time: 0.1675  data: 0.0003  max mem: 16496
Val:  [   160/?]  eta: ?  loss: 0.0215 (0.0279)  time: 0.1675  data: 0.0003  max mem: 16496
Val:  [   170/?]  eta: ?  loss: 0.0211 (0.0279)  time: 0.1676  data: 0.0004  max mem: 16496
Val:  [   180/?]  eta: ?  loss: 0.0211 (0.0278)  time: 0.1676  data: 0.0004  max mem: 16496
Val:  [   190/?]  eta: ?  loss: 0.0163 (0.0274)  time: 0.1676  data: 0.0003  max mem: 16496
Val:  [   200/?]  eta: ?  loss: 0.0126 (0.0273)  time: 0.1675  data: 0.0003  max mem: 16496
Val:  [   210/?]  eta: ?  loss: 0.0231 (0.0275)  time: 0.1675  data: 0.0004  max mem: 16496
Val:  [   220/?]  eta: ?  loss: 0.0213 (0.0271)  time: 0.1675  data: 0.0003  max mem: 16496
Val:  [   230/?]  eta: ?  loss: 0.0161 (0.0271)  time: 0.1676  data: 0.0003  max mem: 16496
Val:  [   240/?]  eta: ?  loss: 0.0161 (0.0270)  time: 0.1675  data: 0.0003  max mem: 16496
Val:  [   250/?]  eta: ?  loss: 0.0153 (0.0274)  time: 0.1675  data: 0.0003  max mem: 16496
Val:  [   260/?]  eta: ?  loss: 0.0156 (0.0274)  time: 0.1675  data: 0.0003  max mem: 16496
Val:  [   270/?]  eta: ?  loss: 0.0240 (0.0276)  time: 0.1675  data: 0.0003  max mem: 16496
Val:  [   280/?]  eta: ?  loss: 0.0277 (0.0275)  time: 0.1676  data: 0.0003  max mem: 16496
Val:  [   290/?]  eta: ?  loss: 0.0159 (0.0273)  time: 0.1676  data: 0.0003  max mem: 16496
Val:  [   300/?]  eta: ?  loss: 0.0184 (0.0271)  time: 0.1675  data: 0.0003  max mem: 16496
Val:  [   310/?]  eta: ?  loss: 0.0191 (0.0269)  time: 0.1659  data: 0.0003  max mem: 16496
Val: Total time: 0:00:54 (0.1731 s / it)
* loss 0.027
Test:  [     0/?]  eta: ?  loss: 0.0189 (0.0189)  time: 2.0220  data: 1.8561  max mem: 16496
Test:  [    10/?]  eta: ?  loss: 0.0208 (0.0245)  time: 0.3358  data: 0.1690  max mem: 16496
Test:  [    20/?]  eta: ?  loss: 0.0208 (0.0230)  time: 0.1674  data: 0.0003  max mem: 16496
Test:  [    30/?]  eta: ?  loss: 0.0188 (0.0220)  time: 0.1675  data: 0.0003  max mem: 16496
Test:  [    40/?]  eta: ?  loss: 0.0182 (0.0217)  time: 0.1675  data: 0.0003  max mem: 16496
Test:  [    50/?]  eta: ?  loss: 0.0162 (0.0211)  time: 0.1675  data: 0.0003  max mem: 16496
Test:  [    60/?]  eta: ?  loss: 0.0159 (0.0203)  time: 0.1676  data: 0.0003  max mem: 16496
Test:  [    70/?]  eta: ?  loss: 0.0125 (0.0201)  time: 0.1674  data: 0.0003  max mem: 16496
Test:  [    80/?]  eta: ?  loss: 0.0169 (0.0199)  time: 0.1675  data: 0.0003  max mem: 16496
Test:  [    90/?]  eta: ?  loss: 0.0234 (0.0212)  time: 0.1675  data: 0.0003  max mem: 16496
Test:  [   100/?]  eta: ?  loss: 0.0280 (0.0222)  time: 0.1675  data: 0.0003  max mem: 16496
Test:  [   110/?]  eta: ?  loss: 0.0257 (0.0224)  time: 0.1675  data: 0.0003  max mem: 16496
Test:  [   120/?]  eta: ?  loss: 0.0231 (0.0229)  time: 0.1675  data: 0.0003  max mem: 16496
Test:  [   130/?]  eta: ?  loss: 0.0172 (0.0227)  time: 0.1675  data: 0.0003  max mem: 16496
Test:  [   140/?]  eta: ?  loss: 0.0172 (0.0232)  time: 0.1675  data: 0.0003  max mem: 16496
Test:  [   150/?]  eta: ?  loss: 0.0315 (0.0237)  time: 0.1675  data: 0.0003  max mem: 16496
Test:  [   160/?]  eta: ?  loss: 0.0284 (0.0238)  time: 0.1675  data: 0.0003  max mem: 16496
Test:  [   170/?]  eta: ?  loss: 0.0221 (0.0243)  time: 0.1675  data: 0.0003  max mem: 16496
Test:  [   180/?]  eta: ?  loss: 0.0216 (0.0245)  time: 0.1675  data: 0.0003  max mem: 16496
Test:  [   190/?]  eta: ?  loss: 0.0216 (0.0242)  time: 0.1675  data: 0.0003  max mem: 16496
Test:  [   200/?]  eta: ?  loss: 0.0162 (0.0244)  time: 0.1675  data: 0.0003  max mem: 16496
Test:  [   210/?]  eta: ?  loss: 0.0166 (0.0245)  time: 0.1676  data: 0.0003  max mem: 16496
Test:  [   220/?]  eta: ?  loss: 0.0166 (0.0248)  time: 0.1676  data: 0.0003  max mem: 16496
Test:  [   230/?]  eta: ?  loss: 0.0169 (0.0247)  time: 0.1676  data: 0.0003  max mem: 16496
Test:  [   240/?]  eta: ?  loss: 0.0179 (0.0245)  time: 0.1675  data: 0.0003  max mem: 16496
Test:  [   250/?]  eta: ?  loss: 0.0169 (0.0243)  time: 0.1676  data: 0.0003  max mem: 16496
Test:  [   260/?]  eta: ?  loss: 0.0177 (0.0243)  time: 0.1676  data: 0.0003  max mem: 16496
Test:  [   270/?]  eta: ?  loss: 0.0175 (0.0241)  time: 0.1675  data: 0.0003  max mem: 16496
Test:  [   280/?]  eta: ?  loss: 0.0171 (0.0247)  time: 0.1675  data: 0.0003  max mem: 16496
Test:  [   290/?]  eta: ?  loss: 0.0225 (0.0248)  time: 0.1675  data: 0.0003  max mem: 16496
Test:  [   300/?]  eta: ?  loss: 0.0255 (0.0252)  time: 0.1675  data: 0.0003  max mem: 16496
Test:  [   310/?]  eta: ?  loss: 0.0344 (0.0261)  time: 0.1337  data: 0.0003  max mem: 16496
Test: Total time: 0:00:53 (0.1709 s / it)
* loss 0.026
  → Epoch  28/50 | Train Loss: 0.0017 | Val Loss: 0.0268 | Train score (1/(1+norm_MAE)): 0.9772 | Val MAE (years): 2.0757 | LR: 0.000001
Best val MAE (years): 1.9149, test MAE at best val: 1.8538
  Test segment MAE: 2.0574 | participant median MAE: 1.8002 | participant mean MAE: 1.7875
Epoch: [28]  [     0/?]  eta: ?  lr: 0.000246  min_lr: 0.000001  loss: 0.0015 (0.0015)  class_acc: 0.9773 (0.9773)  loss_scale: 70368744177664.0000 (70368744177664.0000)  weight_decay: 0.0500 (0.0500)  grad_norm: 0.7250 (0.7250)  time: 7.9592  data: 7.5265  max mem: 16496
Epoch: [28]  [   500/?]  eta: ?  lr: 0.000246  min_lr: 0.000001  loss: 0.0015 (0.0016)  class_acc: 0.9778 (0.9778)  loss_scale: 70368744177664.0000 (70368744177664.0000)  weight_decay: 0.0500 (0.0500)  grad_norm: 0.7623 (0.9737)  time: 0.4269  data: 0.0002  max mem: 16496
Epoch: [28]  [  1000/?]  eta: ?  lr: 0.000246  min_lr: 0.000001  loss: 0.0014 (0.0016)  class_acc: 0.9784 (0.9778)  loss_scale: 70368744177664.0000 (70368744177664.0000)  weight_decay: 0.0500 (0.0500)  grad_norm: 1.0705 (1.0038)  time: 0.4318  data: 0.0002  max mem: 16496
Epoch: [28]  [  1500/?]  eta: ?  lr: 0.000246  min_lr: 0.000001  loss: 0.0015 (0.0016)  class_acc: 0.9777 (0.9778)  loss_scale: 140737488355328.0000 (85276979120033.8594)  weight_decay: 0.0500 (0.0500)  grad_norm: 0.8827 (1.0259)  time: 0.4307  data: 0.0002  max mem: 16496
Epoch: [28]  [  2000/?]  eta: ?  lr: 0.000246  min_lr: 0.000001  loss: 0.0014 (0.0016)  class_acc: 0.9779 (0.9779)  loss_scale: 140737488355328.0000 (99135177329752.5312)  weight_decay: 0.0500 (0.0500)  grad_norm: 0.6257 (1.0279)  time: 0.4313  data: 0.0002  max mem: 16496
Epoch: [28] Total time: 0:15:54 (0.4393 s / it)
Val:  [     0/?]  eta: ?  loss: 0.0375 (0.0375)  time: 2.0563  data: 1.8908  max mem: 16496
Val:  [    10/?]  eta: ?  loss: 0.0271 (0.0321)  time: 0.3389  data: 0.1721  max mem: 16496
Val:  [    20/?]  eta: ?  loss: 0.0179 (0.0254)  time: 0.1673  data: 0.0002  max mem: 16496
Val:  [    30/?]  eta: ?  loss: 0.0148 (0.0239)  time: 0.1674  data: 0.0003  max mem: 16496
Val:  [    40/?]  eta: ?  loss: 0.0205 (0.0250)  time: 0.1674  data: 0.0003  max mem: 16496
Val:  [    50/?]  eta: ?  loss: 0.0305 (0.0259)  time: 0.1674  data: 0.0002  max mem: 16496
Val:  [    60/?]  eta: ?  loss: 0.0305 (0.0296)  time: 0.1674  data: 0.0003  max mem: 16496
Val:  [    70/?]  eta: ?  loss: 0.0191 (0.0286)  time: 0.1674  data: 0.0003  max mem: 16496
Val:  [    80/?]  eta: ?  loss: 0.0208 (0.0284)  time: 0.1675  data: 0.0003  max mem: 16496
Val:  [    90/?]  eta: ?  loss: 0.0232 (0.0276)  time: 0.1675  data: 0.0003  max mem: 16496
Val:  [   100/?]  eta: ?  loss: 0.0195 (0.0275)  time: 0.1674  data: 0.0003  max mem: 16496
Val:  [   110/?]  eta: ?  loss: 0.0202 (0.0275)  time: 0.1675  data: 0.0003  max mem: 16496
Val:  [   120/?]  eta: ?  loss: 0.0216 (0.0283)  time: 0.1675  data: 0.0004  max mem: 16496
Val:  [   130/?]  eta: ?  loss: 0.0233 (0.0280)  time: 0.1675  data: 0.0004  max mem: 16496
Val:  [   140/?]  eta: ?  loss: 0.0242 (0.0283)  time: 0.1675  data: 0.0003  max mem: 16496
Val:  [   150/?]  eta: ?  loss: 0.0228 (0.0284)  time: 0.1675  data: 0.0003  max mem: 16496
Val:  [   160/?]  eta: ?  loss: 0.0190 (0.0284)  time: 0.1675  data: 0.0003  max mem: 16496
Val:  [   170/?]  eta: ?  loss: 0.0231 (0.0286)  time: 0.1675  data: 0.0003  max mem: 16496
Val:  [   180/?]  eta: ?  loss: 0.0231 (0.0284)  time: 0.1675  data: 0.0003  max mem: 16496
Val:  [   190/?]  eta: ?  loss: 0.0157 (0.0279)  time: 0.1675  data: 0.0003  max mem: 16496
Val:  [   200/?]  eta: ?  loss: 0.0135 (0.0279)  time: 0.1675  data: 0.0003  max mem: 16496
Val:  [   210/?]  eta: ?  loss: 0.0269 (0.0279)  time: 0.1675  data: 0.0003  max mem: 16496
Val:  [   220/?]  eta: ?  loss: 0.0215 (0.0276)  time: 0.1676  data: 0.0003  max mem: 16496
Val:  [   230/?]  eta: ?  loss: 0.0181 (0.0276)  time: 0.1676  data: 0.0003  max mem: 16496
Val:  [   240/?]  eta: ?  loss: 0.0176 (0.0276)  time: 0.1676  data: 0.0004  max mem: 16496
Val:  [   250/?]  eta: ?  loss: 0.0158 (0.0282)  time: 0.1677  data: 0.0004  max mem: 16496
Val:  [   260/?]  eta: ?  loss: 0.0192 (0.0283)  time: 0.1676  data: 0.0004  max mem: 16496
Val:  [   270/?]  eta: ?  loss: 0.0232 (0.0286)  time: 0.1676  data: 0.0004  max mem: 16496
Val:  [   280/?]  eta: ?  loss: 0.0274 (0.0285)  time: 0.1677  data: 0.0003  max mem: 16496
Val:  [   290/?]  eta: ?  loss: 0.0168 (0.0282)  time: 0.1677  data: 0.0004  max mem: 16496
Val:  [   300/?]  eta: ?  loss: 0.0181 (0.0281)  time: 0.1676  data: 0.0003  max mem: 16496
Val:  [   310/?]  eta: ?  loss: 0.0198 (0.0279)  time: 0.1660  data: 0.0003  max mem: 16496
Val: Total time: 0:00:54 (0.1735 s / it)
* loss 0.028
Test:  [     0/?]  eta: ?  loss: 0.0224 (0.0224)  time: 2.0462  data: 1.8804  max mem: 16496
Test:  [    10/?]  eta: ?  loss: 0.0191 (0.0234)  time: 0.3380  data: 0.1713  max mem: 16496
Test:  [    20/?]  eta: ?  loss: 0.0183 (0.0224)  time: 0.1673  data: 0.0003  max mem: 16496
Test:  [    30/?]  eta: ?  loss: 0.0185 (0.0219)  time: 0.1674  data: 0.0003  max mem: 16496
Test:  [    40/?]  eta: ?  loss: 0.0175 (0.0217)  time: 0.1675  data: 0.0003  max mem: 16496
Test:  [    50/?]  eta: ?  loss: 0.0161 (0.0210)  time: 0.1674  data: 0.0003  max mem: 16496
Test:  [    60/?]  eta: ?  loss: 0.0161 (0.0207)  time: 0.1674  data: 0.0003  max mem: 16496
Test:  [    70/?]  eta: ?  loss: 0.0144 (0.0204)  time: 0.1675  data: 0.0003  max mem: 16496
Test:  [    80/?]  eta: ?  loss: 0.0162 (0.0202)  time: 0.1675  data: 0.0003  max mem: 16496
Test:  [    90/?]  eta: ?  loss: 0.0224 (0.0212)  time: 0.1675  data: 0.0003  max mem: 16496
Test:  [   100/?]  eta: ?  loss: 0.0250 (0.0223)  time: 0.1675  data: 0.0003  max mem: 16496
Test:  [   110/?]  eta: ?  loss: 0.0245 (0.0227)  time: 0.1675  data: 0.0003  max mem: 16496
Test:  [   120/?]  eta: ?  loss: 0.0209 (0.0232)  time: 0.1675  data: 0.0003  max mem: 16496
Test:  [   130/?]  eta: ?  loss: 0.0167 (0.0230)  time: 0.1675  data: 0.0003  max mem: 16496
Test:  [   140/?]  eta: ?  loss: 0.0167 (0.0235)  time: 0.1675  data: 0.0003  max mem: 16496
Test:  [   150/?]  eta: ?  loss: 0.0329 (0.0241)  time: 0.1675  data: 0.0003  max mem: 16496
Test:  [   160/?]  eta: ?  loss: 0.0313 (0.0243)  time: 0.1676  data: 0.0003  max mem: 16496
Test:  [   170/?]  eta: ?  loss: 0.0213 (0.0247)  time: 0.1676  data: 0.0003  max mem: 16496
Test:  [   180/?]  eta: ?  loss: 0.0204 (0.0248)  time: 0.1676  data: 0.0003  max mem: 16496
Test:  [   190/?]  eta: ?  loss: 0.0205 (0.0246)  time: 0.1675  data: 0.0003  max mem: 16496
Test:  [   200/?]  eta: ?  loss: 0.0170 (0.0247)  time: 0.1676  data: 0.0003  max mem: 16496
Test:  [   210/?]  eta: ?  loss: 0.0196 (0.0248)  time: 0.1676  data: 0.0003  max mem: 16496
Test:  [   220/?]  eta: ?  loss: 0.0196 (0.0251)  time: 0.1676  data: 0.0003  max mem: 16496
Test:  [   230/?]  eta: ?  loss: 0.0192 (0.0251)  time: 0.1676  data: 0.0003  max mem: 16496
Test:  [   240/?]  eta: ?  loss: 0.0181 (0.0249)  time: 0.1676  data: 0.0003  max mem: 16496
Test:  [   250/?]  eta: ?  loss: 0.0164 (0.0247)  time: 0.1676  data: 0.0003  max mem: 16496
Test:  [   260/?]  eta: ?  loss: 0.0162 (0.0246)  time: 0.1676  data: 0.0003  max mem: 16496
Test:  [   270/?]  eta: ?  loss: 0.0181 (0.0244)  time: 0.1675  data: 0.0003  max mem: 16496
Test:  [   280/?]  eta: ?  loss: 0.0182 (0.0251)  time: 0.1676  data: 0.0003  max mem: 16496
Test:  [   290/?]  eta: ?  loss: 0.0201 (0.0251)  time: 0.1676  data: 0.0003  max mem: 16496
Test:  [   300/?]  eta: ?  loss: 0.0256 (0.0255)  time: 0.1675  data: 0.0003  max mem: 16496
Test:  [   310/?]  eta: ?  loss: 0.0351 (0.0263)  time: 0.1337  data: 0.0003  max mem: 16496
Test: Total time: 0:00:53 (0.1710 s / it)
* loss 0.026
  → Epoch  29/50 | Train Loss: 0.0016 | Val Loss: 0.0278 | Train score (1/(1+norm_MAE)): 0.9779 | Val MAE (years): 2.1142 | LR: 0.000001
Best val MAE (years): 1.9149, test MAE at best val: 1.8538
  Test segment MAE: 2.0649 | participant median MAE: 1.8366 | participant mean MAE: 1.8100
Epoch: [29]  [     0/?]  eta: ?  lr: 0.000229  min_lr: 0.000001  loss: 0.0013 (0.0013)  class_acc: 0.9770 (0.9770)  loss_scale: 140737488355328.0000 (140737488355328.0000)  weight_decay: 0.0500 (0.0500)  grad_norm: 0.8043 (0.8043)  time: 8.3002  data: 7.8717  max mem: 16496
Epoch: [29]  [   500/?]  eta: ?  lr: 0.000229  min_lr: 0.000001  loss: 0.0014 (0.0015)  class_acc: 0.9787 (0.9784)  loss_scale: 140737488355328.0000 (140737488355328.0000)  weight_decay: 0.0500 (0.0500)  grad_norm: 0.9196 (1.0545)  time: 0.4331  data: 0.0002  max mem: 16496
Epoch: [29]  [  1000/?]  eta: ?  lr: 0.000229  min_lr: 0.000001  loss: 0.0014 (0.0015)  class_acc: 0.9784 (0.9784)  loss_scale: 140737488355328.0000 (140737488355328.0000)  weight_decay: 0.0500 (0.0500)  grad_norm: 0.6894 (1.0403)  time: 0.4310  data: 0.0002  max mem: 16496
Epoch: [29]  [  1500/?]  eta: ?  lr: 0.000229  min_lr: 0.000001  loss: 0.0013 (0.0015)  class_acc: 0.9786 (0.9784)  loss_scale: 281474976710656.0000 (186681105473323.1562)  weight_decay: 0.0500 (0.0500)  grad_norm: 0.7667 (1.0176)  time: 0.4320  data: 0.0002  max mem: 16496
Epoch: [29]  [  2000/?]  eta: ?  lr: 0.000229  min_lr: 0.000001  loss: 0.0015 (0.0015)  class_acc: 0.9785 (0.9785)  loss_scale: 281474976710656.0000 (210367729970407.8125)  weight_decay: 0.0500 (0.0500)  grad_norm: 0.8618 (1.0066)  time: 0.4298  data: 0.0003  max mem: 16496
Epoch: [29] Total time: 0:15:53 (0.4390 s / it)
Val:  [     0/?]  eta: ?  loss: 0.0357 (0.0357)  time: 2.1758  data: 2.0104  max mem: 16496
Val:  [    10/?]  eta: ?  loss: 0.0273 (0.0313)  time: 0.3497  data: 0.1830  max mem: 16496
Val:  [    20/?]  eta: ?  loss: 0.0186 (0.0252)  time: 0.1672  data: 0.0002  max mem: 16496
Val:  [    30/?]  eta: ?  loss: 0.0149 (0.0233)  time: 0.1673  data: 0.0002  max mem: 16496
Val:  [    40/?]  eta: ?  loss: 0.0218 (0.0247)  time: 0.1672  data: 0.0003  max mem: 16496
Val:  [    50/?]  eta: ?  loss: 0.0264 (0.0251)  time: 0.1673  data: 0.0003  max mem: 16496
Val:  [    60/?]  eta: ?  loss: 0.0256 (0.0290)  time: 0.1673  data: 0.0003  max mem: 16496
Val:  [    70/?]  eta: ?  loss: 0.0151 (0.0278)  time: 0.1673  data: 0.0003  max mem: 16496
Val:  [    80/?]  eta: ?  loss: 0.0199 (0.0276)  time: 0.1673  data: 0.0002  max mem: 16496
Val:  [    90/?]  eta: ?  loss: 0.0208 (0.0270)  time: 0.1673  data: 0.0003  max mem: 16496
Val:  [   100/?]  eta: ?  loss: 0.0176 (0.0266)  time: 0.1672  data: 0.0003  max mem: 16496
Val:  [   110/?]  eta: ?  loss: 0.0195 (0.0263)  time: 0.1672  data: 0.0003  max mem: 16496
Val:  [   120/?]  eta: ?  loss: 0.0208 (0.0271)  time: 0.1673  data: 0.0003  max mem: 16496
Val:  [   130/?]  eta: ?  loss: 0.0250 (0.0271)  time: 0.1673  data: 0.0003  max mem: 16496
Val:  [   140/?]  eta: ?  loss: 0.0242 (0.0272)  time: 0.1674  data: 0.0003  max mem: 16496
Val:  [   150/?]  eta: ?  loss: 0.0183 (0.0272)  time: 0.1674  data: 0.0003  max mem: 16496
Val:  [   160/?]  eta: ?  loss: 0.0179 (0.0271)  time: 0.1673  data: 0.0003  max mem: 16496
Val:  [   170/?]  eta: ?  loss: 0.0272 (0.0274)  time: 0.1674  data: 0.0003  max mem: 16496
Val:  [   180/?]  eta: ?  loss: 0.0272 (0.0273)  time: 0.1674  data: 0.0003  max mem: 16496
Val:  [   190/?]  eta: ?  loss: 0.0159 (0.0269)  time: 0.1674  data: 0.0003  max mem: 16496
Val:  [   200/?]  eta: ?  loss: 0.0161 (0.0268)  time: 0.1674  data: 0.0003  max mem: 16496
Val:  [   210/?]  eta: ?  loss: 0.0225 (0.0269)  time: 0.1674  data: 0.0003  max mem: 16496
Val:  [   220/?]  eta: ?  loss: 0.0180 (0.0266)  time: 0.1674  data: 0.0003  max mem: 16496
Val:  [   230/?]  eta: ?  loss: 0.0188 (0.0266)  time: 0.1675  data: 0.0003  max mem: 16496
Val:  [   240/?]  eta: ?  loss: 0.0188 (0.0266)  time: 0.1674  data: 0.0003  max mem: 16496
Val:  [   250/?]  eta: ?  loss: 0.0169 (0.0269)  time: 0.1675  data: 0.0003  max mem: 16496
Val:  [   260/?]  eta: ?  loss: 0.0216 (0.0271)  time: 0.1675  data: 0.0003  max mem: 16496
Val:  [   270/?]  eta: ?  loss: 0.0233 (0.0274)  time: 0.1674  data: 0.0004  max mem: 16496
Val:  [   280/?]  eta: ?  loss: 0.0233 (0.0273)  time: 0.1675  data: 0.0004  max mem: 16496
Val:  [   290/?]  eta: ?  loss: 0.0150 (0.0271)  time: 0.1675  data: 0.0003  max mem: 16496
Val:  [   300/?]  eta: ?  loss: 0.0157 (0.0269)  time: 0.1674  data: 0.0003  max mem: 16496
Val:  [   310/?]  eta: ?  loss: 0.0178 (0.0267)  time: 0.1659  data: 0.0004  max mem: 16496
Val: Total time: 0:00:54 (0.1737 s / it)
* loss 0.027
Test:  [     0/?]  eta: ?  loss: 0.0189 (0.0189)  time: 2.0816  data: 1.9159  max mem: 16496
Test:  [    10/?]  eta: ?  loss: 0.0189 (0.0220)  time: 0.3412  data: 0.1745  max mem: 16496
Test:  [    20/?]  eta: ?  loss: 0.0157 (0.0206)  time: 0.1672  data: 0.0003  max mem: 16496
Test:  [    30/?]  eta: ?  loss: 0.0182 (0.0202)  time: 0.1674  data: 0.0003  max mem: 16496
Test:  [    40/?]  eta: ?  loss: 0.0163 (0.0202)  time: 0.1674  data: 0.0003  max mem: 16496
Test:  [    50/?]  eta: ?  loss: 0.0159 (0.0198)  time: 0.1674  data: 0.0003  max mem: 16496
Test:  [    60/?]  eta: ?  loss: 0.0171 (0.0193)  time: 0.1674  data: 0.0003  max mem: 16496
Test:  [    70/?]  eta: ?  loss: 0.0160 (0.0193)  time: 0.1674  data: 0.0003  max mem: 16496
Test:  [    80/?]  eta: ?  loss: 0.0172 (0.0192)  time: 0.1674  data: 0.0003  max mem: 16496
Test:  [    90/?]  eta: ?  loss: 0.0229 (0.0203)  time: 0.1674  data: 0.0003  max mem: 16496
Test:  [   100/?]  eta: ?  loss: 0.0249 (0.0212)  time: 0.1675  data: 0.0003  max mem: 16496
Test:  [   110/?]  eta: ?  loss: 0.0245 (0.0215)  time: 0.1675  data: 0.0004  max mem: 16496
Test:  [   120/?]  eta: ?  loss: 0.0244 (0.0221)  time: 0.1675  data: 0.0003  max mem: 16496
Test:  [   130/?]  eta: ?  loss: 0.0180 (0.0220)  time: 0.1674  data: 0.0003  max mem: 16496
Test:  [   140/?]  eta: ?  loss: 0.0162 (0.0225)  time: 0.1674  data: 0.0003  max mem: 16496
Test:  [   150/?]  eta: ?  loss: 0.0299 (0.0230)  time: 0.1675  data: 0.0003  max mem: 16496
Test:  [   160/?]  eta: ?  loss: 0.0259 (0.0232)  time: 0.1674  data: 0.0003  max mem: 16496
Test:  [   170/?]  eta: ?  loss: 0.0208 (0.0237)  time: 0.1675  data: 0.0003  max mem: 16496
Test:  [   180/?]  eta: ?  loss: 0.0189 (0.0238)  time: 0.1674  data: 0.0003  max mem: 16496
Test:  [   190/?]  eta: ?  loss: 0.0211 (0.0236)  time: 0.1674  data: 0.0003  max mem: 16496
Test:  [   200/?]  eta: ?  loss: 0.0218 (0.0239)  time: 0.1674  data: 0.0003  max mem: 16496
Test:  [   210/?]  eta: ?  loss: 0.0218 (0.0240)  time: 0.1674  data: 0.0003  max mem: 16496
Test:  [   220/?]  eta: ?  loss: 0.0157 (0.0242)  time: 0.1674  data: 0.0003  max mem: 16496
Test:  [   230/?]  eta: ?  loss: 0.0182 (0.0242)  time: 0.1675  data: 0.0003  max mem: 16496
Test:  [   240/?]  eta: ?  loss: 0.0188 (0.0240)  time: 0.1674  data: 0.0003  max mem: 16496
Test:  [   250/?]  eta: ?  loss: 0.0157 (0.0239)  time: 0.1675  data: 0.0004  max mem: 16496
Test:  [   260/?]  eta: ?  loss: 0.0162 (0.0239)  time: 0.1675  data: 0.0003  max mem: 16496
Test:  [   270/?]  eta: ?  loss: 0.0177 (0.0237)  time: 0.1675  data: 0.0004  max mem: 16496
Test:  [   280/?]  eta: ?  loss: 0.0175 (0.0244)  time: 0.1676  data: 0.0004  max mem: 16496
Test:  [   290/?]  eta: ?  loss: 0.0207 (0.0243)  time: 0.1675  data: 0.0004  max mem: 16496
Test:  [   300/?]  eta: ?  loss: 0.0293 (0.0248)  time: 0.1675  data: 0.0004  max mem: 16496
Test:  [   310/?]  eta: ?  loss: 0.0363 (0.0256)  time: 0.1337  data: 0.0003  max mem: 16496
Test: Total time: 0:00:53 (0.1710 s / it)
* loss 0.026

============================================================
Counting samples by task type...
============================================================

============================================================
Evaluating on active tasks (35,284 samples)...
============================================================
Active Test:  [     0/?]  eta: ?  loss: 0.0120 (0.0120)  time: 2.6521  data: 2.6201  max mem: 16496
Active Test:  [    10/?]  eta: ?  loss: 0.0269 (0.0670)  time: 0.2679  data: 0.2522  max mem: 16496
Active Test:  [    20/?]  eta: ?  loss: 0.0257 (0.0483)  time: 0.0241  data: 0.0109  max mem: 16496
Active Test:  [    30/?]  eta: ?  loss: 0.0238 (0.0448)  time: 0.0208  data: 0.0081  max mem: 16496
Active Test:  [    40/?]  eta: ?  loss: 0.0332 (0.0432)  time: 0.0209  data: 0.0081  max mem: 16496
Active Test:  [    50/?]  eta: ?  loss: 0.0186 (0.0392)  time: 0.0205  data: 0.0081  max mem: 16496
Active Test:  [    60/?]  eta: ?  loss: 0.0117 (0.0343)  time: 0.0215  data: 0.0088  max mem: 16496
Active Test:  [    70/?]  eta: ?  loss: 0.0063 (0.0311)  time: 0.0203  data: 0.0078  max mem: 16496
Active Test:  [    80/?]  eta: ?  loss: 0.0092 (0.0289)  time: 0.0199  data: 0.0077  max mem: 16496
Active Test:  [    90/?]  eta: ?  loss: 0.0157 (0.0276)  time: 0.0197  data: 0.0075  max mem: 16496
Active Test:  [   100/?]  eta: ?  loss: 0.0201 (0.0275)  time: 0.0202  data: 0.0080  max mem: 16496
Active Test:  [   110/?]  eta: ?  loss: 0.0228 (0.0266)  time: 0.0201  data: 0.0078  max mem: 16496
Active Test:  [   120/?]  eta: ?  loss: 0.0150 (0.0261)  time: 0.0200  data: 0.0077  max mem: 16496
Active Test:  [   130/?]  eta: ?  loss: 0.0161 (0.0260)  time: 0.0201  data: 0.0079  max mem: 16496
Active Test:  [   140/?]  eta: ?  loss: 0.0290 (0.0275)  time: 0.0201  data: 0.0079  max mem: 16496
Active Test:  [   150/?]  eta: ?  loss: 0.0410 (0.0290)  time: 0.0204  data: 0.0082  max mem: 16496
Active Test:  [   160/?]  eta: ?  loss: 0.0452 (0.0301)  time: 0.0215  data: 0.0092  max mem: 16496
Active Test:  [   170/?]  eta: ?  loss: 0.0255 (0.0299)  time: 0.0206  data: 0.0083  max mem: 16496
Active Test:  [   180/?]  eta: ?  loss: 0.0104 (0.0288)  time: 0.0196  data: 0.0074  max mem: 16496
Active Test:  [   190/?]  eta: ?  loss: 0.0105 (0.0284)  time: 0.0194  data: 0.0073  max mem: 16496
Active Test:  [   200/?]  eta: ?  loss: 0.0150 (0.0279)  time: 0.0202  data: 0.0081  max mem: 16496
Active Test:  [   210/?]  eta: ?  loss: 0.0150 (0.0278)  time: 0.0198  data: 0.0078  max mem: 16496
Active Test:  [   220/?]  eta: ?  loss: 0.0194 (0.0276)  time: 0.0186  data: 0.0067  max mem: 16496
Active Test:  [   230/?]  eta: ?  loss: 0.0182 (0.0273)  time: 0.0194  data: 0.0073  max mem: 16496
Active Test:  [   240/?]  eta: ?  loss: 0.0156 (0.0276)  time: 0.0193  data: 0.0071  max mem: 16496
Active Test:  [   250/?]  eta: ?  loss: 0.0205 (0.0277)  time: 0.0190  data: 0.0067  max mem: 16496
Active Test:  [   260/?]  eta: ?  loss: 0.0203 (0.0277)  time: 0.0188  data: 0.0066  max mem: 16496
Active Test:  [   270/?]  eta: ?  loss: 0.0180 (0.0278)  time: 0.0202  data: 0.0080  max mem: 16496
Active Test:  [   280/?]  eta: ?  loss: 0.0191 (0.0275)  time: 0.0197  data: 0.0076  max mem: 16496
Active Test:  [   290/?]  eta: ?  loss: 0.0132 (0.0272)  time: 0.0221  data: 0.0098  max mem: 16496
Active Test:  [   300/?]  eta: ?  loss: 0.0118 (0.0272)  time: 0.0216  data: 0.0092  max mem: 16496
Active Test:  [   310/?]  eta: ?  loss: 0.0118 (0.0269)  time: 0.0192  data: 0.0068  max mem: 16496
Active Test:  [   320/?]  eta: ?  loss: 0.0180 (0.0268)  time: 0.0189  data: 0.0067  max mem: 16496
Active Test:  [   330/?]  eta: ?  loss: 0.0192 (0.0269)  time: 0.0188  data: 0.0067  max mem: 16496
Active Test:  [   340/?]  eta: ?  loss: 0.0212 (0.0269)  time: 0.0194  data: 0.0074  max mem: 16496
Active Test:  [   350/?]  eta: ?  loss: 0.0212 (0.0270)  time: 0.0202  data: 0.0081  max mem: 16496
Active Test:  [   360/?]  eta: ?  loss: 0.0228 (0.0269)  time: 0.0197  data: 0.0076  max mem: 16496
Active Test:  [   370/?]  eta: ?  loss: 0.0208 (0.0268)  time: 0.0181  data: 0.0062  max mem: 16496
Active Test:  [   380/?]  eta: ?  loss: 0.0091 (0.0265)  time: 0.0184  data: 0.0064  max mem: 16496
Active Test:  [   390/?]  eta: ?  loss: 0.0091 (0.0262)  time: 0.0204  data: 0.0082  max mem: 16496
Active Test:  [   400/?]  eta: ?  loss: 0.0141 (0.0262)  time: 0.0199  data: 0.0075  max mem: 16496
Active Test:  [   410/?]  eta: ?  loss: 0.0146 (0.0260)  time: 0.0191  data: 0.0068  max mem: 16496
Active Test:  [   420/?]  eta: ?  loss: 0.0180 (0.0260)  time: 0.0249  data: 0.0115  max mem: 16496
Active Test:  [   430/?]  eta: ?  loss: 0.0168 (0.0259)  time: 0.0257  data: 0.0104  max mem: 16496
Active Test:  [   440/?]  eta: ?  loss: 0.0161 (0.0258)  time: 0.0214  data: 0.0071  max mem: 16496
Active Test:  [   450/?]  eta: ?  loss: 0.0157 (0.0256)  time: 0.0210  data: 0.0081  max mem: 16496
Active Test:  [   460/?]  eta: ?  loss: 0.0098 (0.0255)  time: 0.0238  data: 0.0107  max mem: 16496
Active Test:  [   470/?]  eta: ?  loss: 0.0084 (0.0266)  time: 0.0246  data: 0.0110  max mem: 16496
Active Test:  [   480/?]  eta: ?  loss: 0.0231 (0.0270)  time: 0.0227  data: 0.0093  max mem: 16496
Active Test:  [   490/?]  eta: ?  loss: 0.0179 (0.0268)  time: 0.0217  data: 0.0080  max mem: 16496
Active Test:  [   500/?]  eta: ?  loss: 0.0145 (0.0266)  time: 0.0238  data: 0.0099  max mem: 16496
Active Test:  [   510/?]  eta: ?  loss: 0.0206 (0.0265)  time: 0.0234  data: 0.0100  max mem: 16496
Active Test:  [   520/?]  eta: ?  loss: 0.0191 (0.0265)  time: 0.0226  data: 0.0093  max mem: 16496
Active Test:  [   530/?]  eta: ?  loss: 0.0127 (0.0263)  time: 0.0228  data: 0.0099  max mem: 16496
Active Test:  [   540/?]  eta: ?  loss: 0.0148 (0.0262)  time: 0.0225  data: 0.0092  max mem: 16496
Active Test: Total time: 0:00:14 (0.0261 s / it)
* loss 0.026

============================================================
Evaluating on passive tasks (204,188 samples)...
============================================================
Passive Test:  [     0/?]  eta: ?  loss: 0.0073 (0.0073)  time: 0.9938  data: 0.9753  max mem: 16496
Passive Test:  [    10/?]  eta: ?  loss: 0.0177 (0.0164)  time: 0.1094  data: 0.0964  max mem: 16496
Passive Test:  [    20/?]  eta: ?  loss: 0.0148 (0.0174)  time: 0.0216  data: 0.0090  max mem: 16496
Passive Test:  [    30/?]  eta: ?  loss: 0.0140 (0.0196)  time: 0.0197  data: 0.0070  max mem: 16496
Passive Test:  [    40/?]  eta: ?  loss: 0.0149 (0.0232)  time: 0.0172  data: 0.0048  max mem: 16496
Passive Test:  [    50/?]  eta: ?  loss: 0.0183 (0.0258)  time: 0.0189  data: 0.0066  max mem: 16496
Passive Test:  [    60/?]  eta: ?  loss: 0.0183 (0.0281)  time: 0.0193  data: 0.0071  max mem: 16496
Passive Test:  [    70/?]  eta: ?  loss: 0.0145 (0.0300)  time: 0.0199  data: 0.0077  max mem: 16496
Passive Test:  [    80/?]  eta: ?  loss: 0.0165 (0.0307)  time: 0.0198  data: 0.0077  max mem: 16496
Passive Test:  [    90/?]  eta: ?  loss: 0.0200 (0.0305)  time: 0.0188  data: 0.0066  max mem: 16496
Passive Test:  [   100/?]  eta: ?  loss: 0.0200 (0.0302)  time: 0.0192  data: 0.0069  max mem: 16496
Passive Test:  [   110/?]  eta: ?  loss: 0.0179 (0.0292)  time: 0.0195  data: 0.0073  max mem: 16496
Passive Test:  [   120/?]  eta: ?  loss: 0.0117 (0.0288)  time: 0.0187  data: 0.0064  max mem: 16496
Passive Test:  [   130/?]  eta: ?  loss: 0.0146 (0.0288)  time: 0.0183  data: 0.0060  max mem: 16496
Passive Test:  [   140/?]  eta: ?  loss: 0.0164 (0.0294)  time: 0.0184  data: 0.0062  max mem: 16496
Passive Test:  [   150/?]  eta: ?  loss: 0.0207 (0.0296)  time: 0.0189  data: 0.0068  max mem: 16496
Passive Test:  [   160/?]  eta: ?  loss: 0.0171 (0.0294)  time: 0.0186  data: 0.0064  max mem: 16496
Passive Test:  [   170/?]  eta: ?  loss: 0.0154 (0.0292)  time: 0.0184  data: 0.0062  max mem: 16496
Passive Test:  [   180/?]  eta: ?  loss: 0.0150 (0.0287)  time: 0.0184  data: 0.0064  max mem: 16496
Passive Test:  [   190/?]  eta: ?  loss: 0.0189 (0.0282)  time: 0.0184  data: 0.0062  max mem: 16496
Passive Test:  [   200/?]  eta: ?  loss: 0.0124 (0.0274)  time: 0.0183  data: 0.0062  max mem: 16496
Passive Test:  [   210/?]  eta: ?  loss: 0.0116 (0.0272)  time: 0.0175  data: 0.0055  max mem: 16496
Passive Test:  [   220/?]  eta: ?  loss: 0.0139 (0.0265)  time: 0.0171  data: 0.0050  max mem: 16496
Passive Test:  [   230/?]  eta: ?  loss: 0.0146 (0.0262)  time: 0.0172  data: 0.0052  max mem: 16496
Passive Test:  [   240/?]  eta: ?  loss: 0.0195 (0.0260)  time: 0.0176  data: 0.0057  max mem: 16496
Passive Test:  [   250/?]  eta: ?  loss: 0.0192 (0.0256)  time: 0.0178  data: 0.0060  max mem: 16496
Passive Test:  [   260/?]  eta: ?  loss: 0.0149 (0.0252)  time: 0.0176  data: 0.0057  max mem: 16496
Passive Test:  [   270/?]  eta: ?  loss: 0.0077 (0.0251)  time: 0.0174  data: 0.0055  max mem: 16496
Passive Test:  [   280/?]  eta: ?  loss: 0.0074 (0.0246)  time: 0.0185  data: 0.0065  max mem: 16496
Passive Test:  [   290/?]  eta: ?  loss: 0.0072 (0.0241)  time: 0.0185  data: 0.0065  max mem: 16496
Passive Test:  [   300/?]  eta: ?  loss: 0.0062 (0.0236)  time: 0.0177  data: 0.0057  max mem: 16496
Passive Test:  [   310/?]  eta: ?  loss: 0.0073 (0.0233)  time: 0.0177  data: 0.0056  max mem: 16496
Passive Test:  [   320/?]  eta: ?  loss: 0.0103 (0.0229)  time: 0.0175  data: 0.0054  max mem: 16496
Passive Test:  [   330/?]  eta: ?  loss: 0.0131 (0.0227)  time: 0.0177  data: 0.0056  max mem: 16496
Passive Test:  [   340/?]  eta: ?  loss: 0.0126 (0.0223)  time: 0.0178  data: 0.0057  max mem: 16496
Passive Test:  [   350/?]  eta: ?  loss: 0.0085 (0.0220)  time: 0.0179  data: 0.0058  max mem: 16496
Passive Test:  [   360/?]  eta: ?  loss: 0.0123 (0.0218)  time: 0.0184  data: 0.0062  max mem: 16496
Passive Test:  [   370/?]  eta: ?  loss: 0.0132 (0.0215)  time: 0.0181  data: 0.0060  max mem: 16496
Passive Test:  [   380/?]  eta: ?  loss: 0.0126 (0.0212)  time: 0.0179  data: 0.0059  max mem: 16496
Passive Test:  [   390/?]  eta: ?  loss: 0.0112 (0.0210)  time: 0.0179  data: 0.0059  max mem: 16496
Passive Test:  [   400/?]  eta: ?  loss: 0.0152 (0.0209)  time: 0.0178  data: 0.0058  max mem: 16496
Passive Test:  [   410/?]  eta: ?  loss: 0.0152 (0.0207)  time: 0.0179  data: 0.0059  max mem: 16496
Passive Test:  [   420/?]  eta: ?  loss: 0.0163 (0.0207)  time: 0.0178  data: 0.0058  max mem: 16496
Passive Test:  [   430/?]  eta: ?  loss: 0.0165 (0.0207)  time: 0.0182  data: 0.0063  max mem: 16496
Passive Test:  [   440/?]  eta: ?  loss: 0.0120 (0.0205)  time: 0.0201  data: 0.0081  max mem: 16496
Passive Test:  [   450/?]  eta: ?  loss: 0.0087 (0.0206)  time: 0.0189  data: 0.0069  max mem: 16496
Passive Test:  [   460/?]  eta: ?  loss: 0.0181 (0.0208)  time: 0.0181  data: 0.0060  max mem: 16496
Passive Test:  [   470/?]  eta: ?  loss: 0.0201 (0.0209)  time: 0.0180  data: 0.0059  max mem: 16496
Passive Test:  [   480/?]  eta: ?  loss: 0.0263 (0.0210)  time: 0.0250  data: 0.0121  max mem: 16496
Passive Test:  [   490/?]  eta: ?  loss: 0.0263 (0.0211)  time: 0.0249  data: 0.0114  max mem: 16496
Passive Test:  [   500/?]  eta: ?  loss: 0.0239 (0.0213)  time: 0.0181  data: 0.0052  max mem: 16496
Passive Test:  [   510/?]  eta: ?  loss: 0.0231 (0.0215)  time: 0.0213  data: 0.0089  max mem: 16496
Passive Test:  [   520/?]  eta: ?  loss: 0.0231 (0.0215)  time: 0.0216  data: 0.0093  max mem: 16496
Passive Test:  [   530/?]  eta: ?  loss: 0.0198 (0.0215)  time: 0.0201  data: 0.0078  max mem: 16496
Passive Test:  [   540/?]  eta: ?  loss: 0.0198 (0.0216)  time: 0.0201  data: 0.0078  max mem: 16496
Passive Test:  [   550/?]  eta: ?  loss: 0.0155 (0.0215)  time: 0.0196  data: 0.0073  max mem: 16496
Passive Test:  [   560/?]  eta: ?  loss: 0.0129 (0.0213)  time: 0.0185  data: 0.0063  max mem: 16496
Passive Test:  [   570/?]  eta: ?  loss: 0.0117 (0.0212)  time: 0.0181  data: 0.0060  max mem: 16496
Passive Test:  [   580/?]  eta: ?  loss: 0.0104 (0.0210)  time: 0.0195  data: 0.0071  max mem: 16496
Passive Test:  [   590/?]  eta: ?  loss: 0.0136 (0.0210)  time: 0.0186  data: 0.0062  max mem: 16496
Passive Test:  [   600/?]  eta: ?  loss: 0.0203 (0.0211)  time: 0.0187  data: 0.0065  max mem: 16496
Passive Test:  [   610/?]  eta: ?  loss: 0.0142 (0.0210)  time: 0.0190  data: 0.0068  max mem: 16496
Passive Test:  [   620/?]  eta: ?  loss: 0.0107 (0.0208)  time: 0.0176  data: 0.0053  max mem: 16496
Passive Test:  [   630/?]  eta: ?  loss: 0.0101 (0.0207)  time: 0.0182  data: 0.0060  max mem: 16496
Passive Test:  [   640/?]  eta: ?  loss: 0.0174 (0.0207)  time: 0.0183  data: 0.0061  max mem: 16496
Passive Test:  [   650/?]  eta: ?  loss: 0.0228 (0.0211)  time: 0.0186  data: 0.0063  max mem: 16496
Passive Test:  [   660/?]  eta: ?  loss: 0.0452 (0.0216)  time: 0.0180  data: 0.0058  max mem: 16496
Passive Test:  [   670/?]  eta: ?  loss: 0.0513 (0.0221)  time: 0.0177  data: 0.0055  max mem: 16496
Passive Test:  [   680/?]  eta: ?  loss: 0.0511 (0.0226)  time: 0.0184  data: 0.0060  max mem: 16496
Passive Test:  [   690/?]  eta: ?  loss: 0.0475 (0.0230)  time: 0.0183  data: 0.0059  max mem: 16496
Passive Test:  [   700/?]  eta: ?  loss: 0.0456 (0.0234)  time: 0.0176  data: 0.0054  max mem: 16496
Passive Test:  [   710/?]  eta: ?  loss: 0.0539 (0.0239)  time: 0.0172  data: 0.0050  max mem: 16496
Passive Test:  [   720/?]  eta: ?  loss: 0.0587 (0.0243)  time: 0.0179  data: 0.0056  max mem: 16496
Passive Test:  [   730/?]  eta: ?  loss: 0.0521 (0.0247)  time: 0.0193  data: 0.0070  max mem: 16496
Passive Test:  [   740/?]  eta: ?  loss: 0.0303 (0.0248)  time: 0.0188  data: 0.0062  max mem: 16496
Passive Test:  [   750/?]  eta: ?  loss: 0.0125 (0.0246)  time: 0.0188  data: 0.0063  max mem: 16496
Passive Test:  [   760/?]  eta: ?  loss: 0.0093 (0.0245)  time: 0.0188  data: 0.0065  max mem: 16496
Passive Test:  [   770/?]  eta: ?  loss: 0.0150 (0.0244)  time: 0.0184  data: 0.0060  max mem: 16496
Passive Test:  [   780/?]  eta: ?  loss: 0.0212 (0.0244)  time: 0.0197  data: 0.0073  max mem: 16496
Passive Test:  [   790/?]  eta: ?  loss: 0.0209 (0.0244)  time: 0.0193  data: 0.0072  max mem: 16496
Passive Test:  [   800/?]  eta: ?  loss: 0.0192 (0.0244)  time: 0.0184  data: 0.0062  max mem: 16496
Passive Test:  [   810/?]  eta: ?  loss: 0.0162 (0.0243)  time: 0.0189  data: 0.0067  max mem: 16496
Passive Test:  [   820/?]  eta: ?  loss: 0.0172 (0.0242)  time: 0.0184  data: 0.0062  max mem: 16496
Passive Test:  [   830/?]  eta: ?  loss: 0.0179 (0.0242)  time: 0.0185  data: 0.0063  max mem: 16496
Passive Test:  [   840/?]  eta: ?  loss: 0.0179 (0.0242)  time: 0.0187  data: 0.0066  max mem: 16496
Passive Test:  [   850/?]  eta: ?  loss: 0.0133 (0.0240)  time: 0.0189  data: 0.0068  max mem: 16496
Passive Test:  [   860/?]  eta: ?  loss: 0.0142 (0.0239)  time: 0.0186  data: 0.0065  max mem: 16496
Passive Test:  [   870/?]  eta: ?  loss: 0.0153 (0.0238)  time: 0.0181  data: 0.0060  max mem: 16496
Passive Test:  [   880/?]  eta: ?  loss: 0.0132 (0.0237)  time: 0.0181  data: 0.0058  max mem: 16496
Passive Test:  [   890/?]  eta: ?  loss: 0.0132 (0.0236)  time: 0.0177  data: 0.0056  max mem: 16496
Passive Test:  [   900/?]  eta: ?  loss: 0.0134 (0.0235)  time: 0.0177  data: 0.0057  max mem: 16496
Passive Test:  [   910/?]  eta: ?  loss: 0.0125 (0.0234)  time: 0.0180  data: 0.0059  max mem: 16496
Passive Test:  [   920/?]  eta: ?  loss: 0.0113 (0.0232)  time: 0.0182  data: 0.0061  max mem: 16496
Passive Test:  [   930/?]  eta: ?  loss: 0.0110 (0.0231)  time: 0.0177  data: 0.0058  max mem: 16496
Passive Test:  [   940/?]  eta: ?  loss: 0.0118 (0.0230)  time: 0.0180  data: 0.0061  max mem: 16496
Passive Test:  [   950/?]  eta: ?  loss: 0.0135 (0.0231)  time: 0.0180  data: 0.0061  max mem: 16496
Passive Test:  [   960/?]  eta: ?  loss: 0.0302 (0.0231)  time: 0.0176  data: 0.0057  max mem: 16496
Passive Test:  [   970/?]  eta: ?  loss: 0.0281 (0.0232)  time: 0.0180  data: 0.0061  max mem: 16496
Passive Test:  [   980/?]  eta: ?  loss: 0.0209 (0.0231)  time: 0.0173  data: 0.0053  max mem: 16496
Passive Test:  [   990/?]  eta: ?  loss: 0.0170 (0.0231)  time: 0.0168  data: 0.0048  max mem: 16496
Passive Test:  [  1000/?]  eta: ?  loss: 0.0215 (0.0232)  time: 0.0174  data: 0.0054  max mem: 16496
Passive Test:  [  1010/?]  eta: ?  loss: 0.0247 (0.0233)  time: 0.0184  data: 0.0063  max mem: 16496
Passive Test:  [  1020/?]  eta: ?  loss: 0.0235 (0.0234)  time: 0.0183  data: 0.0063  max mem: 16496
Passive Test:  [  1030/?]  eta: ?  loss: 0.0180 (0.0235)  time: 0.0181  data: 0.0061  max mem: 16496
Passive Test:  [  1040/?]  eta: ?  loss: 0.0168 (0.0235)  time: 0.0186  data: 0.0065  max mem: 16496
Passive Test:  [  1050/?]  eta: ?  loss: 0.0145 (0.0234)  time: 0.0168  data: 0.0049  max mem: 16496
Passive Test:  [  1060/?]  eta: ?  loss: 0.0112 (0.0235)  time: 0.0174  data: 0.0054  max mem: 16496
Passive Test:  [  1070/?]  eta: ?  loss: 0.0152 (0.0235)  time: 0.0182  data: 0.0063  max mem: 16496
Passive Test:  [  1080/?]  eta: ?  loss: 0.0165 (0.0234)  time: 0.0201  data: 0.0081  max mem: 16496
Passive Test:  [  1090/?]  eta: ?  loss: 0.0144 (0.0235)  time: 0.0199  data: 0.0080  max mem: 16496
Passive Test:  [  1100/?]  eta: ?  loss: 0.0117 (0.0237)  time: 0.0194  data: 0.0075  max mem: 16496
Passive Test:  [  1110/?]  eta: ?  loss: 0.0166 (0.0237)  time: 0.0193  data: 0.0074  max mem: 16496
Passive Test:  [  1120/?]  eta: ?  loss: 0.0505 (0.0240)  time: 0.0182  data: 0.0062  max mem: 16496
Passive Test:  [  1130/?]  eta: ?  loss: 0.0594 (0.0242)  time: 0.0179  data: 0.0057  max mem: 16496
Passive Test:  [  1140/?]  eta: ?  loss: 0.0558 (0.0244)  time: 0.0174  data: 0.0052  max mem: 16496
Passive Test:  [  1150/?]  eta: ?  loss: 0.0379 (0.0244)  time: 0.0183  data: 0.0063  max mem: 16496
Passive Test:  [  1160/?]  eta: ?  loss: 0.0173 (0.0246)  time: 0.0193  data: 0.0073  max mem: 16496
Passive Test:  [  1170/?]  eta: ?  loss: 0.0278 (0.0247)  time: 0.0188  data: 0.0067  max mem: 16496
Passive Test:  [  1180/?]  eta: ?  loss: 0.0278 (0.0247)  time: 0.0190  data: 0.0069  max mem: 16496
Passive Test:  [  1190/?]  eta: ?  loss: 0.0280 (0.0250)  time: 0.0193  data: 0.0072  max mem: 16496
Passive Test:  [  1200/?]  eta: ?  loss: 0.0241 (0.0252)  time: 0.0208  data: 0.0086  max mem: 16496
Passive Test:  [  1210/?]  eta: ?  loss: 0.0233 (0.0251)  time: 0.0211  data: 0.0086  max mem: 16496
Passive Test:  [  1220/?]  eta: ?  loss: 0.0220 (0.0251)  time: 0.0195  data: 0.0071  max mem: 16496
Passive Test:  [  1230/?]  eta: ?  loss: 0.0216 (0.0250)  time: 0.0195  data: 0.0074  max mem: 16496
Passive Test:  [  1240/?]  eta: ?  loss: 0.0239 (0.0251)  time: 0.0194  data: 0.0073  max mem: 16496
Passive Test:  [  1250/?]  eta: ?  loss: 0.0227 (0.0251)  time: 0.0186  data: 0.0065  max mem: 16496
Passive Test:  [  1260/?]  eta: ?  loss: 0.0191 (0.0251)  time: 0.0180  data: 0.0059  max mem: 16496
Passive Test:  [  1270/?]  eta: ?  loss: 0.0171 (0.0251)  time: 0.0176  data: 0.0055  max mem: 16496
Passive Test:  [  1280/?]  eta: ?  loss: 0.0239 (0.0250)  time: 0.0178  data: 0.0057  max mem: 16496
Passive Test:  [  1290/?]  eta: ?  loss: 0.0216 (0.0250)  time: 0.0179  data: 0.0058  max mem: 16496
Passive Test:  [  1300/?]  eta: ?  loss: 0.0210 (0.0249)  time: 0.0186  data: 0.0065  max mem: 16496
Passive Test:  [  1310/?]  eta: ?  loss: 0.0218 (0.0249)  time: 0.0189  data: 0.0067  max mem: 16496
Passive Test:  [  1320/?]  eta: ?  loss: 0.0215 (0.0249)  time: 0.0187  data: 0.0063  max mem: 16496
Passive Test:  [  1330/?]  eta: ?  loss: 0.0190 (0.0250)  time: 0.0191  data: 0.0068  max mem: 16496
Passive Test:  [  1340/?]  eta: ?  loss: 0.0193 (0.0250)  time: 0.0188  data: 0.0067  max mem: 16496
Passive Test:  [  1350/?]  eta: ?  loss: 0.0173 (0.0249)  time: 0.0185  data: 0.0063  max mem: 16496
Passive Test:  [  1360/?]  eta: ?  loss: 0.0112 (0.0248)  time: 0.0182  data: 0.0061  max mem: 16496
Passive Test:  [  1370/?]  eta: ?  loss: 0.0153 (0.0248)  time: 0.0183  data: 0.0062  max mem: 16496
Passive Test:  [  1380/?]  eta: ?  loss: 0.0167 (0.0247)  time: 0.0184  data: 0.0063  max mem: 16496
Passive Test:  [  1390/?]  eta: ?  loss: 0.0165 (0.0246)  time: 0.0177  data: 0.0056  max mem: 16496
Passive Test:  [  1400/?]  eta: ?  loss: 0.0129 (0.0246)  time: 0.0177  data: 0.0055  max mem: 16496
Passive Test:  [  1410/?]  eta: ?  loss: 0.0116 (0.0246)  time: 0.0180  data: 0.0058  max mem: 16496
Passive Test:  [  1420/?]  eta: ?  loss: 0.0147 (0.0245)  time: 0.0187  data: 0.0066  max mem: 16496
Passive Test:  [  1430/?]  eta: ?  loss: 0.0192 (0.0245)  time: 0.0182  data: 0.0061  max mem: 16496
Passive Test:  [  1440/?]  eta: ?  loss: 0.0130 (0.0244)  time: 0.0183  data: 0.0062  max mem: 16496
Passive Test:  [  1450/?]  eta: ?  loss: 0.0093 (0.0243)  time: 0.0191  data: 0.0069  max mem: 16496
Passive Test:  [  1460/?]  eta: ?  loss: 0.0079 (0.0242)  time: 0.0174  data: 0.0052  max mem: 16496
Passive Test:  [  1470/?]  eta: ?  loss: 0.0100 (0.0242)  time: 0.0176  data: 0.0054  max mem: 16496
Passive Test:  [  1480/?]  eta: ?  loss: 0.0228 (0.0242)  time: 0.0187  data: 0.0064  max mem: 16496
Passive Test:  [  1490/?]  eta: ?  loss: 0.0206 (0.0242)  time: 0.0182  data: 0.0060  max mem: 16496
Passive Test:  [  1500/?]  eta: ?  loss: 0.0105 (0.0242)  time: 0.0183  data: 0.0061  max mem: 16496
Passive Test:  [  1510/?]  eta: ?  loss: 0.0123 (0.0243)  time: 0.0184  data: 0.0063  max mem: 16496
Passive Test:  [  1520/?]  eta: ?  loss: 0.0134 (0.0243)  time: 0.0181  data: 0.0060  max mem: 16496
Passive Test:  [  1530/?]  eta: ?  loss: 0.0158 (0.0244)  time: 0.0177  data: 0.0057  max mem: 16496
Passive Test:  [  1540/?]  eta: ?  loss: 0.0174 (0.0245)  time: 0.0176  data: 0.0056  max mem: 16496
Passive Test:  [  1550/?]  eta: ?  loss: 0.0203 (0.0245)  time: 0.0177  data: 0.0058  max mem: 16496
Passive Test:  [  1560/?]  eta: ?  loss: 0.0160 (0.0246)  time: 0.0180  data: 0.0061  max mem: 16496
Passive Test:  [  1570/?]  eta: ?  loss: 0.0160 (0.0247)  time: 0.0180  data: 0.0061  max mem: 16496
Passive Test:  [  1580/?]  eta: ?  loss: 0.0196 (0.0248)  time: 0.0178  data: 0.0059  max mem: 16496
Passive Test:  [  1590/?]  eta: ?  loss: 0.0196 (0.0249)  time: 0.0176  data: 0.0056  max mem: 16496
Passive Test:  [  1600/?]  eta: ?  loss: 0.0196 (0.0249)  time: 0.0174  data: 0.0055  max mem: 16496
Passive Test:  [  1610/?]  eta: ?  loss: 0.0150 (0.0248)  time: 0.0177  data: 0.0058  max mem: 16496
Passive Test:  [  1620/?]  eta: ?  loss: 0.0092 (0.0247)  time: 0.0180  data: 0.0060  max mem: 16496
Passive Test:  [  1630/?]  eta: ?  loss: 0.0060 (0.0246)  time: 0.0177  data: 0.0057  max mem: 16496
Passive Test:  [  1640/?]  eta: ?  loss: 0.0133 (0.0245)  time: 0.0176  data: 0.0055  max mem: 16496
Passive Test:  [  1650/?]  eta: ?  loss: 0.0133 (0.0245)  time: 0.0176  data: 0.0055  max mem: 16496
Passive Test:  [  1660/?]  eta: ?  loss: 0.0127 (0.0244)  time: 0.0186  data: 0.0067  max mem: 16496
Passive Test:  [  1670/?]  eta: ?  loss: 0.0119 (0.0244)  time: 0.0188  data: 0.0067  max mem: 16496
Passive Test:  [  1680/?]  eta: ?  loss: 0.0134 (0.0243)  time: 0.0174  data: 0.0053  max mem: 16496
Passive Test:  [  1690/?]  eta: ?  loss: 0.0134 (0.0242)  time: 0.0181  data: 0.0061  max mem: 16496
Passive Test:  [  1700/?]  eta: ?  loss: 0.0117 (0.0242)  time: 0.0191  data: 0.0070  max mem: 16496
Passive Test:  [  1710/?]  eta: ?  loss: 0.0137 (0.0242)  time: 0.0185  data: 0.0065  max mem: 16496
Passive Test:  [  1720/?]  eta: ?  loss: 0.0176 (0.0241)  time: 0.0182  data: 0.0063  max mem: 16496
Passive Test:  [  1730/?]  eta: ?  loss: 0.0132 (0.0241)  time: 0.0186  data: 0.0066  max mem: 16496
Passive Test:  [  1740/?]  eta: ?  loss: 0.0193 (0.0241)  time: 0.0183  data: 0.0064  max mem: 16496
Passive Test:  [  1750/?]  eta: ?  loss: 0.0186 (0.0241)  time: 0.0187  data: 0.0068  max mem: 16496
Passive Test:  [  1760/?]  eta: ?  loss: 0.0168 (0.0241)  time: 0.0190  data: 0.0071  max mem: 16496
Passive Test:  [  1770/?]  eta: ?  loss: 0.0139 (0.0240)  time: 0.0187  data: 0.0068  max mem: 16496
Passive Test:  [  1780/?]  eta: ?  loss: 0.0227 (0.0242)  time: 0.0191  data: 0.0071  max mem: 16496
Passive Test:  [  1790/?]  eta: ?  loss: 0.0255 (0.0242)  time: 0.0190  data: 0.0071  max mem: 16496
Passive Test:  [  1800/?]  eta: ?  loss: 0.0200 (0.0243)  time: 0.0184  data: 0.0065  max mem: 16496
Passive Test:  [  1810/?]  eta: ?  loss: 0.0294 (0.0244)  time: 0.0185  data: 0.0066  max mem: 16496
Passive Test:  [  1820/?]  eta: ?  loss: 0.0314 (0.0246)  time: 0.0187  data: 0.0069  max mem: 16496
Passive Test:  [  1830/?]  eta: ?  loss: 0.0312 (0.0247)  time: 0.0182  data: 0.0063  max mem: 16496
Passive Test:  [  1840/?]  eta: ?  loss: 0.0229 (0.0248)  time: 0.0183  data: 0.0064  max mem: 16496
Passive Test:  [  1850/?]  eta: ?  loss: 0.0223 (0.0248)  time: 0.0190  data: 0.0070  max mem: 16496
Passive Test:  [  1860/?]  eta: ?  loss: 0.0212 (0.0248)  time: 0.0202  data: 0.0081  max mem: 16496
Passive Test:  [  1870/?]  eta: ?  loss: 0.0205 (0.0248)  time: 0.0200  data: 0.0079  max mem: 16496
Passive Test:  [  1880/?]  eta: ?  loss: 0.0211 (0.0248)  time: 0.0192  data: 0.0071  max mem: 16496
Passive Test:  [  1890/?]  eta: ?  loss: 0.0156 (0.0248)  time: 0.0195  data: 0.0074  max mem: 16496
Passive Test:  [  1900/?]  eta: ?  loss: 0.0206 (0.0248)  time: 0.0196  data: 0.0076  max mem: 16496
Passive Test:  [  1910/?]  eta: ?  loss: 0.0256 (0.0249)  time: 0.0195  data: 0.0074  max mem: 16496
Passive Test:  [  1920/?]  eta: ?  loss: 0.0145 (0.0249)  time: 0.0196  data: 0.0074  max mem: 16496
Passive Test:  [  1930/?]  eta: ?  loss: 0.0129 (0.0248)  time: 0.0204  data: 0.0082  max mem: 16496
Passive Test:  [  1940/?]  eta: ?  loss: 0.0154 (0.0248)  time: 0.0199  data: 0.0078  max mem: 16496
Passive Test:  [  1950/?]  eta: ?  loss: 0.0149 (0.0247)  time: 0.0193  data: 0.0072  max mem: 16496
Passive Test:  [  1960/?]  eta: ?  loss: 0.0117 (0.0247)  time: 0.0191  data: 0.0070  max mem: 16496
Passive Test:  [  1970/?]  eta: ?  loss: 0.0104 (0.0246)  time: 0.0193  data: 0.0073  max mem: 16496
Passive Test:  [  1980/?]  eta: ?  loss: 0.0107 (0.0246)  time: 0.0191  data: 0.0070  max mem: 16496
Passive Test:  [  1990/?]  eta: ?  loss: 0.0162 (0.0246)  time: 0.0187  data: 0.0066  max mem: 16496
Passive Test:  [  2000/?]  eta: ?  loss: 0.0208 (0.0246)  time: 0.0185  data: 0.0064  max mem: 16496
Passive Test:  [  2010/?]  eta: ?  loss: 0.0310 (0.0247)  time: 0.0188  data: 0.0067  max mem: 16496
Passive Test:  [  2020/?]  eta: ?  loss: 0.0310 (0.0247)  time: 0.0192  data: 0.0070  max mem: 16496
Passive Test:  [  2030/?]  eta: ?  loss: 0.0295 (0.0249)  time: 0.0190  data: 0.0069  max mem: 16496
Passive Test:  [  2040/?]  eta: ?  loss: 0.0295 (0.0249)  time: 0.0187  data: 0.0066  max mem: 16496
Passive Test:  [  2050/?]  eta: ?  loss: 0.0165 (0.0250)  time: 0.0192  data: 0.0070  max mem: 16496
Passive Test:  [  2060/?]  eta: ?  loss: 0.0217 (0.0250)  time: 0.0200  data: 0.0078  max mem: 16496
Passive Test:  [  2070/?]  eta: ?  loss: 0.0169 (0.0250)  time: 0.0192  data: 0.0071  max mem: 16496
Passive Test:  [  2080/?]  eta: ?  loss: 0.0132 (0.0250)  time: 0.0194  data: 0.0072  max mem: 16496
Passive Test:  [  2090/?]  eta: ?  loss: 0.0209 (0.0250)  time: 0.0192  data: 0.0071  max mem: 16496
Passive Test:  [  2100/?]  eta: ?  loss: 0.0277 (0.0251)  time: 0.0187  data: 0.0067  max mem: 16496
Passive Test:  [  2110/?]  eta: ?  loss: 0.0458 (0.0253)  time: 0.0199  data: 0.0076  max mem: 16496
Passive Test:  [  2120/?]  eta: ?  loss: 0.0494 (0.0256)  time: 0.0194  data: 0.0072  max mem: 16496
Passive Test:  [  2130/?]  eta: ?  loss: 0.0476 (0.0257)  time: 0.0186  data: 0.0065  max mem: 16496
Passive Test:  [  2140/?]  eta: ?  loss: 0.0189 (0.0259)  time: 0.0189  data: 0.0068  max mem: 16496
Passive Test:  [  2150/?]  eta: ?  loss: 0.0290 (0.0261)  time: 0.0191  data: 0.0070  max mem: 16496
Passive Test:  [  2160/?]  eta: ?  loss: 0.0290 (0.0262)  time: 0.0194  data: 0.0073  max mem: 16496
Passive Test:  [  2170/?]  eta: ?  loss: 0.0317 (0.0262)  time: 0.0191  data: 0.0070  max mem: 16496
Passive Test:  [  2180/?]  eta: ?  loss: 0.0259 (0.0262)  time: 0.0188  data: 0.0067  max mem: 16496
Passive Test:  [  2190/?]  eta: ?  loss: 0.0259 (0.0263)  time: 0.0194  data: 0.0072  max mem: 16496
Passive Test:  [  2200/?]  eta: ?  loss: 0.0286 (0.0264)  time: 0.0186  data: 0.0059  max mem: 16496
Passive Test:  [  2210/?]  eta: ?  loss: 0.0266 (0.0265)  time: 0.0182  data: 0.0056  max mem: 16496
Passive Test:  [  2220/?]  eta: ?  loss: 0.0188 (0.0264)  time: 0.0190  data: 0.0069  max mem: 16496
Passive Test:  [  2230/?]  eta: ?  loss: 0.0137 (0.0264)  time: 0.0188  data: 0.0067  max mem: 16496
Passive Test:  [  2240/?]  eta: ?  loss: 0.0098 (0.0263)  time: 0.0193  data: 0.0072  max mem: 16496
Passive Test:  [  2250/?]  eta: ?  loss: 0.0104 (0.0263)  time: 0.0194  data: 0.0074  max mem: 16496
Passive Test:  [  2260/?]  eta: ?  loss: 0.0162 (0.0262)  time: 0.0191  data: 0.0071  max mem: 16496
Passive Test:  [  2270/?]  eta: ?  loss: 0.0172 (0.0262)  time: 0.0193  data: 0.0073  max mem: 16496
Passive Test:  [  2280/?]  eta: ?  loss: 0.0200 (0.0263)  time: 0.0195  data: 0.0074  max mem: 16496
Passive Test:  [  2290/?]  eta: ?  loss: 0.0281 (0.0263)  time: 0.0193  data: 0.0072  max mem: 16496
Passive Test:  [  2300/?]  eta: ?  loss: 0.0334 (0.0263)  time: 0.0187  data: 0.0067  max mem: 16496
Passive Test:  [  2310/?]  eta: ?  loss: 0.0395 (0.0265)  time: 0.0188  data: 0.0067  max mem: 16496
Passive Test:  [  2320/?]  eta: ?  loss: 0.0233 (0.0265)  time: 0.0189  data: 0.0068  max mem: 16496
Passive Test:  [  2330/?]  eta: ?  loss: 0.0172 (0.0265)  time: 0.0189  data: 0.0069  max mem: 16496
Passive Test:  [  2340/?]  eta: ?  loss: 0.0117 (0.0264)  time: 0.0187  data: 0.0066  max mem: 16496
Passive Test:  [  2350/?]  eta: ?  loss: 0.0068 (0.0264)  time: 0.0186  data: 0.0066  max mem: 16496
Passive Test:  [  2360/?]  eta: ?  loss: 0.0068 (0.0263)  time: 0.0188  data: 0.0068  max mem: 16496
Passive Test:  [  2370/?]  eta: ?  loss: 0.0176 (0.0263)  time: 0.0189  data: 0.0068  max mem: 16496
Passive Test:  [  2380/?]  eta: ?  loss: 0.0220 (0.0263)  time: 0.0185  data: 0.0064  max mem: 16496
Passive Test:  [  2390/?]  eta: ?  loss: 0.0174 (0.0263)  time: 0.0184  data: 0.0064  max mem: 16496
Passive Test:  [  2400/?]  eta: ?  loss: 0.0133 (0.0263)  time: 0.0181  data: 0.0061  max mem: 16496
Passive Test:  [  2410/?]  eta: ?  loss: 0.0133 (0.0262)  time: 0.0178  data: 0.0058  max mem: 16496
Passive Test:  [  2420/?]  eta: ?  loss: 0.0218 (0.0263)  time: 0.0186  data: 0.0066  max mem: 16496
Passive Test:  [  2430/?]  eta: ?  loss: 0.0374 (0.0263)  time: 0.0188  data: 0.0068  max mem: 16496
Passive Test:  [  2440/?]  eta: ?  loss: 0.0371 (0.0264)  time: 0.0184  data: 0.0064  max mem: 16496
Passive Test:  [  2450/?]  eta: ?  loss: 0.0371 (0.0265)  time: 0.0188  data: 0.0069  max mem: 16496
Passive Test:  [  2460/?]  eta: ?  loss: 0.0355 (0.0265)  time: 0.0191  data: 0.0072  max mem: 16496
Passive Test:  [  2470/?]  eta: ?  loss: 0.0302 (0.0265)  time: 0.0186  data: 0.0067  max mem: 16496
Passive Test:  [  2480/?]  eta: ?  loss: 0.0280 (0.0265)  time: 0.0181  data: 0.0062  max mem: 16496
Passive Test:  [  2490/?]  eta: ?  loss: 0.0279 (0.0265)  time: 0.0182  data: 0.0062  max mem: 16496
Passive Test:  [  2500/?]  eta: ?  loss: 0.0148 (0.0265)  time: 0.0182  data: 0.0063  max mem: 16496
Passive Test:  [  2510/?]  eta: ?  loss: 0.0134 (0.0265)  time: 0.0182  data: 0.0062  max mem: 16496
Passive Test:  [  2520/?]  eta: ?  loss: 0.0109 (0.0265)  time: 0.0179  data: 0.0059  max mem: 16496
Passive Test:  [  2530/?]  eta: ?  loss: 0.0099 (0.0265)  time: 0.0179  data: 0.0059  max mem: 16496
Passive Test:  [  2540/?]  eta: ?  loss: 0.0102 (0.0264)  time: 0.0186  data: 0.0066  max mem: 16496
Passive Test:  [  2550/?]  eta: ?  loss: 0.0124 (0.0264)  time: 0.0188  data: 0.0067  max mem: 16496
Passive Test:  [  2560/?]  eta: ?  loss: 0.0151 (0.0265)  time: 0.0183  data: 0.0062  max mem: 16496
Passive Test:  [  2570/?]  eta: ?  loss: 0.0178 (0.0265)  time: 0.0184  data: 0.0065  max mem: 16496
Passive Test:  [  2580/?]  eta: ?  loss: 0.0176 (0.0265)  time: 0.0181  data: 0.0061  max mem: 16496
Passive Test:  [  2590/?]  eta: ?  loss: 0.0208 (0.0265)  time: 0.0181  data: 0.0061  max mem: 16496
Passive Test:  [  2600/?]  eta: ?  loss: 0.0256 (0.0265)  time: 0.0183  data: 0.0063  max mem: 16496
Passive Test:  [  2610/?]  eta: ?  loss: 0.0100 (0.0265)  time: 0.0186  data: 0.0066  max mem: 16496
Passive Test:  [  2620/?]  eta: ?  loss: 0.0150 (0.0264)  time: 0.0180  data: 0.0060  max mem: 16496
Passive Test:  [  2630/?]  eta: ?  loss: 0.0103 (0.0264)  time: 0.0181  data: 0.0062  max mem: 16496
Passive Test:  [  2640/?]  eta: ?  loss: 0.0089 (0.0264)  time: 0.0179  data: 0.0059  max mem: 16496
Passive Test:  [  2650/?]  eta: ?  loss: 0.0203 (0.0263)  time: 0.0174  data: 0.0054  max mem: 16496
Passive Test:  [  2660/?]  eta: ?  loss: 0.0205 (0.0263)  time: 0.0179  data: 0.0058  max mem: 16496
Passive Test:  [  2670/?]  eta: ?  loss: 0.0205 (0.0264)  time: 0.0181  data: 0.0059  max mem: 16496
Passive Test:  [  2680/?]  eta: ?  loss: 0.0303 (0.0264)  time: 0.0187  data: 0.0066  max mem: 16496
Passive Test:  [  2690/?]  eta: ?  loss: 0.0488 (0.0265)  time: 0.0185  data: 0.0064  max mem: 16496
Passive Test:  [  2700/?]  eta: ?  loss: 0.0640 (0.0267)  time: 0.0189  data: 0.0068  max mem: 16496
Passive Test:  [  2710/?]  eta: ?  loss: 0.0550 (0.0267)  time: 0.0184  data: 0.0065  max mem: 16496
Passive Test:  [  2720/?]  eta: ?  loss: 0.0402 (0.0268)  time: 0.0179  data: 0.0060  max mem: 16496
Passive Test:  [  2730/?]  eta: ?  loss: 0.0402 (0.0268)  time: 0.0183  data: 0.0064  max mem: 16496
Passive Test:  [  2740/?]  eta: ?  loss: 0.0186 (0.0269)  time: 0.0181  data: 0.0060  max mem: 16496
Passive Test:  [  2750/?]  eta: ?  loss: 0.0186 (0.0269)  time: 0.0177  data: 0.0056  max mem: 16496
Passive Test:  [  2760/?]  eta: ?  loss: 0.0147 (0.0269)  time: 0.0180  data: 0.0060  max mem: 16496
Passive Test:  [  2770/?]  eta: ?  loss: 0.0210 (0.0269)  time: 0.0183  data: 0.0064  max mem: 16496
Passive Test:  [  2780/?]  eta: ?  loss: 0.0210 (0.0268)  time: 0.0186  data: 0.0067  max mem: 16496
Passive Test:  [  2790/?]  eta: ?  loss: 0.0225 (0.0268)  time: 0.0185  data: 0.0066  max mem: 16496
Passive Test:  [  2800/?]  eta: ?  loss: 0.0304 (0.0269)  time: 0.0188  data: 0.0068  max mem: 16496
Passive Test:  [  2810/?]  eta: ?  loss: 0.0304 (0.0269)  time: 0.0190  data: 0.0070  max mem: 16496
Passive Test:  [  2820/?]  eta: ?  loss: 0.0225 (0.0270)  time: 0.0185  data: 0.0065  max mem: 16496
Passive Test:  [  2830/?]  eta: ?  loss: 0.0413 (0.0273)  time: 0.0188  data: 0.0069  max mem: 16496
Passive Test:  [  2840/?]  eta: ?  loss: 0.0413 (0.0274)  time: 0.0186  data: 0.0066  max mem: 16496
Passive Test:  [  2850/?]  eta: ?  loss: 0.0121 (0.0276)  time: 0.0182  data: 0.0062  max mem: 16496
Passive Test:  [  2860/?]  eta: ?  loss: 0.0127 (0.0276)  time: 0.0182  data: 0.0063  max mem: 16496
Passive Test:  [  2870/?]  eta: ?  loss: 0.0151 (0.0277)  time: 0.0181  data: 0.0062  max mem: 16496
Passive Test:  [  2880/?]  eta: ?  loss: 0.0125 (0.0277)  time: 0.0175  data: 0.0056  max mem: 16496
Passive Test:  [  2890/?]  eta: ?  loss: 0.0071 (0.0276)  time: 0.0172  data: 0.0052  max mem: 16496
Passive Test:  [  2900/?]  eta: ?  loss: 0.0112 (0.0276)  time: 0.0170  data: 0.0050  max mem: 16496
Passive Test:  [  2910/?]  eta: ?  loss: 0.0135 (0.0275)  time: 0.0180  data: 0.0060  max mem: 16496
Passive Test:  [  2920/?]  eta: ?  loss: 0.0100 (0.0275)  time: 0.0186  data: 0.0064  max mem: 16496
Passive Test:  [  2930/?]  eta: ?  loss: 0.0113 (0.0275)  time: 0.0177  data: 0.0056  max mem: 16496
Passive Test:  [  2940/?]  eta: ?  loss: 0.0208 (0.0275)  time: 0.0201  data: 0.0079  max mem: 16496
Passive Test:  [  2950/?]  eta: ?  loss: 0.0208 (0.0274)  time: 0.0216  data: 0.0094  max mem: 16496
Passive Test:  [  2960/?]  eta: ?  loss: 0.0231 (0.0274)  time: 0.0196  data: 0.0075  max mem: 16496
Passive Test:  [  2970/?]  eta: ?  loss: 0.0190 (0.0274)  time: 0.0184  data: 0.0062  max mem: 16496
Passive Test:  [  2980/?]  eta: ?  loss: 0.0190 (0.0274)  time: 0.0182  data: 0.0060  max mem: 16496
Passive Test:  [  2990/?]  eta: ?  loss: 0.0196 (0.0274)  time: 0.0184  data: 0.0062  max mem: 16496
Passive Test:  [  3000/?]  eta: ?  loss: 0.0139 (0.0274)  time: 0.0188  data: 0.0065  max mem: 16496
Passive Test:  [  3010/?]  eta: ?  loss: 0.0103 (0.0273)  time: 0.0184  data: 0.0062  max mem: 16496
Passive Test:  [  3020/?]  eta: ?  loss: 0.0100 (0.0273)  time: 0.0185  data: 0.0064  max mem: 16496
Passive Test:  [  3030/?]  eta: ?  loss: 0.0088 (0.0272)  time: 0.0190  data: 0.0069  max mem: 16496
Passive Test:  [  3040/?]  eta: ?  loss: 0.0084 (0.0271)  time: 0.0184  data: 0.0063  max mem: 16496
Passive Test:  [  3050/?]  eta: ?  loss: 0.0150 (0.0271)  time: 0.0180  data: 0.0059  max mem: 16496
Passive Test:  [  3060/?]  eta: ?  loss: 0.0216 (0.0271)  time: 0.0186  data: 0.0066  max mem: 16496
Passive Test:  [  3070/?]  eta: ?  loss: 0.0181 (0.0271)  time: 0.0183  data: 0.0062  max mem: 16496
Passive Test:  [  3080/?]  eta: ?  loss: 0.0142 (0.0271)  time: 0.0182  data: 0.0061  max mem: 16496
Passive Test:  [  3090/?]  eta: ?  loss: 0.0111 (0.0270)  time: 0.0187  data: 0.0066  max mem: 16496
Passive Test:  [  3100/?]  eta: ?  loss: 0.0089 (0.0269)  time: 0.0187  data: 0.0066  max mem: 16496
Passive Test:  [  3110/?]  eta: ?  loss: 0.0089 (0.0269)  time: 0.0199  data: 0.0078  max mem: 16496
Passive Test:  [  3120/?]  eta: ?  loss: 0.0115 (0.0269)  time: 0.0216  data: 0.0091  max mem: 16496
Passive Test:  [  3130/?]  eta: ?  loss: 0.0091 (0.0268)  time: 0.0214  data: 0.0086  max mem: 16496
Passive Test:  [  3140/?]  eta: ?  loss: 0.0098 (0.0268)  time: 0.0217  data: 0.0090  max mem: 16496
Passive Test:  [  3150/?]  eta: ?  loss: 0.0159 (0.0268)  time: 0.0220  data: 0.0094  max mem: 16496
Passive Test:  [  3160/?]  eta: ?  loss: 0.0295 (0.0268)  time: 0.0218  data: 0.0094  max mem: 16496
Passive Test:  [  3170/?]  eta: ?  loss: 0.0169 (0.0268)  time: 0.0216  data: 0.0093  max mem: 16496
Passive Test:  [  3180/?]  eta: ?  loss: 0.0101 (0.0268)  time: 0.0206  data: 0.0085  max mem: 16496
Passive Test: Total time: 0:01:00 (0.0191 s / it)
* loss 0.027
  ACTIVE Test MAE (years): 2.0369 (n=35,284)
  PASSIVE Test MAE (years): 2.0915 (n=204,188)
  → Epoch  30/50 | Train Loss: 0.0015 | Val Loss: 0.0266 | Train score (1/(1+norm_MAE)): 0.9785 | Val MAE (years): 2.0829 | LR: 0.000001
Best val MAE (years): 1.9149, test MAE at best val: 1.8538
  Test segment MAE: 2.0549 | participant median MAE: 1.8060 | participant mean MAE: 1.7895
Epoch: [30]  [     0/?]  eta: ?  lr: 0.000212  min_lr: 0.000001  loss: 0.0015 (0.0015)  class_acc: 0.9784 (0.9784)  loss_scale: 281474976710656.0000 (281474976710656.0000)  weight_decay: 0.0500 (0.0500)  grad_norm: 0.7450 (0.7450)  time: 5.6584  data: 5.2267  max mem: 16496
Epoch: [30]  [   500/?]  eta: ?  lr: 0.000212  min_lr: 0.000001  loss: 0.0012 (0.0014)  class_acc: 0.9799 (0.9791)  loss_scale: 281474976710656.0000 (281474976710656.0000)  weight_decay: 0.0500 (0.0500)  grad_norm: 0.5577 (1.0253)  time: 0.4302  data: 0.0002  max mem: 16496
Epoch: [30]  [  1000/?]  eta: ?  lr: 0.000212  min_lr: 0.000001  loss: 0.0014 (0.0014)  class_acc: 0.9783 (0.9791)  loss_scale: 562949953421312.0000 (327028369544948.0000)  weight_decay: 0.0500 (0.0500)  grad_norm: 0.9123 (1.0291)  time: 0.4281  data: 0.0003  max mem: 16496
Epoch: [30]  [  1500/?]  eta: ?  lr: 0.000212  min_lr: 0.000001  loss: 0.0012 (0.0014)  class_acc: 0.9793 (0.9790)  loss_scale: 562949953421312.0000 (405616505413157.1875)  weight_decay: 0.0500 (0.0500)  grad_norm: 0.5750 (1.0326)  time: 0.4325  data: 0.0002  max mem: 16496
Epoch: [30]  [  2000/?]  eta: ?  lr: 0.000212  min_lr: 0.000001  loss: 0.0013 (0.0014)  class_acc: 0.9795 (0.9791)  loss_scale: 562949953421312.0000 (444930210562621.1250)  weight_decay: 0.0500 (0.0500)  grad_norm: 0.6998 (1.0390)  time: 0.4279  data: 0.0003  max mem: 16496
Epoch: [30] Total time: 0:15:50 (0.4376 s / it)
Val:  [     0/?]  eta: ?  loss: 0.0392 (0.0392)  time: 2.5125  data: 2.3472  max mem: 16496
Val:  [    10/?]  eta: ?  loss: 0.0237 (0.0311)  time: 0.3803  data: 0.2136  max mem: 16496
Val:  [    20/?]  eta: ?  loss: 0.0190 (0.0250)  time: 0.1672  data: 0.0002  max mem: 16496
Val:  [    30/?]  eta: ?  loss: 0.0138 (0.0234)  time: 0.1673  data: 0.0003  max mem: 16496
Val:  [    40/?]  eta: ?  loss: 0.0210 (0.0242)  time: 0.1674  data: 0.0003  max mem: 16496
Val:  [    50/?]  eta: ?  loss: 0.0256 (0.0249)  time: 0.1674  data: 0.0003  max mem: 16496
Val:  [    60/?]  eta: ?  loss: 0.0256 (0.0286)  time: 0.1674  data: 0.0003  max mem: 16496
Val:  [    70/?]  eta: ?  loss: 0.0170 (0.0279)  time: 0.1673  data: 0.0003  max mem: 16496
Val:  [    80/?]  eta: ?  loss: 0.0204 (0.0279)  time: 0.1674  data: 0.0003  max mem: 16496
Val:  [    90/?]  eta: ?  loss: 0.0219 (0.0273)  time: 0.1675  data: 0.0004  max mem: 16496
Val:  [   100/?]  eta: ?  loss: 0.0221 (0.0271)  time: 0.1676  data: 0.0004  max mem: 16496
Val:  [   110/?]  eta: ?  loss: 0.0212 (0.0268)  time: 0.1675  data: 0.0004  max mem: 16496
Val:  [   120/?]  eta: ?  loss: 0.0205 (0.0275)  time: 0.1674  data: 0.0004  max mem: 16496
Val:  [   130/?]  eta: ?  loss: 0.0243 (0.0275)  time: 0.1674  data: 0.0004  max mem: 16496
Val:  [   140/?]  eta: ?  loss: 0.0243 (0.0276)  time: 0.1675  data: 0.0004  max mem: 16496
Val:  [   150/?]  eta: ?  loss: 0.0201 (0.0278)  time: 0.1675  data: 0.0003  max mem: 16496
Val:  [   160/?]  eta: ?  loss: 0.0185 (0.0279)  time: 0.1676  data: 0.0003  max mem: 16496
Val:  [   170/?]  eta: ?  loss: 0.0256 (0.0280)  time: 0.1675  data: 0.0003  max mem: 16496
Val:  [   180/?]  eta: ?  loss: 0.0256 (0.0278)  time: 0.1675  data: 0.0003  max mem: 16496
Val:  [   190/?]  eta: ?  loss: 0.0142 (0.0273)  time: 0.1676  data: 0.0004  max mem: 16496
Val:  [   200/?]  eta: ?  loss: 0.0132 (0.0272)  time: 0.1676  data: 0.0004  max mem: 16496
Val:  [   210/?]  eta: ?  loss: 0.0203 (0.0272)  time: 0.1676  data: 0.0004  max mem: 16496
Val:  [   220/?]  eta: ?  loss: 0.0198 (0.0268)  time: 0.1675  data: 0.0003  max mem: 16496
Val:  [   230/?]  eta: ?  loss: 0.0172 (0.0268)  time: 0.1675  data: 0.0003  max mem: 16496
Val:  [   240/?]  eta: ?  loss: 0.0163 (0.0267)  time: 0.1675  data: 0.0003  max mem: 16496
Val:  [   250/?]  eta: ?  loss: 0.0148 (0.0272)  time: 0.1676  data: 0.0003  max mem: 16496
Val:  [   260/?]  eta: ?  loss: 0.0180 (0.0274)  time: 0.1675  data: 0.0003  max mem: 16496
Val:  [   270/?]  eta: ?  loss: 0.0213 (0.0275)  time: 0.1675  data: 0.0003  max mem: 16496
Val:  [   280/?]  eta: ?  loss: 0.0264 (0.0274)  time: 0.1676  data: 0.0004  max mem: 16496
Val:  [   290/?]  eta: ?  loss: 0.0162 (0.0272)  time: 0.1677  data: 0.0004  max mem: 16496
Val:  [   300/?]  eta: ?  loss: 0.0167 (0.0270)  time: 0.1675  data: 0.0004  max mem: 16496
Val:  [   310/?]  eta: ?  loss: 0.0180 (0.0268)  time: 0.1659  data: 0.0004  max mem: 16496
Val: Total time: 0:00:54 (0.1750 s / it)
* loss 0.027
Test:  [     0/?]  eta: ?  loss: 0.0228 (0.0228)  time: 2.1353  data: 1.9693  max mem: 16496
Test:  [    10/?]  eta: ?  loss: 0.0202 (0.0232)  time: 0.3461  data: 0.1793  max mem: 16496
Test:  [    20/?]  eta: ?  loss: 0.0168 (0.0216)  time: 0.1673  data: 0.0003  max mem: 16496
Test:  [    30/?]  eta: ?  loss: 0.0179 (0.0212)  time: 0.1674  data: 0.0003  max mem: 16496
Test:  [    40/?]  eta: ?  loss: 0.0169 (0.0212)  time: 0.1674  data: 0.0003  max mem: 16496
Test:  [    50/?]  eta: ?  loss: 0.0173 (0.0207)  time: 0.1674  data: 0.0004  max mem: 16496
Test:  [    60/?]  eta: ?  loss: 0.0191 (0.0202)  time: 0.1675  data: 0.0004  max mem: 16496
Test:  [    70/?]  eta: ?  loss: 0.0157 (0.0200)  time: 0.1675  data: 0.0004  max mem: 16496
Test:  [    80/?]  eta: ?  loss: 0.0171 (0.0198)  time: 0.1675  data: 0.0004  max mem: 16496
Test:  [    90/?]  eta: ?  loss: 0.0228 (0.0211)  time: 0.1674  data: 0.0003  max mem: 16496
Test:  [   100/?]  eta: ?  loss: 0.0250 (0.0220)  time: 0.1674  data: 0.0003  max mem: 16496
Test:  [   110/?]  eta: ?  loss: 0.0227 (0.0221)  time: 0.1674  data: 0.0003  max mem: 16496
Test:  [   120/?]  eta: ?  loss: 0.0179 (0.0227)  time: 0.1674  data: 0.0003  max mem: 16496
Test:  [   130/?]  eta: ?  loss: 0.0166 (0.0225)  time: 0.1674  data: 0.0004  max mem: 16496
Test:  [   140/?]  eta: ?  loss: 0.0166 (0.0230)  time: 0.1674  data: 0.0003  max mem: 16496
Test:  [   150/?]  eta: ?  loss: 0.0297 (0.0236)  time: 0.1674  data: 0.0003  max mem: 16496
Test:  [   160/?]  eta: ?  loss: 0.0291 (0.0239)  time: 0.1675  data: 0.0004  max mem: 16496
Test:  [   170/?]  eta: ?  loss: 0.0220 (0.0244)  time: 0.1675  data: 0.0004  max mem: 16496
Test:  [   180/?]  eta: ?  loss: 0.0207 (0.0246)  time: 0.1674  data: 0.0003  max mem: 16496
Test:  [   190/?]  eta: ?  loss: 0.0207 (0.0244)  time: 0.1674  data: 0.0003  max mem: 16496
Test:  [   200/?]  eta: ?  loss: 0.0184 (0.0245)  time: 0.1674  data: 0.0004  max mem: 16496
Test:  [   210/?]  eta: ?  loss: 0.0184 (0.0245)  time: 0.1675  data: 0.0004  max mem: 16496
Test:  [   220/?]  eta: ?  loss: 0.0173 (0.0247)  time: 0.1675  data: 0.0004  max mem: 16496
Test:  [   230/?]  eta: ?  loss: 0.0196 (0.0247)  time: 0.1675  data: 0.0004  max mem: 16496
Test:  [   240/?]  eta: ?  loss: 0.0196 (0.0245)  time: 0.1674  data: 0.0004  max mem: 16496
Test:  [   250/?]  eta: ?  loss: 0.0164 (0.0244)  time: 0.1675  data: 0.0004  max mem: 16496
Test:  [   260/?]  eta: ?  loss: 0.0164 (0.0243)  time: 0.1675  data: 0.0004  max mem: 16496
Test:  [   270/?]  eta: ?  loss: 0.0169 (0.0241)  time: 0.1674  data: 0.0004  max mem: 16496
Test:  [   280/?]  eta: ?  loss: 0.0175 (0.0249)  time: 0.1676  data: 0.0004  max mem: 16496
Test:  [   290/?]  eta: ?  loss: 0.0233 (0.0249)  time: 0.1677  data: 0.0004  max mem: 16496
Test:  [   300/?]  eta: ?  loss: 0.0282 (0.0254)  time: 0.1675  data: 0.0004  max mem: 16496
Test:  [   310/?]  eta: ?  loss: 0.0376 (0.0263)  time: 0.1337  data: 0.0003  max mem: 16496
Test: Total time: 0:00:53 (0.1712 s / it)
* loss 0.026
  → Epoch  31/50 | Train Loss: 0.0014 | Val Loss: 0.0267 | Train score (1/(1+norm_MAE)): 0.9791 | Val MAE (years): 2.0687 | LR: 0.000001
Best val MAE (years): 1.9149, test MAE at best val: 1.8538
  Test segment MAE: 2.0708 | participant median MAE: 1.8197 | participant mean MAE: 1.8004
Epoch: [31]  [     0/?]  eta: ?  lr: 0.000196  min_lr: 0.000001  loss: 0.0011 (0.0011)  class_acc: 0.9800 (0.9800)  loss_scale: 562949953421312.0000 (562949953421312.0000)  weight_decay: 0.0500 (0.0500)  grad_norm: 0.5502 (0.5502)  time: 7.5533  data: 7.1156  max mem: 16496
Epoch: [31]  [   500/?]  eta: ?  lr: 0.000196  min_lr: 0.000001  loss: 0.0014 (0.0013)  class_acc: 0.9797 (0.9797)  loss_scale: 562949953421312.0000 (562949953421312.0000)  weight_decay: 0.0500 (0.0500)  grad_norm: 0.8322 (1.0214)  time: 0.4331  data: 0.0004  max mem: 16496
Epoch: [31]  [  1000/?]  eta: ?  lr: 0.000196  min_lr: 0.000001  loss: 0.0012 (0.0014)  class_acc: 0.9796 (0.9797)  loss_scale: 1125899906842624.0000 (750787400417034.5000)  weight_decay: 0.0500 (0.0500)  grad_norm: 0.9217 (1.0436)  time: 0.4293  data: 0.0003  max mem: 16496
Epoch: [31]  [  1500/?]  eta: ?  lr: 0.000195  min_lr: 0.000001  loss: 0.0013 (0.0014)  class_acc: 0.9796 (0.9797)  loss_scale: 1125899906842624.0000 (875741599759336.1250)  weight_decay: 0.0500 (0.0500)  grad_norm: 0.9527 (1.0609)  time: 0.4296  data: 0.0003  max mem: 16496
Epoch: [31]  [  2000/?]  eta: ?  lr: 0.000195  min_lr: 0.000001  loss: 0.0011 (0.0014)  class_acc: 0.9803 (0.9798)  loss_scale: 1125899906842624.0000 (938249922368853.3750)  weight_decay: 0.0500 (0.0500)  grad_norm: 0.7235 (1.0663)  time: 0.4276  data: 0.0004  max mem: 16496
Epoch: [31] Total time: 0:15:52 (0.4388 s / it)
Val:  [     0/?]  eta: ?  loss: 0.0383 (0.0383)  time: 2.5186  data: 2.3531  max mem: 16496
Val:  [    10/?]  eta: ?  loss: 0.0243 (0.0311)  time: 0.3810  data: 0.2142  max mem: 16496
Val:  [    20/?]  eta: ?  loss: 0.0192 (0.0251)  time: 0.1672  data: 0.0003  max mem: 16496
Val:  [    30/?]  eta: ?  loss: 0.0179 (0.0233)  time: 0.1672  data: 0.0003  max mem: 16496
Val:  [    40/?]  eta: ?  loss: 0.0194 (0.0244)  time: 0.1673  data: 0.0003  max mem: 16496
Val:  [    50/?]  eta: ?  loss: 0.0255 (0.0251)  time: 0.1672  data: 0.0003  max mem: 16496
Val:  [    60/?]  eta: ?  loss: 0.0225 (0.0293)  time: 0.1673  data: 0.0003  max mem: 16496
Val:  [    70/?]  eta: ?  loss: 0.0165 (0.0285)  time: 0.1675  data: 0.0004  max mem: 16496
Val:  [    80/?]  eta: ?  loss: 0.0199 (0.0285)  time: 0.1674  data: 0.0004  max mem: 16496
Val:  [    90/?]  eta: ?  loss: 0.0237 (0.0278)  time: 0.1673  data: 0.0003  max mem: 16496
Val:  [   100/?]  eta: ?  loss: 0.0215 (0.0275)  time: 0.1673  data: 0.0003  max mem: 16496
Val:  [   110/?]  eta: ?  loss: 0.0213 (0.0273)  time: 0.1672  data: 0.0003  max mem: 16496
Val:  [   120/?]  eta: ?  loss: 0.0213 (0.0281)  time: 0.1673  data: 0.0003  max mem: 16496
Val:  [   130/?]  eta: ?  loss: 0.0243 (0.0280)  time: 0.1673  data: 0.0003  max mem: 16496
Val:  [   140/?]  eta: ?  loss: 0.0243 (0.0282)  time: 0.1674  data: 0.0003  max mem: 16496
Val:  [   150/?]  eta: ?  loss: 0.0199 (0.0282)  time: 0.1673  data: 0.0003  max mem: 16496
Val:  [   160/?]  eta: ?  loss: 0.0165 (0.0282)  time: 0.1674  data: 0.0003  max mem: 16496
Val:  [   170/?]  eta: ?  loss: 0.0257 (0.0283)  time: 0.1674  data: 0.0003  max mem: 16496
Val:  [   180/?]  eta: ?  loss: 0.0257 (0.0282)  time: 0.1674  data: 0.0003  max mem: 16496
Val:  [   190/?]  eta: ?  loss: 0.0155 (0.0277)  time: 0.1675  data: 0.0004  max mem: 16496
Val:  [   200/?]  eta: ?  loss: 0.0133 (0.0276)  time: 0.1675  data: 0.0004  max mem: 16496
Val:  [   210/?]  eta: ?  loss: 0.0223 (0.0276)  time: 0.1675  data: 0.0003  max mem: 16496
Val:  [   220/?]  eta: ?  loss: 0.0197 (0.0273)  time: 0.1675  data: 0.0004  max mem: 16496
Val:  [   230/?]  eta: ?  loss: 0.0169 (0.0272)  time: 0.1674  data: 0.0004  max mem: 16496
Val:  [   240/?]  eta: ?  loss: 0.0154 (0.0272)  time: 0.1674  data: 0.0003  max mem: 16496
Val:  [   250/?]  eta: ?  loss: 0.0140 (0.0276)  time: 0.1674  data: 0.0003  max mem: 16496
Val:  [   260/?]  eta: ?  loss: 0.0205 (0.0277)  time: 0.1674  data: 0.0003  max mem: 16496
Val:  [   270/?]  eta: ?  loss: 0.0205 (0.0279)  time: 0.1674  data: 0.0003  max mem: 16496
Val:  [   280/?]  eta: ?  loss: 0.0236 (0.0278)  time: 0.1675  data: 0.0003  max mem: 16496
Val:  [   290/?]  eta: ?  loss: 0.0139 (0.0276)  time: 0.1675  data: 0.0003  max mem: 16496
Val:  [   300/?]  eta: ?  loss: 0.0156 (0.0274)  time: 0.1674  data: 0.0003  max mem: 16496
Val:  [   310/?]  eta: ?  loss: 0.0182 (0.0272)  time: 0.1659  data: 0.0004  max mem: 16496
Val: Total time: 0:00:54 (0.1748 s / it)
* loss 0.027
Test:  [     0/?]  eta: ?  loss: 0.0218 (0.0218)  time: 2.0453  data: 1.8798  max mem: 16496
Test:  [    10/?]  eta: ?  loss: 0.0218 (0.0230)  time: 0.3378  data: 0.1712  max mem: 16496
Test:  [    20/?]  eta: ?  loss: 0.0172 (0.0211)  time: 0.1672  data: 0.0003  max mem: 16496
Test:  [    30/?]  eta: ?  loss: 0.0168 (0.0209)  time: 0.1673  data: 0.0003  max mem: 16496
Test:  [    40/?]  eta: ?  loss: 0.0168 (0.0209)  time: 0.1673  data: 0.0003  max mem: 16496
Test:  [    50/?]  eta: ?  loss: 0.0159 (0.0204)  time: 0.1673  data: 0.0003  max mem: 16496
Test:  [    60/?]  eta: ?  loss: 0.0182 (0.0198)  time: 0.1674  data: 0.0003  max mem: 16496
Test:  [    70/?]  eta: ?  loss: 0.0155 (0.0197)  time: 0.1674  data: 0.0004  max mem: 16496
Test:  [    80/?]  eta: ?  loss: 0.0175 (0.0197)  time: 0.1675  data: 0.0004  max mem: 16496
Test:  [    90/?]  eta: ?  loss: 0.0229 (0.0210)  time: 0.1674  data: 0.0004  max mem: 16496
Test:  [   100/?]  eta: ?  loss: 0.0265 (0.0219)  time: 0.1674  data: 0.0004  max mem: 16496
Test:  [   110/?]  eta: ?  loss: 0.0259 (0.0222)  time: 0.1674  data: 0.0003  max mem: 16496
Test:  [   120/?]  eta: ?  loss: 0.0207 (0.0226)  time: 0.1674  data: 0.0003  max mem: 16496
Test:  [   130/?]  eta: ?  loss: 0.0210 (0.0224)  time: 0.1674  data: 0.0004  max mem: 16496
Test:  [   140/?]  eta: ?  loss: 0.0182 (0.0229)  time: 0.1674  data: 0.0003  max mem: 16496
Test:  [   150/?]  eta: ?  loss: 0.0298 (0.0235)  time: 0.1674  data: 0.0004  max mem: 16496
Test:  [   160/?]  eta: ?  loss: 0.0274 (0.0236)  time: 0.1674  data: 0.0004  max mem: 16496
Test:  [   170/?]  eta: ?  loss: 0.0199 (0.0240)  time: 0.1675  data: 0.0004  max mem: 16496
Test:  [   180/?]  eta: ?  loss: 0.0180 (0.0242)  time: 0.1674  data: 0.0004  max mem: 16496
Test:  [   190/?]  eta: ?  loss: 0.0210 (0.0239)  time: 0.1674  data: 0.0004  max mem: 16496
Test:  [   200/?]  eta: ?  loss: 0.0179 (0.0241)  time: 0.1674  data: 0.0004  max mem: 16496
Test:  [   210/?]  eta: ?  loss: 0.0197 (0.0242)  time: 0.1674  data: 0.0003  max mem: 16496
Test:  [   220/?]  eta: ?  loss: 0.0197 (0.0245)  time: 0.1674  data: 0.0003  max mem: 16496
Test:  [   230/?]  eta: ?  loss: 0.0211 (0.0244)  time: 0.1675  data: 0.0004  max mem: 16496
Test:  [   240/?]  eta: ?  loss: 0.0189 (0.0243)  time: 0.1674  data: 0.0003  max mem: 16496
Test:  [   250/?]  eta: ?  loss: 0.0154 (0.0242)  time: 0.1674  data: 0.0003  max mem: 16496
Test:  [   260/?]  eta: ?  loss: 0.0161 (0.0241)  time: 0.1674  data: 0.0003  max mem: 16496
Test:  [   270/?]  eta: ?  loss: 0.0161 (0.0240)  time: 0.1674  data: 0.0004  max mem: 16496
Test:  [   280/?]  eta: ?  loss: 0.0172 (0.0247)  time: 0.1674  data: 0.0004  max mem: 16496
Test:  [   290/?]  eta: ?  loss: 0.0176 (0.0247)  time: 0.1674  data: 0.0004  max mem: 16496
Test:  [   300/?]  eta: ?  loss: 0.0287 (0.0252)  time: 0.1674  data: 0.0004  max mem: 16496
Test:  [   310/?]  eta: ?  loss: 0.0377 (0.0260)  time: 0.1336  data: 0.0003  max mem: 16496
Test: Total time: 0:00:53 (0.1709 s / it)
* loss 0.026
  → Epoch  32/50 | Train Loss: 0.0014 | Val Loss: 0.0271 | Train score (1/(1+norm_MAE)): 0.9798 | Val MAE (years): 2.0896 | LR: 0.000001
Best val MAE (years): 1.9149, test MAE at best val: 1.8538
  Test segment MAE: 2.0602 | participant median MAE: 1.7999 | participant mean MAE: 1.7907
Epoch: [32]  [     0/?]  eta: ?  lr: 0.000179  min_lr: 0.000001  loss: 0.0012 (0.0012)  class_acc: 0.9803 (0.9803)  loss_scale: 1125899906842624.0000 (1125899906842624.0000)  weight_decay: 0.0500 (0.0500)  grad_norm: 1.3564 (1.3564)  time: 7.0533  data: 6.6309  max mem: 16496
Epoch: [32]  [   500/?]  eta: ?  lr: 0.000179  min_lr: 0.000001  loss: 0.0013 (0.0013)  class_acc: 0.9798 (0.9802)  loss_scale: 1125899906842624.0000 (1139383738062296.2500)  weight_decay: 0.0500 (0.0500)  grad_norm: 0.7480 (1.0637)  time: 0.4279  data: 0.0002  max mem: 16496
Epoch: [32]  [  1000/?]  eta: ?  lr: 0.000179  min_lr: 0.000001  loss: 0.0011 (0.0013)  class_acc: 0.9807 (0.9803)  loss_scale: 2251799813685248.0000 (1695036123488346.0000)  weight_decay: 0.0500 (0.0500)  grad_norm: 0.7773 (1.0801)  time: 0.4257  data: 0.0003  max mem: 16496
Epoch: [32]  [  1500/?]  eta: ?  lr: 0.000179  min_lr: 0.000001  loss: 0.0012 (0.0013)  class_acc: 0.9805 (0.9803)  loss_scale: 2251799813685248.0000 (1880500377384715.7500)  weight_decay: 0.0500 (0.0500)  grad_norm: 0.7265 (1.0537)  time: 0.4295  data: 0.0003  max mem: 16496
Epoch: [32]  [  2000/?]  eta: ?  lr: 0.000179  min_lr: 0.000001  loss: 0.0012 (0.0013)  class_acc: 0.9809 (0.9804)  loss_scale: 2251799813685248.0000 (1973278847224928.7500)  weight_decay: 0.0500 (0.0500)  grad_norm: 0.7967 (1.0611)  time: 0.4319  data: 0.0003  max mem: 16496
Epoch: [32] Total time: 0:15:52 (0.4386 s / it)
Val:  [     0/?]  eta: ?  loss: 0.0396 (0.0396)  time: 2.6871  data: 2.5214  max mem: 16496
Val:  [    10/?]  eta: ?  loss: 0.0249 (0.0307)  time: 0.3961  data: 0.2294  max mem: 16496
Val:  [    20/?]  eta: ?  loss: 0.0200 (0.0249)  time: 0.1672  data: 0.0002  max mem: 16496
Val:  [    30/?]  eta: ?  loss: 0.0146 (0.0231)  time: 0.1674  data: 0.0002  max mem: 16496
Val:  [    40/?]  eta: ?  loss: 0.0194 (0.0241)  time: 0.1674  data: 0.0002  max mem: 16496
Val:  [    50/?]  eta: ?  loss: 0.0275 (0.0254)  time: 0.1674  data: 0.0003  max mem: 16496
Val:  [    60/?]  eta: ?  loss: 0.0275 (0.0294)  time: 0.1674  data: 0.0003  max mem: 16496
Val:  [    70/?]  eta: ?  loss: 0.0158 (0.0284)  time: 0.1674  data: 0.0003  max mem: 16496
Val:  [    80/?]  eta: ?  loss: 0.0214 (0.0283)  time: 0.1674  data: 0.0004  max mem: 16496
Val:  [    90/?]  eta: ?  loss: 0.0217 (0.0275)  time: 0.1674  data: 0.0004  max mem: 16496
Val:  [   100/?]  eta: ?  loss: 0.0220 (0.0273)  time: 0.1675  data: 0.0004  max mem: 16496
Val:  [   110/?]  eta: ?  loss: 0.0228 (0.0272)  time: 0.1675  data: 0.0004  max mem: 16496
Val:  [   120/?]  eta: ?  loss: 0.0226 (0.0281)  time: 0.1675  data: 0.0004  max mem: 16496
Val:  [   130/?]  eta: ?  loss: 0.0250 (0.0281)  time: 0.1674  data: 0.0003  max mem: 16496
Val:  [   140/?]  eta: ?  loss: 0.0250 (0.0282)  time: 0.1675  data: 0.0003  max mem: 16496
Val:  [   150/?]  eta: ?  loss: 0.0208 (0.0284)  time: 0.1675  data: 0.0003  max mem: 16496
Val:  [   160/?]  eta: ?  loss: 0.0192 (0.0283)  time: 0.1676  data: 0.0003  max mem: 16496
Val:  [   170/?]  eta: ?  loss: 0.0246 (0.0285)  time: 0.1676  data: 0.0004  max mem: 16496
Val:  [   180/?]  eta: ?  loss: 0.0246 (0.0284)  time: 0.1677  data: 0.0004  max mem: 16496
Val:  [   190/?]  eta: ?  loss: 0.0155 (0.0279)  time: 0.1677  data: 0.0004  max mem: 16496
Val:  [   200/?]  eta: ?  loss: 0.0162 (0.0278)  time: 0.1677  data: 0.0004  max mem: 16496
Val:  [   210/?]  eta: ?  loss: 0.0250 (0.0279)  time: 0.1677  data: 0.0004  max mem: 16496
Val:  [   220/?]  eta: ?  loss: 0.0175 (0.0275)  time: 0.1678  data: 0.0004  max mem: 16496
Val:  [   230/?]  eta: ?  loss: 0.0168 (0.0274)  time: 0.1677  data: 0.0003  max mem: 16496
Val:  [   240/?]  eta: ?  loss: 0.0168 (0.0273)  time: 0.1676  data: 0.0003  max mem: 16496
Val:  [   250/?]  eta: ?  loss: 0.0174 (0.0277)  time: 0.1677  data: 0.0004  max mem: 16496
Val:  [   260/?]  eta: ?  loss: 0.0207 (0.0278)  time: 0.1677  data: 0.0004  max mem: 16496
Val:  [   270/?]  eta: ?  loss: 0.0246 (0.0281)  time: 0.1677  data: 0.0004  max mem: 16496
Val:  [   280/?]  eta: ?  loss: 0.0251 (0.0280)  time: 0.1678  data: 0.0004  max mem: 16496
Val:  [   290/?]  eta: ?  loss: 0.0157 (0.0278)  time: 0.1679  data: 0.0004  max mem: 16496
Val:  [   300/?]  eta: ?  loss: 0.0187 (0.0276)  time: 0.1679  data: 0.0004  max mem: 16496
Val:  [   310/?]  eta: ?  loss: 0.0208 (0.0274)  time: 0.1664  data: 0.0004  max mem: 16496
Val: Total time: 0:00:54 (0.1756 s / it)
* loss 0.027
Test:  [     0/?]  eta: ?  loss: 0.0220 (0.0220)  time: 2.3865  data: 2.2209  max mem: 16496
Test:  [    10/?]  eta: ?  loss: 0.0220 (0.0239)  time: 0.3691  data: 0.2022  max mem: 16496
Test:  [    20/?]  eta: ?  loss: 0.0180 (0.0217)  time: 0.1675  data: 0.0004  max mem: 16496
Test:  [    30/?]  eta: ?  loss: 0.0188 (0.0212)  time: 0.1676  data: 0.0003  max mem: 16496
Test:  [    40/?]  eta: ?  loss: 0.0182 (0.0213)  time: 0.1676  data: 0.0003  max mem: 16496
Test:  [    50/?]  eta: ?  loss: 0.0176 (0.0207)  time: 0.1678  data: 0.0004  max mem: 16496
Test:  [    60/?]  eta: ?  loss: 0.0180 (0.0201)  time: 0.1677  data: 0.0004  max mem: 16496
Test:  [    70/?]  eta: ?  loss: 0.0170 (0.0200)  time: 0.1675  data: 0.0004  max mem: 16496
Test:  [    80/?]  eta: ?  loss: 0.0174 (0.0198)  time: 0.1676  data: 0.0004  max mem: 16496
Test:  [    90/?]  eta: ?  loss: 0.0236 (0.0211)  time: 0.1676  data: 0.0004  max mem: 16496
Test:  [   100/?]  eta: ?  loss: 0.0266 (0.0220)  time: 0.1677  data: 0.0004  max mem: 16496
Test:  [   110/?]  eta: ?  loss: 0.0237 (0.0223)  time: 0.1677  data: 0.0003  max mem: 16496
Test:  [   120/?]  eta: ?  loss: 0.0177 (0.0228)  time: 0.1676  data: 0.0003  max mem: 16496
Test:  [   130/?]  eta: ?  loss: 0.0168 (0.0226)  time: 0.1676  data: 0.0003  max mem: 16496
Test:  [   140/?]  eta: ?  loss: 0.0186 (0.0230)  time: 0.1676  data: 0.0003  max mem: 16496
Test:  [   150/?]  eta: ?  loss: 0.0284 (0.0236)  time: 0.1676  data: 0.0003  max mem: 16496
Test:  [   160/?]  eta: ?  loss: 0.0271 (0.0237)  time: 0.1676  data: 0.0003  max mem: 16496
Test:  [   170/?]  eta: ?  loss: 0.0238 (0.0242)  time: 0.1677  data: 0.0003  max mem: 16496
Test:  [   180/?]  eta: ?  loss: 0.0238 (0.0244)  time: 0.1678  data: 0.0004  max mem: 16496
Test:  [   190/?]  eta: ?  loss: 0.0215 (0.0241)  time: 0.1678  data: 0.0004  max mem: 16496
Test:  [   200/?]  eta: ?  loss: 0.0191 (0.0244)  time: 0.1676  data: 0.0004  max mem: 16496
Test:  [   210/?]  eta: ?  loss: 0.0191 (0.0244)  time: 0.1676  data: 0.0003  max mem: 16496
Test:  [   220/?]  eta: ?  loss: 0.0182 (0.0247)  time: 0.1676  data: 0.0003  max mem: 16496
Test:  [   230/?]  eta: ?  loss: 0.0192 (0.0246)  time: 0.1676  data: 0.0004  max mem: 16496
Test:  [   240/?]  eta: ?  loss: 0.0198 (0.0245)  time: 0.1676  data: 0.0004  max mem: 16496
Test:  [   250/?]  eta: ?  loss: 0.0165 (0.0243)  time: 0.1675  data: 0.0003  max mem: 16496
Test:  [   260/?]  eta: ?  loss: 0.0180 (0.0243)  time: 0.1676  data: 0.0003  max mem: 16496
Test:  [   270/?]  eta: ?  loss: 0.0177 (0.0241)  time: 0.1676  data: 0.0003  max mem: 16496
Test:  [   280/?]  eta: ?  loss: 0.0172 (0.0248)  time: 0.1676  data: 0.0003  max mem: 16496
Test:  [   290/?]  eta: ?  loss: 0.0215 (0.0249)  time: 0.1676  data: 0.0003  max mem: 16496
Test:  [   300/?]  eta: ?  loss: 0.0290 (0.0253)  time: 0.1675  data: 0.0004  max mem: 16496
Test:  [   310/?]  eta: ?  loss: 0.0384 (0.0261)  time: 0.1337  data: 0.0004  max mem: 16496
Test: Total time: 0:00:53 (0.1722 s / it)
* loss 0.026
  → Epoch  33/50 | Train Loss: 0.0013 | Val Loss: 0.0273 | Train score (1/(1+norm_MAE)): 0.9804 | Val MAE (years): 2.0966 | LR: 0.000001
Best val MAE (years): 1.9149, test MAE at best val: 1.8538
  Test segment MAE: 2.0554 | participant median MAE: 1.7956 | participant mean MAE: 1.7856
Epoch: [33]  [     0/?]  eta: ?  lr: 0.000163  min_lr: 0.000001  loss: 0.0016 (0.0016)  class_acc: 0.9801 (0.9801)  loss_scale: 2251799813685248.0000 (2251799813685248.0000)  weight_decay: 0.0500 (0.0500)  grad_norm: 0.7540 (0.7540)  time: 7.7856  data: 7.3504  max mem: 16496
Epoch: [33]  [   500/?]  eta: ?  lr: 0.000163  min_lr: 0.000001  loss: 0.0011 (0.0012)  class_acc: 0.9808 (0.9808)  loss_scale: 4503599627370496.0000 (3051840466052462.0000)  weight_decay: 0.0500 (0.0500)  grad_norm: 0.6632 (1.0317)  time: 0.4310  data: 0.0003  max mem: 16496
Epoch: [33]  [  1000/?]  eta: ?  lr: 0.000163  min_lr: 0.000001  loss: 0.0012 (0.0012)  class_acc: 0.9807 (0.9808)  loss_scale: 4503599627370496.0000 (3776994892285246.0000)  weight_decay: 0.0500 (0.0500)  grad_norm: 0.7287 (1.0242)  time: 0.4307  data: 0.0003  max mem: 16496
Epoch: [33]  [  1500/?]  eta: ?  lr: 0.000163  min_lr: 0.000001  loss: 0.0012 (0.0012)  class_acc: 0.9807 (0.9808)  loss_scale: 4503599627370496.0000 (4019035110501518.5000)  weight_decay: 0.0500 (0.0500)  grad_norm: 0.9363 (1.0246)  time: 0.4334  data: 0.0003  max mem: 16496
Epoch: [33]  [  2000/?]  eta: ?  lr: 0.000163  min_lr: 0.000001  loss: 0.0012 (0.0012)  class_acc: 0.9806 (0.9808)  loss_scale: 4503599627370496.0000 (4140115699424301.5000)  weight_decay: 0.0500 (0.0500)  grad_norm: 0.7722 (1.0379)  time: 0.4337  data: 0.0002  max mem: 16496
Epoch: [33] Total time: 0:15:51 (0.4380 s / it)
Val:  [     0/?]  eta: ?  loss: 0.0376 (0.0376)  time: 2.2602  data: 2.0948  max mem: 16496
Val:  [    10/?]  eta: ?  loss: 0.0251 (0.0304)  time: 0.3573  data: 0.1907  max mem: 16496
Val:  [    20/?]  eta: ?  loss: 0.0191 (0.0249)  time: 0.1672  data: 0.0003  max mem: 16496
Val:  [    30/?]  eta: ?  loss: 0.0168 (0.0233)  time: 0.1674  data: 0.0003  max mem: 16496
Val:  [    40/?]  eta: ?  loss: 0.0196 (0.0241)  time: 0.1674  data: 0.0003  max mem: 16496
Val:  [    50/?]  eta: ?  loss: 0.0262 (0.0249)  time: 0.1674  data: 0.0003  max mem: 16496
Val:  [    60/?]  eta: ?  loss: 0.0258 (0.0285)  time: 0.1674  data: 0.0003  max mem: 16496
Val:  [    70/?]  eta: ?  loss: 0.0158 (0.0276)  time: 0.1674  data: 0.0004  max mem: 16496
Val:  [    80/?]  eta: ?  loss: 0.0205 (0.0277)  time: 0.1673  data: 0.0003  max mem: 16496
Val:  [    90/?]  eta: ?  loss: 0.0216 (0.0271)  time: 0.1673  data: 0.0003  max mem: 16496
Val:  [   100/?]  eta: ?  loss: 0.0224 (0.0269)  time: 0.1673  data: 0.0003  max mem: 16496
Val:  [   110/?]  eta: ?  loss: 0.0224 (0.0267)  time: 0.1674  data: 0.0003  max mem: 16496
Val:  [   120/?]  eta: ?  loss: 0.0212 (0.0276)  time: 0.1674  data: 0.0003  max mem: 16496
Val:  [   130/?]  eta: ?  loss: 0.0237 (0.0276)  time: 0.1674  data: 0.0003  max mem: 16496
Val:  [   140/?]  eta: ?  loss: 0.0237 (0.0277)  time: 0.1674  data: 0.0003  max mem: 16496
Val:  [   150/?]  eta: ?  loss: 0.0222 (0.0280)  time: 0.1676  data: 0.0004  max mem: 16496
Val:  [   160/?]  eta: ?  loss: 0.0178 (0.0280)  time: 0.1676  data: 0.0004  max mem: 16496
Val:  [   170/?]  eta: ?  loss: 0.0222 (0.0281)  time: 0.1675  data: 0.0004  max mem: 16496
Val:  [   180/?]  eta: ?  loss: 0.0222 (0.0280)  time: 0.1675  data: 0.0003  max mem: 16496
Val:  [   190/?]  eta: ?  loss: 0.0146 (0.0275)  time: 0.1676  data: 0.0004  max mem: 16496
Val:  [   200/?]  eta: ?  loss: 0.0178 (0.0274)  time: 0.1676  data: 0.0004  max mem: 16496
Val:  [   210/?]  eta: ?  loss: 0.0227 (0.0275)  time: 0.1675  data: 0.0004  max mem: 16496
Val:  [   220/?]  eta: ?  loss: 0.0180 (0.0271)  time: 0.1674  data: 0.0004  max mem: 16496
Val:  [   230/?]  eta: ?  loss: 0.0169 (0.0270)  time: 0.1674  data: 0.0003  max mem: 16496
Val:  [   240/?]  eta: ?  loss: 0.0140 (0.0269)  time: 0.1674  data: 0.0003  max mem: 16496
Val:  [   250/?]  eta: ?  loss: 0.0165 (0.0273)  time: 0.1675  data: 0.0003  max mem: 16496
Val:  [   260/?]  eta: ?  loss: 0.0215 (0.0276)  time: 0.1675  data: 0.0003  max mem: 16496
Val:  [   270/?]  eta: ?  loss: 0.0232 (0.0278)  time: 0.1674  data: 0.0004  max mem: 16496
Val:  [   280/?]  eta: ?  loss: 0.0232 (0.0277)  time: 0.1675  data: 0.0003  max mem: 16496
Val:  [   290/?]  eta: ?  loss: 0.0145 (0.0274)  time: 0.1675  data: 0.0003  max mem: 16496
Val:  [   300/?]  eta: ?  loss: 0.0166 (0.0273)  time: 0.1674  data: 0.0003  max mem: 16496
Val:  [   310/?]  eta: ?  loss: 0.0189 (0.0270)  time: 0.1659  data: 0.0003  max mem: 16496
Val: Total time: 0:00:54 (0.1741 s / it)
* loss 0.027
Test:  [     0/?]  eta: ?  loss: 0.0198 (0.0198)  time: 2.3489  data: 2.1833  max mem: 16496
Test:  [    10/?]  eta: ?  loss: 0.0198 (0.0237)  time: 0.3655  data: 0.1988  max mem: 16496
Test:  [    20/?]  eta: ?  loss: 0.0189 (0.0223)  time: 0.1673  data: 0.0004  max mem: 16496
Test:  [    30/?]  eta: ?  loss: 0.0183 (0.0215)  time: 0.1674  data: 0.0003  max mem: 16496
Test:  [    40/?]  eta: ?  loss: 0.0166 (0.0211)  time: 0.1674  data: 0.0003  max mem: 16496
Test:  [    50/?]  eta: ?  loss: 0.0152 (0.0206)  time: 0.1674  data: 0.0004  max mem: 16496
Test:  [    60/?]  eta: ?  loss: 0.0172 (0.0206)  time: 0.1675  data: 0.0004  max mem: 16496
Test:  [    70/?]  eta: ?  loss: 0.0139 (0.0203)  time: 0.1674  data: 0.0003  max mem: 16496
Test:  [    80/?]  eta: ?  loss: 0.0154 (0.0201)  time: 0.1674  data: 0.0003  max mem: 16496
Test:  [    90/?]  eta: ?  loss: 0.0232 (0.0211)  time: 0.1675  data: 0.0003  max mem: 16496
Test:  [   100/?]  eta: ?  loss: 0.0269 (0.0222)  time: 0.1676  data: 0.0003  max mem: 16496
Test:  [   110/?]  eta: ?  loss: 0.0265 (0.0225)  time: 0.1675  data: 0.0003  max mem: 16496
Test:  [   120/?]  eta: ?  loss: 0.0196 (0.0230)  time: 0.1675  data: 0.0003  max mem: 16496
Test:  [   130/?]  eta: ?  loss: 0.0186 (0.0227)  time: 0.1675  data: 0.0003  max mem: 16496
Test:  [   140/?]  eta: ?  loss: 0.0184 (0.0231)  time: 0.1675  data: 0.0003  max mem: 16496
Test:  [   150/?]  eta: ?  loss: 0.0281 (0.0236)  time: 0.1675  data: 0.0003  max mem: 16496
Test:  [   160/?]  eta: ?  loss: 0.0266 (0.0238)  time: 0.1675  data: 0.0003  max mem: 16496
Test:  [   170/?]  eta: ?  loss: 0.0224 (0.0241)  time: 0.1676  data: 0.0004  max mem: 16496
Test:  [   180/?]  eta: ?  loss: 0.0221 (0.0243)  time: 0.1676  data: 0.0004  max mem: 16496
Test:  [   190/?]  eta: ?  loss: 0.0216 (0.0240)  time: 0.1675  data: 0.0003  max mem: 16496
Test:  [   200/?]  eta: ?  loss: 0.0173 (0.0241)  time: 0.1676  data: 0.0003  max mem: 16496
Test:  [   210/?]  eta: ?  loss: 0.0179 (0.0242)  time: 0.1676  data: 0.0003  max mem: 16496
Test:  [   220/?]  eta: ?  loss: 0.0143 (0.0245)  time: 0.1676  data: 0.0004  max mem: 16496
Test:  [   230/?]  eta: ?  loss: 0.0185 (0.0244)  time: 0.1676  data: 0.0004  max mem: 16496
Test:  [   240/?]  eta: ?  loss: 0.0182 (0.0243)  time: 0.1675  data: 0.0003  max mem: 16496
Test:  [   250/?]  eta: ?  loss: 0.0163 (0.0242)  time: 0.1675  data: 0.0003  max mem: 16496
Test:  [   260/?]  eta: ?  loss: 0.0163 (0.0241)  time: 0.1675  data: 0.0003  max mem: 16496
Test:  [   270/?]  eta: ?  loss: 0.0167 (0.0239)  time: 0.1675  data: 0.0003  max mem: 16496
Test:  [   280/?]  eta: ?  loss: 0.0167 (0.0246)  time: 0.1676  data: 0.0003  max mem: 16496
Test:  [   290/?]  eta: ?  loss: 0.0206 (0.0246)  time: 0.1676  data: 0.0004  max mem: 16496
Test:  [   300/?]  eta: ?  loss: 0.0309 (0.0252)  time: 0.1675  data: 0.0003  max mem: 16496
Test:  [   310/?]  eta: ?  loss: 0.0348 (0.0260)  time: 0.1337  data: 0.0003  max mem: 16496
Test: Total time: 0:00:53 (0.1719 s / it)
* loss 0.026
  → Epoch  34/50 | Train Loss: 0.0012 | Val Loss: 0.0270 | Train score (1/(1+norm_MAE)): 0.9808 | Val MAE (years): 2.0897 | LR: 0.000001
Best val MAE (years): 1.9149, test MAE at best val: 1.8538
  Test segment MAE: 2.0576 | participant median MAE: 1.8028 | participant mean MAE: 1.7971
Epoch: [34]  [     0/?]  eta: ?  lr: 0.000148  min_lr: 0.000001  loss: 0.0010 (0.0010)  class_acc: 0.9811 (0.9811)  loss_scale: 4503599627370496.0000 (4503599627370496.0000)  weight_decay: 0.0500 (0.0500)  grad_norm: 1.7083 (1.7083)  time: 7.9154  data: 7.4996  max mem: 16496
Epoch: [34]  [   500/?]  eta: ?  lr: 0.000148  min_lr: 0.000001  loss: 0.0011 (0.0012)  class_acc: 0.9809 (0.9812)  loss_scale: 9007199254740992.0000 (7649826911960663.0000)  weight_decay: 0.0500 (0.0500)  grad_norm: 0.8406 (1.1138)  time: 0.4325  data: 0.0003  max mem: 16496
Epoch: [34]  [  1000/?]  eta: ?  lr: 0.000147  min_lr: 0.000001  loss: 0.0011 (0.0012)  class_acc: 0.9811 (0.9813)  loss_scale: 9007199254740992.0000 (8327835075187600.0000)  weight_decay: 0.0500 (0.0500)  grad_norm: 0.7195 (1.1014)  time: 0.4319  data: 0.0003  max mem: 16496
Epoch: [34]  [  1500/?]  eta: ?  lr: 0.000147  min_lr: 0.000001  loss: 0.0011 (0.0012)  class_acc: 0.9813 (0.9813)  loss_scale: 9007199254740992.0000 (8554138932467211.0000)  weight_decay: 0.0500 (0.0500)  grad_norm: 1.0557 (1.0722)  time: 0.4326  data: 0.0003  max mem: 16496
Epoch: [34]  [  2000/?]  eta: ?  lr: 0.000147  min_lr: 0.000001  loss: 0.0011 (0.0012)  class_acc: 0.9813 (0.9813)  loss_scale: 9007199254740992.0000 (8667347408797491.0000)  weight_decay: 0.0500 (0.0500)  grad_norm: 0.7716 (1.1004)  time: 0.4300  data: 0.0003  max mem: 16496
Epoch: [34] Total time: 0:15:55 (0.4399 s / it)
Val:  [     0/?]  eta: ?  loss: 0.0388 (0.0388)  time: 2.2403  data: 2.0747  max mem: 16496
Val:  [    10/?]  eta: ?  loss: 0.0219 (0.0305)  time: 0.3556  data: 0.1889  max mem: 16496
Val:  [    20/?]  eta: ?  loss: 0.0183 (0.0248)  time: 0.1672  data: 0.0003  max mem: 16496
Val:  [    30/?]  eta: ?  loss: 0.0141 (0.0233)  time: 0.1673  data: 0.0002  max mem: 16496
Val:  [    40/?]  eta: ?  loss: 0.0225 (0.0244)  time: 0.1673  data: 0.0002  max mem: 16496
Val:  [    50/?]  eta: ?  loss: 0.0244 (0.0251)  time: 0.1673  data: 0.0002  max mem: 16496
Val:  [    60/?]  eta: ?  loss: 0.0242 (0.0292)  time: 0.1673  data: 0.0003  max mem: 16496
Val:  [    70/?]  eta: ?  loss: 0.0154 (0.0283)  time: 0.1673  data: 0.0003  max mem: 16496
Val:  [    80/?]  eta: ?  loss: 0.0208 (0.0284)  time: 0.1673  data: 0.0002  max mem: 16496
Val:  [    90/?]  eta: ?  loss: 0.0221 (0.0278)  time: 0.1673  data: 0.0002  max mem: 16496
Val:  [   100/?]  eta: ?  loss: 0.0222 (0.0276)  time: 0.1674  data: 0.0003  max mem: 16496
Val:  [   110/?]  eta: ?  loss: 0.0222 (0.0275)  time: 0.1674  data: 0.0003  max mem: 16496
Val:  [   120/?]  eta: ?  loss: 0.0227 (0.0284)  time: 0.1674  data: 0.0002  max mem: 16496
Val:  [   130/?]  eta: ?  loss: 0.0236 (0.0283)  time: 0.1674  data: 0.0003  max mem: 16496
Val:  [   140/?]  eta: ?  loss: 0.0231 (0.0284)  time: 0.1674  data: 0.0003  max mem: 16496
Val:  [   150/?]  eta: ?  loss: 0.0198 (0.0287)  time: 0.1675  data: 0.0003  max mem: 16496
Val:  [   160/?]  eta: ?  loss: 0.0184 (0.0288)  time: 0.1675  data: 0.0003  max mem: 16496
Val:  [   170/?]  eta: ?  loss: 0.0246 (0.0289)  time: 0.1674  data: 0.0003  max mem: 16496
Val:  [   180/?]  eta: ?  loss: 0.0246 (0.0287)  time: 0.1675  data: 0.0003  max mem: 16496
Val:  [   190/?]  eta: ?  loss: 0.0141 (0.0281)  time: 0.1675  data: 0.0004  max mem: 16496
Val:  [   200/?]  eta: ?  loss: 0.0150 (0.0279)  time: 0.1676  data: 0.0004  max mem: 16496
Val:  [   210/?]  eta: ?  loss: 0.0193 (0.0278)  time: 0.1676  data: 0.0004  max mem: 16496
Val:  [   220/?]  eta: ?  loss: 0.0186 (0.0274)  time: 0.1676  data: 0.0003  max mem: 16496
Val:  [   230/?]  eta: ?  loss: 0.0170 (0.0274)  time: 0.1676  data: 0.0003  max mem: 16496
Val:  [   240/?]  eta: ?  loss: 0.0170 (0.0273)  time: 0.1675  data: 0.0004  max mem: 16496
Val:  [   250/?]  eta: ?  loss: 0.0165 (0.0278)  time: 0.1676  data: 0.0004  max mem: 16496
Val:  [   260/?]  eta: ?  loss: 0.0215 (0.0280)  time: 0.1677  data: 0.0004  max mem: 16496
Val:  [   270/?]  eta: ?  loss: 0.0230 (0.0282)  time: 0.1676  data: 0.0004  max mem: 16496
Val:  [   280/?]  eta: ?  loss: 0.0219 (0.0280)  time: 0.1676  data: 0.0003  max mem: 16496
Val:  [   290/?]  eta: ?  loss: 0.0159 (0.0278)  time: 0.1676  data: 0.0004  max mem: 16496
Val:  [   300/?]  eta: ?  loss: 0.0160 (0.0276)  time: 0.1676  data: 0.0004  max mem: 16496
Val:  [   310/?]  eta: ?  loss: 0.0202 (0.0274)  time: 0.1660  data: 0.0004  max mem: 16496
Val: Total time: 0:00:54 (0.1740 s / it)
* loss 0.027
Test:  [     0/?]  eta: ?  loss: 0.0207 (0.0207)  time: 1.8153  data: 1.6501  max mem: 16496
Test:  [    10/?]  eta: ?  loss: 0.0207 (0.0238)  time: 0.3170  data: 0.1504  max mem: 16496
Test:  [    20/?]  eta: ?  loss: 0.0181 (0.0218)  time: 0.1673  data: 0.0004  max mem: 16496
Test:  [    30/?]  eta: ?  loss: 0.0179 (0.0209)  time: 0.1674  data: 0.0003  max mem: 16496
Test:  [    40/?]  eta: ?  loss: 0.0166 (0.0213)  time: 0.1673  data: 0.0003  max mem: 16496
Test:  [    50/?]  eta: ?  loss: 0.0193 (0.0208)  time: 0.1673  data: 0.0003  max mem: 16496
Test:  [    60/?]  eta: ?  loss: 0.0195 (0.0199)  time: 0.1674  data: 0.0004  max mem: 16496
Test:  [    70/?]  eta: ?  loss: 0.0161 (0.0198)  time: 0.1674  data: 0.0004  max mem: 16496
Test:  [    80/?]  eta: ?  loss: 0.0163 (0.0195)  time: 0.1674  data: 0.0003  max mem: 16496
Test:  [    90/?]  eta: ?  loss: 0.0236 (0.0206)  time: 0.1673  data: 0.0003  max mem: 16496
Test:  [   100/?]  eta: ?  loss: 0.0260 (0.0216)  time: 0.1674  data: 0.0003  max mem: 16496
Test:  [   110/?]  eta: ?  loss: 0.0258 (0.0220)  time: 0.1674  data: 0.0003  max mem: 16496
Test:  [   120/?]  eta: ?  loss: 0.0195 (0.0225)  time: 0.1673  data: 0.0003  max mem: 16496
Test:  [   130/?]  eta: ?  loss: 0.0199 (0.0222)  time: 0.1673  data: 0.0003  max mem: 16496
Test:  [   140/?]  eta: ?  loss: 0.0184 (0.0226)  time: 0.1674  data: 0.0003  max mem: 16496
Test:  [   150/?]  eta: ?  loss: 0.0308 (0.0233)  time: 0.1674  data: 0.0003  max mem: 16496
Test:  [   160/?]  eta: ?  loss: 0.0287 (0.0235)  time: 0.1674  data: 0.0003  max mem: 16496
Test:  [   170/?]  eta: ?  loss: 0.0206 (0.0239)  time: 0.1674  data: 0.0003  max mem: 16496
Test:  [   180/?]  eta: ?  loss: 0.0203 (0.0241)  time: 0.1674  data: 0.0003  max mem: 16496
Test:  [   190/?]  eta: ?  loss: 0.0203 (0.0239)  time: 0.1673  data: 0.0003  max mem: 16496
Test:  [   200/?]  eta: ?  loss: 0.0169 (0.0240)  time: 0.1674  data: 0.0004  max mem: 16496
Test:  [   210/?]  eta: ?  loss: 0.0178 (0.0241)  time: 0.1674  data: 0.0003  max mem: 16496
Test:  [   220/?]  eta: ?  loss: 0.0178 (0.0243)  time: 0.1674  data: 0.0004  max mem: 16496
Test:  [   230/?]  eta: ?  loss: 0.0173 (0.0243)  time: 0.1674  data: 0.0004  max mem: 16496
Test:  [   240/?]  eta: ?  loss: 0.0194 (0.0241)  time: 0.1673  data: 0.0003  max mem: 16496
Test:  [   250/?]  eta: ?  loss: 0.0181 (0.0240)  time: 0.1674  data: 0.0003  max mem: 16496
Test:  [   260/?]  eta: ?  loss: 0.0191 (0.0240)  time: 0.1674  data: 0.0003  max mem: 16496
Test:  [   270/?]  eta: ?  loss: 0.0191 (0.0238)  time: 0.1673  data: 0.0004  max mem: 16496
Test:  [   280/?]  eta: ?  loss: 0.0175 (0.0246)  time: 0.1674  data: 0.0003  max mem: 16496
Test:  [   290/?]  eta: ?  loss: 0.0215 (0.0246)  time: 0.1675  data: 0.0004  max mem: 16496
Test:  [   300/?]  eta: ?  loss: 0.0262 (0.0251)  time: 0.1674  data: 0.0004  max mem: 16496
Test:  [   310/?]  eta: ?  loss: 0.0372 (0.0261)  time: 0.1336  data: 0.0003  max mem: 16496
Test: Total time: 0:00:53 (0.1701 s / it)
* loss 0.026

============================================================
Counting samples by task type...
============================================================

============================================================
Evaluating on active tasks (35,284 samples)...
============================================================
Active Test:  [     0/?]  eta: ?  loss: 0.0147 (0.0147)  time: 2.5716  data: 2.5446  max mem: 16496
Active Test:  [    10/?]  eta: ?  loss: 0.0216 (0.0709)  time: 0.2641  data: 0.2488  max mem: 16496
Active Test:  [    20/?]  eta: ?  loss: 0.0229 (0.0511)  time: 0.0275  data: 0.0137  max mem: 16496
Active Test:  [    30/?]  eta: ?  loss: 0.0260 (0.0476)  time: 0.0235  data: 0.0103  max mem: 16496
Active Test:  [    40/?]  eta: ?  loss: 0.0381 (0.0465)  time: 0.0244  data: 0.0110  max mem: 16496
Active Test:  [    50/?]  eta: ?  loss: 0.0273 (0.0418)  time: 0.0244  data: 0.0103  max mem: 16496
Active Test:  [    60/?]  eta: ?  loss: 0.0102 (0.0365)  time: 0.0220  data: 0.0086  max mem: 16496
Active Test:  [    70/?]  eta: ?  loss: 0.0077 (0.0327)  time: 0.0214  data: 0.0091  max mem: 16496
Active Test:  [    80/?]  eta: ?  loss: 0.0089 (0.0301)  time: 0.0221  data: 0.0099  max mem: 16496
Active Test:  [    90/?]  eta: ?  loss: 0.0116 (0.0284)  time: 0.0218  data: 0.0096  max mem: 16496
Active Test:  [   100/?]  eta: ?  loss: 0.0150 (0.0280)  time: 0.0214  data: 0.0093  max mem: 16496
Active Test:  [   110/?]  eta: ?  loss: 0.0263 (0.0273)  time: 0.0213  data: 0.0092  max mem: 16496
Active Test:  [   120/?]  eta: ?  loss: 0.0166 (0.0268)  time: 0.0221  data: 0.0100  max mem: 16496
Active Test:  [   130/?]  eta: ?  loss: 0.0137 (0.0267)  time: 0.0212  data: 0.0091  max mem: 16496
Active Test:  [   140/?]  eta: ?  loss: 0.0170 (0.0280)  time: 0.0207  data: 0.0087  max mem: 16496
Active Test:  [   150/?]  eta: ?  loss: 0.0378 (0.0290)  time: 0.0210  data: 0.0091  max mem: 16496
Active Test:  [   160/?]  eta: ?  loss: 0.0277 (0.0298)  time: 0.0204  data: 0.0085  max mem: 16496
Active Test:  [   170/?]  eta: ?  loss: 0.0253 (0.0296)  time: 0.0204  data: 0.0085  max mem: 16496
Active Test:  [   180/?]  eta: ?  loss: 0.0112 (0.0286)  time: 0.0206  data: 0.0086  max mem: 16496
Active Test:  [   190/?]  eta: ?  loss: 0.0128 (0.0282)  time: 0.0209  data: 0.0088  max mem: 16496
Active Test:  [   200/?]  eta: ?  loss: 0.0157 (0.0280)  time: 0.0207  data: 0.0086  max mem: 16496
Active Test:  [   210/?]  eta: ?  loss: 0.0150 (0.0278)  time: 0.0202  data: 0.0081  max mem: 16496
Active Test:  [   220/?]  eta: ?  loss: 0.0182 (0.0278)  time: 0.0207  data: 0.0087  max mem: 16496
Active Test:  [   230/?]  eta: ?  loss: 0.0201 (0.0276)  time: 0.0215  data: 0.0095  max mem: 16496
Active Test:  [   240/?]  eta: ?  loss: 0.0144 (0.0282)  time: 0.0221  data: 0.0100  max mem: 16496
Active Test:  [   250/?]  eta: ?  loss: 0.0245 (0.0283)  time: 0.0231  data: 0.0110  max mem: 16496
Active Test:  [   260/?]  eta: ?  loss: 0.0189 (0.0286)  time: 0.0223  data: 0.0102  max mem: 16496
Active Test:  [   270/?]  eta: ?  loss: 0.0235 (0.0288)  time: 0.0209  data: 0.0088  max mem: 16496
Active Test:  [   280/?]  eta: ?  loss: 0.0235 (0.0286)  time: 0.0217  data: 0.0095  max mem: 16496
Active Test:  [   290/?]  eta: ?  loss: 0.0153 (0.0282)  time: 0.0250  data: 0.0119  max mem: 16496
Active Test:  [   300/?]  eta: ?  loss: 0.0152 (0.0281)  time: 0.0250  data: 0.0117  max mem: 16496
Active Test:  [   310/?]  eta: ?  loss: 0.0152 (0.0278)  time: 0.0198  data: 0.0073  max mem: 16496
Active Test:  [   320/?]  eta: ?  loss: 0.0169 (0.0277)  time: 0.0201  data: 0.0079  max mem: 16496
Active Test:  [   330/?]  eta: ?  loss: 0.0201 (0.0279)  time: 0.0197  data: 0.0075  max mem: 16496
Active Test:  [   340/?]  eta: ?  loss: 0.0136 (0.0278)  time: 0.0197  data: 0.0077  max mem: 16496
Active Test:  [   350/?]  eta: ?  loss: 0.0130 (0.0278)  time: 0.0203  data: 0.0082  max mem: 16496
Active Test:  [   360/?]  eta: ?  loss: 0.0189 (0.0276)  time: 0.0200  data: 0.0078  max mem: 16496
Active Test:  [   370/?]  eta: ?  loss: 0.0153 (0.0274)  time: 0.0205  data: 0.0085  max mem: 16496
Active Test:  [   380/?]  eta: ?  loss: 0.0116 (0.0270)  time: 0.0216  data: 0.0095  max mem: 16496
Active Test:  [   390/?]  eta: ?  loss: 0.0116 (0.0267)  time: 0.0217  data: 0.0094  max mem: 16496
Active Test:  [   400/?]  eta: ?  loss: 0.0138 (0.0266)  time: 0.0217  data: 0.0097  max mem: 16496
Active Test:  [   410/?]  eta: ?  loss: 0.0143 (0.0264)  time: 0.0222  data: 0.0100  max mem: 16496
Active Test:  [   420/?]  eta: ?  loss: 0.0148 (0.0264)  time: 0.0230  data: 0.0108  max mem: 16496
Active Test:  [   430/?]  eta: ?  loss: 0.0141 (0.0263)  time: 0.0224  data: 0.0102  max mem: 16496
Active Test:  [   440/?]  eta: ?  loss: 0.0148 (0.0262)  time: 0.0215  data: 0.0094  max mem: 16496
Active Test:  [   450/?]  eta: ?  loss: 0.0145 (0.0259)  time: 0.0220  data: 0.0099  max mem: 16496
Active Test:  [   460/?]  eta: ?  loss: 0.0099 (0.0258)  time: 0.0266  data: 0.0143  max mem: 16496
Active Test:  [   470/?]  eta: ?  loss: 0.0087 (0.0272)  time: 0.0276  data: 0.0148  max mem: 16496
Active Test:  [   480/?]  eta: ?  loss: 0.0232 (0.0276)  time: 0.0244  data: 0.0109  max mem: 16496
Active Test:  [   490/?]  eta: ?  loss: 0.0162 (0.0275)  time: 0.0229  data: 0.0100  max mem: 16496
Active Test:  [   500/?]  eta: ?  loss: 0.0155 (0.0275)  time: 0.0230  data: 0.0105  max mem: 16496
Active Test:  [   510/?]  eta: ?  loss: 0.0144 (0.0273)  time: 0.0235  data: 0.0112  max mem: 16496
Active Test:  [   520/?]  eta: ?  loss: 0.0100 (0.0272)  time: 0.0235  data: 0.0114  max mem: 16496
Active Test:  [   530/?]  eta: ?  loss: 0.0100 (0.0269)  time: 0.0230  data: 0.0109  max mem: 16496
Active Test:  [   540/?]  eta: ?  loss: 0.0155 (0.0268)  time: 0.0228  data: 0.0107  max mem: 16496
Active Test: Total time: 0:00:15 (0.0274 s / it)
* loss 0.027

============================================================
Evaluating on passive tasks (204,188 samples)...
============================================================
Passive Test:  [     0/?]  eta: ?  loss: 0.0088 (0.0088)  time: 1.0622  data: 1.0448  max mem: 16496
Passive Test:  [    10/?]  eta: ?  loss: 0.0100 (0.0137)  time: 0.1144  data: 0.1016  max mem: 16496
Passive Test:  [    20/?]  eta: ?  loss: 0.0100 (0.0154)  time: 0.0202  data: 0.0078  max mem: 16496
Passive Test:  [    30/?]  eta: ?  loss: 0.0126 (0.0185)  time: 0.0181  data: 0.0058  max mem: 16496
Passive Test:  [    40/?]  eta: ?  loss: 0.0178 (0.0230)  time: 0.0170  data: 0.0048  max mem: 16496
Passive Test:  [    50/?]  eta: ?  loss: 0.0214 (0.0253)  time: 0.0172  data: 0.0051  max mem: 16496
Passive Test:  [    60/?]  eta: ?  loss: 0.0214 (0.0271)  time: 0.0171  data: 0.0049  max mem: 16496
Passive Test:  [    70/?]  eta: ?  loss: 0.0169 (0.0283)  time: 0.0181  data: 0.0060  max mem: 16496
Passive Test:  [    80/?]  eta: ?  loss: 0.0175 (0.0287)  time: 0.0175  data: 0.0054  max mem: 16496
Passive Test:  [    90/?]  eta: ?  loss: 0.0208 (0.0287)  time: 0.0176  data: 0.0055  max mem: 16496
Passive Test:  [   100/?]  eta: ?  loss: 0.0208 (0.0286)  time: 0.0174  data: 0.0053  max mem: 16496
Passive Test:  [   110/?]  eta: ?  loss: 0.0167 (0.0276)  time: 0.0177  data: 0.0056  max mem: 16496
Passive Test:  [   120/?]  eta: ?  loss: 0.0109 (0.0274)  time: 0.0180  data: 0.0059  max mem: 16496
Passive Test:  [   130/?]  eta: ?  loss: 0.0134 (0.0274)  time: 0.0186  data: 0.0064  max mem: 16496
Passive Test:  [   140/?]  eta: ?  loss: 0.0159 (0.0281)  time: 0.0181  data: 0.0059  max mem: 16496
Passive Test:  [   150/?]  eta: ?  loss: 0.0198 (0.0279)  time: 0.0184  data: 0.0063  max mem: 16496
Passive Test:  [   160/?]  eta: ?  loss: 0.0183 (0.0274)  time: 0.0186  data: 0.0065  max mem: 16496
Passive Test:  [   170/?]  eta: ?  loss: 0.0114 (0.0267)  time: 0.0183  data: 0.0062  max mem: 16496
Passive Test:  [   180/?]  eta: ?  loss: 0.0111 (0.0261)  time: 0.0179  data: 0.0059  max mem: 16496
Passive Test:  [   190/?]  eta: ?  loss: 0.0177 (0.0256)  time: 0.0173  data: 0.0054  max mem: 16496
Passive Test:  [   200/?]  eta: ?  loss: 0.0131 (0.0250)  time: 0.0179  data: 0.0060  max mem: 16496
Passive Test:  [   210/?]  eta: ?  loss: 0.0119 (0.0248)  time: 0.0182  data: 0.0063  max mem: 16496
Passive Test:  [   220/?]  eta: ?  loss: 0.0169 (0.0242)  time: 0.0179  data: 0.0060  max mem: 16496
Passive Test:  [   230/?]  eta: ?  loss: 0.0101 (0.0239)  time: 0.0178  data: 0.0058  max mem: 16496
Passive Test:  [   240/?]  eta: ?  loss: 0.0194 (0.0237)  time: 0.0198  data: 0.0077  max mem: 16496
Passive Test:  [   250/?]  eta: ?  loss: 0.0166 (0.0234)  time: 0.0188  data: 0.0068  max mem: 16496
Passive Test:  [   260/?]  eta: ?  loss: 0.0093 (0.0231)  time: 0.0189  data: 0.0068  max mem: 16496
Passive Test:  [   270/?]  eta: ?  loss: 0.0088 (0.0231)  time: 0.0188  data: 0.0068  max mem: 16496
Passive Test:  [   280/?]  eta: ?  loss: 0.0084 (0.0226)  time: 0.0183  data: 0.0063  max mem: 16496
Passive Test:  [   290/?]  eta: ?  loss: 0.0082 (0.0222)  time: 0.0180  data: 0.0059  max mem: 16496
Passive Test:  [   300/?]  eta: ?  loss: 0.0077 (0.0218)  time: 0.0178  data: 0.0057  max mem: 16496
Passive Test:  [   310/?]  eta: ?  loss: 0.0082 (0.0215)  time: 0.0180  data: 0.0059  max mem: 16496
Passive Test:  [   320/?]  eta: ?  loss: 0.0109 (0.0213)  time: 0.0181  data: 0.0059  max mem: 16496
Passive Test:  [   330/?]  eta: ?  loss: 0.0122 (0.0212)  time: 0.0184  data: 0.0063  max mem: 16496
Passive Test:  [   340/?]  eta: ?  loss: 0.0120 (0.0209)  time: 0.0182  data: 0.0062  max mem: 16496
Passive Test:  [   350/?]  eta: ?  loss: 0.0081 (0.0206)  time: 0.0209  data: 0.0089  max mem: 16496
Passive Test:  [   360/?]  eta: ?  loss: 0.0120 (0.0205)  time: 0.0216  data: 0.0095  max mem: 16496
Passive Test:  [   370/?]  eta: ?  loss: 0.0134 (0.0203)  time: 0.0212  data: 0.0092  max mem: 16496
Passive Test:  [   380/?]  eta: ?  loss: 0.0122 (0.0200)  time: 0.0202  data: 0.0083  max mem: 16496
Passive Test:  [   390/?]  eta: ?  loss: 0.0111 (0.0198)  time: 0.0194  data: 0.0074  max mem: 16496
Passive Test:  [   400/?]  eta: ?  loss: 0.0187 (0.0198)  time: 0.0187  data: 0.0068  max mem: 16496
Passive Test:  [   410/?]  eta: ?  loss: 0.0186 (0.0196)  time: 0.0187  data: 0.0067  max mem: 16496
Passive Test:  [   420/?]  eta: ?  loss: 0.0144 (0.0196)  time: 0.0192  data: 0.0073  max mem: 16496
Passive Test:  [   430/?]  eta: ?  loss: 0.0166 (0.0196)  time: 0.0186  data: 0.0067  max mem: 16496
Passive Test:  [   440/?]  eta: ?  loss: 0.0113 (0.0196)  time: 0.0186  data: 0.0066  max mem: 16496
Passive Test:  [   450/?]  eta: ?  loss: 0.0091 (0.0196)  time: 0.0188  data: 0.0068  max mem: 16496
Passive Test:  [   460/?]  eta: ?  loss: 0.0166 (0.0198)  time: 0.0186  data: 0.0067  max mem: 16496
Passive Test:  [   470/?]  eta: ?  loss: 0.0187 (0.0200)  time: 0.0188  data: 0.0069  max mem: 16496
Passive Test:  [   480/?]  eta: ?  loss: 0.0245 (0.0201)  time: 0.0190  data: 0.0070  max mem: 16496
Passive Test:  [   490/?]  eta: ?  loss: 0.0265 (0.0202)  time: 0.0186  data: 0.0066  max mem: 16496
Passive Test:  [   500/?]  eta: ?  loss: 0.0237 (0.0204)  time: 0.0187  data: 0.0067  max mem: 16496
Passive Test:  [   510/?]  eta: ?  loss: 0.0236 (0.0206)  time: 0.0184  data: 0.0063  max mem: 16496
Passive Test:  [   520/?]  eta: ?  loss: 0.0227 (0.0206)  time: 0.0184  data: 0.0064  max mem: 16496
Passive Test:  [   530/?]  eta: ?  loss: 0.0200 (0.0206)  time: 0.0186  data: 0.0066  max mem: 16496
Passive Test:  [   540/?]  eta: ?  loss: 0.0225 (0.0207)  time: 0.0183  data: 0.0063  max mem: 16496
Passive Test:  [   550/?]  eta: ?  loss: 0.0146 (0.0206)  time: 0.0184  data: 0.0064  max mem: 16496
Passive Test:  [   560/?]  eta: ?  loss: 0.0123 (0.0205)  time: 0.0180  data: 0.0060  max mem: 16496
Passive Test:  [   570/?]  eta: ?  loss: 0.0105 (0.0204)  time: 0.0181  data: 0.0062  max mem: 16496
Passive Test:  [   580/?]  eta: ?  loss: 0.0105 (0.0202)  time: 0.0184  data: 0.0065  max mem: 16496
Passive Test:  [   590/?]  eta: ?  loss: 0.0154 (0.0203)  time: 0.0183  data: 0.0063  max mem: 16496
Passive Test:  [   600/?]  eta: ?  loss: 0.0218 (0.0204)  time: 0.0187  data: 0.0067  max mem: 16496
Passive Test:  [   610/?]  eta: ?  loss: 0.0179 (0.0203)  time: 0.0187  data: 0.0068  max mem: 16496
Passive Test:  [   620/?]  eta: ?  loss: 0.0151 (0.0202)  time: 0.0186  data: 0.0066  max mem: 16496
Passive Test:  [   630/?]  eta: ?  loss: 0.0144 (0.0202)  time: 0.0182  data: 0.0063  max mem: 16496
Passive Test:  [   640/?]  eta: ?  loss: 0.0184 (0.0203)  time: 0.0185  data: 0.0066  max mem: 16496
Passive Test:  [   650/?]  eta: ?  loss: 0.0252 (0.0207)  time: 0.0181  data: 0.0060  max mem: 16496
Passive Test:  [   660/?]  eta: ?  loss: 0.0495 (0.0213)  time: 0.0181  data: 0.0061  max mem: 16496
Passive Test:  [   670/?]  eta: ?  loss: 0.0538 (0.0220)  time: 0.0181  data: 0.0061  max mem: 16496
Passive Test:  [   680/?]  eta: ?  loss: 0.0555 (0.0226)  time: 0.0184  data: 0.0064  max mem: 16496
Passive Test:  [   690/?]  eta: ?  loss: 0.0524 (0.0232)  time: 0.0183  data: 0.0063  max mem: 16496
Passive Test:  [   700/?]  eta: ?  loss: 0.0482 (0.0237)  time: 0.0181  data: 0.0061  max mem: 16496
Passive Test:  [   710/?]  eta: ?  loss: 0.0642 (0.0243)  time: 0.0189  data: 0.0068  max mem: 16496
Passive Test:  [   720/?]  eta: ?  loss: 0.0686 (0.0248)  time: 0.0180  data: 0.0059  max mem: 16496
Passive Test:  [   730/?]  eta: ?  loss: 0.0615 (0.0253)  time: 0.0181  data: 0.0059  max mem: 16496
Passive Test:  [   740/?]  eta: ?  loss: 0.0306 (0.0253)  time: 0.0184  data: 0.0061  max mem: 16496
Passive Test:  [   750/?]  eta: ?  loss: 0.0181 (0.0252)  time: 0.0183  data: 0.0062  max mem: 16496
Passive Test:  [   760/?]  eta: ?  loss: 0.0170 (0.0252)  time: 0.0185  data: 0.0062  max mem: 16496
Passive Test:  [   770/?]  eta: ?  loss: 0.0174 (0.0252)  time: 0.0182  data: 0.0059  max mem: 16496
Passive Test:  [   780/?]  eta: ?  loss: 0.0213 (0.0252)  time: 0.0190  data: 0.0069  max mem: 16496
Passive Test:  [   790/?]  eta: ?  loss: 0.0207 (0.0252)  time: 0.0184  data: 0.0064  max mem: 16496
Passive Test:  [   800/?]  eta: ?  loss: 0.0207 (0.0252)  time: 0.0190  data: 0.0068  max mem: 16496
Passive Test:  [   810/?]  eta: ?  loss: 0.0204 (0.0252)  time: 0.0188  data: 0.0067  max mem: 16496
Passive Test:  [   820/?]  eta: ?  loss: 0.0182 (0.0252)  time: 0.0190  data: 0.0068  max mem: 16496
Passive Test:  [   830/?]  eta: ?  loss: 0.0199 (0.0251)  time: 0.0185  data: 0.0063  max mem: 16496
Passive Test:  [   840/?]  eta: ?  loss: 0.0188 (0.0251)  time: 0.0182  data: 0.0062  max mem: 16496
Passive Test:  [   850/?]  eta: ?  loss: 0.0131 (0.0249)  time: 0.0184  data: 0.0065  max mem: 16496
Passive Test:  [   860/?]  eta: ?  loss: 0.0130 (0.0248)  time: 0.0172  data: 0.0053  max mem: 16496
Passive Test:  [   870/?]  eta: ?  loss: 0.0130 (0.0247)  time: 0.0181  data: 0.0062  max mem: 16496
Passive Test:  [   880/?]  eta: ?  loss: 0.0125 (0.0246)  time: 0.0182  data: 0.0062  max mem: 16496
Passive Test:  [   890/?]  eta: ?  loss: 0.0125 (0.0244)  time: 0.0188  data: 0.0068  max mem: 16496
Passive Test:  [   900/?]  eta: ?  loss: 0.0127 (0.0243)  time: 0.0185  data: 0.0065  max mem: 16496
Passive Test:  [   910/?]  eta: ?  loss: 0.0099 (0.0242)  time: 0.0182  data: 0.0062  max mem: 16496
Passive Test:  [   920/?]  eta: ?  loss: 0.0095 (0.0240)  time: 0.0186  data: 0.0066  max mem: 16496
Passive Test:  [   930/?]  eta: ?  loss: 0.0097 (0.0239)  time: 0.0189  data: 0.0070  max mem: 16496
Passive Test:  [   940/?]  eta: ?  loss: 0.0105 (0.0238)  time: 0.0187  data: 0.0068  max mem: 16496
Passive Test:  [   950/?]  eta: ?  loss: 0.0126 (0.0238)  time: 0.0194  data: 0.0074  max mem: 16496
Passive Test:  [   960/?]  eta: ?  loss: 0.0255 (0.0239)  time: 0.0184  data: 0.0064  max mem: 16496
Passive Test:  [   970/?]  eta: ?  loss: 0.0214 (0.0239)  time: 0.0174  data: 0.0054  max mem: 16496
Passive Test:  [   980/?]  eta: ?  loss: 0.0184 (0.0238)  time: 0.0181  data: 0.0062  max mem: 16496
Passive Test:  [   990/?]  eta: ?  loss: 0.0166 (0.0238)  time: 0.0175  data: 0.0056  max mem: 16496
Passive Test:  [  1000/?]  eta: ?  loss: 0.0243 (0.0239)  time: 0.0175  data: 0.0055  max mem: 16496
Passive Test:  [  1010/?]  eta: ?  loss: 0.0224 (0.0240)  time: 0.0187  data: 0.0067  max mem: 16496
Passive Test:  [  1020/?]  eta: ?  loss: 0.0197 (0.0241)  time: 0.0181  data: 0.0061  max mem: 16496
Passive Test:  [  1030/?]  eta: ?  loss: 0.0197 (0.0242)  time: 0.0179  data: 0.0059  max mem: 16496
Passive Test:  [  1040/?]  eta: ?  loss: 0.0174 (0.0243)  time: 0.0187  data: 0.0068  max mem: 16496
Passive Test:  [  1050/?]  eta: ?  loss: 0.0146 (0.0243)  time: 0.0188  data: 0.0068  max mem: 16496
Passive Test:  [  1060/?]  eta: ?  loss: 0.0093 (0.0243)  time: 0.0187  data: 0.0067  max mem: 16496
Passive Test:  [  1070/?]  eta: ?  loss: 0.0138 (0.0243)  time: 0.0184  data: 0.0065  max mem: 16496
Passive Test:  [  1080/?]  eta: ?  loss: 0.0145 (0.0243)  time: 0.0185  data: 0.0065  max mem: 16496
Passive Test:  [  1090/?]  eta: ?  loss: 0.0145 (0.0243)  time: 0.0183  data: 0.0063  max mem: 16496
Passive Test:  [  1100/?]  eta: ?  loss: 0.0111 (0.0245)  time: 0.0179  data: 0.0060  max mem: 16496
Passive Test:  [  1110/?]  eta: ?  loss: 0.0139 (0.0246)  time: 0.0180  data: 0.0061  max mem: 16496
Passive Test:  [  1120/?]  eta: ?  loss: 0.0642 (0.0249)  time: 0.0185  data: 0.0066  max mem: 16496
Passive Test:  [  1130/?]  eta: ?  loss: 0.0642 (0.0251)  time: 0.0188  data: 0.0069  max mem: 16496
Passive Test:  [  1140/?]  eta: ?  loss: 0.0539 (0.0254)  time: 0.0179  data: 0.0060  max mem: 16496
Passive Test:  [  1150/?]  eta: ?  loss: 0.0481 (0.0255)  time: 0.0178  data: 0.0060  max mem: 16496
Passive Test:  [  1160/?]  eta: ?  loss: 0.0165 (0.0258)  time: 0.0182  data: 0.0063  max mem: 16496
Passive Test:  [  1170/?]  eta: ?  loss: 0.0298 (0.0260)  time: 0.0177  data: 0.0058  max mem: 16496
Passive Test:  [  1180/?]  eta: ?  loss: 0.0298 (0.0261)  time: 0.0176  data: 0.0057  max mem: 16496
Passive Test:  [  1190/?]  eta: ?  loss: 0.0268 (0.0263)  time: 0.0176  data: 0.0057  max mem: 16496
Passive Test:  [  1200/?]  eta: ?  loss: 0.0281 (0.0265)  time: 0.0181  data: 0.0062  max mem: 16496
Passive Test:  [  1210/?]  eta: ?  loss: 0.0287 (0.0265)  time: 0.0188  data: 0.0069  max mem: 16496
Passive Test:  [  1220/?]  eta: ?  loss: 0.0243 (0.0264)  time: 0.0191  data: 0.0071  max mem: 16496
Passive Test:  [  1230/?]  eta: ?  loss: 0.0230 (0.0264)  time: 0.0190  data: 0.0070  max mem: 16496
Passive Test:  [  1240/?]  eta: ?  loss: 0.0232 (0.0264)  time: 0.0186  data: 0.0067  max mem: 16496
Passive Test:  [  1250/?]  eta: ?  loss: 0.0245 (0.0264)  time: 0.0186  data: 0.0065  max mem: 16496
Passive Test:  [  1260/?]  eta: ?  loss: 0.0234 (0.0264)  time: 0.0183  data: 0.0063  max mem: 16496
Passive Test:  [  1270/?]  eta: ?  loss: 0.0206 (0.0264)  time: 0.0180  data: 0.0061  max mem: 16496
Passive Test:  [  1280/?]  eta: ?  loss: 0.0208 (0.0264)  time: 0.0180  data: 0.0061  max mem: 16496
Passive Test:  [  1290/?]  eta: ?  loss: 0.0202 (0.0263)  time: 0.0183  data: 0.0063  max mem: 16496
Passive Test:  [  1300/?]  eta: ?  loss: 0.0187 (0.0263)  time: 0.0185  data: 0.0065  max mem: 16496
Passive Test:  [  1310/?]  eta: ?  loss: 0.0211 (0.0263)  time: 0.0181  data: 0.0061  max mem: 16496
Passive Test:  [  1320/?]  eta: ?  loss: 0.0211 (0.0263)  time: 0.0184  data: 0.0065  max mem: 16496
Passive Test:  [  1330/?]  eta: ?  loss: 0.0198 (0.0263)  time: 0.0188  data: 0.0068  max mem: 16496
Passive Test:  [  1340/?]  eta: ?  loss: 0.0228 (0.0263)  time: 0.0183  data: 0.0063  max mem: 16496
Passive Test:  [  1350/?]  eta: ?  loss: 0.0177 (0.0262)  time: 0.0179  data: 0.0060  max mem: 16496
Passive Test:  [  1360/?]  eta: ?  loss: 0.0154 (0.0261)  time: 0.0184  data: 0.0063  max mem: 16496
Passive Test:  [  1370/?]  eta: ?  loss: 0.0134 (0.0261)  time: 0.0180  data: 0.0059  max mem: 16496
Passive Test:  [  1380/?]  eta: ?  loss: 0.0134 (0.0260)  time: 0.0178  data: 0.0058  max mem: 16496
Passive Test:  [  1390/?]  eta: ?  loss: 0.0127 (0.0259)  time: 0.0181  data: 0.0061  max mem: 16496
Passive Test:  [  1400/?]  eta: ?  loss: 0.0124 (0.0259)  time: 0.0182  data: 0.0061  max mem: 16496
Passive Test:  [  1410/?]  eta: ?  loss: 0.0122 (0.0258)  time: 0.0183  data: 0.0063  max mem: 16496
Passive Test:  [  1420/?]  eta: ?  loss: 0.0132 (0.0258)  time: 0.0181  data: 0.0061  max mem: 16496
Passive Test:  [  1430/?]  eta: ?  loss: 0.0173 (0.0257)  time: 0.0181  data: 0.0061  max mem: 16496
Passive Test:  [  1440/?]  eta: ?  loss: 0.0144 (0.0256)  time: 0.0182  data: 0.0062  max mem: 16496
Passive Test:  [  1450/?]  eta: ?  loss: 0.0112 (0.0255)  time: 0.0179  data: 0.0058  max mem: 16496
Passive Test:  [  1460/?]  eta: ?  loss: 0.0091 (0.0254)  time: 0.0175  data: 0.0052  max mem: 16496
Passive Test:  [  1470/?]  eta: ?  loss: 0.0097 (0.0254)  time: 0.0184  data: 0.0061  max mem: 16496
Passive Test:  [  1480/?]  eta: ?  loss: 0.0237 (0.0254)  time: 0.0183  data: 0.0062  max mem: 16496
Passive Test:  [  1490/?]  eta: ?  loss: 0.0241 (0.0254)  time: 0.0176  data: 0.0055  max mem: 16496
Passive Test:  [  1500/?]  eta: ?  loss: 0.0153 (0.0254)  time: 0.0178  data: 0.0059  max mem: 16496
Passive Test:  [  1510/?]  eta: ?  loss: 0.0068 (0.0255)  time: 0.0179  data: 0.0059  max mem: 16496
Passive Test:  [  1520/?]  eta: ?  loss: 0.0115 (0.0255)  time: 0.0189  data: 0.0067  max mem: 16496
Passive Test:  [  1530/?]  eta: ?  loss: 0.0116 (0.0255)  time: 0.0188  data: 0.0066  max mem: 16496
Passive Test:  [  1540/?]  eta: ?  loss: 0.0179 (0.0256)  time: 0.0180  data: 0.0061  max mem: 16496
Passive Test:  [  1550/?]  eta: ?  loss: 0.0193 (0.0256)  time: 0.0184  data: 0.0064  max mem: 16496
Passive Test:  [  1560/?]  eta: ?  loss: 0.0122 (0.0257)  time: 0.0190  data: 0.0070  max mem: 16496
Passive Test:  [  1570/?]  eta: ?  loss: 0.0122 (0.0258)  time: 0.0187  data: 0.0066  max mem: 16496
Passive Test:  [  1580/?]  eta: ?  loss: 0.0144 (0.0259)  time: 0.0184  data: 0.0064  max mem: 16496
Passive Test:  [  1590/?]  eta: ?  loss: 0.0145 (0.0260)  time: 0.0188  data: 0.0068  max mem: 16496
Passive Test:  [  1600/?]  eta: ?  loss: 0.0187 (0.0259)  time: 0.0183  data: 0.0063  max mem: 16496
Passive Test:  [  1610/?]  eta: ?  loss: 0.0187 (0.0259)  time: 0.0183  data: 0.0063  max mem: 16496
Passive Test:  [  1620/?]  eta: ?  loss: 0.0099 (0.0258)  time: 0.0184  data: 0.0064  max mem: 16496
Passive Test:  [  1630/?]  eta: ?  loss: 0.0099 (0.0257)  time: 0.0179  data: 0.0059  max mem: 16496
Passive Test:  [  1640/?]  eta: ?  loss: 0.0122 (0.0256)  time: 0.0176  data: 0.0056  max mem: 16496
Passive Test:  [  1650/?]  eta: ?  loss: 0.0145 (0.0256)  time: 0.0179  data: 0.0058  max mem: 16496
Passive Test:  [  1660/?]  eta: ?  loss: 0.0125 (0.0255)  time: 0.0183  data: 0.0062  max mem: 16496
Passive Test:  [  1670/?]  eta: ?  loss: 0.0125 (0.0254)  time: 0.0181  data: 0.0059  max mem: 16496
Passive Test:  [  1680/?]  eta: ?  loss: 0.0121 (0.0254)  time: 0.0190  data: 0.0069  max mem: 16496
Passive Test:  [  1690/?]  eta: ?  loss: 0.0090 (0.0253)  time: 0.0186  data: 0.0066  max mem: 16496
Passive Test:  [  1700/?]  eta: ?  loss: 0.0086 (0.0252)  time: 0.0199  data: 0.0079  max mem: 16496
Passive Test:  [  1710/?]  eta: ?  loss: 0.0143 (0.0252)  time: 0.0201  data: 0.0081  max mem: 16496
Passive Test:  [  1720/?]  eta: ?  loss: 0.0143 (0.0252)  time: 0.0201  data: 0.0079  max mem: 16496
Passive Test:  [  1730/?]  eta: ?  loss: 0.0165 (0.0252)  time: 0.0196  data: 0.0075  max mem: 16496
Passive Test:  [  1740/?]  eta: ?  loss: 0.0192 (0.0251)  time: 0.0195  data: 0.0075  max mem: 16496
Passive Test:  [  1750/?]  eta: ?  loss: 0.0183 (0.0251)  time: 0.0199  data: 0.0078  max mem: 16496
Passive Test:  [  1760/?]  eta: ?  loss: 0.0164 (0.0251)  time: 0.0194  data: 0.0074  max mem: 16496
Passive Test:  [  1770/?]  eta: ?  loss: 0.0150 (0.0250)  time: 0.0195  data: 0.0075  max mem: 16496
Passive Test:  [  1780/?]  eta: ?  loss: 0.0265 (0.0252)  time: 0.0195  data: 0.0075  max mem: 16496
Passive Test:  [  1790/?]  eta: ?  loss: 0.0283 (0.0253)  time: 0.0190  data: 0.0070  max mem: 16496
Passive Test:  [  1800/?]  eta: ?  loss: 0.0193 (0.0254)  time: 0.0188  data: 0.0068  max mem: 16496
Passive Test:  [  1810/?]  eta: ?  loss: 0.0345 (0.0255)  time: 0.0189  data: 0.0069  max mem: 16496
Passive Test:  [  1820/?]  eta: ?  loss: 0.0379 (0.0257)  time: 0.0191  data: 0.0071  max mem: 16496
Passive Test:  [  1830/?]  eta: ?  loss: 0.0278 (0.0259)  time: 0.0187  data: 0.0066  max mem: 16496
Passive Test:  [  1840/?]  eta: ?  loss: 0.0221 (0.0259)  time: 0.0186  data: 0.0065  max mem: 16496
Passive Test:  [  1850/?]  eta: ?  loss: 0.0208 (0.0259)  time: 0.0194  data: 0.0072  max mem: 16496
Passive Test:  [  1860/?]  eta: ?  loss: 0.0200 (0.0259)  time: 0.0199  data: 0.0078  max mem: 16496
Passive Test:  [  1870/?]  eta: ?  loss: 0.0200 (0.0259)  time: 0.0199  data: 0.0077  max mem: 16496
Passive Test:  [  1880/?]  eta: ?  loss: 0.0212 (0.0259)  time: 0.0195  data: 0.0073  max mem: 16496
Passive Test:  [  1890/?]  eta: ?  loss: 0.0165 (0.0259)  time: 0.0194  data: 0.0073  max mem: 16496
Passive Test:  [  1900/?]  eta: ?  loss: 0.0198 (0.0259)  time: 0.0190  data: 0.0069  max mem: 16496
Passive Test:  [  1910/?]  eta: ?  loss: 0.0276 (0.0260)  time: 0.0185  data: 0.0064  max mem: 16496
Passive Test:  [  1920/?]  eta: ?  loss: 0.0126 (0.0260)  time: 0.0186  data: 0.0065  max mem: 16496
Passive Test:  [  1930/?]  eta: ?  loss: 0.0111 (0.0259)  time: 0.0192  data: 0.0072  max mem: 16496
Passive Test:  [  1940/?]  eta: ?  loss: 0.0131 (0.0258)  time: 0.0196  data: 0.0075  max mem: 16496
Passive Test:  [  1950/?]  eta: ?  loss: 0.0110 (0.0258)  time: 0.0196  data: 0.0076  max mem: 16496
Passive Test:  [  1960/?]  eta: ?  loss: 0.0119 (0.0257)  time: 0.0195  data: 0.0075  max mem: 16496
Passive Test:  [  1970/?]  eta: ?  loss: 0.0098 (0.0257)  time: 0.0190  data: 0.0070  max mem: 16496
Passive Test:  [  1980/?]  eta: ?  loss: 0.0096 (0.0257)  time: 0.0183  data: 0.0063  max mem: 16496
Passive Test:  [  1990/?]  eta: ?  loss: 0.0160 (0.0256)  time: 0.0178  data: 0.0059  max mem: 16496
Passive Test:  [  2000/?]  eta: ?  loss: 0.0240 (0.0257)  time: 0.0184  data: 0.0064  max mem: 16496
Passive Test:  [  2010/?]  eta: ?  loss: 0.0327 (0.0257)  time: 0.0186  data: 0.0066  max mem: 16496
Passive Test:  [  2020/?]  eta: ?  loss: 0.0305 (0.0257)  time: 0.0186  data: 0.0066  max mem: 16496
Passive Test:  [  2030/?]  eta: ?  loss: 0.0324 (0.0259)  time: 0.0192  data: 0.0071  max mem: 16496
Passive Test:  [  2040/?]  eta: ?  loss: 0.0278 (0.0259)  time: 0.0185  data: 0.0065  max mem: 16496
Passive Test:  [  2050/?]  eta: ?  loss: 0.0213 (0.0259)  time: 0.0190  data: 0.0070  max mem: 16496
Passive Test:  [  2060/?]  eta: ?  loss: 0.0147 (0.0259)  time: 0.0191  data: 0.0071  max mem: 16496
Passive Test:  [  2070/?]  eta: ?  loss: 0.0125 (0.0259)  time: 0.0188  data: 0.0067  max mem: 16496
Passive Test:  [  2080/?]  eta: ?  loss: 0.0125 (0.0259)  time: 0.0190  data: 0.0070  max mem: 16496
Passive Test:  [  2090/?]  eta: ?  loss: 0.0207 (0.0259)  time: 0.0189  data: 0.0069  max mem: 16496
Passive Test:  [  2100/?]  eta: ?  loss: 0.0306 (0.0259)  time: 0.0193  data: 0.0072  max mem: 16496
Passive Test:  [  2110/?]  eta: ?  loss: 0.0497 (0.0263)  time: 0.0196  data: 0.0075  max mem: 16496
Passive Test:  [  2120/?]  eta: ?  loss: 0.0550 (0.0265)  time: 0.0192  data: 0.0072  max mem: 16496
Passive Test:  [  2130/?]  eta: ?  loss: 0.0503 (0.0268)  time: 0.0189  data: 0.0069  max mem: 16496
Passive Test:  [  2140/?]  eta: ?  loss: 0.0263 (0.0269)  time: 0.0191  data: 0.0070  max mem: 16496
Passive Test:  [  2150/?]  eta: ?  loss: 0.0265 (0.0272)  time: 0.0188  data: 0.0068  max mem: 16496
Passive Test:  [  2160/?]  eta: ?  loss: 0.0333 (0.0273)  time: 0.0186  data: 0.0067  max mem: 16496
Passive Test:  [  2170/?]  eta: ?  loss: 0.0296 (0.0273)  time: 0.0187  data: 0.0067  max mem: 16496
Passive Test:  [  2180/?]  eta: ?  loss: 0.0180 (0.0272)  time: 0.0185  data: 0.0065  max mem: 16496
Passive Test:  [  2190/?]  eta: ?  loss: 0.0189 (0.0273)  time: 0.0187  data: 0.0067  max mem: 16496
Passive Test:  [  2200/?]  eta: ?  loss: 0.0249 (0.0273)  time: 0.0185  data: 0.0064  max mem: 16496
Passive Test:  [  2210/?]  eta: ?  loss: 0.0249 (0.0274)  time: 0.0183  data: 0.0062  max mem: 16496
Passive Test:  [  2220/?]  eta: ?  loss: 0.0191 (0.0274)  time: 0.0185  data: 0.0064  max mem: 16496
Passive Test:  [  2230/?]  eta: ?  loss: 0.0149 (0.0273)  time: 0.0188  data: 0.0067  max mem: 16496
Passive Test:  [  2240/?]  eta: ?  loss: 0.0117 (0.0273)  time: 0.0191  data: 0.0071  max mem: 16496
Passive Test:  [  2250/?]  eta: ?  loss: 0.0119 (0.0272)  time: 0.0191  data: 0.0071  max mem: 16496
Passive Test:  [  2260/?]  eta: ?  loss: 0.0166 (0.0272)  time: 0.0192  data: 0.0072  max mem: 16496
Passive Test:  [  2270/?]  eta: ?  loss: 0.0181 (0.0272)  time: 0.0192  data: 0.0071  max mem: 16496
Passive Test:  [  2280/?]  eta: ?  loss: 0.0229 (0.0272)  time: 0.0198  data: 0.0077  max mem: 16496
Passive Test:  [  2290/?]  eta: ?  loss: 0.0258 (0.0273)  time: 0.0196  data: 0.0076  max mem: 16496
Passive Test:  [  2300/?]  eta: ?  loss: 0.0325 (0.0273)  time: 0.0188  data: 0.0067  max mem: 16496
Passive Test:  [  2310/?]  eta: ?  loss: 0.0392 (0.0274)  time: 0.0186  data: 0.0065  max mem: 16496
Passive Test:  [  2320/?]  eta: ?  loss: 0.0144 (0.0275)  time: 0.0187  data: 0.0066  max mem: 16496
Passive Test:  [  2330/?]  eta: ?  loss: 0.0132 (0.0275)  time: 0.0189  data: 0.0069  max mem: 16496
Passive Test:  [  2340/?]  eta: ?  loss: 0.0064 (0.0274)  time: 0.0191  data: 0.0070  max mem: 16496
Passive Test:  [  2350/?]  eta: ?  loss: 0.0057 (0.0273)  time: 0.0194  data: 0.0072  max mem: 16496
Passive Test:  [  2360/?]  eta: ?  loss: 0.0089 (0.0273)  time: 0.0192  data: 0.0070  max mem: 16496
Passive Test:  [  2370/?]  eta: ?  loss: 0.0175 (0.0273)  time: 0.0188  data: 0.0067  max mem: 16496
Passive Test:  [  2380/?]  eta: ?  loss: 0.0173 (0.0272)  time: 0.0190  data: 0.0068  max mem: 16496
Passive Test:  [  2390/?]  eta: ?  loss: 0.0126 (0.0272)  time: 0.0192  data: 0.0071  max mem: 16496
Passive Test:  [  2400/?]  eta: ?  loss: 0.0117 (0.0272)  time: 0.0190  data: 0.0070  max mem: 16496
Passive Test:  [  2410/?]  eta: ?  loss: 0.0117 (0.0271)  time: 0.0186  data: 0.0066  max mem: 16496
Passive Test:  [  2420/?]  eta: ?  loss: 0.0287 (0.0272)  time: 0.0188  data: 0.0068  max mem: 16496
Passive Test:  [  2430/?]  eta: ?  loss: 0.0287 (0.0272)  time: 0.0192  data: 0.0072  max mem: 16496
Passive Test:  [  2440/?]  eta: ?  loss: 0.0401 (0.0272)  time: 0.0190  data: 0.0070  max mem: 16496
Passive Test:  [  2450/?]  eta: ?  loss: 0.0401 (0.0273)  time: 0.0190  data: 0.0069  max mem: 16496
Passive Test:  [  2460/?]  eta: ?  loss: 0.0315 (0.0274)  time: 0.0193  data: 0.0073  max mem: 16496
Passive Test:  [  2470/?]  eta: ?  loss: 0.0257 (0.0274)  time: 0.0189  data: 0.0068  max mem: 16496
Passive Test:  [  2480/?]  eta: ?  loss: 0.0273 (0.0274)  time: 0.0183  data: 0.0062  max mem: 16496
Passive Test:  [  2490/?]  eta: ?  loss: 0.0239 (0.0274)  time: 0.0181  data: 0.0060  max mem: 16496
Passive Test:  [  2500/?]  eta: ?  loss: 0.0181 (0.0274)  time: 0.0179  data: 0.0059  max mem: 16496
Passive Test:  [  2510/?]  eta: ?  loss: 0.0156 (0.0274)  time: 0.0179  data: 0.0059  max mem: 16496
Passive Test:  [  2520/?]  eta: ?  loss: 0.0123 (0.0274)  time: 0.0183  data: 0.0062  max mem: 16496
Passive Test:  [  2530/?]  eta: ?  loss: 0.0128 (0.0274)  time: 0.0185  data: 0.0065  max mem: 16496
Passive Test:  [  2540/?]  eta: ?  loss: 0.0133 (0.0274)  time: 0.0193  data: 0.0072  max mem: 16496
Passive Test:  [  2550/?]  eta: ?  loss: 0.0151 (0.0274)  time: 0.0190  data: 0.0069  max mem: 16496
Passive Test:  [  2560/?]  eta: ?  loss: 0.0144 (0.0274)  time: 0.0180  data: 0.0060  max mem: 16496
Passive Test:  [  2570/?]  eta: ?  loss: 0.0163 (0.0274)  time: 0.0182  data: 0.0062  max mem: 16496
Passive Test:  [  2580/?]  eta: ?  loss: 0.0159 (0.0274)  time: 0.0184  data: 0.0064  max mem: 16496
Passive Test:  [  2590/?]  eta: ?  loss: 0.0186 (0.0275)  time: 0.0188  data: 0.0067  max mem: 16496
Passive Test:  [  2600/?]  eta: ?  loss: 0.0192 (0.0275)  time: 0.0191  data: 0.0071  max mem: 16496
Passive Test:  [  2610/?]  eta: ?  loss: 0.0084 (0.0274)  time: 0.0187  data: 0.0066  max mem: 16496
Passive Test:  [  2620/?]  eta: ?  loss: 0.0107 (0.0273)  time: 0.0185  data: 0.0065  max mem: 16496
Passive Test:  [  2630/?]  eta: ?  loss: 0.0106 (0.0273)  time: 0.0190  data: 0.0069  max mem: 16496
Passive Test:  [  2640/?]  eta: ?  loss: 0.0082 (0.0273)  time: 0.0188  data: 0.0067  max mem: 16496
Passive Test:  [  2650/?]  eta: ?  loss: 0.0206 (0.0273)  time: 0.0186  data: 0.0065  max mem: 16496
Passive Test:  [  2660/?]  eta: ?  loss: 0.0213 (0.0273)  time: 0.0185  data: 0.0064  max mem: 16496
Passive Test:  [  2670/?]  eta: ?  loss: 0.0213 (0.0273)  time: 0.0188  data: 0.0066  max mem: 16496
Passive Test:  [  2680/?]  eta: ?  loss: 0.0323 (0.0274)  time: 0.0194  data: 0.0072  max mem: 16496
Passive Test:  [  2690/?]  eta: ?  loss: 0.0604 (0.0275)  time: 0.0190  data: 0.0069  max mem: 16496
Passive Test:  [  2700/?]  eta: ?  loss: 0.0683 (0.0276)  time: 0.0190  data: 0.0070  max mem: 16496
Passive Test:  [  2710/?]  eta: ?  loss: 0.0596 (0.0277)  time: 0.0195  data: 0.0075  max mem: 16496
Passive Test:  [  2720/?]  eta: ?  loss: 0.0412 (0.0277)  time: 0.0189  data: 0.0069  max mem: 16496
Passive Test:  [  2730/?]  eta: ?  loss: 0.0316 (0.0278)  time: 0.0188  data: 0.0067  max mem: 16496
Passive Test:  [  2740/?]  eta: ?  loss: 0.0227 (0.0278)  time: 0.0190  data: 0.0069  max mem: 16496
Passive Test:  [  2750/?]  eta: ?  loss: 0.0239 (0.0278)  time: 0.0185  data: 0.0063  max mem: 16496
Passive Test:  [  2760/?]  eta: ?  loss: 0.0214 (0.0278)  time: 0.0180  data: 0.0059  max mem: 16496
Passive Test:  [  2770/?]  eta: ?  loss: 0.0201 (0.0278)  time: 0.0179  data: 0.0060  max mem: 16496
Passive Test:  [  2780/?]  eta: ?  loss: 0.0219 (0.0278)  time: 0.0185  data: 0.0064  max mem: 16496
Passive Test:  [  2790/?]  eta: ?  loss: 0.0193 (0.0278)  time: 0.0189  data: 0.0068  max mem: 16496
Passive Test:  [  2800/?]  eta: ?  loss: 0.0254 (0.0278)  time: 0.0191  data: 0.0070  max mem: 16496
Passive Test:  [  2810/?]  eta: ?  loss: 0.0260 (0.0278)  time: 0.0192  data: 0.0072  max mem: 16496
Passive Test:  [  2820/?]  eta: ?  loss: 0.0272 (0.0280)  time: 0.0196  data: 0.0076  max mem: 16496
Passive Test:  [  2830/?]  eta: ?  loss: 0.0357 (0.0282)  time: 0.0196  data: 0.0075  max mem: 16496
Passive Test:  [  2840/?]  eta: ?  loss: 0.0160 (0.0283)  time: 0.0189  data: 0.0068  max mem: 16496
Passive Test:  [  2850/?]  eta: ?  loss: 0.0116 (0.0284)  time: 0.0189  data: 0.0068  max mem: 16496
Passive Test:  [  2860/?]  eta: ?  loss: 0.0111 (0.0285)  time: 0.0188  data: 0.0067  max mem: 16496
Passive Test:  [  2870/?]  eta: ?  loss: 0.0107 (0.0286)  time: 0.0179  data: 0.0058  max mem: 16496
Passive Test:  [  2880/?]  eta: ?  loss: 0.0099 (0.0285)  time: 0.0175  data: 0.0054  max mem: 16496
Passive Test:  [  2890/?]  eta: ?  loss: 0.0067 (0.0285)  time: 0.0177  data: 0.0058  max mem: 16496
Passive Test:  [  2900/?]  eta: ?  loss: 0.0078 (0.0284)  time: 0.0182  data: 0.0062  max mem: 16496
Passive Test:  [  2910/?]  eta: ?  loss: 0.0131 (0.0284)  time: 0.0183  data: 0.0063  max mem: 16496
Passive Test:  [  2920/?]  eta: ?  loss: 0.0090 (0.0283)  time: 0.0180  data: 0.0060  max mem: 16496
Passive Test:  [  2930/?]  eta: ?  loss: 0.0097 (0.0283)  time: 0.0190  data: 0.0069  max mem: 16496
Passive Test:  [  2940/?]  eta: ?  loss: 0.0232 (0.0283)  time: 0.0191  data: 0.0070  max mem: 16496
Passive Test:  [  2950/?]  eta: ?  loss: 0.0174 (0.0283)  time: 0.0185  data: 0.0063  max mem: 16496
Passive Test:  [  2960/?]  eta: ?  loss: 0.0174 (0.0283)  time: 0.0199  data: 0.0077  max mem: 16496
Passive Test:  [  2970/?]  eta: ?  loss: 0.0159 (0.0282)  time: 0.0199  data: 0.0079  max mem: 16496
Passive Test:  [  2980/?]  eta: ?  loss: 0.0159 (0.0282)  time: 0.0189  data: 0.0069  max mem: 16496
Passive Test:  [  2990/?]  eta: ?  loss: 0.0161 (0.0282)  time: 0.0190  data: 0.0069  max mem: 16496
Passive Test:  [  3000/?]  eta: ?  loss: 0.0083 (0.0281)  time: 0.0189  data: 0.0067  max mem: 16496
Passive Test:  [  3010/?]  eta: ?  loss: 0.0070 (0.0281)  time: 0.0190  data: 0.0069  max mem: 16496
Passive Test:  [  3020/?]  eta: ?  loss: 0.0088 (0.0280)  time: 0.0186  data: 0.0066  max mem: 16496
Passive Test:  [  3030/?]  eta: ?  loss: 0.0094 (0.0279)  time: 0.0183  data: 0.0063  max mem: 16496
Passive Test:  [  3040/?]  eta: ?  loss: 0.0077 (0.0279)  time: 0.0182  data: 0.0063  max mem: 16496
Passive Test:  [  3050/?]  eta: ?  loss: 0.0130 (0.0279)  time: 0.0185  data: 0.0065  max mem: 16496
Passive Test:  [  3060/?]  eta: ?  loss: 0.0170 (0.0278)  time: 0.0196  data: 0.0076  max mem: 16496
Passive Test:  [  3070/?]  eta: ?  loss: 0.0156 (0.0278)  time: 0.0195  data: 0.0075  max mem: 16496
Passive Test:  [  3080/?]  eta: ?  loss: 0.0145 (0.0278)  time: 0.0192  data: 0.0072  max mem: 16496
Passive Test:  [  3090/?]  eta: ?  loss: 0.0143 (0.0277)  time: 0.0192  data: 0.0071  max mem: 16496
Passive Test:  [  3100/?]  eta: ?  loss: 0.0108 (0.0277)  time: 0.0193  data: 0.0073  max mem: 16496
Passive Test:  [  3110/?]  eta: ?  loss: 0.0098 (0.0276)  time: 0.0210  data: 0.0090  max mem: 16496
Passive Test:  [  3120/?]  eta: ?  loss: 0.0103 (0.0276)  time: 0.0224  data: 0.0103  max mem: 16496
Passive Test:  [  3130/?]  eta: ?  loss: 0.0105 (0.0275)  time: 0.0227  data: 0.0104  max mem: 16496
Passive Test:  [  3140/?]  eta: ?  loss: 0.0147 (0.0275)  time: 0.0246  data: 0.0117  max mem: 16496
Passive Test:  [  3150/?]  eta: ?  loss: 0.0219 (0.0275)  time: 0.0244  data: 0.0109  max mem: 16496
Passive Test:  [  3160/?]  eta: ?  loss: 0.0278 (0.0276)  time: 0.0230  data: 0.0101  max mem: 16496
Passive Test:  [  3170/?]  eta: ?  loss: 0.0163 (0.0275)  time: 0.0238  data: 0.0108  max mem: 16496
Passive Test:  [  3180/?]  eta: ?  loss: 0.0141 (0.0275)  time: 0.0259  data: 0.0130  max mem: 16496
Passive Test: Total time: 0:01:01 (0.0192 s / it)
* loss 0.027
  ACTIVE Test MAE (years): 2.0317 (n=35,284)
  PASSIVE Test MAE (years): 2.0982 (n=204,188)
  → Epoch  35/50 | Train Loss: 0.0012 | Val Loss: 0.0273 | Train score (1/(1+norm_MAE)): 0.9814 | Val MAE (years): 2.0878 | LR: 0.000001
Best val MAE (years): 1.9149, test MAE at best val: 1.8538
  Test segment MAE: 2.0567 | participant median MAE: 1.8015 | participant mean MAE: 1.7859
Epoch: [35]  [     0/?]  eta: ?  lr: 0.000133  min_lr: 0.000000  loss: 0.0011 (0.0011)  class_acc: 0.9810 (0.9810)  loss_scale: 18014398509481984.0000 (18014398509481984.0000)  weight_decay: 0.0500 (0.0500)  grad_norm: 0.6631 (0.6631)  time: 5.7275  data: 5.2881  max mem: 16496
Epoch: [35]  [   500/?]  eta: ?  lr: 0.000132  min_lr: 0.000000  loss: 0.0009 (0.0011)  class_acc: 0.9821 (0.9818)  loss_scale: 18014398509481984.0000 (18014398509481984.0000)  weight_decay: 0.0500 (0.0500)  grad_norm: 0.5730 (0.9992)  time: 0.4292  data: 0.0006  max mem: 16496
Epoch: [35]  [  1000/?]  eta: ?  lr: 0.000132  min_lr: 0.000000  loss: 0.0009 (0.0011)  class_acc: 0.9821 (0.9818)  loss_scale: 18014398509481984.0000 (18014398509481984.0000)  weight_decay: 0.0500 (0.0500)  grad_norm: 0.6655 (1.0440)  time: 0.4313  data: 0.0002  max mem: 16496
Epoch: [35]  [  1500/?]  eta: ?  lr: 0.000132  min_lr: 0.000000  loss: 0.0009 (0.0011)  class_acc: 0.9816 (0.9818)  loss_scale: 18014398509481984.0000 (18014398509481984.0000)  weight_decay: 0.0500 (0.0500)  grad_norm: 0.5279 (1.0854)  time: 0.4332  data: 0.0003  max mem: 16496
Epoch: [35]  [  2000/?]  eta: ?  lr: 0.000132  min_lr: 0.000000  loss: 0.0011 (0.0011)  class_acc: 0.9817 (0.9818)  loss_scale: 36028797018963968.0000 (18212457863409324.0000)  weight_decay: 0.0500 (0.0500)  grad_norm: 0.6818 (1.1125)  time: 0.4333  data: 0.0002  max mem: 16496
Epoch: [35] Total time: 0:15:50 (0.4378 s / it)
Val:  [     0/?]  eta: ?  loss: 0.0416 (0.0416)  time: 2.2637  data: 2.0983  max mem: 16496
Val:  [    10/?]  eta: ?  loss: 0.0237 (0.0314)  time: 0.3578  data: 0.1911  max mem: 16496
Val:  [    20/?]  eta: ?  loss: 0.0196 (0.0253)  time: 0.1672  data: 0.0003  max mem: 16496
Val:  [    30/?]  eta: ?  loss: 0.0174 (0.0236)  time: 0.1673  data: 0.0003  max mem: 16496
Val:  [    40/?]  eta: ?  loss: 0.0206 (0.0245)  time: 0.1673  data: 0.0003  max mem: 16496
Val:  [    50/?]  eta: ?  loss: 0.0241 (0.0252)  time: 0.1673  data: 0.0003  max mem: 16496
Val:  [    60/?]  eta: ?  loss: 0.0233 (0.0291)  time: 0.1673  data: 0.0003  max mem: 16496
Val:  [    70/?]  eta: ?  loss: 0.0175 (0.0282)  time: 0.1673  data: 0.0004  max mem: 16496
Val:  [    80/?]  eta: ?  loss: 0.0205 (0.0282)  time: 0.1673  data: 0.0003  max mem: 16496
Val:  [    90/?]  eta: ?  loss: 0.0221 (0.0276)  time: 0.1673  data: 0.0003  max mem: 16496
Val:  [   100/?]  eta: ?  loss: 0.0232 (0.0274)  time: 0.1674  data: 0.0003  max mem: 16496
Val:  [   110/?]  eta: ?  loss: 0.0223 (0.0273)  time: 0.1674  data: 0.0003  max mem: 16496
Val:  [   120/?]  eta: ?  loss: 0.0215 (0.0282)  time: 0.1675  data: 0.0004  max mem: 16496
Val:  [   130/?]  eta: ?  loss: 0.0236 (0.0281)  time: 0.1676  data: 0.0004  max mem: 16496
Val:  [   140/?]  eta: ?  loss: 0.0236 (0.0282)  time: 0.1676  data: 0.0004  max mem: 16496
Val:  [   150/?]  eta: ?  loss: 0.0210 (0.0284)  time: 0.1675  data: 0.0004  max mem: 16496
Val:  [   160/?]  eta: ?  loss: 0.0207 (0.0284)  time: 0.1675  data: 0.0004  max mem: 16496
Val:  [   170/?]  eta: ?  loss: 0.0244 (0.0285)  time: 0.1676  data: 0.0004  max mem: 16496
Val:  [   180/?]  eta: ?  loss: 0.0244 (0.0283)  time: 0.1675  data: 0.0003  max mem: 16496
Val:  [   190/?]  eta: ?  loss: 0.0151 (0.0278)  time: 0.1675  data: 0.0003  max mem: 16496
Val:  [   200/?]  eta: ?  loss: 0.0154 (0.0276)  time: 0.1675  data: 0.0003  max mem: 16496
Val:  [   210/?]  eta: ?  loss: 0.0198 (0.0277)  time: 0.1675  data: 0.0003  max mem: 16496
Val:  [   220/?]  eta: ?  loss: 0.0198 (0.0273)  time: 0.1675  data: 0.0004  max mem: 16496
Val:  [   230/?]  eta: ?  loss: 0.0176 (0.0272)  time: 0.1676  data: 0.0004  max mem: 16496
Val:  [   240/?]  eta: ?  loss: 0.0142 (0.0272)  time: 0.1675  data: 0.0003  max mem: 16496
Val:  [   250/?]  eta: ?  loss: 0.0158 (0.0276)  time: 0.1676  data: 0.0004  max mem: 16496
Val:  [   260/?]  eta: ?  loss: 0.0194 (0.0277)  time: 0.1676  data: 0.0003  max mem: 16496
Val:  [   270/?]  eta: ?  loss: 0.0239 (0.0279)  time: 0.1676  data: 0.0003  max mem: 16496
Val:  [   280/?]  eta: ?  loss: 0.0239 (0.0278)  time: 0.1676  data: 0.0003  max mem: 16496
Val:  [   290/?]  eta: ?  loss: 0.0156 (0.0276)  time: 0.1677  data: 0.0004  max mem: 16496
Val:  [   300/?]  eta: ?  loss: 0.0176 (0.0274)  time: 0.1676  data: 0.0004  max mem: 16496
Val:  [   310/?]  eta: ?  loss: 0.0201 (0.0272)  time: 0.1661  data: 0.0003  max mem: 16496
Val: Total time: 0:00:54 (0.1741 s / it)
* loss 0.027
Test:  [     0/?]  eta: ?  loss: 0.0217 (0.0217)  time: 2.0933  data: 1.9273  max mem: 16496
Test:  [    10/?]  eta: ?  loss: 0.0187 (0.0232)  time: 0.3424  data: 0.1755  max mem: 16496
Test:  [    20/?]  eta: ?  loss: 0.0183 (0.0216)  time: 0.1675  data: 0.0004  max mem: 16496
Test:  [    30/?]  eta: ?  loss: 0.0182 (0.0211)  time: 0.1676  data: 0.0004  max mem: 16496
Test:  [    40/?]  eta: ?  loss: 0.0167 (0.0212)  time: 0.1676  data: 0.0004  max mem: 16496
Test:  [    50/?]  eta: ?  loss: 0.0179 (0.0206)  time: 0.1677  data: 0.0004  max mem: 16496
Test:  [    60/?]  eta: ?  loss: 0.0197 (0.0199)  time: 0.1677  data: 0.0004  max mem: 16496
Test:  [    70/?]  eta: ?  loss: 0.0145 (0.0197)  time: 0.1677  data: 0.0004  max mem: 16496
Test:  [    80/?]  eta: ?  loss: 0.0156 (0.0195)  time: 0.1677  data: 0.0003  max mem: 16496
Test:  [    90/?]  eta: ?  loss: 0.0252 (0.0210)  time: 0.1676  data: 0.0003  max mem: 16496
Test:  [   100/?]  eta: ?  loss: 0.0259 (0.0219)  time: 0.1677  data: 0.0003  max mem: 16496
Test:  [   110/?]  eta: ?  loss: 0.0257 (0.0222)  time: 0.1677  data: 0.0003  max mem: 16496
Test:  [   120/?]  eta: ?  loss: 0.0197 (0.0225)  time: 0.1677  data: 0.0003  max mem: 16496
Test:  [   130/?]  eta: ?  loss: 0.0194 (0.0223)  time: 0.1677  data: 0.0003  max mem: 16496
Test:  [   140/?]  eta: ?  loss: 0.0180 (0.0227)  time: 0.1677  data: 0.0003  max mem: 16496
Test:  [   150/?]  eta: ?  loss: 0.0299 (0.0234)  time: 0.1677  data: 0.0003  max mem: 16496
Test:  [   160/?]  eta: ?  loss: 0.0273 (0.0235)  time: 0.1677  data: 0.0003  max mem: 16496
Test:  [   170/?]  eta: ?  loss: 0.0208 (0.0239)  time: 0.1678  data: 0.0003  max mem: 16496
Test:  [   180/?]  eta: ?  loss: 0.0208 (0.0241)  time: 0.1678  data: 0.0003  max mem: 16496
Test:  [   190/?]  eta: ?  loss: 0.0193 (0.0238)  time: 0.1677  data: 0.0003  max mem: 16496
Test:  [   200/?]  eta: ?  loss: 0.0163 (0.0239)  time: 0.1678  data: 0.0003  max mem: 16496
Test:  [   210/?]  eta: ?  loss: 0.0173 (0.0240)  time: 0.1678  data: 0.0003  max mem: 16496
Test:  [   220/?]  eta: ?  loss: 0.0165 (0.0243)  time: 0.1678  data: 0.0003  max mem: 16496
Test:  [   230/?]  eta: ?  loss: 0.0181 (0.0242)  time: 0.1678  data: 0.0003  max mem: 16496
Test:  [   240/?]  eta: ?  loss: 0.0193 (0.0241)  time: 0.1679  data: 0.0003  max mem: 16496
Test:  [   250/?]  eta: ?  loss: 0.0168 (0.0240)  time: 0.1679  data: 0.0003  max mem: 16496
Test:  [   260/?]  eta: ?  loss: 0.0172 (0.0240)  time: 0.1679  data: 0.0003  max mem: 16496
Test:  [   270/?]  eta: ?  loss: 0.0175 (0.0238)  time: 0.1678  data: 0.0003  max mem: 16496
Test:  [   280/?]  eta: ?  loss: 0.0175 (0.0245)  time: 0.1679  data: 0.0003  max mem: 16496
Test:  [   290/?]  eta: ?  loss: 0.0200 (0.0246)  time: 0.1678  data: 0.0003  max mem: 16496
Test:  [   300/?]  eta: ?  loss: 0.0267 (0.0250)  time: 0.1677  data: 0.0003  max mem: 16496
Test:  [   310/?]  eta: ?  loss: 0.0377 (0.0259)  time: 0.1338  data: 0.0003  max mem: 16496
Test: Total time: 0:00:53 (0.1714 s / it)
* loss 0.026
  → Epoch  36/50 | Train Loss: 0.0011 | Val Loss: 0.0271 | Train score (1/(1+norm_MAE)): 0.9818 | Val MAE (years): 2.0920 | LR: 0.000000
Best val MAE (years): 1.9149, test MAE at best val: 1.8538
  Test segment MAE: 2.0523 | participant median MAE: 1.7902 | participant mean MAE: 1.7743
Epoch: [36]  [     0/?]  eta: ?  lr: 0.000118  min_lr: 0.000000  loss: 0.0009 (0.0009)  class_acc: 0.9827 (0.9827)  loss_scale: 36028797018963968.0000 (36028797018963968.0000)  weight_decay: 0.0500 (0.0500)  grad_norm: 0.4505 (0.4505)  time: 7.3418  data: 6.9036  max mem: 16496
Epoch: [36]  [   500/?]  eta: ?  lr: 0.000118  min_lr: 0.000000  loss: 0.0010 (0.0011)  class_acc: 0.9824 (0.9822)  loss_scale: 36028797018963968.0000 (36028797018963968.0000)  weight_decay: 0.0500 (0.0500)  grad_norm: 0.5162 (1.0557)  time: 0.4334  data: 0.0002  max mem: 16496
Epoch: [36]  [  1000/?]  eta: ?  lr: 0.000118  min_lr: 0.000000  loss: 0.0010 (0.0011)  class_acc: 0.9822 (0.9822)  loss_scale: 36028797018963968.0000 (36028797018963968.0000)  weight_decay: 0.0500 (0.0500)  grad_norm: 0.6937 (1.0530)  time: 0.4328  data: 0.0002  max mem: 16496
Epoch: [36]  [  1500/?]  eta: ?  lr: 0.000118  min_lr: 0.000000  loss: 0.0009 (0.0011)  class_acc: 0.9822 (0.9822)  loss_scale: 36028797018963968.0000 (36028797018963968.0000)  weight_decay: 0.0500 (0.0500)  grad_norm: 0.8074 (1.1130)  time: 0.4337  data: 0.0002  max mem: 16496
Epoch: [36]  [  2000/?]  eta: ?  lr: 0.000118  min_lr: 0.000000  loss: 0.0010 (0.0011)  class_acc: 0.9826 (0.9822)  loss_scale: 72057594037927936.0000 (39521843806409752.0000)  weight_decay: 0.0500 (0.0500)  grad_norm: 0.5080 (1.1146)  time: 0.4294  data: 0.0002  max mem: 16496
Epoch: [36] Total time: 0:15:54 (0.4394 s / it)
Val:  [     0/?]  eta: ?  loss: 0.0406 (0.0406)  time: 2.0645  data: 1.8988  max mem: 16496
Val:  [    10/?]  eta: ?  loss: 0.0245 (0.0313)  time: 0.3396  data: 0.1728  max mem: 16496
Val:  [    20/?]  eta: ?  loss: 0.0199 (0.0252)  time: 0.1672  data: 0.0003  max mem: 16496
Val:  [    30/?]  eta: ?  loss: 0.0189 (0.0233)  time: 0.1673  data: 0.0003  max mem: 16496
Val:  [    40/?]  eta: ?  loss: 0.0210 (0.0242)  time: 0.1673  data: 0.0002  max mem: 16496
Val:  [    50/?]  eta: ?  loss: 0.0259 (0.0252)  time: 0.1672  data: 0.0002  max mem: 16496
Val:  [    60/?]  eta: ?  loss: 0.0252 (0.0294)  time: 0.1672  data: 0.0002  max mem: 16496
Val:  [    70/?]  eta: ?  loss: 0.0159 (0.0286)  time: 0.1672  data: 0.0003  max mem: 16496
Val:  [    80/?]  eta: ?  loss: 0.0228 (0.0286)  time: 0.1673  data: 0.0003  max mem: 16496
Val:  [    90/?]  eta: ?  loss: 0.0229 (0.0279)  time: 0.1673  data: 0.0002  max mem: 16496
Val:  [   100/?]  eta: ?  loss: 0.0242 (0.0277)  time: 0.1674  data: 0.0002  max mem: 16496
Val:  [   110/?]  eta: ?  loss: 0.0238 (0.0275)  time: 0.1674  data: 0.0003  max mem: 16496
Val:  [   120/?]  eta: ?  loss: 0.0213 (0.0283)  time: 0.1674  data: 0.0003  max mem: 16496
Val:  [   130/?]  eta: ?  loss: 0.0226 (0.0281)  time: 0.1674  data: 0.0004  max mem: 16496
Val:  [   140/?]  eta: ?  loss: 0.0228 (0.0283)  time: 0.1674  data: 0.0004  max mem: 16496
Val:  [   150/?]  eta: ?  loss: 0.0228 (0.0285)  time: 0.1674  data: 0.0003  max mem: 16496
Val:  [   160/?]  eta: ?  loss: 0.0182 (0.0286)  time: 0.1674  data: 0.0004  max mem: 16496
Val:  [   170/?]  eta: ?  loss: 0.0240 (0.0287)  time: 0.1675  data: 0.0004  max mem: 16496
Val:  [   180/?]  eta: ?  loss: 0.0240 (0.0285)  time: 0.1675  data: 0.0004  max mem: 16496
Val:  [   190/?]  eta: ?  loss: 0.0148 (0.0279)  time: 0.1675  data: 0.0004  max mem: 16496
Val:  [   200/?]  eta: ?  loss: 0.0152 (0.0278)  time: 0.1674  data: 0.0003  max mem: 16496
Val:  [   210/?]  eta: ?  loss: 0.0214 (0.0278)  time: 0.1674  data: 0.0003  max mem: 16496
Val:  [   220/?]  eta: ?  loss: 0.0199 (0.0274)  time: 0.1674  data: 0.0003  max mem: 16496
Val:  [   230/?]  eta: ?  loss: 0.0176 (0.0274)  time: 0.1674  data: 0.0003  max mem: 16496
Val:  [   240/?]  eta: ?  loss: 0.0166 (0.0273)  time: 0.1674  data: 0.0004  max mem: 16496
Val:  [   250/?]  eta: ?  loss: 0.0173 (0.0276)  time: 0.1674  data: 0.0003  max mem: 16496
Val:  [   260/?]  eta: ?  loss: 0.0195 (0.0278)  time: 0.1674  data: 0.0003  max mem: 16496
Val:  [   270/?]  eta: ?  loss: 0.0267 (0.0281)  time: 0.1674  data: 0.0004  max mem: 16496
Val:  [   280/?]  eta: ?  loss: 0.0267 (0.0280)  time: 0.1674  data: 0.0004  max mem: 16496
Val:  [   290/?]  eta: ?  loss: 0.0146 (0.0278)  time: 0.1674  data: 0.0004  max mem: 16496
Val:  [   300/?]  eta: ?  loss: 0.0153 (0.0275)  time: 0.1673  data: 0.0003  max mem: 16496
Val:  [   310/?]  eta: ?  loss: 0.0212 (0.0273)  time: 0.1658  data: 0.0003  max mem: 16496
Val: Total time: 0:00:54 (0.1734 s / it)
* loss 0.027
Test:  [     0/?]  eta: ?  loss: 0.0213 (0.0213)  time: 2.0249  data: 1.8596  max mem: 16496
Test:  [    10/?]  eta: ?  loss: 0.0213 (0.0234)  time: 0.3360  data: 0.1693  max mem: 16496
Test:  [    20/?]  eta: ?  loss: 0.0176 (0.0217)  time: 0.1672  data: 0.0003  max mem: 16496
Test:  [    30/?]  eta: ?  loss: 0.0175 (0.0210)  time: 0.1673  data: 0.0003  max mem: 16496
Test:  [    40/?]  eta: ?  loss: 0.0161 (0.0211)  time: 0.1672  data: 0.0003  max mem: 16496
Test:  [    50/?]  eta: ?  loss: 0.0180 (0.0206)  time: 0.1672  data: 0.0003  max mem: 16496
Test:  [    60/?]  eta: ?  loss: 0.0180 (0.0196)  time: 0.1672  data: 0.0003  max mem: 16496
Test:  [    70/?]  eta: ?  loss: 0.0138 (0.0194)  time: 0.1673  data: 0.0003  max mem: 16496
Test:  [    80/?]  eta: ?  loss: 0.0169 (0.0192)  time: 0.1674  data: 0.0004  max mem: 16496
Test:  [    90/?]  eta: ?  loss: 0.0196 (0.0205)  time: 0.1675  data: 0.0004  max mem: 16496
Test:  [   100/?]  eta: ?  loss: 0.0269 (0.0213)  time: 0.1674  data: 0.0004  max mem: 16496
Test:  [   110/?]  eta: ?  loss: 0.0221 (0.0217)  time: 0.1673  data: 0.0004  max mem: 16496
Test:  [   120/?]  eta: ?  loss: 0.0177 (0.0223)  time: 0.1673  data: 0.0004  max mem: 16496
Test:  [   130/?]  eta: ?  loss: 0.0200 (0.0221)  time: 0.1673  data: 0.0003  max mem: 16496
Test:  [   140/?]  eta: ?  loss: 0.0191 (0.0226)  time: 0.1674  data: 0.0003  max mem: 16496
Test:  [   150/?]  eta: ?  loss: 0.0309 (0.0233)  time: 0.1674  data: 0.0004  max mem: 16496
Test:  [   160/?]  eta: ?  loss: 0.0299 (0.0235)  time: 0.1673  data: 0.0004  max mem: 16496
Test:  [   170/?]  eta: ?  loss: 0.0211 (0.0240)  time: 0.1674  data: 0.0004  max mem: 16496
Test:  [   180/?]  eta: ?  loss: 0.0203 (0.0241)  time: 0.1673  data: 0.0003  max mem: 16496
Test:  [   190/?]  eta: ?  loss: 0.0204 (0.0238)  time: 0.1673  data: 0.0003  max mem: 16496
Test:  [   200/?]  eta: ?  loss: 0.0169 (0.0239)  time: 0.1673  data: 0.0003  max mem: 16496
Test:  [   210/?]  eta: ?  loss: 0.0169 (0.0239)  time: 0.1673  data: 0.0003  max mem: 16496
Test:  [   220/?]  eta: ?  loss: 0.0138 (0.0242)  time: 0.1673  data: 0.0003  max mem: 16496
Test:  [   230/?]  eta: ?  loss: 0.0198 (0.0242)  time: 0.1673  data: 0.0003  max mem: 16496
Test:  [   240/?]  eta: ?  loss: 0.0191 (0.0240)  time: 0.1673  data: 0.0003  max mem: 16496
Test:  [   250/?]  eta: ?  loss: 0.0162 (0.0239)  time: 0.1673  data: 0.0003  max mem: 16496
Test:  [   260/?]  eta: ?  loss: 0.0168 (0.0238)  time: 0.1674  data: 0.0003  max mem: 16496
Test:  [   270/?]  eta: ?  loss: 0.0177 (0.0237)  time: 0.1673  data: 0.0003  max mem: 16496
Test:  [   280/?]  eta: ?  loss: 0.0169 (0.0244)  time: 0.1674  data: 0.0003  max mem: 16496
Test:  [   290/?]  eta: ?  loss: 0.0221 (0.0244)  time: 0.1673  data: 0.0003  max mem: 16496
Test:  [   300/?]  eta: ?  loss: 0.0271 (0.0249)  time: 0.1673  data: 0.0004  max mem: 16496
Test:  [   310/?]  eta: ?  loss: 0.0371 (0.0258)  time: 0.1336  data: 0.0003  max mem: 16496
Test: Total time: 0:00:53 (0.1707 s / it)
* loss 0.026
  → Epoch  37/50 | Train Loss: 0.0011 | Val Loss: 0.0272 | Train score (1/(1+norm_MAE)): 0.9823 | Val MAE (years): 2.0875 | LR: 0.000000
Best val MAE (years): 1.9149, test MAE at best val: 1.8538
  Test segment MAE: 2.0393 | participant median MAE: 1.8101 | participant mean MAE: 1.7867
Epoch: [37]  [     0/?]  eta: ?  lr: 0.000104  min_lr: 0.000000  loss: 0.0009 (0.0009)  class_acc: 0.9828 (0.9828)  loss_scale: 72057594037927936.0000 (72057594037927936.0000)  weight_decay: 0.0500 (0.0500)  grad_norm: 0.7106 (0.7106)  time: 7.6753  data: 7.2378  max mem: 16496
Epoch: [37]  [   500/?]  eta: ?  lr: 0.000104  min_lr: 0.000000  loss: 0.0009 (0.0010)  class_acc: 0.9828 (0.9827)  loss_scale: 72057594037927936.0000 (72057594037927936.0000)  weight_decay: 0.0500 (0.0500)  grad_norm: 0.5916 (1.1522)  time: 0.4351  data: 0.0002  max mem: 16496
Epoch: [37]  [  1000/?]  eta: ?  lr: 0.000104  min_lr: 0.000000  loss: 0.0009 (0.0010)  class_acc: 0.9829 (0.9827)  loss_scale: 72057594037927936.0000 (72057594037927936.0000)  weight_decay: 0.0500 (0.0500)  grad_norm: 0.9752 (1.1512)  time: 0.4312  data: 0.0002  max mem: 16496
Epoch: [37]  [  1500/?]  eta: ?  lr: 0.000104  min_lr: 0.000000  loss: 0.0008 (0.0010)  class_acc: 0.9831 (0.9827)  loss_scale: 72057594037927936.0000 (72057594037927936.0000)  weight_decay: 0.0500 (0.0500)  grad_norm: 0.5017 (1.1011)  time: 0.4291  data: 0.0004  max mem: 16496
Epoch: [37]  [  2000/?]  eta: ?  lr: 0.000104  min_lr: 0.000000  loss: 0.0010 (0.0010)  class_acc: 0.9823 (0.9827)  loss_scale: 144115188075855872.0000 (85237543772001712.0000)  weight_decay: 0.0500 (0.0500)  grad_norm: 0.7174 (1.0968)  time: 0.4321  data: 0.0003  max mem: 16496
Epoch: [37] Total time: 0:15:55 (0.4399 s / it)
Val:  [     0/?]  eta: ?  loss: 0.0390 (0.0390)  time: 2.1700  data: 2.0046  max mem: 16496
Val:  [    10/?]  eta: ?  loss: 0.0240 (0.0320)  time: 0.3490  data: 0.1825  max mem: 16496
Val:  [    20/?]  eta: ?  loss: 0.0180 (0.0258)  time: 0.1670  data: 0.0003  max mem: 16496
Val:  [    30/?]  eta: ?  loss: 0.0174 (0.0242)  time: 0.1671  data: 0.0003  max mem: 16496
Val:  [    40/?]  eta: ?  loss: 0.0210 (0.0250)  time: 0.1670  data: 0.0003  max mem: 16496
Val:  [    50/?]  eta: ?  loss: 0.0246 (0.0255)  time: 0.1672  data: 0.0004  max mem: 16496
Val:  [    60/?]  eta: ?  loss: 0.0239 (0.0292)  time: 0.1673  data: 0.0004  max mem: 16496
Val:  [    70/?]  eta: ?  loss: 0.0151 (0.0282)  time: 0.1671  data: 0.0004  max mem: 16496
Val:  [    80/?]  eta: ?  loss: 0.0195 (0.0282)  time: 0.1672  data: 0.0004  max mem: 16496
Val:  [    90/?]  eta: ?  loss: 0.0213 (0.0276)  time: 0.1673  data: 0.0004  max mem: 16496
Val:  [   100/?]  eta: ?  loss: 0.0246 (0.0274)  time: 0.1672  data: 0.0004  max mem: 16496
Val:  [   110/?]  eta: ?  loss: 0.0246 (0.0272)  time: 0.1672  data: 0.0004  max mem: 16496
Val:  [   120/?]  eta: ?  loss: 0.0221 (0.0280)  time: 0.1672  data: 0.0004  max mem: 16496
Val:  [   130/?]  eta: ?  loss: 0.0246 (0.0278)  time: 0.1672  data: 0.0003  max mem: 16496
Val:  [   140/?]  eta: ?  loss: 0.0246 (0.0279)  time: 0.1673  data: 0.0003  max mem: 16496
Val:  [   150/?]  eta: ?  loss: 0.0222 (0.0281)  time: 0.1674  data: 0.0004  max mem: 16496
Val:  [   160/?]  eta: ?  loss: 0.0165 (0.0281)  time: 0.1674  data: 0.0004  max mem: 16496
Val:  [   170/?]  eta: ?  loss: 0.0277 (0.0283)  time: 0.1674  data: 0.0003  max mem: 16496
Val:  [   180/?]  eta: ?  loss: 0.0286 (0.0281)  time: 0.1674  data: 0.0003  max mem: 16496
Val:  [   190/?]  eta: ?  loss: 0.0147 (0.0276)  time: 0.1674  data: 0.0003  max mem: 16496
Val:  [   200/?]  eta: ?  loss: 0.0137 (0.0274)  time: 0.1674  data: 0.0003  max mem: 16496
Val:  [   210/?]  eta: ?  loss: 0.0203 (0.0275)  time: 0.1674  data: 0.0003  max mem: 16496
Val:  [   220/?]  eta: ?  loss: 0.0201 (0.0271)  time: 0.1674  data: 0.0003  max mem: 16496
Val:  [   230/?]  eta: ?  loss: 0.0164 (0.0271)  time: 0.1675  data: 0.0003  max mem: 16496
Val:  [   240/?]  eta: ?  loss: 0.0176 (0.0271)  time: 0.1674  data: 0.0004  max mem: 16496
Val:  [   250/?]  eta: ?  loss: 0.0176 (0.0274)  time: 0.1674  data: 0.0003  max mem: 16496
Val:  [   260/?]  eta: ?  loss: 0.0214 (0.0277)  time: 0.1675  data: 0.0004  max mem: 16496
Val:  [   270/?]  eta: ?  loss: 0.0239 (0.0280)  time: 0.1675  data: 0.0004  max mem: 16496
Val:  [   280/?]  eta: ?  loss: 0.0239 (0.0279)  time: 0.1675  data: 0.0003  max mem: 16496
Val:  [   290/?]  eta: ?  loss: 0.0143 (0.0276)  time: 0.1675  data: 0.0003  max mem: 16496
Val:  [   300/?]  eta: ?  loss: 0.0144 (0.0274)  time: 0.1675  data: 0.0004  max mem: 16496
Val:  [   310/?]  eta: ?  loss: 0.0184 (0.0272)  time: 0.1659  data: 0.0004  max mem: 16496
Val: Total time: 0:00:54 (0.1737 s / it)
* loss 0.027
Test:  [     0/?]  eta: ?  loss: 0.0229 (0.0229)  time: 1.9944  data: 1.8287  max mem: 16496
Test:  [    10/?]  eta: ?  loss: 0.0208 (0.0239)  time: 0.3334  data: 0.1665  max mem: 16496
Test:  [    20/?]  eta: ?  loss: 0.0189 (0.0227)  time: 0.1674  data: 0.0003  max mem: 16496
Test:  [    30/?]  eta: ?  loss: 0.0182 (0.0218)  time: 0.1675  data: 0.0003  max mem: 16496
Test:  [    40/?]  eta: ?  loss: 0.0165 (0.0217)  time: 0.1675  data: 0.0003  max mem: 16496
Test:  [    50/?]  eta: ?  loss: 0.0181 (0.0211)  time: 0.1676  data: 0.0004  max mem: 16496
Test:  [    60/?]  eta: ?  loss: 0.0199 (0.0208)  time: 0.1675  data: 0.0004  max mem: 16496
Test:  [    70/?]  eta: ?  loss: 0.0154 (0.0206)  time: 0.1675  data: 0.0004  max mem: 16496
Test:  [    80/?]  eta: ?  loss: 0.0158 (0.0204)  time: 0.1675  data: 0.0003  max mem: 16496
Test:  [    90/?]  eta: ?  loss: 0.0241 (0.0216)  time: 0.1674  data: 0.0003  max mem: 16496
Test:  [   100/?]  eta: ?  loss: 0.0258 (0.0224)  time: 0.1674  data: 0.0003  max mem: 16496
Test:  [   110/?]  eta: ?  loss: 0.0245 (0.0227)  time: 0.1674  data: 0.0004  max mem: 16496
Test:  [   120/?]  eta: ?  loss: 0.0201 (0.0233)  time: 0.1674  data: 0.0004  max mem: 16496
Test:  [   130/?]  eta: ?  loss: 0.0193 (0.0231)  time: 0.1675  data: 0.0003  max mem: 16496
Test:  [   140/?]  eta: ?  loss: 0.0188 (0.0234)  time: 0.1675  data: 0.0003  max mem: 16496
Test:  [   150/?]  eta: ?  loss: 0.0277 (0.0240)  time: 0.1674  data: 0.0003  max mem: 16496
Test:  [   160/?]  eta: ?  loss: 0.0252 (0.0241)  time: 0.1674  data: 0.0003  max mem: 16496
Test:  [   170/?]  eta: ?  loss: 0.0228 (0.0245)  time: 0.1674  data: 0.0003  max mem: 16496
Test:  [   180/?]  eta: ?  loss: 0.0198 (0.0246)  time: 0.1674  data: 0.0003  max mem: 16496
Test:  [   190/?]  eta: ?  loss: 0.0198 (0.0243)  time: 0.1674  data: 0.0003  max mem: 16496
Test:  [   200/?]  eta: ?  loss: 0.0178 (0.0244)  time: 0.1674  data: 0.0003  max mem: 16496
Test:  [   210/?]  eta: ?  loss: 0.0178 (0.0245)  time: 0.1674  data: 0.0003  max mem: 16496
Test:  [   220/?]  eta: ?  loss: 0.0163 (0.0247)  time: 0.1674  data: 0.0003  max mem: 16496
Test:  [   230/?]  eta: ?  loss: 0.0196 (0.0247)  time: 0.1674  data: 0.0003  max mem: 16496
Test:  [   240/?]  eta: ?  loss: 0.0188 (0.0245)  time: 0.1674  data: 0.0004  max mem: 16496
Test:  [   250/?]  eta: ?  loss: 0.0160 (0.0244)  time: 0.1674  data: 0.0004  max mem: 16496
Test:  [   260/?]  eta: ?  loss: 0.0160 (0.0243)  time: 0.1674  data: 0.0003  max mem: 16496
Test:  [   270/?]  eta: ?  loss: 0.0170 (0.0241)  time: 0.1673  data: 0.0003  max mem: 16496
Test:  [   280/?]  eta: ?  loss: 0.0170 (0.0248)  time: 0.1674  data: 0.0003  max mem: 16496
Test:  [   290/?]  eta: ?  loss: 0.0241 (0.0249)  time: 0.1673  data: 0.0003  max mem: 16496
Test:  [   300/?]  eta: ?  loss: 0.0271 (0.0254)  time: 0.1673  data: 0.0003  max mem: 16496
Test:  [   310/?]  eta: ?  loss: 0.0375 (0.0263)  time: 0.1336  data: 0.0003  max mem: 16496
Test: Total time: 0:00:53 (0.1707 s / it)
* loss 0.026
  → Epoch  38/50 | Train Loss: 0.0010 | Val Loss: 0.0271 | Train score (1/(1+norm_MAE)): 0.9828 | Val MAE (years): 2.0965 | LR: 0.000000
Best val MAE (years): 1.9149, test MAE at best val: 1.8538
  Test segment MAE: 2.0797 | participant median MAE: 1.8506 | participant mean MAE: 1.8288
Epoch: [38]  [     0/?]  eta: ?  lr: 0.000091  min_lr: 0.000000  loss: 0.0007 (0.0007)  class_acc: 0.9843 (0.9843)  loss_scale: 144115188075855872.0000 (144115188075855872.0000)  weight_decay: 0.0500 (0.0500)  grad_norm: 0.3279 (0.3279)  time: 7.4216  data: 6.9794  max mem: 16496
Epoch: [38]  [   500/?]  eta: ?  lr: 0.000091  min_lr: 0.000000  loss: 0.0009 (0.0010)  class_acc: 0.9835 (0.9830)  loss_scale: 144115188075855872.0000 (144115188075855872.0000)  weight_decay: 0.0500 (0.0500)  grad_norm: 0.5629 (1.0035)  time: 0.4267  data: 0.0002  max mem: 16496
Epoch: [38]  [  1000/?]  eta: ?  lr: 0.000091  min_lr: 0.000000  loss: 0.0010 (0.0010)  class_acc: 0.9833 (0.9831)  loss_scale: 144115188075855872.0000 (144115188075855872.0000)  weight_decay: 0.0500 (0.0500)  grad_norm: 0.7454 (1.0386)  time: 0.4310  data: 0.0002  max mem: 16496
Epoch: [38]  [  1500/?]  eta: ?  lr: 0.000091  min_lr: 0.000000  loss: 0.0008 (0.0010)  class_acc: 0.9832 (0.9830)  loss_scale: 288230376151711744.0000 (147763673849928160.0000)  weight_decay: 0.0500 (0.0500)  grad_norm: 0.5644 (1.0263)  time: 0.4311  data: 0.0002  max mem: 16496
Epoch: [38]  [  2000/?]  eta: ?  lr: 0.000091  min_lr: 0.000000  loss: 0.0009 (0.0010)  class_acc: 0.9830 (0.9831)  loss_scale: 288230376151711744.0000 (182862799862367840.0000)  weight_decay: 0.0500 (0.0500)  grad_norm: 0.6121 (1.0437)  time: 0.4294  data: 0.0002  max mem: 16496
Epoch: [38] Total time: 0:15:52 (0.4385 s / it)
Val:  [     0/?]  eta: ?  loss: 0.0386 (0.0386)  time: 2.1080  data: 1.9422  max mem: 16496
Val:  [    10/?]  eta: ?  loss: 0.0229 (0.0324)  time: 0.3435  data: 0.1768  max mem: 16496
Val:  [    20/?]  eta: ?  loss: 0.0190 (0.0257)  time: 0.1672  data: 0.0003  max mem: 16496
Val:  [    30/?]  eta: ?  loss: 0.0181 (0.0241)  time: 0.1673  data: 0.0003  max mem: 16496
Val:  [    40/?]  eta: ?  loss: 0.0217 (0.0251)  time: 0.1674  data: 0.0002  max mem: 16496
Val:  [    50/?]  eta: ?  loss: 0.0253 (0.0258)  time: 0.1674  data: 0.0002  max mem: 16496
Val:  [    60/?]  eta: ?  loss: 0.0253 (0.0296)  time: 0.1674  data: 0.0003  max mem: 16496
Val:  [    70/?]  eta: ?  loss: 0.0157 (0.0286)  time: 0.1675  data: 0.0003  max mem: 16496
Val:  [    80/?]  eta: ?  loss: 0.0199 (0.0286)  time: 0.1675  data: 0.0003  max mem: 16496
Val:  [    90/?]  eta: ?  loss: 0.0241 (0.0279)  time: 0.1674  data: 0.0003  max mem: 16496
Val:  [   100/?]  eta: ?  loss: 0.0248 (0.0279)  time: 0.1674  data: 0.0003  max mem: 16496
Val:  [   110/?]  eta: ?  loss: 0.0239 (0.0278)  time: 0.1675  data: 0.0004  max mem: 16496
Val:  [   120/?]  eta: ?  loss: 0.0221 (0.0284)  time: 0.1674  data: 0.0003  max mem: 16496
Val:  [   130/?]  eta: ?  loss: 0.0262 (0.0284)  time: 0.1674  data: 0.0003  max mem: 16496
Val:  [   140/?]  eta: ?  loss: 0.0262 (0.0285)  time: 0.1675  data: 0.0003  max mem: 16496
Val:  [   150/?]  eta: ?  loss: 0.0205 (0.0286)  time: 0.1675  data: 0.0003  max mem: 16496
Val:  [   160/?]  eta: ?  loss: 0.0201 (0.0287)  time: 0.1675  data: 0.0003  max mem: 16496
Val:  [   170/?]  eta: ?  loss: 0.0246 (0.0288)  time: 0.1675  data: 0.0003  max mem: 16496
Val:  [   180/?]  eta: ?  loss: 0.0272 (0.0287)  time: 0.1675  data: 0.0003  max mem: 16496
Val:  [   190/?]  eta: ?  loss: 0.0148 (0.0282)  time: 0.1676  data: 0.0004  max mem: 16496
Val:  [   200/?]  eta: ?  loss: 0.0139 (0.0279)  time: 0.1677  data: 0.0004  max mem: 16496
Val:  [   210/?]  eta: ?  loss: 0.0200 (0.0280)  time: 0.1676  data: 0.0004  max mem: 16496
Val:  [   220/?]  eta: ?  loss: 0.0194 (0.0276)  time: 0.1676  data: 0.0003  max mem: 16496
Val:  [   230/?]  eta: ?  loss: 0.0171 (0.0275)  time: 0.1676  data: 0.0003  max mem: 16496
Val:  [   240/?]  eta: ?  loss: 0.0162 (0.0275)  time: 0.1675  data: 0.0003  max mem: 16496
Val:  [   250/?]  eta: ?  loss: 0.0162 (0.0278)  time: 0.1676  data: 0.0003  max mem: 16496
Val:  [   260/?]  eta: ?  loss: 0.0225 (0.0280)  time: 0.1676  data: 0.0003  max mem: 16496
Val:  [   270/?]  eta: ?  loss: 0.0254 (0.0282)  time: 0.1676  data: 0.0004  max mem: 16496
Val:  [   280/?]  eta: ?  loss: 0.0243 (0.0281)  time: 0.1676  data: 0.0004  max mem: 16496
Val:  [   290/?]  eta: ?  loss: 0.0147 (0.0278)  time: 0.1676  data: 0.0003  max mem: 16496
Val:  [   300/?]  eta: ?  loss: 0.0145 (0.0276)  time: 0.1676  data: 0.0004  max mem: 16496
Val:  [   310/?]  eta: ?  loss: 0.0184 (0.0274)  time: 0.1660  data: 0.0004  max mem: 16496
Val: Total time: 0:00:54 (0.1737 s / it)
* loss 0.027
Test:  [     0/?]  eta: ?  loss: 0.0191 (0.0191)  time: 1.9543  data: 1.7884  max mem: 16496
Test:  [    10/?]  eta: ?  loss: 0.0213 (0.0241)  time: 0.3296  data: 0.1629  max mem: 16496
Test:  [    20/?]  eta: ?  loss: 0.0202 (0.0224)  time: 0.1673  data: 0.0003  max mem: 16496
Test:  [    30/?]  eta: ?  loss: 0.0193 (0.0218)  time: 0.1674  data: 0.0003  max mem: 16496
Test:  [    40/?]  eta: ?  loss: 0.0162 (0.0219)  time: 0.1674  data: 0.0003  max mem: 16496
Test:  [    50/?]  eta: ?  loss: 0.0183 (0.0214)  time: 0.1674  data: 0.0004  max mem: 16496
Test:  [    60/?]  eta: ?  loss: 0.0184 (0.0210)  time: 0.1675  data: 0.0004  max mem: 16496
Test:  [    70/?]  eta: ?  loss: 0.0153 (0.0207)  time: 0.1674  data: 0.0004  max mem: 16496
Test:  [    80/?]  eta: ?  loss: 0.0161 (0.0205)  time: 0.1675  data: 0.0004  max mem: 16496
Test:  [    90/?]  eta: ?  loss: 0.0230 (0.0217)  time: 0.1675  data: 0.0004  max mem: 16496
Test:  [   100/?]  eta: ?  loss: 0.0268 (0.0226)  time: 0.1674  data: 0.0004  max mem: 16496
Test:  [   110/?]  eta: ?  loss: 0.0243 (0.0228)  time: 0.1674  data: 0.0004  max mem: 16496
Test:  [   120/?]  eta: ?  loss: 0.0213 (0.0234)  time: 0.1674  data: 0.0004  max mem: 16496
Test:  [   130/?]  eta: ?  loss: 0.0193 (0.0231)  time: 0.1674  data: 0.0004  max mem: 16496
Test:  [   140/?]  eta: ?  loss: 0.0184 (0.0233)  time: 0.1674  data: 0.0004  max mem: 16496
Test:  [   150/?]  eta: ?  loss: 0.0250 (0.0238)  time: 0.1674  data: 0.0004  max mem: 16496
Test:  [   160/?]  eta: ?  loss: 0.0257 (0.0240)  time: 0.1675  data: 0.0003  max mem: 16496
Test:  [   170/?]  eta: ?  loss: 0.0235 (0.0242)  time: 0.1675  data: 0.0003  max mem: 16496
Test:  [   180/?]  eta: ?  loss: 0.0200 (0.0244)  time: 0.1674  data: 0.0003  max mem: 16496
Test:  [   190/?]  eta: ?  loss: 0.0213 (0.0241)  time: 0.1674  data: 0.0004  max mem: 16496
Test:  [   200/?]  eta: ?  loss: 0.0177 (0.0243)  time: 0.1675  data: 0.0004  max mem: 16496
Test:  [   210/?]  eta: ?  loss: 0.0192 (0.0243)  time: 0.1674  data: 0.0003  max mem: 16496
Test:  [   220/?]  eta: ?  loss: 0.0192 (0.0246)  time: 0.1674  data: 0.0003  max mem: 16496
Test:  [   230/?]  eta: ?  loss: 0.0214 (0.0246)  time: 0.1674  data: 0.0003  max mem: 16496
Test:  [   240/?]  eta: ?  loss: 0.0192 (0.0245)  time: 0.1674  data: 0.0003  max mem: 16496
Test:  [   250/?]  eta: ?  loss: 0.0168 (0.0244)  time: 0.1675  data: 0.0003  max mem: 16496
Test:  [   260/?]  eta: ?  loss: 0.0165 (0.0243)  time: 0.1675  data: 0.0003  max mem: 16496
Test:  [   270/?]  eta: ?  loss: 0.0166 (0.0242)  time: 0.1674  data: 0.0003  max mem: 16496
Test:  [   280/?]  eta: ?  loss: 0.0187 (0.0249)  time: 0.1675  data: 0.0003  max mem: 16496
Test:  [   290/?]  eta: ?  loss: 0.0209 (0.0249)  time: 0.1675  data: 0.0003  max mem: 16496
Test:  [   300/?]  eta: ?  loss: 0.0286 (0.0254)  time: 0.1674  data: 0.0003  max mem: 16496
Test:  [   310/?]  eta: ?  loss: 0.0354 (0.0264)  time: 0.1336  data: 0.0003  max mem: 16496
Test: Total time: 0:00:53 (0.1706 s / it)
* loss 0.026
  → Epoch  39/50 | Train Loss: 0.0010 | Val Loss: 0.0273 | Train score (1/(1+norm_MAE)): 0.9831 | Val MAE (years): 2.0994 | LR: 0.000000
Best val MAE (years): 1.9149, test MAE at best val: 1.8538
  Test segment MAE: 2.0790 | participant median MAE: 1.8221 | participant mean MAE: 1.8149
Epoch: [39]  [     0/?]  eta: ?  lr: 0.000079  min_lr: 0.000000  loss: 0.0008 (0.0008)  class_acc: 0.9831 (0.9831)  loss_scale: 288230376151711744.0000 (288230376151711744.0000)  weight_decay: 0.0500 (0.0500)  grad_norm: 0.4570 (0.4570)  time: 8.3420  data: 7.9247  max mem: 16496
Epoch: [39]  [   500/?]  eta: ?  lr: 0.000079  min_lr: 0.000000  loss: 0.0008 (0.0009)  class_acc: 0.9837 (0.9835)  loss_scale: 288230376151711744.0000 (288230376151711744.0000)  weight_decay: 0.0500 (0.0500)  grad_norm: 0.5234 (0.9545)  time: 0.4297  data: 0.0002  max mem: 16496
Epoch: [39]  [  1000/?]  eta: ?  lr: 0.000079  min_lr: 0.000000  loss: 0.0008 (0.0009)  class_acc: 0.9839 (0.9835)  loss_scale: 288230376151711744.0000 (288230376151711744.0000)  weight_decay: 0.0500 (0.0500)  grad_norm: 0.6599 (1.0077)  time: 0.4312  data: 0.0002  max mem: 16496
Epoch: [39]  [  1500/?]  eta: ?  lr: 0.000079  min_lr: 0.000000  loss: 0.0008 (0.0009)  class_acc: 0.9832 (0.9834)  loss_scale: 576460752303423488.0000 (328555745233563456.0000)  weight_decay: 0.0500 (0.0500)  grad_norm: 0.6347 (1.0073)  time: 0.4347  data: 0.0002  max mem: 16496
Epoch: [39]  [  2000/?]  eta: ?  lr: 0.000079  min_lr: 0.000000  loss: 0.0008 (0.0009)  class_acc: 0.9837 (0.9835)  loss_scale: 576460752303423488.0000 (390501024361464512.0000)  weight_decay: 0.0500 (0.0500)  grad_norm: 0.8014 (1.0355)  time: 0.4299  data: 0.0002  max mem: 16496
Epoch: [39] Total time: 0:15:56 (0.4404 s / it)
Val:  [     0/?]  eta: ?  loss: 0.0389 (0.0389)  time: 1.9717  data: 1.8060  max mem: 16496
Val:  [    10/?]  eta: ?  loss: 0.0232 (0.0320)  time: 0.3311  data: 0.1645  max mem: 16496
Val:  [    20/?]  eta: ?  loss: 0.0217 (0.0256)  time: 0.1671  data: 0.0004  max mem: 16496
Val:  [    30/?]  eta: ?  loss: 0.0177 (0.0239)  time: 0.1673  data: 0.0004  max mem: 16496
Val:  [    40/?]  eta: ?  loss: 0.0230 (0.0248)  time: 0.1673  data: 0.0004  max mem: 16496
Val:  [    50/?]  eta: ?  loss: 0.0249 (0.0256)  time: 0.1672  data: 0.0003  max mem: 16496
Val:  [    60/?]  eta: ?  loss: 0.0249 (0.0299)  time: 0.1671  data: 0.0003  max mem: 16496
Val:  [    70/?]  eta: ?  loss: 0.0164 (0.0289)  time: 0.1672  data: 0.0003  max mem: 16496
Val:  [    80/?]  eta: ?  loss: 0.0202 (0.0289)  time: 0.1673  data: 0.0004  max mem: 16496
Val:  [    90/?]  eta: ?  loss: 0.0235 (0.0282)  time: 0.1673  data: 0.0004  max mem: 16496
Val:  [   100/?]  eta: ?  loss: 0.0234 (0.0278)  time: 0.1673  data: 0.0004  max mem: 16496
Val:  [   110/?]  eta: ?  loss: 0.0234 (0.0276)  time: 0.1673  data: 0.0004  max mem: 16496
Val:  [   120/?]  eta: ?  loss: 0.0234 (0.0284)  time: 0.1673  data: 0.0004  max mem: 16496
Val:  [   130/?]  eta: ?  loss: 0.0254 (0.0285)  time: 0.1674  data: 0.0004  max mem: 16496
Val:  [   140/?]  eta: ?  loss: 0.0254 (0.0287)  time: 0.1674  data: 0.0004  max mem: 16496
Val:  [   150/?]  eta: ?  loss: 0.0211 (0.0288)  time: 0.1674  data: 0.0004  max mem: 16496
Val:  [   160/?]  eta: ?  loss: 0.0174 (0.0288)  time: 0.1673  data: 0.0004  max mem: 16496
Val:  [   170/?]  eta: ?  loss: 0.0257 (0.0289)  time: 0.1674  data: 0.0004  max mem: 16496
Val:  [   180/?]  eta: ?  loss: 0.0257 (0.0287)  time: 0.1674  data: 0.0003  max mem: 16496
Val:  [   190/?]  eta: ?  loss: 0.0150 (0.0282)  time: 0.1674  data: 0.0003  max mem: 16496
Val:  [   200/?]  eta: ?  loss: 0.0150 (0.0279)  time: 0.1674  data: 0.0003  max mem: 16496
Val:  [   210/?]  eta: ?  loss: 0.0230 (0.0280)  time: 0.1674  data: 0.0003  max mem: 16496
Val:  [   220/?]  eta: ?  loss: 0.0178 (0.0276)  time: 0.1674  data: 0.0003  max mem: 16496
Val:  [   230/?]  eta: ?  loss: 0.0165 (0.0275)  time: 0.1674  data: 0.0003  max mem: 16496
Val:  [   240/?]  eta: ?  loss: 0.0165 (0.0274)  time: 0.1674  data: 0.0004  max mem: 16496
Val:  [   250/?]  eta: ?  loss: 0.0170 (0.0277)  time: 0.1675  data: 0.0003  max mem: 16496
Val:  [   260/?]  eta: ?  loss: 0.0218 (0.0280)  time: 0.1675  data: 0.0003  max mem: 16496
Val:  [   270/?]  eta: ?  loss: 0.0225 (0.0282)  time: 0.1675  data: 0.0004  max mem: 16496
Val:  [   280/?]  eta: ?  loss: 0.0242 (0.0282)  time: 0.1675  data: 0.0004  max mem: 16496
Val:  [   290/?]  eta: ?  loss: 0.0153 (0.0279)  time: 0.1675  data: 0.0003  max mem: 16496
Val:  [   300/?]  eta: ?  loss: 0.0160 (0.0277)  time: 0.1674  data: 0.0003  max mem: 16496
Val:  [   310/?]  eta: ?  loss: 0.0199 (0.0275)  time: 0.1659  data: 0.0003  max mem: 16496
Val: Total time: 0:00:54 (0.1731 s / it)
* loss 0.027
Test:  [     0/?]  eta: ?  loss: 0.0209 (0.0209)  time: 2.1365  data: 1.9708  max mem: 16496
Test:  [    10/?]  eta: ?  loss: 0.0209 (0.0228)  time: 0.3462  data: 0.1795  max mem: 16496
Test:  [    20/?]  eta: ?  loss: 0.0194 (0.0219)  time: 0.1673  data: 0.0004  max mem: 16496
Test:  [    30/?]  eta: ?  loss: 0.0187 (0.0212)  time: 0.1674  data: 0.0004  max mem: 16496
Test:  [    40/?]  eta: ?  loss: 0.0152 (0.0215)  time: 0.1673  data: 0.0004  max mem: 16496
Test:  [    50/?]  eta: ?  loss: 0.0170 (0.0209)  time: 0.1673  data: 0.0004  max mem: 16496
Test:  [    60/?]  eta: ?  loss: 0.0182 (0.0203)  time: 0.1674  data: 0.0003  max mem: 16496
Test:  [    70/?]  eta: ?  loss: 0.0140 (0.0200)  time: 0.1674  data: 0.0004  max mem: 16496
Test:  [    80/?]  eta: ?  loss: 0.0148 (0.0197)  time: 0.1674  data: 0.0004  max mem: 16496
Test:  [    90/?]  eta: ?  loss: 0.0207 (0.0210)  time: 0.1675  data: 0.0004  max mem: 16496
Test:  [   100/?]  eta: ?  loss: 0.0274 (0.0220)  time: 0.1675  data: 0.0004  max mem: 16496
Test:  [   110/?]  eta: ?  loss: 0.0252 (0.0223)  time: 0.1675  data: 0.0003  max mem: 16496
Test:  [   120/?]  eta: ?  loss: 0.0205 (0.0229)  time: 0.1674  data: 0.0003  max mem: 16496
Test:  [   130/?]  eta: ?  loss: 0.0199 (0.0226)  time: 0.1674  data: 0.0003  max mem: 16496
Test:  [   140/?]  eta: ?  loss: 0.0181 (0.0230)  time: 0.1675  data: 0.0004  max mem: 16496
Test:  [   150/?]  eta: ?  loss: 0.0282 (0.0235)  time: 0.1674  data: 0.0003  max mem: 16496
Test:  [   160/?]  eta: ?  loss: 0.0281 (0.0237)  time: 0.1675  data: 0.0004  max mem: 16496
Test:  [   170/?]  eta: ?  loss: 0.0224 (0.0241)  time: 0.1675  data: 0.0003  max mem: 16496
Test:  [   180/?]  eta: ?  loss: 0.0199 (0.0242)  time: 0.1674  data: 0.0003  max mem: 16496
Test:  [   190/?]  eta: ?  loss: 0.0221 (0.0240)  time: 0.1674  data: 0.0003  max mem: 16496
Test:  [   200/?]  eta: ?  loss: 0.0174 (0.0241)  time: 0.1674  data: 0.0003  max mem: 16496
Test:  [   210/?]  eta: ?  loss: 0.0174 (0.0242)  time: 0.1674  data: 0.0003  max mem: 16496
Test:  [   220/?]  eta: ?  loss: 0.0156 (0.0244)  time: 0.1674  data: 0.0003  max mem: 16496
Test:  [   230/?]  eta: ?  loss: 0.0196 (0.0244)  time: 0.1674  data: 0.0003  max mem: 16496
Test:  [   240/?]  eta: ?  loss: 0.0196 (0.0243)  time: 0.1675  data: 0.0003  max mem: 16496
Test:  [   250/?]  eta: ?  loss: 0.0155 (0.0241)  time: 0.1675  data: 0.0003  max mem: 16496
Test:  [   260/?]  eta: ?  loss: 0.0155 (0.0241)  time: 0.1675  data: 0.0003  max mem: 16496
Test:  [   270/?]  eta: ?  loss: 0.0170 (0.0239)  time: 0.1675  data: 0.0004  max mem: 16496
Test:  [   280/?]  eta: ?  loss: 0.0170 (0.0247)  time: 0.1675  data: 0.0004  max mem: 16496
Test:  [   290/?]  eta: ?  loss: 0.0206 (0.0247)  time: 0.1675  data: 0.0003  max mem: 16496
Test:  [   300/?]  eta: ?  loss: 0.0270 (0.0252)  time: 0.1674  data: 0.0003  max mem: 16496
Test:  [   310/?]  eta: ?  loss: 0.0384 (0.0261)  time: 0.1336  data: 0.0003  max mem: 16496
Test: Total time: 0:00:53 (0.1712 s / it)
* loss 0.026

============================================================
Counting samples by task type...
============================================================

============================================================
Evaluating on active tasks (35,284 samples)...
============================================================
Active Test:  [     0/?]  eta: ?  loss: 0.0159 (0.0159)  time: 2.6554  data: 2.6240  max mem: 16496
Active Test:  [    10/?]  eta: ?  loss: 0.0268 (0.0802)  time: 0.2701  data: 0.2549  max mem: 16496
Active Test:  [    20/?]  eta: ?  loss: 0.0268 (0.0566)  time: 0.0263  data: 0.0130  max mem: 16496
Active Test:  [    30/?]  eta: ?  loss: 0.0290 (0.0506)  time: 0.0219  data: 0.0093  max mem: 16496
Active Test:  [    40/?]  eta: ?  loss: 0.0339 (0.0484)  time: 0.0222  data: 0.0100  max mem: 16496
Active Test:  [    50/?]  eta: ?  loss: 0.0207 (0.0431)  time: 0.0227  data: 0.0105  max mem: 16496
Active Test:  [    60/?]  eta: ?  loss: 0.0097 (0.0375)  time: 0.0216  data: 0.0095  max mem: 16496
Active Test:  [    70/?]  eta: ?  loss: 0.0089 (0.0339)  time: 0.0208  data: 0.0087  max mem: 16496
Active Test:  [    80/?]  eta: ?  loss: 0.0106 (0.0313)  time: 0.0201  data: 0.0081  max mem: 16496
Active Test:  [    90/?]  eta: ?  loss: 0.0143 (0.0297)  time: 0.0197  data: 0.0077  max mem: 16496
Active Test:  [   100/?]  eta: ?  loss: 0.0197 (0.0292)  time: 0.0202  data: 0.0082  max mem: 16496
Active Test:  [   110/?]  eta: ?  loss: 0.0249 (0.0283)  time: 0.0200  data: 0.0079  max mem: 16496
Active Test:  [   120/?]  eta: ?  loss: 0.0162 (0.0276)  time: 0.0198  data: 0.0078  max mem: 16496
Active Test:  [   130/?]  eta: ?  loss: 0.0147 (0.0274)  time: 0.0202  data: 0.0083  max mem: 16496
Active Test:  [   140/?]  eta: ?  loss: 0.0180 (0.0286)  time: 0.0195  data: 0.0076  max mem: 16496
Active Test:  [   150/?]  eta: ?  loss: 0.0325 (0.0297)  time: 0.0200  data: 0.0080  max mem: 16496
Active Test:  [   160/?]  eta: ?  loss: 0.0325 (0.0306)  time: 0.0201  data: 0.0081  max mem: 16496
Active Test:  [   170/?]  eta: ?  loss: 0.0244 (0.0303)  time: 0.0198  data: 0.0077  max mem: 16496
Active Test:  [   180/?]  eta: ?  loss: 0.0108 (0.0291)  time: 0.0201  data: 0.0080  max mem: 16496
Active Test:  [   190/?]  eta: ?  loss: 0.0106 (0.0287)  time: 0.0194  data: 0.0074  max mem: 16496
Active Test:  [   200/?]  eta: ?  loss: 0.0148 (0.0284)  time: 0.0198  data: 0.0078  max mem: 16496
Active Test:  [   210/?]  eta: ?  loss: 0.0146 (0.0281)  time: 0.0203  data: 0.0084  max mem: 16496
Active Test:  [   220/?]  eta: ?  loss: 0.0199 (0.0279)  time: 0.0201  data: 0.0080  max mem: 16496
Active Test:  [   230/?]  eta: ?  loss: 0.0197 (0.0275)  time: 0.0207  data: 0.0085  max mem: 16496
Active Test:  [   240/?]  eta: ?  loss: 0.0157 (0.0280)  time: 0.0213  data: 0.0091  max mem: 16496
Active Test:  [   250/?]  eta: ?  loss: 0.0226 (0.0282)  time: 0.0212  data: 0.0091  max mem: 16496
Active Test:  [   260/?]  eta: ?  loss: 0.0226 (0.0285)  time: 0.0211  data: 0.0090  max mem: 16496
Active Test:  [   270/?]  eta: ?  loss: 0.0277 (0.0287)  time: 0.0213  data: 0.0092  max mem: 16496
Active Test:  [   280/?]  eta: ?  loss: 0.0234 (0.0285)  time: 0.0210  data: 0.0089  max mem: 16496
Active Test:  [   290/?]  eta: ?  loss: 0.0134 (0.0281)  time: 0.0220  data: 0.0099  max mem: 16496
Active Test:  [   300/?]  eta: ?  loss: 0.0133 (0.0280)  time: 0.0217  data: 0.0096  max mem: 16496
Active Test:  [   310/?]  eta: ?  loss: 0.0157 (0.0277)  time: 0.0198  data: 0.0077  max mem: 16496
Active Test:  [   320/?]  eta: ?  loss: 0.0153 (0.0276)  time: 0.0192  data: 0.0072  max mem: 16496
Active Test:  [   330/?]  eta: ?  loss: 0.0194 (0.0279)  time: 0.0189  data: 0.0069  max mem: 16496
Active Test:  [   340/?]  eta: ?  loss: 0.0227 (0.0279)  time: 0.0192  data: 0.0071  max mem: 16496
Active Test:  [   350/?]  eta: ?  loss: 0.0196 (0.0280)  time: 0.0188  data: 0.0065  max mem: 16496
Active Test:  [   360/?]  eta: ?  loss: 0.0247 (0.0279)  time: 0.0195  data: 0.0073  max mem: 16496
Active Test:  [   370/?]  eta: ?  loss: 0.0212 (0.0277)  time: 0.0190  data: 0.0069  max mem: 16496
Active Test:  [   380/?]  eta: ?  loss: 0.0096 (0.0273)  time: 0.0184  data: 0.0064  max mem: 16496
Active Test:  [   390/?]  eta: ?  loss: 0.0096 (0.0270)  time: 0.0190  data: 0.0069  max mem: 16496
Active Test:  [   400/?]  eta: ?  loss: 0.0126 (0.0270)  time: 0.0189  data: 0.0069  max mem: 16496
Active Test:  [   410/?]  eta: ?  loss: 0.0142 (0.0268)  time: 0.0196  data: 0.0075  max mem: 16496
Active Test:  [   420/?]  eta: ?  loss: 0.0162 (0.0268)  time: 0.0207  data: 0.0085  max mem: 16496
Active Test:  [   430/?]  eta: ?  loss: 0.0148 (0.0267)  time: 0.0209  data: 0.0086  max mem: 16496
Active Test:  [   440/?]  eta: ?  loss: 0.0148 (0.0266)  time: 0.0204  data: 0.0081  max mem: 16496
Active Test:  [   450/?]  eta: ?  loss: 0.0163 (0.0263)  time: 0.0211  data: 0.0089  max mem: 16496
Active Test:  [   460/?]  eta: ?  loss: 0.0078 (0.0262)  time: 0.0231  data: 0.0109  max mem: 16496
Active Test:  [   470/?]  eta: ?  loss: 0.0085 (0.0275)  time: 0.0232  data: 0.0109  max mem: 16496
Active Test:  [   480/?]  eta: ?  loss: 0.0242 (0.0280)  time: 0.0210  data: 0.0087  max mem: 16496
Active Test:  [   490/?]  eta: ?  loss: 0.0180 (0.0277)  time: 0.0210  data: 0.0086  max mem: 16496
Active Test:  [   500/?]  eta: ?  loss: 0.0139 (0.0276)  time: 0.0214  data: 0.0091  max mem: 16496
Active Test:  [   510/?]  eta: ?  loss: 0.0168 (0.0274)  time: 0.0222  data: 0.0092  max mem: 16496
Active Test:  [   520/?]  eta: ?  loss: 0.0094 (0.0274)  time: 0.0225  data: 0.0092  max mem: 16496
Active Test:  [   530/?]  eta: ?  loss: 0.0119 (0.0272)  time: 0.0222  data: 0.0092  max mem: 16496
Active Test:  [   540/?]  eta: ?  loss: 0.0152 (0.0271)  time: 0.0244  data: 0.0101  max mem: 16496
Active Test: Total time: 0:00:14 (0.0262 s / it)
* loss 0.027

============================================================
Evaluating on passive tasks (204,188 samples)...
============================================================
Passive Test:  [     0/?]  eta: ?  loss: 0.0115 (0.0115)  time: 1.0045  data: 0.9872  max mem: 16496
Passive Test:  [    10/?]  eta: ?  loss: 0.0127 (0.0129)  time: 0.1127  data: 0.0982  max mem: 16496
Passive Test:  [    20/?]  eta: ?  loss: 0.0127 (0.0156)  time: 0.0214  data: 0.0079  max mem: 16496
Passive Test:  [    30/?]  eta: ?  loss: 0.0145 (0.0191)  time: 0.0202  data: 0.0076  max mem: 16496
Passive Test:  [    40/?]  eta: ?  loss: 0.0166 (0.0241)  time: 0.0189  data: 0.0068  max mem: 16496
Passive Test:  [    50/?]  eta: ?  loss: 0.0237 (0.0266)  time: 0.0181  data: 0.0062  max mem: 16496
Passive Test:  [    60/?]  eta: ?  loss: 0.0237 (0.0286)  time: 0.0185  data: 0.0065  max mem: 16496
Passive Test:  [    70/?]  eta: ?  loss: 0.0165 (0.0300)  time: 0.0185  data: 0.0066  max mem: 16496
Passive Test:  [    80/?]  eta: ?  loss: 0.0154 (0.0305)  time: 0.0182  data: 0.0063  max mem: 16496
Passive Test:  [    90/?]  eta: ?  loss: 0.0176 (0.0301)  time: 0.0184  data: 0.0064  max mem: 16496
Passive Test:  [   100/?]  eta: ?  loss: 0.0200 (0.0298)  time: 0.0187  data: 0.0067  max mem: 16496
Passive Test:  [   110/?]  eta: ?  loss: 0.0147 (0.0287)  time: 0.0180  data: 0.0061  max mem: 16496
Passive Test:  [   120/?]  eta: ?  loss: 0.0103 (0.0283)  time: 0.0179  data: 0.0059  max mem: 16496
Passive Test:  [   130/?]  eta: ?  loss: 0.0135 (0.0282)  time: 0.0182  data: 0.0062  max mem: 16496
Passive Test:  [   140/?]  eta: ?  loss: 0.0164 (0.0289)  time: 0.0180  data: 0.0060  max mem: 16496
Passive Test:  [   150/?]  eta: ?  loss: 0.0207 (0.0288)  time: 0.0177  data: 0.0057  max mem: 16496
Passive Test:  [   160/?]  eta: ?  loss: 0.0183 (0.0287)  time: 0.0177  data: 0.0057  max mem: 16496
Passive Test:  [   170/?]  eta: ?  loss: 0.0126 (0.0282)  time: 0.0180  data: 0.0060  max mem: 16496
Passive Test:  [   180/?]  eta: ?  loss: 0.0126 (0.0274)  time: 0.0178  data: 0.0058  max mem: 16496
Passive Test:  [   190/?]  eta: ?  loss: 0.0149 (0.0267)  time: 0.0178  data: 0.0058  max mem: 16496
Passive Test:  [   200/?]  eta: ?  loss: 0.0093 (0.0261)  time: 0.0174  data: 0.0054  max mem: 16496
Passive Test:  [   210/?]  eta: ?  loss: 0.0093 (0.0258)  time: 0.0176  data: 0.0057  max mem: 16496
Passive Test:  [   220/?]  eta: ?  loss: 0.0148 (0.0252)  time: 0.0181  data: 0.0062  max mem: 16496
Passive Test:  [   230/?]  eta: ?  loss: 0.0120 (0.0249)  time: 0.0177  data: 0.0057  max mem: 16496
Passive Test:  [   240/?]  eta: ?  loss: 0.0143 (0.0245)  time: 0.0178  data: 0.0059  max mem: 16496
Passive Test:  [   250/?]  eta: ?  loss: 0.0140 (0.0242)  time: 0.0179  data: 0.0059  max mem: 16496
Passive Test:  [   260/?]  eta: ?  loss: 0.0123 (0.0238)  time: 0.0184  data: 0.0063  max mem: 16496
Passive Test:  [   270/?]  eta: ?  loss: 0.0078 (0.0239)  time: 0.0174  data: 0.0054  max mem: 16496
Passive Test:  [   280/?]  eta: ?  loss: 0.0081 (0.0234)  time: 0.0177  data: 0.0057  max mem: 16496
Passive Test:  [   290/?]  eta: ?  loss: 0.0082 (0.0230)  time: 0.0180  data: 0.0060  max mem: 16496
Passive Test:  [   300/?]  eta: ?  loss: 0.0085 (0.0226)  time: 0.0174  data: 0.0054  max mem: 16496
Passive Test:  [   310/?]  eta: ?  loss: 0.0129 (0.0224)  time: 0.0176  data: 0.0057  max mem: 16496
Passive Test:  [   320/?]  eta: ?  loss: 0.0136 (0.0221)  time: 0.0177  data: 0.0057  max mem: 16496
Passive Test:  [   330/?]  eta: ?  loss: 0.0141 (0.0220)  time: 0.0178  data: 0.0057  max mem: 16496
Passive Test:  [   340/?]  eta: ?  loss: 0.0132 (0.0217)  time: 0.0179  data: 0.0059  max mem: 16496
Passive Test:  [   350/?]  eta: ?  loss: 0.0085 (0.0214)  time: 0.0175  data: 0.0056  max mem: 16496
Passive Test:  [   360/?]  eta: ?  loss: 0.0113 (0.0211)  time: 0.0175  data: 0.0056  max mem: 16496
Passive Test:  [   370/?]  eta: ?  loss: 0.0120 (0.0209)  time: 0.0181  data: 0.0061  max mem: 16496
Passive Test:  [   380/?]  eta: ?  loss: 0.0117 (0.0206)  time: 0.0175  data: 0.0055  max mem: 16496
Passive Test:  [   390/?]  eta: ?  loss: 0.0108 (0.0203)  time: 0.0180  data: 0.0058  max mem: 16496
Passive Test:  [   400/?]  eta: ?  loss: 0.0174 (0.0202)  time: 0.0182  data: 0.0060  max mem: 16496
Passive Test:  [   410/?]  eta: ?  loss: 0.0177 (0.0201)  time: 0.0181  data: 0.0060  max mem: 16496
Passive Test:  [   420/?]  eta: ?  loss: 0.0160 (0.0200)  time: 0.0180  data: 0.0058  max mem: 16496
Passive Test:  [   430/?]  eta: ?  loss: 0.0167 (0.0200)  time: 0.0182  data: 0.0062  max mem: 16496
Passive Test:  [   440/?]  eta: ?  loss: 0.0145 (0.0200)  time: 0.0182  data: 0.0062  max mem: 16496
Passive Test:  [   450/?]  eta: ?  loss: 0.0111 (0.0201)  time: 0.0183  data: 0.0063  max mem: 16496
Passive Test:  [   460/?]  eta: ?  loss: 0.0202 (0.0203)  time: 0.0185  data: 0.0065  max mem: 16496
Passive Test:  [   470/?]  eta: ?  loss: 0.0210 (0.0205)  time: 0.0176  data: 0.0054  max mem: 16496
Passive Test:  [   480/?]  eta: ?  loss: 0.0305 (0.0207)  time: 0.0172  data: 0.0051  max mem: 16496
Passive Test:  [   490/?]  eta: ?  loss: 0.0305 (0.0209)  time: 0.0179  data: 0.0058  max mem: 16496
Passive Test:  [   500/?]  eta: ?  loss: 0.0285 (0.0211)  time: 0.0181  data: 0.0059  max mem: 16496
Passive Test:  [   510/?]  eta: ?  loss: 0.0267 (0.0215)  time: 0.0180  data: 0.0059  max mem: 16496
Passive Test:  [   520/?]  eta: ?  loss: 0.0252 (0.0215)  time: 0.0177  data: 0.0057  max mem: 16496
Passive Test:  [   530/?]  eta: ?  loss: 0.0237 (0.0215)  time: 0.0178  data: 0.0057  max mem: 16496
Passive Test:  [   540/?]  eta: ?  loss: 0.0213 (0.0216)  time: 0.0176  data: 0.0056  max mem: 16496
Passive Test:  [   550/?]  eta: ?  loss: 0.0148 (0.0216)  time: 0.0175  data: 0.0054  max mem: 16496
Passive Test:  [   560/?]  eta: ?  loss: 0.0117 (0.0214)  time: 0.0179  data: 0.0059  max mem: 16496
Passive Test:  [   570/?]  eta: ?  loss: 0.0105 (0.0213)  time: 0.0173  data: 0.0052  max mem: 16496
Passive Test:  [   580/?]  eta: ?  loss: 0.0100 (0.0211)  time: 0.0171  data: 0.0050  max mem: 16496
Passive Test:  [   590/?]  eta: ?  loss: 0.0126 (0.0211)  time: 0.0171  data: 0.0051  max mem: 16496
Passive Test:  [   600/?]  eta: ?  loss: 0.0238 (0.0212)  time: 0.0184  data: 0.0064  max mem: 16496
Passive Test:  [   610/?]  eta: ?  loss: 0.0190 (0.0212)  time: 0.0178  data: 0.0058  max mem: 16496
Passive Test:  [   620/?]  eta: ?  loss: 0.0159 (0.0210)  time: 0.0170  data: 0.0050  max mem: 16496
Passive Test:  [   630/?]  eta: ?  loss: 0.0143 (0.0210)  time: 0.0174  data: 0.0054  max mem: 16496
Passive Test:  [   640/?]  eta: ?  loss: 0.0169 (0.0210)  time: 0.0180  data: 0.0059  max mem: 16496
Passive Test:  [   650/?]  eta: ?  loss: 0.0222 (0.0213)  time: 0.0176  data: 0.0055  max mem: 16496
Passive Test:  [   660/?]  eta: ?  loss: 0.0417 (0.0218)  time: 0.0178  data: 0.0059  max mem: 16496
Passive Test:  [   670/?]  eta: ?  loss: 0.0513 (0.0224)  time: 0.0177  data: 0.0058  max mem: 16496
Passive Test:  [   680/?]  eta: ?  loss: 0.0532 (0.0229)  time: 0.0179  data: 0.0059  max mem: 16496
Passive Test:  [   690/?]  eta: ?  loss: 0.0516 (0.0234)  time: 0.0180  data: 0.0060  max mem: 16496
Passive Test:  [   700/?]  eta: ?  loss: 0.0486 (0.0238)  time: 0.0183  data: 0.0062  max mem: 16496
Passive Test:  [   710/?]  eta: ?  loss: 0.0542 (0.0243)  time: 0.0178  data: 0.0059  max mem: 16496
Passive Test:  [   720/?]  eta: ?  loss: 0.0580 (0.0248)  time: 0.0172  data: 0.0053  max mem: 16496
Passive Test:  [   730/?]  eta: ?  loss: 0.0580 (0.0252)  time: 0.0174  data: 0.0054  max mem: 16496
Passive Test:  [   740/?]  eta: ?  loss: 0.0307 (0.0252)  time: 0.0177  data: 0.0057  max mem: 16496
Passive Test:  [   750/?]  eta: ?  loss: 0.0160 (0.0251)  time: 0.0177  data: 0.0056  max mem: 16496
Passive Test:  [   760/?]  eta: ?  loss: 0.0137 (0.0251)  time: 0.0176  data: 0.0056  max mem: 16496
Passive Test:  [   770/?]  eta: ?  loss: 0.0149 (0.0251)  time: 0.0177  data: 0.0056  max mem: 16496
Passive Test:  [   780/?]  eta: ?  loss: 0.0214 (0.0252)  time: 0.0176  data: 0.0055  max mem: 16496
Passive Test:  [   790/?]  eta: ?  loss: 0.0197 (0.0252)  time: 0.0175  data: 0.0055  max mem: 16496
Passive Test:  [   800/?]  eta: ?  loss: 0.0190 (0.0252)  time: 0.0175  data: 0.0056  max mem: 16496
Passive Test:  [   810/?]  eta: ?  loss: 0.0206 (0.0252)  time: 0.0175  data: 0.0055  max mem: 16496
Passive Test:  [   820/?]  eta: ?  loss: 0.0190 (0.0251)  time: 0.0176  data: 0.0055  max mem: 16496
Passive Test:  [   830/?]  eta: ?  loss: 0.0190 (0.0251)  time: 0.0177  data: 0.0056  max mem: 16496
Passive Test:  [   840/?]  eta: ?  loss: 0.0188 (0.0251)  time: 0.0181  data: 0.0060  max mem: 16496
Passive Test:  [   850/?]  eta: ?  loss: 0.0136 (0.0249)  time: 0.0178  data: 0.0057  max mem: 16496
Passive Test:  [   860/?]  eta: ?  loss: 0.0144 (0.0248)  time: 0.0171  data: 0.0050  max mem: 16496
Passive Test:  [   870/?]  eta: ?  loss: 0.0156 (0.0247)  time: 0.0176  data: 0.0054  max mem: 16496
Passive Test:  [   880/?]  eta: ?  loss: 0.0149 (0.0246)  time: 0.0182  data: 0.0060  max mem: 16496
Passive Test:  [   890/?]  eta: ?  loss: 0.0124 (0.0245)  time: 0.0181  data: 0.0059  max mem: 16496
Passive Test:  [   900/?]  eta: ?  loss: 0.0124 (0.0244)  time: 0.0183  data: 0.0061  max mem: 16496
Passive Test:  [   910/?]  eta: ?  loss: 0.0107 (0.0243)  time: 0.0179  data: 0.0057  max mem: 16496
Passive Test:  [   920/?]  eta: ?  loss: 0.0097 (0.0241)  time: 0.0180  data: 0.0059  max mem: 16496
Passive Test:  [   930/?]  eta: ?  loss: 0.0099 (0.0240)  time: 0.0180  data: 0.0059  max mem: 16496
Passive Test:  [   940/?]  eta: ?  loss: 0.0113 (0.0239)  time: 0.0175  data: 0.0054  max mem: 16496
Passive Test:  [   950/?]  eta: ?  loss: 0.0127 (0.0239)  time: 0.0178  data: 0.0057  max mem: 16496
Passive Test:  [   960/?]  eta: ?  loss: 0.0300 (0.0240)  time: 0.0175  data: 0.0054  max mem: 16496
Passive Test:  [   970/?]  eta: ?  loss: 0.0253 (0.0241)  time: 0.0178  data: 0.0057  max mem: 16496
Passive Test:  [   980/?]  eta: ?  loss: 0.0220 (0.0240)  time: 0.0174  data: 0.0054  max mem: 16496
Passive Test:  [   990/?]  eta: ?  loss: 0.0182 (0.0240)  time: 0.0174  data: 0.0054  max mem: 16496
Passive Test:  [  1000/?]  eta: ?  loss: 0.0226 (0.0241)  time: 0.0177  data: 0.0058  max mem: 16496
Passive Test:  [  1010/?]  eta: ?  loss: 0.0226 (0.0242)  time: 0.0179  data: 0.0059  max mem: 16496
Passive Test:  [  1020/?]  eta: ?  loss: 0.0210 (0.0242)  time: 0.0179  data: 0.0058  max mem: 16496
Passive Test:  [  1030/?]  eta: ?  loss: 0.0193 (0.0243)  time: 0.0179  data: 0.0057  max mem: 16496
Passive Test:  [  1040/?]  eta: ?  loss: 0.0189 (0.0244)  time: 0.0172  data: 0.0051  max mem: 16496
Passive Test:  [  1050/?]  eta: ?  loss: 0.0159 (0.0243)  time: 0.0181  data: 0.0062  max mem: 16496
Passive Test:  [  1060/?]  eta: ?  loss: 0.0125 (0.0245)  time: 0.0181  data: 0.0061  max mem: 16496
Passive Test:  [  1070/?]  eta: ?  loss: 0.0153 (0.0244)  time: 0.0180  data: 0.0060  max mem: 16496
Passive Test:  [  1080/?]  eta: ?  loss: 0.0153 (0.0244)  time: 0.0183  data: 0.0063  max mem: 16496
Passive Test:  [  1090/?]  eta: ?  loss: 0.0138 (0.0245)  time: 0.0183  data: 0.0062  max mem: 16496
Passive Test:  [  1100/?]  eta: ?  loss: 0.0134 (0.0246)  time: 0.0175  data: 0.0054  max mem: 16496
Passive Test:  [  1110/?]  eta: ?  loss: 0.0148 (0.0247)  time: 0.0176  data: 0.0055  max mem: 16496
Passive Test:  [  1120/?]  eta: ?  loss: 0.0630 (0.0250)  time: 0.0180  data: 0.0058  max mem: 16496
Passive Test:  [  1130/?]  eta: ?  loss: 0.0666 (0.0252)  time: 0.0178  data: 0.0056  max mem: 16496
Passive Test:  [  1140/?]  eta: ?  loss: 0.0587 (0.0255)  time: 0.0180  data: 0.0060  max mem: 16496
Passive Test:  [  1150/?]  eta: ?  loss: 0.0404 (0.0256)  time: 0.0179  data: 0.0058  max mem: 16496
Passive Test:  [  1160/?]  eta: ?  loss: 0.0178 (0.0259)  time: 0.0173  data: 0.0052  max mem: 16496
Passive Test:  [  1170/?]  eta: ?  loss: 0.0242 (0.0260)  time: 0.0176  data: 0.0055  max mem: 16496
Passive Test:  [  1180/?]  eta: ?  loss: 0.0242 (0.0261)  time: 0.0182  data: 0.0062  max mem: 16496
Passive Test:  [  1190/?]  eta: ?  loss: 0.0267 (0.0263)  time: 0.0182  data: 0.0062  max mem: 16496
Passive Test:  [  1200/?]  eta: ?  loss: 0.0242 (0.0265)  time: 0.0183  data: 0.0063  max mem: 16496
Passive Test:  [  1210/?]  eta: ?  loss: 0.0217 (0.0264)  time: 0.0182  data: 0.0063  max mem: 16496
Passive Test:  [  1220/?]  eta: ?  loss: 0.0189 (0.0263)  time: 0.0182  data: 0.0062  max mem: 16496
Passive Test:  [  1230/?]  eta: ?  loss: 0.0182 (0.0263)  time: 0.0183  data: 0.0062  max mem: 16496
Passive Test:  [  1240/?]  eta: ?  loss: 0.0195 (0.0263)  time: 0.0177  data: 0.0056  max mem: 16496
Passive Test:  [  1250/?]  eta: ?  loss: 0.0227 (0.0262)  time: 0.0177  data: 0.0055  max mem: 16496
Passive Test:  [  1260/?]  eta: ?  loss: 0.0216 (0.0262)  time: 0.0180  data: 0.0058  max mem: 16496
Passive Test:  [  1270/?]  eta: ?  loss: 0.0216 (0.0262)  time: 0.0178  data: 0.0057  max mem: 16496
Passive Test:  [  1280/?]  eta: ?  loss: 0.0217 (0.0262)  time: 0.0175  data: 0.0054  max mem: 16496
Passive Test:  [  1290/?]  eta: ?  loss: 0.0193 (0.0261)  time: 0.0179  data: 0.0057  max mem: 16496
Passive Test:  [  1300/?]  eta: ?  loss: 0.0189 (0.0260)  time: 0.0177  data: 0.0055  max mem: 16496
Passive Test:  [  1310/?]  eta: ?  loss: 0.0255 (0.0260)  time: 0.0175  data: 0.0053  max mem: 16496
Passive Test:  [  1320/?]  eta: ?  loss: 0.0240 (0.0260)  time: 0.0176  data: 0.0055  max mem: 16496
Passive Test:  [  1330/?]  eta: ?  loss: 0.0207 (0.0261)  time: 0.0178  data: 0.0056  max mem: 16496
Passive Test:  [  1340/?]  eta: ?  loss: 0.0212 (0.0260)  time: 0.0180  data: 0.0059  max mem: 16496
Passive Test:  [  1350/?]  eta: ?  loss: 0.0186 (0.0260)  time: 0.0174  data: 0.0053  max mem: 16496
Passive Test:  [  1360/?]  eta: ?  loss: 0.0157 (0.0259)  time: 0.0176  data: 0.0055  max mem: 16496
Passive Test:  [  1370/?]  eta: ?  loss: 0.0171 (0.0259)  time: 0.0179  data: 0.0059  max mem: 16496
Passive Test:  [  1380/?]  eta: ?  loss: 0.0171 (0.0258)  time: 0.0181  data: 0.0060  max mem: 16496
Passive Test:  [  1390/?]  eta: ?  loss: 0.0137 (0.0257)  time: 0.0177  data: 0.0056  max mem: 16496
Passive Test:  [  1400/?]  eta: ?  loss: 0.0106 (0.0257)  time: 0.0171  data: 0.0049  max mem: 16496
Passive Test:  [  1410/?]  eta: ?  loss: 0.0106 (0.0256)  time: 0.0179  data: 0.0057  max mem: 16496
Passive Test:  [  1420/?]  eta: ?  loss: 0.0130 (0.0256)  time: 0.0181  data: 0.0060  max mem: 16496
Passive Test:  [  1430/?]  eta: ?  loss: 0.0149 (0.0255)  time: 0.0180  data: 0.0057  max mem: 16496
Passive Test:  [  1440/?]  eta: ?  loss: 0.0149 (0.0254)  time: 0.0177  data: 0.0055  max mem: 16496
Passive Test:  [  1450/?]  eta: ?  loss: 0.0128 (0.0253)  time: 0.0173  data: 0.0053  max mem: 16496
Passive Test:  [  1460/?]  eta: ?  loss: 0.0099 (0.0253)  time: 0.0179  data: 0.0058  max mem: 16496
Passive Test:  [  1470/?]  eta: ?  loss: 0.0101 (0.0252)  time: 0.0184  data: 0.0062  max mem: 16496
Passive Test:  [  1480/?]  eta: ?  loss: 0.0231 (0.0252)  time: 0.0177  data: 0.0055  max mem: 16496
Passive Test:  [  1490/?]  eta: ?  loss: 0.0234 (0.0253)  time: 0.0171  data: 0.0049  max mem: 16496
Passive Test:  [  1500/?]  eta: ?  loss: 0.0126 (0.0253)  time: 0.0175  data: 0.0055  max mem: 16496
Passive Test:  [  1510/?]  eta: ?  loss: 0.0125 (0.0254)  time: 0.0179  data: 0.0059  max mem: 16496
Passive Test:  [  1520/?]  eta: ?  loss: 0.0137 (0.0254)  time: 0.0177  data: 0.0056  max mem: 16496
Passive Test:  [  1530/?]  eta: ?  loss: 0.0139 (0.0255)  time: 0.0176  data: 0.0055  max mem: 16496
Passive Test:  [  1540/?]  eta: ?  loss: 0.0151 (0.0255)  time: 0.0172  data: 0.0051  max mem: 16496
Passive Test:  [  1550/?]  eta: ?  loss: 0.0151 (0.0256)  time: 0.0170  data: 0.0048  max mem: 16496
Passive Test:  [  1560/?]  eta: ?  loss: 0.0113 (0.0256)  time: 0.0183  data: 0.0062  max mem: 16496
Passive Test:  [  1570/?]  eta: ?  loss: 0.0113 (0.0258)  time: 0.0184  data: 0.0063  max mem: 16496
Passive Test:  [  1580/?]  eta: ?  loss: 0.0165 (0.0259)  time: 0.0180  data: 0.0059  max mem: 16496
Passive Test:  [  1590/?]  eta: ?  loss: 0.0165 (0.0260)  time: 0.0177  data: 0.0055  max mem: 16496
Passive Test:  [  1600/?]  eta: ?  loss: 0.0180 (0.0259)  time: 0.0174  data: 0.0053  max mem: 16496
Passive Test:  [  1610/?]  eta: ?  loss: 0.0180 (0.0259)  time: 0.0182  data: 0.0061  max mem: 16496
Passive Test:  [  1620/?]  eta: ?  loss: 0.0092 (0.0258)  time: 0.0183  data: 0.0062  max mem: 16496
Passive Test:  [  1630/?]  eta: ?  loss: 0.0092 (0.0257)  time: 0.0178  data: 0.0058  max mem: 16496
Passive Test:  [  1640/?]  eta: ?  loss: 0.0143 (0.0256)  time: 0.0176  data: 0.0055  max mem: 16496
Passive Test:  [  1650/?]  eta: ?  loss: 0.0134 (0.0255)  time: 0.0183  data: 0.0062  max mem: 16496
Passive Test:  [  1660/?]  eta: ?  loss: 0.0108 (0.0255)  time: 0.0186  data: 0.0065  max mem: 16496
Passive Test:  [  1670/?]  eta: ?  loss: 0.0113 (0.0254)  time: 0.0187  data: 0.0066  max mem: 16496
Passive Test:  [  1680/?]  eta: ?  loss: 0.0117 (0.0254)  time: 0.0185  data: 0.0065  max mem: 16496
Passive Test:  [  1690/?]  eta: ?  loss: 0.0095 (0.0253)  time: 0.0182  data: 0.0062  max mem: 16496
Passive Test:  [  1700/?]  eta: ?  loss: 0.0085 (0.0252)  time: 0.0180  data: 0.0059  max mem: 16496
Passive Test:  [  1710/?]  eta: ?  loss: 0.0159 (0.0252)  time: 0.0175  data: 0.0055  max mem: 16496
Passive Test:  [  1720/?]  eta: ?  loss: 0.0164 (0.0252)  time: 0.0174  data: 0.0053  max mem: 16496
Passive Test:  [  1730/?]  eta: ?  loss: 0.0162 (0.0252)  time: 0.0174  data: 0.0053  max mem: 16496
Passive Test:  [  1740/?]  eta: ?  loss: 0.0207 (0.0252)  time: 0.0183  data: 0.0062  max mem: 16496
Passive Test:  [  1750/?]  eta: ?  loss: 0.0204 (0.0252)  time: 0.0182  data: 0.0060  max mem: 16496
Passive Test:  [  1760/?]  eta: ?  loss: 0.0179 (0.0251)  time: 0.0191  data: 0.0069  max mem: 16496
Passive Test:  [  1770/?]  eta: ?  loss: 0.0104 (0.0251)  time: 0.0187  data: 0.0065  max mem: 16496
Passive Test:  [  1780/?]  eta: ?  loss: 0.0240 (0.0252)  time: 0.0188  data: 0.0067  max mem: 16496
Passive Test:  [  1790/?]  eta: ?  loss: 0.0247 (0.0253)  time: 0.0186  data: 0.0064  max mem: 16496
Passive Test:  [  1800/?]  eta: ?  loss: 0.0260 (0.0254)  time: 0.0182  data: 0.0060  max mem: 16496
Passive Test:  [  1810/?]  eta: ?  loss: 0.0375 (0.0255)  time: 0.0185  data: 0.0063  max mem: 16496
Passive Test:  [  1820/?]  eta: ?  loss: 0.0360 (0.0257)  time: 0.0187  data: 0.0065  max mem: 16496
Passive Test:  [  1830/?]  eta: ?  loss: 0.0290 (0.0258)  time: 0.0180  data: 0.0058  max mem: 16496
Passive Test:  [  1840/?]  eta: ?  loss: 0.0212 (0.0259)  time: 0.0177  data: 0.0057  max mem: 16496
Passive Test:  [  1850/?]  eta: ?  loss: 0.0190 (0.0259)  time: 0.0185  data: 0.0065  max mem: 16496
Passive Test:  [  1860/?]  eta: ?  loss: 0.0178 (0.0259)  time: 0.0189  data: 0.0069  max mem: 16496
Passive Test:  [  1870/?]  eta: ?  loss: 0.0163 (0.0258)  time: 0.0187  data: 0.0065  max mem: 16496
Passive Test:  [  1880/?]  eta: ?  loss: 0.0173 (0.0258)  time: 0.0191  data: 0.0069  max mem: 16496
Passive Test:  [  1890/?]  eta: ?  loss: 0.0130 (0.0258)  time: 0.0193  data: 0.0072  max mem: 16496
Passive Test:  [  1900/?]  eta: ?  loss: 0.0171 (0.0258)  time: 0.0187  data: 0.0066  max mem: 16496
Passive Test:  [  1910/?]  eta: ?  loss: 0.0300 (0.0259)  time: 0.0181  data: 0.0060  max mem: 16496
Passive Test:  [  1920/?]  eta: ?  loss: 0.0142 (0.0259)  time: 0.0181  data: 0.0060  max mem: 16496
Passive Test:  [  1930/?]  eta: ?  loss: 0.0109 (0.0258)  time: 0.0188  data: 0.0067  max mem: 16496
Passive Test:  [  1940/?]  eta: ?  loss: 0.0123 (0.0258)  time: 0.0189  data: 0.0068  max mem: 16496
Passive Test:  [  1950/?]  eta: ?  loss: 0.0130 (0.0257)  time: 0.0182  data: 0.0062  max mem: 16496
Passive Test:  [  1960/?]  eta: ?  loss: 0.0111 (0.0256)  time: 0.0180  data: 0.0060  max mem: 16496
Passive Test:  [  1970/?]  eta: ?  loss: 0.0095 (0.0256)  time: 0.0184  data: 0.0063  max mem: 16496
Passive Test:  [  1980/?]  eta: ?  loss: 0.0093 (0.0256)  time: 0.0181  data: 0.0060  max mem: 16496
Passive Test:  [  1990/?]  eta: ?  loss: 0.0174 (0.0256)  time: 0.0178  data: 0.0056  max mem: 16496
Passive Test:  [  2000/?]  eta: ?  loss: 0.0266 (0.0256)  time: 0.0181  data: 0.0061  max mem: 16496
Passive Test:  [  2010/?]  eta: ?  loss: 0.0306 (0.0256)  time: 0.0183  data: 0.0062  max mem: 16496
Passive Test:  [  2020/?]  eta: ?  loss: 0.0293 (0.0256)  time: 0.0182  data: 0.0061  max mem: 16496
Passive Test:  [  2030/?]  eta: ?  loss: 0.0296 (0.0258)  time: 0.0186  data: 0.0065  max mem: 16496
Passive Test:  [  2040/?]  eta: ?  loss: 0.0279 (0.0258)  time: 0.0184  data: 0.0064  max mem: 16496
Passive Test:  [  2050/?]  eta: ?  loss: 0.0259 (0.0259)  time: 0.0182  data: 0.0061  max mem: 16496
Passive Test:  [  2060/?]  eta: ?  loss: 0.0173 (0.0259)  time: 0.0185  data: 0.0065  max mem: 16496
Passive Test:  [  2070/?]  eta: ?  loss: 0.0172 (0.0258)  time: 0.0187  data: 0.0066  max mem: 16496
Passive Test:  [  2080/?]  eta: ?  loss: 0.0136 (0.0258)  time: 0.0179  data: 0.0059  max mem: 16496
Passive Test:  [  2090/?]  eta: ?  loss: 0.0188 (0.0258)  time: 0.0180  data: 0.0059  max mem: 16496
Passive Test:  [  2100/?]  eta: ?  loss: 0.0358 (0.0259)  time: 0.0186  data: 0.0065  max mem: 16496
Passive Test:  [  2110/?]  eta: ?  loss: 0.0474 (0.0262)  time: 0.0190  data: 0.0069  max mem: 16496
Passive Test:  [  2120/?]  eta: ?  loss: 0.0499 (0.0264)  time: 0.0190  data: 0.0070  max mem: 16496
Passive Test:  [  2130/?]  eta: ?  loss: 0.0473 (0.0266)  time: 0.0184  data: 0.0064  max mem: 16496
Passive Test:  [  2140/?]  eta: ?  loss: 0.0232 (0.0268)  time: 0.0181  data: 0.0060  max mem: 16496
Passive Test:  [  2150/?]  eta: ?  loss: 0.0252 (0.0270)  time: 0.0182  data: 0.0060  max mem: 16496
Passive Test:  [  2160/?]  eta: ?  loss: 0.0435 (0.0271)  time: 0.0182  data: 0.0061  max mem: 16496
Passive Test:  [  2170/?]  eta: ?  loss: 0.0327 (0.0271)  time: 0.0179  data: 0.0057  max mem: 16496
Passive Test:  [  2180/?]  eta: ?  loss: 0.0200 (0.0270)  time: 0.0175  data: 0.0052  max mem: 16496
Passive Test:  [  2190/?]  eta: ?  loss: 0.0215 (0.0271)  time: 0.0177  data: 0.0055  max mem: 16496
Passive Test:  [  2200/?]  eta: ?  loss: 0.0253 (0.0272)  time: 0.0182  data: 0.0061  max mem: 16496
Passive Test:  [  2210/?]  eta: ?  loss: 0.0253 (0.0272)  time: 0.0180  data: 0.0060  max mem: 16496
Passive Test:  [  2220/?]  eta: ?  loss: 0.0145 (0.0272)  time: 0.0176  data: 0.0056  max mem: 16496
Passive Test:  [  2230/?]  eta: ?  loss: 0.0141 (0.0271)  time: 0.0182  data: 0.0062  max mem: 16496
Passive Test:  [  2240/?]  eta: ?  loss: 0.0122 (0.0271)  time: 0.0192  data: 0.0072  max mem: 16496
Passive Test:  [  2250/?]  eta: ?  loss: 0.0118 (0.0270)  time: 0.0190  data: 0.0069  max mem: 16496
Passive Test:  [  2260/?]  eta: ?  loss: 0.0189 (0.0270)  time: 0.0181  data: 0.0060  max mem: 16496
Passive Test:  [  2270/?]  eta: ?  loss: 0.0202 (0.0270)  time: 0.0184  data: 0.0063  max mem: 16496
Passive Test:  [  2280/?]  eta: ?  loss: 0.0236 (0.0271)  time: 0.0184  data: 0.0063  max mem: 16496
Passive Test:  [  2290/?]  eta: ?  loss: 0.0258 (0.0271)  time: 0.0179  data: 0.0059  max mem: 16496
Passive Test:  [  2300/?]  eta: ?  loss: 0.0349 (0.0272)  time: 0.0180  data: 0.0059  max mem: 16496
Passive Test:  [  2310/?]  eta: ?  loss: 0.0407 (0.0273)  time: 0.0181  data: 0.0059  max mem: 16496
Passive Test:  [  2320/?]  eta: ?  loss: 0.0162 (0.0273)  time: 0.0180  data: 0.0060  max mem: 16496
Passive Test:  [  2330/?]  eta: ?  loss: 0.0137 (0.0273)  time: 0.0183  data: 0.0063  max mem: 16496
Passive Test:  [  2340/?]  eta: ?  loss: 0.0072 (0.0273)  time: 0.0184  data: 0.0064  max mem: 16496
Passive Test:  [  2350/?]  eta: ?  loss: 0.0077 (0.0272)  time: 0.0184  data: 0.0063  max mem: 16496
Passive Test:  [  2360/?]  eta: ?  loss: 0.0132 (0.0272)  time: 0.0185  data: 0.0064  max mem: 16496
Passive Test:  [  2370/?]  eta: ?  loss: 0.0172 (0.0272)  time: 0.0184  data: 0.0063  max mem: 16496
Passive Test:  [  2380/?]  eta: ?  loss: 0.0160 (0.0271)  time: 0.0176  data: 0.0055  max mem: 16496
Passive Test:  [  2390/?]  eta: ?  loss: 0.0132 (0.0271)  time: 0.0180  data: 0.0059  max mem: 16496
Passive Test:  [  2400/?]  eta: ?  loss: 0.0128 (0.0270)  time: 0.0183  data: 0.0064  max mem: 16496
Passive Test:  [  2410/?]  eta: ?  loss: 0.0128 (0.0270)  time: 0.0179  data: 0.0059  max mem: 16496
Passive Test:  [  2420/?]  eta: ?  loss: 0.0248 (0.0270)  time: 0.0182  data: 0.0061  max mem: 16496
Passive Test:  [  2430/?]  eta: ?  loss: 0.0291 (0.0270)  time: 0.0184  data: 0.0063  max mem: 16496
Passive Test:  [  2440/?]  eta: ?  loss: 0.0357 (0.0271)  time: 0.0179  data: 0.0058  max mem: 16496
Passive Test:  [  2450/?]  eta: ?  loss: 0.0385 (0.0272)  time: 0.0179  data: 0.0057  max mem: 16496
Passive Test:  [  2460/?]  eta: ?  loss: 0.0328 (0.0272)  time: 0.0185  data: 0.0063  max mem: 16496
Passive Test:  [  2470/?]  eta: ?  loss: 0.0318 (0.0272)  time: 0.0186  data: 0.0064  max mem: 16496
Passive Test:  [  2480/?]  eta: ?  loss: 0.0324 (0.0273)  time: 0.0182  data: 0.0061  max mem: 16496
Passive Test:  [  2490/?]  eta: ?  loss: 0.0305 (0.0273)  time: 0.0182  data: 0.0061  max mem: 16496
Passive Test:  [  2500/?]  eta: ?  loss: 0.0206 (0.0273)  time: 0.0185  data: 0.0065  max mem: 16496
Passive Test:  [  2510/?]  eta: ?  loss: 0.0177 (0.0273)  time: 0.0186  data: 0.0066  max mem: 16496
Passive Test:  [  2520/?]  eta: ?  loss: 0.0111 (0.0273)  time: 0.0179  data: 0.0059  max mem: 16496
Passive Test:  [  2530/?]  eta: ?  loss: 0.0143 (0.0273)  time: 0.0182  data: 0.0062  max mem: 16496
Passive Test:  [  2540/?]  eta: ?  loss: 0.0143 (0.0273)  time: 0.0181  data: 0.0060  max mem: 16496
Passive Test:  [  2550/?]  eta: ?  loss: 0.0132 (0.0273)  time: 0.0178  data: 0.0057  max mem: 16496
Passive Test:  [  2560/?]  eta: ?  loss: 0.0141 (0.0273)  time: 0.0182  data: 0.0060  max mem: 16496
Passive Test:  [  2570/?]  eta: ?  loss: 0.0174 (0.0273)  time: 0.0184  data: 0.0062  max mem: 16496
Passive Test:  [  2580/?]  eta: ?  loss: 0.0153 (0.0273)  time: 0.0191  data: 0.0069  max mem: 16496
Passive Test:  [  2590/?]  eta: ?  loss: 0.0196 (0.0273)  time: 0.0192  data: 0.0070  max mem: 16496
Passive Test:  [  2600/?]  eta: ?  loss: 0.0203 (0.0273)  time: 0.0187  data: 0.0067  max mem: 16496
Passive Test:  [  2610/?]  eta: ?  loss: 0.0092 (0.0272)  time: 0.0183  data: 0.0063  max mem: 16496
Passive Test:  [  2620/?]  eta: ?  loss: 0.0099 (0.0272)  time: 0.0182  data: 0.0062  max mem: 16496
Passive Test:  [  2630/?]  eta: ?  loss: 0.0099 (0.0271)  time: 0.0184  data: 0.0064  max mem: 16496
Passive Test:  [  2640/?]  eta: ?  loss: 0.0082 (0.0271)  time: 0.0180  data: 0.0059  max mem: 16496
Passive Test:  [  2650/?]  eta: ?  loss: 0.0198 (0.0271)  time: 0.0180  data: 0.0059  max mem: 16496
Passive Test:  [  2660/?]  eta: ?  loss: 0.0201 (0.0272)  time: 0.0182  data: 0.0061  max mem: 16496
Passive Test:  [  2670/?]  eta: ?  loss: 0.0201 (0.0272)  time: 0.0184  data: 0.0062  max mem: 16496
Passive Test:  [  2680/?]  eta: ?  loss: 0.0339 (0.0273)  time: 0.0186  data: 0.0064  max mem: 16496
Passive Test:  [  2690/?]  eta: ?  loss: 0.0672 (0.0274)  time: 0.0184  data: 0.0063  max mem: 16496
Passive Test:  [  2700/?]  eta: ?  loss: 0.0708 (0.0276)  time: 0.0182  data: 0.0060  max mem: 16496
Passive Test:  [  2710/?]  eta: ?  loss: 0.0624 (0.0276)  time: 0.0181  data: 0.0060  max mem: 16496
Passive Test:  [  2720/?]  eta: ?  loss: 0.0362 (0.0277)  time: 0.0186  data: 0.0065  max mem: 16496
Passive Test:  [  2730/?]  eta: ?  loss: 0.0330 (0.0277)  time: 0.0187  data: 0.0066  max mem: 16496
Passive Test:  [  2740/?]  eta: ?  loss: 0.0153 (0.0277)  time: 0.0181  data: 0.0060  max mem: 16496
Passive Test:  [  2750/?]  eta: ?  loss: 0.0237 (0.0277)  time: 0.0177  data: 0.0055  max mem: 16496
Passive Test:  [  2760/?]  eta: ?  loss: 0.0229 (0.0277)  time: 0.0177  data: 0.0056  max mem: 16496
Passive Test:  [  2770/?]  eta: ?  loss: 0.0177 (0.0277)  time: 0.0179  data: 0.0059  max mem: 16496
Passive Test:  [  2780/?]  eta: ?  loss: 0.0173 (0.0277)  time: 0.0179  data: 0.0059  max mem: 16496
Passive Test:  [  2790/?]  eta: ?  loss: 0.0160 (0.0277)  time: 0.0178  data: 0.0058  max mem: 16496
Passive Test:  [  2800/?]  eta: ?  loss: 0.0270 (0.0277)  time: 0.0182  data: 0.0061  max mem: 16496
Passive Test:  [  2810/?]  eta: ?  loss: 0.0268 (0.0277)  time: 0.0183  data: 0.0062  max mem: 16496
Passive Test:  [  2820/?]  eta: ?  loss: 0.0249 (0.0279)  time: 0.0182  data: 0.0060  max mem: 16496
Passive Test:  [  2830/?]  eta: ?  loss: 0.0285 (0.0281)  time: 0.0184  data: 0.0063  max mem: 16496
Passive Test:  [  2840/?]  eta: ?  loss: 0.0213 (0.0282)  time: 0.0180  data: 0.0059  max mem: 16496
Passive Test:  [  2850/?]  eta: ?  loss: 0.0117 (0.0284)  time: 0.0180  data: 0.0060  max mem: 16496
Passive Test:  [  2860/?]  eta: ?  loss: 0.0095 (0.0285)  time: 0.0182  data: 0.0062  max mem: 16496
Passive Test:  [  2870/?]  eta: ?  loss: 0.0096 (0.0286)  time: 0.0179  data: 0.0059  max mem: 16496
Passive Test:  [  2880/?]  eta: ?  loss: 0.0101 (0.0286)  time: 0.0178  data: 0.0057  max mem: 16496
Passive Test:  [  2890/?]  eta: ?  loss: 0.0101 (0.0285)  time: 0.0177  data: 0.0057  max mem: 16496
Passive Test:  [  2900/?]  eta: ?  loss: 0.0115 (0.0285)  time: 0.0179  data: 0.0059  max mem: 16496
Passive Test:  [  2910/?]  eta: ?  loss: 0.0139 (0.0284)  time: 0.0179  data: 0.0059  max mem: 16496
Passive Test:  [  2920/?]  eta: ?  loss: 0.0088 (0.0284)  time: 0.0179  data: 0.0059  max mem: 16496
Passive Test:  [  2930/?]  eta: ?  loss: 0.0088 (0.0284)  time: 0.0180  data: 0.0060  max mem: 16496
Passive Test:  [  2940/?]  eta: ?  loss: 0.0203 (0.0283)  time: 0.0174  data: 0.0054  max mem: 16496
Passive Test:  [  2950/?]  eta: ?  loss: 0.0160 (0.0283)  time: 0.0178  data: 0.0057  max mem: 16496
Passive Test:  [  2960/?]  eta: ?  loss: 0.0168 (0.0283)  time: 0.0185  data: 0.0065  max mem: 16496
Passive Test:  [  2970/?]  eta: ?  loss: 0.0168 (0.0283)  time: 0.0181  data: 0.0061  max mem: 16496
Passive Test:  [  2980/?]  eta: ?  loss: 0.0196 (0.0283)  time: 0.0176  data: 0.0055  max mem: 16496
Passive Test:  [  2990/?]  eta: ?  loss: 0.0186 (0.0282)  time: 0.0176  data: 0.0056  max mem: 16496
Passive Test:  [  3000/?]  eta: ?  loss: 0.0099 (0.0282)  time: 0.0182  data: 0.0061  max mem: 16496
Passive Test:  [  3010/?]  eta: ?  loss: 0.0068 (0.0281)  time: 0.0180  data: 0.0059  max mem: 16496
Passive Test:  [  3020/?]  eta: ?  loss: 0.0093 (0.0280)  time: 0.0180  data: 0.0060  max mem: 16496
Passive Test:  [  3030/?]  eta: ?  loss: 0.0093 (0.0280)  time: 0.0181  data: 0.0060  max mem: 16496
Passive Test:  [  3040/?]  eta: ?  loss: 0.0085 (0.0279)  time: 0.0178  data: 0.0057  max mem: 16496
Passive Test:  [  3050/?]  eta: ?  loss: 0.0176 (0.0279)  time: 0.0180  data: 0.0060  max mem: 16496
Passive Test:  [  3060/?]  eta: ?  loss: 0.0202 (0.0279)  time: 0.0189  data: 0.0068  max mem: 16496
Passive Test:  [  3070/?]  eta: ?  loss: 0.0200 (0.0279)  time: 0.0186  data: 0.0065  max mem: 16496
Passive Test:  [  3080/?]  eta: ?  loss: 0.0162 (0.0279)  time: 0.0181  data: 0.0059  max mem: 16496
Passive Test:  [  3090/?]  eta: ?  loss: 0.0117 (0.0278)  time: 0.0182  data: 0.0060  max mem: 16496
Passive Test:  [  3100/?]  eta: ?  loss: 0.0088 (0.0278)  time: 0.0188  data: 0.0067  max mem: 16496
Passive Test:  [  3110/?]  eta: ?  loss: 0.0072 (0.0277)  time: 0.0197  data: 0.0077  max mem: 16496
Passive Test:  [  3120/?]  eta: ?  loss: 0.0082 (0.0276)  time: 0.0212  data: 0.0091  max mem: 16496
Passive Test:  [  3130/?]  eta: ?  loss: 0.0086 (0.0276)  time: 0.0216  data: 0.0092  max mem: 16496
Passive Test:  [  3140/?]  eta: ?  loss: 0.0120 (0.0276)  time: 0.0212  data: 0.0086  max mem: 16496
Passive Test:  [  3150/?]  eta: ?  loss: 0.0149 (0.0276)  time: 0.0214  data: 0.0088  max mem: 16496
Passive Test:  [  3160/?]  eta: ?  loss: 0.0279 (0.0276)  time: 0.0220  data: 0.0095  max mem: 16496
Passive Test:  [  3170/?]  eta: ?  loss: 0.0147 (0.0276)  time: 0.0215  data: 0.0091  max mem: 16496
Passive Test:  [  3180/?]  eta: ?  loss: 0.0094 (0.0275)  time: 0.0200  data: 0.0078  max mem: 16496
Passive Test: Total time: 0:00:59 (0.0185 s / it)
* loss 0.028
  ACTIVE Test MAE (years): 2.0535 (n=35,284)
  PASSIVE Test MAE (years): 2.1092 (n=204,188)
  → Epoch  40/50 | Train Loss: 0.0009 | Val Loss: 0.0274 | Train score (1/(1+norm_MAE)): 0.9835 | Val MAE (years): 2.1003 | LR: 0.000000
Best val MAE (years): 1.9149, test MAE at best val: 1.8538
  Test segment MAE: 2.0605 | participant median MAE: 1.8218 | participant mean MAE: 1.8096
Epoch: [40]  [     0/?]  eta: ?  lr: 0.000067  min_lr: 0.000000  loss: 0.0008 (0.0008)  class_acc: 0.9834 (0.9834)  loss_scale: 576460752303423488.0000 (576460752303423488.0000)  weight_decay: 0.0500 (0.0500)  grad_norm: 0.6178 (0.6178)  time: 5.4400  data: 4.9946  max mem: 16496
Epoch: [40]  [   500/?]  eta: ?  lr: 0.000067  min_lr: 0.000000  loss: 0.0009 (0.0009)  class_acc: 0.9835 (0.9837)  loss_scale: 576460752303423488.0000 (576460752303423488.0000)  weight_decay: 0.0500 (0.0500)  grad_norm: 0.6145 (1.0850)  time: 0.4300  data: 0.0002  max mem: 16496
Epoch: [40]  [  1000/?]  eta: ?  lr: 0.000067  min_lr: 0.000000  loss: 0.0008 (0.0009)  class_acc: 0.9837 (0.9837)  loss_scale: 576460752303423488.0000 (576460752303423488.0000)  weight_decay: 0.0500 (0.0500)  grad_norm: 0.5465 (1.0778)  time: 0.4331  data: 0.0002  max mem: 16496
Epoch: [40]  [  1500/?]  eta: ?  lr: 0.000067  min_lr: 0.000000  loss: 0.0007 (0.0009)  class_acc: 0.9842 (0.9837)  loss_scale: 1152921504606846976.0000 (723168285534541312.0000)  weight_decay: 0.0500 (0.0500)  grad_norm: 0.6876 (1.0738)  time: 0.4319  data: 0.0002  max mem: 16496
Epoch: [40]  [  2000/?]  eta: ?  lr: 0.000067  min_lr: 0.000000  loss: 0.0008 (0.0009)  class_acc: 0.9841 (0.9838)  loss_scale: 1152921504606846976.0000 (830552897996386816.0000)  weight_decay: 0.0500 (0.0500)  grad_norm: 0.7695 (1.1036)  time: 0.4315  data: 0.0002  max mem: 16496
Epoch: [40] Total time: 0:15:48 (0.4367 s / it)
Val:  [     0/?]  eta: ?  loss: 0.0390 (0.0390)  time: 2.5115  data: 2.3460  max mem: 16496
Val:  [    10/?]  eta: ?  loss: 0.0243 (0.0324)  time: 0.3801  data: 0.2135  max mem: 16496
Val:  [    20/?]  eta: ?  loss: 0.0201 (0.0258)  time: 0.1671  data: 0.0002  max mem: 16496
Val:  [    30/?]  eta: ?  loss: 0.0159 (0.0239)  time: 0.1672  data: 0.0002  max mem: 16496
Val:  [    40/?]  eta: ?  loss: 0.0210 (0.0248)  time: 0.1672  data: 0.0002  max mem: 16496
Val:  [    50/?]  eta: ?  loss: 0.0241 (0.0256)  time: 0.1673  data: 0.0002  max mem: 16496
Val:  [    60/?]  eta: ?  loss: 0.0241 (0.0296)  time: 0.1673  data: 0.0003  max mem: 16496
Val:  [    70/?]  eta: ?  loss: 0.0158 (0.0286)  time: 0.1673  data: 0.0003  max mem: 16496
Val:  [    80/?]  eta: ?  loss: 0.0203 (0.0286)  time: 0.1674  data: 0.0003  max mem: 16496
Val:  [    90/?]  eta: ?  loss: 0.0224 (0.0280)  time: 0.1674  data: 0.0004  max mem: 16496
Val:  [   100/?]  eta: ?  loss: 0.0236 (0.0277)  time: 0.1674  data: 0.0004  max mem: 16496
Val:  [   110/?]  eta: ?  loss: 0.0235 (0.0277)  time: 0.1674  data: 0.0003  max mem: 16496
Val:  [   120/?]  eta: ?  loss: 0.0230 (0.0284)  time: 0.1674  data: 0.0004  max mem: 16496
Val:  [   130/?]  eta: ?  loss: 0.0243 (0.0284)  time: 0.1674  data: 0.0003  max mem: 16496
Val:  [   140/?]  eta: ?  loss: 0.0243 (0.0285)  time: 0.1673  data: 0.0003  max mem: 16496
Val:  [   150/?]  eta: ?  loss: 0.0210 (0.0286)  time: 0.1672  data: 0.0003  max mem: 16496
Val:  [   160/?]  eta: ?  loss: 0.0167 (0.0287)  time: 0.1671  data: 0.0003  max mem: 16496
Val:  [   170/?]  eta: ?  loss: 0.0243 (0.0288)  time: 0.1671  data: 0.0003  max mem: 16496
Val:  [   180/?]  eta: ?  loss: 0.0243 (0.0287)  time: 0.1672  data: 0.0003  max mem: 16496
Val:  [   190/?]  eta: ?  loss: 0.0149 (0.0281)  time: 0.1672  data: 0.0003  max mem: 16496
Val:  [   200/?]  eta: ?  loss: 0.0149 (0.0280)  time: 0.1672  data: 0.0003  max mem: 16496
Val:  [   210/?]  eta: ?  loss: 0.0235 (0.0280)  time: 0.1671  data: 0.0003  max mem: 16496
Val:  [   220/?]  eta: ?  loss: 0.0181 (0.0276)  time: 0.1672  data: 0.0004  max mem: 16496
Val:  [   230/?]  eta: ?  loss: 0.0170 (0.0275)  time: 0.1672  data: 0.0004  max mem: 16496
Val:  [   240/?]  eta: ?  loss: 0.0151 (0.0274)  time: 0.1671  data: 0.0003  max mem: 16496
Val:  [   250/?]  eta: ?  loss: 0.0168 (0.0277)  time: 0.1672  data: 0.0003  max mem: 16496
Val:  [   260/?]  eta: ?  loss: 0.0171 (0.0280)  time: 0.1672  data: 0.0003  max mem: 16496
Val:  [   270/?]  eta: ?  loss: 0.0238 (0.0282)  time: 0.1672  data: 0.0004  max mem: 16496
Val:  [   280/?]  eta: ?  loss: 0.0241 (0.0282)  time: 0.1673  data: 0.0004  max mem: 16496
Val:  [   290/?]  eta: ?  loss: 0.0159 (0.0279)  time: 0.1672  data: 0.0004  max mem: 16496
Val:  [   300/?]  eta: ?  loss: 0.0159 (0.0277)  time: 0.1672  data: 0.0004  max mem: 16496
Val:  [   310/?]  eta: ?  loss: 0.0199 (0.0275)  time: 0.1656  data: 0.0004  max mem: 16496
Val: Total time: 0:00:54 (0.1747 s / it)
* loss 0.027
Test:  [     0/?]  eta: ?  loss: 0.0216 (0.0216)  time: 1.8948  data: 1.7291  max mem: 16496
Test:  [    10/?]  eta: ?  loss: 0.0205 (0.0233)  time: 0.3244  data: 0.1575  max mem: 16496
Test:  [    20/?]  eta: ?  loss: 0.0187 (0.0221)  time: 0.1674  data: 0.0003  max mem: 16496
Test:  [    30/?]  eta: ?  loss: 0.0186 (0.0214)  time: 0.1675  data: 0.0003  max mem: 16496
Test:  [    40/?]  eta: ?  loss: 0.0154 (0.0216)  time: 0.1675  data: 0.0003  max mem: 16496
Test:  [    50/?]  eta: ?  loss: 0.0173 (0.0210)  time: 0.1676  data: 0.0004  max mem: 16496
Test:  [    60/?]  eta: ?  loss: 0.0192 (0.0206)  time: 0.1675  data: 0.0004  max mem: 16496
Test:  [    70/?]  eta: ?  loss: 0.0149 (0.0203)  time: 0.1675  data: 0.0003  max mem: 16496
Test:  [    80/?]  eta: ?  loss: 0.0152 (0.0200)  time: 0.1675  data: 0.0004  max mem: 16496
Test:  [    90/?]  eta: ?  loss: 0.0212 (0.0213)  time: 0.1676  data: 0.0004  max mem: 16496
Test:  [   100/?]  eta: ?  loss: 0.0257 (0.0222)  time: 0.1676  data: 0.0004  max mem: 16496
Test:  [   110/?]  eta: ?  loss: 0.0251 (0.0225)  time: 0.1675  data: 0.0003  max mem: 16496
Test:  [   120/?]  eta: ?  loss: 0.0196 (0.0230)  time: 0.1675  data: 0.0003  max mem: 16496
Test:  [   130/?]  eta: ?  loss: 0.0181 (0.0228)  time: 0.1675  data: 0.0003  max mem: 16496
Test:  [   140/?]  eta: ?  loss: 0.0181 (0.0230)  time: 0.1675  data: 0.0003  max mem: 16496
Test:  [   150/?]  eta: ?  loss: 0.0259 (0.0236)  time: 0.1675  data: 0.0004  max mem: 16496
Test:  [   160/?]  eta: ?  loss: 0.0260 (0.0238)  time: 0.1675  data: 0.0004  max mem: 16496
Test:  [   170/?]  eta: ?  loss: 0.0214 (0.0242)  time: 0.1675  data: 0.0003  max mem: 16496
Test:  [   180/?]  eta: ?  loss: 0.0208 (0.0242)  time: 0.1675  data: 0.0003  max mem: 16496
Test:  [   190/?]  eta: ?  loss: 0.0208 (0.0239)  time: 0.1674  data: 0.0003  max mem: 16496
Test:  [   200/?]  eta: ?  loss: 0.0180 (0.0241)  time: 0.1675  data: 0.0003  max mem: 16496
Test:  [   210/?]  eta: ?  loss: 0.0196 (0.0241)  time: 0.1675  data: 0.0003  max mem: 16496
Test:  [   220/?]  eta: ?  loss: 0.0196 (0.0244)  time: 0.1675  data: 0.0003  max mem: 16496
Test:  [   230/?]  eta: ?  loss: 0.0202 (0.0244)  time: 0.1676  data: 0.0003  max mem: 16496
Test:  [   240/?]  eta: ?  loss: 0.0197 (0.0243)  time: 0.1675  data: 0.0003  max mem: 16496
Test:  [   250/?]  eta: ?  loss: 0.0169 (0.0241)  time: 0.1676  data: 0.0004  max mem: 16496
Test:  [   260/?]  eta: ?  loss: 0.0169 (0.0241)  time: 0.1676  data: 0.0004  max mem: 16496
Test:  [   270/?]  eta: ?  loss: 0.0170 (0.0239)  time: 0.1675  data: 0.0003  max mem: 16496
Test:  [   280/?]  eta: ?  loss: 0.0170 (0.0246)  time: 0.1675  data: 0.0003  max mem: 16496
Test:  [   290/?]  eta: ?  loss: 0.0215 (0.0247)  time: 0.1676  data: 0.0004  max mem: 16496
Test:  [   300/?]  eta: ?  loss: 0.0299 (0.0252)  time: 0.1675  data: 0.0003  max mem: 16496
Test:  [   310/?]  eta: ?  loss: 0.0355 (0.0261)  time: 0.1336  data: 0.0003  max mem: 16496
Test: Total time: 0:00:53 (0.1705 s / it)
* loss 0.026
  → Epoch  41/50 | Train Loss: 0.0009 | Val Loss: 0.0274 | Train score (1/(1+norm_MAE)): 0.9838 | Val MAE (years): 2.1030 | LR: 0.000000
Best val MAE (years): 1.9149, test MAE at best val: 1.8538
  Test segment MAE: 2.0611 | participant median MAE: 1.8227 | participant mean MAE: 1.8100
Epoch: [41]  [     0/?]  eta: ?  lr: 0.000057  min_lr: 0.000000  loss: 0.0008 (0.0008)  class_acc: 0.9833 (0.9833)  loss_scale: 1152921504606846976.0000 (1152921504606846976.0000)  weight_decay: 0.0500 (0.0500)  grad_norm: 0.9352 (0.9352)  time: 8.3296  data: 7.8817  max mem: 16496
Epoch: [41]  [   500/?]  eta: ?  lr: 0.000057  min_lr: 0.000000  loss: 0.0008 (0.0009)  class_acc: 0.9841 (0.9840)  loss_scale: 1152921504606846976.0000 (1152921504606846976.0000)  weight_decay: 0.0500 (0.0500)  grad_norm: 0.5909 (1.0210)  time: 0.4285  data: 0.0002  max mem: 16496
Epoch: [41]  [  1000/?]  eta: ?  lr: 0.000057  min_lr: 0.000000  loss: 0.0008 (0.0009)  class_acc: 0.9842 (0.9841)  loss_scale: 2305843009213693952.0000 (1215117070289933568.0000)  weight_decay: 0.0500 (0.0500)  grad_norm: 0.7048 (1.0349)  time: 0.4300  data: 0.0002  max mem: 16496
Epoch: [41]  [  1500/?]  eta: ?  lr: 0.000057  min_lr: 0.000000  loss: 0.0007 (0.0009)  class_acc: 0.9844 (0.9840)  loss_scale: 2305843009213693952.0000 (1578450161203911168.0000)  weight_decay: 0.0500 (0.0500)  grad_norm: 0.7137 (1.0446)  time: 0.4324  data: 0.0002  max mem: 16496
Epoch: [41]  [  2000/?]  eta: ?  lr: 0.000057  min_lr: 0.000000  loss: 0.0007 (0.0009)  class_acc: 0.9844 (0.9841)  loss_scale: 2305843009213693952.0000 (1760207494539688960.0000)  weight_decay: 0.0500 (0.0500)  grad_norm: 0.5303 (1.0724)  time: 0.4327  data: 0.0001  max mem: 16496
Epoch: [41] Total time: 0:15:51 (0.4380 s / it)
Val:  [     0/?]  eta: ?  loss: 0.0406 (0.0406)  time: 2.0207  data: 1.8550  max mem: 16496
Val:  [    10/?]  eta: ?  loss: 0.0244 (0.0320)  time: 0.3359  data: 0.1689  max mem: 16496
Val:  [    20/?]  eta: ?  loss: 0.0197 (0.0255)  time: 0.1675  data: 0.0003  max mem: 16496
Val:  [    30/?]  eta: ?  loss: 0.0187 (0.0237)  time: 0.1676  data: 0.0003  max mem: 16496
Val:  [    40/?]  eta: ?  loss: 0.0221 (0.0246)  time: 0.1675  data: 0.0003  max mem: 16496
Val:  [    50/?]  eta: ?  loss: 0.0245 (0.0252)  time: 0.1676  data: 0.0003  max mem: 16496
Val:  [    60/?]  eta: ?  loss: 0.0236 (0.0294)  time: 0.1676  data: 0.0003  max mem: 16496
Val:  [    70/?]  eta: ?  loss: 0.0163 (0.0283)  time: 0.1677  data: 0.0003  max mem: 16496
Val:  [    80/?]  eta: ?  loss: 0.0191 (0.0284)  time: 0.1678  data: 0.0003  max mem: 16496
Val:  [    90/?]  eta: ?  loss: 0.0219 (0.0278)  time: 0.1677  data: 0.0003  max mem: 16496
Val:  [   100/?]  eta: ?  loss: 0.0227 (0.0275)  time: 0.1677  data: 0.0003  max mem: 16496
Val:  [   110/?]  eta: ?  loss: 0.0227 (0.0272)  time: 0.1678  data: 0.0003  max mem: 16496
Val:  [   120/?]  eta: ?  loss: 0.0210 (0.0279)  time: 0.1678  data: 0.0004  max mem: 16496
Val:  [   130/?]  eta: ?  loss: 0.0243 (0.0279)  time: 0.1679  data: 0.0004  max mem: 16496
Val:  [   140/?]  eta: ?  loss: 0.0243 (0.0281)  time: 0.1678  data: 0.0004  max mem: 16496
Val:  [   150/?]  eta: ?  loss: 0.0206 (0.0282)  time: 0.1678  data: 0.0003  max mem: 16496
Val:  [   160/?]  eta: ?  loss: 0.0166 (0.0282)  time: 0.1678  data: 0.0004  max mem: 16496
Val:  [   170/?]  eta: ?  loss: 0.0258 (0.0284)  time: 0.1679  data: 0.0004  max mem: 16496
Val:  [   180/?]  eta: ?  loss: 0.0269 (0.0282)  time: 0.1679  data: 0.0004  max mem: 16496
Val:  [   190/?]  eta: ?  loss: 0.0148 (0.0276)  time: 0.1678  data: 0.0003  max mem: 16496
Val:  [   200/?]  eta: ?  loss: 0.0136 (0.0275)  time: 0.1678  data: 0.0003  max mem: 16496
Val:  [   210/?]  eta: ?  loss: 0.0235 (0.0275)  time: 0.1678  data: 0.0004  max mem: 16496
Val:  [   220/?]  eta: ?  loss: 0.0172 (0.0271)  time: 0.1678  data: 0.0004  max mem: 16496
Val:  [   230/?]  eta: ?  loss: 0.0162 (0.0270)  time: 0.1678  data: 0.0004  max mem: 16496
Val:  [   240/?]  eta: ?  loss: 0.0164 (0.0270)  time: 0.1678  data: 0.0003  max mem: 16496
Val:  [   250/?]  eta: ?  loss: 0.0164 (0.0274)  time: 0.1679  data: 0.0003  max mem: 16496
Val:  [   260/?]  eta: ?  loss: 0.0199 (0.0276)  time: 0.1678  data: 0.0003  max mem: 16496
Val:  [   270/?]  eta: ?  loss: 0.0233 (0.0279)  time: 0.1677  data: 0.0003  max mem: 16496
Val:  [   280/?]  eta: ?  loss: 0.0249 (0.0278)  time: 0.1678  data: 0.0003  max mem: 16496
Val:  [   290/?]  eta: ?  loss: 0.0152 (0.0275)  time: 0.1678  data: 0.0003  max mem: 16496
Val:  [   300/?]  eta: ?  loss: 0.0147 (0.0273)  time: 0.1678  data: 0.0003  max mem: 16496
Val:  [   310/?]  eta: ?  loss: 0.0196 (0.0271)  time: 0.1662  data: 0.0003  max mem: 16496
Val: Total time: 0:00:54 (0.1736 s / it)
* loss 0.027
Test:  [     0/?]  eta: ?  loss: 0.0214 (0.0214)  time: 1.9035  data: 1.7378  max mem: 16496
Test:  [    10/?]  eta: ?  loss: 0.0203 (0.0228)  time: 0.3262  data: 0.1592  max mem: 16496
Test:  [    20/?]  eta: ?  loss: 0.0170 (0.0212)  time: 0.1680  data: 0.0008  max mem: 16496
Test:  [    30/?]  eta: ?  loss: 0.0190 (0.0207)  time: 0.1677  data: 0.0003  max mem: 16496
Test:  [    40/?]  eta: ?  loss: 0.0157 (0.0206)  time: 0.1677  data: 0.0004  max mem: 16496
Test:  [    50/?]  eta: ?  loss: 0.0154 (0.0200)  time: 0.1676  data: 0.0004  max mem: 16496
Test:  [    60/?]  eta: ?  loss: 0.0181 (0.0197)  time: 0.1676  data: 0.0004  max mem: 16496
Test:  [    70/?]  eta: ?  loss: 0.0149 (0.0196)  time: 0.1677  data: 0.0004  max mem: 16496
Test:  [    80/?]  eta: ?  loss: 0.0153 (0.0194)  time: 0.1676  data: 0.0003  max mem: 16496
Test:  [    90/?]  eta: ?  loss: 0.0212 (0.0206)  time: 0.1676  data: 0.0004  max mem: 16496
Test:  [   100/?]  eta: ?  loss: 0.0263 (0.0216)  time: 0.1676  data: 0.0004  max mem: 16496
Test:  [   110/?]  eta: ?  loss: 0.0236 (0.0219)  time: 0.1677  data: 0.0003  max mem: 16496
Test:  [   120/?]  eta: ?  loss: 0.0218 (0.0224)  time: 0.1676  data: 0.0003  max mem: 16496
Test:  [   130/?]  eta: ?  loss: 0.0187 (0.0223)  time: 0.1676  data: 0.0003  max mem: 16496
Test:  [   140/?]  eta: ?  loss: 0.0166 (0.0226)  time: 0.1677  data: 0.0004  max mem: 16496
Test:  [   150/?]  eta: ?  loss: 0.0271 (0.0231)  time: 0.1677  data: 0.0004  max mem: 16496
Test:  [   160/?]  eta: ?  loss: 0.0249 (0.0233)  time: 0.1676  data: 0.0004  max mem: 16496
Test:  [   170/?]  eta: ?  loss: 0.0220 (0.0236)  time: 0.1676  data: 0.0003  max mem: 16496
Test:  [   180/?]  eta: ?  loss: 0.0179 (0.0237)  time: 0.1676  data: 0.0003  max mem: 16496
Test:  [   190/?]  eta: ?  loss: 0.0198 (0.0235)  time: 0.1676  data: 0.0003  max mem: 16496
Test:  [   200/?]  eta: ?  loss: 0.0172 (0.0236)  time: 0.1676  data: 0.0003  max mem: 16496
Test:  [   210/?]  eta: ?  loss: 0.0192 (0.0237)  time: 0.1677  data: 0.0003  max mem: 16496
Test:  [   220/?]  eta: ?  loss: 0.0192 (0.0240)  time: 0.1676  data: 0.0003  max mem: 16496
Test:  [   230/?]  eta: ?  loss: 0.0189 (0.0240)  time: 0.1676  data: 0.0003  max mem: 16496
Test:  [   240/?]  eta: ?  loss: 0.0189 (0.0239)  time: 0.1676  data: 0.0003  max mem: 16496
Test:  [   250/?]  eta: ?  loss: 0.0156 (0.0237)  time: 0.1676  data: 0.0003  max mem: 16496
Test:  [   260/?]  eta: ?  loss: 0.0165 (0.0237)  time: 0.1676  data: 0.0003  max mem: 16496
Test:  [   270/?]  eta: ?  loss: 0.0170 (0.0235)  time: 0.1675  data: 0.0003  max mem: 16496
Test:  [   280/?]  eta: ?  loss: 0.0170 (0.0242)  time: 0.1676  data: 0.0004  max mem: 16496
Test:  [   290/?]  eta: ?  loss: 0.0201 (0.0242)  time: 0.1676  data: 0.0004  max mem: 16496
Test:  [   300/?]  eta: ?  loss: 0.0286 (0.0247)  time: 0.1675  data: 0.0003  max mem: 16496
Test:  [   310/?]  eta: ?  loss: 0.0347 (0.0256)  time: 0.1337  data: 0.0003  max mem: 16496
Test: Total time: 0:00:53 (0.1707 s / it)
* loss 0.026
  → Epoch  42/50 | Train Loss: 0.0009 | Val Loss: 0.0270 | Train score (1/(1+norm_MAE)): 0.9841 | Val MAE (years): 2.0852 | LR: 0.000000
Best val MAE (years): 1.9149, test MAE at best val: 1.8538
  Test segment MAE: 2.0449 | participant median MAE: 1.8075 | participant mean MAE: 1.7934
Epoch: [42]  [     0/?]  eta: ?  lr: 0.000047  min_lr: 0.000000  loss: 0.0006 (0.0006)  class_acc: 0.9851 (0.9851)  loss_scale: 2305843009213693952.0000 (2305843009213693952.0000)  weight_decay: 0.0500 (0.0500)  grad_norm: 1.3602 (1.3602)  time: 8.0750  data: 7.6333  max mem: 16496
Epoch: [42]  [   500/?]  eta: ?  lr: 0.000047  min_lr: 0.000000  loss: 0.0007 (0.0008)  class_acc: 0.9845 (0.9844)  loss_scale: 2305843009213693952.0000 (2305843009213693952.0000)  weight_decay: 0.0500 (0.0500)  grad_norm: 0.4684 (0.9855)  time: 0.4277  data: 0.0002  max mem: 16496
Epoch: [42]  [  1000/?]  eta: ?  lr: 0.000047  min_lr: 0.000000  loss: 0.0008 (0.0008)  class_acc: 0.9846 (0.9844)  loss_scale: 4611686018427387904.0000 (2826442929375826432.0000)  weight_decay: 0.0500 (0.0500)  grad_norm: 0.7542 (1.0054)  time: 0.4336  data: 0.0003  max mem: 16496
Epoch: [42]  [  1500/?]  eta: ?  lr: 0.000047  min_lr: 0.000000  loss: 0.0007 (0.0009)  class_acc: 0.9843 (0.9843)  loss_scale: 4611686018427387904.0000 (3421127502677479424.0000)  weight_decay: 0.0500 (0.0500)  grad_norm: 0.7122 (1.0187)  time: 0.4321  data: 0.0004  max mem: 16496
Epoch: [42]  [  2000/?]  eta: ?  lr: 0.000047  min_lr: 0.000000  loss: 0.0008 (0.0008)  class_acc: 0.9842 (0.9843)  loss_scale: 4611686018427387904.0000 (3718618386173208576.0000)  weight_decay: 0.0500 (0.0500)  grad_norm: 0.5903 (1.0450)  time: 0.4331  data: 0.0002  max mem: 16496
Epoch: [42] Total time: 0:15:52 (0.4388 s / it)
Val:  [     0/?]  eta: ?  loss: 0.0417 (0.0417)  time: 1.9230  data: 1.7572  max mem: 16496
Val:  [    10/?]  eta: ?  loss: 0.0242 (0.0322)  time: 0.3267  data: 0.1600  max mem: 16496
Val:  [    20/?]  eta: ?  loss: 0.0205 (0.0256)  time: 0.1672  data: 0.0003  max mem: 16496
Val:  [    30/?]  eta: ?  loss: 0.0172 (0.0239)  time: 0.1674  data: 0.0003  max mem: 16496
Val:  [    40/?]  eta: ?  loss: 0.0209 (0.0246)  time: 0.1674  data: 0.0003  max mem: 16496
Val:  [    50/?]  eta: ?  loss: 0.0244 (0.0254)  time: 0.1674  data: 0.0002  max mem: 16496
Val:  [    60/?]  eta: ?  loss: 0.0243 (0.0296)  time: 0.1674  data: 0.0002  max mem: 16496
Val:  [    70/?]  eta: ?  loss: 0.0159 (0.0286)  time: 0.1674  data: 0.0002  max mem: 16496
Val:  [    80/?]  eta: ?  loss: 0.0221 (0.0288)  time: 0.1674  data: 0.0003  max mem: 16496
Val:  [    90/?]  eta: ?  loss: 0.0222 (0.0281)  time: 0.1673  data: 0.0003  max mem: 16496
Val:  [   100/?]  eta: ?  loss: 0.0237 (0.0279)  time: 0.1674  data: 0.0003  max mem: 16496
Val:  [   110/?]  eta: ?  loss: 0.0237 (0.0278)  time: 0.1674  data: 0.0003  max mem: 16496
Val:  [   120/?]  eta: ?  loss: 0.0211 (0.0285)  time: 0.1675  data: 0.0003  max mem: 16496
Val:  [   130/?]  eta: ?  loss: 0.0247 (0.0285)  time: 0.1675  data: 0.0003  max mem: 16496
Val:  [   140/?]  eta: ?  loss: 0.0247 (0.0286)  time: 0.1675  data: 0.0003  max mem: 16496
Val:  [   150/?]  eta: ?  loss: 0.0199 (0.0287)  time: 0.1675  data: 0.0003  max mem: 16496
Val:  [   160/?]  eta: ?  loss: 0.0183 (0.0287)  time: 0.1675  data: 0.0004  max mem: 16496
Val:  [   170/?]  eta: ?  loss: 0.0259 (0.0288)  time: 0.1676  data: 0.0004  max mem: 16496
Val:  [   180/?]  eta: ?  loss: 0.0259 (0.0286)  time: 0.1675  data: 0.0003  max mem: 16496
Val:  [   190/?]  eta: ?  loss: 0.0138 (0.0280)  time: 0.1675  data: 0.0003  max mem: 16496
Val:  [   200/?]  eta: ?  loss: 0.0138 (0.0278)  time: 0.1676  data: 0.0004  max mem: 16496
Val:  [   210/?]  eta: ?  loss: 0.0219 (0.0279)  time: 0.1676  data: 0.0004  max mem: 16496
Val:  [   220/?]  eta: ?  loss: 0.0183 (0.0275)  time: 0.1676  data: 0.0004  max mem: 16496
Val:  [   230/?]  eta: ?  loss: 0.0169 (0.0274)  time: 0.1676  data: 0.0003  max mem: 16496
Val:  [   240/?]  eta: ?  loss: 0.0155 (0.0274)  time: 0.1675  data: 0.0003  max mem: 16496
Val:  [   250/?]  eta: ?  loss: 0.0167 (0.0277)  time: 0.1676  data: 0.0003  max mem: 16496
Val:  [   260/?]  eta: ?  loss: 0.0198 (0.0280)  time: 0.1676  data: 0.0003  max mem: 16496
Val:  [   270/?]  eta: ?  loss: 0.0234 (0.0282)  time: 0.1676  data: 0.0003  max mem: 16496
Val:  [   280/?]  eta: ?  loss: 0.0257 (0.0282)  time: 0.1676  data: 0.0003  max mem: 16496
Val:  [   290/?]  eta: ?  loss: 0.0151 (0.0279)  time: 0.1677  data: 0.0003  max mem: 16496
Val:  [   300/?]  eta: ?  loss: 0.0151 (0.0276)  time: 0.1676  data: 0.0003  max mem: 16496
Val:  [   310/?]  eta: ?  loss: 0.0199 (0.0274)  time: 0.1661  data: 0.0004  max mem: 16496
Val: Total time: 0:00:53 (0.1731 s / it)
* loss 0.027
Test:  [     0/?]  eta: ?  loss: 0.0228 (0.0228)  time: 1.9142  data: 1.7485  max mem: 16496
Test:  [    10/?]  eta: ?  loss: 0.0209 (0.0227)  time: 0.3259  data: 0.1593  max mem: 16496
Test:  [    20/?]  eta: ?  loss: 0.0176 (0.0212)  time: 0.1672  data: 0.0003  max mem: 16496
Test:  [    30/?]  eta: ?  loss: 0.0189 (0.0207)  time: 0.1674  data: 0.0004  max mem: 16496
Test:  [    40/?]  eta: ?  loss: 0.0150 (0.0209)  time: 0.1673  data: 0.0004  max mem: 16496
Test:  [    50/?]  eta: ?  loss: 0.0162 (0.0203)  time: 0.1674  data: 0.0003  max mem: 16496
Test:  [    60/?]  eta: ?  loss: 0.0188 (0.0197)  time: 0.1674  data: 0.0003  max mem: 16496
Test:  [    70/?]  eta: ?  loss: 0.0132 (0.0195)  time: 0.1675  data: 0.0004  max mem: 16496
Test:  [    80/?]  eta: ?  loss: 0.0153 (0.0193)  time: 0.1676  data: 0.0004  max mem: 16496
Test:  [    90/?]  eta: ?  loss: 0.0200 (0.0205)  time: 0.1675  data: 0.0004  max mem: 16496
Test:  [   100/?]  eta: ?  loss: 0.0273 (0.0214)  time: 0.1674  data: 0.0004  max mem: 16496
Test:  [   110/?]  eta: ?  loss: 0.0239 (0.0218)  time: 0.1674  data: 0.0004  max mem: 16496
Test:  [   120/?]  eta: ?  loss: 0.0212 (0.0223)  time: 0.1675  data: 0.0004  max mem: 16496
Test:  [   130/?]  eta: ?  loss: 0.0203 (0.0222)  time: 0.1675  data: 0.0004  max mem: 16496
Test:  [   140/?]  eta: ?  loss: 0.0177 (0.0226)  time: 0.1675  data: 0.0004  max mem: 16496
Test:  [   150/?]  eta: ?  loss: 0.0272 (0.0231)  time: 0.1675  data: 0.0004  max mem: 16496
Test:  [   160/?]  eta: ?  loss: 0.0267 (0.0233)  time: 0.1675  data: 0.0004  max mem: 16496
Test:  [   170/?]  eta: ?  loss: 0.0220 (0.0237)  time: 0.1675  data: 0.0004  max mem: 16496
Test:  [   180/?]  eta: ?  loss: 0.0194 (0.0238)  time: 0.1676  data: 0.0004  max mem: 16496
Test:  [   190/?]  eta: ?  loss: 0.0224 (0.0236)  time: 0.1675  data: 0.0004  max mem: 16496
Test:  [   200/?]  eta: ?  loss: 0.0164 (0.0237)  time: 0.1675  data: 0.0004  max mem: 16496
Test:  [   210/?]  eta: ?  loss: 0.0164 (0.0238)  time: 0.1675  data: 0.0004  max mem: 16496
Test:  [   220/?]  eta: ?  loss: 0.0163 (0.0241)  time: 0.1675  data: 0.0004  max mem: 16496
Test:  [   230/?]  eta: ?  loss: 0.0194 (0.0240)  time: 0.1675  data: 0.0004  max mem: 16496
Test:  [   240/?]  eta: ?  loss: 0.0189 (0.0239)  time: 0.1675  data: 0.0004  max mem: 16496
Test:  [   250/?]  eta: ?  loss: 0.0155 (0.0238)  time: 0.1675  data: 0.0004  max mem: 16496
Test:  [   260/?]  eta: ?  loss: 0.0155 (0.0237)  time: 0.1675  data: 0.0003  max mem: 16496
Test:  [   270/?]  eta: ?  loss: 0.0169 (0.0236)  time: 0.1673  data: 0.0004  max mem: 16496
Test:  [   280/?]  eta: ?  loss: 0.0169 (0.0243)  time: 0.1675  data: 0.0004  max mem: 16496
Test:  [   290/?]  eta: ?  loss: 0.0216 (0.0243)  time: 0.1675  data: 0.0003  max mem: 16496
Test:  [   300/?]  eta: ?  loss: 0.0276 (0.0248)  time: 0.1675  data: 0.0004  max mem: 16496
Test:  [   310/?]  eta: ?  loss: 0.0363 (0.0257)  time: 0.1336  data: 0.0003  max mem: 16496
Test: Total time: 0:00:53 (0.1705 s / it)
* loss 0.026
  → Epoch  43/50 | Train Loss: 0.0008 | Val Loss: 0.0273 | Train score (1/(1+norm_MAE)): 0.9843 | Val MAE (years): 2.0943 | LR: 0.000000
Best val MAE (years): 1.9149, test MAE at best val: 1.8538
  Test segment MAE: 2.0494 | participant median MAE: 1.8150 | participant mean MAE: 1.7966
Epoch: [43]  [     0/?]  eta: ?  lr: 0.000039  min_lr: 0.000000  loss: 0.0014 (0.0014)  class_acc: 0.9828 (0.9828)  loss_scale: 4611686018427387904.0000 (4611686018427387904.0000)  weight_decay: 0.0500 (0.0500)  grad_norm: 2.1799 (2.1799)  time: 7.7042  data: 7.2712  max mem: 16496
Epoch: [43]  [   500/?]  eta: ?  lr: 0.000039  min_lr: 0.000000  loss: 0.0008 (0.0008)  class_acc: 0.9847 (0.9845)  loss_scale: 4611686018427387904.0000 (4611686018427387904.0000)  weight_decay: 0.0500 (0.0500)  grad_norm: 0.5824 (1.0806)  time: 0.4320  data: 0.0002  max mem: 16496
Epoch: [43]  [  1000/?]  eta: ?  lr: 0.000039  min_lr: 0.000000  loss: 0.0007 (0.0008)  class_acc: 0.9846 (0.9845)  loss_scale: 9223372036854775808.0000 (6445303436343572480.0000)  weight_decay: 0.0500 (0.0500)  grad_norm: 0.5139 (1.0439)  time: 0.4292  data: 0.0003  max mem: 16496
Epoch: [43]  [  1500/?]  eta: ?  lr: 0.000039  min_lr: 0.000000  loss: 0.0007 (0.0008)  class_acc: 0.9850 (0.9845)  loss_scale: 9223372036854775808.0000 (7370709365894273024.0000)  weight_decay: 0.0500 (0.0500)  grad_norm: 0.5735 (1.0345)  time: 0.4297  data: 0.0002  max mem: 16496
Epoch: [43]  [  2000/?]  eta: ?  lr: 0.000039  min_lr: 0.000000  loss: 0.0008 (0.0008)  class_acc: 0.9847 (0.9846)  loss_scale: 9223372036854775808.0000 (7833643566534078464.0000)  weight_decay: 0.0500 (0.0500)  grad_norm: 0.8798 (1.0651)  time: 0.4295  data: 0.0003  max mem: 16496
Epoch: [43] Total time: 0:15:48 (0.4369 s / it)
Val:  [     0/?]  eta: ?  loss: 0.0409 (0.0409)  time: 2.1641  data: 1.9987  max mem: 16496
Val:  [    10/?]  eta: ?  loss: 0.0235 (0.0316)  time: 0.3484  data: 0.1819  max mem: 16496
Val:  [    20/?]  eta: ?  loss: 0.0193 (0.0254)  time: 0.1670  data: 0.0002  max mem: 16496
Val:  [    30/?]  eta: ?  loss: 0.0186 (0.0238)  time: 0.1672  data: 0.0002  max mem: 16496
Val:  [    40/?]  eta: ?  loss: 0.0215 (0.0246)  time: 0.1672  data: 0.0002  max mem: 16496
Val:  [    50/?]  eta: ?  loss: 0.0248 (0.0253)  time: 0.1672  data: 0.0002  max mem: 16496
Val:  [    60/?]  eta: ?  loss: 0.0217 (0.0293)  time: 0.1672  data: 0.0003  max mem: 16496
Val:  [    70/?]  eta: ?  loss: 0.0158 (0.0282)  time: 0.1672  data: 0.0003  max mem: 16496
Val:  [    80/?]  eta: ?  loss: 0.0209 (0.0282)  time: 0.1673  data: 0.0003  max mem: 16496
Val:  [    90/?]  eta: ?  loss: 0.0224 (0.0276)  time: 0.1673  data: 0.0003  max mem: 16496
Val:  [   100/?]  eta: ?  loss: 0.0235 (0.0275)  time: 0.1673  data: 0.0004  max mem: 16496
Val:  [   110/?]  eta: ?  loss: 0.0235 (0.0273)  time: 0.1673  data: 0.0003  max mem: 16496
Val:  [   120/?]  eta: ?  loss: 0.0211 (0.0281)  time: 0.1674  data: 0.0003  max mem: 16496
Val:  [   130/?]  eta: ?  loss: 0.0251 (0.0281)  time: 0.1674  data: 0.0003  max mem: 16496
Val:  [   140/?]  eta: ?  loss: 0.0251 (0.0282)  time: 0.1673  data: 0.0003  max mem: 16496
Val:  [   150/?]  eta: ?  loss: 0.0196 (0.0284)  time: 0.1674  data: 0.0003  max mem: 16496
Val:  [   160/?]  eta: ?  loss: 0.0170 (0.0284)  time: 0.1675  data: 0.0003  max mem: 16496
Val:  [   170/?]  eta: ?  loss: 0.0242 (0.0286)  time: 0.1674  data: 0.0003  max mem: 16496
Val:  [   180/?]  eta: ?  loss: 0.0261 (0.0283)  time: 0.1674  data: 0.0003  max mem: 16496
Val:  [   190/?]  eta: ?  loss: 0.0151 (0.0278)  time: 0.1674  data: 0.0003  max mem: 16496
Val:  [   200/?]  eta: ?  loss: 0.0151 (0.0276)  time: 0.1675  data: 0.0003  max mem: 16496
Val:  [   210/?]  eta: ?  loss: 0.0225 (0.0278)  time: 0.1674  data: 0.0003  max mem: 16496
Val:  [   220/?]  eta: ?  loss: 0.0192 (0.0274)  time: 0.1674  data: 0.0003  max mem: 16496
Val:  [   230/?]  eta: ?  loss: 0.0167 (0.0273)  time: 0.1675  data: 0.0003  max mem: 16496
Val:  [   240/?]  eta: ?  loss: 0.0156 (0.0272)  time: 0.1674  data: 0.0003  max mem: 16496
Val:  [   250/?]  eta: ?  loss: 0.0171 (0.0275)  time: 0.1675  data: 0.0003  max mem: 16496
Val:  [   260/?]  eta: ?  loss: 0.0198 (0.0277)  time: 0.1676  data: 0.0004  max mem: 16496
Val:  [   270/?]  eta: ?  loss: 0.0226 (0.0279)  time: 0.1675  data: 0.0004  max mem: 16496
Val:  [   280/?]  eta: ?  loss: 0.0242 (0.0279)  time: 0.1675  data: 0.0003  max mem: 16496
Val:  [   290/?]  eta: ?  loss: 0.0153 (0.0276)  time: 0.1675  data: 0.0003  max mem: 16496
Val:  [   300/?]  eta: ?  loss: 0.0153 (0.0274)  time: 0.1674  data: 0.0003  max mem: 16496
Val:  [   310/?]  eta: ?  loss: 0.0196 (0.0271)  time: 0.1659  data: 0.0003  max mem: 16496
Val: Total time: 0:00:54 (0.1737 s / it)
* loss 0.027
Test:  [     0/?]  eta: ?  loss: 0.0217 (0.0217)  time: 2.0086  data: 1.8429  max mem: 16496
Test:  [    10/?]  eta: ?  loss: 0.0197 (0.0227)  time: 0.3347  data: 0.1678  max mem: 16496
Test:  [    20/?]  eta: ?  loss: 0.0186 (0.0213)  time: 0.1674  data: 0.0003  max mem: 16496
Test:  [    30/?]  eta: ?  loss: 0.0191 (0.0210)  time: 0.1675  data: 0.0003  max mem: 16496
Test:  [    40/?]  eta: ?  loss: 0.0172 (0.0211)  time: 0.1675  data: 0.0003  max mem: 16496
Test:  [    50/?]  eta: ?  loss: 0.0155 (0.0207)  time: 0.1676  data: 0.0004  max mem: 16496
Test:  [    60/?]  eta: ?  loss: 0.0187 (0.0201)  time: 0.1677  data: 0.0004  max mem: 16496
Test:  [    70/?]  eta: ?  loss: 0.0147 (0.0199)  time: 0.1676  data: 0.0004  max mem: 16496
Test:  [    80/?]  eta: ?  loss: 0.0152 (0.0197)  time: 0.1676  data: 0.0004  max mem: 16496
Test:  [    90/?]  eta: ?  loss: 0.0209 (0.0209)  time: 0.1676  data: 0.0004  max mem: 16496
Test:  [   100/?]  eta: ?  loss: 0.0260 (0.0218)  time: 0.1676  data: 0.0004  max mem: 16496
Test:  [   110/?]  eta: ?  loss: 0.0246 (0.0222)  time: 0.1676  data: 0.0004  max mem: 16496
Test:  [   120/?]  eta: ?  loss: 0.0205 (0.0227)  time: 0.1677  data: 0.0004  max mem: 16496
Test:  [   130/?]  eta: ?  loss: 0.0189 (0.0225)  time: 0.1676  data: 0.0003  max mem: 16496
Test:  [   140/?]  eta: ?  loss: 0.0169 (0.0228)  time: 0.1676  data: 0.0003  max mem: 16496
Test:  [   150/?]  eta: ?  loss: 0.0273 (0.0233)  time: 0.1676  data: 0.0004  max mem: 16496
Test:  [   160/?]  eta: ?  loss: 0.0261 (0.0234)  time: 0.1675  data: 0.0003  max mem: 16496
Test:  [   170/?]  eta: ?  loss: 0.0215 (0.0238)  time: 0.1675  data: 0.0003  max mem: 16496
Test:  [   180/?]  eta: ?  loss: 0.0198 (0.0240)  time: 0.1675  data: 0.0003  max mem: 16496
Test:  [   190/?]  eta: ?  loss: 0.0208 (0.0237)  time: 0.1676  data: 0.0004  max mem: 16496
Test:  [   200/?]  eta: ?  loss: 0.0181 (0.0239)  time: 0.1676  data: 0.0004  max mem: 16496
Test:  [   210/?]  eta: ?  loss: 0.0181 (0.0239)  time: 0.1675  data: 0.0003  max mem: 16496
Test:  [   220/?]  eta: ?  loss: 0.0164 (0.0242)  time: 0.1675  data: 0.0003  max mem: 16496
Test:  [   230/?]  eta: ?  loss: 0.0191 (0.0242)  time: 0.1675  data: 0.0003  max mem: 16496
Test:  [   240/?]  eta: ?  loss: 0.0191 (0.0240)  time: 0.1675  data: 0.0004  max mem: 16496
Test:  [   250/?]  eta: ?  loss: 0.0164 (0.0239)  time: 0.1675  data: 0.0003  max mem: 16496
Test:  [   260/?]  eta: ?  loss: 0.0164 (0.0238)  time: 0.1675  data: 0.0003  max mem: 16496
Test:  [   270/?]  eta: ?  loss: 0.0166 (0.0237)  time: 0.1675  data: 0.0004  max mem: 16496
Test:  [   280/?]  eta: ?  loss: 0.0168 (0.0243)  time: 0.1676  data: 0.0004  max mem: 16496
Test:  [   290/?]  eta: ?  loss: 0.0220 (0.0244)  time: 0.1676  data: 0.0004  max mem: 16496
Test:  [   300/?]  eta: ?  loss: 0.0289 (0.0249)  time: 0.1676  data: 0.0004  max mem: 16496
Test:  [   310/?]  eta: ?  loss: 0.0337 (0.0258)  time: 0.1337  data: 0.0003  max mem: 16496
Test: Total time: 0:00:53 (0.1709 s / it)
* loss 0.026
  → Epoch  44/50 | Train Loss: 0.0008 | Val Loss: 0.0271 | Train score (1/(1+norm_MAE)): 0.9846 | Val MAE (years): 2.0919 | LR: 0.000000
Best val MAE (years): 1.9149, test MAE at best val: 1.8538
  Test segment MAE: 2.0529 | participant median MAE: 1.8118 | participant mean MAE: 1.7955
Epoch: [44]  [     0/?]  eta: ?  lr: 0.000031  min_lr: 0.000000  loss: 0.0007 (0.0007)  class_acc: 0.9838 (0.9838)  loss_scale: 9223372036854775808.0000 (9223372036854775808.0000)  weight_decay: 0.0500 (0.0500)  grad_norm: 0.3467 (0.3467)  time: 7.3530  data: 6.9350  max mem: 16496
Epoch: [44]  [   500/?]  eta: ?  lr: 0.000031  min_lr: 0.000000  loss: 0.0007 (0.0008)  class_acc: 0.9848 (0.9848)  loss_scale: 18446744073709551616.0000 (10512066732622907392.0000)  weight_decay: 0.0500 (0.0500)  grad_norm: 0.5394 (0.9954)  time: 0.4310  data: 0.0002  max mem: 16496
Epoch: [44]  [  1000/?]  eta: ?  lr: 0.000031  min_lr: 0.000000  loss: 0.0007 (0.0008)  class_acc: 0.9848 (0.9848)  loss_scale: 18446744073709551616.0000 (14475442027870982144.0000)  weight_decay: 0.0500 (0.0500)  grad_norm: 0.7095 (1.0602)  time: 0.4349  data: 0.0002  max mem: 16496
Epoch: [44]  [  1500/?]  eta: ?  lr: 0.000031  min_lr: 0.000000  loss: 0.0007 (0.0008)  class_acc: 0.9846 (0.9847)  loss_scale: 18446744073709551616.0000 (15798327452867174400.0000)  weight_decay: 0.0500 (0.0500)  grad_norm: 0.6242 (1.0916)  time: 0.4273  data: 0.0002  max mem: 16496
Epoch: [44]  [  2000/?]  eta: ?  lr: 0.000031  min_lr: 0.000000  loss: 0.0008 (0.0008)  class_acc: 0.9847 (0.9848)  loss_scale: 18446744073709551616.0000 (16460100721443479552.0000)  weight_decay: 0.0500 (0.0500)  grad_norm: 0.6094 (1.1201)  time: 0.4319  data: 0.0002  max mem: 16496
Epoch: [44] Total time: 0:15:53 (0.4391 s / it)
Val:  [     0/?]  eta: ?  loss: 0.0411 (0.0411)  time: 1.9277  data: 1.7624  max mem: 16496
Val:  [    10/?]  eta: ?  loss: 0.0225 (0.0320)  time: 0.3271  data: 0.1604  max mem: 16496
Val:  [    20/?]  eta: ?  loss: 0.0202 (0.0255)  time: 0.1671  data: 0.0002  max mem: 16496
Val:  [    30/?]  eta: ?  loss: 0.0182 (0.0237)  time: 0.1673  data: 0.0003  max mem: 16496
Val:  [    40/?]  eta: ?  loss: 0.0220 (0.0245)  time: 0.1673  data: 0.0003  max mem: 16496
Val:  [    50/?]  eta: ?  loss: 0.0245 (0.0251)  time: 0.1674  data: 0.0003  max mem: 16496
Val:  [    60/?]  eta: ?  loss: 0.0212 (0.0292)  time: 0.1675  data: 0.0003  max mem: 16496
Val:  [    70/?]  eta: ?  loss: 0.0162 (0.0281)  time: 0.1674  data: 0.0003  max mem: 16496
Val:  [    80/?]  eta: ?  loss: 0.0198 (0.0283)  time: 0.1673  data: 0.0003  max mem: 16496
Val:  [    90/?]  eta: ?  loss: 0.0215 (0.0276)  time: 0.1673  data: 0.0003  max mem: 16496
Val:  [   100/?]  eta: ?  loss: 0.0224 (0.0274)  time: 0.1674  data: 0.0004  max mem: 16496
Val:  [   110/?]  eta: ?  loss: 0.0224 (0.0273)  time: 0.1674  data: 0.0004  max mem: 16496
Val:  [   120/?]  eta: ?  loss: 0.0219 (0.0280)  time: 0.1674  data: 0.0003  max mem: 16496
Val:  [   130/?]  eta: ?  loss: 0.0229 (0.0280)  time: 0.1674  data: 0.0003  max mem: 16496
Val:  [   140/?]  eta: ?  loss: 0.0229 (0.0281)  time: 0.1673  data: 0.0003  max mem: 16496
Val:  [   150/?]  eta: ?  loss: 0.0188 (0.0283)  time: 0.1675  data: 0.0003  max mem: 16496
Val:  [   160/?]  eta: ?  loss: 0.0175 (0.0284)  time: 0.1675  data: 0.0003  max mem: 16496
Val:  [   170/?]  eta: ?  loss: 0.0248 (0.0285)  time: 0.1674  data: 0.0003  max mem: 16496
Val:  [   180/?]  eta: ?  loss: 0.0248 (0.0283)  time: 0.1674  data: 0.0003  max mem: 16496
Val:  [   190/?]  eta: ?  loss: 0.0155 (0.0278)  time: 0.1675  data: 0.0003  max mem: 16496
Val:  [   200/?]  eta: ?  loss: 0.0156 (0.0275)  time: 0.1675  data: 0.0003  max mem: 16496
Val:  [   210/?]  eta: ?  loss: 0.0227 (0.0276)  time: 0.1675  data: 0.0003  max mem: 16496
Val:  [   220/?]  eta: ?  loss: 0.0186 (0.0272)  time: 0.1674  data: 0.0003  max mem: 16496
Val:  [   230/?]  eta: ?  loss: 0.0168 (0.0271)  time: 0.1675  data: 0.0003  max mem: 16496
Val:  [   240/?]  eta: ?  loss: 0.0168 (0.0270)  time: 0.1675  data: 0.0003  max mem: 16496
Val:  [   250/?]  eta: ?  loss: 0.0170 (0.0273)  time: 0.1676  data: 0.0004  max mem: 16496
Val:  [   260/?]  eta: ?  loss: 0.0196 (0.0275)  time: 0.1676  data: 0.0004  max mem: 16496
Val:  [   270/?]  eta: ?  loss: 0.0245 (0.0278)  time: 0.1675  data: 0.0004  max mem: 16496
Val:  [   280/?]  eta: ?  loss: 0.0245 (0.0277)  time: 0.1676  data: 0.0004  max mem: 16496
Val:  [   290/?]  eta: ?  loss: 0.0154 (0.0275)  time: 0.1675  data: 0.0003  max mem: 16496
Val:  [   300/?]  eta: ?  loss: 0.0161 (0.0273)  time: 0.1675  data: 0.0004  max mem: 16496
Val:  [   310/?]  eta: ?  loss: 0.0201 (0.0270)  time: 0.1660  data: 0.0004  max mem: 16496
Val: Total time: 0:00:53 (0.1730 s / it)
* loss 0.027
Test:  [     0/?]  eta: ?  loss: 0.0215 (0.0215)  time: 1.9216  data: 1.7560  max mem: 16496
Test:  [    10/?]  eta: ?  loss: 0.0200 (0.0223)  time: 0.3268  data: 0.1600  max mem: 16496
Test:  [    20/?]  eta: ?  loss: 0.0176 (0.0206)  time: 0.1674  data: 0.0003  max mem: 16496
Test:  [    30/?]  eta: ?  loss: 0.0189 (0.0204)  time: 0.1675  data: 0.0003  max mem: 16496
Test:  [    40/?]  eta: ?  loss: 0.0157 (0.0206)  time: 0.1674  data: 0.0003  max mem: 16496
Test:  [    50/?]  eta: ?  loss: 0.0154 (0.0203)  time: 0.1675  data: 0.0004  max mem: 16496
Test:  [    60/?]  eta: ?  loss: 0.0191 (0.0195)  time: 0.1675  data: 0.0004  max mem: 16496
Test:  [    70/?]  eta: ?  loss: 0.0145 (0.0193)  time: 0.1674  data: 0.0003  max mem: 16496
Test:  [    80/?]  eta: ?  loss: 0.0158 (0.0191)  time: 0.1675  data: 0.0003  max mem: 16496
Test:  [    90/?]  eta: ?  loss: 0.0203 (0.0203)  time: 0.1675  data: 0.0003  max mem: 16496
Test:  [   100/?]  eta: ?  loss: 0.0265 (0.0212)  time: 0.1675  data: 0.0003  max mem: 16496
Test:  [   110/?]  eta: ?  loss: 0.0245 (0.0217)  time: 0.1675  data: 0.0003  max mem: 16496
Test:  [   120/?]  eta: ?  loss: 0.0210 (0.0221)  time: 0.1675  data: 0.0003  max mem: 16496
Test:  [   130/?]  eta: ?  loss: 0.0200 (0.0220)  time: 0.1675  data: 0.0004  max mem: 16496
Test:  [   140/?]  eta: ?  loss: 0.0173 (0.0223)  time: 0.1676  data: 0.0004  max mem: 16496
Test:  [   150/?]  eta: ?  loss: 0.0284 (0.0229)  time: 0.1676  data: 0.0003  max mem: 16496
Test:  [   160/?]  eta: ?  loss: 0.0246 (0.0231)  time: 0.1676  data: 0.0003  max mem: 16496
Test:  [   170/?]  eta: ?  loss: 0.0215 (0.0235)  time: 0.1675  data: 0.0003  max mem: 16496
Test:  [   180/?]  eta: ?  loss: 0.0195 (0.0237)  time: 0.1676  data: 0.0004  max mem: 16496
Test:  [   190/?]  eta: ?  loss: 0.0212 (0.0234)  time: 0.1676  data: 0.0004  max mem: 16496
Test:  [   200/?]  eta: ?  loss: 0.0168 (0.0235)  time: 0.1675  data: 0.0003  max mem: 16496
Test:  [   210/?]  eta: ?  loss: 0.0177 (0.0236)  time: 0.1675  data: 0.0003  max mem: 16496
Test:  [   220/?]  eta: ?  loss: 0.0177 (0.0239)  time: 0.1676  data: 0.0003  max mem: 16496
Test:  [   230/?]  eta: ?  loss: 0.0190 (0.0239)  time: 0.1676  data: 0.0004  max mem: 16496
Test:  [   240/?]  eta: ?  loss: 0.0187 (0.0237)  time: 0.1676  data: 0.0003  max mem: 16496
Test:  [   250/?]  eta: ?  loss: 0.0157 (0.0236)  time: 0.1676  data: 0.0003  max mem: 16496
Test:  [   260/?]  eta: ?  loss: 0.0169 (0.0236)  time: 0.1675  data: 0.0003  max mem: 16496
Test:  [   270/?]  eta: ?  loss: 0.0171 (0.0234)  time: 0.1675  data: 0.0003  max mem: 16496
Test:  [   280/?]  eta: ?  loss: 0.0171 (0.0241)  time: 0.1675  data: 0.0003  max mem: 16496
Test:  [   290/?]  eta: ?  loss: 0.0211 (0.0242)  time: 0.1675  data: 0.0003  max mem: 16496
Test:  [   300/?]  eta: ?  loss: 0.0271 (0.0246)  time: 0.1675  data: 0.0003  max mem: 16496
Test:  [   310/?]  eta: ?  loss: 0.0363 (0.0256)  time: 0.1336  data: 0.0003  max mem: 16496
Test: Total time: 0:00:53 (0.1706 s / it)
* loss 0.025

============================================================
Counting samples by task type...
============================================================

============================================================
Evaluating on active tasks (35,284 samples)...
============================================================
Active Test:  [     0/?]  eta: ?  loss: 0.0163 (0.0163)  time: 2.6440  data: 2.6112  max mem: 16496
Active Test:  [    10/?]  eta: ?  loss: 0.0289 (0.0754)  time: 0.2585  data: 0.2441  max mem: 16496
Active Test:  [    20/?]  eta: ?  loss: 0.0287 (0.0542)  time: 0.0208  data: 0.0082  max mem: 16496
Active Test:  [    30/?]  eta: ?  loss: 0.0287 (0.0492)  time: 0.0206  data: 0.0080  max mem: 16496
Active Test:  [    40/?]  eta: ?  loss: 0.0349 (0.0475)  time: 0.0210  data: 0.0083  max mem: 16496
Active Test:  [    50/?]  eta: ?  loss: 0.0229 (0.0423)  time: 0.0199  data: 0.0073  max mem: 16496
Active Test:  [    60/?]  eta: ?  loss: 0.0091 (0.0368)  time: 0.0192  data: 0.0068  max mem: 16496
Active Test:  [    70/?]  eta: ?  loss: 0.0079 (0.0332)  time: 0.0194  data: 0.0073  max mem: 16496
Active Test:  [    80/?]  eta: ?  loss: 0.0096 (0.0306)  time: 0.0193  data: 0.0070  max mem: 16496
Active Test:  [    90/?]  eta: ?  loss: 0.0120 (0.0290)  time: 0.0189  data: 0.0066  max mem: 16496
Active Test:  [   100/?]  eta: ?  loss: 0.0178 (0.0285)  time: 0.0194  data: 0.0072  max mem: 16496
Active Test:  [   110/?]  eta: ?  loss: 0.0226 (0.0276)  time: 0.0199  data: 0.0076  max mem: 16496
Active Test:  [   120/?]  eta: ?  loss: 0.0145 (0.0269)  time: 0.0181  data: 0.0059  max mem: 16496
Active Test:  [   130/?]  eta: ?  loss: 0.0134 (0.0266)  time: 0.0195  data: 0.0074  max mem: 16496
Active Test:  [   140/?]  eta: ?  loss: 0.0154 (0.0277)  time: 0.0198  data: 0.0077  max mem: 16496
Active Test:  [   150/?]  eta: ?  loss: 0.0295 (0.0289)  time: 0.0195  data: 0.0074  max mem: 16496
Active Test:  [   160/?]  eta: ?  loss: 0.0295 (0.0297)  time: 0.0188  data: 0.0066  max mem: 16496
Active Test:  [   170/?]  eta: ?  loss: 0.0226 (0.0295)  time: 0.0185  data: 0.0064  max mem: 16496
Active Test:  [   180/?]  eta: ?  loss: 0.0116 (0.0284)  time: 0.0193  data: 0.0073  max mem: 16496
Active Test:  [   190/?]  eta: ?  loss: 0.0104 (0.0281)  time: 0.0197  data: 0.0076  max mem: 16496
Active Test:  [   200/?]  eta: ?  loss: 0.0151 (0.0279)  time: 0.0191  data: 0.0069  max mem: 16496
Active Test:  [   210/?]  eta: ?  loss: 0.0150 (0.0276)  time: 0.0190  data: 0.0070  max mem: 16496
Active Test:  [   220/?]  eta: ?  loss: 0.0206 (0.0275)  time: 0.0197  data: 0.0077  max mem: 16496
Active Test:  [   230/?]  eta: ?  loss: 0.0213 (0.0273)  time: 0.0200  data: 0.0079  max mem: 16496
Active Test:  [   240/?]  eta: ?  loss: 0.0173 (0.0278)  time: 0.0201  data: 0.0081  max mem: 16496
Active Test:  [   250/?]  eta: ?  loss: 0.0224 (0.0280)  time: 0.0199  data: 0.0078  max mem: 16496
Active Test:  [   260/?]  eta: ?  loss: 0.0224 (0.0284)  time: 0.0200  data: 0.0078  max mem: 16496
Active Test:  [   270/?]  eta: ?  loss: 0.0231 (0.0285)  time: 0.0204  data: 0.0082  max mem: 16496
Active Test:  [   280/?]  eta: ?  loss: 0.0218 (0.0283)  time: 0.0203  data: 0.0082  max mem: 16496
Active Test:  [   290/?]  eta: ?  loss: 0.0140 (0.0279)  time: 0.0218  data: 0.0096  max mem: 16496
Active Test:  [   300/?]  eta: ?  loss: 0.0140 (0.0278)  time: 0.0216  data: 0.0089  max mem: 16496
Active Test:  [   310/?]  eta: ?  loss: 0.0146 (0.0275)  time: 0.0201  data: 0.0074  max mem: 16496
Active Test:  [   320/?]  eta: ?  loss: 0.0146 (0.0273)  time: 0.0199  data: 0.0076  max mem: 16496
Active Test:  [   330/?]  eta: ?  loss: 0.0171 (0.0276)  time: 0.0201  data: 0.0078  max mem: 16496
Active Test:  [   340/?]  eta: ?  loss: 0.0214 (0.0276)  time: 0.0212  data: 0.0089  max mem: 16496
Active Test:  [   350/?]  eta: ?  loss: 0.0186 (0.0277)  time: 0.0227  data: 0.0105  max mem: 16496
Active Test:  [   360/?]  eta: ?  loss: 0.0229 (0.0275)  time: 0.0231  data: 0.0104  max mem: 16496
Active Test:  [   370/?]  eta: ?  loss: 0.0166 (0.0273)  time: 0.0219  data: 0.0091  max mem: 16496
Active Test:  [   380/?]  eta: ?  loss: 0.0089 (0.0269)  time: 0.0205  data: 0.0084  max mem: 16496
Active Test:  [   390/?]  eta: ?  loss: 0.0088 (0.0266)  time: 0.0202  data: 0.0083  max mem: 16496
Active Test:  [   400/?]  eta: ?  loss: 0.0122 (0.0266)  time: 0.0210  data: 0.0089  max mem: 16496
Active Test:  [   410/?]  eta: ?  loss: 0.0122 (0.0264)  time: 0.0216  data: 0.0095  max mem: 16496
Active Test:  [   420/?]  eta: ?  loss: 0.0171 (0.0263)  time: 0.0213  data: 0.0092  max mem: 16496
Active Test:  [   430/?]  eta: ?  loss: 0.0141 (0.0262)  time: 0.0210  data: 0.0088  max mem: 16496
Active Test:  [   440/?]  eta: ?  loss: 0.0149 (0.0261)  time: 0.0210  data: 0.0087  max mem: 16496
Active Test:  [   450/?]  eta: ?  loss: 0.0155 (0.0258)  time: 0.0215  data: 0.0092  max mem: 16496
Active Test:  [   460/?]  eta: ?  loss: 0.0083 (0.0257)  time: 0.0266  data: 0.0128  max mem: 16496
Active Test:  [   470/?]  eta: ?  loss: 0.0086 (0.0271)  time: 0.0250  data: 0.0109  max mem: 16496
Active Test:  [   480/?]  eta: ?  loss: 0.0242 (0.0276)  time: 0.0205  data: 0.0079  max mem: 16496
Active Test:  [   490/?]  eta: ?  loss: 0.0166 (0.0274)  time: 0.0231  data: 0.0110  max mem: 16496
Active Test:  [   500/?]  eta: ?  loss: 0.0150 (0.0273)  time: 0.0228  data: 0.0106  max mem: 16496
Active Test:  [   510/?]  eta: ?  loss: 0.0185 (0.0271)  time: 0.0225  data: 0.0103  max mem: 16496
Active Test:  [   520/?]  eta: ?  loss: 0.0096 (0.0271)  time: 0.0228  data: 0.0107  max mem: 16496
Active Test:  [   530/?]  eta: ?  loss: 0.0122 (0.0268)  time: 0.0231  data: 0.0111  max mem: 16496
Active Test:  [   540/?]  eta: ?  loss: 0.0159 (0.0267)  time: 0.0230  data: 0.0108  max mem: 16496
Active Test: Total time: 0:00:14 (0.0260 s / it)
* loss 0.027

============================================================
Evaluating on passive tasks (204,188 samples)...
============================================================
Passive Test:  [     0/?]  eta: ?  loss: 0.0110 (0.0110)  time: 0.9409  data: 0.9262  max mem: 16496
Passive Test:  [    10/?]  eta: ?  loss: 0.0123 (0.0133)  time: 0.1124  data: 0.0986  max mem: 16496
Passive Test:  [    20/?]  eta: ?  loss: 0.0123 (0.0152)  time: 0.0239  data: 0.0110  max mem: 16496
Passive Test:  [    30/?]  eta: ?  loss: 0.0141 (0.0180)  time: 0.0184  data: 0.0062  max mem: 16496
Passive Test:  [    40/?]  eta: ?  loss: 0.0183 (0.0218)  time: 0.0182  data: 0.0061  max mem: 16496
Passive Test:  [    50/?]  eta: ?  loss: 0.0252 (0.0242)  time: 0.0188  data: 0.0066  max mem: 16496
Passive Test:  [    60/?]  eta: ?  loss: 0.0252 (0.0259)  time: 0.0188  data: 0.0065  max mem: 16496
Passive Test:  [    70/?]  eta: ?  loss: 0.0169 (0.0277)  time: 0.0185  data: 0.0063  max mem: 16496
Passive Test:  [    80/?]  eta: ?  loss: 0.0171 (0.0283)  time: 0.0178  data: 0.0056  max mem: 16496
Passive Test:  [    90/?]  eta: ?  loss: 0.0194 (0.0283)  time: 0.0175  data: 0.0053  max mem: 16496
Passive Test:  [   100/?]  eta: ?  loss: 0.0194 (0.0281)  time: 0.0175  data: 0.0053  max mem: 16496
Passive Test:  [   110/?]  eta: ?  loss: 0.0143 (0.0270)  time: 0.0173  data: 0.0051  max mem: 16496
Passive Test:  [   120/?]  eta: ?  loss: 0.0092 (0.0268)  time: 0.0170  data: 0.0049  max mem: 16496
Passive Test:  [   130/?]  eta: ?  loss: 0.0113 (0.0268)  time: 0.0171  data: 0.0050  max mem: 16496
Passive Test:  [   140/?]  eta: ?  loss: 0.0149 (0.0274)  time: 0.0177  data: 0.0055  max mem: 16496
Passive Test:  [   150/?]  eta: ?  loss: 0.0187 (0.0275)  time: 0.0178  data: 0.0056  max mem: 16496
Passive Test:  [   160/?]  eta: ?  loss: 0.0179 (0.0274)  time: 0.0175  data: 0.0054  max mem: 16496
Passive Test:  [   170/?]  eta: ?  loss: 0.0120 (0.0270)  time: 0.0180  data: 0.0059  max mem: 16496
Passive Test:  [   180/?]  eta: ?  loss: 0.0116 (0.0263)  time: 0.0182  data: 0.0061  max mem: 16496
Passive Test:  [   190/?]  eta: ?  loss: 0.0155 (0.0257)  time: 0.0181  data: 0.0061  max mem: 16496
Passive Test:  [   200/?]  eta: ?  loss: 0.0109 (0.0250)  time: 0.0182  data: 0.0062  max mem: 16496
Passive Test:  [   210/?]  eta: ?  loss: 0.0107 (0.0247)  time: 0.0175  data: 0.0055  max mem: 16496
Passive Test:  [   220/?]  eta: ?  loss: 0.0152 (0.0242)  time: 0.0175  data: 0.0055  max mem: 16496
Passive Test:  [   230/?]  eta: ?  loss: 0.0106 (0.0240)  time: 0.0183  data: 0.0064  max mem: 16496
Passive Test:  [   240/?]  eta: ?  loss: 0.0176 (0.0237)  time: 0.0178  data: 0.0058  max mem: 16496
Passive Test:  [   250/?]  eta: ?  loss: 0.0128 (0.0233)  time: 0.0174  data: 0.0053  max mem: 16496
Passive Test:  [   260/?]  eta: ?  loss: 0.0106 (0.0230)  time: 0.0173  data: 0.0052  max mem: 16496
Passive Test:  [   270/?]  eta: ?  loss: 0.0082 (0.0231)  time: 0.0167  data: 0.0046  max mem: 16496
Passive Test:  [   280/?]  eta: ?  loss: 0.0083 (0.0226)  time: 0.0174  data: 0.0053  max mem: 16496
Passive Test:  [   290/?]  eta: ?  loss: 0.0085 (0.0222)  time: 0.0171  data: 0.0050  max mem: 16496
Passive Test:  [   300/?]  eta: ?  loss: 0.0095 (0.0219)  time: 0.0171  data: 0.0050  max mem: 16496
Passive Test:  [   310/?]  eta: ?  loss: 0.0105 (0.0217)  time: 0.0175  data: 0.0054  max mem: 16496
Passive Test:  [   320/?]  eta: ?  loss: 0.0131 (0.0215)  time: 0.0170  data: 0.0050  max mem: 16496
Passive Test:  [   330/?]  eta: ?  loss: 0.0140 (0.0214)  time: 0.0171  data: 0.0051  max mem: 16496
Passive Test:  [   340/?]  eta: ?  loss: 0.0132 (0.0211)  time: 0.0180  data: 0.0060  max mem: 16496
Passive Test:  [   350/?]  eta: ?  loss: 0.0088 (0.0208)  time: 0.0209  data: 0.0088  max mem: 16496
Passive Test:  [   360/?]  eta: ?  loss: 0.0108 (0.0205)  time: 0.0217  data: 0.0095  max mem: 16496
Passive Test:  [   370/?]  eta: ?  loss: 0.0123 (0.0203)  time: 0.0216  data: 0.0091  max mem: 16496
Passive Test:  [   380/?]  eta: ?  loss: 0.0123 (0.0201)  time: 0.0211  data: 0.0083  max mem: 16496
Passive Test:  [   390/?]  eta: ?  loss: 0.0114 (0.0199)  time: 0.0201  data: 0.0076  max mem: 16496
Passive Test:  [   400/?]  eta: ?  loss: 0.0168 (0.0198)  time: 0.0195  data: 0.0074  max mem: 16496
Passive Test:  [   410/?]  eta: ?  loss: 0.0173 (0.0197)  time: 0.0183  data: 0.0064  max mem: 16496
Passive Test:  [   420/?]  eta: ?  loss: 0.0168 (0.0196)  time: 0.0177  data: 0.0058  max mem: 16496
Passive Test:  [   430/?]  eta: ?  loss: 0.0168 (0.0197)  time: 0.0188  data: 0.0068  max mem: 16496
Passive Test:  [   440/?]  eta: ?  loss: 0.0149 (0.0196)  time: 0.0195  data: 0.0075  max mem: 16496
Passive Test:  [   450/?]  eta: ?  loss: 0.0123 (0.0197)  time: 0.0190  data: 0.0070  max mem: 16496
Passive Test:  [   460/?]  eta: ?  loss: 0.0209 (0.0199)  time: 0.0185  data: 0.0065  max mem: 16496
Passive Test:  [   470/?]  eta: ?  loss: 0.0242 (0.0200)  time: 0.0184  data: 0.0063  max mem: 16496
Passive Test:  [   480/?]  eta: ?  loss: 0.0271 (0.0202)  time: 0.0187  data: 0.0066  max mem: 16496
Passive Test:  [   490/?]  eta: ?  loss: 0.0283 (0.0204)  time: 0.0183  data: 0.0062  max mem: 16496
Passive Test:  [   500/?]  eta: ?  loss: 0.0261 (0.0206)  time: 0.0184  data: 0.0062  max mem: 16496
Passive Test:  [   510/?]  eta: ?  loss: 0.0261 (0.0209)  time: 0.0183  data: 0.0060  max mem: 16496
Passive Test:  [   520/?]  eta: ?  loss: 0.0244 (0.0209)  time: 0.0179  data: 0.0056  max mem: 16496
Passive Test:  [   530/?]  eta: ?  loss: 0.0228 (0.0209)  time: 0.0180  data: 0.0058  max mem: 16496
Passive Test:  [   540/?]  eta: ?  loss: 0.0176 (0.0210)  time: 0.0181  data: 0.0060  max mem: 16496
Passive Test:  [   550/?]  eta: ?  loss: 0.0147 (0.0209)  time: 0.0186  data: 0.0064  max mem: 16496
Passive Test:  [   560/?]  eta: ?  loss: 0.0120 (0.0208)  time: 0.0186  data: 0.0064  max mem: 16496
Passive Test:  [   570/?]  eta: ?  loss: 0.0098 (0.0206)  time: 0.0178  data: 0.0056  max mem: 16496
Passive Test:  [   580/?]  eta: ?  loss: 0.0100 (0.0204)  time: 0.0180  data: 0.0058  max mem: 16496
Passive Test:  [   590/?]  eta: ?  loss: 0.0145 (0.0205)  time: 0.0177  data: 0.0056  max mem: 16496
Passive Test:  [   600/?]  eta: ?  loss: 0.0206 (0.0206)  time: 0.0174  data: 0.0054  max mem: 16496
Passive Test:  [   610/?]  eta: ?  loss: 0.0176 (0.0205)  time: 0.0179  data: 0.0058  max mem: 16496
Passive Test:  [   620/?]  eta: ?  loss: 0.0130 (0.0204)  time: 0.0177  data: 0.0056  max mem: 16496
Passive Test:  [   630/?]  eta: ?  loss: 0.0137 (0.0204)  time: 0.0175  data: 0.0054  max mem: 16496
Passive Test:  [   640/?]  eta: ?  loss: 0.0176 (0.0204)  time: 0.0176  data: 0.0056  max mem: 16496
Passive Test:  [   650/?]  eta: ?  loss: 0.0241 (0.0207)  time: 0.0175  data: 0.0055  max mem: 16496
Passive Test:  [   660/?]  eta: ?  loss: 0.0453 (0.0213)  time: 0.0177  data: 0.0056  max mem: 16496
Passive Test:  [   670/?]  eta: ?  loss: 0.0531 (0.0219)  time: 0.0178  data: 0.0058  max mem: 16496
Passive Test:  [   680/?]  eta: ?  loss: 0.0542 (0.0224)  time: 0.0173  data: 0.0053  max mem: 16496
Passive Test:  [   690/?]  eta: ?  loss: 0.0530 (0.0230)  time: 0.0175  data: 0.0055  max mem: 16496
Passive Test:  [   700/?]  eta: ?  loss: 0.0484 (0.0234)  time: 0.0179  data: 0.0059  max mem: 16496
Passive Test:  [   710/?]  eta: ?  loss: 0.0565 (0.0239)  time: 0.0174  data: 0.0054  max mem: 16496
Passive Test:  [   720/?]  eta: ?  loss: 0.0605 (0.0244)  time: 0.0173  data: 0.0053  max mem: 16496
Passive Test:  [   730/?]  eta: ?  loss: 0.0550 (0.0247)  time: 0.0185  data: 0.0064  max mem: 16496
Passive Test:  [   740/?]  eta: ?  loss: 0.0290 (0.0248)  time: 0.0189  data: 0.0068  max mem: 16496
Passive Test:  [   750/?]  eta: ?  loss: 0.0150 (0.0247)  time: 0.0181  data: 0.0062  max mem: 16496
Passive Test:  [   760/?]  eta: ?  loss: 0.0144 (0.0246)  time: 0.0180  data: 0.0060  max mem: 16496
Passive Test:  [   770/?]  eta: ?  loss: 0.0158 (0.0246)  time: 0.0182  data: 0.0062  max mem: 16496
Passive Test:  [   780/?]  eta: ?  loss: 0.0184 (0.0247)  time: 0.0181  data: 0.0061  max mem: 16496
Passive Test:  [   790/?]  eta: ?  loss: 0.0178 (0.0246)  time: 0.0177  data: 0.0058  max mem: 16496
Passive Test:  [   800/?]  eta: ?  loss: 0.0170 (0.0247)  time: 0.0176  data: 0.0056  max mem: 16496
Passive Test:  [   810/?]  eta: ?  loss: 0.0170 (0.0246)  time: 0.0181  data: 0.0061  max mem: 16496
Passive Test:  [   820/?]  eta: ?  loss: 0.0179 (0.0246)  time: 0.0184  data: 0.0064  max mem: 16496
Passive Test:  [   830/?]  eta: ?  loss: 0.0210 (0.0245)  time: 0.0179  data: 0.0058  max mem: 16496
Passive Test:  [   840/?]  eta: ?  loss: 0.0190 (0.0245)  time: 0.0178  data: 0.0058  max mem: 16496
Passive Test:  [   850/?]  eta: ?  loss: 0.0128 (0.0243)  time: 0.0178  data: 0.0059  max mem: 16496
Passive Test:  [   860/?]  eta: ?  loss: 0.0149 (0.0242)  time: 0.0177  data: 0.0057  max mem: 16496
Passive Test:  [   870/?]  eta: ?  loss: 0.0153 (0.0241)  time: 0.0180  data: 0.0060  max mem: 16496
Passive Test:  [   880/?]  eta: ?  loss: 0.0133 (0.0240)  time: 0.0181  data: 0.0062  max mem: 16496
Passive Test:  [   890/?]  eta: ?  loss: 0.0125 (0.0239)  time: 0.0179  data: 0.0060  max mem: 16496
Passive Test:  [   900/?]  eta: ?  loss: 0.0125 (0.0238)  time: 0.0179  data: 0.0059  max mem: 16496
Passive Test:  [   910/?]  eta: ?  loss: 0.0115 (0.0237)  time: 0.0177  data: 0.0057  max mem: 16496
Passive Test:  [   920/?]  eta: ?  loss: 0.0101 (0.0235)  time: 0.0175  data: 0.0055  max mem: 16496
Passive Test:  [   930/?]  eta: ?  loss: 0.0105 (0.0234)  time: 0.0177  data: 0.0057  max mem: 16496
Passive Test:  [   940/?]  eta: ?  loss: 0.0119 (0.0233)  time: 0.0176  data: 0.0056  max mem: 16496
Passive Test:  [   950/?]  eta: ?  loss: 0.0132 (0.0233)  time: 0.0176  data: 0.0056  max mem: 16496
Passive Test:  [   960/?]  eta: ?  loss: 0.0339 (0.0234)  time: 0.0178  data: 0.0058  max mem: 16496
Passive Test:  [   970/?]  eta: ?  loss: 0.0262 (0.0235)  time: 0.0181  data: 0.0061  max mem: 16496
Passive Test:  [   980/?]  eta: ?  loss: 0.0187 (0.0234)  time: 0.0181  data: 0.0060  max mem: 16496
Passive Test:  [   990/?]  eta: ?  loss: 0.0161 (0.0234)  time: 0.0178  data: 0.0058  max mem: 16496
Passive Test:  [  1000/?]  eta: ?  loss: 0.0233 (0.0235)  time: 0.0186  data: 0.0066  max mem: 16496
Passive Test:  [  1010/?]  eta: ?  loss: 0.0233 (0.0236)  time: 0.0185  data: 0.0065  max mem: 16496
Passive Test:  [  1020/?]  eta: ?  loss: 0.0228 (0.0237)  time: 0.0178  data: 0.0058  max mem: 16496
Passive Test:  [  1030/?]  eta: ?  loss: 0.0202 (0.0237)  time: 0.0176  data: 0.0056  max mem: 16496
Passive Test:  [  1040/?]  eta: ?  loss: 0.0177 (0.0238)  time: 0.0177  data: 0.0055  max mem: 16496
Passive Test:  [  1050/?]  eta: ?  loss: 0.0166 (0.0238)  time: 0.0180  data: 0.0058  max mem: 16496
Passive Test:  [  1060/?]  eta: ?  loss: 0.0106 (0.0238)  time: 0.0179  data: 0.0058  max mem: 16496
Passive Test:  [  1070/?]  eta: ?  loss: 0.0130 (0.0238)  time: 0.0176  data: 0.0056  max mem: 16496
Passive Test:  [  1080/?]  eta: ?  loss: 0.0130 (0.0238)  time: 0.0175  data: 0.0054  max mem: 16496
Passive Test:  [  1090/?]  eta: ?  loss: 0.0124 (0.0238)  time: 0.0170  data: 0.0050  max mem: 16496
Passive Test:  [  1100/?]  eta: ?  loss: 0.0106 (0.0239)  time: 0.0178  data: 0.0058  max mem: 16496
Passive Test:  [  1110/?]  eta: ?  loss: 0.0128 (0.0240)  time: 0.0185  data: 0.0064  max mem: 16496
Passive Test:  [  1120/?]  eta: ?  loss: 0.0630 (0.0243)  time: 0.0193  data: 0.0072  max mem: 16496
Passive Test:  [  1130/?]  eta: ?  loss: 0.0630 (0.0246)  time: 0.0185  data: 0.0065  max mem: 16496
Passive Test:  [  1140/?]  eta: ?  loss: 0.0588 (0.0249)  time: 0.0198  data: 0.0077  max mem: 16496
Passive Test:  [  1150/?]  eta: ?  loss: 0.0473 (0.0249)  time: 0.0196  data: 0.0075  max mem: 16496
Passive Test:  [  1160/?]  eta: ?  loss: 0.0156 (0.0252)  time: 0.0183  data: 0.0063  max mem: 16496
Passive Test:  [  1170/?]  eta: ?  loss: 0.0293 (0.0253)  time: 0.0177  data: 0.0057  max mem: 16496
Passive Test:  [  1180/?]  eta: ?  loss: 0.0293 (0.0255)  time: 0.0179  data: 0.0059  max mem: 16496
Passive Test:  [  1190/?]  eta: ?  loss: 0.0244 (0.0257)  time: 0.0180  data: 0.0060  max mem: 16496
Passive Test:  [  1200/?]  eta: ?  loss: 0.0236 (0.0259)  time: 0.0181  data: 0.0061  max mem: 16496
Passive Test:  [  1210/?]  eta: ?  loss: 0.0236 (0.0258)  time: 0.0177  data: 0.0058  max mem: 16496
Passive Test:  [  1220/?]  eta: ?  loss: 0.0195 (0.0257)  time: 0.0171  data: 0.0051  max mem: 16496
Passive Test:  [  1230/?]  eta: ?  loss: 0.0181 (0.0256)  time: 0.0182  data: 0.0062  max mem: 16496
Passive Test:  [  1240/?]  eta: ?  loss: 0.0225 (0.0257)  time: 0.0187  data: 0.0067  max mem: 16496
Passive Test:  [  1250/?]  eta: ?  loss: 0.0238 (0.0257)  time: 0.0182  data: 0.0063  max mem: 16496
Passive Test:  [  1260/?]  eta: ?  loss: 0.0209 (0.0257)  time: 0.0178  data: 0.0059  max mem: 16496
Passive Test:  [  1270/?]  eta: ?  loss: 0.0209 (0.0257)  time: 0.0182  data: 0.0062  max mem: 16496
Passive Test:  [  1280/?]  eta: ?  loss: 0.0213 (0.0256)  time: 0.0190  data: 0.0070  max mem: 16496
Passive Test:  [  1290/?]  eta: ?  loss: 0.0208 (0.0256)  time: 0.0188  data: 0.0067  max mem: 16496
Passive Test:  [  1300/?]  eta: ?  loss: 0.0198 (0.0255)  time: 0.0180  data: 0.0060  max mem: 16496
Passive Test:  [  1310/?]  eta: ?  loss: 0.0221 (0.0255)  time: 0.0180  data: 0.0060  max mem: 16496
Passive Test:  [  1320/?]  eta: ?  loss: 0.0220 (0.0255)  time: 0.0184  data: 0.0063  max mem: 16496
Passive Test:  [  1330/?]  eta: ?  loss: 0.0196 (0.0255)  time: 0.0185  data: 0.0065  max mem: 16496
Passive Test:  [  1340/?]  eta: ?  loss: 0.0229 (0.0255)  time: 0.0191  data: 0.0071  max mem: 16496
Passive Test:  [  1350/?]  eta: ?  loss: 0.0210 (0.0254)  time: 0.0192  data: 0.0072  max mem: 16496
Passive Test:  [  1360/?]  eta: ?  loss: 0.0194 (0.0254)  time: 0.0190  data: 0.0070  max mem: 16496
Passive Test:  [  1370/?]  eta: ?  loss: 0.0184 (0.0253)  time: 0.0188  data: 0.0068  max mem: 16496
Passive Test:  [  1380/?]  eta: ?  loss: 0.0169 (0.0253)  time: 0.0188  data: 0.0069  max mem: 16496
Passive Test:  [  1390/?]  eta: ?  loss: 0.0120 (0.0252)  time: 0.0188  data: 0.0068  max mem: 16496
Passive Test:  [  1400/?]  eta: ?  loss: 0.0119 (0.0251)  time: 0.0185  data: 0.0065  max mem: 16496
Passive Test:  [  1410/?]  eta: ?  loss: 0.0114 (0.0251)  time: 0.0177  data: 0.0058  max mem: 16496
Passive Test:  [  1420/?]  eta: ?  loss: 0.0122 (0.0250)  time: 0.0178  data: 0.0058  max mem: 16496
Passive Test:  [  1430/?]  eta: ?  loss: 0.0154 (0.0249)  time: 0.0181  data: 0.0061  max mem: 16496
Passive Test:  [  1440/?]  eta: ?  loss: 0.0136 (0.0249)  time: 0.0175  data: 0.0056  max mem: 16496
Passive Test:  [  1450/?]  eta: ?  loss: 0.0107 (0.0248)  time: 0.0178  data: 0.0058  max mem: 16496
Passive Test:  [  1460/?]  eta: ?  loss: 0.0088 (0.0247)  time: 0.0177  data: 0.0057  max mem: 16496
Passive Test:  [  1470/?]  eta: ?  loss: 0.0088 (0.0247)  time: 0.0183  data: 0.0063  max mem: 16496
Passive Test:  [  1480/?]  eta: ?  loss: 0.0230 (0.0247)  time: 0.0190  data: 0.0070  max mem: 16496
Passive Test:  [  1490/?]  eta: ?  loss: 0.0207 (0.0247)  time: 0.0180  data: 0.0058  max mem: 16496
Passive Test:  [  1500/?]  eta: ?  loss: 0.0122 (0.0247)  time: 0.0190  data: 0.0069  max mem: 16496
Passive Test:  [  1510/?]  eta: ?  loss: 0.0111 (0.0248)  time: 0.0200  data: 0.0078  max mem: 16496
Passive Test:  [  1520/?]  eta: ?  loss: 0.0141 (0.0248)  time: 0.0189  data: 0.0068  max mem: 16496
Passive Test:  [  1530/?]  eta: ?  loss: 0.0141 (0.0249)  time: 0.0185  data: 0.0064  max mem: 16496
Passive Test:  [  1540/?]  eta: ?  loss: 0.0163 (0.0249)  time: 0.0185  data: 0.0065  max mem: 16496
Passive Test:  [  1550/?]  eta: ?  loss: 0.0164 (0.0250)  time: 0.0186  data: 0.0066  max mem: 16496
Passive Test:  [  1560/?]  eta: ?  loss: 0.0112 (0.0251)  time: 0.0186  data: 0.0066  max mem: 16496
Passive Test:  [  1570/?]  eta: ?  loss: 0.0112 (0.0252)  time: 0.0184  data: 0.0064  max mem: 16496
Passive Test:  [  1580/?]  eta: ?  loss: 0.0173 (0.0253)  time: 0.0179  data: 0.0059  max mem: 16496
Passive Test:  [  1590/?]  eta: ?  loss: 0.0173 (0.0254)  time: 0.0181  data: 0.0060  max mem: 16496
Passive Test:  [  1600/?]  eta: ?  loss: 0.0207 (0.0254)  time: 0.0182  data: 0.0061  max mem: 16496
Passive Test:  [  1610/?]  eta: ?  loss: 0.0207 (0.0253)  time: 0.0179  data: 0.0059  max mem: 16496
Passive Test:  [  1620/?]  eta: ?  loss: 0.0089 (0.0252)  time: 0.0182  data: 0.0062  max mem: 16496
Passive Test:  [  1630/?]  eta: ?  loss: 0.0089 (0.0251)  time: 0.0184  data: 0.0064  max mem: 16496
Passive Test:  [  1640/?]  eta: ?  loss: 0.0142 (0.0251)  time: 0.0183  data: 0.0063  max mem: 16496
Passive Test:  [  1650/?]  eta: ?  loss: 0.0129 (0.0250)  time: 0.0181  data: 0.0060  max mem: 16496
Passive Test:  [  1660/?]  eta: ?  loss: 0.0115 (0.0249)  time: 0.0182  data: 0.0062  max mem: 16496
Passive Test:  [  1670/?]  eta: ?  loss: 0.0116 (0.0249)  time: 0.0187  data: 0.0065  max mem: 16496
Passive Test:  [  1680/?]  eta: ?  loss: 0.0118 (0.0248)  time: 0.0179  data: 0.0057  max mem: 16496
Passive Test:  [  1690/?]  eta: ?  loss: 0.0106 (0.0247)  time: 0.0176  data: 0.0056  max mem: 16496
Passive Test:  [  1700/?]  eta: ?  loss: 0.0104 (0.0247)  time: 0.0180  data: 0.0061  max mem: 16496
Passive Test:  [  1710/?]  eta: ?  loss: 0.0184 (0.0247)  time: 0.0179  data: 0.0060  max mem: 16496
Passive Test:  [  1720/?]  eta: ?  loss: 0.0173 (0.0247)  time: 0.0172  data: 0.0053  max mem: 16496
Passive Test:  [  1730/?]  eta: ?  loss: 0.0173 (0.0247)  time: 0.0175  data: 0.0055  max mem: 16496
Passive Test:  [  1740/?]  eta: ?  loss: 0.0189 (0.0247)  time: 0.0176  data: 0.0057  max mem: 16496
Passive Test:  [  1750/?]  eta: ?  loss: 0.0184 (0.0247)  time: 0.0177  data: 0.0058  max mem: 16496
Passive Test:  [  1760/?]  eta: ?  loss: 0.0159 (0.0246)  time: 0.0184  data: 0.0064  max mem: 16496
Passive Test:  [  1770/?]  eta: ?  loss: 0.0133 (0.0246)  time: 0.0186  data: 0.0066  max mem: 16496
Passive Test:  [  1780/?]  eta: ?  loss: 0.0232 (0.0247)  time: 0.0187  data: 0.0068  max mem: 16496
Passive Test:  [  1790/?]  eta: ?  loss: 0.0249 (0.0248)  time: 0.0183  data: 0.0063  max mem: 16496
Passive Test:  [  1800/?]  eta: ?  loss: 0.0250 (0.0249)  time: 0.0181  data: 0.0061  max mem: 16496
Passive Test:  [  1810/?]  eta: ?  loss: 0.0366 (0.0250)  time: 0.0181  data: 0.0062  max mem: 16496
Passive Test:  [  1820/?]  eta: ?  loss: 0.0332 (0.0252)  time: 0.0184  data: 0.0065  max mem: 16496
Passive Test:  [  1830/?]  eta: ?  loss: 0.0291 (0.0253)  time: 0.0181  data: 0.0061  max mem: 16496
Passive Test:  [  1840/?]  eta: ?  loss: 0.0228 (0.0254)  time: 0.0180  data: 0.0060  max mem: 16496
Passive Test:  [  1850/?]  eta: ?  loss: 0.0208 (0.0254)  time: 0.0181  data: 0.0062  max mem: 16496
Passive Test:  [  1860/?]  eta: ?  loss: 0.0196 (0.0254)  time: 0.0182  data: 0.0063  max mem: 16496
Passive Test:  [  1870/?]  eta: ?  loss: 0.0175 (0.0254)  time: 0.0184  data: 0.0064  max mem: 16496
Passive Test:  [  1880/?]  eta: ?  loss: 0.0155 (0.0254)  time: 0.0182  data: 0.0062  max mem: 16496
Passive Test:  [  1890/?]  eta: ?  loss: 0.0138 (0.0253)  time: 0.0187  data: 0.0067  max mem: 16496
Passive Test:  [  1900/?]  eta: ?  loss: 0.0196 (0.0253)  time: 0.0190  data: 0.0069  max mem: 16496
Passive Test:  [  1910/?]  eta: ?  loss: 0.0282 (0.0254)  time: 0.0187  data: 0.0066  max mem: 16496
Passive Test:  [  1920/?]  eta: ?  loss: 0.0142 (0.0254)  time: 0.0185  data: 0.0065  max mem: 16496
Passive Test:  [  1930/?]  eta: ?  loss: 0.0118 (0.0253)  time: 0.0185  data: 0.0062  max mem: 16496
Passive Test:  [  1940/?]  eta: ?  loss: 0.0124 (0.0253)  time: 0.0185  data: 0.0062  max mem: 16496
Passive Test:  [  1950/?]  eta: ?  loss: 0.0132 (0.0252)  time: 0.0181  data: 0.0062  max mem: 16496
Passive Test:  [  1960/?]  eta: ?  loss: 0.0124 (0.0252)  time: 0.0178  data: 0.0059  max mem: 16496
Passive Test:  [  1970/?]  eta: ?  loss: 0.0086 (0.0251)  time: 0.0183  data: 0.0064  max mem: 16496
Passive Test:  [  1980/?]  eta: ?  loss: 0.0081 (0.0251)  time: 0.0188  data: 0.0068  max mem: 16496
Passive Test:  [  1990/?]  eta: ?  loss: 0.0165 (0.0251)  time: 0.0185  data: 0.0065  max mem: 16496
Passive Test:  [  2000/?]  eta: ?  loss: 0.0268 (0.0251)  time: 0.0185  data: 0.0064  max mem: 16496
Passive Test:  [  2010/?]  eta: ?  loss: 0.0310 (0.0252)  time: 0.0185  data: 0.0064  max mem: 16496
Passive Test:  [  2020/?]  eta: ?  loss: 0.0301 (0.0252)  time: 0.0188  data: 0.0068  max mem: 16496
Passive Test:  [  2030/?]  eta: ?  loss: 0.0301 (0.0253)  time: 0.0196  data: 0.0077  max mem: 16496
Passive Test:  [  2040/?]  eta: ?  loss: 0.0286 (0.0254)  time: 0.0187  data: 0.0066  max mem: 16496
Passive Test:  [  2050/?]  eta: ?  loss: 0.0225 (0.0254)  time: 0.0178  data: 0.0058  max mem: 16496
Passive Test:  [  2060/?]  eta: ?  loss: 0.0192 (0.0255)  time: 0.0181  data: 0.0061  max mem: 16496
Passive Test:  [  2070/?]  eta: ?  loss: 0.0171 (0.0254)  time: 0.0186  data: 0.0065  max mem: 16496
Passive Test:  [  2080/?]  eta: ?  loss: 0.0133 (0.0254)  time: 0.0186  data: 0.0066  max mem: 16496
Passive Test:  [  2090/?]  eta: ?  loss: 0.0181 (0.0254)  time: 0.0184  data: 0.0063  max mem: 16496
Passive Test:  [  2100/?]  eta: ?  loss: 0.0345 (0.0255)  time: 0.0186  data: 0.0066  max mem: 16496
Passive Test:  [  2110/?]  eta: ?  loss: 0.0491 (0.0258)  time: 0.0191  data: 0.0070  max mem: 16496
Passive Test:  [  2120/?]  eta: ?  loss: 0.0544 (0.0260)  time: 0.0200  data: 0.0079  max mem: 16496
Passive Test:  [  2130/?]  eta: ?  loss: 0.0544 (0.0262)  time: 0.0192  data: 0.0072  max mem: 16496
Passive Test:  [  2140/?]  eta: ?  loss: 0.0265 (0.0264)  time: 0.0179  data: 0.0059  max mem: 16496
Passive Test:  [  2150/?]  eta: ?  loss: 0.0238 (0.0266)  time: 0.0181  data: 0.0060  max mem: 16496
Passive Test:  [  2160/?]  eta: ?  loss: 0.0360 (0.0267)  time: 0.0182  data: 0.0061  max mem: 16496
Passive Test:  [  2170/?]  eta: ?  loss: 0.0292 (0.0267)  time: 0.0180  data: 0.0060  max mem: 16496
Passive Test:  [  2180/?]  eta: ?  loss: 0.0173 (0.0266)  time: 0.0175  data: 0.0055  max mem: 16496
Passive Test:  [  2190/?]  eta: ?  loss: 0.0175 (0.0267)  time: 0.0175  data: 0.0054  max mem: 16496
Passive Test:  [  2200/?]  eta: ?  loss: 0.0245 (0.0268)  time: 0.0173  data: 0.0052  max mem: 16496
Passive Test:  [  2210/?]  eta: ?  loss: 0.0245 (0.0268)  time: 0.0172  data: 0.0052  max mem: 16496
Passive Test:  [  2220/?]  eta: ?  loss: 0.0143 (0.0268)  time: 0.0181  data: 0.0061  max mem: 16496
Passive Test:  [  2230/?]  eta: ?  loss: 0.0120 (0.0267)  time: 0.0189  data: 0.0068  max mem: 16496
Passive Test:  [  2240/?]  eta: ?  loss: 0.0108 (0.0267)  time: 0.0190  data: 0.0069  max mem: 16496
Passive Test:  [  2250/?]  eta: ?  loss: 0.0124 (0.0266)  time: 0.0186  data: 0.0064  max mem: 16496
Passive Test:  [  2260/?]  eta: ?  loss: 0.0145 (0.0266)  time: 0.0185  data: 0.0064  max mem: 16496
Passive Test:  [  2270/?]  eta: ?  loss: 0.0204 (0.0266)  time: 0.0192  data: 0.0071  max mem: 16496
Passive Test:  [  2280/?]  eta: ?  loss: 0.0226 (0.0266)  time: 0.0192  data: 0.0071  max mem: 16496
Passive Test:  [  2290/?]  eta: ?  loss: 0.0226 (0.0267)  time: 0.0183  data: 0.0063  max mem: 16496
Passive Test:  [  2300/?]  eta: ?  loss: 0.0337 (0.0267)  time: 0.0181  data: 0.0061  max mem: 16496
Passive Test:  [  2310/?]  eta: ?  loss: 0.0367 (0.0268)  time: 0.0182  data: 0.0062  max mem: 16496
Passive Test:  [  2320/?]  eta: ?  loss: 0.0134 (0.0269)  time: 0.0180  data: 0.0060  max mem: 16496
Passive Test:  [  2330/?]  eta: ?  loss: 0.0130 (0.0269)  time: 0.0180  data: 0.0060  max mem: 16496
Passive Test:  [  2340/?]  eta: ?  loss: 0.0071 (0.0268)  time: 0.0182  data: 0.0061  max mem: 16496
Passive Test:  [  2350/?]  eta: ?  loss: 0.0073 (0.0268)  time: 0.0186  data: 0.0066  max mem: 16496
Passive Test:  [  2360/?]  eta: ?  loss: 0.0112 (0.0267)  time: 0.0189  data: 0.0069  max mem: 16496
Passive Test:  [  2370/?]  eta: ?  loss: 0.0161 (0.0267)  time: 0.0186  data: 0.0065  max mem: 16496
Passive Test:  [  2380/?]  eta: ?  loss: 0.0161 (0.0267)  time: 0.0183  data: 0.0063  max mem: 16496
Passive Test:  [  2390/?]  eta: ?  loss: 0.0152 (0.0266)  time: 0.0184  data: 0.0064  max mem: 16496
Passive Test:  [  2400/?]  eta: ?  loss: 0.0128 (0.0266)  time: 0.0184  data: 0.0064  max mem: 16496
Passive Test:  [  2410/?]  eta: ?  loss: 0.0128 (0.0266)  time: 0.0177  data: 0.0057  max mem: 16496
Passive Test:  [  2420/?]  eta: ?  loss: 0.0226 (0.0266)  time: 0.0180  data: 0.0060  max mem: 16496
Passive Test:  [  2430/?]  eta: ?  loss: 0.0277 (0.0266)  time: 0.0184  data: 0.0064  max mem: 16496
Passive Test:  [  2440/?]  eta: ?  loss: 0.0372 (0.0267)  time: 0.0183  data: 0.0063  max mem: 16496
Passive Test:  [  2450/?]  eta: ?  loss: 0.0411 (0.0268)  time: 0.0184  data: 0.0064  max mem: 16496
Passive Test:  [  2460/?]  eta: ?  loss: 0.0349 (0.0268)  time: 0.0186  data: 0.0066  max mem: 16496
Passive Test:  [  2470/?]  eta: ?  loss: 0.0329 (0.0268)  time: 0.0184  data: 0.0064  max mem: 16496
Passive Test:  [  2480/?]  eta: ?  loss: 0.0292 (0.0268)  time: 0.0181  data: 0.0061  max mem: 16496
Passive Test:  [  2490/?]  eta: ?  loss: 0.0292 (0.0269)  time: 0.0180  data: 0.0061  max mem: 16496
Passive Test:  [  2500/?]  eta: ?  loss: 0.0202 (0.0269)  time: 0.0178  data: 0.0058  max mem: 16496
Passive Test:  [  2510/?]  eta: ?  loss: 0.0168 (0.0269)  time: 0.0183  data: 0.0063  max mem: 16496
Passive Test:  [  2520/?]  eta: ?  loss: 0.0139 (0.0269)  time: 0.0188  data: 0.0069  max mem: 16496
Passive Test:  [  2530/?]  eta: ?  loss: 0.0139 (0.0269)  time: 0.0179  data: 0.0060  max mem: 16496
Passive Test:  [  2540/?]  eta: ?  loss: 0.0154 (0.0269)  time: 0.0184  data: 0.0063  max mem: 16496
Passive Test:  [  2550/?]  eta: ?  loss: 0.0172 (0.0269)  time: 0.0191  data: 0.0071  max mem: 16496
Passive Test:  [  2560/?]  eta: ?  loss: 0.0165 (0.0269)  time: 0.0182  data: 0.0062  max mem: 16496
Passive Test:  [  2570/?]  eta: ?  loss: 0.0177 (0.0269)  time: 0.0180  data: 0.0058  max mem: 16496
Passive Test:  [  2580/?]  eta: ?  loss: 0.0169 (0.0269)  time: 0.0183  data: 0.0062  max mem: 16496
Passive Test:  [  2590/?]  eta: ?  loss: 0.0245 (0.0270)  time: 0.0188  data: 0.0068  max mem: 16496
Passive Test:  [  2600/?]  eta: ?  loss: 0.0259 (0.0270)  time: 0.0179  data: 0.0059  max mem: 16496
Passive Test:  [  2610/?]  eta: ?  loss: 0.0085 (0.0269)  time: 0.0178  data: 0.0057  max mem: 16496
Passive Test:  [  2620/?]  eta: ?  loss: 0.0085 (0.0268)  time: 0.0179  data: 0.0057  max mem: 16496
Passive Test:  [  2630/?]  eta: ?  loss: 0.0079 (0.0268)  time: 0.0178  data: 0.0057  max mem: 16496
Passive Test:  [  2640/?]  eta: ?  loss: 0.0056 (0.0268)  time: 0.0181  data: 0.0061  max mem: 16496
Passive Test:  [  2650/?]  eta: ?  loss: 0.0217 (0.0268)  time: 0.0180  data: 0.0060  max mem: 16496
Passive Test:  [  2660/?]  eta: ?  loss: 0.0213 (0.0268)  time: 0.0180  data: 0.0061  max mem: 16496
Passive Test:  [  2670/?]  eta: ?  loss: 0.0203 (0.0269)  time: 0.0180  data: 0.0060  max mem: 16496
Passive Test:  [  2680/?]  eta: ?  loss: 0.0334 (0.0269)  time: 0.0183  data: 0.0062  max mem: 16496
Passive Test:  [  2690/?]  eta: ?  loss: 0.0618 (0.0270)  time: 0.0181  data: 0.0061  max mem: 16496
Passive Test:  [  2700/?]  eta: ?  loss: 0.0692 (0.0272)  time: 0.0180  data: 0.0059  max mem: 16496
Passive Test:  [  2710/?]  eta: ?  loss: 0.0551 (0.0272)  time: 0.0176  data: 0.0056  max mem: 16496
Passive Test:  [  2720/?]  eta: ?  loss: 0.0373 (0.0273)  time: 0.0181  data: 0.0061  max mem: 16496
Passive Test:  [  2730/?]  eta: ?  loss: 0.0296 (0.0273)  time: 0.0191  data: 0.0071  max mem: 16496
Passive Test:  [  2740/?]  eta: ?  loss: 0.0158 (0.0273)  time: 0.0201  data: 0.0080  max mem: 16496
Passive Test:  [  2750/?]  eta: ?  loss: 0.0223 (0.0273)  time: 0.0198  data: 0.0077  max mem: 16496
Passive Test:  [  2760/?]  eta: ?  loss: 0.0214 (0.0273)  time: 0.0181  data: 0.0060  max mem: 16496
Passive Test:  [  2770/?]  eta: ?  loss: 0.0182 (0.0273)  time: 0.0177  data: 0.0057  max mem: 16496
Passive Test:  [  2780/?]  eta: ?  loss: 0.0173 (0.0273)  time: 0.0177  data: 0.0056  max mem: 16496
Passive Test:  [  2790/?]  eta: ?  loss: 0.0172 (0.0273)  time: 0.0179  data: 0.0058  max mem: 16496
Passive Test:  [  2800/?]  eta: ?  loss: 0.0259 (0.0273)  time: 0.0184  data: 0.0063  max mem: 16496
Passive Test:  [  2810/?]  eta: ?  loss: 0.0258 (0.0273)  time: 0.0184  data: 0.0063  max mem: 16496
Passive Test:  [  2820/?]  eta: ?  loss: 0.0245 (0.0275)  time: 0.0181  data: 0.0060  max mem: 16496
Passive Test:  [  2830/?]  eta: ?  loss: 0.0266 (0.0277)  time: 0.0184  data: 0.0063  max mem: 16496
Passive Test:  [  2840/?]  eta: ?  loss: 0.0228 (0.0278)  time: 0.0189  data: 0.0069  max mem: 16496
Passive Test:  [  2850/?]  eta: ?  loss: 0.0118 (0.0280)  time: 0.0191  data: 0.0070  max mem: 16496
Passive Test:  [  2860/?]  eta: ?  loss: 0.0100 (0.0281)  time: 0.0194  data: 0.0072  max mem: 16496
Passive Test:  [  2870/?]  eta: ?  loss: 0.0105 (0.0282)  time: 0.0190  data: 0.0069  max mem: 16496
Passive Test:  [  2880/?]  eta: ?  loss: 0.0098 (0.0281)  time: 0.0191  data: 0.0071  max mem: 16496
Passive Test:  [  2890/?]  eta: ?  loss: 0.0088 (0.0281)  time: 0.0194  data: 0.0074  max mem: 16496
Passive Test:  [  2900/?]  eta: ?  loss: 0.0098 (0.0280)  time: 0.0184  data: 0.0064  max mem: 16496
Passive Test:  [  2910/?]  eta: ?  loss: 0.0142 (0.0280)  time: 0.0178  data: 0.0058  max mem: 16496
Passive Test:  [  2920/?]  eta: ?  loss: 0.0114 (0.0279)  time: 0.0174  data: 0.0053  max mem: 16496
Passive Test:  [  2930/?]  eta: ?  loss: 0.0114 (0.0279)  time: 0.0178  data: 0.0056  max mem: 16496
Passive Test:  [  2940/?]  eta: ?  loss: 0.0221 (0.0279)  time: 0.0179  data: 0.0057  max mem: 16496
Passive Test:  [  2950/?]  eta: ?  loss: 0.0155 (0.0278)  time: 0.0174  data: 0.0053  max mem: 16496
Passive Test:  [  2960/?]  eta: ?  loss: 0.0175 (0.0278)  time: 0.0177  data: 0.0056  max mem: 16496
Passive Test:  [  2970/?]  eta: ?  loss: 0.0175 (0.0278)  time: 0.0178  data: 0.0057  max mem: 16496
Passive Test:  [  2980/?]  eta: ?  loss: 0.0187 (0.0278)  time: 0.0174  data: 0.0053  max mem: 16496
Passive Test:  [  2990/?]  eta: ?  loss: 0.0170 (0.0278)  time: 0.0173  data: 0.0054  max mem: 16496
Passive Test:  [  3000/?]  eta: ?  loss: 0.0107 (0.0277)  time: 0.0183  data: 0.0061  max mem: 16496
Passive Test:  [  3010/?]  eta: ?  loss: 0.0084 (0.0277)  time: 0.0184  data: 0.0062  max mem: 16496
Passive Test:  [  3020/?]  eta: ?  loss: 0.0084 (0.0276)  time: 0.0181  data: 0.0061  max mem: 16496
Passive Test:  [  3030/?]  eta: ?  loss: 0.0087 (0.0275)  time: 0.0183  data: 0.0064  max mem: 16496
Passive Test:  [  3040/?]  eta: ?  loss: 0.0084 (0.0275)  time: 0.0178  data: 0.0058  max mem: 16496
Passive Test:  [  3050/?]  eta: ?  loss: 0.0140 (0.0275)  time: 0.0179  data: 0.0059  max mem: 16496
Passive Test:  [  3060/?]  eta: ?  loss: 0.0172 (0.0275)  time: 0.0189  data: 0.0068  max mem: 16496
Passive Test:  [  3070/?]  eta: ?  loss: 0.0169 (0.0274)  time: 0.0189  data: 0.0068  max mem: 16496
Passive Test:  [  3080/?]  eta: ?  loss: 0.0143 (0.0274)  time: 0.0184  data: 0.0064  max mem: 16496
Passive Test:  [  3090/?]  eta: ?  loss: 0.0129 (0.0274)  time: 0.0184  data: 0.0065  max mem: 16496
Passive Test:  [  3100/?]  eta: ?  loss: 0.0087 (0.0273)  time: 0.0192  data: 0.0072  max mem: 16496
Passive Test:  [  3110/?]  eta: ?  loss: 0.0078 (0.0272)  time: 0.0202  data: 0.0082  max mem: 16496
Passive Test:  [  3120/?]  eta: ?  loss: 0.0096 (0.0272)  time: 0.0218  data: 0.0099  max mem: 16496
Passive Test:  [  3130/?]  eta: ?  loss: 0.0083 (0.0271)  time: 0.0219  data: 0.0099  max mem: 16496
Passive Test:  [  3140/?]  eta: ?  loss: 0.0085 (0.0271)  time: 0.0216  data: 0.0095  max mem: 16496
Passive Test:  [  3150/?]  eta: ?  loss: 0.0132 (0.0271)  time: 0.0218  data: 0.0095  max mem: 16496
Passive Test:  [  3160/?]  eta: ?  loss: 0.0288 (0.0271)  time: 0.0225  data: 0.0102  max mem: 16496
Passive Test:  [  3170/?]  eta: ?  loss: 0.0176 (0.0271)  time: 0.0224  data: 0.0102  max mem: 16496
Passive Test:  [  3180/?]  eta: ?  loss: 0.0090 (0.0271)  time: 0.0210  data: 0.0088  max mem: 16496
Passive Test: Total time: 0:00:59 (0.0187 s / it)
* loss 0.027
  ACTIVE Test MAE (years): 2.0341 (n=35,284)
  PASSIVE Test MAE (years): 2.0892 (n=204,188)
  → Epoch  45/50 | Train Loss: 0.0008 | Val Loss: 0.0269 | Train score (1/(1+norm_MAE)): 0.9848 | Val MAE (years): 2.0804 | LR: 0.000000
Best val MAE (years): 1.9149, test MAE at best val: 1.8538
  Test segment MAE: 2.0388 | participant median MAE: 1.7920 | participant mean MAE: 1.7769
Epoch: [45]  [     0/?]  eta: ?  lr: 0.000025  min_lr: 0.000000  loss: 0.0007 (0.0007)  class_acc: 0.9847 (0.9847)  loss_scale: 18446744073709551616.0000 (18446744073709551616.0000)  weight_decay: 0.0500 (0.0500)  grad_norm: 0.4677 (0.4677)  time: 5.3904  data: 4.9552  max mem: 16496
Epoch: [45]  [   500/?]  eta: ?  lr: 0.000025  min_lr: 0.000000  loss: 0.0008 (0.0008)  class_acc: 0.9850 (0.9849)  loss_scale: 36893488147419103232.0000 (27357147398734925824.0000)  weight_decay: 0.0500 (0.0500)  grad_norm: 0.6891 (1.1085)  time: 0.4322  data: 0.0002  max mem: 16496
Epoch: [45]  [  1000/?]  eta: ?  lr: 0.000025  min_lr: 0.000000  loss: 0.0007 (0.0008)  class_acc: 0.9849 (0.9849)  loss_scale: 36893488147419103232.0000 (32120554366109638656.0000)  weight_decay: 0.0500 (0.0500)  grad_norm: 0.6227 (1.0900)  time: 0.4275  data: 0.0004  max mem: 16496
Epoch: [45]  [  1500/?]  eta: ?  lr: 0.000025  min_lr: 0.000000  loss: 0.0007 (0.0008)  class_acc: 0.9845 (0.9849)  loss_scale: 36893488147419103232.0000 (33710472347891605504.0000)  weight_decay: 0.0500 (0.0500)  grad_norm: 0.4786 (1.0934)  time: 0.4295  data: 0.0002  max mem: 16496
Epoch: [45]  [  2000/?]  eta: ?  lr: 0.000025  min_lr: 0.000000  loss: 0.0007 (0.0008)  class_acc: 0.9850 (0.9849)  loss_scale: 36893488147419103232.0000 (34505828619637608448.0000)  weight_decay: 0.0500 (0.0500)  grad_norm: 0.5130 (1.0996)  time: 0.4290  data: 0.0003  max mem: 16496
Epoch: [45] Total time: 0:15:51 (0.4379 s / it)
Val:  [     0/?]  eta: ?  loss: 0.0419 (0.0419)  time: 2.5315  data: 2.3649  max mem: 16496
Val:  [    10/?]  eta: ?  loss: 0.0235 (0.0316)  time: 0.3822  data: 0.2153  max mem: 16496
Val:  [    20/?]  eta: ?  loss: 0.0204 (0.0255)  time: 0.1673  data: 0.0003  max mem: 16496
Val:  [    30/?]  eta: ?  loss: 0.0174 (0.0240)  time: 0.1674  data: 0.0003  max mem: 16496
Val:  [    40/?]  eta: ?  loss: 0.0209 (0.0246)  time: 0.1674  data: 0.0004  max mem: 16496
Val:  [    50/?]  eta: ?  loss: 0.0241 (0.0252)  time: 0.1674  data: 0.0003  max mem: 16496
Val:  [    60/?]  eta: ?  loss: 0.0212 (0.0293)  time: 0.1675  data: 0.0004  max mem: 16496
Val:  [    70/?]  eta: ?  loss: 0.0149 (0.0283)  time: 0.1675  data: 0.0004  max mem: 16496
Val:  [    80/?]  eta: ?  loss: 0.0217 (0.0284)  time: 0.1675  data: 0.0003  max mem: 16496
Val:  [    90/?]  eta: ?  loss: 0.0224 (0.0278)  time: 0.1675  data: 0.0004  max mem: 16496
Val:  [   100/?]  eta: ?  loss: 0.0237 (0.0276)  time: 0.1675  data: 0.0004  max mem: 16496
Val:  [   110/?]  eta: ?  loss: 0.0237 (0.0275)  time: 0.1675  data: 0.0004  max mem: 16496
Val:  [   120/?]  eta: ?  loss: 0.0224 (0.0283)  time: 0.1675  data: 0.0004  max mem: 16496
Val:  [   130/?]  eta: ?  loss: 0.0250 (0.0283)  time: 0.1675  data: 0.0004  max mem: 16496
Val:  [   140/?]  eta: ?  loss: 0.0250 (0.0284)  time: 0.1674  data: 0.0004  max mem: 16496
Val:  [   150/?]  eta: ?  loss: 0.0198 (0.0286)  time: 0.1675  data: 0.0004  max mem: 16496
Val:  [   160/?]  eta: ?  loss: 0.0171 (0.0286)  time: 0.1675  data: 0.0004  max mem: 16496
Val:  [   170/?]  eta: ?  loss: 0.0257 (0.0287)  time: 0.1675  data: 0.0003  max mem: 16496
Val:  [   180/?]  eta: ?  loss: 0.0257 (0.0285)  time: 0.1676  data: 0.0003  max mem: 16496
Val:  [   190/?]  eta: ?  loss: 0.0146 (0.0280)  time: 0.1676  data: 0.0004  max mem: 16496
Val:  [   200/?]  eta: ?  loss: 0.0146 (0.0278)  time: 0.1676  data: 0.0004  max mem: 16496
Val:  [   210/?]  eta: ?  loss: 0.0229 (0.0279)  time: 0.1675  data: 0.0003  max mem: 16496
Val:  [   220/?]  eta: ?  loss: 0.0189 (0.0275)  time: 0.1676  data: 0.0003  max mem: 16496
Val:  [   230/?]  eta: ?  loss: 0.0163 (0.0273)  time: 0.1676  data: 0.0003  max mem: 16496
Val:  [   240/?]  eta: ?  loss: 0.0165 (0.0273)  time: 0.1675  data: 0.0003  max mem: 16496
Val:  [   250/?]  eta: ?  loss: 0.0170 (0.0277)  time: 0.1676  data: 0.0003  max mem: 16496
Val:  [   260/?]  eta: ?  loss: 0.0200 (0.0279)  time: 0.1676  data: 0.0003  max mem: 16496
Val:  [   270/?]  eta: ?  loss: 0.0235 (0.0281)  time: 0.1675  data: 0.0003  max mem: 16496
Val:  [   280/?]  eta: ?  loss: 0.0257 (0.0281)  time: 0.1676  data: 0.0003  max mem: 16496
Val:  [   290/?]  eta: ?  loss: 0.0156 (0.0278)  time: 0.1679  data: 0.0004  max mem: 16496
Val:  [   300/?]  eta: ?  loss: 0.0156 (0.0276)  time: 0.1679  data: 0.0004  max mem: 16496
Val:  [   310/?]  eta: ?  loss: 0.0202 (0.0274)  time: 0.1660  data: 0.0004  max mem: 16496
Val: Total time: 0:00:54 (0.1751 s / it)
* loss 0.027
Test:  [     0/?]  eta: ?  loss: 0.0221 (0.0221)  time: 2.1022  data: 1.9360  max mem: 16496
Test:  [    10/?]  eta: ?  loss: 0.0199 (0.0226)  time: 0.3433  data: 0.1763  max mem: 16496
Test:  [    20/?]  eta: ?  loss: 0.0184 (0.0212)  time: 0.1675  data: 0.0003  max mem: 16496
Test:  [    30/?]  eta: ?  loss: 0.0192 (0.0209)  time: 0.1675  data: 0.0003  max mem: 16496
Test:  [    40/?]  eta: ?  loss: 0.0158 (0.0211)  time: 0.1676  data: 0.0004  max mem: 16496
Test:  [    50/?]  eta: ?  loss: 0.0168 (0.0206)  time: 0.1676  data: 0.0004  max mem: 16496
Test:  [    60/?]  eta: ?  loss: 0.0188 (0.0199)  time: 0.1675  data: 0.0004  max mem: 16496
Test:  [    70/?]  eta: ?  loss: 0.0148 (0.0198)  time: 0.1674  data: 0.0004  max mem: 16496
Test:  [    80/?]  eta: ?  loss: 0.0158 (0.0195)  time: 0.1675  data: 0.0004  max mem: 16496
Test:  [    90/?]  eta: ?  loss: 0.0202 (0.0207)  time: 0.1674  data: 0.0003  max mem: 16496
Test:  [   100/?]  eta: ?  loss: 0.0271 (0.0216)  time: 0.1674  data: 0.0003  max mem: 16496
Test:  [   110/?]  eta: ?  loss: 0.0245 (0.0220)  time: 0.1674  data: 0.0003  max mem: 16496
Test:  [   120/?]  eta: ?  loss: 0.0209 (0.0225)  time: 0.1675  data: 0.0003  max mem: 16496
Test:  [   130/?]  eta: ?  loss: 0.0197 (0.0223)  time: 0.1675  data: 0.0003  max mem: 16496
Test:  [   140/?]  eta: ?  loss: 0.0180 (0.0227)  time: 0.1675  data: 0.0004  max mem: 16496
Test:  [   150/?]  eta: ?  loss: 0.0273 (0.0233)  time: 0.1675  data: 0.0004  max mem: 16496
Test:  [   160/?]  eta: ?  loss: 0.0246 (0.0234)  time: 0.1675  data: 0.0003  max mem: 16496
Test:  [   170/?]  eta: ?  loss: 0.0232 (0.0238)  time: 0.1675  data: 0.0003  max mem: 16496
Test:  [   180/?]  eta: ?  loss: 0.0191 (0.0239)  time: 0.1675  data: 0.0003  max mem: 16496
Test:  [   190/?]  eta: ?  loss: 0.0205 (0.0236)  time: 0.1675  data: 0.0003  max mem: 16496
Test:  [   200/?]  eta: ?  loss: 0.0175 (0.0238)  time: 0.1676  data: 0.0004  max mem: 16496
Test:  [   210/?]  eta: ?  loss: 0.0181 (0.0239)  time: 0.1676  data: 0.0004  max mem: 16496
Test:  [   220/?]  eta: ?  loss: 0.0181 (0.0241)  time: 0.1676  data: 0.0004  max mem: 16496
Test:  [   230/?]  eta: ?  loss: 0.0190 (0.0241)  time: 0.1676  data: 0.0004  max mem: 16496
Test:  [   240/?]  eta: ?  loss: 0.0190 (0.0240)  time: 0.1676  data: 0.0004  max mem: 16496
Test:  [   250/?]  eta: ?  loss: 0.0156 (0.0239)  time: 0.1676  data: 0.0004  max mem: 16496
Test:  [   260/?]  eta: ?  loss: 0.0167 (0.0238)  time: 0.1676  data: 0.0004  max mem: 16496
Test:  [   270/?]  eta: ?  loss: 0.0171 (0.0237)  time: 0.1676  data: 0.0003  max mem: 16496
Test:  [   280/?]  eta: ?  loss: 0.0171 (0.0244)  time: 0.1676  data: 0.0003  max mem: 16496
Test:  [   290/?]  eta: ?  loss: 0.0211 (0.0244)  time: 0.1676  data: 0.0004  max mem: 16496
Test:  [   300/?]  eta: ?  loss: 0.0271 (0.0249)  time: 0.1675  data: 0.0004  max mem: 16496
Test:  [   310/?]  eta: ?  loss: 0.0386 (0.0258)  time: 0.1337  data: 0.0003  max mem: 16496
Test: Total time: 0:00:53 (0.1712 s / it)
* loss 0.026
  → Epoch  46/50 | Train Loss: 0.0008 | Val Loss: 0.0273 | Train score (1/(1+norm_MAE)): 0.9849 | Val MAE (years): 2.0921 | LR: 0.000000
Best val MAE (years): 1.9149, test MAE at best val: 1.8538
  Test segment MAE: 2.0536 | participant median MAE: 1.8082 | participant mean MAE: 1.7917
Epoch: [46]  [     0/?]  eta: ?  lr: 0.000019  min_lr: 0.000000  loss: 0.0007 (0.0007)  class_acc: 0.9852 (0.9852)  loss_scale: 36893488147419103232.0000 (36893488147419103232.0000)  weight_decay: 0.0500 (0.0500)  grad_norm: 0.3369 (0.3369)  time: 7.6298  data: 7.1848  max mem: 16496
Epoch: [46]  [   500/?]  eta: ?  lr: 0.000019  min_lr: 0.000000  loss: 0.0007 (0.0008)  class_acc: 0.9853 (0.9850)  loss_scale: 73786976294838206464.0000 (67380322664448065536.0000)  weight_decay: 0.0500 (0.0500)  grad_norm: 0.4703 (1.2140)  time: 0.4277  data: 0.0002  max mem: 16496
Epoch: [46]  [  1000/?]  eta: ?  lr: 0.000019  min_lr: 0.000000  loss: 0.0007 (0.0008)  class_acc: 0.9852 (0.9850)  loss_scale: 73786976294838206464.0000 (70580449352954626048.0000)  weight_decay: 0.0500 (0.0500)  grad_norm: 0.5275 (1.0998)  time: 0.4316  data: 0.0004  max mem: 16496
Epoch: [46]  [  1500/?]  eta: ?  lr: 0.000019  min_lr: 0.000000  loss: 0.0007 (0.0008)  class_acc: 0.9849 (0.9850)  loss_scale: 73786976294838206464.0000 (71648579580097724416.0000)  weight_decay: 0.0500 (0.0500)  grad_norm: 0.5758 (1.1224)  time: 0.4276  data: 0.0002  max mem: 16496
Epoch: [46]  [  2000/?]  eta: ?  lr: 0.000019  min_lr: 0.000000  loss: 0.0007 (0.0008)  class_acc: 0.9850 (0.9850)  loss_scale: 73786976294838206464.0000 (72182911592776507392.0000)  weight_decay: 0.0500 (0.0500)  grad_norm: 0.5947 (1.1415)  time: 0.4336  data: 0.0003  max mem: 16496
Epoch: [46] Total time: 0:15:50 (0.4375 s / it)
Val:  [     0/?]  eta: ?  loss: 0.0404 (0.0404)  time: 1.9362  data: 1.7709  max mem: 16496
Val:  [    10/?]  eta: ?  loss: 0.0233 (0.0317)  time: 0.3279  data: 0.1612  max mem: 16496
Val:  [    20/?]  eta: ?  loss: 0.0185 (0.0253)  time: 0.1672  data: 0.0002  max mem: 16496
Val:  [    30/?]  eta: ?  loss: 0.0176 (0.0237)  time: 0.1673  data: 0.0002  max mem: 16496
Val:  [    40/?]  eta: ?  loss: 0.0199 (0.0245)  time: 0.1672  data: 0.0003  max mem: 16496
Val:  [    50/?]  eta: ?  loss: 0.0248 (0.0251)  time: 0.1673  data: 0.0003  max mem: 16496
Val:  [    60/?]  eta: ?  loss: 0.0217 (0.0291)  time: 0.1673  data: 0.0003  max mem: 16496
Val:  [    70/?]  eta: ?  loss: 0.0148 (0.0280)  time: 0.1674  data: 0.0004  max mem: 16496
Val:  [    80/?]  eta: ?  loss: 0.0202 (0.0281)  time: 0.1674  data: 0.0004  max mem: 16496
Val:  [    90/?]  eta: ?  loss: 0.0227 (0.0275)  time: 0.1673  data: 0.0004  max mem: 16496
Val:  [   100/?]  eta: ?  loss: 0.0231 (0.0273)  time: 0.1675  data: 0.0004  max mem: 16496
Val:  [   110/?]  eta: ?  loss: 0.0227 (0.0272)  time: 0.1675  data: 0.0004  max mem: 16496
Val:  [   120/?]  eta: ?  loss: 0.0220 (0.0280)  time: 0.1674  data: 0.0003  max mem: 16496
Val:  [   130/?]  eta: ?  loss: 0.0223 (0.0280)  time: 0.1674  data: 0.0003  max mem: 16496
Val:  [   140/?]  eta: ?  loss: 0.0223 (0.0281)  time: 0.1674  data: 0.0003  max mem: 16496
Val:  [   150/?]  eta: ?  loss: 0.0197 (0.0282)  time: 0.1675  data: 0.0004  max mem: 16496
Val:  [   160/?]  eta: ?  loss: 0.0167 (0.0283)  time: 0.1675  data: 0.0004  max mem: 16496
Val:  [   170/?]  eta: ?  loss: 0.0258 (0.0284)  time: 0.1675  data: 0.0003  max mem: 16496
Val:  [   180/?]  eta: ?  loss: 0.0263 (0.0282)  time: 0.1675  data: 0.0004  max mem: 16496
Val:  [   190/?]  eta: ?  loss: 0.0145 (0.0277)  time: 0.1675  data: 0.0004  max mem: 16496
Val:  [   200/?]  eta: ?  loss: 0.0136 (0.0275)  time: 0.1675  data: 0.0003  max mem: 16496
Val:  [   210/?]  eta: ?  loss: 0.0228 (0.0276)  time: 0.1675  data: 0.0003  max mem: 16496
Val:  [   220/?]  eta: ?  loss: 0.0185 (0.0272)  time: 0.1675  data: 0.0003  max mem: 16496
Val:  [   230/?]  eta: ?  loss: 0.0166 (0.0270)  time: 0.1675  data: 0.0003  max mem: 16496
Val:  [   240/?]  eta: ?  loss: 0.0161 (0.0270)  time: 0.1675  data: 0.0004  max mem: 16496
Val:  [   250/?]  eta: ?  loss: 0.0167 (0.0274)  time: 0.1677  data: 0.0004  max mem: 16496
Val:  [   260/?]  eta: ?  loss: 0.0198 (0.0276)  time: 0.1676  data: 0.0004  max mem: 16496
Val:  [   270/?]  eta: ?  loss: 0.0244 (0.0278)  time: 0.1676  data: 0.0004  max mem: 16496
Val:  [   280/?]  eta: ?  loss: 0.0254 (0.0278)  time: 0.1676  data: 0.0003  max mem: 16496
Val:  [   290/?]  eta: ?  loss: 0.0153 (0.0275)  time: 0.1676  data: 0.0003  max mem: 16496
Val:  [   300/?]  eta: ?  loss: 0.0154 (0.0273)  time: 0.1675  data: 0.0003  max mem: 16496
Val:  [   310/?]  eta: ?  loss: 0.0192 (0.0271)  time: 0.1659  data: 0.0003  max mem: 16496
Val: Total time: 0:00:53 (0.1731 s / it)
* loss 0.027
Test:  [     0/?]  eta: ?  loss: 0.0220 (0.0220)  time: 1.8269  data: 1.6612  max mem: 16496
Test:  [    10/?]  eta: ?  loss: 0.0193 (0.0223)  time: 0.3215  data: 0.1547  max mem: 16496
Test:  [    20/?]  eta: ?  loss: 0.0177 (0.0212)  time: 0.1692  data: 0.0022  max mem: 16496
Test:  [    30/?]  eta: ?  loss: 0.0195 (0.0208)  time: 0.1675  data: 0.0004  max mem: 16496
Test:  [    40/?]  eta: ?  loss: 0.0163 (0.0209)  time: 0.1675  data: 0.0004  max mem: 16496
Test:  [    50/?]  eta: ?  loss: 0.0156 (0.0204)  time: 0.1674  data: 0.0004  max mem: 16496
Test:  [    60/?]  eta: ?  loss: 0.0182 (0.0200)  time: 0.1674  data: 0.0003  max mem: 16496
Test:  [    70/?]  eta: ?  loss: 0.0145 (0.0198)  time: 0.1675  data: 0.0004  max mem: 16496
Test:  [    80/?]  eta: ?  loss: 0.0151 (0.0195)  time: 0.1675  data: 0.0004  max mem: 16496
Test:  [    90/?]  eta: ?  loss: 0.0207 (0.0207)  time: 0.1675  data: 0.0004  max mem: 16496
Test:  [   100/?]  eta: ?  loss: 0.0267 (0.0217)  time: 0.1675  data: 0.0004  max mem: 16496
Test:  [   110/?]  eta: ?  loss: 0.0238 (0.0221)  time: 0.1675  data: 0.0004  max mem: 16496
Test:  [   120/?]  eta: ?  loss: 0.0206 (0.0226)  time: 0.1674  data: 0.0003  max mem: 16496
Test:  [   130/?]  eta: ?  loss: 0.0190 (0.0224)  time: 0.1674  data: 0.0004  max mem: 16496
Test:  [   140/?]  eta: ?  loss: 0.0177 (0.0226)  time: 0.1674  data: 0.0004  max mem: 16496
Test:  [   150/?]  eta: ?  loss: 0.0265 (0.0232)  time: 0.1675  data: 0.0004  max mem: 16496
Test:  [   160/?]  eta: ?  loss: 0.0254 (0.0233)  time: 0.1675  data: 0.0004  max mem: 16496
Test:  [   170/?]  eta: ?  loss: 0.0216 (0.0237)  time: 0.1675  data: 0.0004  max mem: 16496
Test:  [   180/?]  eta: ?  loss: 0.0188 (0.0238)  time: 0.1674  data: 0.0004  max mem: 16496
Test:  [   190/?]  eta: ?  loss: 0.0205 (0.0236)  time: 0.1674  data: 0.0004  max mem: 16496
Test:  [   200/?]  eta: ?  loss: 0.0183 (0.0237)  time: 0.1676  data: 0.0004  max mem: 16496
Test:  [   210/?]  eta: ?  loss: 0.0183 (0.0238)  time: 0.1676  data: 0.0004  max mem: 16496
Test:  [   220/?]  eta: ?  loss: 0.0171 (0.0241)  time: 0.1676  data: 0.0004  max mem: 16496
Test:  [   230/?]  eta: ?  loss: 0.0180 (0.0241)  time: 0.1676  data: 0.0004  max mem: 16496
Test:  [   240/?]  eta: ?  loss: 0.0184 (0.0239)  time: 0.1675  data: 0.0004  max mem: 16496
Test:  [   250/?]  eta: ?  loss: 0.0149 (0.0238)  time: 0.1676  data: 0.0004  max mem: 16496
Test:  [   260/?]  eta: ?  loss: 0.0152 (0.0237)  time: 0.1675  data: 0.0004  max mem: 16496
Test:  [   270/?]  eta: ?  loss: 0.0170 (0.0235)  time: 0.1675  data: 0.0004  max mem: 16496
Test:  [   280/?]  eta: ?  loss: 0.0170 (0.0243)  time: 0.1675  data: 0.0004  max mem: 16496
Test:  [   290/?]  eta: ?  loss: 0.0204 (0.0243)  time: 0.1674  data: 0.0003  max mem: 16496
Test:  [   300/?]  eta: ?  loss: 0.0277 (0.0248)  time: 0.1674  data: 0.0003  max mem: 16496
Test:  [   310/?]  eta: ?  loss: 0.0361 (0.0257)  time: 0.1335  data: 0.0003  max mem: 16496
Test: Total time: 0:00:53 (0.1704 s / it)
* loss 0.026
  → Epoch  47/50 | Train Loss: 0.0008 | Val Loss: 0.0270 | Train score (1/(1+norm_MAE)): 0.9850 | Val MAE (years): 2.0867 | LR: 0.000000
Best val MAE (years): 1.9149, test MAE at best val: 1.8538
  Test segment MAE: 2.0524 | participant median MAE: 1.8235 | participant mean MAE: 1.8080
Epoch: [47]  [     0/?]  eta: ?  lr: 0.000015  min_lr: 0.000000  loss: 0.0007 (0.0007)  class_acc: 0.9843 (0.9843)  loss_scale: 147573952589676412928.0000 (147573952589676412928.0000)  weight_decay: 0.0500 (0.0500)  grad_norm: 0.4052 (0.4052)  time: 8.2364  data: 7.8018  max mem: 16496
Epoch: [47]  [   500/?]  eta: ?  lr: 0.000015  min_lr: 0.000000  loss: 0.0008 (0.0008)  class_acc: 0.9848 (0.9852)  loss_scale: 147573952589676412928.0000 (147573952589676412928.0000)  weight_decay: 0.0500 (0.0500)  grad_norm: 0.6570 (1.1298)  time: 0.4302  data: 0.0003  max mem: 16496
Epoch: [47]  [  1000/?]  eta: ?  lr: 0.000015  min_lr: 0.000000  loss: 0.0006 (0.0008)  class_acc: 0.9855 (0.9852)  loss_scale: 147573952589676412928.0000 (147573952589676412928.0000)  weight_decay: 0.0500 (0.0500)  grad_norm: 0.5607 (1.0898)  time: 0.4306  data: 0.0003  max mem: 16496
Epoch: [47]  [  1500/?]  eta: ?  lr: 0.000015  min_lr: 0.000000  loss: 0.0006 (0.0008)  class_acc: 0.9853 (0.9852)  loss_scale: 147573952589676412928.0000 (147573952589676412928.0000)  weight_decay: 0.0500 (0.0500)  grad_norm: 0.6408 (1.0977)  time: 0.4309  data: 0.0002  max mem: 16496
Epoch: [47]  [  2000/?]  eta: ?  lr: 0.000015  min_lr: 0.000000  loss: 0.0007 (0.0008)  class_acc: 0.9853 (0.9852)  loss_scale: 295147905179352825856.0000 (153916461296678993920.0000)  weight_decay: 0.0500 (0.0500)  grad_norm: 0.5827 (1.1133)  time: 0.4320  data: 0.0002  max mem: 16496
Epoch: [47] Total time: 0:15:51 (0.4381 s / it)
Val:  [     0/?]  eta: ?  loss: 0.0402 (0.0402)  time: 2.1047  data: 1.9392  max mem: 16496
Val:  [    10/?]  eta: ?  loss: 0.0233 (0.0321)  time: 0.3434  data: 0.1766  max mem: 16496
Val:  [    20/?]  eta: ?  loss: 0.0200 (0.0257)  time: 0.1673  data: 0.0003  max mem: 16496
Val:  [    30/?]  eta: ?  loss: 0.0177 (0.0240)  time: 0.1674  data: 0.0003  max mem: 16496
Val:  [    40/?]  eta: ?  loss: 0.0206 (0.0248)  time: 0.1674  data: 0.0003  max mem: 16496
Val:  [    50/?]  eta: ?  loss: 0.0243 (0.0254)  time: 0.1673  data: 0.0003  max mem: 16496
Val:  [    60/?]  eta: ?  loss: 0.0214 (0.0293)  time: 0.1674  data: 0.0003  max mem: 16496
Val:  [    70/?]  eta: ?  loss: 0.0148 (0.0282)  time: 0.1674  data: 0.0003  max mem: 16496
Val:  [    80/?]  eta: ?  loss: 0.0204 (0.0283)  time: 0.1674  data: 0.0004  max mem: 16496
Val:  [    90/?]  eta: ?  loss: 0.0226 (0.0277)  time: 0.1675  data: 0.0004  max mem: 16496
Val:  [   100/?]  eta: ?  loss: 0.0226 (0.0275)  time: 0.1675  data: 0.0004  max mem: 16496
Val:  [   110/?]  eta: ?  loss: 0.0223 (0.0274)  time: 0.1675  data: 0.0004  max mem: 16496
Val:  [   120/?]  eta: ?  loss: 0.0219 (0.0282)  time: 0.1675  data: 0.0003  max mem: 16496
Val:  [   130/?]  eta: ?  loss: 0.0235 (0.0282)  time: 0.1675  data: 0.0004  max mem: 16496
Val:  [   140/?]  eta: ?  loss: 0.0235 (0.0283)  time: 0.1675  data: 0.0004  max mem: 16496
Val:  [   150/?]  eta: ?  loss: 0.0209 (0.0284)  time: 0.1675  data: 0.0004  max mem: 16496
Val:  [   160/?]  eta: ?  loss: 0.0172 (0.0284)  time: 0.1675  data: 0.0004  max mem: 16496
Val:  [   170/?]  eta: ?  loss: 0.0260 (0.0286)  time: 0.1676  data: 0.0004  max mem: 16496
Val:  [   180/?]  eta: ?  loss: 0.0265 (0.0284)  time: 0.1677  data: 0.0004  max mem: 16496
Val:  [   190/?]  eta: ?  loss: 0.0151 (0.0278)  time: 0.1678  data: 0.0004  max mem: 16496
Val:  [   200/?]  eta: ?  loss: 0.0139 (0.0276)  time: 0.1677  data: 0.0004  max mem: 16496
Val:  [   210/?]  eta: ?  loss: 0.0229 (0.0278)  time: 0.1676  data: 0.0004  max mem: 16496
Val:  [   220/?]  eta: ?  loss: 0.0184 (0.0274)  time: 0.1675  data: 0.0004  max mem: 16496
Val:  [   230/?]  eta: ?  loss: 0.0166 (0.0273)  time: 0.1675  data: 0.0004  max mem: 16496
Val:  [   240/?]  eta: ?  loss: 0.0166 (0.0272)  time: 0.1676  data: 0.0004  max mem: 16496
Val:  [   250/?]  eta: ?  loss: 0.0168 (0.0276)  time: 0.1676  data: 0.0004  max mem: 16496
Val:  [   260/?]  eta: ?  loss: 0.0196 (0.0278)  time: 0.1676  data: 0.0003  max mem: 16496
Val:  [   270/?]  eta: ?  loss: 0.0242 (0.0280)  time: 0.1675  data: 0.0003  max mem: 16496
Val:  [   280/?]  eta: ?  loss: 0.0254 (0.0280)  time: 0.1677  data: 0.0004  max mem: 16496
Val:  [   290/?]  eta: ?  loss: 0.0153 (0.0277)  time: 0.1677  data: 0.0004  max mem: 16496
Val:  [   300/?]  eta: ?  loss: 0.0153 (0.0275)  time: 0.1676  data: 0.0004  max mem: 16496
Val:  [   310/?]  eta: ?  loss: 0.0195 (0.0272)  time: 0.1661  data: 0.0004  max mem: 16496
Val: Total time: 0:00:54 (0.1737 s / it)
* loss 0.027
Test:  [     0/?]  eta: ?  loss: 0.0217 (0.0217)  time: 2.0690  data: 1.9031  max mem: 16496
Test:  [    10/?]  eta: ?  loss: 0.0194 (0.0224)  time: 0.3402  data: 0.1733  max mem: 16496
Test:  [    20/?]  eta: ?  loss: 0.0181 (0.0213)  time: 0.1674  data: 0.0003  max mem: 16496
Test:  [    30/?]  eta: ?  loss: 0.0196 (0.0209)  time: 0.1675  data: 0.0003  max mem: 16496
Test:  [    40/?]  eta: ?  loss: 0.0166 (0.0210)  time: 0.1675  data: 0.0003  max mem: 16496
Test:  [    50/?]  eta: ?  loss: 0.0150 (0.0205)  time: 0.1674  data: 0.0003  max mem: 16496
Test:  [    60/?]  eta: ?  loss: 0.0180 (0.0200)  time: 0.1675  data: 0.0003  max mem: 16496
Test:  [    70/?]  eta: ?  loss: 0.0147 (0.0198)  time: 0.1675  data: 0.0004  max mem: 16496
Test:  [    80/?]  eta: ?  loss: 0.0156 (0.0195)  time: 0.1676  data: 0.0004  max mem: 16496
Test:  [    90/?]  eta: ?  loss: 0.0201 (0.0207)  time: 0.1676  data: 0.0003  max mem: 16496
Test:  [   100/?]  eta: ?  loss: 0.0264 (0.0217)  time: 0.1676  data: 0.0004  max mem: 16496
Test:  [   110/?]  eta: ?  loss: 0.0242 (0.0221)  time: 0.1676  data: 0.0004  max mem: 16496
Test:  [   120/?]  eta: ?  loss: 0.0215 (0.0226)  time: 0.1676  data: 0.0003  max mem: 16496
Test:  [   130/?]  eta: ?  loss: 0.0184 (0.0224)  time: 0.1676  data: 0.0004  max mem: 16496
Test:  [   140/?]  eta: ?  loss: 0.0181 (0.0227)  time: 0.1676  data: 0.0003  max mem: 16496
Test:  [   150/?]  eta: ?  loss: 0.0275 (0.0233)  time: 0.1676  data: 0.0004  max mem: 16496
Test:  [   160/?]  eta: ?  loss: 0.0255 (0.0235)  time: 0.1676  data: 0.0004  max mem: 16496
Test:  [   170/?]  eta: ?  loss: 0.0226 (0.0239)  time: 0.1676  data: 0.0003  max mem: 16496
Test:  [   180/?]  eta: ?  loss: 0.0191 (0.0240)  time: 0.1676  data: 0.0004  max mem: 16496
Test:  [   190/?]  eta: ?  loss: 0.0202 (0.0237)  time: 0.1678  data: 0.0004  max mem: 16496
Test:  [   200/?]  eta: ?  loss: 0.0180 (0.0239)  time: 0.1679  data: 0.0004  max mem: 16496
Test:  [   210/?]  eta: ?  loss: 0.0180 (0.0240)  time: 0.1678  data: 0.0004  max mem: 16496
Test:  [   220/?]  eta: ?  loss: 0.0159 (0.0242)  time: 0.1676  data: 0.0003  max mem: 16496
Test:  [   230/?]  eta: ?  loss: 0.0194 (0.0242)  time: 0.1676  data: 0.0003  max mem: 16496
Test:  [   240/?]  eta: ?  loss: 0.0189 (0.0241)  time: 0.1675  data: 0.0003  max mem: 16496
Test:  [   250/?]  eta: ?  loss: 0.0153 (0.0239)  time: 0.1676  data: 0.0003  max mem: 16496
Test:  [   260/?]  eta: ?  loss: 0.0157 (0.0238)  time: 0.1676  data: 0.0003  max mem: 16496
Test:  [   270/?]  eta: ?  loss: 0.0175 (0.0237)  time: 0.1676  data: 0.0004  max mem: 16496
Test:  [   280/?]  eta: ?  loss: 0.0175 (0.0244)  time: 0.1676  data: 0.0004  max mem: 16496
Test:  [   290/?]  eta: ?  loss: 0.0214 (0.0244)  time: 0.1676  data: 0.0003  max mem: 16496
Test:  [   300/?]  eta: ?  loss: 0.0274 (0.0249)  time: 0.1675  data: 0.0004  max mem: 16496
Test:  [   310/?]  eta: ?  loss: 0.0375 (0.0258)  time: 0.1337  data: 0.0003  max mem: 16496
Test: Total time: 0:00:53 (0.1711 s / it)
* loss 0.026
  → Epoch  48/50 | Train Loss: 0.0008 | Val Loss: 0.0272 | Train score (1/(1+norm_MAE)): 0.9852 | Val MAE (years): 2.0920 | LR: 0.000000
Best val MAE (years): 1.9149, test MAE at best val: 1.8538
  Test segment MAE: 2.0569 | participant median MAE: 1.8241 | participant mean MAE: 1.8077
Epoch: [48]  [     0/?]  eta: ?  lr: 0.000012  min_lr: 0.000000  loss: 0.0008 (0.0008)  class_acc: 0.9844 (0.9844)  loss_scale: 295147905179352825856.0000 (295147905179352825856.0000)  weight_decay: 0.0500 (0.0500)  grad_norm: 1.6665 (1.6665)  time: 7.5902  data: 7.1423  max mem: 16496
Epoch: [48]  [   500/?]  eta: ?  lr: 0.000012  min_lr: 0.000000  loss: 0.0007 (0.0007)  class_acc: 0.9854 (0.9853)  loss_scale: 295147905179352825856.0000 (295147905179352825856.0000)  weight_decay: 0.0500 (0.0500)  grad_norm: 0.4961 (1.1852)  time: 0.4304  data: 0.0002  max mem: 16496
Epoch: [48]  [  1000/?]  eta: ?  lr: 0.000012  min_lr: 0.000000  loss: 0.0007 (0.0007)  class_acc: 0.9855 (0.9853)  loss_scale: 295147905179352825856.0000 (295147905179352825856.0000)  weight_decay: 0.0500 (0.0500)  grad_norm: 0.4909 (1.1402)  time: 0.4297  data: 0.0003  max mem: 16496
Epoch: [48]  [  1500/?]  eta: ?  lr: 0.000012  min_lr: 0.000000  loss: 0.0007 (0.0008)  class_acc: 0.9854 (0.9852)  loss_scale: 295147905179352825856.0000 (295147905179352825856.0000)  weight_decay: 0.0500 (0.0500)  grad_norm: 0.4974 (1.2096)  time: 0.4325  data: 0.0002  max mem: 16496
Epoch: [48]  [  2000/?]  eta: ?  lr: 0.000012  min_lr: 0.000000  loss: 0.0007 (0.0007)  class_acc: 0.9854 (0.9853)  loss_scale: 590295810358705651712.0000 (333202957421368311808.0000)  weight_decay: 0.0500 (0.0500)  grad_norm: 0.8432 (1.2394)  time: 0.4315  data: 0.0002  max mem: 16496
Epoch: [48] Total time: 0:15:51 (0.4383 s / it)
Val:  [     0/?]  eta: ?  loss: 0.0403 (0.0403)  time: 1.9725  data: 1.8072  max mem: 16496
Val:  [    10/?]  eta: ?  loss: 0.0233 (0.0324)  time: 0.3312  data: 0.1646  max mem: 16496
Val:  [    20/?]  eta: ?  loss: 0.0190 (0.0256)  time: 0.1672  data: 0.0003  max mem: 16496
Val:  [    30/?]  eta: ?  loss: 0.0178 (0.0239)  time: 0.1673  data: 0.0003  max mem: 16496
Val:  [    40/?]  eta: ?  loss: 0.0213 (0.0247)  time: 0.1674  data: 0.0004  max mem: 16496
Val:  [    50/?]  eta: ?  loss: 0.0252 (0.0254)  time: 0.1675  data: 0.0004  max mem: 16496
Val:  [    60/?]  eta: ?  loss: 0.0226 (0.0294)  time: 0.1674  data: 0.0004  max mem: 16496
Val:  [    70/?]  eta: ?  loss: 0.0150 (0.0283)  time: 0.1673  data: 0.0004  max mem: 16496
Val:  [    80/?]  eta: ?  loss: 0.0213 (0.0284)  time: 0.1674  data: 0.0004  max mem: 16496
Val:  [    90/?]  eta: ?  loss: 0.0228 (0.0277)  time: 0.1674  data: 0.0004  max mem: 16496
Val:  [   100/?]  eta: ?  loss: 0.0229 (0.0276)  time: 0.1674  data: 0.0003  max mem: 16496
Val:  [   110/?]  eta: ?  loss: 0.0223 (0.0274)  time: 0.1674  data: 0.0003  max mem: 16496
Val:  [   120/?]  eta: ?  loss: 0.0221 (0.0282)  time: 0.1675  data: 0.0004  max mem: 16496
Val:  [   130/?]  eta: ?  loss: 0.0238 (0.0281)  time: 0.1674  data: 0.0004  max mem: 16496
Val:  [   140/?]  eta: ?  loss: 0.0238 (0.0283)  time: 0.1674  data: 0.0003  max mem: 16496
Val:  [   150/?]  eta: ?  loss: 0.0192 (0.0283)  time: 0.1674  data: 0.0004  max mem: 16496
Val:  [   160/?]  eta: ?  loss: 0.0169 (0.0283)  time: 0.1675  data: 0.0004  max mem: 16496
Val:  [   170/?]  eta: ?  loss: 0.0261 (0.0285)  time: 0.1675  data: 0.0003  max mem: 16496
Val:  [   180/?]  eta: ?  loss: 0.0261 (0.0283)  time: 0.1675  data: 0.0003  max mem: 16496
Val:  [   190/?]  eta: ?  loss: 0.0146 (0.0277)  time: 0.1676  data: 0.0003  max mem: 16496
Val:  [   200/?]  eta: ?  loss: 0.0140 (0.0275)  time: 0.1677  data: 0.0004  max mem: 16496
Val:  [   210/?]  eta: ?  loss: 0.0231 (0.0277)  time: 0.1677  data: 0.0004  max mem: 16496
Val:  [   220/?]  eta: ?  loss: 0.0184 (0.0273)  time: 0.1676  data: 0.0003  max mem: 16496
Val:  [   230/?]  eta: ?  loss: 0.0166 (0.0272)  time: 0.1676  data: 0.0003  max mem: 16496
Val:  [   240/?]  eta: ?  loss: 0.0162 (0.0271)  time: 0.1676  data: 0.0003  max mem: 16496
Val:  [   250/?]  eta: ?  loss: 0.0170 (0.0275)  time: 0.1676  data: 0.0003  max mem: 16496
Val:  [   260/?]  eta: ?  loss: 0.0195 (0.0277)  time: 0.1676  data: 0.0003  max mem: 16496
Val:  [   270/?]  eta: ?  loss: 0.0240 (0.0279)  time: 0.1675  data: 0.0003  max mem: 16496
Val:  [   280/?]  eta: ?  loss: 0.0240 (0.0278)  time: 0.1676  data: 0.0003  max mem: 16496
Val:  [   290/?]  eta: ?  loss: 0.0154 (0.0276)  time: 0.1676  data: 0.0003  max mem: 16496
Val:  [   300/?]  eta: ?  loss: 0.0154 (0.0273)  time: 0.1675  data: 0.0003  max mem: 16496
Val:  [   310/?]  eta: ?  loss: 0.0198 (0.0271)  time: 0.1660  data: 0.0003  max mem: 16496
Val: Total time: 0:00:54 (0.1732 s / it)
* loss 0.027
Test:  [     0/?]  eta: ?  loss: 0.0216 (0.0216)  time: 2.0655  data: 1.8999  max mem: 16496
Test:  [    10/?]  eta: ?  loss: 0.0196 (0.0223)  time: 0.3398  data: 0.1730  max mem: 16496
Test:  [    20/?]  eta: ?  loss: 0.0179 (0.0210)  time: 0.1673  data: 0.0003  max mem: 16496
Test:  [    30/?]  eta: ?  loss: 0.0191 (0.0206)  time: 0.1675  data: 0.0004  max mem: 16496
Test:  [    40/?]  eta: ?  loss: 0.0160 (0.0208)  time: 0.1675  data: 0.0004  max mem: 16496
Test:  [    50/?]  eta: ?  loss: 0.0154 (0.0204)  time: 0.1675  data: 0.0004  max mem: 16496
Test:  [    60/?]  eta: ?  loss: 0.0176 (0.0198)  time: 0.1675  data: 0.0004  max mem: 16496
Test:  [    70/?]  eta: ?  loss: 0.0142 (0.0196)  time: 0.1674  data: 0.0003  max mem: 16496
Test:  [    80/?]  eta: ?  loss: 0.0157 (0.0194)  time: 0.1675  data: 0.0004  max mem: 16496
Test:  [    90/?]  eta: ?  loss: 0.0207 (0.0206)  time: 0.1675  data: 0.0004  max mem: 16496
Test:  [   100/?]  eta: ?  loss: 0.0261 (0.0216)  time: 0.1674  data: 0.0004  max mem: 16496
Test:  [   110/?]  eta: ?  loss: 0.0248 (0.0220)  time: 0.1674  data: 0.0004  max mem: 16496
Test:  [   120/?]  eta: ?  loss: 0.0214 (0.0224)  time: 0.1675  data: 0.0004  max mem: 16496
Test:  [   130/?]  eta: ?  loss: 0.0191 (0.0223)  time: 0.1675  data: 0.0003  max mem: 16496
Test:  [   140/?]  eta: ?  loss: 0.0175 (0.0226)  time: 0.1675  data: 0.0003  max mem: 16496
Test:  [   150/?]  eta: ?  loss: 0.0272 (0.0232)  time: 0.1675  data: 0.0003  max mem: 16496
Test:  [   160/?]  eta: ?  loss: 0.0261 (0.0233)  time: 0.1675  data: 0.0004  max mem: 16496
Test:  [   170/?]  eta: ?  loss: 0.0221 (0.0237)  time: 0.1674  data: 0.0004  max mem: 16496
Test:  [   180/?]  eta: ?  loss: 0.0193 (0.0239)  time: 0.1675  data: 0.0004  max mem: 16496
Test:  [   190/?]  eta: ?  loss: 0.0203 (0.0236)  time: 0.1675  data: 0.0003  max mem: 16496
Test:  [   200/?]  eta: ?  loss: 0.0178 (0.0238)  time: 0.1675  data: 0.0004  max mem: 16496
Test:  [   210/?]  eta: ?  loss: 0.0178 (0.0238)  time: 0.1675  data: 0.0004  max mem: 16496
Test:  [   220/?]  eta: ?  loss: 0.0170 (0.0241)  time: 0.1676  data: 0.0004  max mem: 16496
Test:  [   230/?]  eta: ?  loss: 0.0198 (0.0240)  time: 0.1676  data: 0.0004  max mem: 16496
Test:  [   240/?]  eta: ?  loss: 0.0188 (0.0239)  time: 0.1675  data: 0.0004  max mem: 16496
Test:  [   250/?]  eta: ?  loss: 0.0154 (0.0238)  time: 0.1675  data: 0.0004  max mem: 16496
Test:  [   260/?]  eta: ?  loss: 0.0154 (0.0238)  time: 0.1675  data: 0.0003  max mem: 16496
Test:  [   270/?]  eta: ?  loss: 0.0172 (0.0236)  time: 0.1675  data: 0.0004  max mem: 16496
Test:  [   280/?]  eta: ?  loss: 0.0172 (0.0243)  time: 0.1675  data: 0.0004  max mem: 16496
Test:  [   290/?]  eta: ?  loss: 0.0208 (0.0243)  time: 0.1675  data: 0.0004  max mem: 16496
Test:  [   300/?]  eta: ?  loss: 0.0270 (0.0248)  time: 0.1674  data: 0.0003  max mem: 16496
Test:  [   310/?]  eta: ?  loss: 0.0370 (0.0257)  time: 0.1337  data: 0.0003  max mem: 16496
Test: Total time: 0:00:53 (0.1710 s / it)
* loss 0.026
  → Epoch  49/50 | Train Loss: 0.0007 | Val Loss: 0.0270 | Train score (1/(1+norm_MAE)): 0.9853 | Val MAE (years): 2.0851 | LR: 0.000000
Best val MAE (years): 1.9149, test MAE at best val: 1.8538
  Test segment MAE: 2.0503 | participant median MAE: 1.8144 | participant mean MAE: 1.7945
Epoch: [49]  [     0/?]  eta: ?  lr: 0.000011  min_lr: 0.000000  loss: 0.0005 (0.0005)  class_acc: 0.9865 (0.9865)  loss_scale: 590295810358705651712.0000 (590295810358705651712.0000)  weight_decay: 0.0500 (0.0500)  grad_norm: 0.3389 (0.3389)  time: 8.1399  data: 7.7085  max mem: 16496
Epoch: [49]  [   500/?]  eta: ?  lr: 0.000011  min_lr: 0.000000  loss: 0.0007 (0.0007)  class_acc: 0.9853 (0.9853)  loss_scale: 590295810358705651712.0000 (590295810358705651712.0000)  weight_decay: 0.0500 (0.0500)  grad_norm: 0.4851 (1.1775)  time: 0.4283  data: 0.0002  max mem: 16496
Epoch: [49]  [  1000/?]  eta: ?  lr: 0.000011  min_lr: 0.000000  loss: 0.0007 (0.0007)  class_acc: 0.9851 (0.9853)  loss_scale: 590295810358705651712.0000 (590295810358705651712.0000)  weight_decay: 0.0500 (0.0500)  grad_norm: 0.5353 (1.1250)  time: 0.4304  data: 0.0002  max mem: 16496
Epoch: [49]  [  1500/?]  eta: ?  lr: 0.000011  min_lr: 0.000000  loss: 0.0007 (0.0007)  class_acc: 0.9851 (0.9853)  loss_scale: 590295810358705651712.0000 (590295810358705651712.0000)  weight_decay: 0.0500 (0.0500)  grad_norm: 0.5894 (1.1115)  time: 0.4251  data: 0.0002  max mem: 16496
Epoch: [49]  [  2000/?]  eta: ?  lr: 0.000011  min_lr: 0.000000  loss: 0.0007 (0.0007)  class_acc: 0.9854 (0.9853)  loss_scale: 1180591620717411303424.0000 (717145984498757402624.0000)  weight_decay: 0.0500 (0.0500)  grad_norm: 0.6405 (1.1147)  time: 0.4297  data: 0.0002  max mem: 16496
Epoch: [49] Total time: 0:15:48 (0.4369 s / it)
Val:  [     0/?]  eta: ?  loss: 0.0401 (0.0401)  time: 1.9467  data: 1.7815  max mem: 16496
Val:  [    10/?]  eta: ?  loss: 0.0234 (0.0321)  time: 0.3287  data: 0.1622  max mem: 16496
Val:  [    20/?]  eta: ?  loss: 0.0197 (0.0256)  time: 0.1671  data: 0.0003  max mem: 16496
Val:  [    30/?]  eta: ?  loss: 0.0185 (0.0239)  time: 0.1672  data: 0.0003  max mem: 16496
Val:  [    40/?]  eta: ?  loss: 0.0206 (0.0247)  time: 0.1672  data: 0.0003  max mem: 16496
Val:  [    50/?]  eta: ?  loss: 0.0244 (0.0252)  time: 0.1672  data: 0.0003  max mem: 16496
Val:  [    60/?]  eta: ?  loss: 0.0225 (0.0292)  time: 0.1673  data: 0.0004  max mem: 16496
Val:  [    70/?]  eta: ?  loss: 0.0158 (0.0282)  time: 0.1672  data: 0.0004  max mem: 16496
Val:  [    80/?]  eta: ?  loss: 0.0204 (0.0283)  time: 0.1673  data: 0.0003  max mem: 16496
Val:  [    90/?]  eta: ?  loss: 0.0235 (0.0277)  time: 0.1673  data: 0.0003  max mem: 16496
Val:  [   100/?]  eta: ?  loss: 0.0225 (0.0275)  time: 0.1674  data: 0.0003  max mem: 16496
Val:  [   110/?]  eta: ?  loss: 0.0224 (0.0274)  time: 0.1674  data: 0.0003  max mem: 16496
Val:  [   120/?]  eta: ?  loss: 0.0221 (0.0282)  time: 0.1673  data: 0.0003  max mem: 16496
Val:  [   130/?]  eta: ?  loss: 0.0251 (0.0282)  time: 0.1673  data: 0.0003  max mem: 16496
Val:  [   140/?]  eta: ?  loss: 0.0251 (0.0283)  time: 0.1674  data: 0.0003  max mem: 16496
Val:  [   150/?]  eta: ?  loss: 0.0194 (0.0283)  time: 0.1674  data: 0.0003  max mem: 16496
Val:  [   160/?]  eta: ?  loss: 0.0168 (0.0283)  time: 0.1674  data: 0.0003  max mem: 16496
Val:  [   170/?]  eta: ?  loss: 0.0263 (0.0285)  time: 0.1675  data: 0.0004  max mem: 16496
Val:  [   180/?]  eta: ?  loss: 0.0263 (0.0283)  time: 0.1676  data: 0.0004  max mem: 16496
Val:  [   190/?]  eta: ?  loss: 0.0151 (0.0277)  time: 0.1675  data: 0.0004  max mem: 16496
Val:  [   200/?]  eta: ?  loss: 0.0136 (0.0275)  time: 0.1674  data: 0.0003  max mem: 16496
Val:  [   210/?]  eta: ?  loss: 0.0232 (0.0277)  time: 0.1674  data: 0.0003  max mem: 16496
Val:  [   220/?]  eta: ?  loss: 0.0179 (0.0272)  time: 0.1675  data: 0.0003  max mem: 16496
Val:  [   230/?]  eta: ?  loss: 0.0163 (0.0271)  time: 0.1675  data: 0.0004  max mem: 16496
Val:  [   240/?]  eta: ?  loss: 0.0163 (0.0271)  time: 0.1675  data: 0.0004  max mem: 16496
Val:  [   250/?]  eta: ?  loss: 0.0171 (0.0274)  time: 0.1675  data: 0.0004  max mem: 16496
Val:  [   260/?]  eta: ?  loss: 0.0195 (0.0276)  time: 0.1675  data: 0.0003  max mem: 16496
Val:  [   270/?]  eta: ?  loss: 0.0240 (0.0279)  time: 0.1674  data: 0.0004  max mem: 16496
Val:  [   280/?]  eta: ?  loss: 0.0241 (0.0278)  time: 0.1675  data: 0.0004  max mem: 16496
Val:  [   290/?]  eta: ?  loss: 0.0157 (0.0276)  time: 0.1674  data: 0.0003  max mem: 16496
Val:  [   300/?]  eta: ?  loss: 0.0154 (0.0273)  time: 0.1675  data: 0.0003  max mem: 16496
Val:  [   310/?]  eta: ?  loss: 0.0199 (0.0271)  time: 0.1659  data: 0.0003  max mem: 16496
Val: Total time: 0:00:53 (0.1730 s / it)
* loss 0.027
Test:  [     0/?]  eta: ?  loss: 0.0211 (0.0211)  time: 2.1350  data: 1.9693  max mem: 16496
Test:  [    10/?]  eta: ?  loss: 0.0197 (0.0224)  time: 0.3460  data: 0.1794  max mem: 16496
Test:  [    20/?]  eta: ?  loss: 0.0182 (0.0211)  time: 0.1672  data: 0.0004  max mem: 16496
Test:  [    30/?]  eta: ?  loss: 0.0190 (0.0207)  time: 0.1673  data: 0.0004  max mem: 16496
Test:  [    40/?]  eta: ?  loss: 0.0160 (0.0208)  time: 0.1673  data: 0.0004  max mem: 16496
Test:  [    50/?]  eta: ?  loss: 0.0156 (0.0203)  time: 0.1674  data: 0.0004  max mem: 16496
Test:  [    60/?]  eta: ?  loss: 0.0177 (0.0200)  time: 0.1673  data: 0.0004  max mem: 16496
Test:  [    70/?]  eta: ?  loss: 0.0141 (0.0198)  time: 0.1673  data: 0.0003  max mem: 16496
Test:  [    80/?]  eta: ?  loss: 0.0156 (0.0195)  time: 0.1674  data: 0.0003  max mem: 16496
Test:  [    90/?]  eta: ?  loss: 0.0208 (0.0207)  time: 0.1673  data: 0.0003  max mem: 16496
Test:  [   100/?]  eta: ?  loss: 0.0260 (0.0216)  time: 0.1673  data: 0.0004  max mem: 16496
Test:  [   110/?]  eta: ?  loss: 0.0245 (0.0220)  time: 0.1675  data: 0.0004  max mem: 16496
Test:  [   120/?]  eta: ?  loss: 0.0210 (0.0225)  time: 0.1674  data: 0.0003  max mem: 16496
Test:  [   130/?]  eta: ?  loss: 0.0190 (0.0223)  time: 0.1673  data: 0.0003  max mem: 16496
Test:  [   140/?]  eta: ?  loss: 0.0174 (0.0227)  time: 0.1674  data: 0.0003  max mem: 16496
Test:  [   150/?]  eta: ?  loss: 0.0277 (0.0232)  time: 0.1674  data: 0.0003  max mem: 16496
Test:  [   160/?]  eta: ?  loss: 0.0255 (0.0234)  time: 0.1673  data: 0.0003  max mem: 16496
Test:  [   170/?]  eta: ?  loss: 0.0225 (0.0238)  time: 0.1673  data: 0.0003  max mem: 16496
Test:  [   180/?]  eta: ?  loss: 0.0190 (0.0239)  time: 0.1674  data: 0.0003  max mem: 16496
Test:  [   190/?]  eta: ?  loss: 0.0205 (0.0236)  time: 0.1674  data: 0.0003  max mem: 16496
Test:  [   200/?]  eta: ?  loss: 0.0179 (0.0238)  time: 0.1674  data: 0.0003  max mem: 16496
Test:  [   210/?]  eta: ?  loss: 0.0179 (0.0238)  time: 0.1674  data: 0.0003  max mem: 16496
Test:  [   220/?]  eta: ?  loss: 0.0169 (0.0241)  time: 0.1674  data: 0.0003  max mem: 16496
Test:  [   230/?]  eta: ?  loss: 0.0187 (0.0241)  time: 0.1675  data: 0.0003  max mem: 16496
Test:  [   240/?]  eta: ?  loss: 0.0186 (0.0240)  time: 0.1673  data: 0.0003  max mem: 16496
Test:  [   250/?]  eta: ?  loss: 0.0151 (0.0238)  time: 0.1674  data: 0.0003  max mem: 16496
Test:  [   260/?]  eta: ?  loss: 0.0151 (0.0238)  time: 0.1674  data: 0.0003  max mem: 16496
Test:  [   270/?]  eta: ?  loss: 0.0171 (0.0236)  time: 0.1674  data: 0.0003  max mem: 16496
Test:  [   280/?]  eta: ?  loss: 0.0171 (0.0243)  time: 0.1675  data: 0.0003  max mem: 16496
Test:  [   290/?]  eta: ?  loss: 0.0206 (0.0244)  time: 0.1675  data: 0.0003  max mem: 16496
Test:  [   300/?]  eta: ?  loss: 0.0276 (0.0248)  time: 0.1674  data: 0.0004  max mem: 16496
Test:  [   310/?]  eta: ?  loss: 0.0369 (0.0257)  time: 0.1336  data: 0.0003  max mem: 16496
Test: Total time: 0:00:53 (0.1712 s / it)
* loss 0.026

============================================================
Counting samples by task type...
============================================================

============================================================
Evaluating on active tasks (35,284 samples)...
============================================================
Active Test:  [     0/?]  eta: ?  loss: 0.0164 (0.0164)  time: 2.6821  data: 2.6539  max mem: 16496
Active Test:  [    10/?]  eta: ?  loss: 0.0285 (0.0774)  time: 0.2755  data: 0.2562  max mem: 16496
Active Test:  [    20/?]  eta: ?  loss: 0.0279 (0.0549)  time: 0.0251  data: 0.0084  max mem: 16496
Active Test:  [    30/?]  eta: ?  loss: 0.0279 (0.0492)  time: 0.0203  data: 0.0065  max mem: 16496
Active Test:  [    40/?]  eta: ?  loss: 0.0323 (0.0473)  time: 0.0226  data: 0.0101  max mem: 16496
Active Test:  [    50/?]  eta: ?  loss: 0.0210 (0.0420)  time: 0.0216  data: 0.0086  max mem: 16496
Active Test:  [    60/?]  eta: ?  loss: 0.0086 (0.0366)  time: 0.0207  data: 0.0078  max mem: 16496
Active Test:  [    70/?]  eta: ?  loss: 0.0081 (0.0329)  time: 0.0206  data: 0.0085  max mem: 16496
Active Test:  [    80/?]  eta: ?  loss: 0.0088 (0.0303)  time: 0.0205  data: 0.0085  max mem: 16496
Active Test:  [    90/?]  eta: ?  loss: 0.0111 (0.0286)  time: 0.0195  data: 0.0075  max mem: 16496
Active Test:  [   100/?]  eta: ?  loss: 0.0156 (0.0282)  time: 0.0195  data: 0.0075  max mem: 16496
Active Test:  [   110/?]  eta: ?  loss: 0.0225 (0.0274)  time: 0.0202  data: 0.0081  max mem: 16496
Active Test:  [   120/?]  eta: ?  loss: 0.0153 (0.0267)  time: 0.0206  data: 0.0086  max mem: 16496
Active Test:  [   130/?]  eta: ?  loss: 0.0148 (0.0265)  time: 0.0195  data: 0.0076  max mem: 16496
Active Test:  [   140/?]  eta: ?  loss: 0.0155 (0.0275)  time: 0.0196  data: 0.0076  max mem: 16496
Active Test:  [   150/?]  eta: ?  loss: 0.0273 (0.0286)  time: 0.0189  data: 0.0070  max mem: 16496
Active Test:  [   160/?]  eta: ?  loss: 0.0267 (0.0294)  time: 0.0195  data: 0.0075  max mem: 16496
Active Test:  [   170/?]  eta: ?  loss: 0.0245 (0.0293)  time: 0.0201  data: 0.0081  max mem: 16496
Active Test:  [   180/?]  eta: ?  loss: 0.0106 (0.0282)  time: 0.0192  data: 0.0072  max mem: 16496
Active Test:  [   190/?]  eta: ?  loss: 0.0109 (0.0279)  time: 0.0203  data: 0.0084  max mem: 16496
Active Test:  [   200/?]  eta: ?  loss: 0.0156 (0.0277)  time: 0.0199  data: 0.0080  max mem: 16496
Active Test:  [   210/?]  eta: ?  loss: 0.0152 (0.0276)  time: 0.0190  data: 0.0070  max mem: 16496
Active Test:  [   220/?]  eta: ?  loss: 0.0210 (0.0275)  time: 0.0200  data: 0.0079  max mem: 16496
Active Test:  [   230/?]  eta: ?  loss: 0.0210 (0.0271)  time: 0.0210  data: 0.0087  max mem: 16496
Active Test:  [   240/?]  eta: ?  loss: 0.0186 (0.0277)  time: 0.0215  data: 0.0091  max mem: 16496
Active Test:  [   250/?]  eta: ?  loss: 0.0224 (0.0279)  time: 0.0205  data: 0.0083  max mem: 16496
Active Test:  [   260/?]  eta: ?  loss: 0.0252 (0.0284)  time: 0.0205  data: 0.0083  max mem: 16496
Active Test:  [   270/?]  eta: ?  loss: 0.0257 (0.0286)  time: 0.0205  data: 0.0084  max mem: 16496
Active Test:  [   280/?]  eta: ?  loss: 0.0222 (0.0283)  time: 0.0202  data: 0.0083  max mem: 16496
Active Test:  [   290/?]  eta: ?  loss: 0.0132 (0.0280)  time: 0.0216  data: 0.0096  max mem: 16496
Active Test:  [   300/?]  eta: ?  loss: 0.0132 (0.0279)  time: 0.0210  data: 0.0090  max mem: 16496
Active Test:  [   310/?]  eta: ?  loss: 0.0157 (0.0276)  time: 0.0203  data: 0.0083  max mem: 16496
Active Test:  [   320/?]  eta: ?  loss: 0.0155 (0.0274)  time: 0.0199  data: 0.0078  max mem: 16496
Active Test:  [   330/?]  eta: ?  loss: 0.0178 (0.0277)  time: 0.0195  data: 0.0075  max mem: 16496
Active Test:  [   340/?]  eta: ?  loss: 0.0223 (0.0276)  time: 0.0195  data: 0.0075  max mem: 16496
Active Test:  [   350/?]  eta: ?  loss: 0.0188 (0.0277)  time: 0.0187  data: 0.0067  max mem: 16496
Active Test:  [   360/?]  eta: ?  loss: 0.0231 (0.0276)  time: 0.0187  data: 0.0065  max mem: 16496
Active Test:  [   370/?]  eta: ?  loss: 0.0186 (0.0273)  time: 0.0200  data: 0.0077  max mem: 16496
Active Test:  [   380/?]  eta: ?  loss: 0.0100 (0.0269)  time: 0.0202  data: 0.0079  max mem: 16496
Active Test:  [   390/?]  eta: ?  loss: 0.0100 (0.0267)  time: 0.0198  data: 0.0077  max mem: 16496
Active Test:  [   400/?]  eta: ?  loss: 0.0119 (0.0266)  time: 0.0198  data: 0.0078  max mem: 16496
Active Test:  [   410/?]  eta: ?  loss: 0.0135 (0.0264)  time: 0.0189  data: 0.0068  max mem: 16496
Active Test:  [   420/?]  eta: ?  loss: 0.0162 (0.0264)  time: 0.0193  data: 0.0072  max mem: 16496
Active Test:  [   430/?]  eta: ?  loss: 0.0134 (0.0263)  time: 0.0210  data: 0.0088  max mem: 16496
Active Test:  [   440/?]  eta: ?  loss: 0.0135 (0.0261)  time: 0.0212  data: 0.0089  max mem: 16496
Active Test:  [   450/?]  eta: ?  loss: 0.0156 (0.0259)  time: 0.0203  data: 0.0079  max mem: 16496
Active Test:  [   460/?]  eta: ?  loss: 0.0083 (0.0257)  time: 0.0220  data: 0.0095  max mem: 16496
Active Test:  [   470/?]  eta: ?  loss: 0.0091 (0.0271)  time: 0.0230  data: 0.0104  max mem: 16496
Active Test:  [   480/?]  eta: ?  loss: 0.0239 (0.0276)  time: 0.0210  data: 0.0083  max mem: 16496
Active Test:  [   490/?]  eta: ?  loss: 0.0184 (0.0274)  time: 0.0215  data: 0.0088  max mem: 16496
Active Test:  [   500/?]  eta: ?  loss: 0.0123 (0.0273)  time: 0.0217  data: 0.0089  max mem: 16496
Active Test:  [   510/?]  eta: ?  loss: 0.0185 (0.0272)  time: 0.0207  data: 0.0081  max mem: 16496
Active Test:  [   520/?]  eta: ?  loss: 0.0097 (0.0271)  time: 0.0231  data: 0.0104  max mem: 16496
Active Test:  [   530/?]  eta: ?  loss: 0.0120 (0.0269)  time: 0.0243  data: 0.0106  max mem: 16496
Active Test:  [   540/?]  eta: ?  loss: 0.0164 (0.0268)  time: 0.0249  data: 0.0106  max mem: 16496
Active Test: Total time: 0:00:14 (0.0261 s / it)
* loss 0.027

============================================================
Evaluating on passive tasks (204,188 samples)...
============================================================
Passive Test:  [     0/?]  eta: ?  loss: 0.0108 (0.0108)  time: 1.0083  data: 0.9936  max mem: 16496
Passive Test:  [    10/?]  eta: ?  loss: 0.0122 (0.0127)  time: 0.1136  data: 0.1004  max mem: 16496
Passive Test:  [    20/?]  eta: ?  loss: 0.0122 (0.0148)  time: 0.0216  data: 0.0086  max mem: 16496
Passive Test:  [    30/?]  eta: ?  loss: 0.0135 (0.0179)  time: 0.0194  data: 0.0070  max mem: 16496
Passive Test:  [    40/?]  eta: ?  loss: 0.0184 (0.0218)  time: 0.0185  data: 0.0064  max mem: 16496
Passive Test:  [    50/?]  eta: ?  loss: 0.0244 (0.0240)  time: 0.0188  data: 0.0066  max mem: 16496
Passive Test:  [    60/?]  eta: ?  loss: 0.0246 (0.0257)  time: 0.0188  data: 0.0068  max mem: 16496
Passive Test:  [    70/?]  eta: ?  loss: 0.0173 (0.0274)  time: 0.0184  data: 0.0065  max mem: 16496
Passive Test:  [    80/?]  eta: ?  loss: 0.0179 (0.0280)  time: 0.0178  data: 0.0059  max mem: 16496
Passive Test:  [    90/?]  eta: ?  loss: 0.0207 (0.0280)  time: 0.0178  data: 0.0059  max mem: 16496
Passive Test:  [   100/?]  eta: ?  loss: 0.0207 (0.0278)  time: 0.0181  data: 0.0061  max mem: 16496
Passive Test:  [   110/?]  eta: ?  loss: 0.0156 (0.0268)  time: 0.0181  data: 0.0061  max mem: 16496
Passive Test:  [   120/?]  eta: ?  loss: 0.0097 (0.0266)  time: 0.0179  data: 0.0058  max mem: 16496
Passive Test:  [   130/?]  eta: ?  loss: 0.0117 (0.0267)  time: 0.0181  data: 0.0060  max mem: 16496
Passive Test:  [   140/?]  eta: ?  loss: 0.0158 (0.0275)  time: 0.0187  data: 0.0068  max mem: 16496
Passive Test:  [   150/?]  eta: ?  loss: 0.0199 (0.0277)  time: 0.0180  data: 0.0060  max mem: 16496
Passive Test:  [   160/?]  eta: ?  loss: 0.0179 (0.0277)  time: 0.0172  data: 0.0052  max mem: 16496
Passive Test:  [   170/?]  eta: ?  loss: 0.0123 (0.0274)  time: 0.0182  data: 0.0062  max mem: 16496
Passive Test:  [   180/?]  eta: ?  loss: 0.0118 (0.0267)  time: 0.0181  data: 0.0061  max mem: 16496
Passive Test:  [   190/?]  eta: ?  loss: 0.0164 (0.0261)  time: 0.0185  data: 0.0065  max mem: 16496
Passive Test:  [   200/?]  eta: ?  loss: 0.0132 (0.0254)  time: 0.0189  data: 0.0068  max mem: 16496
Passive Test:  [   210/?]  eta: ?  loss: 0.0118 (0.0251)  time: 0.0181  data: 0.0061  max mem: 16496
Passive Test:  [   220/?]  eta: ?  loss: 0.0177 (0.0246)  time: 0.0185  data: 0.0065  max mem: 16496
Passive Test:  [   230/?]  eta: ?  loss: 0.0110 (0.0244)  time: 0.0184  data: 0.0063  max mem: 16496
Passive Test:  [   240/?]  eta: ?  loss: 0.0166 (0.0241)  time: 0.0183  data: 0.0063  max mem: 16496
Passive Test:  [   250/?]  eta: ?  loss: 0.0149 (0.0237)  time: 0.0189  data: 0.0070  max mem: 16496
Passive Test:  [   260/?]  eta: ?  loss: 0.0105 (0.0234)  time: 0.0191  data: 0.0071  max mem: 16496
Passive Test:  [   270/?]  eta: ?  loss: 0.0079 (0.0234)  time: 0.0188  data: 0.0069  max mem: 16496
Passive Test:  [   280/?]  eta: ?  loss: 0.0076 (0.0229)  time: 0.0187  data: 0.0068  max mem: 16496
Passive Test:  [   290/?]  eta: ?  loss: 0.0076 (0.0225)  time: 0.0186  data: 0.0065  max mem: 16496
Passive Test:  [   300/?]  eta: ?  loss: 0.0094 (0.0222)  time: 0.0179  data: 0.0060  max mem: 16496
Passive Test:  [   310/?]  eta: ?  loss: 0.0102 (0.0220)  time: 0.0175  data: 0.0056  max mem: 16496
Passive Test:  [   320/?]  eta: ?  loss: 0.0144 (0.0217)  time: 0.0179  data: 0.0060  max mem: 16496
Passive Test:  [   330/?]  eta: ?  loss: 0.0141 (0.0216)  time: 0.0178  data: 0.0059  max mem: 16496
Passive Test:  [   340/?]  eta: ?  loss: 0.0127 (0.0213)  time: 0.0179  data: 0.0059  max mem: 16496
Passive Test:  [   350/?]  eta: ?  loss: 0.0090 (0.0210)  time: 0.0177  data: 0.0057  max mem: 16496
Passive Test:  [   360/?]  eta: ?  loss: 0.0117 (0.0208)  time: 0.0179  data: 0.0060  max mem: 16496
Passive Test:  [   370/?]  eta: ?  loss: 0.0121 (0.0206)  time: 0.0183  data: 0.0064  max mem: 16496
Passive Test:  [   380/?]  eta: ?  loss: 0.0120 (0.0203)  time: 0.0179  data: 0.0060  max mem: 16496
Passive Test:  [   390/?]  eta: ?  loss: 0.0118 (0.0201)  time: 0.0177  data: 0.0059  max mem: 16496
Passive Test:  [   400/?]  eta: ?  loss: 0.0165 (0.0200)  time: 0.0176  data: 0.0057  max mem: 16496
Passive Test:  [   410/?]  eta: ?  loss: 0.0176 (0.0198)  time: 0.0174  data: 0.0055  max mem: 16496
Passive Test:  [   420/?]  eta: ?  loss: 0.0169 (0.0198)  time: 0.0180  data: 0.0061  max mem: 16496
Passive Test:  [   430/?]  eta: ?  loss: 0.0164 (0.0198)  time: 0.0184  data: 0.0065  max mem: 16496
Passive Test:  [   440/?]  eta: ?  loss: 0.0143 (0.0198)  time: 0.0190  data: 0.0071  max mem: 16496
Passive Test:  [   450/?]  eta: ?  loss: 0.0114 (0.0198)  time: 0.0200  data: 0.0079  max mem: 16496
Passive Test:  [   460/?]  eta: ?  loss: 0.0203 (0.0200)  time: 0.0201  data: 0.0080  max mem: 16496
Passive Test:  [   470/?]  eta: ?  loss: 0.0225 (0.0202)  time: 0.0180  data: 0.0060  max mem: 16496
Passive Test:  [   480/?]  eta: ?  loss: 0.0283 (0.0204)  time: 0.0177  data: 0.0057  max mem: 16496
Passive Test:  [   490/?]  eta: ?  loss: 0.0300 (0.0205)  time: 0.0175  data: 0.0056  max mem: 16496
Passive Test:  [   500/?]  eta: ?  loss: 0.0268 (0.0207)  time: 0.0174  data: 0.0055  max mem: 16496
Passive Test:  [   510/?]  eta: ?  loss: 0.0259 (0.0210)  time: 0.0182  data: 0.0062  max mem: 16496
Passive Test:  [   520/?]  eta: ?  loss: 0.0233 (0.0210)  time: 0.0180  data: 0.0059  max mem: 16496
Passive Test:  [   530/?]  eta: ?  loss: 0.0229 (0.0210)  time: 0.0182  data: 0.0061  max mem: 16496
Passive Test:  [   540/?]  eta: ?  loss: 0.0208 (0.0211)  time: 0.0175  data: 0.0054  max mem: 16496
Passive Test:  [   550/?]  eta: ?  loss: 0.0144 (0.0210)  time: 0.0185  data: 0.0065  max mem: 16496
Passive Test:  [   560/?]  eta: ?  loss: 0.0115 (0.0209)  time: 0.0186  data: 0.0066  max mem: 16496
Passive Test:  [   570/?]  eta: ?  loss: 0.0098 (0.0207)  time: 0.0179  data: 0.0059  max mem: 16496
Passive Test:  [   580/?]  eta: ?  loss: 0.0097 (0.0206)  time: 0.0180  data: 0.0061  max mem: 16496
Passive Test:  [   590/?]  eta: ?  loss: 0.0142 (0.0206)  time: 0.0179  data: 0.0060  max mem: 16496
Passive Test:  [   600/?]  eta: ?  loss: 0.0215 (0.0207)  time: 0.0183  data: 0.0065  max mem: 16496
Passive Test:  [   610/?]  eta: ?  loss: 0.0172 (0.0206)  time: 0.0184  data: 0.0065  max mem: 16496
Passive Test:  [   620/?]  eta: ?  loss: 0.0137 (0.0205)  time: 0.0181  data: 0.0062  max mem: 16496
Passive Test:  [   630/?]  eta: ?  loss: 0.0129 (0.0204)  time: 0.0179  data: 0.0060  max mem: 16496
Passive Test:  [   640/?]  eta: ?  loss: 0.0175 (0.0205)  time: 0.0182  data: 0.0062  max mem: 16496
Passive Test:  [   650/?]  eta: ?  loss: 0.0237 (0.0208)  time: 0.0180  data: 0.0059  max mem: 16496
Passive Test:  [   660/?]  eta: ?  loss: 0.0406 (0.0213)  time: 0.0180  data: 0.0060  max mem: 16496
Passive Test:  [   670/?]  eta: ?  loss: 0.0528 (0.0220)  time: 0.0176  data: 0.0057  max mem: 16496
Passive Test:  [   680/?]  eta: ?  loss: 0.0554 (0.0226)  time: 0.0172  data: 0.0053  max mem: 16496
Passive Test:  [   690/?]  eta: ?  loss: 0.0543 (0.0231)  time: 0.0181  data: 0.0060  max mem: 16496
Passive Test:  [   700/?]  eta: ?  loss: 0.0500 (0.0235)  time: 0.0185  data: 0.0064  max mem: 16496
Passive Test:  [   710/?]  eta: ?  loss: 0.0593 (0.0241)  time: 0.0180  data: 0.0061  max mem: 16496
Passive Test:  [   720/?]  eta: ?  loss: 0.0623 (0.0246)  time: 0.0175  data: 0.0056  max mem: 16496
Passive Test:  [   730/?]  eta: ?  loss: 0.0576 (0.0250)  time: 0.0175  data: 0.0055  max mem: 16496
Passive Test:  [   740/?]  eta: ?  loss: 0.0307 (0.0251)  time: 0.0180  data: 0.0060  max mem: 16496
Passive Test:  [   750/?]  eta: ?  loss: 0.0163 (0.0250)  time: 0.0186  data: 0.0067  max mem: 16496
Passive Test:  [   760/?]  eta: ?  loss: 0.0148 (0.0249)  time: 0.0184  data: 0.0064  max mem: 16496
Passive Test:  [   770/?]  eta: ?  loss: 0.0157 (0.0249)  time: 0.0181  data: 0.0062  max mem: 16496
Passive Test:  [   780/?]  eta: ?  loss: 0.0172 (0.0249)  time: 0.0186  data: 0.0066  max mem: 16496
Passive Test:  [   790/?]  eta: ?  loss: 0.0172 (0.0249)  time: 0.0182  data: 0.0062  max mem: 16496
Passive Test:  [   800/?]  eta: ?  loss: 0.0169 (0.0250)  time: 0.0179  data: 0.0059  max mem: 16496
Passive Test:  [   810/?]  eta: ?  loss: 0.0172 (0.0249)  time: 0.0186  data: 0.0066  max mem: 16496
Passive Test:  [   820/?]  eta: ?  loss: 0.0175 (0.0248)  time: 0.0185  data: 0.0065  max mem: 16496
Passive Test:  [   830/?]  eta: ?  loss: 0.0209 (0.0248)  time: 0.0180  data: 0.0060  max mem: 16496
Passive Test:  [   840/?]  eta: ?  loss: 0.0180 (0.0247)  time: 0.0175  data: 0.0055  max mem: 16496
Passive Test:  [   850/?]  eta: ?  loss: 0.0133 (0.0246)  time: 0.0176  data: 0.0057  max mem: 16496
Passive Test:  [   860/?]  eta: ?  loss: 0.0137 (0.0245)  time: 0.0179  data: 0.0059  max mem: 16496
Passive Test:  [   870/?]  eta: ?  loss: 0.0161 (0.0244)  time: 0.0178  data: 0.0058  max mem: 16496
Passive Test:  [   880/?]  eta: ?  loss: 0.0128 (0.0242)  time: 0.0179  data: 0.0058  max mem: 16496
Passive Test:  [   890/?]  eta: ?  loss: 0.0127 (0.0241)  time: 0.0181  data: 0.0060  max mem: 16496
Passive Test:  [   900/?]  eta: ?  loss: 0.0127 (0.0240)  time: 0.0181  data: 0.0062  max mem: 16496
Passive Test:  [   910/?]  eta: ?  loss: 0.0122 (0.0239)  time: 0.0183  data: 0.0064  max mem: 16496
Passive Test:  [   920/?]  eta: ?  loss: 0.0107 (0.0237)  time: 0.0179  data: 0.0059  max mem: 16496
Passive Test:  [   930/?]  eta: ?  loss: 0.0110 (0.0236)  time: 0.0180  data: 0.0058  max mem: 16496
Passive Test:  [   940/?]  eta: ?  loss: 0.0118 (0.0235)  time: 0.0180  data: 0.0060  max mem: 16496
Passive Test:  [   950/?]  eta: ?  loss: 0.0133 (0.0236)  time: 0.0177  data: 0.0056  max mem: 16496
Passive Test:  [   960/?]  eta: ?  loss: 0.0340 (0.0237)  time: 0.0178  data: 0.0057  max mem: 16496
Passive Test:  [   970/?]  eta: ?  loss: 0.0273 (0.0237)  time: 0.0182  data: 0.0062  max mem: 16496
Passive Test:  [   980/?]  eta: ?  loss: 0.0217 (0.0237)  time: 0.0182  data: 0.0061  max mem: 16496
Passive Test:  [   990/?]  eta: ?  loss: 0.0194 (0.0237)  time: 0.0177  data: 0.0057  max mem: 16496
Passive Test:  [  1000/?]  eta: ?  loss: 0.0243 (0.0238)  time: 0.0181  data: 0.0060  max mem: 16496
Passive Test:  [  1010/?]  eta: ?  loss: 0.0234 (0.0239)  time: 0.0185  data: 0.0065  max mem: 16496
Passive Test:  [  1020/?]  eta: ?  loss: 0.0231 (0.0239)  time: 0.0186  data: 0.0066  max mem: 16496
Passive Test:  [  1030/?]  eta: ?  loss: 0.0208 (0.0240)  time: 0.0182  data: 0.0062  max mem: 16496
Passive Test:  [  1040/?]  eta: ?  loss: 0.0186 (0.0241)  time: 0.0176  data: 0.0056  max mem: 16496
Passive Test:  [  1050/?]  eta: ?  loss: 0.0168 (0.0240)  time: 0.0173  data: 0.0053  max mem: 16496
Passive Test:  [  1060/?]  eta: ?  loss: 0.0114 (0.0241)  time: 0.0177  data: 0.0057  max mem: 16496
Passive Test:  [  1070/?]  eta: ?  loss: 0.0135 (0.0240)  time: 0.0181  data: 0.0061  max mem: 16496
Passive Test:  [  1080/?]  eta: ?  loss: 0.0135 (0.0240)  time: 0.0180  data: 0.0061  max mem: 16496
Passive Test:  [  1090/?]  eta: ?  loss: 0.0130 (0.0240)  time: 0.0180  data: 0.0061  max mem: 16496
Passive Test:  [  1100/?]  eta: ?  loss: 0.0105 (0.0241)  time: 0.0184  data: 0.0065  max mem: 16496
Passive Test:  [  1110/?]  eta: ?  loss: 0.0130 (0.0242)  time: 0.0185  data: 0.0065  max mem: 16496
Passive Test:  [  1120/?]  eta: ?  loss: 0.0611 (0.0245)  time: 0.0181  data: 0.0062  max mem: 16496
Passive Test:  [  1130/?]  eta: ?  loss: 0.0611 (0.0247)  time: 0.0180  data: 0.0061  max mem: 16496
Passive Test:  [  1140/?]  eta: ?  loss: 0.0560 (0.0250)  time: 0.0179  data: 0.0060  max mem: 16496
Passive Test:  [  1150/?]  eta: ?  loss: 0.0420 (0.0250)  time: 0.0180  data: 0.0060  max mem: 16496
Passive Test:  [  1160/?]  eta: ?  loss: 0.0161 (0.0253)  time: 0.0178  data: 0.0059  max mem: 16496
Passive Test:  [  1170/?]  eta: ?  loss: 0.0274 (0.0254)  time: 0.0178  data: 0.0057  max mem: 16496
Passive Test:  [  1180/?]  eta: ?  loss: 0.0274 (0.0256)  time: 0.0173  data: 0.0052  max mem: 16496
Passive Test:  [  1190/?]  eta: ?  loss: 0.0247 (0.0258)  time: 0.0166  data: 0.0047  max mem: 16496
Passive Test:  [  1200/?]  eta: ?  loss: 0.0260 (0.0260)  time: 0.0180  data: 0.0060  max mem: 16496
Passive Test:  [  1210/?]  eta: ?  loss: 0.0268 (0.0259)  time: 0.0174  data: 0.0053  max mem: 16496
Passive Test:  [  1220/?]  eta: ?  loss: 0.0190 (0.0258)  time: 0.0173  data: 0.0053  max mem: 16496
Passive Test:  [  1230/?]  eta: ?  loss: 0.0180 (0.0258)  time: 0.0176  data: 0.0057  max mem: 16496
Passive Test:  [  1240/?]  eta: ?  loss: 0.0219 (0.0258)  time: 0.0177  data: 0.0058  max mem: 16496
Passive Test:  [  1250/?]  eta: ?  loss: 0.0229 (0.0257)  time: 0.0181  data: 0.0062  max mem: 16496
Passive Test:  [  1260/?]  eta: ?  loss: 0.0206 (0.0258)  time: 0.0179  data: 0.0060  max mem: 16496
Passive Test:  [  1270/?]  eta: ?  loss: 0.0206 (0.0258)  time: 0.0176  data: 0.0057  max mem: 16496
Passive Test:  [  1280/?]  eta: ?  loss: 0.0214 (0.0257)  time: 0.0175  data: 0.0055  max mem: 16496
Passive Test:  [  1290/?]  eta: ?  loss: 0.0212 (0.0257)  time: 0.0183  data: 0.0063  max mem: 16496
Passive Test:  [  1300/?]  eta: ?  loss: 0.0197 (0.0256)  time: 0.0184  data: 0.0064  max mem: 16496
Passive Test:  [  1310/?]  eta: ?  loss: 0.0231 (0.0256)  time: 0.0181  data: 0.0061  max mem: 16496
Passive Test:  [  1320/?]  eta: ?  loss: 0.0228 (0.0256)  time: 0.0181  data: 0.0060  max mem: 16496
Passive Test:  [  1330/?]  eta: ?  loss: 0.0200 (0.0256)  time: 0.0180  data: 0.0060  max mem: 16496
Passive Test:  [  1340/?]  eta: ?  loss: 0.0201 (0.0256)  time: 0.0174  data: 0.0055  max mem: 16496
Passive Test:  [  1350/?]  eta: ?  loss: 0.0196 (0.0256)  time: 0.0178  data: 0.0058  max mem: 16496
Passive Test:  [  1360/?]  eta: ?  loss: 0.0166 (0.0255)  time: 0.0183  data: 0.0063  max mem: 16496
Passive Test:  [  1370/?]  eta: ?  loss: 0.0176 (0.0254)  time: 0.0169  data: 0.0049  max mem: 16496
Passive Test:  [  1380/?]  eta: ?  loss: 0.0174 (0.0254)  time: 0.0175  data: 0.0056  max mem: 16496
Passive Test:  [  1390/?]  eta: ?  loss: 0.0122 (0.0253)  time: 0.0180  data: 0.0061  max mem: 16496
Passive Test:  [  1400/?]  eta: ?  loss: 0.0113 (0.0252)  time: 0.0181  data: 0.0062  max mem: 16496
Passive Test:  [  1410/?]  eta: ?  loss: 0.0113 (0.0252)  time: 0.0175  data: 0.0056  max mem: 16496
Passive Test:  [  1420/?]  eta: ?  loss: 0.0134 (0.0251)  time: 0.0174  data: 0.0054  max mem: 16496
Passive Test:  [  1430/?]  eta: ?  loss: 0.0178 (0.0251)  time: 0.0175  data: 0.0055  max mem: 16496
Passive Test:  [  1440/?]  eta: ?  loss: 0.0153 (0.0250)  time: 0.0178  data: 0.0058  max mem: 16496
Passive Test:  [  1450/?]  eta: ?  loss: 0.0112 (0.0249)  time: 0.0181  data: 0.0060  max mem: 16496
Passive Test:  [  1460/?]  eta: ?  loss: 0.0090 (0.0248)  time: 0.0183  data: 0.0063  max mem: 16496
Passive Test:  [  1470/?]  eta: ?  loss: 0.0091 (0.0248)  time: 0.0178  data: 0.0058  max mem: 16496
Passive Test:  [  1480/?]  eta: ?  loss: 0.0243 (0.0248)  time: 0.0179  data: 0.0058  max mem: 16496
Passive Test:  [  1490/?]  eta: ?  loss: 0.0233 (0.0249)  time: 0.0179  data: 0.0059  max mem: 16496
Passive Test:  [  1500/?]  eta: ?  loss: 0.0128 (0.0249)  time: 0.0179  data: 0.0060  max mem: 16496
Passive Test:  [  1510/?]  eta: ?  loss: 0.0093 (0.0250)  time: 0.0177  data: 0.0059  max mem: 16496
Passive Test:  [  1520/?]  eta: ?  loss: 0.0159 (0.0250)  time: 0.0176  data: 0.0056  max mem: 16496
Passive Test:  [  1530/?]  eta: ?  loss: 0.0159 (0.0251)  time: 0.0175  data: 0.0055  max mem: 16496
Passive Test:  [  1540/?]  eta: ?  loss: 0.0166 (0.0252)  time: 0.0172  data: 0.0053  max mem: 16496
Passive Test:  [  1550/?]  eta: ?  loss: 0.0169 (0.0252)  time: 0.0174  data: 0.0055  max mem: 16496
Passive Test:  [  1560/?]  eta: ?  loss: 0.0106 (0.0253)  time: 0.0176  data: 0.0057  max mem: 16496
Passive Test:  [  1570/?]  eta: ?  loss: 0.0114 (0.0254)  time: 0.0178  data: 0.0059  max mem: 16496
Passive Test:  [  1580/?]  eta: ?  loss: 0.0189 (0.0255)  time: 0.0175  data: 0.0057  max mem: 16496
Passive Test:  [  1590/?]  eta: ?  loss: 0.0189 (0.0256)  time: 0.0175  data: 0.0056  max mem: 16496
Passive Test:  [  1600/?]  eta: ?  loss: 0.0179 (0.0256)  time: 0.0168  data: 0.0049  max mem: 16496
Passive Test:  [  1610/?]  eta: ?  loss: 0.0179 (0.0255)  time: 0.0177  data: 0.0057  max mem: 16496
Passive Test:  [  1620/?]  eta: ?  loss: 0.0086 (0.0254)  time: 0.0173  data: 0.0053  max mem: 16496
Passive Test:  [  1630/?]  eta: ?  loss: 0.0086 (0.0254)  time: 0.0178  data: 0.0057  max mem: 16496
Passive Test:  [  1640/?]  eta: ?  loss: 0.0151 (0.0253)  time: 0.0183  data: 0.0062  max mem: 16496
Passive Test:  [  1650/?]  eta: ?  loss: 0.0124 (0.0252)  time: 0.0180  data: 0.0061  max mem: 16496
Passive Test:  [  1660/?]  eta: ?  loss: 0.0113 (0.0251)  time: 0.0174  data: 0.0056  max mem: 16496
Passive Test:  [  1670/?]  eta: ?  loss: 0.0108 (0.0251)  time: 0.0182  data: 0.0061  max mem: 16496
Passive Test:  [  1680/?]  eta: ?  loss: 0.0111 (0.0250)  time: 0.0182  data: 0.0061  max mem: 16496
Passive Test:  [  1690/?]  eta: ?  loss: 0.0107 (0.0249)  time: 0.0179  data: 0.0058  max mem: 16496
Passive Test:  [  1700/?]  eta: ?  loss: 0.0107 (0.0249)  time: 0.0176  data: 0.0055  max mem: 16496
Passive Test:  [  1710/?]  eta: ?  loss: 0.0178 (0.0249)  time: 0.0172  data: 0.0051  max mem: 16496
Passive Test:  [  1720/?]  eta: ?  loss: 0.0174 (0.0248)  time: 0.0180  data: 0.0059  max mem: 16496
Passive Test:  [  1730/?]  eta: ?  loss: 0.0174 (0.0249)  time: 0.0171  data: 0.0051  max mem: 16496
Passive Test:  [  1740/?]  eta: ?  loss: 0.0203 (0.0249)  time: 0.0177  data: 0.0057  max mem: 16496
Passive Test:  [  1750/?]  eta: ?  loss: 0.0184 (0.0248)  time: 0.0179  data: 0.0060  max mem: 16496
Passive Test:  [  1760/?]  eta: ?  loss: 0.0160 (0.0248)  time: 0.0186  data: 0.0067  max mem: 16496
Passive Test:  [  1770/?]  eta: ?  loss: 0.0122 (0.0247)  time: 0.0189  data: 0.0069  max mem: 16496
Passive Test:  [  1780/?]  eta: ?  loss: 0.0233 (0.0249)  time: 0.0193  data: 0.0073  max mem: 16496
Passive Test:  [  1790/?]  eta: ?  loss: 0.0252 (0.0249)  time: 0.0186  data: 0.0066  max mem: 16496
Passive Test:  [  1800/?]  eta: ?  loss: 0.0231 (0.0250)  time: 0.0180  data: 0.0060  max mem: 16496
Passive Test:  [  1810/?]  eta: ?  loss: 0.0320 (0.0251)  time: 0.0178  data: 0.0059  max mem: 16496
Passive Test:  [  1820/?]  eta: ?  loss: 0.0329 (0.0253)  time: 0.0180  data: 0.0060  max mem: 16496
Passive Test:  [  1830/?]  eta: ?  loss: 0.0268 (0.0254)  time: 0.0178  data: 0.0059  max mem: 16496
Passive Test:  [  1840/?]  eta: ?  loss: 0.0224 (0.0255)  time: 0.0178  data: 0.0058  max mem: 16496
Passive Test:  [  1850/?]  eta: ?  loss: 0.0215 (0.0254)  time: 0.0182  data: 0.0062  max mem: 16496
Passive Test:  [  1860/?]  eta: ?  loss: 0.0190 (0.0255)  time: 0.0185  data: 0.0065  max mem: 16496
Passive Test:  [  1870/?]  eta: ?  loss: 0.0180 (0.0255)  time: 0.0187  data: 0.0066  max mem: 16496
Passive Test:  [  1880/?]  eta: ?  loss: 0.0156 (0.0255)  time: 0.0192  data: 0.0072  max mem: 16496
Passive Test:  [  1890/?]  eta: ?  loss: 0.0144 (0.0254)  time: 0.0194  data: 0.0075  max mem: 16496
Passive Test:  [  1900/?]  eta: ?  loss: 0.0207 (0.0254)  time: 0.0191  data: 0.0072  max mem: 16496
Passive Test:  [  1910/?]  eta: ?  loss: 0.0309 (0.0255)  time: 0.0190  data: 0.0071  max mem: 16496
Passive Test:  [  1920/?]  eta: ?  loss: 0.0147 (0.0255)  time: 0.0186  data: 0.0067  max mem: 16496
Passive Test:  [  1930/?]  eta: ?  loss: 0.0116 (0.0255)  time: 0.0187  data: 0.0067  max mem: 16496
Passive Test:  [  1940/?]  eta: ?  loss: 0.0133 (0.0254)  time: 0.0192  data: 0.0072  max mem: 16496
Passive Test:  [  1950/?]  eta: ?  loss: 0.0138 (0.0253)  time: 0.0186  data: 0.0066  max mem: 16496
Passive Test:  [  1960/?]  eta: ?  loss: 0.0113 (0.0253)  time: 0.0180  data: 0.0060  max mem: 16496
Passive Test:  [  1970/?]  eta: ?  loss: 0.0087 (0.0252)  time: 0.0181  data: 0.0062  max mem: 16496
Passive Test:  [  1980/?]  eta: ?  loss: 0.0085 (0.0252)  time: 0.0183  data: 0.0064  max mem: 16496
Passive Test:  [  1990/?]  eta: ?  loss: 0.0156 (0.0252)  time: 0.0184  data: 0.0065  max mem: 16496
Passive Test:  [  2000/?]  eta: ?  loss: 0.0262 (0.0252)  time: 0.0185  data: 0.0066  max mem: 16496
Passive Test:  [  2010/?]  eta: ?  loss: 0.0307 (0.0253)  time: 0.0188  data: 0.0068  max mem: 16496
Passive Test:  [  2020/?]  eta: ?  loss: 0.0299 (0.0253)  time: 0.0189  data: 0.0070  max mem: 16496
Passive Test:  [  2030/?]  eta: ?  loss: 0.0299 (0.0254)  time: 0.0191  data: 0.0071  max mem: 16496
Passive Test:  [  2040/?]  eta: ?  loss: 0.0280 (0.0255)  time: 0.0188  data: 0.0068  max mem: 16496
Passive Test:  [  2050/?]  eta: ?  loss: 0.0244 (0.0255)  time: 0.0186  data: 0.0067  max mem: 16496
Passive Test:  [  2060/?]  eta: ?  loss: 0.0197 (0.0255)  time: 0.0185  data: 0.0066  max mem: 16496
Passive Test:  [  2070/?]  eta: ?  loss: 0.0192 (0.0255)  time: 0.0189  data: 0.0069  max mem: 16496
Passive Test:  [  2080/?]  eta: ?  loss: 0.0132 (0.0255)  time: 0.0181  data: 0.0060  max mem: 16496
Passive Test:  [  2090/?]  eta: ?  loss: 0.0187 (0.0254)  time: 0.0177  data: 0.0057  max mem: 16496
Passive Test:  [  2100/?]  eta: ?  loss: 0.0340 (0.0255)  time: 0.0191  data: 0.0070  max mem: 16496
Passive Test:  [  2110/?]  eta: ?  loss: 0.0490 (0.0258)  time: 0.0194  data: 0.0072  max mem: 16496
Passive Test:  [  2120/?]  eta: ?  loss: 0.0538 (0.0261)  time: 0.0189  data: 0.0069  max mem: 16496
Passive Test:  [  2130/?]  eta: ?  loss: 0.0538 (0.0263)  time: 0.0185  data: 0.0064  max mem: 16496
Passive Test:  [  2140/?]  eta: ?  loss: 0.0261 (0.0264)  time: 0.0190  data: 0.0069  max mem: 16496
Passive Test:  [  2150/?]  eta: ?  loss: 0.0233 (0.0266)  time: 0.0190  data: 0.0071  max mem: 16496
Passive Test:  [  2160/?]  eta: ?  loss: 0.0365 (0.0267)  time: 0.0188  data: 0.0069  max mem: 16496
Passive Test:  [  2170/?]  eta: ?  loss: 0.0297 (0.0267)  time: 0.0184  data: 0.0065  max mem: 16496
Passive Test:  [  2180/?]  eta: ?  loss: 0.0198 (0.0267)  time: 0.0180  data: 0.0061  max mem: 16496
Passive Test:  [  2190/?]  eta: ?  loss: 0.0209 (0.0268)  time: 0.0180  data: 0.0061  max mem: 16496
Passive Test:  [  2200/?]  eta: ?  loss: 0.0262 (0.0268)  time: 0.0175  data: 0.0056  max mem: 16496
Passive Test:  [  2210/?]  eta: ?  loss: 0.0262 (0.0269)  time: 0.0178  data: 0.0058  max mem: 16496
Passive Test:  [  2220/?]  eta: ?  loss: 0.0149 (0.0268)  time: 0.0183  data: 0.0063  max mem: 16496
Passive Test:  [  2230/?]  eta: ?  loss: 0.0124 (0.0268)  time: 0.0184  data: 0.0065  max mem: 16496
Passive Test:  [  2240/?]  eta: ?  loss: 0.0111 (0.0267)  time: 0.0187  data: 0.0068  max mem: 16496
Passive Test:  [  2250/?]  eta: ?  loss: 0.0124 (0.0267)  time: 0.0184  data: 0.0065  max mem: 16496
Passive Test:  [  2260/?]  eta: ?  loss: 0.0156 (0.0267)  time: 0.0182  data: 0.0062  max mem: 16496
Passive Test:  [  2270/?]  eta: ?  loss: 0.0190 (0.0267)  time: 0.0185  data: 0.0066  max mem: 16496
Passive Test:  [  2280/?]  eta: ?  loss: 0.0243 (0.0267)  time: 0.0186  data: 0.0066  max mem: 16496
Passive Test:  [  2290/?]  eta: ?  loss: 0.0229 (0.0268)  time: 0.0180  data: 0.0061  max mem: 16496
Passive Test:  [  2300/?]  eta: ?  loss: 0.0352 (0.0268)  time: 0.0182  data: 0.0062  max mem: 16496
Passive Test:  [  2310/?]  eta: ?  loss: 0.0374 (0.0269)  time: 0.0187  data: 0.0067  max mem: 16496
Passive Test:  [  2320/?]  eta: ?  loss: 0.0141 (0.0269)  time: 0.0186  data: 0.0067  max mem: 16496
Passive Test:  [  2330/?]  eta: ?  loss: 0.0120 (0.0269)  time: 0.0187  data: 0.0067  max mem: 16496
Passive Test:  [  2340/?]  eta: ?  loss: 0.0058 (0.0269)  time: 0.0183  data: 0.0064  max mem: 16496
Passive Test:  [  2350/?]  eta: ?  loss: 0.0067 (0.0268)  time: 0.0186  data: 0.0067  max mem: 16496
Passive Test:  [  2360/?]  eta: ?  loss: 0.0122 (0.0268)  time: 0.0198  data: 0.0078  max mem: 16496
Passive Test:  [  2370/?]  eta: ?  loss: 0.0159 (0.0268)  time: 0.0195  data: 0.0075  max mem: 16496
Passive Test:  [  2380/?]  eta: ?  loss: 0.0159 (0.0267)  time: 0.0187  data: 0.0066  max mem: 16496
Passive Test:  [  2390/?]  eta: ?  loss: 0.0142 (0.0267)  time: 0.0188  data: 0.0067  max mem: 16496
Passive Test:  [  2400/?]  eta: ?  loss: 0.0129 (0.0266)  time: 0.0187  data: 0.0066  max mem: 16496
Passive Test:  [  2410/?]  eta: ?  loss: 0.0136 (0.0266)  time: 0.0181  data: 0.0061  max mem: 16496
Passive Test:  [  2420/?]  eta: ?  loss: 0.0214 (0.0266)  time: 0.0188  data: 0.0068  max mem: 16496
Passive Test:  [  2430/?]  eta: ?  loss: 0.0283 (0.0267)  time: 0.0191  data: 0.0071  max mem: 16496
Passive Test:  [  2440/?]  eta: ?  loss: 0.0354 (0.0267)  time: 0.0180  data: 0.0059  max mem: 16496
Passive Test:  [  2450/?]  eta: ?  loss: 0.0414 (0.0268)  time: 0.0180  data: 0.0060  max mem: 16496
Passive Test:  [  2460/?]  eta: ?  loss: 0.0357 (0.0269)  time: 0.0188  data: 0.0067  max mem: 16496
Passive Test:  [  2470/?]  eta: ?  loss: 0.0333 (0.0269)  time: 0.0188  data: 0.0067  max mem: 16496
Passive Test:  [  2480/?]  eta: ?  loss: 0.0300 (0.0269)  time: 0.0182  data: 0.0062  max mem: 16496
Passive Test:  [  2490/?]  eta: ?  loss: 0.0297 (0.0269)  time: 0.0181  data: 0.0062  max mem: 16496
Passive Test:  [  2500/?]  eta: ?  loss: 0.0215 (0.0269)  time: 0.0179  data: 0.0060  max mem: 16496
Passive Test:  [  2510/?]  eta: ?  loss: 0.0168 (0.0269)  time: 0.0176  data: 0.0057  max mem: 16496
Passive Test:  [  2520/?]  eta: ?  loss: 0.0138 (0.0269)  time: 0.0178  data: 0.0058  max mem: 16496
Passive Test:  [  2530/?]  eta: ?  loss: 0.0128 (0.0269)  time: 0.0176  data: 0.0055  max mem: 16496
Passive Test:  [  2540/?]  eta: ?  loss: 0.0158 (0.0269)  time: 0.0182  data: 0.0061  max mem: 16496
Passive Test:  [  2550/?]  eta: ?  loss: 0.0167 (0.0270)  time: 0.0185  data: 0.0064  max mem: 16496
Passive Test:  [  2560/?]  eta: ?  loss: 0.0148 (0.0270)  time: 0.0181  data: 0.0061  max mem: 16496
Passive Test:  [  2570/?]  eta: ?  loss: 0.0174 (0.0270)  time: 0.0186  data: 0.0066  max mem: 16496
Passive Test:  [  2580/?]  eta: ?  loss: 0.0174 (0.0270)  time: 0.0179  data: 0.0059  max mem: 16496
Passive Test:  [  2590/?]  eta: ?  loss: 0.0250 (0.0270)  time: 0.0180  data: 0.0060  max mem: 16496
Passive Test:  [  2600/?]  eta: ?  loss: 0.0251 (0.0270)  time: 0.0186  data: 0.0067  max mem: 16496
Passive Test:  [  2610/?]  eta: ?  loss: 0.0092 (0.0270)  time: 0.0180  data: 0.0061  max mem: 16496
Passive Test:  [  2620/?]  eta: ?  loss: 0.0100 (0.0269)  time: 0.0179  data: 0.0060  max mem: 16496
Passive Test:  [  2630/?]  eta: ?  loss: 0.0099 (0.0269)  time: 0.0184  data: 0.0064  max mem: 16496
Passive Test:  [  2640/?]  eta: ?  loss: 0.0063 (0.0269)  time: 0.0183  data: 0.0063  max mem: 16496
Passive Test:  [  2650/?]  eta: ?  loss: 0.0229 (0.0269)  time: 0.0179  data: 0.0060  max mem: 16496
Passive Test:  [  2660/?]  eta: ?  loss: 0.0216 (0.0269)  time: 0.0178  data: 0.0059  max mem: 16496
Passive Test:  [  2670/?]  eta: ?  loss: 0.0216 (0.0270)  time: 0.0182  data: 0.0060  max mem: 16496
Passive Test:  [  2680/?]  eta: ?  loss: 0.0314 (0.0270)  time: 0.0186  data: 0.0065  max mem: 16496
Passive Test:  [  2690/?]  eta: ?  loss: 0.0582 (0.0271)  time: 0.0182  data: 0.0063  max mem: 16496
Passive Test:  [  2700/?]  eta: ?  loss: 0.0700 (0.0273)  time: 0.0179  data: 0.0059  max mem: 16496
Passive Test:  [  2710/?]  eta: ?  loss: 0.0579 (0.0273)  time: 0.0177  data: 0.0056  max mem: 16496
Passive Test:  [  2720/?]  eta: ?  loss: 0.0420 (0.0274)  time: 0.0180  data: 0.0060  max mem: 16496
Passive Test:  [  2730/?]  eta: ?  loss: 0.0323 (0.0274)  time: 0.0182  data: 0.0062  max mem: 16496
Passive Test:  [  2740/?]  eta: ?  loss: 0.0154 (0.0274)  time: 0.0182  data: 0.0063  max mem: 16496
Passive Test:  [  2750/?]  eta: ?  loss: 0.0203 (0.0274)  time: 0.0183  data: 0.0064  max mem: 16496
Passive Test:  [  2760/?]  eta: ?  loss: 0.0203 (0.0274)  time: 0.0182  data: 0.0062  max mem: 16496
Passive Test:  [  2770/?]  eta: ?  loss: 0.0183 (0.0274)  time: 0.0180  data: 0.0060  max mem: 16496
Passive Test:  [  2780/?]  eta: ?  loss: 0.0176 (0.0274)  time: 0.0181  data: 0.0062  max mem: 16496
Passive Test:  [  2790/?]  eta: ?  loss: 0.0166 (0.0274)  time: 0.0184  data: 0.0064  max mem: 16496
Passive Test:  [  2800/?]  eta: ?  loss: 0.0257 (0.0274)  time: 0.0184  data: 0.0065  max mem: 16496
Passive Test:  [  2810/?]  eta: ?  loss: 0.0257 (0.0274)  time: 0.0183  data: 0.0064  max mem: 16496
Passive Test:  [  2820/?]  eta: ?  loss: 0.0250 (0.0276)  time: 0.0189  data: 0.0069  max mem: 16496
Passive Test:  [  2830/?]  eta: ?  loss: 0.0250 (0.0278)  time: 0.0190  data: 0.0071  max mem: 16496
Passive Test:  [  2840/?]  eta: ?  loss: 0.0164 (0.0279)  time: 0.0193  data: 0.0073  max mem: 16496
Passive Test:  [  2850/?]  eta: ?  loss: 0.0106 (0.0280)  time: 0.0197  data: 0.0076  max mem: 16496
Passive Test:  [  2860/?]  eta: ?  loss: 0.0102 (0.0281)  time: 0.0190  data: 0.0069  max mem: 16496
Passive Test:  [  2870/?]  eta: ?  loss: 0.0114 (0.0282)  time: 0.0185  data: 0.0065  max mem: 16496
Passive Test:  [  2880/?]  eta: ?  loss: 0.0107 (0.0282)  time: 0.0178  data: 0.0059  max mem: 16496
Passive Test:  [  2890/?]  eta: ?  loss: 0.0093 (0.0281)  time: 0.0178  data: 0.0059  max mem: 16496
Passive Test:  [  2900/?]  eta: ?  loss: 0.0094 (0.0281)  time: 0.0179  data: 0.0060  max mem: 16496
Passive Test:  [  2910/?]  eta: ?  loss: 0.0145 (0.0280)  time: 0.0182  data: 0.0063  max mem: 16496
Passive Test:  [  2920/?]  eta: ?  loss: 0.0127 (0.0280)  time: 0.0186  data: 0.0067  max mem: 16496
Passive Test:  [  2930/?]  eta: ?  loss: 0.0127 (0.0280)  time: 0.0189  data: 0.0070  max mem: 16496
Passive Test:  [  2940/?]  eta: ?  loss: 0.0242 (0.0280)  time: 0.0190  data: 0.0071  max mem: 16496
Passive Test:  [  2950/?]  eta: ?  loss: 0.0152 (0.0279)  time: 0.0190  data: 0.0070  max mem: 16496
Passive Test:  [  2960/?]  eta: ?  loss: 0.0161 (0.0279)  time: 0.0191  data: 0.0071  max mem: 16496
Passive Test:  [  2970/?]  eta: ?  loss: 0.0171 (0.0279)  time: 0.0188  data: 0.0067  max mem: 16496
Passive Test:  [  2980/?]  eta: ?  loss: 0.0200 (0.0279)  time: 0.0183  data: 0.0062  max mem: 16496
Passive Test:  [  2990/?]  eta: ?  loss: 0.0163 (0.0278)  time: 0.0183  data: 0.0063  max mem: 16496
Passive Test:  [  3000/?]  eta: ?  loss: 0.0109 (0.0278)  time: 0.0192  data: 0.0072  max mem: 16496
Passive Test:  [  3010/?]  eta: ?  loss: 0.0074 (0.0277)  time: 0.0194  data: 0.0073  max mem: 16496
Passive Test:  [  3020/?]  eta: ?  loss: 0.0092 (0.0277)  time: 0.0185  data: 0.0065  max mem: 16496
Passive Test:  [  3030/?]  eta: ?  loss: 0.0089 (0.0276)  time: 0.0185  data: 0.0065  max mem: 16496
Passive Test:  [  3040/?]  eta: ?  loss: 0.0087 (0.0275)  time: 0.0181  data: 0.0061  max mem: 16496
Passive Test:  [  3050/?]  eta: ?  loss: 0.0136 (0.0275)  time: 0.0175  data: 0.0056  max mem: 16496
Passive Test:  [  3060/?]  eta: ?  loss: 0.0179 (0.0275)  time: 0.0183  data: 0.0064  max mem: 16496
Passive Test:  [  3070/?]  eta: ?  loss: 0.0175 (0.0275)  time: 0.0187  data: 0.0067  max mem: 16496
Passive Test:  [  3080/?]  eta: ?  loss: 0.0139 (0.0275)  time: 0.0182  data: 0.0062  max mem: 16496
Passive Test:  [  3090/?]  eta: ?  loss: 0.0106 (0.0274)  time: 0.0180  data: 0.0060  max mem: 16496
Passive Test:  [  3100/?]  eta: ?  loss: 0.0091 (0.0274)  time: 0.0184  data: 0.0064  max mem: 16496
Passive Test:  [  3110/?]  eta: ?  loss: 0.0070 (0.0273)  time: 0.0195  data: 0.0075  max mem: 16496
Passive Test:  [  3120/?]  eta: ?  loss: 0.0071 (0.0273)  time: 0.0207  data: 0.0086  max mem: 16496
Passive Test:  [  3130/?]  eta: ?  loss: 0.0100 (0.0272)  time: 0.0209  data: 0.0087  max mem: 16496
Passive Test:  [  3140/?]  eta: ?  loss: 0.0100 (0.0272)  time: 0.0211  data: 0.0090  max mem: 16496
Passive Test:  [  3150/?]  eta: ?  loss: 0.0129 (0.0272)  time: 0.0213  data: 0.0090  max mem: 16496
Passive Test:  [  3160/?]  eta: ?  loss: 0.0281 (0.0272)  time: 0.0216  data: 0.0092  max mem: 16496
Passive Test:  [  3170/?]  eta: ?  loss: 0.0183 (0.0272)  time: 0.0214  data: 0.0089  max mem: 16496
Passive Test:  [  3180/?]  eta: ?  loss: 0.0096 (0.0271)  time: 0.0205  data: 0.0080  max mem: 16496
Passive Test: Total time: 0:00:59 (0.0187 s / it)
* loss 0.027
  ACTIVE Test MAE (years): 2.0371 (n=35,284)
  PASSIVE Test MAE (years): 2.0957 (n=204,188)
  → Epoch  50/50 | Train Loss: 0.0007 | Val Loss: 0.0270 | Train score (1/(1+norm_MAE)): 0.9853 | Val MAE (years): 2.0865 | LR: 0.000000
Best val MAE (years): 1.9149, test MAE at best val: 1.8538
  Test segment MAE: 2.0511 | participant median MAE: 1.8183 | participant mean MAE: 1.8012
Training time 1 day, 1:56:49

Loading best model from /home/mojtabam/projects/aip-aghodsib/mojtabam/EEG/final_logs/LaBraM/LABRAM_base_age_regression_2s/output/checkpoint-best.pth for final evaluation...

================================================================================
Final evaluation by task type (active/passive)
================================================================================

============================================================
Counting samples by task type...
============================================================

============================================================
Evaluating on active tasks (35,284 samples)...
============================================================
Active Test:  [     0/?]  eta: ?  loss: 0.0100 (0.0100)  time: 2.6805  data: 2.6641  max mem: 16496
Active Test:  [    10/?]  eta: ?  loss: 0.0415 (0.0685)  time: 0.2699  data: 0.2571  max mem: 16496
Active Test:  [    20/?]  eta: ?  loss: 0.0211 (0.0482)  time: 0.0243  data: 0.0120  max mem: 16496
Active Test:  [    30/?]  eta: ?  loss: 0.0198 (0.0441)  time: 0.0231  data: 0.0107  max mem: 16496
Active Test:  [    40/?]  eta: ?  loss: 0.0266 (0.0412)  time: 0.0256  data: 0.0131  max mem: 16496
Active Test:  [    50/?]  eta: ?  loss: 0.0211 (0.0371)  time: 0.0261  data: 0.0130  max mem: 16496
Active Test:  [    60/?]  eta: ?  loss: 0.0109 (0.0331)  time: 0.0251  data: 0.0112  max mem: 16496
Active Test:  [    70/?]  eta: ?  loss: 0.0098 (0.0300)  time: 0.0211  data: 0.0077  max mem: 16496
Active Test:  [    80/?]  eta: ?  loss: 0.0076 (0.0273)  time: 0.0200  data: 0.0075  max mem: 16496
Active Test:  [    90/?]  eta: ?  loss: 0.0076 (0.0256)  time: 0.0199  data: 0.0075  max mem: 16496
Active Test:  [   100/?]  eta: ?  loss: 0.0116 (0.0244)  time: 0.0201  data: 0.0077  max mem: 16496
Active Test:  [   110/?]  eta: ?  loss: 0.0117 (0.0236)  time: 0.0196  data: 0.0073  max mem: 16496
Active Test:  [   120/?]  eta: ?  loss: 0.0167 (0.0231)  time: 0.0186  data: 0.0064  max mem: 16496
Active Test:  [   130/?]  eta: ?  loss: 0.0167 (0.0227)  time: 0.0199  data: 0.0077  max mem: 16496
Active Test:  [   140/?]  eta: ?  loss: 0.0177 (0.0233)  time: 0.0198  data: 0.0078  max mem: 16496
Active Test:  [   150/?]  eta: ?  loss: 0.0260 (0.0234)  time: 0.0199  data: 0.0078  max mem: 16496
Active Test:  [   160/?]  eta: ?  loss: 0.0201 (0.0243)  time: 0.0193  data: 0.0072  max mem: 16496
Active Test:  [   170/?]  eta: ?  loss: 0.0194 (0.0242)  time: 0.0195  data: 0.0075  max mem: 16496
Active Test:  [   180/?]  eta: ?  loss: 0.0150 (0.0235)  time: 0.0194  data: 0.0074  max mem: 16496
Active Test:  [   190/?]  eta: ?  loss: 0.0143 (0.0232)  time: 0.0192  data: 0.0071  max mem: 16496
Active Test:  [   200/?]  eta: ?  loss: 0.0167 (0.0231)  time: 0.0193  data: 0.0072  max mem: 16496
Active Test:  [   210/?]  eta: ?  loss: 0.0167 (0.0229)  time: 0.0196  data: 0.0073  max mem: 16496
Active Test:  [   220/?]  eta: ?  loss: 0.0155 (0.0226)  time: 0.0199  data: 0.0076  max mem: 16496
Active Test:  [   230/?]  eta: ?  loss: 0.0150 (0.0223)  time: 0.0200  data: 0.0080  max mem: 16496
Active Test:  [   240/?]  eta: ?  loss: 0.0136 (0.0226)  time: 0.0206  data: 0.0085  max mem: 16496
Active Test:  [   250/?]  eta: ?  loss: 0.0186 (0.0228)  time: 0.0209  data: 0.0087  max mem: 16496
Active Test:  [   260/?]  eta: ?  loss: 0.0118 (0.0227)  time: 0.0211  data: 0.0088  max mem: 16496
Active Test:  [   270/?]  eta: ?  loss: 0.0133 (0.0228)  time: 0.0203  data: 0.0081  max mem: 16496
Active Test:  [   280/?]  eta: ?  loss: 0.0154 (0.0227)  time: 0.0207  data: 0.0083  max mem: 16496
Active Test:  [   290/?]  eta: ?  loss: 0.0106 (0.0224)  time: 0.0216  data: 0.0089  max mem: 16496
Active Test:  [   300/?]  eta: ?  loss: 0.0117 (0.0223)  time: 0.0201  data: 0.0073  max mem: 16496
Active Test:  [   310/?]  eta: ?  loss: 0.0126 (0.0221)  time: 0.0182  data: 0.0058  max mem: 16496
Active Test:  [   320/?]  eta: ?  loss: 0.0120 (0.0220)  time: 0.0187  data: 0.0066  max mem: 16496
Active Test:  [   330/?]  eta: ?  loss: 0.0177 (0.0219)  time: 0.0187  data: 0.0068  max mem: 16496
Active Test:  [   340/?]  eta: ?  loss: 0.0164 (0.0217)  time: 0.0193  data: 0.0074  max mem: 16496
Active Test:  [   350/?]  eta: ?  loss: 0.0150 (0.0217)  time: 0.0192  data: 0.0073  max mem: 16496
Active Test:  [   360/?]  eta: ?  loss: 0.0129 (0.0215)  time: 0.0194  data: 0.0073  max mem: 16496
Active Test:  [   370/?]  eta: ?  loss: 0.0112 (0.0213)  time: 0.0206  data: 0.0082  max mem: 16496
Active Test:  [   380/?]  eta: ?  loss: 0.0084 (0.0209)  time: 0.0214  data: 0.0089  max mem: 16496
Active Test:  [   390/?]  eta: ?  loss: 0.0085 (0.0208)  time: 0.0225  data: 0.0100  max mem: 16496
Active Test:  [   400/?]  eta: ?  loss: 0.0101 (0.0208)  time: 0.0207  data: 0.0081  max mem: 16496
Active Test:  [   410/?]  eta: ?  loss: 0.0115 (0.0207)  time: 0.0193  data: 0.0071  max mem: 16496
Active Test:  [   420/?]  eta: ?  loss: 0.0134 (0.0206)  time: 0.0202  data: 0.0081  max mem: 16496
Active Test:  [   430/?]  eta: ?  loss: 0.0133 (0.0205)  time: 0.0201  data: 0.0078  max mem: 16496
Active Test:  [   440/?]  eta: ?  loss: 0.0135 (0.0204)  time: 0.0209  data: 0.0082  max mem: 16496
Active Test:  [   450/?]  eta: ?  loss: 0.0135 (0.0203)  time: 0.0209  data: 0.0083  max mem: 16496
Active Test:  [   460/?]  eta: ?  loss: 0.0108 (0.0203)  time: 0.0235  data: 0.0100  max mem: 16496
Active Test:  [   470/?]  eta: ?  loss: 0.0076 (0.0215)  time: 0.0233  data: 0.0093  max mem: 16496
Active Test:  [   480/?]  eta: ?  loss: 0.0222 (0.0221)  time: 0.0212  data: 0.0080  max mem: 16496
Active Test:  [   490/?]  eta: ?  loss: 0.0103 (0.0221)  time: 0.0212  data: 0.0081  max mem: 16496
Active Test:  [   500/?]  eta: ?  loss: 0.0091 (0.0220)  time: 0.0213  data: 0.0080  max mem: 16496
Active Test:  [   510/?]  eta: ?  loss: 0.0166 (0.0219)  time: 0.0217  data: 0.0083  max mem: 16496
Active Test:  [   520/?]  eta: ?  loss: 0.0082 (0.0218)  time: 0.0240  data: 0.0108  max mem: 16496
Active Test:  [   530/?]  eta: ?  loss: 0.0093 (0.0217)  time: 0.0243  data: 0.0109  max mem: 16496
Active Test:  [   540/?]  eta: ?  loss: 0.0107 (0.0216)  time: 0.0221  data: 0.0087  max mem: 16496
Active Test: Total time: 0:00:14 (0.0262 s / it)
* loss 0.021

============================================================
Evaluating on passive tasks (204,188 samples)...
============================================================
Passive Test:  [     0/?]  eta: ?  loss: 0.0130 (0.0130)  time: 1.0474  data: 1.0192  max mem: 16496
Passive Test:  [    10/?]  eta: ?  loss: 0.0130 (0.0132)  time: 0.1127  data: 0.0971  max mem: 16496
Passive Test:  [    20/?]  eta: ?  loss: 0.0113 (0.0142)  time: 0.0195  data: 0.0060  max mem: 16496
Passive Test:  [    30/?]  eta: ?  loss: 0.0130 (0.0171)  time: 0.0181  data: 0.0057  max mem: 16496
Passive Test:  [    40/?]  eta: ?  loss: 0.0225 (0.0207)  time: 0.0174  data: 0.0051  max mem: 16496
Passive Test:  [    50/?]  eta: ?  loss: 0.0282 (0.0238)  time: 0.0178  data: 0.0056  max mem: 16496
Passive Test:  [    60/?]  eta: ?  loss: 0.0260 (0.0269)  time: 0.0179  data: 0.0059  max mem: 16496
Passive Test:  [    70/?]  eta: ?  loss: 0.0206 (0.0276)  time: 0.0170  data: 0.0049  max mem: 16496
Passive Test:  [    80/?]  eta: ?  loss: 0.0107 (0.0292)  time: 0.0169  data: 0.0048  max mem: 16496
Passive Test:  [    90/?]  eta: ?  loss: 0.0106 (0.0283)  time: 0.0175  data: 0.0055  max mem: 16496
Passive Test:  [   100/?]  eta: ?  loss: 0.0213 (0.0274)  time: 0.0174  data: 0.0054  max mem: 16496
Passive Test:  [   110/?]  eta: ?  loss: 0.0171 (0.0266)  time: 0.0171  data: 0.0051  max mem: 16496
Passive Test:  [   120/?]  eta: ?  loss: 0.0171 (0.0265)  time: 0.0177  data: 0.0057  max mem: 16496
Passive Test:  [   130/?]  eta: ?  loss: 0.0177 (0.0260)  time: 0.0178  data: 0.0058  max mem: 16496
Passive Test:  [   140/?]  eta: ?  loss: 0.0218 (0.0259)  time: 0.0178  data: 0.0058  max mem: 16496
Passive Test:  [   150/?]  eta: ?  loss: 0.0175 (0.0250)  time: 0.0180  data: 0.0059  max mem: 16496
Passive Test:  [   160/?]  eta: ?  loss: 0.0140 (0.0245)  time: 0.0178  data: 0.0057  max mem: 16496
Passive Test:  [   170/?]  eta: ?  loss: 0.0123 (0.0237)  time: 0.0176  data: 0.0056  max mem: 16496
Passive Test:  [   180/?]  eta: ?  loss: 0.0105 (0.0230)  time: 0.0179  data: 0.0057  max mem: 16496
Passive Test:  [   190/?]  eta: ?  loss: 0.0116 (0.0226)  time: 0.0183  data: 0.0061  max mem: 16496
Passive Test:  [   200/?]  eta: ?  loss: 0.0132 (0.0222)  time: 0.0176  data: 0.0054  max mem: 16496
Passive Test:  [   210/?]  eta: ?  loss: 0.0123 (0.0220)  time: 0.0174  data: 0.0052  max mem: 16496
Passive Test:  [   220/?]  eta: ?  loss: 0.0089 (0.0215)  time: 0.0174  data: 0.0052  max mem: 16496
Passive Test:  [   230/?]  eta: ?  loss: 0.0118 (0.0211)  time: 0.0179  data: 0.0057  max mem: 16496
Passive Test:  [   240/?]  eta: ?  loss: 0.0124 (0.0208)  time: 0.0231  data: 0.0103  max mem: 16496
Passive Test:  [   250/?]  eta: ?  loss: 0.0125 (0.0204)  time: 0.0244  data: 0.0111  max mem: 16496
Passive Test:  [   260/?]  eta: ?  loss: 0.0091 (0.0202)  time: 0.0184  data: 0.0057  max mem: 16496
Passive Test:  [   270/?]  eta: ?  loss: 0.0088 (0.0201)  time: 0.0173  data: 0.0050  max mem: 16496
Passive Test:  [   280/?]  eta: ?  loss: 0.0082 (0.0197)  time: 0.0175  data: 0.0053  max mem: 16496
Passive Test:  [   290/?]  eta: ?  loss: 0.0087 (0.0193)  time: 0.0180  data: 0.0058  max mem: 16496
Passive Test:  [   300/?]  eta: ?  loss: 0.0095 (0.0191)  time: 0.0181  data: 0.0059  max mem: 16496
Passive Test:  [   310/?]  eta: ?  loss: 0.0086 (0.0188)  time: 0.0176  data: 0.0054  max mem: 16496
Passive Test:  [   320/?]  eta: ?  loss: 0.0086 (0.0186)  time: 0.0164  data: 0.0042  max mem: 16496
Passive Test:  [   330/?]  eta: ?  loss: 0.0085 (0.0183)  time: 0.0167  data: 0.0045  max mem: 16496
Passive Test:  [   340/?]  eta: ?  loss: 0.0084 (0.0182)  time: 0.0185  data: 0.0063  max mem: 16496
Passive Test:  [   350/?]  eta: ?  loss: 0.0103 (0.0179)  time: 0.0173  data: 0.0052  max mem: 16496
Passive Test:  [   360/?]  eta: ?  loss: 0.0092 (0.0177)  time: 0.0169  data: 0.0047  max mem: 16496
Passive Test:  [   370/?]  eta: ?  loss: 0.0080 (0.0174)  time: 0.0178  data: 0.0055  max mem: 16496
Passive Test:  [   380/?]  eta: ?  loss: 0.0085 (0.0173)  time: 0.0169  data: 0.0046  max mem: 16496
Passive Test:  [   390/?]  eta: ?  loss: 0.0084 (0.0170)  time: 0.0174  data: 0.0051  max mem: 16496
Passive Test:  [   400/?]  eta: ?  loss: 0.0094 (0.0169)  time: 0.0170  data: 0.0047  max mem: 16496
Passive Test:  [   410/?]  eta: ?  loss: 0.0114 (0.0168)  time: 0.0167  data: 0.0043  max mem: 16496
Passive Test:  [   420/?]  eta: ?  loss: 0.0131 (0.0167)  time: 0.0183  data: 0.0060  max mem: 16496
Passive Test:  [   430/?]  eta: ?  loss: 0.0136 (0.0167)  time: 0.0176  data: 0.0053  max mem: 16496
Passive Test:  [   440/?]  eta: ?  loss: 0.0115 (0.0167)  time: 0.0168  data: 0.0045  max mem: 16496
Passive Test:  [   450/?]  eta: ?  loss: 0.0093 (0.0167)  time: 0.0178  data: 0.0056  max mem: 16496
Passive Test:  [   460/?]  eta: ?  loss: 0.0155 (0.0169)  time: 0.0179  data: 0.0057  max mem: 16496
Passive Test:  [   470/?]  eta: ?  loss: 0.0236 (0.0170)  time: 0.0172  data: 0.0049  max mem: 16496
Passive Test:  [   480/?]  eta: ?  loss: 0.0173 (0.0170)  time: 0.0168  data: 0.0045  max mem: 16496
Passive Test:  [   490/?]  eta: ?  loss: 0.0150 (0.0171)  time: 0.0169  data: 0.0044  max mem: 16496
Passive Test:  [   500/?]  eta: ?  loss: 0.0179 (0.0173)  time: 0.0171  data: 0.0046  max mem: 16496
Passive Test:  [   510/?]  eta: ?  loss: 0.0238 (0.0178)  time: 0.0171  data: 0.0049  max mem: 16496
Passive Test:  [   520/?]  eta: ?  loss: 0.0201 (0.0178)  time: 0.0175  data: 0.0053  max mem: 16496
Passive Test:  [   530/?]  eta: ?  loss: 0.0170 (0.0178)  time: 0.0167  data: 0.0047  max mem: 16496
Passive Test:  [   540/?]  eta: ?  loss: 0.0153 (0.0179)  time: 0.0180  data: 0.0059  max mem: 16496
Passive Test:  [   550/?]  eta: ?  loss: 0.0126 (0.0179)  time: 0.0185  data: 0.0063  max mem: 16496
Passive Test:  [   560/?]  eta: ?  loss: 0.0117 (0.0179)  time: 0.0177  data: 0.0055  max mem: 16496
Passive Test:  [   570/?]  eta: ?  loss: 0.0108 (0.0177)  time: 0.0225  data: 0.0101  max mem: 16496
Passive Test:  [   580/?]  eta: ?  loss: 0.0104 (0.0176)  time: 0.0221  data: 0.0093  max mem: 16496
Passive Test:  [   590/?]  eta: ?  loss: 0.0093 (0.0175)  time: 0.0185  data: 0.0060  max mem: 16496
Passive Test:  [   600/?]  eta: ?  loss: 0.0154 (0.0175)  time: 0.0182  data: 0.0061  max mem: 16496
Passive Test:  [   610/?]  eta: ?  loss: 0.0163 (0.0175)  time: 0.0173  data: 0.0051  max mem: 16496
Passive Test:  [   620/?]  eta: ?  loss: 0.0114 (0.0174)  time: 0.0170  data: 0.0047  max mem: 16496
Passive Test:  [   630/?]  eta: ?  loss: 0.0103 (0.0173)  time: 0.0175  data: 0.0053  max mem: 16496
Passive Test:  [   640/?]  eta: ?  loss: 0.0128 (0.0173)  time: 0.0176  data: 0.0053  max mem: 16496
Passive Test:  [   650/?]  eta: ?  loss: 0.0136 (0.0177)  time: 0.0172  data: 0.0049  max mem: 16496
Passive Test:  [   660/?]  eta: ?  loss: 0.0182 (0.0182)  time: 0.0177  data: 0.0055  max mem: 16496
Passive Test:  [   670/?]  eta: ?  loss: 0.0342 (0.0188)  time: 0.0181  data: 0.0059  max mem: 16496
Passive Test:  [   680/?]  eta: ?  loss: 0.0451 (0.0194)  time: 0.0170  data: 0.0048  max mem: 16496
Passive Test:  [   690/?]  eta: ?  loss: 0.0382 (0.0200)  time: 0.0167  data: 0.0046  max mem: 16496
Passive Test:  [   700/?]  eta: ?  loss: 0.0353 (0.0203)  time: 0.0177  data: 0.0055  max mem: 16496
Passive Test:  [   710/?]  eta: ?  loss: 0.0353 (0.0210)  time: 0.0170  data: 0.0049  max mem: 16496
Passive Test:  [   720/?]  eta: ?  loss: 0.0360 (0.0215)  time: 0.0177  data: 0.0054  max mem: 16496
Passive Test:  [   730/?]  eta: ?  loss: 0.0318 (0.0221)  time: 0.0171  data: 0.0046  max mem: 16496
Passive Test:  [   740/?]  eta: ?  loss: 0.0160 (0.0222)  time: 0.0168  data: 0.0044  max mem: 16496
Passive Test:  [   750/?]  eta: ?  loss: 0.0135 (0.0222)  time: 0.0175  data: 0.0052  max mem: 16496
Passive Test:  [   760/?]  eta: ?  loss: 0.0134 (0.0221)  time: 0.0176  data: 0.0053  max mem: 16496
Passive Test:  [   770/?]  eta: ?  loss: 0.0134 (0.0220)  time: 0.0170  data: 0.0048  max mem: 16496
Passive Test:  [   780/?]  eta: ?  loss: 0.0147 (0.0220)  time: 0.0175  data: 0.0052  max mem: 16496
Passive Test:  [   790/?]  eta: ?  loss: 0.0125 (0.0219)  time: 0.0168  data: 0.0046  max mem: 16496
Passive Test:  [   800/?]  eta: ?  loss: 0.0132 (0.0219)  time: 0.0166  data: 0.0044  max mem: 16496
Passive Test:  [   810/?]  eta: ?  loss: 0.0158 (0.0219)  time: 0.0171  data: 0.0049  max mem: 16496
Passive Test:  [   820/?]  eta: ?  loss: 0.0173 (0.0218)  time: 0.0168  data: 0.0045  max mem: 16496
Passive Test:  [   830/?]  eta: ?  loss: 0.0173 (0.0218)  time: 0.0175  data: 0.0051  max mem: 16496
Passive Test:  [   840/?]  eta: ?  loss: 0.0144 (0.0217)  time: 0.0187  data: 0.0065  max mem: 16496
Passive Test:  [   850/?]  eta: ?  loss: 0.0083 (0.0215)  time: 0.0180  data: 0.0059  max mem: 16496
Passive Test:  [   860/?]  eta: ?  loss: 0.0083 (0.0214)  time: 0.0175  data: 0.0054  max mem: 16496
Passive Test:  [   870/?]  eta: ?  loss: 0.0085 (0.0213)  time: 0.0183  data: 0.0061  max mem: 16496
Passive Test:  [   880/?]  eta: ?  loss: 0.0083 (0.0211)  time: 0.0183  data: 0.0060  max mem: 16496
Passive Test:  [   890/?]  eta: ?  loss: 0.0095 (0.0210)  time: 0.0180  data: 0.0058  max mem: 16496
Passive Test:  [   900/?]  eta: ?  loss: 0.0095 (0.0209)  time: 0.0179  data: 0.0058  max mem: 16496
Passive Test:  [   910/?]  eta: ?  loss: 0.0090 (0.0208)  time: 0.0177  data: 0.0057  max mem: 16496
Passive Test:  [   920/?]  eta: ?  loss: 0.0088 (0.0207)  time: 0.0180  data: 0.0060  max mem: 16496
Passive Test:  [   930/?]  eta: ?  loss: 0.0083 (0.0206)  time: 0.0170  data: 0.0049  max mem: 16496
Passive Test:  [   940/?]  eta: ?  loss: 0.0106 (0.0205)  time: 0.0169  data: 0.0049  max mem: 16496
Passive Test:  [   950/?]  eta: ?  loss: 0.0206 (0.0207)  time: 0.0181  data: 0.0061  max mem: 16496
Passive Test:  [   960/?]  eta: ?  loss: 0.0303 (0.0207)  time: 0.0173  data: 0.0054  max mem: 16496
Passive Test:  [   970/?]  eta: ?  loss: 0.0260 (0.0208)  time: 0.0173  data: 0.0054  max mem: 16496
Passive Test:  [   980/?]  eta: ?  loss: 0.0219 (0.0208)  time: 0.0173  data: 0.0053  max mem: 16496
Passive Test:  [   990/?]  eta: ?  loss: 0.0206 (0.0208)  time: 0.0198  data: 0.0072  max mem: 16496
Passive Test:  [  1000/?]  eta: ?  loss: 0.0217 (0.0208)  time: 0.0206  data: 0.0078  max mem: 16496
Passive Test:  [  1010/?]  eta: ?  loss: 0.0248 (0.0208)  time: 0.0184  data: 0.0060  max mem: 16496
Passive Test:  [  1020/?]  eta: ?  loss: 0.0259 (0.0209)  time: 0.0169  data: 0.0047  max mem: 16496
Passive Test:  [  1030/?]  eta: ?  loss: 0.0259 (0.0211)  time: 0.0172  data: 0.0050  max mem: 16496
Passive Test:  [  1040/?]  eta: ?  loss: 0.0231 (0.0212)  time: 0.0178  data: 0.0056  max mem: 16496
Passive Test:  [  1050/?]  eta: ?  loss: 0.0169 (0.0211)  time: 0.0178  data: 0.0056  max mem: 16496
Passive Test:  [  1060/?]  eta: ?  loss: 0.0169 (0.0212)  time: 0.0173  data: 0.0051  max mem: 16496
Passive Test:  [  1070/?]  eta: ?  loss: 0.0165 (0.0212)  time: 0.0186  data: 0.0064  max mem: 16496
Passive Test:  [  1080/?]  eta: ?  loss: 0.0147 (0.0212)  time: 0.0180  data: 0.0058  max mem: 16496
Passive Test:  [  1090/?]  eta: ?  loss: 0.0137 (0.0213)  time: 0.0169  data: 0.0048  max mem: 16496
Passive Test:  [  1100/?]  eta: ?  loss: 0.0137 (0.0214)  time: 0.0175  data: 0.0053  max mem: 16496
Passive Test:  [  1110/?]  eta: ?  loss: 0.0193 (0.0214)  time: 0.0176  data: 0.0054  max mem: 16496
Passive Test:  [  1120/?]  eta: ?  loss: 0.0308 (0.0215)  time: 0.0183  data: 0.0062  max mem: 16496
Passive Test:  [  1130/?]  eta: ?  loss: 0.0364 (0.0217)  time: 0.0175  data: 0.0053  max mem: 16496
Passive Test:  [  1140/?]  eta: ?  loss: 0.0489 (0.0219)  time: 0.0181  data: 0.0059  max mem: 16496
Passive Test:  [  1150/?]  eta: ?  loss: 0.0474 (0.0220)  time: 0.0181  data: 0.0058  max mem: 16496
Passive Test:  [  1160/?]  eta: ?  loss: 0.0195 (0.0223)  time: 0.0180  data: 0.0057  max mem: 16496
Passive Test:  [  1170/?]  eta: ?  loss: 0.0293 (0.0224)  time: 0.0185  data: 0.0061  max mem: 16496
Passive Test:  [  1180/?]  eta: ?  loss: 0.0248 (0.0224)  time: 0.0182  data: 0.0058  max mem: 16496
Passive Test:  [  1190/?]  eta: ?  loss: 0.0227 (0.0225)  time: 0.0178  data: 0.0056  max mem: 16496
Passive Test:  [  1200/?]  eta: ?  loss: 0.0222 (0.0226)  time: 0.0182  data: 0.0061  max mem: 16496
Passive Test:  [  1210/?]  eta: ?  loss: 0.0222 (0.0226)  time: 0.0177  data: 0.0055  max mem: 16496
Passive Test:  [  1220/?]  eta: ?  loss: 0.0174 (0.0225)  time: 0.0169  data: 0.0046  max mem: 16496
Passive Test:  [  1230/?]  eta: ?  loss: 0.0181 (0.0225)  time: 0.0172  data: 0.0050  max mem: 16496
Passive Test:  [  1240/?]  eta: ?  loss: 0.0186 (0.0225)  time: 0.0179  data: 0.0057  max mem: 16496
Passive Test:  [  1250/?]  eta: ?  loss: 0.0178 (0.0224)  time: 0.0191  data: 0.0068  max mem: 16496
Passive Test:  [  1260/?]  eta: ?  loss: 0.0163 (0.0224)  time: 0.0196  data: 0.0073  max mem: 16496
Passive Test:  [  1270/?]  eta: ?  loss: 0.0178 (0.0224)  time: 0.0190  data: 0.0067  max mem: 16496
Passive Test:  [  1280/?]  eta: ?  loss: 0.0151 (0.0223)  time: 0.0185  data: 0.0064  max mem: 16496
Passive Test:  [  1290/?]  eta: ?  loss: 0.0151 (0.0223)  time: 0.0192  data: 0.0070  max mem: 16496
Passive Test:  [  1300/?]  eta: ?  loss: 0.0172 (0.0222)  time: 0.0193  data: 0.0071  max mem: 16496
Passive Test:  [  1310/?]  eta: ?  loss: 0.0170 (0.0222)  time: 0.0185  data: 0.0064  max mem: 16496
Passive Test:  [  1320/?]  eta: ?  loss: 0.0153 (0.0221)  time: 0.0178  data: 0.0055  max mem: 16496
Passive Test:  [  1330/?]  eta: ?  loss: 0.0142 (0.0221)  time: 0.0170  data: 0.0047  max mem: 16496
Passive Test:  [  1340/?]  eta: ?  loss: 0.0122 (0.0220)  time: 0.0170  data: 0.0049  max mem: 16496
Passive Test:  [  1350/?]  eta: ?  loss: 0.0109 (0.0220)  time: 0.0174  data: 0.0053  max mem: 16496
Passive Test:  [  1360/?]  eta: ?  loss: 0.0093 (0.0219)  time: 0.0179  data: 0.0059  max mem: 16496
Passive Test:  [  1370/?]  eta: ?  loss: 0.0084 (0.0218)  time: 0.0181  data: 0.0061  max mem: 16496
Passive Test:  [  1380/?]  eta: ?  loss: 0.0094 (0.0217)  time: 0.0180  data: 0.0060  max mem: 16496
Passive Test:  [  1390/?]  eta: ?  loss: 0.0095 (0.0217)  time: 0.0179  data: 0.0059  max mem: 16496
Passive Test:  [  1400/?]  eta: ?  loss: 0.0095 (0.0216)  time: 0.0178  data: 0.0058  max mem: 16496
Passive Test:  [  1410/?]  eta: ?  loss: 0.0092 (0.0216)  time: 0.0179  data: 0.0057  max mem: 16496
Passive Test:  [  1420/?]  eta: ?  loss: 0.0100 (0.0216)  time: 0.0222  data: 0.0099  max mem: 16496
Passive Test:  [  1430/?]  eta: ?  loss: 0.0114 (0.0215)  time: 0.0224  data: 0.0101  max mem: 16496
Passive Test:  [  1440/?]  eta: ?  loss: 0.0115 (0.0215)  time: 0.0181  data: 0.0058  max mem: 16496
Passive Test:  [  1450/?]  eta: ?  loss: 0.0108 (0.0214)  time: 0.0177  data: 0.0056  max mem: 16496
Passive Test:  [  1460/?]  eta: ?  loss: 0.0093 (0.0214)  time: 0.0178  data: 0.0057  max mem: 16496
Passive Test:  [  1470/?]  eta: ?  loss: 0.0120 (0.0214)  time: 0.0184  data: 0.0063  max mem: 16496
Passive Test:  [  1480/?]  eta: ?  loss: 0.0129 (0.0214)  time: 0.0188  data: 0.0066  max mem: 16496
Passive Test:  [  1490/?]  eta: ?  loss: 0.0103 (0.0214)  time: 0.0182  data: 0.0060  max mem: 16496
Passive Test:  [  1500/?]  eta: ?  loss: 0.0102 (0.0214)  time: 0.0177  data: 0.0055  max mem: 16496
Passive Test:  [  1510/?]  eta: ?  loss: 0.0066 (0.0214)  time: 0.0178  data: 0.0055  max mem: 16496
Passive Test:  [  1520/?]  eta: ?  loss: 0.0068 (0.0214)  time: 0.0181  data: 0.0058  max mem: 16496
Passive Test:  [  1530/?]  eta: ?  loss: 0.0097 (0.0215)  time: 0.0176  data: 0.0054  max mem: 16496
Passive Test:  [  1540/?]  eta: ?  loss: 0.0111 (0.0215)  time: 0.0177  data: 0.0055  max mem: 16496
Passive Test:  [  1550/?]  eta: ?  loss: 0.0115 (0.0216)  time: 0.0176  data: 0.0054  max mem: 16496
Passive Test:  [  1560/?]  eta: ?  loss: 0.0149 (0.0217)  time: 0.0174  data: 0.0052  max mem: 16496
Passive Test:  [  1570/?]  eta: ?  loss: 0.0173 (0.0218)  time: 0.0182  data: 0.0060  max mem: 16496
Passive Test:  [  1580/?]  eta: ?  loss: 0.0170 (0.0219)  time: 0.0184  data: 0.0061  max mem: 16496
Passive Test:  [  1590/?]  eta: ?  loss: 0.0211 (0.0220)  time: 0.0183  data: 0.0061  max mem: 16496
Passive Test:  [  1600/?]  eta: ?  loss: 0.0202 (0.0220)  time: 0.0188  data: 0.0066  max mem: 16496
Passive Test:  [  1610/?]  eta: ?  loss: 0.0087 (0.0219)  time: 0.0191  data: 0.0070  max mem: 16496
Passive Test:  [  1620/?]  eta: ?  loss: 0.0071 (0.0218)  time: 0.0187  data: 0.0066  max mem: 16496
Passive Test:  [  1630/?]  eta: ?  loss: 0.0073 (0.0218)  time: 0.0191  data: 0.0069  max mem: 16496
Passive Test:  [  1640/?]  eta: ?  loss: 0.0089 (0.0217)  time: 0.0191  data: 0.0069  max mem: 16496
Passive Test:  [  1650/?]  eta: ?  loss: 0.0089 (0.0216)  time: 0.0188  data: 0.0066  max mem: 16496
Passive Test:  [  1660/?]  eta: ?  loss: 0.0111 (0.0216)  time: 0.0186  data: 0.0065  max mem: 16496
Passive Test:  [  1670/?]  eta: ?  loss: 0.0135 (0.0215)  time: 0.0182  data: 0.0060  max mem: 16496
Passive Test:  [  1680/?]  eta: ?  loss: 0.0098 (0.0215)  time: 0.0180  data: 0.0058  max mem: 16496
Passive Test:  [  1690/?]  eta: ?  loss: 0.0084 (0.0214)  time: 0.0183  data: 0.0061  max mem: 16496
Passive Test:  [  1700/?]  eta: ?  loss: 0.0094 (0.0214)  time: 0.0184  data: 0.0062  max mem: 16496
Passive Test:  [  1710/?]  eta: ?  loss: 0.0172 (0.0214)  time: 0.0179  data: 0.0056  max mem: 16496
Passive Test:  [  1720/?]  eta: ?  loss: 0.0140 (0.0214)  time: 0.0173  data: 0.0050  max mem: 16496
Passive Test:  [  1730/?]  eta: ?  loss: 0.0115 (0.0214)  time: 0.0173  data: 0.0052  max mem: 16496
Passive Test:  [  1740/?]  eta: ?  loss: 0.0155 (0.0214)  time: 0.0180  data: 0.0058  max mem: 16496
Passive Test:  [  1750/?]  eta: ?  loss: 0.0112 (0.0213)  time: 0.0191  data: 0.0069  max mem: 16496
Passive Test:  [  1760/?]  eta: ?  loss: 0.0103 (0.0213)  time: 0.0195  data: 0.0075  max mem: 16496
Passive Test:  [  1770/?]  eta: ?  loss: 0.0113 (0.0212)  time: 0.0186  data: 0.0066  max mem: 16496
Passive Test:  [  1780/?]  eta: ?  loss: 0.0223 (0.0214)  time: 0.0184  data: 0.0065  max mem: 16496
Passive Test:  [  1790/?]  eta: ?  loss: 0.0243 (0.0214)  time: 0.0186  data: 0.0066  max mem: 16496
Passive Test:  [  1800/?]  eta: ?  loss: 0.0092 (0.0215)  time: 0.0181  data: 0.0061  max mem: 16496
Passive Test:  [  1810/?]  eta: ?  loss: 0.0153 (0.0216)  time: 0.0182  data: 0.0063  max mem: 16496
Passive Test:  [  1820/?]  eta: ?  loss: 0.0179 (0.0217)  time: 0.0180  data: 0.0060  max mem: 16496
Passive Test:  [  1830/?]  eta: ?  loss: 0.0179 (0.0218)  time: 0.0178  data: 0.0057  max mem: 16496
Passive Test:  [  1840/?]  eta: ?  loss: 0.0218 (0.0218)  time: 0.0204  data: 0.0082  max mem: 16496
Passive Test:  [  1850/?]  eta: ?  loss: 0.0218 (0.0218)  time: 0.0211  data: 0.0087  max mem: 16496
Passive Test:  [  1860/?]  eta: ?  loss: 0.0213 (0.0219)  time: 0.0194  data: 0.0067  max mem: 16496
Passive Test:  [  1870/?]  eta: ?  loss: 0.0213 (0.0218)  time: 0.0189  data: 0.0064  max mem: 16496
Passive Test:  [  1880/?]  eta: ?  loss: 0.0176 (0.0218)  time: 0.0184  data: 0.0062  max mem: 16496
Passive Test:  [  1890/?]  eta: ?  loss: 0.0130 (0.0218)  time: 0.0184  data: 0.0063  max mem: 16496
Passive Test:  [  1900/?]  eta: ?  loss: 0.0130 (0.0217)  time: 0.0180  data: 0.0058  max mem: 16496
Passive Test:  [  1910/?]  eta: ?  loss: 0.0113 (0.0217)  time: 0.0179  data: 0.0057  max mem: 16496
Passive Test:  [  1920/?]  eta: ?  loss: 0.0084 (0.0216)  time: 0.0181  data: 0.0060  max mem: 16496
Passive Test:  [  1930/?]  eta: ?  loss: 0.0069 (0.0215)  time: 0.0188  data: 0.0066  max mem: 16496
Passive Test:  [  1940/?]  eta: ?  loss: 0.0069 (0.0215)  time: 0.0199  data: 0.0075  max mem: 16496
Passive Test:  [  1950/?]  eta: ?  loss: 0.0087 (0.0214)  time: 0.0192  data: 0.0069  max mem: 16496
Passive Test:  [  1960/?]  eta: ?  loss: 0.0103 (0.0214)  time: 0.0186  data: 0.0063  max mem: 16496
Passive Test:  [  1970/?]  eta: ?  loss: 0.0103 (0.0214)  time: 0.0181  data: 0.0058  max mem: 16496
Passive Test:  [  1980/?]  eta: ?  loss: 0.0111 (0.0214)  time: 0.0183  data: 0.0061  max mem: 16496
Passive Test:  [  1990/?]  eta: ?  loss: 0.0116 (0.0214)  time: 0.0192  data: 0.0069  max mem: 16496
Passive Test:  [  2000/?]  eta: ?  loss: 0.0142 (0.0214)  time: 0.0186  data: 0.0063  max mem: 16496
Passive Test:  [  2010/?]  eta: ?  loss: 0.0244 (0.0214)  time: 0.0185  data: 0.0062  max mem: 16496
Passive Test:  [  2020/?]  eta: ?  loss: 0.0217 (0.0214)  time: 0.0188  data: 0.0066  max mem: 16496
Passive Test:  [  2030/?]  eta: ?  loss: 0.0207 (0.0216)  time: 0.0189  data: 0.0067  max mem: 16496
Passive Test:  [  2040/?]  eta: ?  loss: 0.0159 (0.0216)  time: 0.0190  data: 0.0068  max mem: 16496
Passive Test:  [  2050/?]  eta: ?  loss: 0.0193 (0.0217)  time: 0.0187  data: 0.0065  max mem: 16496
Passive Test:  [  2060/?]  eta: ?  loss: 0.0228 (0.0218)  time: 0.0184  data: 0.0062  max mem: 16496
Passive Test:  [  2070/?]  eta: ?  loss: 0.0192 (0.0217)  time: 0.0185  data: 0.0063  max mem: 16496
Passive Test:  [  2080/?]  eta: ?  loss: 0.0151 (0.0217)  time: 0.0188  data: 0.0066  max mem: 16496
Passive Test:  [  2090/?]  eta: ?  loss: 0.0150 (0.0217)  time: 0.0198  data: 0.0076  max mem: 16496
Passive Test:  [  2100/?]  eta: ?  loss: 0.0158 (0.0218)  time: 0.0205  data: 0.0083  max mem: 16496
Passive Test:  [  2110/?]  eta: ?  loss: 0.0503 (0.0220)  time: 0.0203  data: 0.0080  max mem: 16496
Passive Test:  [  2120/?]  eta: ?  loss: 0.0620 (0.0221)  time: 0.0193  data: 0.0070  max mem: 16496
Passive Test:  [  2130/?]  eta: ?  loss: 0.0325 (0.0224)  time: 0.0186  data: 0.0063  max mem: 16496
Passive Test:  [  2140/?]  eta: ?  loss: 0.0133 (0.0226)  time: 0.0186  data: 0.0064  max mem: 16496
Passive Test:  [  2150/?]  eta: ?  loss: 0.0197 (0.0227)  time: 0.0185  data: 0.0064  max mem: 16496
Passive Test:  [  2160/?]  eta: ?  loss: 0.0235 (0.0228)  time: 0.0182  data: 0.0060  max mem: 16496
Passive Test:  [  2170/?]  eta: ?  loss: 0.0194 (0.0228)  time: 0.0182  data: 0.0060  max mem: 16496
Passive Test:  [  2180/?]  eta: ?  loss: 0.0137 (0.0228)  time: 0.0182  data: 0.0060  max mem: 16496
Passive Test:  [  2190/?]  eta: ?  loss: 0.0146 (0.0228)  time: 0.0181  data: 0.0059  max mem: 16496
Passive Test:  [  2200/?]  eta: ?  loss: 0.0211 (0.0228)  time: 0.0178  data: 0.0057  max mem: 16496
Passive Test:  [  2210/?]  eta: ?  loss: 0.0197 (0.0229)  time: 0.0179  data: 0.0058  max mem: 16496
Passive Test:  [  2220/?]  eta: ?  loss: 0.0179 (0.0229)  time: 0.0186  data: 0.0065  max mem: 16496
Passive Test:  [  2230/?]  eta: ?  loss: 0.0148 (0.0229)  time: 0.0186  data: 0.0065  max mem: 16496
Passive Test:  [  2240/?]  eta: ?  loss: 0.0099 (0.0229)  time: 0.0197  data: 0.0075  max mem: 16496
Passive Test:  [  2250/?]  eta: ?  loss: 0.0077 (0.0228)  time: 0.0193  data: 0.0072  max mem: 16496
Passive Test:  [  2260/?]  eta: ?  loss: 0.0111 (0.0227)  time: 0.0182  data: 0.0061  max mem: 16496
Passive Test:  [  2270/?]  eta: ?  loss: 0.0125 (0.0227)  time: 0.0185  data: 0.0065  max mem: 16496
Passive Test:  [  2280/?]  eta: ?  loss: 0.0156 (0.0228)  time: 0.0186  data: 0.0064  max mem: 16496
Passive Test:  [  2290/?]  eta: ?  loss: 0.0222 (0.0228)  time: 0.0184  data: 0.0063  max mem: 16496
Passive Test:  [  2300/?]  eta: ?  loss: 0.0216 (0.0229)  time: 0.0186  data: 0.0066  max mem: 16496
Passive Test:  [  2310/?]  eta: ?  loss: 0.0316 (0.0229)  time: 0.0188  data: 0.0067  max mem: 16496
Passive Test:  [  2320/?]  eta: ?  loss: 0.0157 (0.0230)  time: 0.0183  data: 0.0062  max mem: 16496
Passive Test:  [  2330/?]  eta: ?  loss: 0.0149 (0.0230)  time: 0.0182  data: 0.0062  max mem: 16496
Passive Test:  [  2340/?]  eta: ?  loss: 0.0140 (0.0230)  time: 0.0182  data: 0.0061  max mem: 16496
Passive Test:  [  2350/?]  eta: ?  loss: 0.0087 (0.0229)  time: 0.0184  data: 0.0063  max mem: 16496
Passive Test:  [  2360/?]  eta: ?  loss: 0.0128 (0.0229)  time: 0.0189  data: 0.0068  max mem: 16496
Passive Test:  [  2370/?]  eta: ?  loss: 0.0128 (0.0229)  time: 0.0190  data: 0.0069  max mem: 16496
Passive Test:  [  2380/?]  eta: ?  loss: 0.0103 (0.0228)  time: 0.0189  data: 0.0068  max mem: 16496
Passive Test:  [  2390/?]  eta: ?  loss: 0.0127 (0.0228)  time: 0.0187  data: 0.0067  max mem: 16496
Passive Test:  [  2400/?]  eta: ?  loss: 0.0128 (0.0227)  time: 0.0180  data: 0.0060  max mem: 16496
Passive Test:  [  2410/?]  eta: ?  loss: 0.0128 (0.0227)  time: 0.0177  data: 0.0058  max mem: 16496
Passive Test:  [  2420/?]  eta: ?  loss: 0.0143 (0.0227)  time: 0.0188  data: 0.0068  max mem: 16496
Passive Test:  [  2430/?]  eta: ?  loss: 0.0219 (0.0227)  time: 0.0186  data: 0.0066  max mem: 16496
Passive Test:  [  2440/?]  eta: ?  loss: 0.0239 (0.0227)  time: 0.0186  data: 0.0065  max mem: 16496
Passive Test:  [  2450/?]  eta: ?  loss: 0.0268 (0.0228)  time: 0.0187  data: 0.0067  max mem: 16496
Passive Test:  [  2460/?]  eta: ?  loss: 0.0260 (0.0228)  time: 0.0189  data: 0.0069  max mem: 16496
Passive Test:  [  2470/?]  eta: ?  loss: 0.0218 (0.0229)  time: 0.0185  data: 0.0066  max mem: 16496
Passive Test:  [  2480/?]  eta: ?  loss: 0.0200 (0.0229)  time: 0.0178  data: 0.0058  max mem: 16496
Passive Test:  [  2490/?]  eta: ?  loss: 0.0196 (0.0229)  time: 0.0179  data: 0.0059  max mem: 16496
Passive Test:  [  2500/?]  eta: ?  loss: 0.0184 (0.0229)  time: 0.0176  data: 0.0055  max mem: 16496
Passive Test:  [  2510/?]  eta: ?  loss: 0.0186 (0.0229)  time: 0.0177  data: 0.0056  max mem: 16496
Passive Test:  [  2520/?]  eta: ?  loss: 0.0216 (0.0229)  time: 0.0187  data: 0.0065  max mem: 16496
Passive Test:  [  2530/?]  eta: ?  loss: 0.0130 (0.0229)  time: 0.0187  data: 0.0065  max mem: 16496
Passive Test:  [  2540/?]  eta: ?  loss: 0.0123 (0.0228)  time: 0.0193  data: 0.0068  max mem: 16496
Passive Test:  [  2550/?]  eta: ?  loss: 0.0122 (0.0228)  time: 0.0193  data: 0.0064  max mem: 16496
Passive Test:  [  2560/?]  eta: ?  loss: 0.0144 (0.0229)  time: 0.0186  data: 0.0059  max mem: 16496
Passive Test:  [  2570/?]  eta: ?  loss: 0.0183 (0.0229)  time: 0.0191  data: 0.0065  max mem: 16496
Passive Test:  [  2580/?]  eta: ?  loss: 0.0264 (0.0229)  time: 0.0190  data: 0.0066  max mem: 16496
Passive Test:  [  2590/?]  eta: ?  loss: 0.0264 (0.0229)  time: 0.0190  data: 0.0067  max mem: 16496
Passive Test:  [  2600/?]  eta: ?  loss: 0.0159 (0.0229)  time: 0.0185  data: 0.0062  max mem: 16496
Passive Test:  [  2610/?]  eta: ?  loss: 0.0072 (0.0228)  time: 0.0179  data: 0.0057  max mem: 16496
Passive Test:  [  2620/?]  eta: ?  loss: 0.0083 (0.0228)  time: 0.0179  data: 0.0057  max mem: 16496
Passive Test:  [  2630/?]  eta: ?  loss: 0.0090 (0.0227)  time: 0.0190  data: 0.0067  max mem: 16496
Passive Test:  [  2640/?]  eta: ?  loss: 0.0080 (0.0227)  time: 0.0196  data: 0.0073  max mem: 16496
Passive Test:  [  2650/?]  eta: ?  loss: 0.0130 (0.0228)  time: 0.0191  data: 0.0068  max mem: 16496
Passive Test:  [  2660/?]  eta: ?  loss: 0.0117 (0.0228)  time: 0.0189  data: 0.0065  max mem: 16496
Passive Test:  [  2670/?]  eta: ?  loss: 0.0168 (0.0229)  time: 0.0197  data: 0.0073  max mem: 16496
Passive Test:  [  2680/?]  eta: ?  loss: 0.0168 (0.0229)  time: 0.0204  data: 0.0080  max mem: 16496
Passive Test:  [  2690/?]  eta: ?  loss: 0.0214 (0.0229)  time: 0.0192  data: 0.0069  max mem: 16496
Passive Test:  [  2700/?]  eta: ?  loss: 0.0320 (0.0230)  time: 0.0189  data: 0.0066  max mem: 16496
Passive Test:  [  2710/?]  eta: ?  loss: 0.0233 (0.0230)  time: 0.0196  data: 0.0073  max mem: 16496
Passive Test:  [  2720/?]  eta: ?  loss: 0.0136 (0.0230)  time: 0.0196  data: 0.0072  max mem: 16496
Passive Test:  [  2730/?]  eta: ?  loss: 0.0124 (0.0230)  time: 0.0203  data: 0.0079  max mem: 16496
Passive Test:  [  2740/?]  eta: ?  loss: 0.0098 (0.0230)  time: 0.0201  data: 0.0077  max mem: 16496
Passive Test:  [  2750/?]  eta: ?  loss: 0.0136 (0.0231)  time: 0.0187  data: 0.0064  max mem: 16496
Passive Test:  [  2760/?]  eta: ?  loss: 0.0169 (0.0231)  time: 0.0183  data: 0.0060  max mem: 16496
Passive Test:  [  2770/?]  eta: ?  loss: 0.0239 (0.0231)  time: 0.0182  data: 0.0058  max mem: 16496
Passive Test:  [  2780/?]  eta: ?  loss: 0.0191 (0.0231)  time: 0.0183  data: 0.0059  max mem: 16496
Passive Test:  [  2790/?]  eta: ?  loss: 0.0170 (0.0231)  time: 0.0183  data: 0.0060  max mem: 16496
Passive Test:  [  2800/?]  eta: ?  loss: 0.0206 (0.0231)  time: 0.0181  data: 0.0058  max mem: 16496
Passive Test:  [  2810/?]  eta: ?  loss: 0.0200 (0.0231)  time: 0.0182  data: 0.0059  max mem: 16496
Passive Test:  [  2820/?]  eta: ?  loss: 0.0209 (0.0232)  time: 0.0187  data: 0.0063  max mem: 16496
Passive Test:  [  2830/?]  eta: ?  loss: 0.0270 (0.0233)  time: 0.0189  data: 0.0065  max mem: 16496
Passive Test:  [  2840/?]  eta: ?  loss: 0.0190 (0.0234)  time: 0.0182  data: 0.0059  max mem: 16496
Passive Test:  [  2850/?]  eta: ?  loss: 0.0157 (0.0236)  time: 0.0195  data: 0.0073  max mem: 16496
Passive Test:  [  2860/?]  eta: ?  loss: 0.0152 (0.0237)  time: 0.0198  data: 0.0076  max mem: 16496
Passive Test:  [  2870/?]  eta: ?  loss: 0.0144 (0.0239)  time: 0.0196  data: 0.0073  max mem: 16496
Passive Test:  [  2880/?]  eta: ?  loss: 0.0116 (0.0239)  time: 0.0183  data: 0.0061  max mem: 16496
Passive Test:  [  2890/?]  eta: ?  loss: 0.0120 (0.0238)  time: 0.0172  data: 0.0050  max mem: 16496
Passive Test:  [  2900/?]  eta: ?  loss: 0.0117 (0.0238)  time: 0.0175  data: 0.0052  max mem: 16496
Passive Test:  [  2910/?]  eta: ?  loss: 0.0133 (0.0238)  time: 0.0183  data: 0.0061  max mem: 16496
Passive Test:  [  2920/?]  eta: ?  loss: 0.0138 (0.0238)  time: 0.0180  data: 0.0057  max mem: 16496
Passive Test:  [  2930/?]  eta: ?  loss: 0.0138 (0.0238)  time: 0.0185  data: 0.0063  max mem: 16496
Passive Test:  [  2940/?]  eta: ?  loss: 0.0154 (0.0238)  time: 0.0179  data: 0.0058  max mem: 16496
Passive Test:  [  2950/?]  eta: ?  loss: 0.0154 (0.0238)  time: 0.0169  data: 0.0047  max mem: 16496
Passive Test:  [  2960/?]  eta: ?  loss: 0.0191 (0.0238)  time: 0.0180  data: 0.0059  max mem: 16496
Passive Test:  [  2970/?]  eta: ?  loss: 0.0136 (0.0237)  time: 0.0171  data: 0.0050  max mem: 16496
Passive Test:  [  2980/?]  eta: ?  loss: 0.0204 (0.0237)  time: 0.0178  data: 0.0058  max mem: 16496
Passive Test:  [  2990/?]  eta: ?  loss: 0.0243 (0.0237)  time: 0.0178  data: 0.0058  max mem: 16496
Passive Test:  [  3000/?]  eta: ?  loss: 0.0103 (0.0237)  time: 0.0177  data: 0.0056  max mem: 16496
Passive Test:  [  3010/?]  eta: ?  loss: 0.0101 (0.0237)  time: 0.0180  data: 0.0058  max mem: 16496
Passive Test:  [  3020/?]  eta: ?  loss: 0.0098 (0.0237)  time: 0.0183  data: 0.0061  max mem: 16496
Passive Test:  [  3030/?]  eta: ?  loss: 0.0089 (0.0236)  time: 0.0177  data: 0.0056  max mem: 16496
Passive Test:  [  3040/?]  eta: ?  loss: 0.0079 (0.0236)  time: 0.0169  data: 0.0048  max mem: 16496
Passive Test:  [  3050/?]  eta: ?  loss: 0.0124 (0.0236)  time: 0.0172  data: 0.0052  max mem: 16496
Passive Test:  [  3060/?]  eta: ?  loss: 0.0127 (0.0236)  time: 0.0182  data: 0.0061  max mem: 16496
Passive Test:  [  3070/?]  eta: ?  loss: 0.0148 (0.0235)  time: 0.0181  data: 0.0059  max mem: 16496
Passive Test:  [  3080/?]  eta: ?  loss: 0.0137 (0.0235)  time: 0.0178  data: 0.0056  max mem: 16496
Passive Test:  [  3090/?]  eta: ?  loss: 0.0083 (0.0235)  time: 0.0193  data: 0.0070  max mem: 16496
Passive Test:  [  3100/?]  eta: ?  loss: 0.0101 (0.0234)  time: 0.0193  data: 0.0070  max mem: 16496
Passive Test:  [  3110/?]  eta: ?  loss: 0.0096 (0.0234)  time: 0.0210  data: 0.0088  max mem: 16496
Passive Test:  [  3120/?]  eta: ?  loss: 0.0095 (0.0234)  time: 0.0222  data: 0.0100  max mem: 16496
Passive Test:  [  3130/?]  eta: ?  loss: 0.0095 (0.0234)  time: 0.0213  data: 0.0088  max mem: 16496
Passive Test:  [  3140/?]  eta: ?  loss: 0.0095 (0.0233)  time: 0.0209  data: 0.0083  max mem: 16496
Passive Test:  [  3150/?]  eta: ?  loss: 0.0134 (0.0233)  time: 0.0211  data: 0.0087  max mem: 16496
Passive Test:  [  3160/?]  eta: ?  loss: 0.0149 (0.0233)  time: 0.0214  data: 0.0091  max mem: 16496
Passive Test:  [  3170/?]  eta: ?  loss: 0.0177 (0.0233)  time: 0.0218  data: 0.0094  max mem: 16496
Passive Test:  [  3180/?]  eta: ?  loss: 0.0163 (0.0233)  time: 0.0211  data: 0.0081  max mem: 16496
Passive Test: Total time: 0:00:59 (0.0188 s / it)
* loss 0.023

================================================================================
Final Task-Type-Specific Results:
================================================================================
  ACTIVE tasks: MAE (years) = 1.8493, R² = 0.5214 (n=35,284)
  PASSIVE tasks: MAE (years) = 1.9270, R² = 0.4518 (n=204,188)
[rank0]:[W515 20:17:34.557156536 ProcessGroupNCCL.cpp:1250] Warning: WARNING: process group has NOT been destroyed before we destruct ProcessGroupNCCL. On normal program exit, the application should call destroy_process_group to ensure that any pending NCCL operations have finished in this process. In rare cases this process can exit before this point and block the progress of another member of the process group. This constraint has always been present,  but this warning has only been added since PyTorch 2.4 (function operator())
